Frame,Time (ns),Radius of Gyration
1,0.0,32.69575710860183
2,0.100002,32.80698121783255
3,0.200004,32.70279001855076
4,0.30000600000000005,31.948787626331367
5,0.400008,31.35898550814181
6,0.50001,31.268510405841354
7,0.6000120000000001,31.231756976128963
8,0.700014,31.568232660776683
9,0.800016,31.985277131715623
10,0.900018,31.442264204939576
11,1.00002,31.60912408794763
12,1.1000219999999998,31.660411270789236
13,1.2000240000000002,31.625863543794985
14,1.3000260000000001,31.791415017153167
15,1.400028,32.027285030408244
16,1.50003,31.58641796649262
17,1.600032,31.231779634671717
18,1.700034,31.436855661537063
19,1.800036,31.743613972392826
20,1.9000380000000001,32.5768537610009
21,2.00004,31.923546865484735
22,2.1000419999999997,31.718313589221133
23,2.2000439999999997,31.815062047583815
24,2.300046,32.280281678542195
25,2.4000480000000004,32.15986322002515
26,2.5000500000000003,32.358495088159465
27,2.6000520000000003,31.849491582942317
28,2.700054,31.799648601718022
29,2.800056,31.726620857733767
30,2.900058,30.970911765844182
31,3.00006,30.833862776148504
32,3.100062,31.046060501118383
33,3.200064,31.322301188042594
34,3.300066,31.826799573290003
35,3.400068,31.604533001934826
36,3.50007,31.521195730115004
37,3.600072,31.089738376064833
38,3.700074,31.45327975805863
39,3.8000760000000002,31.706556988044895
40,3.900078,32.05830241518972
41,4.00008,31.69421023308875
42,4.1000820000000004,32.01565053734648
43,4.2000839999999995,31.955527847584907
44,4.300086,31.518248146348107
45,4.400087999999999,31.467456956713416
46,4.50009,31.71634156204418
47,4.600092,31.670048461226823
48,4.700094,32.01888499499683
49,4.800096000000001,31.706633777916203
50,4.900098,31.870720854312
51,5.000100000000001,31.886469489670514
52,5.100102,31.77508710945574
53,5.2001040000000005,31.954225295439272
54,5.3001059999999995,32.277474776026715
55,5.400108,31.677725524156813
56,5.500109999999999,31.522710120095194
57,5.600112,31.477687365014866
58,5.700114,31.944928297053792
59,5.800116,31.713621816066553
60,5.900118,31.32552457092355
61,6.00012,31.787390675581594
62,6.100122000000001,32.08326117707521
63,6.200124,31.730070257362677
64,6.300126000000001,31.62252440774715
65,6.400128,31.070044356847895
66,6.50013,31.242711306646825
67,6.600132,30.92120589513825
68,6.700134,31.01800639545675
69,6.800136,31.016780737474686
70,6.900138,31.262692529185255
71,7.00014,30.913942115064575
72,7.100142,31.7976679411756
73,7.200144,30.63055104487005
74,7.300146,30.943884175895853
75,7.400148,31.146289918101544
76,7.5001500000000005,30.9627138943331
77,7.6001520000000005,31.199968759258073
78,7.700154,30.935528407322256
79,7.800156,30.688590136392897
80,7.900158,30.463985880205154
81,8.00016,30.920235507297573
82,8.100162000000001,30.94284027963259
83,8.200164000000001,30.896858390305276
84,8.300166,30.890241096244143
85,8.400167999999999,31.192162056714942
86,8.50017,30.84377528419383
87,8.600172,30.769026089640164
88,8.700174,30.693654721409885
89,8.800175999999999,31.019016135253718
90,8.900178,30.82812581210926
91,9.00018,30.79646022710503
92,9.100182,30.440036703487134
93,9.200184,30.101191947308504
94,9.300186,29.925041336455546
95,9.400188,30.278738048127796
96,9.50019,30.697944462176658
97,9.600192000000002,31.00008676078447
98,9.700194,30.855239413066318
99,9.800196,30.790723068507756
100,9.900198,30.68805016249866
101,10.000200000000001,30.80065211202527
102,10.100202,31.04726483415834
103,10.200204,31.244326056482546
104,10.300206,31.62652290491041
105,10.400208000000001,31.8452790007949
106,10.500210000000001,31.452647877656023
107,10.600211999999999,31.304749157107793
108,10.700214,31.063657315761965
109,10.800216,30.745733529321612
110,10.900218,30.635611594139643
111,11.000219999999999,30.83548281792619
112,11.100222,30.85845893189767
113,11.200224,30.78886633669385
114,11.300226,31.25653042269498
115,11.400228,31.12822573199965
116,11.50023,30.760095872061886
117,11.600232,30.744667786549083
118,11.700234,30.475444866261704
119,11.800236,30.283216088678984
120,11.900238,30.546379475268733
121,12.00024,30.854531425760477
122,12.100242,30.778172337116363
123,12.200244000000001,30.855196104126094
124,12.300246000000001,30.78563144714942
125,12.400248,30.264144418720083
126,12.50025,30.245744195589854
127,12.600252000000001,30.136944624582803
128,12.700254000000001,30.036896672253647
129,12.800256,30.23057677309012
130,12.900258,30.36084191850253
131,13.00026,30.05863470139075
132,13.100262,30.14730637428056
133,13.200264,30.198525583270836
134,13.300265999999999,30.50002052538829
135,13.400268,30.657694304224268
136,13.50027,30.51592939810272
137,13.600272,30.714748243435764
138,13.700274,30.410791333233085
139,13.800276,30.413051728351242
140,13.900278,30.755238083561242
141,14.00028,30.648563257546314
142,14.100282000000002,30.965678346167532
143,14.200284,31.150123211922917
144,14.300286,30.93567128346117
145,14.400288,31.129322560426292
146,14.500290000000001,31.117064290498195
147,14.600292,31.194848392787055
148,14.700294,31.00450971063004
149,14.800296,31.197970869531726
150,14.900298000000001,31.631731406510763
151,15.000300000000001,31.889216973523652
152,15.100302,31.444277607023576
153,15.200304000000001,31.40209705881355
154,15.300306,31.384081798591573
155,15.400308,31.215052466259557
156,15.500309999999999,31.493843311374356
157,15.600312,31.458655632049144
158,15.700314,31.00193280921662
159,15.800316,31.67994670120644
160,15.900318,31.484285596118045
161,16.00032,31.549193959189477
162,16.100322,30.93951315601508
163,16.200324000000002,30.980484554889802
164,16.300326000000002,30.975638461753668
165,16.400328000000002,31.124483145623532
166,16.50033,31.013540528144798
167,16.600332,30.4406448502675
168,16.700333999999998,30.721139716070162
169,16.800335999999998,31.447003552088677
170,16.900338,31.010837117362282
171,17.00034,31.488851988759553
172,17.100342,31.38141538683502
173,17.200344,31.215071767039223
174,17.300346,31.576190179934265
175,17.400348,32.12918794617034
176,17.50035,31.91236300051989
177,17.600351999999997,31.670556714695827
178,17.700354,31.879498537681876
179,17.800356,32.12404830120214
180,17.900358,31.926362718508216
181,18.00036,31.743700096882538
182,18.100362,31.470893068604962
183,18.200364,31.767983580781912
184,18.300366,31.257332837933554
185,18.400368,31.588829425191552
186,18.50037,32.19699061292166
187,18.600372,31.778870045677856
188,18.700374,31.577682574546692
189,18.800376,31.062077922655256
190,18.900378,31.14387022773942
191,19.00038,31.13422580318517
192,19.100382,31.299905146715
193,19.200384000000003,31.70954850163828
194,19.300386,31.976595917602367
195,19.400388,32.70685857729552
196,19.50039,32.02302884236356
197,19.600392,31.807624967604255
198,19.700394,31.61697812770568
199,19.800396,31.855209282854123
200,19.900398000000003,31.893936449453324
201,20.000400000000003,32.196518758405716
202,20.100402000000003,32.28445670770527
203,20.200404,32.54276370528735
204,20.300406,32.55057727111644
205,20.400408,32.402343005984434
206,20.50041,32.52040121567152
207,20.600412,32.43915634426195
208,20.700414000000002,32.476832017154365
209,20.800416000000002,32.7144894099454
210,20.900418000000002,32.614561079837266
211,21.000420000000002,31.925399577922743
212,21.100422,32.0308079733918
213,21.200423999999998,31.665408879525298
214,21.300425999999998,32.04514989697188
215,21.400428,32.09626490834786
216,21.50043,31.865288247149643
217,21.600432,31.788662160209526
218,21.700434,31.671284745001188
219,21.800436,31.689981061513148
220,21.900438,31.973230249980674
221,22.000439999999998,31.454097606306526
222,22.100441999999997,31.36422200644453
223,22.200444,31.583675484224468
224,22.300446,31.590604021113265
225,22.400448,31.757651030176692
226,22.50045,31.38321394648131
227,22.600452,31.848014689784442
228,22.700454,32.2365531862009
229,22.800456,32.05740045361092
230,22.900458,32.23107292956533
231,23.00046,32.078878976272534
232,23.100462,32.03629910527342
233,23.200464,32.68685781610805
234,23.300466,32.692269233060486
235,23.400468,32.602400675962826
236,23.50047,32.39350328789882
237,23.600472,32.604961048086906
238,23.700474000000003,32.429625947814706
239,23.800476,31.796940752526925
240,23.900478,32.167876167637374
241,24.00048,31.987413673358255
242,24.100482,31.923015354022713
243,24.200484,32.07873068912851
244,24.300486,31.646989045263666
245,24.400488000000003,31.625228098466515
246,24.500490000000003,31.413017569892613
247,24.600492000000003,31.41120628729348
248,24.700494,30.846772183137517
249,24.800496,31.54020061948728
250,24.900498,31.80024800328392
251,25.0005,31.90524686815041
252,25.100502,32.05268247296228
253,25.200504000000002,32.075483242087394
254,25.300506000000002,31.64804932106252
255,25.400508000000002,31.69687901448753
256,25.500510000000002,31.527457987227322
257,25.600512,31.477948834217255
258,25.700514,31.70621245008405
259,25.800516,31.69796505700188
260,25.900518,31.790155253647978
261,26.00052,32.014030494458204
262,26.100522,32.18677012851848
263,26.200524,31.871633410058234
264,26.300526,31.608709017079256
265,26.400528,31.97715187915801
266,26.500529999999998,31.72556798948033
267,26.600531999999998,31.237712608147504
268,26.700534,30.893559291752457
269,26.800536,31.2393477278191
270,26.900538,31.716185502982242
271,27.00054,31.979907172258436
272,27.100542,31.850883079804476
273,27.200544,31.693617530832867
274,27.300546,31.71218350160013
275,27.400548,31.674650852508996
276,27.50055,31.7845733649971
277,27.600552,31.73307276853802
278,27.700554,31.80871650924133
279,27.800556,32.087533134697715
280,27.900558,31.99409412428241
281,28.00056,32.00982773546435
282,28.100562,31.842008966586945
283,28.200564000000004,32.43016661609175
284,28.300566,32.29084070264161
285,28.400568,31.852388600832803
286,28.50057,31.923313043061746
287,28.600572,31.815664927498847
288,28.700574,31.806571854730496
289,28.800576,32.08105514553284
290,28.900578000000003,32.694526894309824
291,29.000580000000003,32.61265244554646
292,29.100582000000003,32.59524190967372
293,29.200584,31.866317086507582
294,29.300586,31.91155224172004
295,29.400588,32.101510672074795
296,29.50059,31.629721496756225
297,29.600592,32.19460043049377
298,29.700594000000002,32.32626885607241
299,29.800596000000002,32.2258578232903
300,29.900598000000002,32.41121084901964
301,30.000600000000002,32.21503483807294
302,30.100602,32.170323419334636
303,30.200604,32.32448667147177
304,30.300606,31.977961338605894
305,30.400608000000002,31.87577061535066
306,30.50061,32.41614733568548
307,30.600612,32.6890235395399
308,30.700614,32.829353377170946
309,30.800616,32.65478429447594
310,30.900618,32.478783070711685
311,31.000619999999998,32.35926974751441
312,31.100621999999998,31.928804862476643
313,31.200624,31.65814505907735
314,31.300626,31.41079640044026
315,31.400628,31.644842383486086
316,31.50063,31.64578535287456
317,31.600632,31.299628397186943
318,31.700634,31.39682335892148
319,31.800636,32.06143006726722
320,31.900638,31.742964761758685
321,32.00064,32.00552994052188
322,32.100642,31.95708808183805
323,32.200644,32.06826557638318
324,32.300646,32.31082377823631
325,32.400648000000004,32.55886368609907
326,32.50065,32.346064282066465
327,32.600652000000004,31.920543947677064
328,32.700654,32.43349910995754
329,32.800656000000004,32.15080529008588
330,32.900658,31.90082473743389
331,33.00066,32.064353023402134
332,33.10066200000001,32.18652862366075
333,33.200664,31.76233863716238
334,33.300666,31.640280956267365
335,33.400667999999996,32.042470392336064
336,33.50067,31.999439925113606
337,33.600671999999996,32.60141328055686
338,33.700674,32.007948974936184
339,33.800676,32.131528297400465
340,33.900678,32.0659550631498
341,34.00068,31.792107594903175
342,34.100682,31.434279359795212
343,34.200684,31.566044446570714
344,34.300686,31.734186824432346
345,34.400688,32.05249197562975
346,34.500690000000006,31.786534550933858
347,34.600692,31.613593744072404
348,34.700694000000006,31.626533564237317
349,34.800696,32.21769920962637
350,34.900698000000006,31.602852488640647
351,35.0007,31.66538958910878
352,35.100702,31.66193633168939
353,35.200703999999995,31.463103750642336
354,35.300706,31.7184105326088
355,35.400708,31.97952871579332
356,35.50071,32.2545516978241
357,35.600712,32.47801315296525
358,35.700714,31.79332405067725
359,35.800716,32.18336560925154
360,35.900718,31.981434082629637
361,36.00072,31.85689454919637
362,36.100722000000005,31.83550163620091
363,36.200724,32.662652373856375
364,36.300726000000004,32.387962943898216
365,36.400728,32.0627578494258
366,36.500730000000004,32.70693819220419
367,36.600732,32.28885890032618
368,36.700734000000004,32.16800779818376
369,36.800736,32.20007227045827
370,36.900738,32.04115778440081
371,37.00074,31.98046899040488
372,37.100742,31.574447236194825
373,37.200744,31.446064228842502
374,37.300746,31.82747185717789
375,37.400748,31.404097131298396
376,37.50075,31.36158370566335
377,37.600752,31.237961107649802
378,37.700754,31.107215616922947
379,37.800756,31.28994698207314
380,37.900758,31.558314334452657
381,38.00076,31.33699554947193
382,38.100762,31.35689054232389
383,38.200764,31.3568120893058
384,38.300766,31.326850206297483
385,38.40076800000001,30.78317404164365
386,38.50077,30.54648056097608
387,38.600772,30.88795742454716
388,38.700773999999996,31.111419310267102
389,38.800776,31.578524150002163
390,38.900777999999995,31.956315384852296
391,39.00078,31.832286484366442
392,39.100782,31.417757910251236
393,39.200784,31.212656172576814
394,39.300786,30.917246404454435
395,39.400788,31.336013748012356
396,39.50079,31.496778999769205
397,39.600792,31.732507584464702
398,39.700794,31.827584022154884
399,39.800796000000005,31.49980250990861
400,39.900798,32.26950278686998
401,40.000800000000005,31.86047653086503
402,40.100802,31.572855174360978
403,40.200804000000005,31.2656304577512
404,40.300806,31.444821664230567
405,40.400808,31.252104379040457
406,40.500809999999994,30.872084984191844
407,40.600812,30.681976282382767
408,40.700814,31.091201703109288
409,40.800816,31.52392034015314
410,40.900818,31.116895838178202
411,41.00082,31.44834441587598
412,41.100822,31.220871621137782
413,41.200824,31.195756639316865
414,41.300826,31.24771814232488
415,41.400828000000004,30.818528502315452
416,41.50083,30.854788392228766
417,41.600832000000004,31.023982803515857
418,41.700834,31.163106960601223
419,41.800836000000004,31.551295417145383
420,41.900838,31.52057990494895
421,42.000840000000004,31.405665195159237
422,42.10084200000001,31.062060569658794
423,42.200844,31.641454311479578
424,42.300846,31.741803952728333
425,42.400847999999996,31.79925509221897
426,42.50085,31.970345383455722
427,42.600851999999996,31.666357327689024
428,42.700854,31.592542775339723
429,42.800856,31.489628431220865
430,42.900858,31.474360130083276
431,43.00086,31.80418804982723
432,43.100862,31.531162800501747
433,43.200864,31.425071919648083
434,43.300866,32.06104874751464
435,43.400868,31.647171590734406
436,43.500870000000006,31.275864852593354
437,43.600872,31.029804278411447
438,43.700874000000006,31.020780561701603
439,43.800876,30.929312632431536
440,43.900878000000006,30.801704372299103
441,44.000879999999995,30.881354147055646
442,44.100882,31.237848595808067
443,44.200883999999995,31.6742254326103
444,44.300886,31.393498319618622
445,44.400888,31.394192724078387
446,44.50089,31.242903305602425
447,44.600892,31.44707510233528
448,44.700894,31.60716209736018
449,44.800896,31.871458726315275
450,44.900898,32.05461086275398
451,45.0009,31.744698885763004
452,45.100902000000005,31.298158130939104
453,45.200904,31.25841919392825
454,45.300906000000005,31.084278515324456
455,45.400908,30.814799097363885
456,45.500910000000005,30.981350392066567
457,45.600912,31.535092679889065
458,45.700914000000004,31.240258040548195
459,45.800916,31.4206209231778
460,45.900918,31.06572153642139
461,46.00092,31.138324065220957
462,46.100922,30.897425445247467
463,46.200924,31.159700325331897
464,46.300926,31.16425905884508
465,46.400928,31.469608414651745
466,46.50093,31.452773597158558
467,46.600932,31.728707815297934
468,46.700934000000004,31.535889357622914
469,46.800936,31.67334782304314
470,46.900938000000004,31.567685842634816
471,47.00094,32.09734202712931
472,47.100942,31.706427958852707
473,47.200944,31.34065715468965
474,47.300946,31.137456670400734
475,47.40094800000001,30.985235798632768
476,47.50095,30.711123921800425
477,47.600952,30.71086763375604
478,47.700953999999996,30.740206434093
479,47.800956,31.234639583180783
480,47.900957999999996,30.891301414056098
481,48.00096,30.86580935388372
482,48.100962,31.14903255394752
483,48.200964,31.174671367593213
484,48.300966,31.176188978829856
485,48.400968,30.9030201893088
486,48.50097,31.322130063997776
487,48.600972,31.20415760698926
488,48.700974,31.455664842387804
489,48.800976000000006,31.46759765243233
490,48.900978,31.390257026810637
491,49.000980000000006,31.798925998902423
492,49.100982,32.028256620672614
493,49.200984000000005,31.487866748849406
494,49.300986,31.029467051420188
495,49.400988,31.082255712982104
496,49.500989999999994,30.998411939339586
497,49.600992,31.0054258539442
498,49.700994,31.116398757832954
499,49.800996,31.015585674261796
500,49.900998,31.076712453705102
501,50.001,31.129624812989725
502,50.101002,31.291501003798338
503,50.201004,31.238115361439313
504,50.301006,31.153221546942312
505,50.401008000000004,30.631203290153945
506,50.50101,30.9048117550369
507,50.601012000000004,31.609892879730044
508,50.701014,31.164923557053797
509,50.801016000000004,31.25798892549776
510,50.901018,31.364632054314164
511,51.001020000000004,31.639415758486912
512,51.10102200000001,31.387890283905747
513,51.201024,31.794549414932977
514,51.301026,31.675469627869674
515,51.401028,31.32022556834874
516,51.50103,31.16699104540259
517,51.601032,31.290633282749024
518,51.701034,31.035885910151016
519,51.801036,31.16228456129979
520,51.901038,31.100210682142762
521,52.00104,31.13261836881916
522,52.101042,31.22769818942382
523,52.201044,31.528036264275467
524,52.301046,31.14951783849643
525,52.401048,31.766673507959126
526,52.501050000000006,31.512492749705252
527,52.601052,31.342826704018936
528,52.701054000000006,31.755981757644296
529,52.801056,32.11585774147599
530,52.901058000000006,31.80231844347507
531,53.001059999999995,31.221567555905498
532,53.101062,31.520471305286677
533,53.201063999999995,31.074443674290407
534,53.301066,31.535058409064337
535,53.401068,31.65528767441467
536,53.50107,31.60971321435766
537,53.601072,31.685235613454445
538,53.701074,31.935367831034903
539,53.801076,31.621066797733185
540,53.901078,31.66476482884608
541,54.00108,31.371380447207457
542,54.101082000000005,31.66354012735319
543,54.201084,31.793345989274957
544,54.301086000000005,31.617572094563045
545,54.401088,31.454685781385837
546,54.501090000000005,31.5337374746189
547,54.601092,31.707806209021207
548,54.701094000000005,31.518887379043907
549,54.801096,31.433115600307644
550,54.901098,31.08699931697784
551,55.0011,30.820140412118857
552,55.101102,30.761586311160872
553,55.201104,30.92890429702512
554,55.301106,31.110662458416602
555,55.401108,31.363262057158146
556,55.50111,31.627828891293646
557,55.601112,31.19175460221724
558,55.701114000000004,31.695761342473187
559,55.801116,31.828503172225037
560,55.901118000000004,31.766666536398716
561,56.00112,32.00388605072339
562,56.101122000000004,31.473627254815792
563,56.201124,31.305540472580393
564,56.301126000000004,31.256263568815292
565,56.40112800000001,31.134956276908365
566,56.50113,31.23913691791998
567,56.601132,31.39355799165561
568,56.701133999999996,31.744581835048876
569,56.801136,31.641038090328987
570,56.901137999999996,31.697438359351573
571,57.00114,31.05324678174883
572,57.101142,30.959015515317017
573,57.201144,31.19596931030795
574,57.301146,31.247647787091612
575,57.401148,30.766155102714542
576,57.50115,30.941302777140297
577,57.601152,31.100153761306668
578,57.701154,30.825319669538505
579,57.801156000000006,30.76897337315006
580,57.901158,30.44472747064011
581,58.001160000000006,30.684801194430097
582,58.101162,30.833154715858118
583,58.201164000000006,30.91150818341187
584,58.301166,31.36928285520361
585,58.401168,31.281450427456004
586,58.501169999999995,31.368787266301144
587,58.601172,31.447716637416306
588,58.701174,30.92392939857456
589,58.801176,30.947510316023884
590,58.901178,30.76859846953113
591,59.00118,30.93922911287694
592,59.101182,30.990333872219125
593,59.201184,30.717562373181693
594,59.301186,30.77852356514662
595,59.401188000000005,31.21351054076292
596,59.50119,31.474354639084304
597,59.601192000000005,31.461605707030984
598,59.701194,31.401722104382625
599,59.801196000000004,31.51166180510143
600,59.901198,31.811490162430243
601,60.001200000000004,32.03215405398736
602,60.10120200000001,31.207554699477324
603,60.201204,31.31004520840677
604,60.301206,30.961437371675498
605,60.401208,30.964708914704975
606,60.50121,31.1516366000658
607,60.601212,30.82784452345415
608,60.701214,30.88968757457138
609,60.801216000000004,30.957975923490157
610,60.901218,31.107657046828205
611,61.00122,30.99057834115304
612,61.101222,31.21706557655415
613,61.201224,31.129665224251223
614,61.301226,31.388763203544343
615,61.401228,30.805246573446844
616,61.50123000000001,30.935377760682783
617,61.601232,31.39277596332593
618,61.70123400000001,31.390174517086393
619,61.801236,31.75829381540526
620,61.901238000000006,31.85931800734338
621,62.001239999999996,31.316153376935457
622,62.101242,31.121816166426957
623,62.201243999999996,31.290810525734045
624,62.301246,31.11002345761737
625,62.401248,30.934098392685762
626,62.50125,31.184945608448807
627,62.601252,31.196118235371458
628,62.701254,31.143840946541765
629,62.801256,31.201579430474663
630,62.901258,30.99261304020596
631,63.00126,30.96822180438995
632,63.101262000000006,30.56896602508038
633,63.201264,30.954017398482055
634,63.301266000000005,30.775987195711977
635,63.401268,30.8392100898083
636,63.501270000000005,31.397633321772478
637,63.601272,32.09979568979499
638,63.701274000000005,31.6234434715008
639,63.801276,31.599096332566102
640,63.901278,31.580914267400974
641,64.00128,31.76384633335454
642,64.101282,31.523832983624374
643,64.201284,31.36554051526899
644,64.301286,31.516997663898206
645,64.401288,31.545980819804996
646,64.50129,31.250218142627762
647,64.601292,31.12707075681856
648,64.701294,30.92690164351988
649,64.80129600000001,30.918285231804283
650,64.901298,31.552616836484706
651,65.0013,31.75251417534419
652,65.101302,31.612885560334647
653,65.20130400000001,31.211212434891614
654,65.30130600000001,31.844408271703923
655,65.401308,31.72143743970874
656,65.50131,31.656134451527073
657,65.60131200000001,31.636802047384432
658,65.701314,32.28465351807739
659,65.801316,31.426188219194213
660,65.901318,31.424577511241694
661,66.00132,31.631760493285093
662,66.101322,31.73301216533194
663,66.20132400000001,31.598583693218867
664,66.301326,31.171265770723583
665,66.401328,31.828071244888307
666,66.50133,31.684772929467513
667,66.601332,31.19562076274652
668,66.701334,30.951374430391965
669,66.80133599999999,30.98786894175949
670,66.90133800000001,31.15970136574531
671,67.00134,31.017673357366327
672,67.101342,31.037406011624242
673,67.20134399999999,31.455260747350867
674,67.30134600000001,31.19169064030355
675,67.401348,30.724900686005775
676,67.50135,30.41865519482069
677,67.601352,30.39298820334779
678,67.70135400000001,30.72552402942226
679,67.801356,30.96110267747747
680,67.901358,30.977931194878334
681,68.00136,30.739758394254235
682,68.10136200000001,31.35990633653622
683,68.201364,31.608258686270222
684,68.301366,31.901780465555557
685,68.401368,31.42260253078107
686,68.50137,31.465871782180688
687,68.601372,31.211602687781145
688,68.701374,31.328180487087394
689,68.801376,30.98801725682481
690,68.901378,30.71103424522454
691,69.00138000000001,31.0408059039359
692,69.101382,31.109213573214642
693,69.201384,31.38752970789715
694,69.301386,31.451492433164237
695,69.40138800000001,31.132801799188243
696,69.50139,31.036176086054102
697,69.601392,30.84076347878509
698,69.701394,31.246185282164276
699,69.80139600000001,31.32324073734252
700,69.901398,31.643971307217853
701,70.0014,31.48949774485714
702,70.10140200000001,31.513810509938256
703,70.201404,31.59863627150926
704,70.301406,31.457472560883073
705,70.40140799999999,31.359861628767305
706,70.50141,31.29885766127391
707,70.601412,31.300678055761438
708,70.701414,31.68754586716589
709,70.801416,31.55096524011077
710,70.901418,31.48030440460899
711,71.00142,31.57842919185652
712,71.101422,31.69564365189166
713,71.201424,31.43834873105594
714,71.301426,31.72370956147912
715,71.401428,31.162167259900237
716,71.50143000000001,31.359977990093274
717,71.601432,31.046266839756864
718,71.701434,30.945067923812804
719,71.801436,31.037903732840498
720,71.901438,31.172123717007345
721,72.00144,31.236102879593144
722,72.10144199999999,31.404037804618827
723,72.20144400000001,31.416944114588443
724,72.301446,31.490833497512888
725,72.401448,31.533133602602252
726,72.50144999999999,31.093537988652216
727,72.60145200000001,31.099423607003608
728,72.701454,31.02784140783575
729,72.801456,31.5983261739373
730,72.901458,31.6367598604777
731,73.00146000000001,31.89300603754563
732,73.101462,31.81860206738342
733,73.201464,31.72053953742228
734,73.301466,31.374443787411874
735,73.40146800000001,30.82474547858241
736,73.50147,31.162009950657122
737,73.601472,30.87121017244796
738,73.701474,31.175021568038158
739,73.801476,30.7572640138783
740,73.901478,30.85880011294054
741,74.00148,30.83596197811758
742,74.101482,30.820893979856297
743,74.201484,30.987928216683887
744,74.30148600000001,30.579232270924322
745,74.401488,30.983962248593876
746,74.50149,30.934341234181733
747,74.601492,30.814276979772988
748,74.70149400000001,30.841087364432465
749,74.801496,30.31548837060516
750,74.901498,30.538851174932397
751,75.0015,30.536574171250574
752,75.10150200000001,31.09709979591747
753,75.201504,30.75989150973089
754,75.301506,31.123427195328265
755,75.401508,30.904843426602888
756,75.50151,31.334767780902848
757,75.601512,31.584445518946314
758,75.70151399999999,31.80280091799877
759,75.801516,31.685203119418116
760,75.901518,31.381558823305223
761,76.00152,31.492584765931383
762,76.101522,31.232772767183757
763,76.201524,31.26157122526083
764,76.301526,30.865544046392188
765,76.401528,30.976847661311595
766,76.50153,31.36223093592617
767,76.601532,31.371104879154277
768,76.701534,31.48312282278456
769,76.80153600000001,31.397472852846132
770,76.901538,32.06170680242314
771,77.00154,31.509002062106305
772,77.101542,31.26483221551188
773,77.201544,31.19024554869533
774,77.301546,31.211177671965203
775,77.40154799999999,31.714426157382498
776,77.50155000000001,31.952773976855934
777,77.601552,32.076533453781494
778,77.701554,31.99220522690426
779,77.80155599999999,31.565330048087404
780,77.90155800000001,31.737901876253666
781,78.00156,31.671805080201548
782,78.101562,31.548609082583823
783,78.201564,31.76633906121396
784,78.30156600000001,31.84405175522107
785,78.401568,31.918856962139362
786,78.50157,31.570328504243168
787,78.601572,31.704092256345163
788,78.70157400000001,31.777618980419874
789,78.801576,31.773005966915314
790,78.90157800000001,31.04337464365766
791,79.00158,31.154633957043096
792,79.101582,30.95946193035194
793,79.201584,31.11836291181827
794,79.301586,31.336257963894898
795,79.401588,31.095796869878235
796,79.50159,31.400699121648305
797,79.60159200000001,31.297955592777086
798,79.701594,31.200426274433514
799,79.801596,31.19381001568288
800,79.90159799999999,31.171095118723194
801,80.00160000000001,31.166770358615604
802,80.101602,30.971322921532423
803,80.201604,31.17228600605361
804,80.301606,31.70740658128549
805,80.40160800000001,31.492199531409405
806,80.50161,31.74367993569898
807,80.601612,32.44546458763553
808,80.701614,31.772624960248024
809,80.801616,31.620167295784917
810,80.901618,30.935195212224805
811,81.00161999999999,31.30653183119634
812,81.101622,31.534964102876245
813,81.201624,31.703753737340012
814,81.301626,32.34763374085812
815,81.401628,32.576658835378815
816,81.50163,31.780417252329887
817,81.601632,32.002093655641666
818,81.701634,31.828340750587444
819,81.801636,31.385724740987325
820,81.901638,31.631546389276803
821,82.00164,31.795696342881456
822,82.10164200000001,31.647896281067723
823,82.201644,31.455618363996965
824,82.301646,31.531776139689537
825,82.401648,31.068608370388652
826,82.50165000000001,31.152518743067212
827,82.601652,31.006050665345064
828,82.70165399999999,31.143617440419316
829,82.80165600000001,31.371755735198015
830,82.901658,31.43570026039924
831,83.00166,31.470041664081144
832,83.10166199999999,31.20211361073417
833,83.20166400000001,31.12834255783405
834,83.301666,31.822744395573014
835,83.401668,31.60812986536303
836,83.50167,31.139322942532555
837,83.60167200000001,31.08649747737113
838,83.701674,30.937495477944903
839,83.801676,30.78979370164866
840,83.901678,31.335801327342306
841,84.00168000000001,31.59285086324151
842,84.101682,31.522624117622343
843,84.20168400000001,31.20964133509911
844,84.301686,31.438156125708943
845,84.401688,31.10155046754436
846,84.50169,31.170209360390235
847,84.601692,31.329732094480754
848,84.701694,31.499409871888908
849,84.80169599999999,31.641140845417283
850,84.90169800000001,31.719843183601775
851,85.0017,31.55520386419166
852,85.101702,31.543336484043863
853,85.20170399999999,32.04613284548762
854,85.30170600000001,32.07345884145078
855,85.401708,31.460542477512643
856,85.50171,31.19483612046675
857,85.601712,31.087742380818113
858,85.70171400000001,30.967294046863543
859,85.801716,31.07143807547997
860,85.901718,31.149044310462298
861,86.00172,30.929336505353785
862,86.10172200000001,30.915888616853486
863,86.201724,31.42298827870072
864,86.301726,32.06280041788805
865,86.401728,31.699827577979274
866,86.50173,31.600309839327345
867,86.601732,31.793776941936912
868,86.701734,31.964298831944063
869,86.801736,32.17415441229283
870,86.901738,32.382584320784886
871,87.00174000000001,31.911265679986087
872,87.101742,31.948849128491755
873,87.201744,31.81912471671171
874,87.301746,31.614324317934575
875,87.40174800000001,31.714931293758106
876,87.50175,32.25858845873223
877,87.601752,32.109119812345305
878,87.701754,32.272784645240996
879,87.80175600000001,31.99254229193347
880,87.901758,31.660809877297215
881,88.00175999999999,32.22259847517341
882,88.10176200000001,32.18268194307702
883,88.201764,31.606484354536352
884,88.301766,31.612614955761487
885,88.40176799999999,31.13245368998067
886,88.50177000000001,31.51194988291991
887,88.601772,31.35859500300947
888,88.701774,31.466819117904297
889,88.801776,31.814041058695548
890,88.90177800000001,31.698612336048924
891,89.00178,31.494442869040565
892,89.101782,31.520348192794987
893,89.201784,31.38854480938357
894,89.301786,31.701539201706048
895,89.401788,31.731412889148558
896,89.50179000000001,31.53968926798367
897,89.601792,31.798434957987983
898,89.701794,31.981563252427296
899,89.801796,31.640935928654667
900,89.901798,32.14335356912333
901,90.0018,32.26232339907902
902,90.10180199999999,32.024940571180345
903,90.20180400000001,31.720478275708995
904,90.301806,31.839719005287535
905,90.401808,31.782336613291434
906,90.50180999999999,31.903976506005076
907,90.60181200000001,32.13335603643564
908,90.701814,32.17098204961659
909,90.801816,31.846163397184252
910,90.901818,31.637956023879717
911,91.00182000000001,31.450087620870256
912,91.101822,31.580517693010854
913,91.201824,31.207144657970943
914,91.301826,31.497503007526454
915,91.40182800000001,32.12240376086807
916,91.50183,32.52998564295069
917,91.601832,32.25148312128022
918,91.701834,31.739904101728403
919,91.801836,31.809450548523962
920,91.901838,31.87382446291117
921,92.00184,32.169278335698806
922,92.101842,32.103163105596856
923,92.201844,32.188702619252474
924,92.30184600000001,31.962460285476922
925,92.401848,31.64744000079529
926,92.50185,31.61895868087151
927,92.601852,31.586599841727285
928,92.70185400000001,31.692492022198437
929,92.801856,31.291359101649203
930,92.901858,31.501144984264126
931,93.00186,31.273011769012278
932,93.10186200000001,31.14948926299306
933,93.201864,31.213816292766122
934,93.301866,31.16193359108688
935,93.40186800000001,31.033070885992665
936,93.50187,31.31248112085839
937,93.601872,31.234825393834676
938,93.70187399999999,31.412746273775955
939,93.80187600000001,31.479899009104514
940,93.901878,31.22995887365206
941,94.00188,30.810079015380165
942,94.101882,31.543792409512296
943,94.201884,31.233111838609872
944,94.301886,30.724994206997884
945,94.401888,31.172889725084172
946,94.50189,31.28513455840369
947,94.601892,31.296758065731037
948,94.701894,31.197872138441813
949,94.80189600000001,30.995828484480132
950,94.901898,31.616213869918475
951,95.0019,31.021837736424345
952,95.101902,31.48467257406428
953,95.201904,31.355377612554562
954,95.301906,31.661659693833883
955,95.40190799999999,31.004985285211575
956,95.50191000000001,31.14897377213726
957,95.601912,31.488621213229987
958,95.701914,31.4031951694204
959,95.80191599999999,31.464222662910284
960,95.90191800000001,31.95223380680009
961,96.00192,31.811472018098677
962,96.101922,31.566406218528996
963,96.201924,32.28186706252416
964,96.30192600000001,32.02767142915795
965,96.401928,31.991740295488977
966,96.50193,31.358339953516694
967,96.601932,31.39769139310416
968,96.70193400000001,31.21794131759587
969,96.801936,31.307959016934678
970,96.90193800000002,31.082961072635385
971,97.00194,30.787351467327635
972,97.101942,30.810061292181985
973,97.201944,30.87066699070638
974,97.301946,31.19016840268898
975,97.401948,30.826049040902543
976,97.50195,30.820786807806165
977,97.60195200000001,30.886019228742708
978,97.701954,30.747321508402617
979,97.801956,30.762745594956044
980,97.901958,31.4180454985464
981,98.00196000000001,30.801822367924853
982,98.101962,31.34551728667327
983,98.201964,31.783618840503728
984,98.30196600000001,31.782888466909682
985,98.40196800000001,31.173103120853906
986,98.50197,31.77567020911381
987,98.601972,31.163948489069913
988,98.701974,31.293387680656355
989,98.801976,31.51795585934073
990,98.901978,31.3602591070696
991,99.00197999999999,31.27434426902946
992,99.101982,31.707571796187175
993,99.201984,31.49617648756277
994,99.301986,31.131307623885583
995,99.401988,31.20105782011174
996,99.50199,31.3143477307165
997,99.601992,31.29434631357205
998,99.701994,31.27855349712519
999,99.801996,31.64270034681687
1000,99.901998,31.38747685633177
1001,100.002,32.165769909281494
1002,100.10200200000001,31.52980683630928
1003,100.202004,31.626938046016818
1004,100.302006,31.78312020693346
1005,100.402008,32.04638903349513
1006,100.50201000000001,31.670327254136353
1007,100.602012,31.350998997018362
1008,100.70201399999999,31.16920596220802
1009,100.80201600000001,31.35958259364791
1010,100.902018,31.209521346364518
1011,101.00202,30.799707436961285
1012,101.10202199999999,30.95621740577945
1013,101.20202400000001,31.124411804713525
1014,101.302026,31.29589930369322
1015,101.402028,31.56532764558119
1016,101.50203,31.269479456890448
1017,101.60203200000001,31.273004997216724
1018,101.702034,31.558926546524184
1019,101.802036,31.362766404651165
1020,101.902038,31.800986579756675
1021,102.00204000000001,31.660809372847595
1022,102.102042,31.636735327161485
1023,102.20204400000001,31.803119253368557
1024,102.302046,31.753244517695283
1025,102.402048,32.12688394515709
1026,102.50205,31.328171518553255
1027,102.602052,31.339612994216445
1028,102.702054,31.144311186928938
1029,102.802056,31.138439001788488
1030,102.90205800000001,31.277718608394313
1031,103.00206,31.6449678640346
1032,103.102062,31.638044442724006
1033,103.202064,31.19177205259323
1034,103.30206600000001,31.45198387607915
1035,103.402068,31.518722516629875
1036,103.50207,31.74885539374402
1037,103.602072,31.908210271520698
1038,103.70207400000001,31.723578928718442
1039,103.802076,32.22131641554431
1040,103.902078,32.30723961146344
1041,104.00208,32.1188358761662
1042,104.10208200000001,31.85045371398457
1043,104.202084,31.365411027820798
1044,104.302086,31.667931324015576
1045,104.402088,31.64401806723742
1046,104.50209,31.816810795344026
1047,104.602092,31.724908267595467
1048,104.702094,31.62935131756998
1049,104.802096,31.330395076112836
1050,104.902098,31.31214176409374
1051,105.00210000000001,31.60913568528609
1052,105.102102,31.117672301795256
1053,105.202104,31.05977451589727
1054,105.302106,30.757587275336647
1055,105.40210800000001,30.839000159272974
1056,105.50211,30.71278138896111
1057,105.602112,30.699489947763166
1058,105.702114,30.960243484557143
1059,105.80211600000001,31.179418683425016
1060,105.902118,31.519891626153267
1061,106.00211999999999,31.872280864932268
1062,106.10212200000001,31.378425272472988
1063,106.202124,31.616285668763858
1064,106.302126,31.805741047638577
1065,106.40212799999999,31.567976667334815
1066,106.50213000000001,31.788495381342706
1067,106.602132,31.688261343791627
1068,106.702134,31.696980443333207
1069,106.802136,31.77588028059699
1070,106.90213800000001,31.573737812102227
1071,107.00214,31.783355347009945
1072,107.102142,31.774732365509514
1073,107.202144,31.858445209971602
1074,107.30214600000001,31.9296581318304
1075,107.402148,31.801465421616925
1076,107.50215000000001,31.441572616580487
1077,107.602152,31.773043552935867
1078,107.702154,31.956016573137017
1079,107.802156,31.686767280090884
1080,107.902158,31.481373904071784
1081,108.00216,31.49155749270254
1082,108.10216199999999,31.301521807225157
1083,108.20216400000001,31.975679288156925
1084,108.302166,31.776297678316958
1085,108.402168,31.91112056632053
1086,108.50216999999999,31.886711083550193
1087,108.60217200000001,31.947969064270982
1088,108.702174,31.731812197944183
1089,108.802176,31.542088161488312
1090,108.902178,31.48259293335056
1091,109.00218000000001,31.25693662166156
1092,109.102182,31.538110836908647
1093,109.202184,31.384382123716996
1094,109.302186,31.192199983484524
1095,109.40218800000001,30.967455646269304
1096,109.50219,31.07618428568043
1097,109.602192,30.910593298148854
1098,109.702194,30.5902110772556
1099,109.802196,30.86101012567359
1100,109.902198,30.75687229297605
1101,110.0022,30.981919392071934
1102,110.102202,30.750279435584122
1103,110.202204,30.40785440000212
1104,110.30220600000001,30.610206318715647
1105,110.402208,30.289102265236902
1106,110.50221,30.631921208090738
1107,110.602212,30.95477777168936
1108,110.70221400000001,31.50624039290853
1109,110.802216,31.155092559018637
1110,110.902218,30.28202323918008
1111,111.00222,30.12195536216134
1112,111.10222200000001,30.595617336184834
1113,111.202224,30.459998250223844
1114,111.30222599999999,30.816952752078226
1115,111.40222800000001,30.695049146055148
1116,111.50223,31.094126477041875
1117,111.602232,31.07620927394104
1118,111.70223399999999,31.10990372519203
1119,111.80223600000001,31.524379472257465
1120,111.902238,31.387308484176497
1121,112.00224,31.351218875760527
1122,112.102242,30.875784844481824
1123,112.20224400000001,31.113333410661255
1124,112.302246,30.931900809419762
1125,112.402248,30.988172690686394
1126,112.50225,31.196817803826537
1127,112.60225200000001,31.10042781135516
1128,112.702254,30.851144552013142
1129,112.80225600000001,30.84784271278778
1130,112.902258,31.313795073557923
1131,113.00226,31.491011422638064
1132,113.102262,31.61207339367864
1133,113.202264,31.546638283089585
1134,113.302266,31.78605562169348
1135,113.40226799999999,31.345237808762967
1136,113.50227000000001,31.506833468481073
1137,113.602272,31.59752286479722
1138,113.702274,31.556526512732596
1139,113.80227599999999,31.771944897641248
1140,113.90227800000001,31.06499552496823
1141,114.00228,31.077772113602844
1142,114.102282,31.022687084898138
1143,114.202284,31.243887997843945
1144,114.30228600000001,31.33715181491351
1145,114.402288,31.046834228383325
1146,114.50229,31.25616593598111
1147,114.602292,31.6474241457844
1148,114.70229400000001,31.35633891834552
1149,114.802296,31.393921054725165
1150,114.902298,31.596234648983877
1151,115.0023,31.386547086035684
1152,115.102302,31.4710722744881
1153,115.202304,30.936328072634016
1154,115.302306,30.62074954168654
1155,115.402308,30.68203188845645
1156,115.50231,30.670044529068345
1157,115.60231200000001,30.35880919131247
1158,115.702314,31.188013036051768
1159,115.802316,31.20712964607676
1160,115.902318,31.69620839497856
1161,116.00232000000001,31.48914579585913
1162,116.102322,31.25996600418906
1163,116.202324,31.170346360413443
1164,116.30232600000001,31.220181376005968
1165,116.40232800000001,31.51634285420144
1166,116.50233,31.126872956614733
1167,116.602332,31.339088858286267
1168,116.70233400000001,31.7180536334951
1169,116.802336,32.03433950515226
1170,116.902338,32.179799988743696
1171,117.00233999999999,32.10581370219026
1172,117.10234200000001,31.977584629565573
1173,117.202344,31.948849238153297
1174,117.302346,32.06241257330672
1175,117.402348,31.466647594094287
1176,117.50235,31.94825313661309
1177,117.602352,31.776678834130927
1178,117.702354,31.642711596779012
1179,117.802356,31.534225066211395
1180,117.902358,31.469437934016213
1181,118.00236,31.31689032902808
1182,118.10236200000001,31.267724774148185
1183,118.202364,31.866696995846393
1184,118.302366,32.19014695939605
1185,118.402368,31.333087388475942
1186,118.50237,31.510620865220886
1187,118.602372,31.07485066494034
1188,118.70237399999999,31.519546981808055
1189,118.80237600000001,31.924714473228118
1190,118.902378,31.443267963350454
1191,119.00238,30.94350690626728
1192,119.10238199999999,30.756392115739004
1193,119.20238400000001,31.369863460846698
1194,119.302386,31.293334271021408
1195,119.402388,31.688937366851007
1196,119.50239,31.222810903936747
1197,119.60239200000001,31.232423107077206
1198,119.702394,31.90564444703897
1199,119.802396,31.493376441542356
1200,119.902398,31.75568270831449
1201,120.00240000000001,31.606518690834342
1202,120.102402,31.186234921257917
1203,120.20240400000002,31.246570652247744
1204,120.302406,31.28109266884004
1205,120.402408,30.760682126368785
1206,120.50241,30.971252579831873
1207,120.602412,30.835908165710038
1208,120.702414,31.047233660514735
1209,120.802416,31.26785183576531
1210,120.90241800000001,31.396358192235542
1211,121.00242,31.510023884058565
1212,121.102422,31.10778404803835
1213,121.202424,31.310017909043562
1214,121.30242600000001,30.931359493559423
1215,121.402428,30.938579575956062
1216,121.50243,30.908786682246706
1217,121.60243200000001,30.89744469573458
1218,121.70243400000001,31.794448792785857
1219,121.802436,31.667696384088345
1220,121.902438,31.511368956448116
1221,122.00244,31.249121980620085
1222,122.102442,31.921507831223153
1223,122.202444,31.523719744097285
1224,122.302446,31.47414162322179
1225,122.402448,31.752042896824047
1226,122.50245,31.512168555584793
1227,122.602452,31.628108656184917
1228,122.702454,31.51729516514285
1229,122.802456,31.744344781030808
1230,122.902458,31.475000244445123
1231,123.00246000000001,31.10462748637591
1232,123.102462,30.648158506202556
1233,123.202464,31.034115393747168
1234,123.302466,31.111209072534916
1235,123.40246800000001,31.323682555788885
1236,123.50247,31.608165977317647
1237,123.602472,31.221874876358225
1238,123.702474,31.602450825751497
1239,123.80247600000001,31.81953731959375
1240,123.902478,32.014512371193625
1241,124.00247999999999,32.052715855217365
1242,124.10248200000001,32.2415853019013
1243,124.202484,31.703339327820274
1244,124.302486,31.3101817741921
1245,124.40248799999999,30.92456245524399
1246,124.50249000000001,31.656331775559227
1247,124.602492,31.351627954034132
1248,124.702494,31.625016911112873
1249,124.802496,31.426828225817253
1250,124.90249800000001,31.097614714512243
1251,125.0025,31.002375264741502
1252,125.102502,31.249782086249855
1253,125.202504,31.234518708244323
1254,125.30250600000001,31.31590537483793
1255,125.402508,31.195825002488053
1256,125.50251000000002,31.1613028798943
1257,125.602512,32.19076249422048
1258,125.702514,32.01134430627312
1259,125.802516,31.43550031080354
1260,125.902518,31.390475628478317
1261,126.00252,31.40450811357047
1262,126.102522,31.373041260993546
1263,126.20252400000001,31.214702997338318
1264,126.302526,30.637861215256898
1265,126.402528,30.64478969986219
1266,126.50253,30.706995443723173
1267,126.60253200000001,31.10615442258843
1268,126.702534,31.38587275706648
1269,126.802536,31.554843107133113
1270,126.902538,31.576292750324264
1271,127.00254000000001,31.573701504879832
1272,127.102542,31.190350684409065
1273,127.202544,31.28372047591893
1274,127.302546,31.223683301513876
1275,127.40254800000001,31.789003892495266
1276,127.50255,31.48078249293553
1277,127.602552,31.838091487950024
1278,127.702554,31.57151121881717
1279,127.802556,31.670436574793552
1280,127.902558,31.617006351044115
1281,128.00256,31.9590316596369
1282,128.102562,31.724341242477447
1283,128.202564,32.025282068930515
1284,128.302566,31.663779594516228
1285,128.402568,31.321774645124542
1286,128.50257000000002,31.68398168498103
1287,128.602572,31.91513353588113
1288,128.702574,31.911626563463418
1289,128.802576,31.253245736415177
1290,128.902578,30.761962515065385
1291,129.00258,30.92518261663281
1292,129.102582,30.810196049094035
1293,129.202584,30.75433753594196
1294,129.302586,31.661487046079582
1295,129.402588,31.859884160809575
1296,129.50259,31.435812879986784
1297,129.60259200000002,32.072403411436866
1298,129.702594,31.794603454143566
1299,129.802596,32.02494564676754
1300,129.902598,31.888556042643998
1301,130.0026,31.806772340820224
1302,130.102602,31.340570542889992
1303,130.202604,31.80838764260304
1304,130.302606,31.802205595730793
1305,130.40260800000001,31.920387872719456
1306,130.50261,32.165659619585746
1307,130.60261200000002,32.04996695397587
1308,130.702614,31.8809756033712
1309,130.802616,31.792288837612706
1310,130.902618,31.550190994995205
1311,131.00262,31.606809232278806
1312,131.102622,31.71556813327518
1313,131.20262400000001,31.40156657548644
1314,131.30262599999998,31.4870934070627
1315,131.402628,31.180691355417657
1316,131.50263,31.14082299353899
1317,131.602632,31.178035892588664
1318,131.702634,31.21163583284426
1319,131.802636,31.45498046840527
1320,131.902638,31.241729314416585
1321,132.00264,31.161435524067382
1322,132.102642,30.893980750183612
1323,132.202644,31.270913187756747
1324,132.302646,31.06955627691381
1325,132.40264800000003,31.078944375576047
1326,132.50265,31.80977224522597
1327,132.602652,31.259999463846352
1328,132.702654,31.736984828687525
1329,132.802656,31.584247355708886
1330,132.902658,31.270318144677304
1331,133.00266,31.450057534947728
1332,133.102662,31.176107474176874
1333,133.202664,31.13050819286271
1334,133.302666,31.770877286046694
1335,133.402668,31.542779548145035
1336,133.50267000000002,31.344465143443575
1337,133.60267199999998,31.333047316626168
1338,133.702674,30.878463077592322
1339,133.80267600000002,31.02180344211078
1340,133.902678,30.6217976548315
1341,134.00268,31.331633644789612
1342,134.102682,31.579632641309786
1343,134.202684,31.395329797297673
1344,134.30268600000002,31.36639594939739
1345,134.40268799999998,31.51790650331169
1346,134.50269,31.312357487892672
1347,134.60269200000002,31.58286296244363
1348,134.70269399999998,31.703827970136953
1349,134.802696,31.828940395618567
1350,134.90269800000002,31.508958551538395
1351,135.0027,31.429727345757556
1352,135.102702,31.66108437645272
1353,135.202704,31.26375019868031
1354,135.302706,31.36618084967378
1355,135.40270800000002,31.091142358704666
1356,135.50270999999998,31.314759573804984
1357,135.602712,31.312745331572064
1358,135.70271400000001,31.57537564451653
1359,135.802716,31.432975035110896
1360,135.902718,31.44579427632791
1361,136.00272,31.6673695685039
1362,136.102722,32.02872824849923
1363,136.20272400000002,31.420744681609456
1364,136.302726,31.39452341848216
1365,136.402728,31.682415032353894
1366,136.50273,31.519720960579505
1367,136.602732,32.2972549121949
1368,136.702734,31.73304464895371
1369,136.802736,31.22296934383547
1370,136.902738,31.1750465196636
1371,137.00274,31.40448741941715
1372,137.102742,31.364083265432054
1373,137.202744,31.068700183441123
1374,137.302746,31.048222924748135
1375,137.402748,30.785687416866804
1376,137.50275,31.514880742502775
1377,137.602752,31.1827089839193
1378,137.70275400000003,31.333582722971414
1379,137.802756,31.586438704700534
1380,137.902758,31.53835922898047
1381,138.00276000000002,31.37575760713724
1382,138.102762,31.562589108308696
1383,138.202764,31.709216273238038
1384,138.302766,31.450210258683466
1385,138.402768,31.254570078979317
1386,138.50277,31.188829101495415
1387,138.602772,31.1222234951017
1388,138.702774,31.157645371427122
1389,138.80277600000002,30.897916969108092
1390,138.90277799999998,31.67752430230415
1391,139.00278,31.206760110018198
1392,139.10278200000002,31.298961278280828
1393,139.202784,30.985491394080466
1394,139.302786,31.987164098049522
1395,139.402788,31.365302489029848
1396,139.50279,31.7581191474204
1397,139.60279200000002,31.317700066940976
1398,139.70279399999998,31.658347174414384
1399,139.802796,31.410928647747635
1400,139.90279800000002,31.626252500452125
1401,140.0028,31.280461234014478
1402,140.102802,31.5491631603257
1403,140.20280400000001,31.524595703927375
1404,140.302806,31.657516904453676
1405,140.402808,31.44572569732737
1406,140.50281,31.2829482001976
1407,140.602812,31.38481538011017
1408,140.70281400000002,31.65344208716105
1409,140.80281599999998,31.528490391075728
1410,140.902818,31.327348823132557
1411,141.00282,31.277226181653592
1412,141.102822,31.165560661905857
1413,141.202824,31.200032109799
1414,141.302826,31.24648969679403
1415,141.402828,31.09709363283303
1416,141.50283000000002,30.898712668289566
1417,141.602832,31.035701802859897
1418,141.702834,31.23526921803924
1419,141.802836,31.050188258916208
1420,141.902838,30.808033604582647
1421,142.00284,31.00232963849241
1422,142.102842,31.180815746406545
1423,142.202844,31.475342421851238
1424,142.302846,31.49069614609623
1425,142.402848,31.27700420689825
1426,142.50285,31.082844322907217
1427,142.602852,31.13928082421237
1428,142.702854,31.190061951778173
1429,142.802856,31.35647851397112
1430,142.902858,31.406930567317488
1431,143.00286000000003,31.14908562844714
1432,143.102862,31.107951673031828
1433,143.202864,31.400492703728702
1434,143.30286600000002,31.135129628008595
1435,143.402868,31.527060181452477
1436,143.50287,31.25323364153821
1437,143.602872,31.494594879096066
1438,143.702874,31.682114462661968
1439,143.802876,31.427283760851758
1440,143.902878,30.62694347519488
1441,144.00288,30.99206314153307
1442,144.10288200000002,31.08395019385847
1443,144.20288399999998,31.148968977595466
1444,144.302886,30.99819633596311
1445,144.40288800000002,31.647047645842957
1446,144.50289,31.19622680390898
1447,144.602892,30.999185807992472
1448,144.702894,31.27036590395536
1449,144.802896,31.667232725486574
1450,144.90289800000002,31.738029164984916
1451,145.00289999999998,30.951749424741386
1452,145.102902,31.073354610162713
1453,145.20290400000002,31.32029967625012
1454,145.302906,31.51539150805124
1455,145.402908,31.32955202392954
1456,145.50291,31.088803952528743
1457,145.602912,31.034249378089598
1458,145.702914,31.7527125635505
1459,145.802916,32.14335038667739
1460,145.902918,32.13875985626995
1461,146.00292000000002,32.052650412376416
1462,146.10292199999998,31.79562494063283
1463,146.202924,31.234896177583593
1464,146.302926,31.158708337094385
1465,146.402928,31.232067718381035
1466,146.50293,31.385216396900496
1467,146.602932,31.24790120597054
1468,146.702934,31.63756591118855
1469,146.80293600000002,31.903165962441452
1470,146.902938,31.870023887937514
1471,147.00294,31.473854983101997
1472,147.102942,31.116502539414792
1473,147.202944,30.66636961641962
1474,147.302946,31.28121452782501
1475,147.402948,31.19291688747504
1476,147.50295,31.09389810097305
1477,147.602952,31.48594980040226
1478,147.702954,30.936159315381275
1479,147.802956,31.187841656216218
1480,147.902958,31.643739777571984
1481,148.00296,31.751842000465928
1482,148.102962,31.08312673892383
1483,148.202964,31.082451035529804
1484,148.30296600000003,31.453659464268426
1485,148.402968,31.045098965963135
1486,148.50297,31.718450609452066
1487,148.60297200000002,31.409784009334626
1488,148.702974,31.035607851639718
1489,148.802976,31.327104908832432
1490,148.902978,31.294110226619118
1491,149.00298,31.57485162062047
1492,149.102982,31.383720297564334
1493,149.202984,31.334509261169885
1494,149.302986,31.42375571713511
1495,149.40298800000002,31.22801402945492
1496,149.50298999999998,31.287924257597968
1497,149.602992,31.534006103521893
1498,149.70299400000002,31.853086472042396
1499,149.802996,31.607420396569612
1500,149.902998,31.527082417421948
1501,150.003,31.19394336525324
1502,150.103002,31.007484051800905
1503,150.20300400000002,31.46530767672394
1504,150.30300599999998,31.09981081200019
1505,150.403008,31.142671905049745
1506,150.50301000000002,31.356462795642923
1507,150.603012,30.847516129907145
1508,150.703014,30.760503850026353
1509,150.803016,30.90658355878221
1510,150.903018,30.60375602285777
1511,151.00302,30.528160283134454
1512,151.103022,30.8547537907957
1513,151.203024,30.84563827394441
1514,151.30302600000002,30.547181063207777
1515,151.40302799999998,31.048715169005
1516,151.50303,31.321403722941422
1517,151.603032,31.357527344775797
1518,151.703034,31.971566925917575
1519,151.803036,31.619841753831373
1520,151.903038,31.510759805460605
1521,152.00304,31.167652045656382
1522,152.10304200000002,31.451733035771717
1523,152.203044,31.28147320730477
1524,152.303046,31.135538031944037
1525,152.403048,31.232980150574768
1526,152.50305000000003,31.077257047935028
1527,152.603052,31.300313234352565
1528,152.703054,31.510296987753893
1529,152.803056,31.367530935111848
1530,152.903058,31.13350904512342
1531,153.00306,30.92084594147125
1532,153.103062,31.260992748040895
1533,153.203064,31.082349650689853
1534,153.303066,30.85611460105153
1535,153.403068,31.529499333826895
1536,153.50307,31.165310177994375
1537,153.60307200000003,31.425775387714733
1538,153.703074,31.430154217397558
1539,153.803076,31.287602943960447
1540,153.90307800000002,31.986950476939274
1541,154.00308,31.768899122542265
1542,154.103082,31.952189667585724
1543,154.203084,31.502097375992204
1544,154.303086,31.56798610439538
1545,154.403088,31.635437374176732
1546,154.50309,31.62243884386309
1547,154.603092,32.18071027953248
1548,154.70309400000002,31.88701167668549
1549,154.80309599999998,32.01311921762908
1550,154.903098,31.89848114327811
1551,155.00310000000002,31.71708895476754
1552,155.103102,31.436996538937244
1553,155.203104,31.696825597525105
1554,155.303106,31.410465466933903
1555,155.403108,31.38141910860921
1556,155.50311000000002,31.332678876994446
1557,155.60311199999998,30.908044620532134
1558,155.703114,31.46239695947001
1559,155.80311600000002,31.76474067015323
1560,155.903118,31.122285921196152
1561,156.00312,31.165039448106068
1562,156.103122,31.085761754287493
1563,156.203124,31.245846221209284
1564,156.303126,31.651631769092344
1565,156.403128,32.01436348368887
1566,156.50313,31.417462368004962
1567,156.60313200000002,31.084112538925147
1568,156.70313399999998,31.08578795982885
1569,156.803136,31.10820189922084
1570,156.903138,30.961410217746135
1571,157.00314,31.096651150495024
1572,157.103142,31.345900210493998
1573,157.203144,31.203125306221825
1574,157.303146,31.50022332179041
1575,157.40314800000002,31.71234742800696
1576,157.50315,31.263693262358714
1577,157.603152,31.137878691196065
1578,157.703154,31.194247765088846
1579,157.80315600000003,31.267300644428982
1580,157.903158,31.166287986983345
1581,158.00316,30.891889846493168
1582,158.103162,31.200933139212754
1583,158.203164,31.23759114926929
1584,158.303166,31.15020030721377
1585,158.403168,30.910428161676123
1586,158.50317,30.789475250029074
1587,158.603172,30.944450397032227
1588,158.703174,31.3852255138721
1589,158.803176,31.21594839208036
1590,158.90317800000003,31.296398890348836
1591,159.00318,31.381000753000208
1592,159.103182,31.336609692287784
1593,159.20318400000002,31.171738244642675
1594,159.303186,31.47424423557158
1595,159.403188,30.889673936287007
1596,159.50319,31.082432749171172
1597,159.603192,31.402652864199737
1598,159.70319400000002,31.944910216818553
1599,159.80319599999999,31.495950834584608
1600,159.903198,31.360961246144168
1601,160.00320000000002,31.40206093384794
1602,160.10320199999998,30.95015085620045
1603,160.203204,31.525487048348452
1604,160.30320600000002,31.443503767714102
1605,160.403208,30.97766019163167
1606,160.50321,30.95781533002904
1607,160.603212,30.93272183599709
1608,160.703214,31.092820846960976
1609,160.80321600000002,31.701509414384148
1610,160.90321799999998,31.681205171746413
1611,161.00322,31.68432156763061
1612,161.10322200000002,31.51300818129264
1613,161.203224,31.35942989468737
1614,161.303226,31.084116452421895
1615,161.403228,30.957860105706946
1616,161.50323,31.15600911268928
1617,161.603232,30.884900126001817
1618,161.703234,31.22277140085159
1619,161.803236,30.98547478969402
1620,161.90323800000002,30.89452793123623
1621,162.00323999999998,30.816068310388708
1622,162.103242,30.8987675676559
1623,162.203244,30.86783326132244
1624,162.303246,31.252115016162502
1625,162.403248,31.30894449601885
1626,162.50325,30.776267143268687
1627,162.603252,30.800791473371905
1628,162.70325400000002,30.97589998265559
1629,162.803256,31.120835888418366
1630,162.903258,30.915228563973894
1631,163.00326,31.057038063065225
1632,163.10326200000003,31.44598646745319
1633,163.203264,31.526057867549063
1634,163.303266,31.381609342131064
1635,163.403268,31.681747262327413
1636,163.50327,31.429416238362485
1637,163.603272,31.624265676629786
1638,163.703274,31.25116366080033
1639,163.803276,31.552831354311415
1640,163.903278,31.34185685585194
1641,164.00328,30.814761645796324
1642,164.103282,31.439109642365768
1643,164.20328400000002,31.299204130044423
1644,164.30328599999999,30.974674321918577
1645,164.403288,31.137962805592323
1646,164.50329000000002,31.57834345903548
1647,164.603292,31.259058309265736
1648,164.703294,31.563915576907313
1649,164.803296,30.807081099643085
1650,164.903298,30.786071571712995
1651,165.00330000000002,30.711510043416204
1652,165.10330199999999,30.837461123295057
1653,165.203304,30.72052910430924
1654,165.30330600000002,31.205747263340005
1655,165.40330799999998,31.463670755857557
1656,165.50331,31.469279004066035
1657,165.60331200000002,31.224302793868517
1658,165.703314,31.566860665010346
1659,165.803316,31.30177498296105
1660,165.903318,31.697827199075
1661,166.00332,31.131303820899333
1662,166.10332200000002,31.546018431907864
1663,166.20332399999998,31.43815806384966
1664,166.303326,31.356847072804708
1665,166.40332800000002,31.995174420165963
1666,166.50333,31.917160324748522
1667,166.603332,31.744633272175314
1668,166.703334,31.942558091679214
1669,166.803336,32.165751411619276
1670,166.90333800000002,31.841073073548316
1671,167.00334,31.70334106997964
1672,167.103342,31.27861922873247
1673,167.20334400000002,31.224278723679614
1674,167.30334599999998,31.63896120811604
1675,167.403348,31.61868337479338
1676,167.50335,31.536152411502908
1677,167.603352,31.797921227510006
1678,167.703354,31.9539382169417
1679,167.803356,31.667421291250786
1680,167.903358,31.83362207595248
1681,168.00336000000001,31.41525045404206
1682,168.103362,30.935463738114358
1683,168.203364,30.965641803164914
1684,168.303366,31.45432481702858
1685,168.40336800000003,31.750810976256066
1686,168.50337,31.944477934769896
1687,168.603372,31.894311193485095
1688,168.703374,31.438009893548788
1689,168.803376,31.42100100075216
1690,168.903378,31.397858879867417
1691,169.00338,31.334617360960028
1692,169.103382,30.963259714966895
1693,169.203384,31.42283274319344
1694,169.303386,31.814197501239974
1695,169.403388,31.538609666329446
1696,169.50339000000002,31.44537037029052
1697,169.60339199999999,31.28231967449331
1698,169.703394,31.263928499181997
1699,169.80339600000002,31.99603080895778
1700,169.903398,31.38230129287242
1701,170.0034,31.833363868915697
1702,170.103402,31.881595011172987
1703,170.203404,32.320811325916075
1704,170.30340600000002,32.120836784098024
1705,170.40340799999998,32.37082456584122
1706,170.50341,31.68375364271613
1707,170.60341200000002,31.848049392299878
1708,170.70341399999998,31.426033521619306
1709,170.803416,31.413817344677703
1710,170.90341800000002,30.79176620671525
1711,171.00342,30.64124984900071
1712,171.103422,30.826099742161265
1713,171.203424,30.939501524305758
1714,171.303426,30.81271811591411
1715,171.40342800000002,30.77956637187042
1716,171.50342999999998,30.870302908950055
1717,171.603432,31.671764437238302
1718,171.70343400000002,31.295315457698532
1719,171.803436,31.707704369940803
1720,171.903438,31.348894566571378
1721,172.00344,31.164575118777837
1722,172.103442,31.02026875453328
1723,172.20344400000002,30.769620786851938
1724,172.303446,31.33673002667054
1725,172.403448,30.918444240130828
1726,172.50345000000002,30.8216803618305
1727,172.603452,30.779383507223987
1728,172.703454,30.702037950673247
1729,172.803456,30.627845856505353
1730,172.903458,30.898580379845523
1731,173.00346,31.22733239605984
1732,173.103462,31.287711465417576
1733,173.203464,31.282583224416054
1734,173.30346600000001,31.523184026985305
1735,173.403468,31.397003521137034
1736,173.50347,31.52958646035058
1737,173.603472,31.315240934157792
1738,173.70347400000003,31.246958935255382
1739,173.803476,31.121517088419015
1740,173.903478,31.360907320483392
1741,174.00348000000002,31.403432599083565
1742,174.103482,31.374935708741493
1743,174.203484,31.486371187954052
1744,174.303486,31.362338893171824
1745,174.403488,31.039963804695923
1746,174.50349,31.43818622983587
1747,174.603492,31.434581511654653
1748,174.703494,31.8498378922903
1749,174.80349600000002,31.71928828866293
1750,174.90349799999998,31.659684494717116
1751,175.0035,32.188514642913894
1752,175.10350200000002,31.594384641054283
1753,175.203504,31.45646658444399
1754,175.303506,31.017633734798864
1755,175.403508,31.15392667258087
1756,175.50351,31.002589713702132
1757,175.60351200000002,31.593325514786823
1758,175.70351399999998,31.45464920863265
1759,175.803516,31.45681851139045
1760,175.90351800000002,31.61655257239608
1761,176.00351999999998,31.574212795967508
1762,176.103522,31.65039572351523
1763,176.20352400000002,32.238077239797015
1764,176.303526,31.686603530003733
1765,176.403528,32.001645994488854
1766,176.50353,31.76145927256854
1767,176.603532,31.477454471667212
1768,176.70353400000002,31.119294033162173
1769,176.80353599999998,31.06366660091624
1770,176.903538,31.204126413650663
1771,177.00354000000002,30.997740323224235
1772,177.103542,31.052399165119994
1773,177.203544,31.300902596195403
1774,177.303546,31.756739831342266
1775,177.403548,31.2059830730091
1776,177.50355000000002,30.942040796582432
1777,177.603552,31.202670615166173
1778,177.703554,30.961535334202207
1779,177.80355600000001,31.310898782469202
1780,177.903558,30.916415664203946
1781,178.00356,31.55111159980472
1782,178.103562,31.701258309104876
1783,178.203564,32.188162255903656
1784,178.303566,31.697018306126246
1785,178.403568,31.960077249109457
1786,178.50357,32.551962369751216
1787,178.603572,32.82670096339293
1788,178.703574,31.901130330558498
1789,178.803576,31.879186231065855
1790,178.903578,31.312023864443447
1791,179.00358000000003,31.26365654332045
1792,179.103582,31.412839634139036
1793,179.203584,31.22953593809614
1794,179.30358600000002,31.498842809140182
1795,179.403588,31.018481539906116
1796,179.50359,31.603324716579053
1797,179.603592,31.57552669014334
1798,179.703594,31.762433413118913
1799,179.803596,31.44848465263778
1800,179.903598,31.364561066250904
1801,180.0036,31.64942316700713
1802,180.10360200000002,31.451685775092837
1803,180.20360399999998,31.883382250809824
1804,180.303606,31.94480211891025
1805,180.40360800000002,31.32791964980753
1806,180.50361,31.769216466274965
1807,180.603612,31.431201589015096
1808,180.703614,32.063311507516914
1809,180.803616,31.68173301512906
1810,180.90361800000002,31.577085152356755
1811,181.00361999999998,31.468371350448127
1812,181.103622,31.25414784394594
1813,181.20362400000002,31.41612165044136
1814,181.30362599999998,31.616730282099603
1815,181.403628,31.48228791587454
1816,181.50363000000002,31.568001035681203
1817,181.603632,31.647964621830493
1818,181.703634,31.18933919823613
1819,181.803636,31.307821859844424
1820,181.903638,31.323693019323787
1821,182.00364000000002,30.94651530405137
1822,182.10364199999998,31.465245341835722
1823,182.203644,31.5184305135028
1824,182.30364600000001,31.726198403425236
1825,182.403648,32.02768108837017
1826,182.50365,31.24240535963372
1827,182.603652,31.427748043731924
1828,182.703654,31.378026947582438
1829,182.80365600000002,31.40755936562218
1830,182.903658,31.700369602372447
1831,183.00366,31.898315922305294
1832,183.103662,31.75623027264368
1833,183.203664,31.310112322078954
1834,183.303666,31.811948243677033
1835,183.403668,31.47458936091896
1836,183.50367,31.61823760514308
1837,183.603672,31.499954697936687
1838,183.703674,31.677956314638347
1839,183.803676,31.674194406962172
1840,183.903678,31.66581644832554
1841,184.00368,31.254954463741228
1842,184.103682,31.3752225239962
1843,184.203684,31.480899350745048
1844,184.30368600000003,31.559183075670216
1845,184.403688,31.493986472334935
1846,184.50369,31.643161633755867
1847,184.60369200000002,31.67219622244282
1848,184.703694,31.71106425800466
1849,184.803696,31.76518139556888
1850,184.903698,31.581241311942478
1851,185.0037,31.569078072778126
1852,185.103702,31.751090961819305
1853,185.203704,31.96990346864982
1854,185.303706,31.732524172720805
1855,185.40370800000002,31.625929868976907
1856,185.50370999999998,31.884220511746094
1857,185.603712,31.331238790040413
1858,185.70371400000002,31.248197644138084
1859,185.803716,30.903034656609396
1860,185.903718,31.018553714627455
1861,186.00372,31.422558678475905
1862,186.103722,31.2283357347098
1863,186.20372400000002,31.03583105951266
1864,186.30372599999998,31.508632661926757
1865,186.403728,31.3824527770807
1866,186.50373000000002,31.22725595194744
1867,186.603732,31.464700827876776
1868,186.703734,31.44634429391873
1869,186.80373600000001,30.981851658881986
1870,186.903738,31.0655958055319
1871,187.00374,31.11693890338529
1872,187.103742,31.370560096930582
1873,187.203744,31.15034700616845
1874,187.30374600000002,31.42994693684423
1875,187.40374799999998,31.21872880998632
1876,187.50375,31.157173787295182
1877,187.60375200000001,31.27799524971893
1878,187.703754,30.860583749269207
1879,187.803756,30.83692199024223
1880,187.903758,30.607742063637712
1881,188.00376,31.030941906356613
1882,188.10376200000002,30.854348728541538
1883,188.203764,30.962842888339388
1884,188.303766,31.05779830525686
1885,188.403768,31.02210147159668
1886,188.50377,30.952096099428108
1887,188.603772,31.087191105037732
1888,188.703774,31.225939893270787
1889,188.803776,31.02580722369651
1890,188.903778,31.139256870964452
1891,189.00378,31.29504748133628
1892,189.103782,31.229597181540484
1893,189.203784,30.801672651039762
1894,189.303786,31.18130325891329
1895,189.403788,30.661126495881664
1896,189.50379,30.725907965435088
1897,189.60379200000003,30.734836167904966
1898,189.703794,30.788783394258818
1899,189.803796,30.89121377631048
1900,189.90379800000002,31.316315046423536
1901,190.0038,31.60879931690357
1902,190.103802,31.57023739180469
1903,190.203804,31.2289328555084
1904,190.303806,31.05886159019376
1905,190.403808,31.138379299520135
1906,190.50381,30.75427314440033
1907,190.603812,30.989822506790322
1908,190.70381400000002,30.956509118476816
1909,190.80381599999998,31.55627840095128
1910,190.903818,30.90156814502324
1911,191.00382000000002,31.214839866502924
1912,191.103822,30.860544912296703
1913,191.203824,30.992763233437085
1914,191.30382600000002,31.527394893700404
1915,191.403828,31.21337215927042
1916,191.50383000000002,30.8621103959714
1917,191.60383199999998,30.596695470848907
1918,191.703834,30.79083721787438
1919,191.80383600000002,30.207527902133172
1920,191.903838,30.72454477233865
1921,192.00384,30.989998824615572
1922,192.10384200000001,30.993690260478246
1923,192.203844,31.391048347831976
1924,192.303846,31.363116834501938
1925,192.403848,31.650811304315877
1926,192.50385,31.701770529368478
1927,192.60385200000002,31.68588451250378
1928,192.70385399999998,31.646660918210536
1929,192.803856,31.843986376920434
1930,192.903858,31.640339678362835
1931,193.00386,31.931268246098224
1932,193.103862,31.351750961753247
1933,193.203864,31.38016856748051
1934,193.303866,31.849699484155284
1935,193.40386800000002,31.763817940232883
1936,193.50387,31.79426355929574
1937,193.603872,31.69515054853387
1938,193.703874,31.816701677457853
1939,193.80387600000003,31.79624017021946
1940,193.903878,32.272809007990084
1941,194.00388,32.41044882966408
1942,194.103882,32.42261554371378
1943,194.203884,31.874335469467
1944,194.303886,31.658762428594187
1945,194.403888,31.214515576717847
1946,194.50389,31.264819630032754
1947,194.603892,31.099528059367806
1948,194.703894,31.082877986758497
1949,194.803896,30.8010740790447
1950,194.90389800000003,30.821483799423856
1951,195.0039,30.881056031455266
1952,195.103902,31.230927009747315
1953,195.20390400000002,31.736377869331804
1954,195.303906,31.22000492264959
1955,195.403908,31.258139700549034
1956,195.50391,31.363449353919556
1957,195.603912,31.514787413826568
1958,195.703914,31.908576696361294
1959,195.803916,31.17654340459183
1960,195.903918,31.24128877333188
1961,196.00392000000002,31.303165054658237
1962,196.10392199999998,31.7920141217187
1963,196.203924,31.69123971060747
1964,196.30392600000002,31.717836293316715
1965,196.403928,31.57450739056442
1966,196.50393,31.79360789690892
1967,196.60393200000001,31.428329481537272
1968,196.703934,31.729802309873225
1969,196.80393600000002,31.608096020543385
1970,196.90393799999998,31.61485359326677
1971,197.00394,31.521029953260104
1972,197.10394200000002,31.744249630667678
1973,197.203944,31.99641973168733
1974,197.303946,31.79929700090629
1975,197.403948,32.05564452433943
1976,197.50395,32.717236586475
1977,197.603952,32.39038814533448
1978,197.703954,32.135576493833845
1979,197.803956,31.070876266460484
1980,197.90395800000002,31.00221066496442
1981,198.00395999999998,30.88800693851435
1982,198.103962,31.143346079483607
1983,198.203964,31.463664446426247
1984,198.303966,31.80187435146078
1985,198.403968,31.56410181947555
1986,198.50397,31.903631447513117
1987,198.603972,31.76857581261398
1988,198.70397400000002,31.593701707805653
1989,198.803976,32.09941425783517
1990,198.903978,32.024791837911025
1991,199.00398,32.27077657282495
1992,199.10398200000003,31.802094251393505
1993,199.203984,31.442130766551127
1994,199.303986,31.475900840242385
1995,199.403988,31.799641114063846
1996,199.50399,32.05235159536977
1997,199.603992,31.61865291003074
1998,199.703994,31.966319541717507
1999,199.803996,31.726457598154802
2000,199.903998,31.930627758413486
2001,200.004,32.113608118152264
2002,200.104002,31.807316624948452
2003,200.20400400000003,31.8399238599117
2004,200.304006,31.60188152280893
2005,200.404008,31.80439942790115
2006,200.50401000000002,32.05070317449476
2007,200.604012,32.045103882303145
2008,200.704014,31.815215430158155
2009,200.804016,31.82721086849267
2010,200.904018,31.478223635233384
2011,201.00402000000003,31.731341377069334
2012,201.104022,31.76591338347989
2013,201.204024,31.680834041835638
2014,201.30402600000002,31.821728300777853
2015,201.40402799999998,31.30316736618325
2016,201.50403,31.689964902455497
2017,201.60403200000002,32.06366867347618
2018,201.704034,31.89627465778871
2019,201.804036,32.24491636845785
2020,201.904038,32.306619869907976
2021,202.00404,32.35727884869719
2022,202.10404200000002,32.289539436553426
2023,202.20404399999998,32.44625524230487
2024,202.304046,31.455568372238908
2025,202.40404800000002,31.81623690832469
2026,202.50405,31.440813975415217
2027,202.604052,31.57519983413689
2028,202.704054,31.74393765164584
2029,202.804056,31.400583716034433
2030,202.904058,31.35636284694855
2031,203.00406,31.598317051445164
2032,203.104062,31.046009585326097
2033,203.20406400000002,31.469524223033293
2034,203.30406599999998,31.325292555388767
2035,203.404068,31.60689302268961
2036,203.50407,31.432056456178834
2037,203.604072,31.485430721113172
2038,203.704074,31.53771827595707
2039,203.804076,31.690072839636116
2040,203.904078,31.35485116924439
2041,204.00408000000002,31.59208887950524
2042,204.104082,31.10966126500797
2043,204.204084,30.78553183797006
2044,204.304086,30.54987378259887
2045,204.40408800000003,31.037839110419288
2046,204.50409,30.929559663668854
2047,204.604092,30.99858623790503
2048,204.704094,31.482955994491387
2049,204.804096,31.717853319660655
2050,204.904098,31.41588246772844
2051,205.0041,31.252963368247986
2052,205.104102,31.06639529064735
2053,205.204104,31.376924249253147
2054,205.304106,31.88730434157702
2055,205.404108,31.535206547368393
2056,205.50411000000003,31.838370417307857
2057,205.604112,31.87364175855955
2058,205.704114,31.557643056802796
2059,205.80411600000002,31.449246397752496
2060,205.904118,31.90820565703223
2061,206.00412,32.06376267514167
2062,206.104122,31.95938641788213
2063,206.204124,31.97588748451974
2064,206.30412600000002,31.768702352341467
2065,206.404128,31.538947721175568
2066,206.50413,31.47760863740812
2067,206.60413200000002,31.770137201251945
2068,206.70413399999998,31.207737296001117
2069,206.804136,30.77824135632002
2070,206.90413800000002,31.48141577574707
2071,207.00414,30.645732903910336
2072,207.104142,31.35671812099886
2073,207.204144,31.246041528406995
2074,207.304146,31.565800063407227
2075,207.40414800000002,31.827851290135403
2076,207.50414999999998,31.594333359288363
2077,207.604152,31.649507869474025
2078,207.70415400000002,31.596832983099254
2079,207.804156,31.784194796697037
2080,207.904158,31.981345394895875
2081,208.00416,32.01361800226881
2082,208.104162,31.70414307848959
2083,208.20416400000002,31.580636682427908
2084,208.304166,31.936806754030616
2085,208.404168,31.91758758784241
2086,208.50417000000002,32.30867016495762
2087,208.604172,31.75317446184799
2088,208.704174,31.84971694877792
2089,208.804176,32.45352948345916
2090,208.904178,32.527365049833485
2091,209.00418,32.51594274841359
2092,209.104182,31.705181899439484
2093,209.204184,31.23243036865577
2094,209.30418600000002,31.50853353087091
2095,209.404188,31.4262788588802
2096,209.50419,31.808895383427
2097,209.604192,31.386043283035747
2098,209.70419400000003,31.17568041224621
2099,209.804196,30.91257739080581
2100,209.904198,30.588648555638894
2101,210.00420000000003,31.231892298745628
2102,210.104202,31.489276253465125
2103,210.204204,31.36184973651953
2104,210.304206,31.48164642000898
2105,210.404208,32.377226130486605
2106,210.50421,31.485972216809056
2107,210.604212,31.38398726180378
2108,210.704214,31.75419227898051
2109,210.80421600000003,31.799707057079
2110,210.904218,31.93772164364934
2111,211.00422,31.97796001176102
2112,211.10422200000002,32.53039274905947
2113,211.204224,32.16811294463837
2114,211.304226,32.27458076818242
2115,211.404228,32.305773247837735
2116,211.50423,32.038071336764304
2117,211.60423200000002,31.73490045885415
2118,211.70423399999999,31.859645615499865
2119,211.804236,32.257211691731946
2120,211.90423800000002,32.147477941821684
2121,212.00423999999998,32.13172400508882
2122,212.104242,31.926998668140094
2123,212.20424400000002,32.23313746727292
2124,212.304246,32.527631633564816
2125,212.404248,32.21199629379971
2126,212.50425,32.12319904927389
2127,212.604252,31.529203101916405
2128,212.70425400000002,31.848144927356152
2129,212.80425599999998,31.905515393333
2130,212.904258,31.948215234625263
2131,213.00426000000002,32.2955937239527
2132,213.104262,32.016272939971444
2133,213.204264,32.011089968893494
2134,213.304266,31.804838740114292
2135,213.404268,32.36116498361302
2136,213.50427000000002,32.83508957189008
2137,213.604272,32.62437372494408
2138,213.704274,32.50437523276957
2139,213.80427600000002,32.51390499424131
2140,213.904278,32.048262951324595
2141,214.00428,31.884992677231647
2142,214.104282,31.60163665145714
2143,214.204284,31.504950263429027
2144,214.304286,31.0318143500497
2145,214.404288,31.478017373079407
2146,214.50429,31.370020374590776
2147,214.60429200000002,31.848794228415933
2148,214.704294,31.970218408051668
2149,214.804296,31.757241071961133
2150,214.904298,31.92494804953389
2151,215.00430000000003,31.835302084939066
2152,215.104302,31.20620055935068
2153,215.204304,31.47920130942357
2154,215.30430600000003,31.965829085845435
2155,215.404308,31.96644034939434
2156,215.50431,32.1404379055274
2157,215.604312,31.63846923447865
2158,215.704314,32.38531679282145
2159,215.804316,32.63012690873047
2160,215.904318,32.13333725382274
2161,216.00432,31.585066274553938
2162,216.10432200000002,31.36946161722101
2163,216.20432399999999,31.261297262445066
2164,216.304326,31.246384986848064
2165,216.40432800000002,31.457107108165484
2166,216.50433,31.2630351327915
2167,216.604332,31.485601420943528
2168,216.704334,31.93110363530154
2169,216.804336,31.739152085378723
2170,216.90433800000002,31.819118209410863
2171,217.00433999999998,31.67111388484741
2172,217.104342,32.27172105886427
2173,217.20434400000002,32.163848488860545
2174,217.30434599999998,32.30910134264999
2175,217.404348,32.28211672394826
2176,217.50435000000002,31.997479671127493
2177,217.604352,32.47449661993771
2178,217.704354,32.0366099258929
2179,217.804356,31.873472298938637
2180,217.904358,32.31578945654751
2181,218.00436000000002,32.357118463109884
2182,218.10436199999998,32.35192383571037
2183,218.204364,32.24936835746546
2184,218.30436600000002,32.12083485857277
2185,218.404368,32.76537055599101
2186,218.50437,32.83502417594407
2187,218.604372,32.80569558632082
2188,218.704374,32.32248194865173
2189,218.80437600000002,32.1010971933044
2190,218.904378,31.51450876747289
2191,219.00438,31.734631339369276
2192,219.10438200000002,31.74979367416743
2193,219.204384,31.802354712625544
2194,219.304386,32.054500669975575
2195,219.404388,32.23721676209033
2196,219.50439,32.19898536431429
2197,219.604392,32.4845160617065
2198,219.704394,31.9229664600896
2199,219.804396,31.74111830652817
2200,219.90439800000001,31.888530932811307
2201,220.0044,32.42892408582095
2202,220.104402,32.48090811908935
2203,220.204404,32.386508043523655
2204,220.30440600000003,31.819698372444645
2205,220.404408,31.62395985466826
2206,220.50441,31.35502783338271
2207,220.60441200000002,31.572837373537542
2208,220.704414,31.028031856817357
2209,220.804416,31.02631744656926
2210,220.904418,30.761691839380713
2211,221.00442,31.155838991230027
2212,221.104422,31.403956292009987
2213,221.204424,31.585560914785987
2214,221.304426,31.571014426620238
2215,221.40442800000002,31.983784917916726
2216,221.50442999999999,31.962420881472596
2217,221.604432,31.784141770167015
2218,221.70443400000002,32.294536155234105
2219,221.804436,32.69311914504531
2220,221.904438,32.219573659448095
2221,222.00444,31.548214588330993
2222,222.104442,31.216610189168115
2223,222.20444400000002,31.37916029303364
2224,222.30444599999998,31.756750365441544
2225,222.404448,31.531340292548105
2226,222.50445000000002,31.322236039253298
2227,222.60445199999998,31.515811741068692
2228,222.704454,31.281748184500927
2229,222.80445600000002,31.646026296836723
2230,222.904458,31.32975730381222
2231,223.00446,31.825605265131397
2232,223.104462,32.153064704724535
2233,223.204464,31.974957670791934
2234,223.30446600000002,31.586080329985187
2235,223.40446799999998,31.610174720733863
2236,223.50447,31.8757779088075
2237,223.60447200000002,31.993475325250945
2238,223.704474,32.1261970068814
2239,223.804476,31.692816651958502
2240,223.904478,32.45476459806678
2241,224.00448,32.34848697869912
2242,224.10448200000002,32.152288073260024
2243,224.204484,32.467844612020144
2244,224.304486,31.95522307014189
2245,224.40448800000001,31.813329551221074
2246,224.50449,32.14812007624151
2247,224.604492,32.35018332572792
2248,224.704494,32.30898027576268
2249,224.804496,32.54928827368091
2250,224.904498,32.33441256944601
2251,225.0045,32.16041098541164
2252,225.104502,32.18888772362969
2253,225.20450400000001,32.1809463258818
2254,225.304506,32.53721467777697
2255,225.404508,32.577349036939864
2256,225.50451,32.11747968028984
2257,225.60451200000003,31.71808653304766
2258,225.704514,31.965473380980555
2259,225.804516,31.917647339907283
2260,225.90451800000002,31.63371774389564
2261,226.00452,32.383511621703164
2262,226.104522,31.92621494847098
2263,226.204524,32.12845965904049
2264,226.304526,32.341759810530206
2265,226.404528,32.24032537345298
2266,226.50453,32.08096330605586
2267,226.604532,32.2217283066173
2268,226.70453400000002,32.40253979583012
2269,226.80453599999998,32.65336022163945
2270,226.904538,32.49191903128921
2271,227.00454000000002,33.028002864704796
2272,227.104542,32.3905837324542
2273,227.204544,32.21882520537775
2274,227.30454600000002,32.355653070502576
2275,227.404548,31.952219207064672
2276,227.50455000000002,31.87087040138351
2277,227.60455199999998,32.4192890004039
2278,227.704554,32.41482030492986
2279,227.80455600000002,32.03206998456882
2280,227.904558,31.93211777064072
2281,228.00456,32.08219200584859
2282,228.10456200000002,32.15000943309881
2283,228.204564,32.35962673166054
2284,228.304566,32.450015236587554
2285,228.404568,32.25537676865959
2286,228.50457,32.10069697419976
2287,228.60457200000002,32.04529556627581
2288,228.70457399999998,31.799268063837584
2289,228.804576,31.730776662175806
2290,228.90457800000001,32.03342330466725
2291,229.00458,31.740210946284414
2292,229.104582,32.22090738068349
2293,229.204584,32.37741170448384
2294,229.304586,32.31135514980591
2295,229.40458800000002,32.239350771530596
2296,229.50459,31.98358315064615
2297,229.604592,32.75841448499561
2298,229.70459400000001,32.315634425846504
2299,229.804596,32.147512729152005
2300,229.904598,32.34513865187042
2301,230.0046,32.400691613421294
2302,230.104602,32.85282237091528
2303,230.204604,32.8343695561487
2304,230.304606,32.322671682279854
2305,230.404608,32.45037474506216
2306,230.50461,32.2694152551242
2307,230.604612,31.979065407121173
2308,230.704614,32.39025724940383
2309,230.804616,32.762893762603234
2310,230.90461800000003,32.36402534331458
2311,231.00462,32.57209611810282
2312,231.104622,32.47039258583403
2313,231.20462400000002,32.36496573444145
2314,231.304626,32.3850077697308
2315,231.404628,32.531894249328985
2316,231.50463,32.27039773098391
2317,231.604632,31.565244959165316
2318,231.704634,31.70695189497473
2319,231.804636,31.988253474752135
2320,231.904638,31.76574591113519
2321,232.00464000000002,31.693239487513193
2322,232.10464199999998,31.687121948166695
2323,232.204644,31.667152770840417
2324,232.30464600000002,31.63576296290299
2325,232.404648,31.95794281388469
2326,232.50465,31.720880237994304
2327,232.60465200000002,31.446350263534192
2328,232.704654,31.287721352541144
2329,232.80465600000002,31.258191030753935
2330,232.90465799999998,31.255433580787784
2331,233.00466,31.207877969868488
2332,233.10466200000002,31.322993161160348
2333,233.204664,31.28984696450061
2334,233.304666,31.469841260047822
2335,233.40466800000002,31.420664960030546
2336,233.50467,31.458604752987565
2337,233.604672,31.563008016982636
2338,233.704674,31.949879014670213
2339,233.804676,31.626059055430385
2340,233.90467800000002,31.619579086587954
2341,234.00467999999998,32.11041194449149
2342,234.104682,32.02124928265375
2343,234.20468400000001,32.31250998826126
2344,234.304686,31.916944144733392
2345,234.404688,32.03817912454073
2346,234.50469,31.97427273571765
2347,234.604692,32.06971463390023
2348,234.70469400000002,32.42819297055103
2349,234.804696,31.709335720220174
2350,234.904698,31.97046537160599
2351,235.0047,31.91071180750403
2352,235.10470200000003,31.887901594905806
2353,235.204704,32.45078101466569
2354,235.304706,32.01292033275776
2355,235.404708,32.63820401486556
2356,235.50471,31.99574894683979
2357,235.604712,31.66888873233432
2358,235.704714,31.556496487914792
2359,235.804716,31.808963410044093
2360,235.904718,31.605870635600763
2361,236.00472,31.491811515496405
2362,236.104722,31.538226225011183
2363,236.20472400000003,31.485474337883378
2364,236.304726,31.4917108944808
2365,236.404728,31.52458527229905
2366,236.50473000000002,31.574587320445602
2367,236.604732,31.372045722634436
2368,236.704734,31.3413596852813
2369,236.804736,31.69348849464918
2370,236.904738,32.02099436103026
2371,237.00474,31.68635760237386
2372,237.104742,31.615139592660622
2373,237.204744,31.94626956991025
2374,237.30474600000002,31.992039254208926
2375,237.40474799999998,32.15969854530798
2376,237.50475,31.93633096455706
2377,237.60475200000002,31.91752120418012
2378,237.704754,31.657950573107698
2379,237.804756,31.573514477425135
2380,237.90475800000002,31.53905380457542
2381,238.00476,31.463126601730462
2382,238.10476200000002,31.773540259321873
2383,238.20476399999998,31.67283738795119
2384,238.304766,31.636223026258136
2385,238.40476800000002,32.06584173204258
2386,238.50477,31.886070494549813
2387,238.604772,31.42203275672424
2388,238.70477400000001,31.8508044143872
2389,238.804776,32.11491249139677
2390,238.904778,32.56699053103717
2391,239.00478,32.736853153893136
2392,239.104782,32.420540804065325
2393,239.20478400000002,32.557738271494465
2394,239.30478599999998,32.58938960179287
2395,239.404788,32.24692096993547
2396,239.50479,31.97121832685376
2397,239.604792,31.942411621788004
2398,239.704794,32.12759987925324
2399,239.804796,31.854621054465195
2400,239.904798,31.88649667086774
2401,240.00480000000002,32.08397016916906
2402,240.104802,32.14690385832157
2403,240.204804,32.51784442649869
2404,240.304806,32.553662618107445
2405,240.40480800000003,32.1451612672874
2406,240.50481,32.0755323273675
2407,240.604812,32.1605564424843
2408,240.704814,31.891862137005553
2409,240.804816,32.41780753146584
2410,240.904818,32.22020800826996
2411,241.00482,31.752445100482383
2412,241.104822,31.85588398936715
2413,241.204824,32.047099401190245
2414,241.304826,31.832076883045872
2415,241.404828,31.636172190376136
2416,241.50483000000003,32.02187059772067
2417,241.604832,31.99725266028158
2418,241.704834,31.68430842850553
2419,241.80483600000002,31.923961367985562
2420,241.904838,32.03209877905152
2421,242.00484,32.074162749787526
2422,242.104842,32.27184355927512
2423,242.204844,32.17808018335862
2424,242.30484600000003,32.1402854398171
2425,242.404848,32.553503361576574
2426,242.50485,32.90591544996423
2427,242.60485200000002,32.84174768235593
2428,242.70485399999998,32.511516794782466
2429,242.804856,32.31315483066201
2430,242.90485800000002,32.36917632829988
2431,243.00486,32.27309346769187
2432,243.104862,31.205938552482646
2433,243.20486400000001,31.960690302084114
2434,243.304866,31.74819318784108
2435,243.40486800000002,32.00391897880051
2436,243.50486999999998,32.01452970198455
2437,243.604872,31.79225684516927
2438,243.70487400000002,32.15223174099176
2439,243.804876,32.179680993321746
2440,243.904878,32.08600234811451
2441,244.00488,32.025011107835525
2442,244.104882,31.75044152665398
2443,244.204884,32.19042763609599
2444,244.304886,31.979818917477143
2445,244.404888,31.9244903665843
2446,244.50489000000002,31.970035061745357
2447,244.604892,32.15881125563253
2448,244.704894,32.642457514521695
2449,244.804896,32.51760365484562
2450,244.904898,31.920058351464508
2451,245.0049,32.07786367027823
2452,245.104902,32.115087789479375
2453,245.204904,31.999142114135115
2454,245.30490600000002,31.853928158610984
2455,245.404908,32.09320596210048
2456,245.50491,32.013064214307725
2457,245.604912,31.51758571802253
2458,245.70491400000003,31.651481313455225
2459,245.804916,31.17364814201378
2460,245.904918,31.69948240937058
2461,246.00492000000003,31.89134136175734
2462,246.104922,31.722160901749852
2463,246.204924,31.2633861688988
2464,246.304926,31.153496344855355
2465,246.404928,31.309799511015758
2466,246.50493,31.210032378872985
2467,246.604932,31.535482950563097
2468,246.704934,31.93145438072427
2469,246.80493600000003,31.995207434246197
2470,246.904938,31.962516733617417
2471,247.00494,32.110296996274585
2472,247.10494200000002,31.732160415570892
2473,247.204944,31.270312524080996
2474,247.304946,31.879826260458902
2475,247.404948,32.10675131296921
2476,247.50495,32.04269439045389
2477,247.60495200000003,32.17105525688036
2478,247.704954,32.397288230712064
2479,247.804956,32.16118121679273
2480,247.90495800000002,31.93802798856118
2481,248.00495999999998,32.127173042861955
2482,248.104962,31.90055142518391
2483,248.20496400000002,32.14498395726205
2484,248.304966,32.077038216382725
2485,248.404968,32.15065793723394
2486,248.50497000000001,32.286722637939064
2487,248.604972,31.696306038241136
2488,248.70497400000002,31.50599816735496
2489,248.80497599999998,31.66589876973599
2490,248.904978,31.58768754288788
2491,249.00498000000002,31.630487026904472
2492,249.104982,31.43102972368032
2493,249.204984,31.275033281634148
2494,249.304986,31.111097912960027
2495,249.404988,31.205669460436145
2496,249.50499,31.374848510430024
2497,249.604992,31.615613727668794
2498,249.704994,31.695154634533928
2499,249.80499600000002,31.50154041065031
2500,249.904998,31.2407604794625
2501,250.005,31.436575889234977
2502,250.105002,31.331373665069837
2503,250.205004,31.436996311841252
2504,250.305006,31.160772946720872
2505,250.405008,31.255067352216635
2506,250.50501,31.070514396720153
2507,250.60501200000002,30.97140920309864
2508,250.705014,31.793664249370536
2509,250.805016,31.633686339406676
2510,250.905018,31.729429026789962
2511,251.00502000000003,31.736335585883904
2512,251.105022,31.707778046932383
2513,251.205024,31.82055793467902
2514,251.30502600000003,31.00586445941571
2515,251.405028,31.287563781071512
2516,251.50503,30.85842178655283
2517,251.605032,31.427315025213975
2518,251.705034,31.67534969950962
2519,251.805036,31.463833558570517
2520,251.905038,31.47718075558901
2521,252.00504,31.234187937931154
2522,252.10504200000003,31.812515441675362
2523,252.205044,31.74434538016453
2524,252.305046,32.024767006654045
2525,252.40504800000002,31.3520341660916
2526,252.50505,31.95740449626189
2527,252.605052,31.687167954055283
2528,252.705054,31.399873871591904
2529,252.805056,31.257222976997355
2530,252.90505800000003,31.339661831382372
2531,253.00506,31.442162905756724
2532,253.105062,31.62274712543303
2533,253.20506400000002,31.69823103681511
2534,253.30506599999998,31.525780597502784
2535,253.405068,31.444499464633456
2536,253.50507000000002,31.74587582675676
2537,253.605072,31.94190062987137
2538,253.705074,32.03321900163613
2539,253.805076,31.705192676449364
2540,253.905078,31.815770316679536
2541,254.00508000000002,31.648545775360187
2542,254.10508199999998,31.461572078285755
2543,254.205084,31.794039374360032
2544,254.30508600000002,31.93481735235044
2545,254.405088,32.38982764348608
2546,254.50509,31.774796247792878
2547,254.605092,31.801699435571972
2548,254.705094,32.37313993097475
2549,254.80509600000002,32.28958163048166
2550,254.905098,32.199627611722626
2551,255.0051,31.81234942078939
2552,255.10510200000002,31.7104359292767
2553,255.205104,31.626095730336434
2554,255.305106,31.914085484173302
2555,255.405108,31.422921300865188
2556,255.50511,31.281471080772025
2557,255.605112,31.75965946845934
2558,255.705114,31.66711165024728
2559,255.805116,31.93491910349838
2560,255.90511800000002,31.14338473962501
2561,256.00512,31.30849121695631
2562,256.105122,31.78119314968283
2563,256.205124,31.42847810645319
2564,256.30512600000003,31.35079043654692
2565,256.405128,31.544418589679122
2566,256.50513,31.472896268682533
2567,256.605132,31.837706965456732
2568,256.705134,31.758360464779074
2569,256.805136,31.702316212659696
2570,256.905138,31.691190091082902
2571,257.00514000000004,31.731202059220546
2572,257.105142,31.5058261781162
2573,257.205144,31.155401260086748
2574,257.30514600000004,31.28323093495049
2575,257.405148,31.449926657110947
2576,257.50515,31.405430148140308
2577,257.605152,31.724278589096045
2578,257.705154,31.959863517091332
2579,257.805156,32.39637540261467
2580,257.905158,31.817598948450716
2581,258.00516,32.02970652884436
2582,258.105162,31.327790977367098
2583,258.205164,30.982741481348032
2584,258.305166,31.189008872957075
2585,258.405168,31.421149613179985
2586,258.50517,31.900810970601363
2587,258.605172,32.01450036632247
2588,258.705174,32.005415976039295
2589,258.805176,32.03387562461188
2590,258.90517800000003,31.985357591193697
2591,259.00518,31.682714082776467
2592,259.105182,31.26177888305765
2593,259.20518400000003,31.617447568695283
2594,259.305186,31.767110720584167
2595,259.405188,31.701869630501825
2596,259.50519,31.51608801080987
2597,259.605192,31.847752991988397
2598,259.705194,31.388151076973866
2599,259.805196,31.098380630353883
2600,259.905198,31.13630189189567
2601,260.0052,31.389623614362527
2602,260.105202,31.731162737589525
2603,260.205204,31.46985210495114
2604,260.305206,31.148102394598794
2605,260.405208,31.25484757526494
2606,260.50521,31.36305605542124
2607,260.605212,31.676325318008388
2608,260.705214,31.646711051250506
2609,260.80521600000003,31.894788175413037
2610,260.905218,31.61213772213203
2611,261.00522,31.996261426885482
2612,261.105222,32.24441283462563
2613,261.20522400000004,31.73776607515242
2614,261.305226,32.03773141454461
2615,261.405228,31.322208397621075
2616,261.50523,31.727185848400833
2617,261.605232,31.779992603025157
2618,261.705234,32.22098323436611
2619,261.805236,32.016765022084606
2620,261.905238,31.451926226377687
2621,262.00524,31.47743684713969
2622,262.105242,31.677305517343804
2623,262.205244,30.96758606368861
2624,262.305246,30.42090737423412
2625,262.40524800000003,31.00686624761657
2626,262.50525,31.302187297662318
2627,262.60525199999995,31.28336244379109
2628,262.705254,31.382118024794917
2629,262.805256,31.044599286528904
2630,262.905258,31.35611294892744
2631,263.00526,31.036488876463743
2632,263.105262,31.67554328883764
2633,263.205264,31.520018044167102
2634,263.305266,31.571060212235235
2635,263.405268,31.709795871929913
2636,263.50527,31.40945984548768
2637,263.605272,31.97820408016036
2638,263.70527400000003,32.04170691295003
2639,263.805276,31.53364299290195
2640,263.905278,31.607478278521132
2641,264.00528,32.06767745612388
2642,264.105282,32.22767503679209
2643,264.205284,31.276542278392487
2644,264.305286,31.526668103647786
2645,264.405288,31.47081282174428
2646,264.50529,31.160396755980468
2647,264.605292,30.970909967840814
2648,264.705294,31.051380036900294
2649,264.80529600000006,31.218393489745516
2650,264.905298,31.407388027350038
2651,265.0053,31.331547017916584
2652,265.10530200000005,31.35754470893753
2653,265.205304,31.197934879282275
2654,265.305306,30.896789080885302
2655,265.405308,31.22122915938808
2656,265.50531,30.888097242863957
2657,265.605312,31.094628859549733
2658,265.705314,31.438513020413474
2659,265.805316,30.945107389111158
2660,265.905318,31.103829452844444
2661,266.00532,31.289576543733496
2662,266.105322,31.36752815452686
2663,266.205324,31.562970064189273
2664,266.305326,31.456776409349647
2665,266.405328,31.717053648679904
2666,266.50533,31.359470213040694
2667,266.605332,31.18773446588781
2668,266.70533400000005,31.082797054830966
2669,266.805336,31.055602198634308
2670,266.905338,31.31931777391943
2671,267.00534000000005,31.506612516657874
2672,267.105342,31.54094246596901
2673,267.20534399999997,31.706701453679504
2674,267.30534600000004,31.512897885296073
2675,267.405348,31.376508659355686
2676,267.50534999999996,31.031495114848845
2677,267.60535200000004,31.25722788996745
2678,267.705354,31.197027164777023
2679,267.805356,31.23282670980644
2680,267.90535800000004,30.82397505926061
2681,268.00536,31.685383693920738
2682,268.105362,31.348831770545633
2683,268.205364,31.542980575971043
2684,268.305366,31.92172909779171
2685,268.405368,31.399704196684148
2686,268.50536999999997,31.77034314150896
2687,268.60537200000005,31.938971277988266
2688,268.705374,32.04631934552806
2689,268.80537599999997,31.665338416141672
2690,268.90537800000004,32.09015016334898
2691,269.00538,31.74167018300985
2692,269.10538199999996,31.901855373480306
2693,269.20538400000004,32.07602884396555
2694,269.305386,32.34164426085278
2695,269.40538799999996,31.735157864330827
2696,269.50539000000003,31.447036969715988
2697,269.605392,31.113134784924174
2698,269.705394,31.099567416061713
2699,269.80539600000003,31.868304192089234
2700,269.905398,31.535535923627013
2701,270.0054,31.715688072534068
2702,270.105402,31.99037076912973
2703,270.205404,31.712976119370488
2704,270.305406,31.76068170763389
2705,270.405408,31.40782798714036
2706,270.50541000000004,31.53762534979461
2707,270.605412,31.470589500919864
2708,270.70541399999996,31.800658947353988
2709,270.80541600000004,31.896426154662006
2710,270.905418,32.061235873359294
2711,271.00541999999996,32.21089845445163
2712,271.10542200000003,31.981664046547095
2713,271.205424,32.08783367733052
2714,271.30542599999995,31.33471820272336
2715,271.40542800000003,31.38771465913007
2716,271.50543,31.595608873778854
2717,271.605432,31.246756870479143
2718,271.705434,31.420444926436563
2719,271.805436,31.3378646469918
2720,271.905438,30.967621292827488
2721,272.00544,30.77064081518488
2722,272.105442,30.970718527824108
2723,272.205444,31.12752032068766
2724,272.305446,31.50931706979984
2725,272.40544800000004,31.456334454548806
2726,272.50545,31.10919753285469
2727,272.605452,31.439087101698465
2728,272.70545400000003,31.7335605993012
2729,272.805456,31.376656146045573
2730,272.905458,31.16447918733607
2731,273.00546,31.365602490989602
2732,273.105462,31.56205300073709
2733,273.205464,32.03249033536659
2734,273.305466,31.91957814454811
2735,273.405468,31.823063143184484
2736,273.50547,31.418484572418315
2737,273.605472,31.578112550421924
2738,273.705474,31.506904538454478
2739,273.805476,31.43126679881165
2740,273.905478,31.13323813396045
2741,274.00548,31.83070148359855
2742,274.105482,31.84914780410949
2743,274.205484,31.98513167138094
2744,274.30548600000003,31.603575520718596
2745,274.405488,31.783131107720358
2746,274.50549,31.55453759033948
2747,274.605492,31.236287664998393
2748,274.705494,31.812760534957928
2749,274.805496,31.860571816635375
2750,274.905498,31.97590183822969
2751,275.0055,31.85817625785674
2752,275.105502,32.1367392195313
2753,275.205504,31.77483160453472
2754,275.305506,31.602154753088154
2755,275.40550800000005,31.644620740281816
2756,275.50551,31.455075096284773
2757,275.605512,31.68550419091812
2758,275.70551400000005,31.77189360420073
2759,275.805516,31.868312891621677
2760,275.905518,31.258836617536144
2761,276.00552000000005,31.204180809116224
2762,276.105522,31.110948636559876
2763,276.205524,31.335617263692534
2764,276.305526,31.117781451146552
2765,276.405528,31.118202645941064
2766,276.50553,30.6319351317324
2767,276.605532,30.99413908200369
2768,276.705534,31.152157143318398
2769,276.805536,31.212354615878994
2770,276.905538,31.567914420267673
2771,277.00554,31.418877141066183
2772,277.105542,31.84663972471473
2773,277.205544,32.174821524062
2774,277.30554600000005,31.666097760731216
2775,277.405548,31.282692799527183
2776,277.50554999999997,31.53765651491179
2777,277.60555200000005,31.658033180363237
2778,277.705554,31.480195699040607
2779,277.80555599999997,31.55457724411343
2780,277.90555800000004,31.486463588105217
2781,278.00556,31.49253761967199
2782,278.105562,31.63572929526683
2783,278.20556400000004,31.622550202677722
2784,278.305566,31.72077050365419
2785,278.405568,32.02486097443281
2786,278.50557000000003,31.809162385686307
2787,278.605572,32.21007817708552
2788,278.705574,32.54762714757332
2789,278.805576,32.385015823498
2790,278.905578,31.93081377537334
2791,279.00558,31.992578270716315
2792,279.10558199999997,32.49823792313239
2793,279.20558400000004,31.797330588612784
2794,279.305586,31.76936920659584
2795,279.40558799999997,31.838684156429533
2796,279.50559000000004,32.25359957022552
2797,279.605592,32.08762480676576
2798,279.70559399999996,31.829785725163436
2799,279.80559600000004,32.09222192005916
2800,279.905598,32.036693939696875
2801,280.0056,32.290036123167226
2802,280.10560200000003,31.998103635346165
2803,280.205604,31.628287987322683
2804,280.305606,31.405551125565864
2805,280.40560800000003,31.091535171945374
2806,280.50561,31.41331401556261
2807,280.605612,30.932953097445875
2808,280.705614,31.17030388974707
2809,280.805616,31.315926825552165
2810,280.905618,31.510879658352884
2811,281.00562,31.176077012269808
2812,281.10562200000004,31.414686361601255
2813,281.205624,31.540878076446813
2814,281.30562599999996,31.61388244658562
2815,281.40562800000004,31.92145012852127
2816,281.50563,31.664263045709216
2817,281.60563199999996,32.34095205773113
2818,281.70563400000003,31.97514170543465
2819,281.805636,32.539216276575964
2820,281.90563799999995,32.15298139460172
2821,282.00564,32.08534328587485
2822,282.105642,31.443931924639863
2823,282.205644,31.862631219380816
2824,282.305646,31.213972490509683
2825,282.405648,31.673256769409388
2826,282.50565,32.059106850683754
2827,282.605652,31.392408684795587
2828,282.705654,31.48396384994652
2829,282.805656,31.198687065617346
2830,282.905658,31.95329195052718
2831,283.00566000000003,32.116277030898964
2832,283.105662,32.57442944396615
2833,283.205664,32.563120881011315
2834,283.30566600000003,31.70289547061776
2835,283.405668,32.07699850316989
2836,283.50567,31.663776720517436
2837,283.605672,31.64241137565957
2838,283.705674,31.872663838445625
2839,283.805676,32.24781573048116
2840,283.905678,32.50750531337475
2841,284.00568,32.7933204837374
2842,284.105682,32.14620898902374
2843,284.205684,32.413533233247584
2844,284.305686,32.77761770218124
2845,284.405688,32.33163801952676
2846,284.50569,32.67677447470117
2847,284.605692,32.1284696945326
2848,284.705694,31.323391221044155
2849,284.805696,31.496402231175683
2850,284.90569800000003,31.687909710987967
2851,285.0057,32.09778110251718
2852,285.105702,31.932433148627037
2853,285.205704,31.71938847434943
2854,285.305706,31.258166860103497
2855,285.405708,30.941479760621355
2856,285.50571,31.613626441325096
2857,285.605712,30.991120495796714
2858,285.705714,31.3215458053714
2859,285.805716,31.411951028020745
2860,285.905718,31.924348281141928
2861,286.00572000000005,31.927506889956717
2862,286.105722,31.508254287983444
2863,286.205724,31.5538114282194
2864,286.30572600000005,31.3911670031678
2865,286.405728,31.64561907831369
2866,286.50572999999997,31.411275117264683
2867,286.60573200000005,31.258258707612338
2868,286.705734,31.610907266243586
2869,286.805736,31.475065313045345
2870,286.905738,31.537641605788938
2871,287.00574,31.332281479513746
2872,287.105742,31.089473549304653
2873,287.205744,31.45328397941314
2874,287.305746,31.788741375075166
2875,287.405748,31.617906304024526
2876,287.50575,31.795142240222113
2877,287.605752,31.77407423210448
2878,287.705754,31.783332476166706
2879,287.805756,31.971741055654107
2880,287.90575800000005,31.388374019380024
2881,288.00576,31.483125135687338
2882,288.10576199999997,31.48576751552979
2883,288.20576400000004,31.763370521736125
2884,288.305766,31.182566432543204
2885,288.40576799999997,31.770708973385947
2886,288.50577000000004,31.69137000813438
2887,288.605772,32.011088344880555
2888,288.705774,31.516841208035448
2889,288.80577600000004,32.067784250611545
2890,288.905778,32.28312388439169
2891,289.00578,32.16374757040539
2892,289.10578200000003,32.387185666513155
2893,289.205784,31.862543655453358
2894,289.305786,32.20682246454827
2895,289.405788,32.067495594454066
2896,289.50579,32.011528871613415
2897,289.605792,32.054122703183154
2898,289.70579399999997,32.130164708352
2899,289.80579600000004,31.709573355014964
2900,289.905798,31.586217147320117
2901,290.00579999999997,32.0387801986749
2902,290.10580200000004,32.41110097613912
2903,290.205804,32.312809269421436
2904,290.30580599999996,32.577884221703094
2905,290.40580800000004,31.91624390467456
2906,290.50581,32.07701846255251
2907,290.605812,32.331371241413436
2908,290.70581400000003,32.02040659541058
2909,290.805816,31.98372807150864
2910,290.905818,32.12263987242167
2911,291.00582,32.27129383960447
2912,291.105822,31.82283192645356
2913,291.205824,32.010136663398285
2914,291.305826,31.73548583554892
2915,291.405828,32.094071106617804
2916,291.50583,32.173027303238726
2917,291.605832,32.52009360290465
2918,291.70583400000004,31.869967987917576
2919,291.805836,31.564588758196173
2920,291.905838,31.676332776016295
2921,292.00584000000003,31.26334520942838
2922,292.105842,31.497360247590994
2923,292.20584399999996,31.676793369978117
2924,292.30584600000003,32.056845974675404
2925,292.405848,32.296470979541766
2926,292.50585,32.10915265533088
2927,292.605852,32.1478020511928
2928,292.705854,31.471640377815756
2929,292.805856,31.8301116961681
2930,292.905858,31.60757880792525
2931,293.00586,31.39284104348965
2932,293.105862,31.566392579176366
2933,293.205864,31.371293761218503
2934,293.305866,31.084821620509324
2935,293.405868,31.107164619340015
2936,293.50587,31.043900612380977
2937,293.60587200000003,31.52346284870071
2938,293.705874,31.144139095059373
2939,293.805876,31.62698688742041
2940,293.90587800000003,32.18744903589487
2941,294.00588,32.874415814173645
2942,294.105882,31.923306541570064
2943,294.205884,31.534698406265825
2944,294.305886,31.746100437936377
2945,294.405888,32.44543075174679
2946,294.50589,31.52121542531006
2947,294.605892,31.795428674327628
2948,294.70589400000006,31.652845958913367
2949,294.805896,32.33331610343789
2950,294.905898,32.27406441804012
2951,295.0059,32.50653268613442
2952,295.105902,32.31840496345131
2953,295.205904,32.43765563659979
2954,295.305906,32.25466582467614
2955,295.405908,32.42287496267039
2956,295.50591000000003,31.794636521828636
2957,295.605912,31.709529288880653
2958,295.705914,31.43255634222912
2959,295.805916,31.335196888557597
2960,295.905918,31.11509271960669
2961,296.00592,30.899716086719984
2962,296.105922,31.756251595550115
2963,296.205924,32.03103799847717
2964,296.305926,31.497183925900504
2965,296.405928,31.565860376078614
2966,296.50593,31.198620192554085
2967,296.60593200000005,31.49399475921268
2968,296.705934,31.92169885017123
2969,296.805936,32.20620460910846
2970,296.90593800000005,31.450648590799833
2971,297.00594,31.355601670074172
2972,297.10594199999997,31.4937943511871
2973,297.20594400000004,31.870293508426382
2974,297.305946,32.06245953013239
2975,297.405948,32.218554514741534
2976,297.50595,32.031986805237075
2977,297.605952,31.898450138143776
2978,297.705954,32.30070854856724
2979,297.805956,31.572349529910415
2980,297.905958,31.497986145604397
2981,298.00596,32.147523004759044
2982,298.105962,31.569765487792452
2983,298.205964,31.796028822042153
2984,298.305966,32.120829309777555
2985,298.405968,31.868306077627953
2986,298.50597000000005,31.799678648854723
2987,298.605972,31.214864790179394
2988,298.70597399999997,31.475805806611042
2989,298.80597600000004,31.96739758294074
2990,298.905978,32.20523087991257
2991,299.00597999999997,32.84793471964494
2992,299.10598200000004,32.47766973425449
2993,299.205984,32.17945077114422
2994,299.305986,32.2980942187382
2995,299.40598800000004,32.33610017566191
2996,299.50599,32.53706721630698
2997,299.605992,32.044021512994526
2998,299.70599400000003,31.630315911916938
2999,299.805996,31.710396840144668
3000,299.905998,31.880411873487436
3001,300.006,31.861460353191063
3002,300.106002,31.906516193099534
3003,300.206004,32.02165807100313
3004,300.30600599999997,32.10081845202329
3005,300.40600800000004,32.07088220418442
3006,300.50601,31.743358736562136
3007,300.60601199999996,31.704429546945118
3008,300.70601400000004,32.129567762501736
3009,300.806016,32.30152789742139
3010,300.90601799999996,32.58580422165314
3011,301.00602000000003,31.99173385235071
3012,301.106022,32.535389383413026
3013,301.206024,32.471068199205654
3014,301.30602600000003,32.220286589917826
3015,301.406028,32.33915940225414
3016,301.50603,32.31318455145381
3017,301.606032,31.875619611834633
3018,301.706034,31.916041084286075
3019,301.806036,32.38426152601988
3020,301.906038,31.81490801408754
3021,302.00604,31.69710220424943
3022,302.106042,32.14639063957579
3023,302.206044,31.979692331003474
3024,302.30604600000004,32.04138037108337
3025,302.406048,31.7629846167487
3026,302.50605,31.807067800198304
3027,302.60605200000003,31.474484491747504
3028,302.706054,31.939540275423496
3029,302.80605599999996,31.298134277395118
3030,302.90605800000003,31.84042812821243
3031,303.00606,32.240165300178056
3032,303.106062,31.666885889402163
3033,303.206064,31.952316384703945
3034,303.306066,31.68711524066365
3035,303.406068,32.12147131588232
3036,303.50607,32.12895951987314
3037,303.606072,32.08757895197742
3038,303.706074,31.373081657240355
3039,303.806076,30.872332384378296
3040,303.906078,31.159806782532605
3041,304.00608,30.91284078416861
3042,304.106082,30.910203038736807
3043,304.20608400000003,31.115567888986362
3044,304.306086,31.432972043232915
3045,304.406088,31.59838579535757
3046,304.50609000000003,31.57923844916403
3047,304.606092,31.887743055647054
3048,304.706094,31.918526235136234
3049,304.806096,31.856067583480183
3050,304.906098,32.088885715833484
3051,305.00610000000006,31.555480802761345
3052,305.106102,31.438610643286758
3053,305.206104,31.043112697059673
3054,305.30610600000006,31.448485858042215
3055,305.406108,31.830799642113515
3056,305.50611,31.737907094605237
3057,305.606112,31.794238857295817
3058,305.706114,31.76160535974415
3059,305.806116,30.959838557014354
3060,305.906118,31.34201675666055
3061,306.00612,31.447111686334004
3062,306.106122,31.450763794359816
3063,306.206124,30.999990478748845
3064,306.306126,31.94539571887423
3065,306.406128,31.325355060823806
3066,306.50613,31.559953505901632
3067,306.606132,31.324033763525172
3068,306.706134,31.12659071945096
3069,306.806136,31.00502947045284
3070,306.90613800000006,31.104357203534633
3071,307.00614,30.843773498078757
3072,307.106142,30.728640984825702
3073,307.20614400000005,31.511560530270437
3074,307.306146,31.320399188541014
3075,307.406148,31.184986054951814
3076,307.50615000000005,31.055611104663427
3077,307.606152,30.943668374149265
3078,307.70615399999997,31.270724118352263
3079,307.80615600000004,30.90302146584251
3080,307.906158,31.20580826914162
3081,308.00616,31.532757545735567
3082,308.106162,31.553805569537968
3083,308.206164,31.520734853462137
3084,308.306166,31.883800435783623
3085,308.406168,32.124138069677244
3086,308.50617,31.828080765843428
3087,308.606172,31.1961887801005
3088,308.706174,31.51285365467889
3089,308.806176,31.37430827688281
3090,308.906178,31.196836998322933
3091,309.00618,31.54900288137581
3092,309.10618200000005,32.113818188389125
3093,309.206184,31.862821736490936
3094,309.30618599999997,32.03091349375538
3095,309.40618800000004,31.774648321830792
3096,309.50619,31.15801249255105
3097,309.60619199999996,31.407441037447153
3098,309.70619400000004,31.821097507838292
3099,309.806196,31.451029043708857
3100,309.906198,31.499116615950733
3101,310.00620000000004,31.107098165472856
3102,310.106202,31.70520028286485
3103,310.206204,31.621895034168656
3104,310.30620600000003,31.76187396109229
3105,310.406208,32.04999507212324
3106,310.50621,32.008371150572636
3107,310.606212,32.37323303272261
3108,310.706214,32.70184119187379
3109,310.806216,32.38897310849305
3110,310.90621799999997,32.11250359757888
3111,311.00622000000004,31.71370163409661
3112,311.106222,31.854384609034796
3113,311.20622399999996,31.880484635257474
3114,311.30622600000004,32.01901147003831
3115,311.406228,32.202250032460626
3116,311.50622999999996,31.761585509151047
3117,311.60623200000003,31.64434054689108
3118,311.706234,31.85060705613787
3119,311.806236,31.846212121009394
3120,311.90623800000003,31.766038845257153
3121,312.00624,31.48261778996175
3122,312.106242,31.370568690338725
3123,312.206244,31.78279810766761
3124,312.306246,31.806014999241032
3125,312.406248,31.614768265078222
3126,312.50625,31.995382941482124
3127,312.606252,31.812440516256753
3128,312.706254,31.667792883610662
3129,312.806256,31.61144509082927
3130,312.90625800000004,31.54438125776137
3131,313.00626,31.320897148131152
3132,313.106262,31.513024806842136
3133,313.20626400000003,31.23835237445473
3134,313.306266,31.472941173282635
3135,313.40626799999995,31.671753323466866
3136,313.50627000000003,31.175635831246737
3137,313.606272,31.166087869320815
3138,313.706274,30.985335899856466
3139,313.806276,31.355111558364836
3140,313.906278,31.38892746172989
3141,314.00628,31.44521015655015
3142,314.106282,31.399077901287033
3143,314.206284,31.30570230052109
3144,314.306286,31.57520036165613
3145,314.406288,31.697037766140205
3146,314.50629,31.539347821453923
3147,314.606292,31.656299569065958
3148,314.706294,31.1553587894059
3149,314.80629600000003,31.435683266171164
3150,314.906298,31.38531870153418
3151,315.0063,31.380308966692674
3152,315.106302,31.19860365155557
3153,315.206304,31.50673064045714
3154,315.306306,31.51520749095165
3155,315.406308,31.16719585460433
3156,315.50631,31.683088866187596
3157,315.60631200000006,31.506099606102715
3158,315.706314,31.58605324192655
3159,315.806316,31.2339856279435
3160,315.90631800000006,31.428861277764216
3161,316.00632,31.93813794637197
3162,316.106322,31.275860470727856
3163,316.206324,31.255690895278047
3164,316.306326,31.202724371974313
3165,316.406328,30.83205842937251
3166,316.50633,31.158591287109562
3167,316.606332,31.449764020085052
3168,316.706334,31.371872206418665
3169,316.806336,31.735556922661523
3170,316.906338,31.729952119854605
3171,317.00634,31.494573400996536
3172,317.106342,31.57058412770835
3173,317.206344,31.56633289091033
3174,317.306346,31.072300096053844
3175,317.406348,31.291170785336003
3176,317.50635000000005,31.642960153102184
3177,317.606352,31.299783802201492
3178,317.706354,31.566157684899263
3179,317.80635600000005,31.430578449884315
3180,317.906358,31.49303409986446
3181,318.00636,31.42363266497847
3182,318.10636200000005,31.269782283997657
3183,318.206364,31.314494544945866
3184,318.30636599999997,30.548560582612836
3185,318.40636800000004,31.015979249218937
3186,318.50637,32.05147828931832
3187,318.606372,32.04198662505245
3188,318.706374,32.341449707095556
3189,318.806376,31.792897685844892
3190,318.906378,31.62381017210974
3191,319.00638,31.80476374698964
3192,319.106382,31.18076782985442
3193,319.206384,31.295907463526685
3194,319.306386,30.770848439568514
3195,319.40638800000005,31.00146499636886
3196,319.50639,30.534785112237714
3197,319.60639199999997,31.13523402818916
3198,319.70639400000005,31.220395043400586
3199,319.806396,30.967080053757044
3200,319.90639799999997,31.412205077192812
3201,320.00640000000004,31.716851048638496
3202,320.106402,31.523377369205686
3203,320.20640399999996,31.491265483805055
3204,320.30640600000004,31.526915417162613
3205,320.406408,31.47616143277905
3206,320.50641,31.280630082890205
3207,320.60641200000003,31.33570700839337
3208,320.706414,31.474180416459777
3209,320.806416,31.503200783789183
3210,320.90641800000003,30.836598602607193
3211,321.00642,30.868180632232093
3212,321.106422,30.8292836975857
3213,321.206424,30.61129323109691
3214,321.306426,31.028723850332213
3215,321.406428,31.099708628693623
3216,321.50642999999997,30.903251295967117
3217,321.60643200000004,31.045379610024963
3218,321.706434,31.044308390558964
3219,321.80643599999996,30.75275248915666
3220,321.90643800000004,31.051346466357845
3221,322.00644,30.90637740150538
3222,322.10644199999996,30.737210657309
3223,322.20644400000003,30.700140256717535
3224,322.306446,30.82873516713128
3225,322.406448,31.033401756250168
3226,322.50645000000003,31.578255250823982
3227,322.606452,30.8192144003099
3228,322.706454,30.743091315372734
3229,322.806456,30.60798132798284
3230,322.906458,30.711148228814242
3231,323.00646,30.369845662731542
3232,323.106462,31.10171153936338
3233,323.206464,30.625657976823533
3234,323.306466,30.693388706057632
3235,323.406468,30.123000412556628
3236,323.50647000000004,30.457085766762972
3237,323.606472,30.29073575689768
3238,323.706474,30.677848453469217
3239,323.80647600000003,30.026003317387232
3240,323.906478,30.502038061171763
3241,324.00647999999995,30.158837445587007
3242,324.106482,30.12426134164229
3243,324.206484,30.488702102755205
3244,324.306486,30.555128556856666
3245,324.406488,30.636086877045205
3246,324.50649,30.105185827857724
3247,324.606492,30.121963267197934
3248,324.706494,30.361997753352938
3249,324.806496,30.07458040676754
3250,324.906498,30.46918627661427
3251,325.0065,30.658432776774454
3252,325.106502,30.854220819589827
3253,325.206504,30.886220233314287
3254,325.306506,31.03914810152154
3255,325.40650800000003,30.707611072416757
3256,325.50651,30.89738666360327
3257,325.606512,30.67593864636797
3258,325.706514,30.286832803720586
3259,325.806516,30.542492406444968
3260,325.906518,30.395720209815604
3261,326.00652,30.92114418467421
3262,326.106522,30.567148847411158
3263,326.20652400000006,30.23726763919056
3264,326.306526,30.53087281900362
3265,326.406528,30.652943319490632
3266,326.50653000000005,31.288187971123875
3267,326.606532,30.915651630598425
3268,326.706534,30.11977994136492
3269,326.806536,30.361352763688426
3270,326.906538,30.63919076841153
3271,327.00654,30.495704234977588
3272,327.106542,30.45052885837261
3273,327.206544,30.182070330017527
3274,327.306546,30.034617252158547
3275,327.406548,30.31789281651944
3276,327.50655,30.335902521322293
3277,327.606552,30.159210777938764
3278,327.706554,30.591053185116373
3279,327.806556,30.844142464002257
3280,327.906558,30.906552000111773
3281,328.00656,30.788446192736366
3282,328.10656200000005,30.97771087065526
3283,328.206564,31.25850397858147
3284,328.306566,30.861882078751293
3285,328.40656800000005,30.553231647641326
3286,328.50657,30.550902379075755
3287,328.60657199999997,30.423414285634063
3288,328.70657400000005,30.584338798066103
3289,328.806576,30.541698307606506
3290,328.90657799999997,30.660707892565004
3291,329.00658000000004,30.410562338736707
3292,329.106582,29.94327759437658
3293,329.206584,30.407093468813482
3294,329.30658600000004,30.298357404630305
3295,329.406588,30.259164531999225
3296,329.50659,30.221508034267895
3297,329.606592,30.722906758838576
3298,329.706594,30.252042842357316
3299,329.806596,30.284921229791454
3300,329.906598,30.752841441747943
3301,330.00660000000005,30.303106881486304
3302,330.106602,30.217876706972177
3303,330.20660399999997,30.047277193799044
3304,330.30660600000004,30.15978019978344
3305,330.406608,29.96463402549211
3306,330.50660999999997,30.45155456324812
3307,330.60661200000004,30.32367827019631
3308,330.706614,30.96371583244831
3309,330.80661599999996,30.795237834228065
3310,330.90661800000004,30.85276356853061
3311,331.00662,31.177925174048493
3312,331.106622,31.34525312056111
3313,331.20662400000003,31.059191835816968
3314,331.306626,31.03393592117631
3315,331.406628,30.802885677918063
3316,331.50663000000003,31.33253423296169
3317,331.606632,30.714129202503543
3318,331.706634,31.100238472008222
3319,331.806636,31.41973881337254
3320,331.90663800000004,31.255457366352264
3321,332.00664,30.615346281714835
3322,332.10664199999997,30.77363960636931
3323,332.20664400000004,31.133310995727335
3324,332.306646,30.644468828791002
3325,332.40664799999996,30.503265005867178
3326,332.50665000000004,30.951383327432115
3327,332.606652,31.00966875480608
3328,332.70665399999996,31.028657503754854
3329,332.80665600000003,30.894589209502886
3330,332.906658,30.816835510450712
3331,333.00666,30.858638678957067
3332,333.10666200000003,30.651630609795294
3333,333.206664,31.138054458196354
3334,333.306666,30.816646244981186
3335,333.406668,30.85232231638973
3336,333.50667,30.594467647257378
3337,333.606672,30.419954551332392
3338,333.706674,30.547918505358822
3339,333.80667600000004,30.816345775060817
3340,333.906678,30.81074152003275
3341,334.00668,31.454656471446846
3342,334.10668200000003,30.79362202014584
3343,334.206684,31.24837430300823
3344,334.306686,31.038926977276713
3345,334.40668800000003,30.680613321960262
3346,334.50669,30.89940063786481
3347,334.60669199999995,31.258879891029455
3348,334.706694,31.14834588688954
3349,334.806696,31.35138073897878
3350,334.906698,31.311807161720267
3351,335.0067,31.413110663899523
3352,335.106702,31.228660831943262
3353,335.206704,30.729869154713885
3354,335.306706,30.821391305843648
3355,335.406708,30.375286007447666
3356,335.50671,30.724059212674614
3357,335.606712,31.002768015830853
3358,335.706714,31.421945123507996
3359,335.806716,31.358377990885533
3360,335.906718,31.121488849870634
3361,336.00672000000003,31.60029424505239
3362,336.106722,30.88691442988199
3363,336.206724,30.96030290400976
3364,336.306726,30.99219870749971
3365,336.406728,30.38576901534417
3366,336.50673,30.289880538961523
3367,336.606732,30.807601852529906
3368,336.706734,30.869501771561584
3369,336.80673600000006,30.61367742914358
3370,336.906738,30.60793102529619
3371,337.00674,30.52607735579741
3372,337.10674200000005,30.99418618170067
3373,337.206744,31.35606638862754
3374,337.306746,30.863182282291714
3375,337.406748,30.544925519826055
3376,337.50675,31.01898893404242
3377,337.606752,30.52646497290173
3378,337.706754,30.337310980719764
3379,337.806756,31.081647323880535
3380,337.906758,31.257219469056963
3381,338.00676,30.978268232971207
3382,338.106762,30.983479315524434
3383,338.206764,30.99466335964517
3384,338.306766,30.99824713665011
3385,338.406768,30.7511713017787
3386,338.50677,31.125058775568863
3387,338.606772,31.476007088075555
3388,338.70677400000005,31.617274532998497
3389,338.806776,31.367156861316673
3390,338.906778,31.129663464924946
3391,339.00678000000005,31.061995220756362
3392,339.106782,30.895847956485024
3393,339.20678399999997,31.025093552274026
3394,339.30678600000005,31.12485599917049
3395,339.406788,31.088405599826377
3396,339.50678999999997,30.80192223119311
3397,339.60679200000004,31.193242485772778
3398,339.706794,31.53867535477096
3399,339.806796,30.863591769015255
3400,339.90679800000004,30.9932517832156
3401,340.0068,31.291970946447798
3402,340.106802,31.118325881188717
3403,340.206804,30.917611869021453
3404,340.306806,30.760236188979242
3405,340.406808,31.596559416570447
3406,340.50681,30.969537771979816
3407,340.60681200000005,30.87363253474113
3408,340.706814,30.77478463851075
3409,340.80681599999997,31.059458809015208
3410,340.90681800000004,30.882933067871395
3411,341.00682,31.49262735597247
3412,341.10682199999997,31.4754507544967
3413,341.20682400000004,31.959600550735473
3414,341.306826,31.572837063309862
3415,341.40682799999996,31.774682201737576
3416,341.50683000000004,32.19884635585771
3417,341.606832,32.00435798717855
3418,341.706834,32.02880346282338
3419,341.80683600000003,32.14311420457976
3420,341.906838,31.305817815746867
3421,342.00684,30.962375954399526
3422,342.10684200000003,30.798843017541234
3423,342.206844,31.122311037475914
3424,342.306846,31.265294751284447
3425,342.406848,31.186656630690376
3426,342.50685000000004,31.061768645598026
3427,342.606852,30.9842041904409
3428,342.70685399999996,30.882129140399453
3429,342.80685600000004,30.576929149291665
3430,342.906858,30.60968322139919
3431,343.00685999999996,30.011395222264216
3432,343.10686200000004,30.06758071526324
3433,343.206864,29.882712693939784
3434,343.30686599999996,30.25132074582882
3435,343.40686800000003,30.233776600124653
3436,343.50687,30.584937270799905
3437,343.606872,30.77824392129376
3438,343.706874,30.240167062590455
3439,343.806876,30.00293152221197
3440,343.906878,30.23972662930095
3441,344.00688,30.34035686948374
3442,344.106882,30.15672977009636
3443,344.206884,30.231338308736547
3444,344.306886,30.213084696093993
3445,344.40688800000004,30.097729334907918
3446,344.50689,30.037293521672876
3447,344.606892,30.32934450316682
3448,344.70689400000003,30.765436103832354
3449,344.806896,30.406678600497326
3450,344.906898,30.392798120663237
3451,345.00690000000003,30.467489245216647
3452,345.106902,30.77109620862171
3453,345.206904,31.11500484508146
3454,345.306906,30.80691774248134
3455,345.406908,30.83697730947724
3456,345.50691,30.643405222490454
3457,345.606912,30.34051290853367
3458,345.706914,30.565514494743198
3459,345.806916,30.759140781694708
3460,345.906918,31.45182070035519
3461,346.00692,30.98339823538498
3462,346.106922,30.79866927593843
3463,346.206924,30.661390260657953
3464,346.30692600000003,30.64543094678552
3465,346.406928,30.489059590865303
3466,346.50693,30.363752297522804
3467,346.60693200000003,30.280485633065357
3468,346.706934,30.554518734179798
3469,346.806936,30.674639874776112
3470,346.906938,30.453576585168065
3471,347.00694,30.814724317881737
3472,347.106942,30.669151109482463
3473,347.206944,30.12024048202692
3474,347.306946,30.324720448304358
3475,347.40694800000006,30.524640714472074
3476,347.50695,30.55089068032766
3477,347.606952,30.309903608579187
3478,347.70695400000005,30.24689864318915
3479,347.806956,30.76367157747072
3480,347.906958,31.06269384876993
3481,348.00696000000005,30.912269472116336
3482,348.106962,30.933328501173012
3483,348.206964,30.94791650070341
3484,348.306966,30.417528440082442
3485,348.406968,30.67318841015422
3486,348.50697,30.745001715211373
3487,348.606972,30.91464336480223
3488,348.706974,30.797389877261473
3489,348.806976,30.8876316606633
3490,348.906978,30.765209463972656
3491,349.00698,30.756982798031686
3492,349.106982,30.906355086468686
3493,349.206984,30.541561238067327
3494,349.30698600000005,30.780286953112743
3495,349.406988,30.636099230428734
3496,349.50699,30.690725618380384
3497,349.60699200000005,30.35128950095907
3498,349.706994,30.382109627961736
3499,349.80699599999997,30.901680232640484
3500,349.90699800000004,30.429440705906973
3501,350.007,30.47582157172034
3502,350.10700199999997,29.75672782014482
3503,350.20700400000004,29.907473121077405
3504,350.307006,29.97240519194672
3505,350.407008,30.232657313161713
3506,350.50701000000004,30.576794369090166
3507,350.607012,30.842787486565523
3508,350.707014,30.314669092358475
3509,350.807016,30.145886330216225
3510,350.907018,30.31782158776816
3511,351.00702,30.558025099358886
3512,351.107022,30.37369708186332
3513,351.20702400000005,30.566799307086267
3514,351.307026,29.90905881129562
3515,351.40702799999997,30.193680750336924
3516,351.50703000000004,30.389946757747076
3517,351.607032,30.151513195092107
3518,351.70703399999996,30.4568559464329
3519,351.80703600000004,30.571032530571223
3520,351.907038,30.637077671026532
3521,352.00703999999996,30.876163841120558
3522,352.10704200000004,31.20020580621786
3523,352.207044,30.93532113075759
3524,352.307046,31.53141967831744
3525,352.40704800000003,31.172594840807534
3526,352.50705,31.127665597703142
3527,352.607052,30.922842789126115
3528,352.707054,30.978905146094743
3529,352.807056,31.32890801127159
3530,352.907058,31.281867962740286
3531,353.00706,31.571480040959756
3532,353.10706200000004,30.64564364717751
3533,353.207064,30.93261663437855
3534,353.30706599999996,30.630268469696308
3535,353.40706800000004,31.066764126762155
3536,353.50707,30.83156817880217
3537,353.60707199999996,30.658779541413228
3538,353.70707400000003,30.490691960475274
3539,353.807076,30.350914745487987
3540,353.90707799999996,30.50949375793588
3541,354.00708000000003,30.155508510451202
3542,354.107082,29.756580588560862
3543,354.207084,30.264072408035407
3544,354.307086,30.224874964116413
3545,354.407088,30.11303363728621
3546,354.50709,30.456585279411964
3547,354.607092,30.501221657821507
3548,354.707094,31.016518186711355
3549,354.807096,30.89617442256846
3550,354.907098,30.679247514965333
3551,355.00710000000004,31.046684048491617
3552,355.107102,31.063561911854947
3553,355.207104,30.417983402821076
3554,355.30710600000003,30.722608772733526
3555,355.407108,30.232713404224267
3556,355.50711,29.956449533745246
3557,355.60711200000003,30.22864855215958
3558,355.707114,30.334343318022118
3559,355.807116,30.63245717874242
3560,355.907118,30.692132228541944
3561,356.00712,30.5198098874478
3562,356.107122,30.767586140004493
3563,356.207124,30.571506678042677
3564,356.307126,30.403218902775507
3565,356.407128,30.270471570343645
3566,356.50713,30.063296602908746
3567,356.607132,30.145644372932658
3568,356.707134,30.53317227307549
3569,356.807136,30.35289106615881
3570,356.90713800000003,30.404968367388715
3571,357.00714,30.852748648654607
3572,357.107142,30.883473097574736
3573,357.207144,31.00464002485423
3574,357.307146,30.703300285088968
3575,357.407148,30.445612272368816
3576,357.50715,30.461755775487063
3577,357.607152,30.275034189273843
3578,357.707154,30.250888867537554
3579,357.807156,30.536985735322343
3580,357.907158,30.35928448442948
3581,358.00716000000006,30.39991499199067
3582,358.107162,30.660709271771754
3583,358.207164,30.368282518975043
3584,358.30716600000005,30.803757522871663
3585,358.407168,30.73507939428284
3586,358.50717,30.711595114350757
3587,358.60717200000005,30.31443989703861
3588,358.707174,29.91683329580401
3589,358.807176,30.30312098888358
3590,358.907178,30.179328416387687
3591,359.00718,30.39586940574573
3592,359.107182,30.462491439225282
3593,359.207184,30.61656442140478
3594,359.307186,29.785449579817858
3595,359.407188,30.285744921917736
3596,359.50719,29.755386729904583
3597,359.607192,29.97335116544708
3598,359.707194,30.0460310942847
3599,359.807196,29.89426804372879
3600,359.90719800000005,29.99704457280869
3601,360.0072,30.005371392613963
3602,360.107202,30.595488938170085
3603,360.20720400000005,30.709258630320484
3604,360.307206,30.771819882053784
3605,360.40720799999997,30.90651189679399
3606,360.50721000000004,31.015134911615057
3607,360.607212,30.94956675345003
3608,360.707214,30.844612476788974
3609,360.80721600000004,30.66791398920387
3610,360.907218,31.063368376308897
3611,361.00722,30.852625429665853
3612,361.10722200000004,30.518323003669252
3613,361.207224,30.615945742574752
3614,361.307226,30.032725673671575
3615,361.407228,30.028542799208058
3616,361.50723,30.342440167417237
3617,361.607232,30.65142264936838
3618,361.70723399999997,31.167676133759926
3619,361.80723600000005,31.424038113998172
3620,361.907238,31.261853970573064
3621,362.00723999999997,31.678514674379944
3622,362.10724200000004,32.064456431603126
3623,362.207244,31.729284664397305
3624,362.30724599999996,31.697186252016262
3625,362.40724800000004,30.894746517109148
3626,362.50725,30.755035929673323
3627,362.60725199999996,30.947219186077305
3628,362.70725400000003,31.449031179455726
3629,362.807256,30.907704720488876
3630,362.907258,31.155006765169123
3631,363.00726000000003,30.989183120420744
3632,363.107262,30.80069106142616
3633,363.207264,30.911495749717936
3634,363.307266,31.21418161263302
3635,363.407268,30.91240289804418
3636,363.50727,30.93642522524575
3637,363.607272,30.838497778647366
3638,363.70727400000004,31.26939539676198
3639,363.807276,31.257661075713756
3640,363.907278,30.817253683065488
3641,364.00728000000004,30.95462718931591
3642,364.107282,31.243859299661604
3643,364.20728399999996,31.168623497689214
3644,364.30728600000003,30.918280769018754
3645,364.407288,31.254444848205335
3646,364.50728999999995,31.084891683602837
3647,364.60729200000003,30.76593049704393
3648,364.707294,30.699948336552094
3649,364.807296,30.486511239163328
3650,364.907298,30.910602448153483
3651,365.0073,30.867773361184934
3652,365.107302,30.72431259983995
3653,365.207304,30.85383411398152
3654,365.307306,30.5624492843359
3655,365.407308,30.99617833012477
3656,365.50731,31.00163946795073
3657,365.60731200000004,31.22663393221639
3658,365.707314,30.958795499837095
3659,365.807316,31.173474920526623
3660,365.90731800000003,31.338674222193717
3661,366.00732,30.919205048919498
3662,366.107322,31.06362548132868
3663,366.207324,31.479976264749958
3664,366.307326,31.017230967925126
3665,366.407328,31.39028897864824
3666,366.50733,31.626437399492957
3667,366.607332,31.50002816489147
3668,366.70733400000006,31.98748499893715
3669,366.807336,31.09628827975754
3670,366.907338,31.446844540071634
3671,367.00734,31.25744798603839
3672,367.107342,31.54962499889879
3673,367.207344,31.374049770035626
3674,367.307346,30.669846134954486
3675,367.407348,30.81311167144515
3676,367.50735000000003,31.46071261355078
3677,367.607352,31.77563696795321
3678,367.707354,31.41169396090593
3679,367.807356,31.397010992159668
3680,367.907358,31.4021495108618
3681,368.00736,31.07145155700888
3682,368.107362,31.104447971310588
3683,368.207364,31.107535232057117
3684,368.307366,31.268520053420737
3685,368.407368,31.31902986421939
3686,368.50737,31.066277331862057
3687,368.60737200000005,31.237420855486718
3688,368.707374,30.956786066965574
3689,368.807376,30.745840590188827
3690,368.90737800000005,30.519289533245345
3691,369.00738,30.830245833738413
3692,369.107382,30.933661175322445
3693,369.20738400000005,31.31955485818349
3694,369.307386,31.1713397133851
3695,369.407388,31.424518689991967
3696,369.50739,31.44167383001093
3697,369.607392,31.230162554511757
3698,369.707394,31.242369045162636
3699,369.807396,30.636085251260003
3700,369.907398,30.807116631889375
3701,370.0074,31.044586459606627
3702,370.107402,31.248271202562094
3703,370.207404,30.985071002850223
3704,370.307406,30.738117666335636
3705,370.407408,31.2183657652752
3706,370.50741000000005,30.94229154085112
3707,370.607412,30.464302183641184
3708,370.70741399999997,30.47644201988296
3709,370.80741600000005,30.706451546679634
3710,370.907418,30.328383033540273
3711,371.00741999999997,30.311583168675
3712,371.10742200000004,30.00499600774335
3713,371.207424,29.890589388914123
3714,371.307426,30.334472756360523
3715,371.40742800000004,30.51754853027038
3716,371.50743,30.48500181297641
3717,371.607432,30.618285286941916
3718,371.70743400000003,30.39546323822904
3719,371.807436,30.372334432149835
3720,371.907438,30.234512097091283
3721,372.00744,30.146901724544573
3722,372.107442,30.471942735799683
3723,372.207444,30.762179290714016
3724,372.30744599999997,30.340766175989195
3725,372.40744800000004,30.247961899605762
3726,372.50745,30.68481489288761
3727,372.60745199999997,30.72407838760853
3728,372.70745400000004,30.514484764934398
3729,372.807456,30.642818515837078
3730,372.90745799999996,30.52008664538823
3731,373.00746000000004,30.62576288008554
3732,373.107462,30.366391426943967
3733,373.207464,30.49720807336868
3734,373.30746600000003,30.413583499657495
3735,373.407468,30.51312418346128
3736,373.50747,30.358650993567327
3737,373.60747200000003,30.577212445307175
3738,373.707474,30.824142397696168
3739,373.807476,30.358345382278497
3740,373.907478,30.382291714458432
3741,374.00748,30.275744472803275
3742,374.107482,30.55175126563718
3743,374.207484,30.627439307978904
3744,374.30748600000004,30.851437129915233
3745,374.407488,30.809642452397014
3746,374.50749,30.848425478164383
3747,374.60749200000004,30.632283116053543
3748,374.707494,30.576823397018632
3749,374.80749599999996,30.997586182783056
3750,374.90749800000003,30.791373644060045
3751,375.0075,30.913498911962137
3752,375.107502,30.571744934079074
3753,375.20750400000003,30.906193388710566
3754,375.307506,30.56578766132655
3755,375.407508,30.64180230203641
3756,375.50751,30.65061064181551
3757,375.607512,30.728570747083822
3758,375.707514,30.78048183435578
3759,375.807516,30.794843858045525
3760,375.907518,30.99624943829969
3761,376.00752,30.762659012134883
3762,376.107522,31.30541563796224
3763,376.20752400000003,31.294465931850656
3764,376.307526,31.38714369944964
3765,376.407528,31.81307181429012
3766,376.50753000000003,31.879600431296872
3767,376.607532,31.477604142412865
3768,376.707534,31.651294389322402
3769,376.807536,31.504360600792552
3770,376.907538,31.625638463313557
3771,377.00754,31.271443527899304
3772,377.107542,30.92407332304351
3773,377.207544,31.440677204566978
3774,377.30754600000006,31.231567139266517
3775,377.407548,31.244614511399437
3776,377.50755,31.137184421114018
3777,377.607552,31.446426580634906
3778,377.707554,30.94381548871115
3779,377.807556,31.278421265197508
3780,377.907558,31.09416385146073
3781,378.00756,30.9828101218543
3782,378.10756200000003,30.92943249549647
3783,378.207564,30.758386145314518
3784,378.307566,30.50887604246969
3785,378.407568,30.679601113857878
3786,378.50757,30.81543789492898
3787,378.607572,31.098466722576845
3788,378.707574,30.78598611966591
3789,378.807576,30.611149590333152
3790,378.907578,31.255626337302598
3791,379.00758,31.181759767617038
3792,379.107582,30.997930652807792
3793,379.20758400000005,30.7641092583739
3794,379.307586,31.24659905375398
3795,379.407588,31.163232625674805
3796,379.50759000000005,31.460218755815184
3797,379.607592,31.445634306232105
3798,379.707594,30.84067491836271
3799,379.80759600000005,30.90582999188189
3800,379.907598,31.034280164262185
3801,380.0076,31.281547715859684
3802,380.107602,31.370609389207793
3803,380.207604,31.171409867053015
3804,380.307606,31.336465488871802
3805,380.407608,31.357040752070233
3806,380.50761,31.688040220494887
3807,380.607612,31.669752286301218
3808,380.707614,31.64690381087988
3809,380.807616,31.828348757422603
3810,380.907618,31.207579252117956
3811,381.00762,31.42066473206369
3812,381.10762200000005,31.346696963605492
3813,381.207624,30.905557883387875
3814,381.30762599999997,31.105916081394966
3815,381.40762800000005,31.357228078617606
3816,381.50763,31.068853724257963
3817,381.60763199999997,30.90153289961814
3818,381.70763400000004,30.96943468031824
3819,381.807636,30.97866202710393
3820,381.907638,30.558918688585987
3821,382.00764000000004,30.332528856082995
3822,382.107642,30.803366097354235
3823,382.207644,30.69101318556958
3824,382.30764600000003,30.38539391457644
3825,382.407648,31.14173821858561
3826,382.50765,31.33286546205366
3827,382.60765200000003,30.941094262466148
3828,382.707654,30.982934640757136
3829,382.807656,31.01098362819799
3830,382.90765799999997,31.042875221390773
3831,383.00766000000004,31.228737941563825
3832,383.107662,30.914959881447704
3833,383.20766399999997,30.574471882883604
3834,383.30766600000004,30.60431094061638
3835,383.407668,31.09151606854376
3836,383.50766999999996,31.195172984782815
3837,383.60767200000004,31.054065949750157
3838,383.707674,31.10176276442363
3839,383.807676,31.523220579993367
3840,383.90767800000003,31.963729492515014
3841,384.00768,31.649561897969843
3842,384.107682,31.470597403506087
3843,384.20768400000003,31.52213373320864
3844,384.307686,31.662873011440013
3845,384.407688,31.833431661320617
3846,384.50769,31.73873768954309
3847,384.607692,31.443892034073492
3848,384.707694,31.042725523979964
3849,384.807696,31.20835722034444
3850,384.90769800000004,31.241270675331936
3851,385.0077,31.017597027052453
3852,385.107702,31.025715040533115
3853,385.20770400000004,30.664418625938392
3854,385.307706,30.814897744395818
3855,385.40770799999996,31.125273068003132
3856,385.50771000000003,30.251584987176933
3857,385.607712,30.20916517890846
3858,385.707714,30.233964244704584
3859,385.807716,30.97607966382322
3860,385.907718,31.177291785864863
3861,386.00772,31.20547857132699
3862,386.107722,31.279140103992027
3863,386.207724,31.483277251566108
3864,386.307726,31.81969102097717
3865,386.407728,31.520188670106553
3866,386.50773,30.94693931323684
3867,386.607732,30.65271358732317
3868,386.707734,30.884086049681844
3869,386.80773600000003,30.80500601383977
3870,386.907738,30.666038134287792
3871,387.00774,30.521276691145957
3872,387.10774200000003,30.849130920058037
3873,387.207744,30.891200911106857
3874,387.307746,30.822843988201544
3875,387.407748,30.901623277064726
3876,387.50775,31.04000223264443
3877,387.60775200000006,30.949664442254182
3878,387.707754,30.765961498860765
3879,387.807756,31.056457646678314
3880,387.90775800000006,31.170688861201462
3881,388.00776,30.847590418011805
3882,388.107762,31.120359099388214
3883,388.207764,30.63613948031162
3884,388.307766,30.919277952955934
3885,388.407768,31.506350048234825
3886,388.50777,31.054026646059892
3887,388.607772,30.771954901877482
3888,388.70777400000003,30.941307639115223
3889,388.807776,31.128957887356677
3890,388.907778,31.535980987909465
3891,389.00778,31.271384359164518
3892,389.107782,31.336249577000807
3893,389.207784,31.050719208444175
3894,389.307786,31.06154769734437
3895,389.407788,31.23075115957664
3896,389.50779,31.05979365326669
3897,389.607792,30.986795770218748
3898,389.707794,31.126764827473114
3899,389.80779600000005,30.9695670370119
3900,389.907798,30.496697751736555
3901,390.0078,30.557569189048348
3902,390.10780200000005,29.964270353188276
3903,390.207804,29.9597088857251
3904,390.30780599999997,29.93957940476346
3905,390.40780800000005,29.912931791273977
3906,390.50781,30.094822116624965
3907,390.607812,30.100812185935023
3908,390.707814,30.00493481134489
3909,390.807816,30.83587880754063
3910,390.907818,30.963509024865274
3911,391.00782,31.021663220107353
3912,391.107822,30.9274321966643
3913,391.207824,30.93584473575749
3914,391.307826,30.81909533711698
3915,391.407828,30.797031841707856
3916,391.50783,31.72039952009152
3917,391.607832,31.633821139951323
3918,391.70783400000005,31.89941003718252
3919,391.807836,30.766146992957278
3920,391.90783799999997,30.747004097165618
3921,392.00784000000004,31.035680202768912
3922,392.107842,31.257172990141296
3923,392.20784399999997,31.384923348364243
3924,392.30784600000004,31.53173627858372
3925,392.407848,31.560715253366897
3926,392.50785,31.288767451373527
3927,392.60785200000004,31.62764648519834
3928,392.707854,31.416336867370337
3929,392.807856,31.656169168600112
3930,392.90785800000003,31.45311131827224
3931,393.00786,31.31589121025406
3932,393.107862,31.196275090294577
3933,393.20786400000003,31.177546441574762
3934,393.307866,31.33589108514913
3935,393.407868,30.810244263896752
3936,393.50786999999997,31.430777226326125
3937,393.60787200000004,31.77985372435994
3938,393.707874,30.967038940836172
3939,393.80787599999996,30.426225566914546
3940,393.90787800000004,31.167254923566155
3941,394.00788,31.262926493462274
3942,394.10788199999996,31.218084196168626
3943,394.20788400000004,31.02436349148687
3944,394.307886,31.16556312171011
3945,394.407888,30.740760588032572
3946,394.50789000000003,30.88930492604362
3947,394.607892,31.085518239116418
3948,394.707894,31.07413601273417
3949,394.807896,31.340173002746596
3950,394.907898,31.43807680936117
3951,395.0079,31.578410225608696
3952,395.107902,30.886595623600506
3953,395.207904,31.452679404618017
3954,395.307906,31.839714781355834
3955,395.407908,30.836215913328765
3956,395.50791000000004,31.008215106829866
3957,395.607912,30.607570366905016
3958,395.707914,30.53973537066954
3959,395.80791600000003,30.608599444232528
3960,395.907918,30.636716571171476
3961,396.00791999999996,30.980133213247107
3962,396.10792200000003,31.06777347818725
3963,396.207924,31.025183413887838
3964,396.307926,30.947687545353865
3965,396.407928,31.13070135392047
3966,396.50793,31.001721290411634
3967,396.607932,30.92539616503366
3968,396.707934,30.872967694547366
3969,396.807936,30.60461410008343
3970,396.907938,30.606025000468538
3971,397.00794,30.90069981205101
3972,397.107942,31.218603555340014
3973,397.207944,30.77205756019656
3974,397.307946,30.61109188590355
3975,397.40794800000003,30.95480714678553
3976,397.50795,31.429284571083393
3977,397.607952,31.05795566606318
3978,397.70795400000003,31.31795069025278
3979,397.807956,31.016391402962128
3980,397.907958,30.714260367909624
3981,398.00796,30.660756979082688
3982,398.107962,30.933320120485085
3983,398.20796400000006,31.455685316099522
3984,398.307966,31.16014225185013
3985,398.407968,31.071220709803658
3986,398.50797000000006,31.075269613643172
3987,398.607972,30.845990090129884
3988,398.707974,31.263054991503143
3989,398.807976,30.948753449739442
3990,398.907978,31.223525232584944
3991,399.00798,31.154156654267936
3992,399.107982,31.449339433716204
3993,399.207984,31.61934994047611
3994,399.307986,31.75334786932425
3995,399.407988,31.461627268735825
3996,399.50799,31.789583016471305
3997,399.607992,31.483421925704963
3998,399.707994,31.749581498725348
3999,399.807996,31.729746975014873
4000,399.907998,31.392809495441476
4001,400.000014,31.624277499621016
