Frame,Time (ns),Radius of Gyration
1,0.0,12.188383892114313
2,0.100002,12.360950711314397
3,0.200004,12.24441716520646
4,0.30000600000000005,11.763002324719261
5,0.400008,12.439469801109858
6,0.50001,12.339205971681078
7,0.6000120000000001,12.279177369704833
8,0.700014,12.476924714915786
9,0.800016,12.559721304737565
10,0.900018,12.604952166896805
11,1.00002,12.116477224170515
12,1.1000219999999998,12.122508215131822
13,1.2000240000000002,12.438894271177885
14,1.3000260000000001,12.321339379527076
15,1.400028,12.05739828243756
16,1.50003,12.21637066767443
17,1.600032,12.20270602792538
18,1.700034,12.384225794711806
19,1.800036,12.526940571414338
20,1.9000380000000001,12.697110623449321
21,2.00004,12.635482628471319
22,2.1000419999999997,12.044592120646284
23,2.2000439999999997,12.504773425714538
24,2.300046,12.37802924631076
25,2.4000480000000004,12.202539928924564
26,2.5000500000000003,12.384148019002104
27,2.6000520000000003,12.230246401411769
28,2.700054,12.211827009285786
29,2.800056,12.433539870913911
30,2.900058,12.375432581542999
31,3.00006,12.16724718921737
32,3.100062,12.294199648827744
33,3.200064,11.986762104192552
34,3.300066,12.051029403743966
35,3.400068,12.177449808849808
36,3.50007,12.064605829938424
37,3.600072,12.147863863851681
38,3.700074,12.318958835076506
39,3.8000760000000002,12.547137649282755
40,3.900078,11.9898783048005
41,4.00008,12.153942146332819
42,4.1000820000000004,12.247852739443944
43,4.2000839999999995,12.107093357233573
44,4.300086,12.308235501575526
45,4.400087999999999,12.357441183255695
46,4.50009,12.155762214892844
47,4.600092,12.173557747299926
48,4.700094,12.261472775220954
49,4.800096000000001,12.39056961340574
50,4.900098,12.46505741498165
51,5.000100000000001,12.029759464273702
52,5.100102,12.089328613078372
53,5.2001040000000005,11.9936549853182
54,5.3001059999999995,12.215646171492518
55,5.400108,11.68328337320498
56,5.500109999999999,11.857656427504653
57,5.600112,11.750930247319952
58,5.700114,11.88467834786751
59,5.800116,11.963414629724813
60,5.900118,11.803264589632493
61,6.00012,11.844845529138059
62,6.100122000000001,11.908548328082988
63,6.200124,12.053909368432661
64,6.300126000000001,11.757228455882018
65,6.400128,12.056464544549687
66,6.50013,11.915727969883719
67,6.600132,11.88892750749247
68,6.700134,11.919360573051646
69,6.800136,11.74711265662288
70,6.900138,11.88009072956353
71,7.00014,11.95901162444192
72,7.100142,12.428224012365755
73,7.200144,12.140141129057785
74,7.300146,12.26316676178606
75,7.400148,11.920766108570021
76,7.5001500000000005,11.84306198157225
77,7.6001520000000005,11.841235416721942
78,7.700154,12.218747359940236
79,7.800156,11.917299339763483
80,7.900158,11.965866174734803
81,8.00016,11.81668447911586
82,8.100162000000001,11.82746065318216
83,8.200164000000001,11.685727143187943
84,8.300166,11.942930865837521
85,8.400167999999999,11.946877701678984
86,8.50017,11.983032359824021
87,8.600172,12.529723618339778
88,8.700174,12.169350454694987
89,8.800175999999999,12.104386155409978
90,8.900178,12.113837187808103
91,9.00018,12.300050357961593
92,9.100182,12.394695262818994
93,9.200184,12.128560398275619
94,9.300186,12.536073067918752
95,9.400188,12.300018914970412
96,9.50019,12.195448567988205
97,9.600192000000002,12.415044068064931
98,9.700194,12.164528923683973
99,9.800196,12.177398804662337
100,9.900198,12.358040921522417
101,10.000200000000001,12.499674407138372
102,10.100202,12.502470772729675
103,10.200204,12.724662215461233
104,10.300206,12.723217758464937
105,10.400208000000001,12.499647199459275
106,10.500210000000001,12.651417617158145
107,10.600211999999999,12.845055029137319
108,10.700214,12.46849678794434
109,10.800216,12.720791629516443
110,10.900218,12.636549692619687
111,11.000219999999999,12.687225277361485
112,11.100222,12.787527568941897
113,11.200224,12.97891971140334
114,11.300226,12.702002531502483
115,11.400228,12.4400882766335
116,11.50023,12.453741025508403
117,11.600232,12.499442481997383
118,11.700234,13.161165864209298
119,11.800236,12.752103123717072
120,11.900238,12.799986643245157
121,12.00024,12.794878186366994
122,12.100242,13.15349429316495
123,12.200244000000001,12.314096727385198
124,12.300246000000001,12.422082257458174
125,12.400248,12.295761664374123
126,12.50025,12.415361345714334
127,12.600252000000001,12.331846062196904
128,12.700254000000001,12.004723492682125
129,12.800256,11.827988106933288
130,12.900258,13.013520608194868
131,13.00026,12.66748723440504
132,13.100262,12.964082894075627
133,13.200264,12.735471853330878
134,13.300265999999999,12.408195196679928
135,13.400268,12.550639400859117
136,13.50027,12.320883588332974
137,13.600272,12.367683419230326
138,13.700274,12.23389934535877
139,13.800276,12.357219303257711
140,13.900278,12.23278789582022
141,14.00028,12.024623185436635
142,14.100282000000002,12.293007252987321
143,14.200284,12.23722486093344
144,14.300286,12.647500394851198
145,14.400288,12.201092104009584
146,14.500290000000001,12.145455567068657
147,14.600292,12.311613755634278
148,14.700294,12.753300991735959
149,14.800296,12.151582089825395
150,14.900298000000001,12.070416463064229
151,15.000300000000001,11.999645746435124
152,15.100302,12.02267942694105
153,15.200304000000001,12.015419775080536
154,15.300306,11.925658075887666
155,15.400308,11.79372762882579
156,15.500309999999999,11.892630270206721
157,15.600312,12.216853243864762
158,15.700314,12.330462463351033
159,15.800316,12.210886943723951
160,15.900318,12.223136599154817
161,16.00032,11.798447069341178
162,16.100322,12.134155371291788
163,16.200324000000002,11.88606540044318
164,16.300326000000002,11.711310449926238
165,16.400328000000002,12.13553353490477
166,16.50033,12.16159467873377
167,16.600332,12.192450646304154
168,16.700333999999998,12.057559174053639
169,16.800335999999998,12.04562025366561
170,16.900338,12.37991387520274
171,17.00034,12.09786308252364
172,17.100342,11.98191746050928
173,17.200344,12.052683516319393
174,17.300346,12.047207139834237
175,17.400348,11.96471091791449
176,17.50035,11.976288098401001
177,17.600351999999997,11.76798278890814
178,17.700354,11.78956358477268
179,17.800356,12.004299229008618
180,17.900358,11.854180437756218
181,18.00036,12.143496112829391
182,18.100362,11.935171450778641
183,18.200364,12.046564683640227
184,18.300366,12.175224338266165
185,18.400368,12.220715833082242
186,18.50037,12.096969045484057
187,18.600372,11.972418778643034
188,18.700374,12.010896852905189
189,18.800376,12.006507648501916
190,18.900378,11.986834474019815
191,19.00038,11.823249513902926
192,19.100382,12.121540947679819
193,19.200384000000003,12.088309702336009
194,19.300386,12.27575474170233
195,19.400388,12.033893116311875
196,19.50039,12.367944141932723
197,19.600392,12.734189588350192
198,19.700394,12.46149485150957
199,19.800396,12.362055350780782
200,19.900398000000003,12.414347493275192
201,20.000400000000003,12.041324189040177
202,20.100402000000003,12.182354779830755
203,20.200404,12.255790773060626
204,20.300406,12.552791955193689
205,20.400408,12.364131851947134
206,20.50041,12.577041975378174
207,20.600412,12.433415938866395
208,20.700414000000002,12.673025338228088
209,20.800416000000002,12.610212907939227
210,20.900418000000002,12.905788065061547
211,21.000420000000002,12.856959331050398
212,21.100422,13.025608008361043
213,21.200423999999998,12.921406067086235
214,21.300425999999998,12.710946162049844
215,21.400428,12.507773843643285
216,21.50043,12.560620708201121
217,21.600432,12.498746498433094
218,21.700434,12.424216358112613
219,21.800436,12.863010971489672
220,21.900438,12.293486887823457
221,22.000439999999998,12.287024979517875
222,22.100441999999997,11.922971807314285
223,22.200444,11.939438680337785
224,22.300446,11.806945511853492
225,22.400448,11.933334636833417
226,22.50045,11.734451889071025
227,22.600452,11.893462178558943
228,22.700454,11.778707359509989
229,22.800456,12.110726826121082
230,22.900458,12.155529941709968
231,23.00046,12.036709599385784
232,23.100462,12.588645620320909
233,23.200464,11.868330283463262
234,23.300466,11.969757820626851
235,23.400468,11.9217763090763
236,23.50047,11.912919132527604
237,23.600472,11.691562916427587
238,23.700474000000003,11.755205189754685
239,23.800476,11.57224571089187
240,23.900478,11.775858855230771
241,24.00048,11.768503080034925
242,24.100482,11.759489305177404
243,24.200484,11.810866892666771
244,24.300486,11.761312597664475
245,24.400488000000003,11.711395452339653
246,24.500490000000003,11.536262016390696
247,24.600492000000003,11.551706369206425
248,24.700494,11.653173604008495
249,24.800496,11.65388451950388
250,24.900498,11.523472997445912
251,25.0005,11.751629573008916
252,25.100502,11.84532474297667
253,25.200504000000002,11.527055341739793
254,25.300506000000002,11.511088069091398
255,25.400508000000002,11.871360739050312
256,25.500510000000002,11.880848528784671
257,25.600512,11.688763982110695
258,25.700514,11.701011619697633
259,25.800516,11.597032918968084
260,25.900518,11.572808128168388
261,26.00052,11.520258213015612
262,26.100522,11.822607448020394
263,26.200524,12.024733781589923
264,26.300526,11.897513089268935
265,26.400528,11.699831531418006
266,26.500529999999998,11.819925815442312
267,26.600531999999998,11.865168874715726
268,26.700534,12.093780158645512
269,26.800536,11.788903273197477
270,26.900538,11.699311539329779
271,27.00054,11.627692557904997
272,27.100542,11.730663456970282
273,27.200544,11.731189615175806
274,27.300546,11.754761140425215
275,27.400548,11.69202085444646
276,27.50055,11.700669522544533
277,27.600552,11.866112438372372
278,27.700554,11.843688127167646
279,27.800556,11.502364816204256
280,27.900558,11.49733703747243
281,28.00056,11.456223279981815
282,28.100562,11.30784163353531
283,28.200564000000004,11.773145614671941
284,28.300566,11.515389727360208
285,28.400568,11.47204616046254
286,28.50057,11.510880306005326
287,28.600572,11.595567795810165
288,28.700574,11.71381575629319
289,28.800576,11.572050196135871
290,28.900578000000003,11.401440704918338
291,29.000580000000003,11.6473219595551
292,29.100582000000003,11.659191706922021
293,29.200584,11.72515993874911
294,29.300586,11.78678985288774
295,29.400588,11.886613845742032
296,29.50059,11.860881371500424
297,29.600592,11.797924326264308
298,29.700594000000002,11.921259213857805
299,29.800596000000002,12.160526383938647
300,29.900598000000002,12.149049532964462
301,30.000600000000002,12.092972230285007
302,30.100602,11.969335450265039
303,30.200604,11.757817311464647
304,30.300606,11.986931535592086
305,30.400608000000002,11.808287053296707
306,30.50061,11.841867688179438
307,30.600612,11.797636225654955
308,30.700614,11.882163134137121
309,30.800616,12.019456447049752
310,30.900618,12.073002396830868
311,31.000619999999998,11.904439008200365
312,31.100621999999998,12.083890218743784
313,31.200624,11.818383172543815
314,31.300626,12.081825983485524
315,31.400628,12.265438793282389
316,31.50063,12.01821082395316
317,31.600632,12.000334862959955
318,31.700634,12.247693774264903
319,31.800636,12.248134310285645
320,31.900638,12.086770058469199
321,32.00064,12.014264625309526
322,32.100642,12.226988058474557
323,32.200644,12.069904953550767
324,32.300646,11.987870766154023
325,32.400648000000004,12.020967399727843
326,32.50065,12.255324599325998
327,32.600652000000004,12.20024207605256
328,32.700654,12.260989200306684
329,32.800656000000004,11.951906620450735
330,32.900658,12.432558262852325
331,33.00066,12.341909467447922
332,33.10066200000001,11.96746391830309
333,33.200664,12.223511248464748
334,33.300666,11.959937413753462
335,33.400667999999996,11.850239236320151
336,33.50067,12.110462824734656
337,33.600671999999996,12.10605788010643
338,33.700674,11.58036435778385
339,33.800676,11.879613944214261
340,33.900678,11.866322884643663
341,34.00068,11.92432053941258
342,34.100682,11.89830930971666
343,34.200684,12.022814623534307
344,34.300686,11.726932046817005
345,34.400688,11.585870470067764
346,34.500690000000006,11.89871093102728
347,34.600692,11.961788262404346
348,34.700694000000006,12.24001645543892
349,34.800696,11.715850220827074
350,34.900698000000006,12.13687162073135
351,35.0007,12.491407885877573
352,35.100702,12.715799814862823
353,35.200703999999995,12.438070221946068
354,35.300706,12.656518172964734
355,35.400708,12.826593294106845
356,35.50071,12.630950404259503
357,35.600712,12.58565620856911
358,35.700714,12.841487237466934
359,35.800716,12.594464307848282
360,35.900718,12.843475185109677
361,36.00072,12.971992308993682
362,36.100722000000005,12.47880328386295
363,36.200724,12.208585443619802
364,36.300726000000004,12.262985780543147
365,36.400728,12.627448934954066
366,36.500730000000004,12.380699119935125
367,36.600732,12.504831366967203
368,36.700734000000004,12.468686024832488
369,36.800736,12.043252274866978
370,36.900738,11.82442110052309
371,37.00074,12.177020361795933
372,37.100742,11.866874111238452
373,37.200744,12.011582116960332
374,37.300746,11.958294695089146
375,37.400748,12.262249704641285
376,37.50075,12.089459183912052
377,37.600752,12.1753936995401
378,37.700754,12.784695702077473
379,37.800756,12.623369768058362
380,37.900758,12.280739341267044
381,38.00076,12.52212377213021
382,38.100762,12.538897947510145
383,38.200764,12.46397690046368
384,38.300766,12.342957772241236
385,38.40076800000001,12.202056865110345
386,38.50077,12.78191885086432
387,38.600772,12.276572452239288
388,38.700773999999996,12.642741691102968
389,38.800776,12.188187533207882
390,38.900777999999995,12.117467600971965
391,39.00078,12.042429256364755
392,39.100782,12.111406209615804
393,39.200784,12.094190589962842
394,39.300786,11.858439223208235
395,39.400788,11.881666215997488
396,39.50079,12.188512129738067
397,39.600792,11.953796011371283
398,39.700794,12.05346289649346
399,39.800796000000005,12.18359306063497
400,39.900798,12.028732106001641
401,40.000800000000005,11.97007094496984
402,40.100802,12.134365197342717
403,40.200804000000005,11.958910462677316
404,40.300806,12.231941798912356
405,40.400808,12.258604955908195
406,40.500809999999994,12.295726882367363
407,40.600812,11.909833993847231
408,40.700814,11.859808506910746
409,40.800816,11.892439845297227
410,40.900818,12.096555303238905
411,41.00082,12.11890129003455
412,41.100822,11.92680536413133
413,41.200824,12.125387523501807
414,41.300826,12.026161690604601
415,41.400828000000004,12.087676536899453
416,41.50083,11.948026456292844
417,41.600832000000004,12.143692698624262
418,41.700834,12.075724848331262
419,41.800836000000004,12.155469228124641
420,41.900838,12.161548245934972
421,42.000840000000004,11.79952616409617
422,42.10084200000001,11.897026822138114
423,42.200844,12.052061600393083
424,42.300846,12.240515518333513
425,42.400847999999996,12.203132825194343
426,42.50085,12.316478947204395
427,42.600851999999996,12.11538929651494
428,42.700854,12.189592011566267
429,42.800856,11.972586634305948
430,42.900858,11.873753904444307
431,43.00086,12.136640219699999
432,43.100862,12.399080512779905
433,43.200864,12.081217648956198
434,43.300866,11.855510696442614
435,43.400868,12.037419322804046
436,43.500870000000006,11.449883539832674
437,43.600872,11.666421154906631
438,43.700874000000006,11.97791179099065
439,43.800876,12.42500516155728
440,43.900878000000006,11.95153828915756
441,44.000879999999995,11.976105067094082
442,44.100882,12.016624071492211
443,44.200883999999995,12.278557624094985
444,44.300886,12.218585430213142
445,44.400888,12.53331774048679
446,44.50089,12.387243384276209
447,44.600892,12.306764569419594
448,44.700894,12.265669086886204
449,44.800896,12.158837964481243
450,44.900898,12.238990654705209
451,45.0009,12.368734106318113
452,45.100902000000005,12.740435437682835
453,45.200904,12.440800865498879
454,45.300906000000005,13.060749535534208
455,45.400908,12.149655853108994
456,45.500910000000005,12.41475009350143
457,45.600912,12.374747529892517
458,45.700914000000004,12.495333072592098
459,45.800916,12.414567649043926
460,45.900918,12.408726976905218
461,46.00092,12.781831811743263
462,46.100922,11.938921096922398
463,46.200924,12.198819940872458
464,46.300926,11.657189885981499
465,46.400928,12.04681500643944
466,46.50093,12.291532670406264
467,46.600932,12.095134646874314
468,46.700934000000004,12.320857766842204
469,46.800936,12.483991356812632
470,46.900938000000004,12.564605218956093
471,47.00094,11.949041303797419
472,47.100942,12.099025579356486
473,47.200944,12.813380252341545
474,47.300946,12.267383935589153
475,47.40094800000001,12.157189633610711
476,47.50095,12.329671182366233
477,47.600952,12.451000538693721
478,47.700953999999996,12.712759906891044
479,47.800956,12.704995133921027
480,47.900957999999996,12.660299087784656
481,48.00096,12.611227439827763
482,48.100962,13.470476855884787
483,48.200964,12.620628063612276
484,48.300966,13.187995010381863
485,48.400968,12.772894605046588
486,48.50097,13.303277479377432
487,48.600972,13.74012473091988
488,48.700974,13.006606116012641
489,48.800976000000006,12.980674960652168
490,48.900978,12.573945527437782
491,49.000980000000006,11.888980663736124
492,49.100982,12.655655622621842
493,49.200984000000005,12.306128828467791
494,49.300986,12.581577056658498
495,49.400988,12.386312156841369
496,49.500989999999994,12.422358117833967
497,49.600992,12.419127778393866
498,49.700994,11.934334088039899
499,49.800996,12.507642331214996
500,49.900998,11.906349503333317
501,50.001,12.024342520420056
502,50.101002,12.465661221544115
503,50.201004,12.39929904126634
504,50.301006,12.083778517512929
505,50.401008000000004,11.90264380509449
506,50.50101,12.042689546382817
507,50.601012000000004,11.949276400094963
508,50.701014,11.986989549298778
509,50.801016000000004,12.056976049053866
510,50.901018,11.799943669013095
511,51.001020000000004,12.490548192507967
512,51.10102200000001,12.078187337209146
513,51.201024,12.224249893244753
514,51.301026,11.917547071345563
515,51.401028,12.07294613435552
516,51.50103,12.08508750905326
517,51.601032,11.953824137895312
518,51.701034,11.923178531948693
519,51.801036,12.228100307467464
520,51.901038,12.031512604823218
521,52.00104,12.028995473826647
522,52.101042,11.97120396616087
523,52.201044,12.182615147745906
524,52.301046,11.458581358945487
525,52.401048,11.812099064795651
526,52.501050000000006,11.632677748327655
527,52.601052,11.71825869726117
528,52.701054000000006,11.68633909723912
529,52.801056,11.384071348107938
530,52.901058000000006,11.17574256697005
531,53.001059999999995,11.931507625550998
532,53.101062,11.938929873087258
533,53.201063999999995,11.788249259637489
534,53.301066,11.68156456157172
535,53.401068,11.503944881154538
536,53.50107,11.083064368847582
537,53.601072,11.335293320773458
538,53.701074,11.355904044201997
539,53.801076,11.631125200817582
540,53.901078,11.658027048416141
541,54.00108,11.798305776352423
542,54.101082000000005,12.107683965439303
543,54.201084,12.041038968991023
544,54.301086000000005,12.33446607733834
545,54.401088,12.372976727999779
546,54.501090000000005,11.746223140070898
547,54.601092,12.569099872147934
548,54.701094000000005,12.587192830996313
549,54.801096,12.470474842576412
550,54.901098,12.683104997628256
551,55.0011,13.168846161704195
552,55.101102,12.78059596091517
553,55.201104,12.913637869292325
554,55.301106,13.207106370444784
555,55.401108,12.765080730458283
556,55.50111,12.785779896928695
557,55.601112,12.89238513038939
558,55.701114000000004,13.055901861220129
559,55.801116,13.252046849284868
560,55.901118000000004,13.2522659962251
561,56.00112,13.063426955044944
562,56.101122000000004,12.889594901740127
563,56.201124,12.905911206852235
564,56.301126000000004,12.95218353982342
565,56.40112800000001,12.761129270242778
566,56.50113,12.764602522924116
567,56.601132,12.95391322726467
568,56.701133999999996,12.507166860882737
569,56.801136,12.680432675162907
570,56.901137999999996,12.864858398533809
571,57.00114,12.83805245336743
572,57.101142,12.795639457330227
573,57.201144,13.00111599926662
574,57.301146,12.792899866223305
575,57.401148,12.946147534072548
576,57.50115,12.941276319849656
577,57.601152,12.939869447303247
578,57.701154,12.410233854023131
579,57.801156000000006,12.505737218989474
580,57.901158,13.004026175621735
581,58.001160000000006,12.901408356146458
582,58.101162,12.642291155247083
583,58.201164000000006,12.620092851251986
584,58.301166,12.516097689805425
585,58.401168,12.743343629093259
586,58.501169999999995,12.579654772035807
587,58.601172,12.327284293985448
588,58.701174,12.747693422069316
589,58.801176,12.585119159631668
590,58.901178,12.890942649240998
591,59.00118,12.654963119354786
592,59.101182,12.653811120672776
593,59.201184,12.6535716041066
594,59.301186,12.808392883623151
595,59.401188000000005,12.90259545617758
596,59.50119,13.02225459054502
597,59.601192000000005,12.764693361564188
598,59.701194,12.724802138672018
599,59.801196000000004,12.751424199553268
600,59.901198,13.23383906128581
601,60.001200000000004,13.055624976980695
602,60.10120200000001,13.023721954166504
603,60.201204,12.68102268749384
604,60.301206,12.840702106881182
605,60.401208,13.078265328175823
606,60.50121,12.884368246460252
607,60.601212,13.069299122851106
608,60.701214,12.656000063798293
609,60.801216000000004,12.706039930077065
610,60.901218,12.447172403985231
611,61.00122,12.220032738191327
612,61.101222,12.426035352869132
613,61.201224,11.997304020603135
614,61.301226,12.032697659439659
615,61.401228,12.373213684518223
616,61.50123000000001,12.197925513438928
617,61.601232,12.172641592202911
618,61.70123400000001,12.037554961237186
619,61.801236,12.149290034869825
620,61.901238000000006,11.874211542160944
621,62.001239999999996,12.152381090956004
622,62.101242,12.315956766432228
623,62.201243999999996,11.977124022923716
624,62.301246,12.283597363374465
625,62.401248,12.089481835474205
626,62.50125,11.9248736635028
627,62.601252,11.80542084118597
628,62.701254,11.993329970070578
629,62.801256,11.888024490453777
630,62.901258,11.887113047508768
631,63.00126,11.88053349330421
632,63.101262000000006,12.055860047121227
633,63.201264,11.896894606516918
634,63.301266000000005,11.703228306097971
635,63.401268,11.657777866282071
636,63.501270000000005,11.567460911696031
637,63.601272,11.621422687134308
638,63.701274000000005,11.708980118534933
639,63.801276,11.718467166100783
640,63.901278,11.522193395257581
641,64.00128,11.535344663182556
642,64.101282,11.510863817246577
643,64.201284,11.700686479664999
644,64.301286,11.678464287411453
645,64.401288,11.604692256687555
646,64.50129,11.850167682998467
647,64.601292,11.603894951769162
648,64.701294,11.542192901330806
649,64.80129600000001,11.966205537998073
650,64.901298,12.049388131312428
651,65.0013,11.57529002078831
652,65.101302,11.521137271916203
653,65.20130400000001,11.643683054557183
654,65.30130600000001,11.57518379993829
655,65.401308,11.750069631492059
656,65.50131,12.098006029506939
657,65.60131200000001,12.488918939106691
658,65.701314,12.225624503620569
659,65.801316,11.949200427753734
660,65.901318,12.011337411833887
661,66.00132,11.727579658110809
662,66.101322,11.90976427751091
663,66.20132400000001,11.92007818698142
664,66.301326,12.095952177996047
665,66.401328,11.807321891528401
666,66.50133,11.968124572661011
667,66.601332,11.724965752938447
668,66.701334,11.593430533251897
669,66.80133599999999,11.620953372635771
670,66.90133800000001,11.619859447850736
671,67.00134,11.584219879366996
672,67.101342,11.635532804748971
673,67.20134399999999,12.118493613350992
674,67.30134600000001,11.804955773724245
675,67.401348,11.857739420547157
676,67.50135,11.873022427675277
677,67.601352,12.070935156608213
678,67.70135400000001,12.079102996911464
679,67.801356,12.102443287421233
680,67.901358,12.597425383787652
681,68.00136,12.113508358810874
682,68.10136200000001,12.287666243514185
683,68.201364,12.157684893889552
684,68.301366,11.887250635070284
685,68.401368,11.99101069134181
686,68.50137,11.908316883316239
687,68.601372,12.312460426932466
688,68.701374,11.934423603299539
689,68.801376,12.009402408395482
690,68.901378,12.042061446853051
691,69.00138000000001,12.049899379916832
692,69.101382,12.011267898031802
693,69.201384,11.848453577937233
694,69.301386,11.969606243161937
695,69.40138800000001,11.798611380526294
696,69.50139,12.10508486601043
697,69.601392,11.914898698884969
698,69.701394,11.850062986290327
699,69.80139600000001,11.566283559801704
700,69.901398,12.045439307567635
701,70.0014,11.823395171892022
702,70.10140200000001,11.903151654625184
703,70.201404,11.777425981384525
704,70.301406,12.156343555620994
705,70.40140799999999,11.83655957690531
706,70.50141,11.731822919981463
707,70.601412,11.604756374003758
708,70.701414,11.346922713554553
709,70.801416,11.404958949215754
710,70.901418,11.437388432756357
711,71.00142,11.536338282017743
712,71.101422,11.398466092402426
713,71.201424,11.523465712497147
714,71.301426,11.310046933268897
715,71.401428,11.407611831485431
716,71.50143000000001,11.476170871835377
717,71.601432,11.517491906363377
718,71.701434,11.60902595276369
719,71.801436,11.60223008644739
720,71.901438,11.689397605999382
721,72.00144,11.632497730302914
722,72.10144199999999,11.758481467625693
723,72.20144400000001,11.907916930578107
724,72.301446,11.713478521225998
725,72.401448,12.007481430387463
726,72.50144999999999,12.068394075135494
727,72.60145200000001,11.622326294404271
728,72.701454,12.322369896194928
729,72.801456,12.334430645932088
730,72.901458,12.287919732255768
731,73.00146000000001,12.221497394257158
732,73.101462,12.4205266554061
733,73.201464,12.211524045163749
734,73.301466,12.695565292365643
735,73.40146800000001,12.386008866619955
736,73.50147,12.418350901564665
737,73.601472,12.059058114202703
738,73.701474,11.829020507091542
739,73.801476,11.893092056189472
740,73.901478,11.69855362773562
741,74.00148,11.927011150645685
742,74.101482,11.869647109180022
743,74.201484,12.009395523609149
744,74.30148600000001,11.705025634904379
745,74.401488,11.821182690801633
746,74.50149,11.654463085826265
747,74.601492,11.423557522249283
748,74.70149400000001,11.395597196687023
749,74.801496,11.563518179019809
750,74.901498,11.851358203971156
751,75.0015,11.691757604097775
752,75.10150200000001,11.63150227182019
753,75.201504,11.519490462292008
754,75.301506,11.284895844308322
755,75.401508,11.521835099660956
756,75.50151,11.31821573718129
757,75.601512,11.311000655029316
758,75.70151399999999,11.79735977345508
759,75.801516,12.335094632063074
760,75.901518,11.915024054679318
761,76.00152,12.31284651392709
762,76.101522,12.215447582846801
763,76.201524,12.319013809098895
764,76.301526,11.756763260647027
765,76.401528,11.516252119599281
766,76.50153,11.475305632116788
767,76.601532,11.862616569111081
768,76.701534,11.531688770494096
769,76.80153600000001,11.638690924168786
770,76.901538,11.203187363974921
771,77.00154,11.003800200344328
772,77.101542,11.304960405833196
773,77.201544,11.368268119655063
774,77.301546,11.318385700642846
775,77.40154799999999,11.321883672834318
776,77.50155000000001,11.261406599011572
777,77.601552,11.54496182462442
778,77.701554,11.472565614515446
779,77.80155599999999,11.827411346062002
780,77.90155800000001,11.143710546539385
781,78.00156,11.564036439852398
782,78.101562,11.53472975778899
783,78.201564,11.230356483551757
784,78.30156600000001,11.24774450694951
785,78.401568,11.413900203905161
786,78.50157,11.530498990421732
787,78.601572,11.430490328796568
788,78.70157400000001,11.51008143532328
789,78.801576,11.456731178545091
790,78.90157800000001,11.460837858982211
791,79.00158,11.571622723349666
792,79.101582,11.44250303196085
793,79.201584,11.571518296403855
794,79.301586,11.66118169312161
795,79.401588,11.423011066472291
796,79.50159,11.538167228256306
797,79.60159200000001,11.61872588367843
798,79.701594,11.476454705693369
799,79.801596,11.445385742888183
800,79.90159799999999,11.351072383501924
801,80.00160000000001,11.571644986713412
802,80.101602,11.761584541726348
803,80.201604,11.597780786580982
804,80.301606,11.633989233084778
805,80.40160800000001,11.704973004237672
806,80.50161,11.678940833918874
807,80.601612,11.75445049107199
808,80.701614,11.791975017280627
809,80.801616,12.027709590907183
810,80.901618,11.686217852296492
811,81.00161999999999,11.763274121500459
812,81.101622,11.928914431975135
813,81.201624,11.934316122322358
814,81.301626,12.021627436236136
815,81.401628,12.029007452880224
816,81.50163,11.956494011222018
817,81.601632,12.075894795737701
818,81.701634,12.025369668729187
819,81.801636,11.86170113589515
820,81.901638,11.25511893998463
821,82.00164,11.91140081918434
822,82.10164200000001,11.92680282815557
823,82.201644,12.094204813982563
824,82.301646,12.093193021993859
825,82.401648,11.970215713271513
826,82.50165000000001,12.208853109248519
827,82.601652,11.84959385622389
828,82.70165399999999,11.87062793280417
829,82.80165600000001,11.848380460790086
830,82.901658,11.937085710561355
831,83.00166,12.063575792828427
832,83.10166199999999,12.117169039261686
833,83.20166400000001,11.871721758678042
834,83.301666,12.17929117593416
835,83.401668,12.084097110402809
836,83.50167,12.19010127788147
837,83.60167200000001,11.364303080074157
838,83.701674,11.193604956916527
839,83.801676,11.333540646612759
840,83.901678,11.349814676957592
841,84.00168000000001,11.311439882540517
842,84.101682,11.588526934483857
843,84.20168400000001,11.548637490398397
844,84.301686,11.324760460677842
845,84.401688,11.435420412545332
846,84.50169,11.565903210333186
847,84.601692,11.38410714055133
848,84.701694,11.462388329043726
849,84.80169599999999,11.55913039538891
850,84.90169800000001,11.755963782228491
851,85.0017,11.778539208693104
852,85.101702,11.640196671081178
853,85.20170399999999,11.687978531840647
854,85.30170600000001,11.519160469283749
855,85.401708,11.552224622453402
856,85.50171,11.993538522888
857,85.601712,11.570703730498895
858,85.70171400000001,11.560574837494244
859,85.801716,11.623160289024607
860,85.901718,11.581123449167338
861,86.00172,11.752408356408194
862,86.10172200000001,11.648141063129808
863,86.201724,11.713899847750378
864,86.301726,11.604727719778268
865,86.401728,11.670968835713776
866,86.50173,11.62972125594719
867,86.601732,12.044426141982768
868,86.701734,12.11511601588271
869,86.801736,12.10506214402241
870,86.901738,12.606933113492799
871,87.00174000000001,12.188270597678622
872,87.101742,12.08380262161742
873,87.201744,12.13270851819537
874,87.301746,12.726140206994444
875,87.40174800000001,12.372854634122048
876,87.50175,13.05752315938686
877,87.601752,13.165518991213837
878,87.701754,12.774823276296909
879,87.80175600000001,13.175964099187265
880,87.901758,13.132932757440953
881,88.00175999999999,13.172078537875263
882,88.10176200000001,13.36702609498272
883,88.201764,13.031540847331101
884,88.301766,12.367959486914996
885,88.40176799999999,12.783702244528474
886,88.50177000000001,12.154453988877911
887,88.601772,12.855563709090946
888,88.701774,13.478059053725495
889,88.801776,12.30913794716329
890,88.90177800000001,12.694222848257475
891,89.00178,12.323311787996499
892,89.101782,12.139874876800505
893,89.201784,11.968524344271444
894,89.301786,12.206267865307456
895,89.401788,12.539286762417987
896,89.50179000000001,12.053230481958103
897,89.601792,12.058350425601166
898,89.701794,12.68091258851532
899,89.801796,11.655624345785169
900,89.901798,11.757543913299317
901,90.0018,12.131180181403636
902,90.10180199999999,12.26334642845489
903,90.20180400000001,11.796070995939367
904,90.301806,11.631058189006364
905,90.401808,11.613039256577919
906,90.50180999999999,11.544541859510076
907,90.60181200000001,11.716270637067302
908,90.701814,11.657294060893635
909,90.801816,11.783286332195962
910,90.901818,11.747794108691417
911,91.00182000000001,12.041440556585446
912,91.101822,11.734292079825723
913,91.201824,11.810724762354955
914,91.301826,11.803148664679073
915,91.40182800000001,11.727483247055915
916,91.50183,11.644546371639208
917,91.601832,11.660656146185943
918,91.701834,11.517657614534688
919,91.801836,11.90192635223482
920,91.901838,11.544018725647035
921,92.00184,11.823473917248313
922,92.101842,11.985645532752711
923,92.201844,11.645000049558499
924,92.30184600000001,11.601965367668068
925,92.401848,11.467296311366738
926,92.50185,11.803631984350208
927,92.601852,11.600906384140456
928,92.70185400000001,11.960775501223702
929,92.801856,11.845890121462405
930,92.901858,11.79297455945347
931,93.00186,12.136744867180957
932,93.10186200000001,11.777052289598586
933,93.201864,11.839498263894713
934,93.301866,11.663183090308266
935,93.40186800000001,11.683168441849359
936,93.50187,12.009421326084002
937,93.601872,12.19674793991318
938,93.70187399999999,11.87098442094069
939,93.80187600000001,11.751069753068755
940,93.901878,12.067471095869417
941,94.00188,12.00337117981927
942,94.101882,11.980894132135768
943,94.201884,12.18662825338323
944,94.301886,11.971983105780962
945,94.401888,11.873525168798906
946,94.50189,12.128221509812978
947,94.601892,11.973659660374292
948,94.701894,11.870598805182533
949,94.80189600000001,11.835658397834116
950,94.901898,12.258709592961461
951,95.0019,11.859060177852935
952,95.101902,12.043213667171504
953,95.201904,11.82079589767035
954,95.301906,11.81273664088819
955,95.40190799999999,11.875603951105553
956,95.50191000000001,12.106829865018689
957,95.601912,11.78407725303805
958,95.701914,11.85327723641891
959,95.80191599999999,11.730666263597728
960,95.90191800000001,11.54223623260771
961,96.00192,11.452351613408952
962,96.101922,11.520150811120793
963,96.201924,11.453621322006615
964,96.30192600000001,11.460974136059278
965,96.401928,11.489234405601954
966,96.50193,11.115340593186014
967,96.601932,11.389888975524762
968,96.70193400000001,11.634428402830387
969,96.801936,11.642277074285264
970,96.90193800000002,12.138012409847963
971,97.00194,11.689123160899811
972,97.101942,12.2416500872528
973,97.201944,11.977951242703263
974,97.301946,12.14239960892802
975,97.401948,12.315798612849212
976,97.50195,12.80686451685829
977,97.60195200000001,11.99213068973316
978,97.701954,11.83128498853166
979,97.801956,11.755867877258256
980,97.901958,12.22376435821847
981,98.00196000000001,12.221933115293762
982,98.101962,12.022202651392385
983,98.201964,12.032547487541999
984,98.30196600000001,11.568163429186862
985,98.40196800000001,11.7270450943315
986,98.50197,12.106741450120328
987,98.601972,11.828855973449729
988,98.701974,12.00077706726397
989,98.801976,11.909514479137227
990,98.901978,11.871376876710723
991,99.00197999999999,11.97564200992631
992,99.101982,12.072539361265417
993,99.201984,11.60865878283859
994,99.301986,12.13849384274218
995,99.401988,11.908366225823496
996,99.50199,12.190552029134532
997,99.601992,11.77533029614909
998,99.701994,11.925974111214858
999,99.801996,11.994728129907013
1000,99.901998,12.379106590978838
1001,100.002,11.723879470116112
1002,100.10200200000001,11.736609339643834
1003,100.202004,12.008710751035823
1004,100.302006,11.536656749509943
1005,100.402008,11.952959553144822
1006,100.50201000000001,11.681166787168486
1007,100.602012,12.387306688284637
1008,100.70201399999999,11.881595449046422
1009,100.80201600000001,12.222633989386585
1010,100.902018,11.990272441569962
1011,101.00202,11.819335530560275
1012,101.10202199999999,11.754527611123047
1013,101.20202400000001,11.741591179291962
1014,101.302026,12.007584259623622
1015,101.402028,11.905753792898848
1016,101.50203,11.898197290883243
1017,101.60203200000001,12.02870878901698
1018,101.702034,12.204096554608693
1019,101.802036,11.931079186211099
1020,101.902038,11.868602121313526
1021,102.00204000000001,11.698344285714878
1022,102.102042,11.550808336748466
1023,102.20204400000001,11.768136437380917
1024,102.302046,11.689736663325066
1025,102.402048,11.478873138707488
1026,102.50205,11.995634328664622
1027,102.602052,11.666055781584383
1028,102.702054,11.545508896242458
1029,102.802056,11.894534611302111
1030,102.90205800000001,11.788804727919423
1031,103.00206,11.766306925957084
1032,103.102062,12.112071796782867
1033,103.202064,11.850130607657357
1034,103.30206600000001,11.84539778360301
1035,103.402068,11.772962259672935
1036,103.50207,11.900415732069103
1037,103.602072,11.636601180043558
1038,103.70207400000001,11.731012269038859
1039,103.802076,11.280290260092578
1040,103.902078,12.074762714031513
1041,104.00208,11.9711076211879
1042,104.10208200000001,11.679589853505199
1043,104.202084,11.85231558450644
1044,104.302086,12.14269506378124
1045,104.402088,11.753166502325355
1046,104.50209,11.89437707357162
1047,104.602092,11.873866381780942
1048,104.702094,11.88168834868246
1049,104.802096,11.746499852408473
1050,104.902098,11.713518678594635
1051,105.00210000000001,11.707099479201016
1052,105.102102,11.968947229057466
1053,105.202104,11.59119521267546
1054,105.302106,11.856952089175534
1055,105.40210800000001,11.682112598240062
1056,105.50211,11.92872466983741
1057,105.602112,11.95393930194919
1058,105.702114,11.781926499307556
1059,105.80211600000001,11.824487941687543
1060,105.902118,11.580539295563845
1061,106.00211999999999,11.882488412198423
1062,106.10212200000001,11.689178235493657
1063,106.202124,11.731475541824455
1064,106.302126,11.787354890288624
1065,106.40212799999999,11.743657374252122
1066,106.50213000000001,11.667123181411402
1067,106.602132,11.985180653315409
1068,106.702134,11.981985512866634
1069,106.802136,11.592917429186492
1070,106.90213800000001,11.941827795647017
1071,107.00214,11.939032908393777
1072,107.102142,11.700392788609058
1073,107.202144,11.78030572779791
1074,107.30214600000001,11.669861946275834
1075,107.402148,11.56120731486488
1076,107.50215000000001,11.791459525391653
1077,107.602152,11.820245778602018
1078,107.702154,11.859308235209218
1079,107.802156,11.775742495617306
1080,107.902158,11.619240894599029
1081,108.00216,11.89418238380939
1082,108.10216199999999,11.793184914380387
1083,108.20216400000001,11.885414920695052
1084,108.302166,11.589545251416576
1085,108.402168,11.973589461892047
1086,108.50216999999999,11.715014009741278
1087,108.60217200000001,11.601121286720051
1088,108.702174,11.592126976670334
1089,108.802176,11.791633874710902
1090,108.902178,11.958437127279431
1091,109.00218000000001,11.518255733509278
1092,109.102182,11.738680330322964
1093,109.202184,11.776836631123574
1094,109.302186,11.818679008696375
1095,109.40218800000001,11.801588727709138
1096,109.50219,11.681092145797315
1097,109.602192,11.949558326311362
1098,109.702194,11.587158148292612
1099,109.802196,11.794939472146346
1100,109.902198,11.63525880286109
1101,110.0022,11.724322603847003
1102,110.102202,11.78945528345387
1103,110.202204,11.589973095085467
1104,110.30220600000001,11.662431631057094
1105,110.402208,11.346928760211972
1106,110.50221,11.744087216565225
1107,110.602212,11.569237408805487
1108,110.70221400000001,11.517570656434831
1109,110.802216,11.547038745954808
1110,110.902218,11.516086010753405
1111,111.00222,11.49354590855853
1112,111.10222200000001,11.465580817977402
1113,111.202224,11.546814183966886
1114,111.30222599999999,11.478064843789094
1115,111.40222800000001,11.509336181951578
1116,111.50223,11.74864565131251
1117,111.602232,11.587959362546306
1118,111.70223399999999,11.673564541519625
1119,111.80223600000001,11.8257793516049
1120,111.902238,11.488219641842218
1121,112.00224,11.527394694189034
1122,112.102242,11.527918739512192
1123,112.20224400000001,11.635286877011108
1124,112.302246,11.39825213590039
1125,112.402248,11.653822338913283
1126,112.50225,11.815113940006293
1127,112.60225200000001,11.745305605053657
1128,112.702254,11.276594202357774
1129,112.80225600000001,11.677085324398881
1130,112.902258,11.603783254012683
1131,113.00226,11.67724116573825
1132,113.102262,11.53345678823512
1133,113.202264,11.80745729556525
1134,113.302266,11.740097478444861
1135,113.40226799999999,11.685378693292812
1136,113.50227000000001,11.644045660128464
1137,113.602272,11.704409727399634
1138,113.702274,11.768529321053636
1139,113.80227599999999,11.471631149701611
1140,113.90227800000001,11.675956875361367
1141,114.00228,11.42731954836158
1142,114.102282,11.731348688672606
1143,114.202284,11.430658942879376
1144,114.30228600000001,11.573231531756495
1145,114.402288,11.653090977823199
1146,114.50229,11.745761332859463
1147,114.602292,11.850126900803682
1148,114.70229400000001,11.619206805596647
1149,114.802296,11.694080159174367
1150,114.902298,11.550062203813964
1151,115.0023,11.762009527532923
1152,115.102302,11.570206367410648
1153,115.202304,11.767422931848518
1154,115.302306,11.683919711812218
1155,115.402308,11.566032979862667
1156,115.50231,11.433969321268512
1157,115.60231200000001,11.495267936369078
1158,115.702314,11.859165402878213
1159,115.802316,11.627892539227618
1160,115.902318,11.540644776083587
1161,116.00232000000001,11.46978981983691
1162,116.102322,11.581685524222172
1163,116.202324,11.783339155699576
1164,116.30232600000001,11.796782749446745
1165,116.40232800000001,11.55900332796414
1166,116.50233,11.790976579127278
1167,116.602332,11.692564486503818
1168,116.70233400000001,11.787012374087112
1169,116.802336,11.83409044460478
1170,116.902338,11.778100932667416
1171,117.00233999999999,11.893388354350908
1172,117.10234200000001,11.779774293513269
1173,117.202344,11.736532140979188
1174,117.302346,11.686439747416692
1175,117.402348,11.87568698716857
1176,117.50235,11.928494751378173
1177,117.602352,11.837965236650891
1178,117.702354,11.851024494231615
1179,117.802356,11.94815552019215
1180,117.902358,11.860105605029547
1181,118.00236,11.767021527370018
1182,118.10236200000001,11.62737682925443
1183,118.202364,11.729850756051508
1184,118.302366,11.778356117452363
1185,118.402368,11.556545098038232
1186,118.50237,11.970893996313212
1187,118.602372,11.779685902013874
1188,118.70237399999999,11.52046076227746
1189,118.80237600000001,11.797781867288005
1190,118.902378,11.68606222034119
1191,119.00238,11.690791533000032
1192,119.10238199999999,11.797589488300607
1193,119.20238400000001,11.415726766655311
1194,119.302386,11.49102063772125
1195,119.402388,11.619734559927371
1196,119.50239,11.442780576014295
1197,119.60239200000001,11.971879673724496
1198,119.702394,11.87839561194048
1199,119.802396,11.84639615004975
1200,119.902398,11.964635290315218
1201,120.00240000000001,11.757289361054823
1202,120.102402,11.687875496393492
1203,120.20240400000002,11.825708548540634
1204,120.302406,11.39386363137572
1205,120.402408,11.534053036026565
1206,120.50241,11.681061057339488
1207,120.602412,11.86200068246198
1208,120.702414,11.828982155890746
1209,120.802416,11.586110116582027
1210,120.90241800000001,11.891283373294623
1211,121.00242,12.130448101205632
1212,121.102422,11.871899214725921
1213,121.202424,12.196815057634462
1214,121.30242600000001,11.84385257854399
1215,121.402428,12.061386819184982
1216,121.50243,11.82381122069256
1217,121.60243200000001,11.936962903697014
1218,121.70243400000001,12.110519087502688
1219,121.802436,11.953784628240278
1220,121.902438,12.157781768838507
1221,122.00244,12.011015122324876
1222,122.102442,12.181514819636838
1223,122.202444,12.219769751901735
1224,122.302446,12.244378629743139
1225,122.402448,11.874536251441315
1226,122.50245,11.947098467053356
1227,122.602452,11.776054503680584
1228,122.702454,11.983255173035399
1229,122.802456,11.694316933406235
1230,122.902458,11.884118419324432
1231,123.00246000000001,11.944694667744333
1232,123.102462,12.260947070296726
1233,123.202464,11.63701511763462
1234,123.302466,11.521961616725386
1235,123.40246800000001,11.841604367483354
1236,123.50247,11.840928294948775
1237,123.602472,11.803885314229781
1238,123.702474,11.691608371835159
1239,123.80247600000001,11.820578080857144
1240,123.902478,11.820673237970153
1241,124.00247999999999,11.850742444570727
1242,124.10248200000001,11.907677999967811
1243,124.202484,12.120754910256105
1244,124.302486,11.995923620141795
1245,124.40248799999999,12.22300040861936
1246,124.50249000000001,11.939625271100326
1247,124.602492,11.891979972807817
1248,124.702494,12.052153908129556
1249,124.802496,11.98855243055144
1250,124.90249800000001,11.921237591612877
1251,125.0025,12.182134770655148
1252,125.102502,12.164556625981247
1253,125.202504,12.123937232800898
1254,125.30250600000001,12.11525602058915
1255,125.402508,12.27180161201148
1256,125.50251000000002,12.338196741124687
1257,125.602512,12.179577791662389
1258,125.702514,12.815613004514304
1259,125.802516,12.124195411454158
1260,125.902518,12.338733220365159
1261,126.00252,12.421452539370483
1262,126.102522,12.318085083906578
1263,126.20252400000001,12.40847979390292
1264,126.302526,12.17909048333817
1265,126.402528,12.073205501781676
1266,126.50253,12.366487062428172
1267,126.60253200000001,12.228392579524433
1268,126.702534,12.110869788548763
1269,126.802536,12.39872963234878
1270,126.902538,11.92186722839374
1271,127.00254000000001,12.1208343586483
1272,127.102542,12.241136507536241
1273,127.202544,12.15624342707229
1274,127.302546,12.489801572982696
1275,127.40254800000001,12.14306978723383
1276,127.50255,12.282504463952103
1277,127.602552,12.234931473663114
1278,127.702554,12.256131076545413
1279,127.802556,12.07784857676334
1280,127.902558,11.907407446261328
1281,128.00256,12.032134360796743
1282,128.102562,11.938101549553997
1283,128.202564,12.003455958610342
1284,128.302566,11.914030693840143
1285,128.402568,11.784224595470825
1286,128.50257000000002,11.755869579508346
1287,128.602572,12.242097630117803
1288,128.702574,12.346391163723368
1289,128.802576,12.265487705034719
1290,128.902578,12.04772419382738
1291,129.00258,12.360125502862193
1292,129.102582,12.3584566296731
1293,129.202584,12.300311104829225
1294,129.302586,12.460089023263267
1295,129.402588,12.59046157367316
1296,129.50259,12.417955429201255
1297,129.60259200000002,12.278148009541644
1298,129.702594,12.254274656263258
1299,129.802596,12.306627017101412
1300,129.902598,12.266778813088322
1301,130.0026,12.12997621203703
1302,130.102602,12.486792323980074
1303,130.202604,12.433345206172577
1304,130.302606,12.25991853490414
1305,130.40260800000001,12.665131594679671
1306,130.50261,11.439275427387432
1307,130.60261200000002,11.615997484180895
1308,130.702614,11.722838714198778
1309,130.802616,11.499230716168622
1310,130.902618,11.606398458132043
1311,131.00262,11.350473669354013
1312,131.102622,11.89205862356265
1313,131.20262400000001,11.687357946145257
1314,131.30262599999998,11.730245303842306
1315,131.402628,12.128732575479637
1316,131.50263,12.448141764550641
1317,131.602632,11.981888750393574
1318,131.702634,12.08589077883108
1319,131.802636,12.21886211741388
1320,131.902638,12.181917465773301
1321,132.00264,11.955621366569588
1322,132.102642,11.911838697922144
1323,132.202644,12.236272079859168
1324,132.302646,12.048270642924969
1325,132.40264800000003,12.257200126425932
1326,132.50265,11.96509017303892
1327,132.602652,11.940402172597361
1328,132.702654,12.177989756000198
1329,132.802656,12.350175665310875
1330,132.902658,12.370902549892646
1331,133.00266,11.896888692118022
1332,133.102662,12.089398818859216
1333,133.202664,12.239296729005448
1334,133.302666,12.125084047495841
1335,133.402668,12.313981100789157
1336,133.50267000000002,12.047347619121162
1337,133.60267199999998,12.283327986798904
1338,133.702674,12.361960353843632
1339,133.80267600000002,12.20898728685756
1340,133.902678,12.313792355103596
1341,134.00268,12.30386847472283
1342,134.102682,12.38475871380933
1343,134.202684,11.921505773581199
1344,134.30268600000002,11.86189382701579
1345,134.40268799999998,12.0953991176735
1346,134.50269,12.173071678173727
1347,134.60269200000002,12.590123688351051
1348,134.70269399999998,12.409419589635949
1349,134.802696,12.18518739116648
1350,134.90269800000002,12.380101455874081
1351,135.0027,12.160778807963785
1352,135.102702,12.22729783677318
1353,135.202704,12.120641186482755
1354,135.302706,12.295158023750389
1355,135.40270800000002,12.511456487101261
1356,135.50270999999998,12.333530747943234
1357,135.602712,12.233575551735361
1358,135.70271400000001,12.255624034565578
1359,135.802716,12.256135589728975
1360,135.902718,12.153501918260051
1361,136.00272,12.195914281272142
1362,136.102722,12.197723596100174
1363,136.20272400000002,12.151173351861846
1364,136.302726,12.445323609655887
1365,136.402728,12.044097577590378
1366,136.50273,12.074648729787269
1367,136.602732,12.174920220041122
1368,136.702734,12.52519436816755
1369,136.802736,12.570685438111562
1370,136.902738,12.822237415625551
1371,137.00274,13.12948921744118
1372,137.102742,12.6357740968547
1373,137.202744,12.804191344004442
1374,137.302746,13.224261126313918
1375,137.402748,12.771566474342661
1376,137.50275,12.567817824607781
1377,137.602752,12.56085586705905
1378,137.70275400000003,12.856692272082626
1379,137.802756,12.667295461232722
1380,137.902758,12.465076887315563
1381,138.00276000000002,12.554151187796164
1382,138.102762,12.409521990092676
1383,138.202764,12.585304244211104
1384,138.302766,12.378255162710598
1385,138.402768,12.897630910487717
1386,138.50277,12.229866656894947
1387,138.602772,12.30907758178283
1388,138.702774,12.43335177255477
1389,138.80277600000002,12.30223877696764
1390,138.90277799999998,12.416638291887013
1391,139.00278,12.87043100551321
1392,139.10278200000002,12.91803225118724
1393,139.202784,12.834823132487083
1394,139.302786,12.736323153705435
1395,139.402788,12.730496075264154
1396,139.50279,12.975740846082967
1397,139.60279200000002,12.508252424346908
1398,139.70279399999998,12.570736581472032
1399,139.802796,12.683007869317708
1400,139.90279800000002,12.992687577042544
1401,140.0028,12.92019311509791
1402,140.102802,12.732609278365578
1403,140.20280400000001,12.92991405427974
1404,140.302806,12.767860316907527
1405,140.402808,12.662036223785815
1406,140.50281,12.854646786083027
1407,140.602812,12.683200336578134
1408,140.70281400000002,13.010618717187938
1409,140.80281599999998,13.027192315492846
1410,140.902818,13.122968700794532
1411,141.00282,12.995805404456375
1412,141.102822,12.949457483784515
1413,141.202824,12.79101820027385
1414,141.302826,12.768986527521175
1415,141.402828,12.894390634831698
1416,141.50283000000002,12.976613659359469
1417,141.602832,12.843108761276095
1418,141.702834,12.80012453104602
1419,141.802836,12.68416761904208
1420,141.902838,12.754412877358758
1421,142.00284,12.711604798958719
1422,142.102842,12.699910961090465
1423,142.202844,12.815172585697207
1424,142.302846,12.956056036237207
1425,142.402848,12.709291051195633
1426,142.50285,13.034954675923542
1427,142.602852,13.147434716850602
1428,142.702854,13.252637133224107
1429,142.802856,12.752063565828037
1430,142.902858,12.906028406685234
1431,143.00286000000003,12.669432573302375
1432,143.102862,12.789121390870084
1433,143.202864,12.650433201745681
1434,143.30286600000002,12.957863993611078
1435,143.402868,12.834093871741109
1436,143.50287,13.026544032853941
1437,143.602872,12.454367829665907
1438,143.702874,12.771702874503164
1439,143.802876,12.647133001909118
1440,143.902878,12.40544129887583
1441,144.00288,12.098296711497255
1442,144.10288200000002,12.98900277863693
1443,144.20288399999998,13.541842216057587
1444,144.302886,12.665912827233198
1445,144.40288800000002,12.986906901527195
1446,144.50289,12.571637552425246
1447,144.602892,12.518448783805939
1448,144.702894,12.886248388724267
1449,144.802896,13.325634263012576
1450,144.90289800000002,12.775922639779283
1451,145.00289999999998,12.815840659113286
1452,145.102902,12.178878452808643
1453,145.20290400000002,12.175218648500296
1454,145.302906,12.392786378176872
1455,145.402908,12.15446342758077
1456,145.50291,12.441191063449706
1457,145.602912,12.420640404225342
1458,145.702914,12.203677820952452
1459,145.802916,12.093510597159506
1460,145.902918,12.125813611774856
1461,146.00292000000002,12.176293138114866
1462,146.10292199999998,12.121278027085111
1463,146.202924,12.335557373771527
1464,146.302926,12.201303001916635
1465,146.402928,11.914248726225258
1466,146.50293,12.119390121268811
1467,146.602932,12.012902505791661
1468,146.702934,12.12345065977317
1469,146.80293600000002,12.338861210725346
1470,146.902938,12.334118448101687
1471,147.00294,12.549319309789844
1472,147.102942,12.51829461327948
1473,147.202944,12.474166069186325
1474,147.302946,12.328682276137279
1475,147.402948,12.027172215847195
1476,147.50295,12.309235714061879
1477,147.602952,12.230687295469926
1478,147.702954,12.051600777994446
1479,147.802956,12.428677641965152
1480,147.902958,12.232937989331358
1481,148.00296,12.37981342695738
1482,148.102962,12.312048285968388
1483,148.202964,12.0696048016265
1484,148.30296600000003,12.16753743823058
1485,148.402968,12.169462888090921
1486,148.50297,12.516601231342845
1487,148.60297200000002,12.29714799737297
1488,148.702974,12.212911077993372
1489,148.802976,11.970435558089425
1490,148.902978,12.001704536518272
1491,149.00298,12.164417045141539
1492,149.102982,12.239912394709204
1493,149.202984,12.099516536157559
1494,149.302986,11.914373661792547
1495,149.40298800000002,12.286981904154501
1496,149.50298999999998,12.403924347304807
1497,149.602992,12.047617363834403
1498,149.70299400000002,12.676901375988935
1499,149.802996,12.221346115334761
1500,149.902998,12.187747521883953
1501,150.003,11.728592600738605
1502,150.103002,12.11986331430421
1503,150.20300400000002,11.974087142675213
1504,150.30300599999998,11.941031121610425
1505,150.403008,12.020021009650003
1506,150.50301000000002,11.743983252582186
1507,150.603012,11.70770277718515
1508,150.703014,11.580348139088604
1509,150.803016,11.548678853612275
1510,150.903018,11.701043721366279
1511,151.00302,11.52516647624282
1512,151.103022,11.419391190846047
1513,151.203024,11.400663314210222
1514,151.30302600000002,11.540376523952151
1515,151.40302799999998,11.597282050744694
1516,151.50303,11.555092542370796
1517,151.603032,11.385011815096139
1518,151.703034,11.508706947046205
1519,151.803036,11.529768945020079
1520,151.903038,11.616288704020599
1521,152.00304,11.776506912140123
1522,152.10304200000002,11.684196594815413
1523,152.203044,11.52022771622282
1524,152.303046,11.441009408465128
1525,152.403048,11.553584972817921
1526,152.50305000000003,11.520208281661459
1527,152.603052,11.703723017717008
1528,152.703054,11.440350064782423
1529,152.803056,11.33277248273052
1530,152.903058,11.419967440468128
1531,153.00306,11.513827644659534
1532,153.103062,11.646580655894287
1533,153.203064,11.745938399888658
1534,153.303066,11.286323521583327
1535,153.403068,11.630586555917588
1536,153.50307,11.923842399251283
1537,153.60307200000003,11.847517940933267
1538,153.703074,11.540246993981686
1539,153.803076,11.70491089524238
1540,153.90307800000002,11.605183251274054
1541,154.00308,11.509081540108765
1542,154.103082,11.500735995639474
1543,154.203084,11.430196410385733
1544,154.303086,11.904059384871676
1545,154.403088,11.723026211735093
1546,154.50309,12.300299758220131
1547,154.603092,12.099754016036336
1548,154.70309400000002,12.22682488777394
1549,154.80309599999998,11.876748373735788
1550,154.903098,11.785841188151142
1551,155.00310000000002,11.683343453903571
1552,155.103102,11.885153275893272
1553,155.203104,11.72853753327039
1554,155.303106,11.686745302277965
1555,155.403108,11.808945539641751
1556,155.50311000000002,11.829726300543854
1557,155.60311199999998,12.025650534766829
1558,155.703114,11.884523413512632
1559,155.80311600000002,12.095956179607153
1560,155.903118,11.520100844932456
1561,156.00312,11.872393232811609
1562,156.103122,12.14505143559997
1563,156.203124,12.367619081158457
1564,156.303126,12.00505798191627
1565,156.403128,12.092683549972877
1566,156.50313,12.068013279993949
1567,156.60313200000002,11.545355593410761
1568,156.70313399999998,11.508224780935787
1569,156.803136,11.877810095533546
1570,156.903138,11.794878312264123
1571,157.00314,12.332764062928376
1572,157.103142,12.196599796662397
1573,157.203144,11.974286837883048
1574,157.303146,12.277130807430312
1575,157.40314800000002,12.243005674357684
1576,157.50315,12.48124089140801
1577,157.603152,12.064625207924319
1578,157.703154,12.438536242706142
1579,157.80315600000003,12.837071545169225
1580,157.903158,12.839763625912532
1581,158.00316,12.440588983261794
1582,158.103162,12.616067933447168
1583,158.203164,12.758112963327013
1584,158.303166,12.764631656209456
1585,158.403168,12.858678959866538
1586,158.50317,12.929973779586392
1587,158.603172,12.477283400916207
1588,158.703174,12.790256684166199
1589,158.803176,12.912826384865568
1590,158.90317800000003,12.457901499754744
1591,159.00318,12.691573119785685
1592,159.103182,12.793100153469515
1593,159.20318400000002,12.298996208695335
1594,159.303186,12.541043284309891
1595,159.403188,12.398737795807392
1596,159.50319,12.551311585446713
1597,159.603192,12.734614892770345
1598,159.70319400000002,13.043285581971904
1599,159.80319599999999,12.549868825924964
1600,159.903198,12.764718049388444
1601,160.00320000000002,12.630336203574066
1602,160.10320199999998,12.70927888189881
1603,160.203204,12.27553203986136
1604,160.30320600000002,12.471983331259889
1605,160.403208,12.715263574080156
1606,160.50321,12.449660138666129
1607,160.603212,12.651461852837796
1608,160.703214,12.639986996910517
1609,160.80321600000002,12.518268718315932
1610,160.90321799999998,12.795391203770649
1611,161.00322,12.512936870231414
1612,161.10322200000002,12.505267470960481
1613,161.203224,12.223435204169155
1614,161.303226,12.56060920553681
1615,161.403228,12.212109149187702
1616,161.50323,12.598640154125537
1617,161.603232,12.523196518550098
1618,161.703234,12.602036734094314
1619,161.803236,12.26530913662185
1620,161.90323800000002,12.505919561205625
1621,162.00323999999998,12.468277875943562
1622,162.103242,12.443322392430847
1623,162.203244,12.582669258836058
1624,162.303246,12.553738052715275
1625,162.403248,12.506410107923276
1626,162.50325,12.32259341274378
1627,162.603252,12.515536703343766
1628,162.70325400000002,12.436793308437553
1629,162.803256,12.22501644574972
1630,162.903258,12.58180352372524
1631,163.00326,12.430607824966179
1632,163.10326200000003,12.61237911385704
1633,163.203264,12.986830183633657
1634,163.303266,12.819836928421658
1635,163.403268,12.398859946667148
1636,163.50327,11.714998521467113
1637,163.603272,11.850579301396547
1638,163.703274,11.39960260720671
1639,163.803276,11.823194171728868
1640,163.903278,11.616643184216269
1641,164.00328,11.490034512740447
1642,164.103282,11.224344157500113
1643,164.20328400000002,11.212996523003332
1644,164.30328599999999,11.27851173260907
1645,164.403288,11.64625575349301
1646,164.50329000000002,11.482106458831563
1647,164.603292,11.62184063456615
1648,164.703294,11.201495724500456
1649,164.803296,11.370193783612377
1650,164.903298,11.538045661837497
1651,165.00330000000002,11.552172742542258
1652,165.10330199999999,11.489976376244448
1653,165.203304,11.83205037224218
1654,165.30330600000002,11.576631180184824
1655,165.40330799999998,11.64912670855765
1656,165.50331,11.285623184635195
1657,165.60331200000002,11.67147816414307
1658,165.703314,12.017910883617258
1659,165.803316,11.733881041791959
1660,165.903318,11.75465499803838
1661,166.00332,11.522106565616788
1662,166.10332200000002,11.57356104102934
1663,166.20332399999998,11.945461134014572
1664,166.303326,11.82341496125997
1665,166.40332800000002,12.114965735356662
1666,166.50333,12.179929338801974
1667,166.603332,11.910575634421832
1668,166.703334,11.703994903473005
1669,166.803336,12.120310556686348
1670,166.90333800000002,11.856560287948877
1671,167.00334,11.94310129026342
1672,167.103342,11.928046329607998
1673,167.20334400000002,11.97763977747459
1674,167.30334599999998,11.917078032293864
1675,167.403348,12.137183026602733
1676,167.50335,11.870202084536619
1677,167.603352,11.961829010976077
1678,167.703354,12.606832084348039
1679,167.803356,12.717193029489042
1680,167.903358,12.263364324610645
1681,168.00336000000001,12.09648501044186
1682,168.103362,11.754995445143289
1683,168.203364,12.308745282189548
1684,168.303366,12.09641123766453
1685,168.40336800000003,12.056280378530133
1686,168.50337,12.389613221997994
1687,168.603372,11.98315641272291
1688,168.703374,12.171881944216102
1689,168.803376,12.301906370359097
1690,168.903378,11.762919617126892
1691,169.00338,11.894886101078548
1692,169.103382,11.72967249405785
1693,169.203384,11.6893942784171
1694,169.303386,11.612679552908793
1695,169.403388,12.281659286767256
1696,169.50339000000002,12.839964385155474
1697,169.60339199999999,12.336320822941657
1698,169.703394,12.652924117200966
1699,169.80339600000002,12.244476695216623
1700,169.903398,12.445579578753366
1701,170.0034,11.842199124805108
1702,170.103402,12.18408009649911
1703,170.203404,12.337063549598193
1704,170.30340600000002,12.12474424261228
1705,170.40340799999998,11.8496714092247
1706,170.50341,11.942967076121185
1707,170.60341200000002,12.421133875470112
1708,170.70341399999998,12.04768077433673
1709,170.803416,11.784397435895364
1710,170.90341800000002,12.105461386218161
1711,171.00342,12.144413488825089
1712,171.103422,11.801777448453064
1713,171.203424,12.165923382815594
1714,171.303426,12.360400720893733
1715,171.40342800000002,11.409642545180752
1716,171.50342999999998,11.506171039848537
1717,171.603432,11.56811360952764
1718,171.70343400000002,11.775471531662403
1719,171.803436,11.353407716378474
1720,171.903438,11.541417860993432
1721,172.00344,11.672429964639699
1722,172.103442,11.39725009096063
1723,172.20344400000002,11.763446202089504
1724,172.303446,12.296574525800803
1725,172.403448,11.847417140812945
1726,172.50345000000002,12.086994525019431
1727,172.603452,11.38862135923455
1728,172.703454,11.9552948675186
1729,172.803456,11.88588173295009
1730,172.903458,11.974918550148725
1731,173.00346,12.05500819205988
1732,173.103462,12.29449300244505
1733,173.203464,12.102495072680036
1734,173.30346600000001,11.943305394371636
1735,173.403468,12.027248521853233
1736,173.50347,12.127536966852416
1737,173.603472,12.08246840029726
1738,173.70347400000003,12.08778410643368
1739,173.803476,12.17723152872734
1740,173.903478,12.211178432340846
1741,174.00348000000002,12.333821198314084
1742,174.103482,11.749931526184575
1743,174.203484,12.0696060364423
1744,174.303486,12.123140831642676
1745,174.403488,12.279496893964136
1746,174.50349,12.161250431790574
1747,174.603492,12.52735069857785
1748,174.703494,12.436108269603212
1749,174.80349600000002,12.115439216732616
1750,174.90349799999998,12.430258288435342
1751,175.0035,12.269340262433209
1752,175.10350200000002,12.205688876483972
1753,175.203504,12.206033362332425
1754,175.303506,12.189012931327285
1755,175.403508,12.231926448423778
1756,175.50351,12.241092793401101
1757,175.60351200000002,12.220445058604112
1758,175.70351399999998,12.223062919917522
1759,175.803516,12.055259402660122
1760,175.90351800000002,12.101628169156832
1761,176.00351999999998,12.41549530397484
1762,176.103522,12.243390147121954
1763,176.20352400000002,12.160930925113217
1764,176.303526,12.358746914061092
1765,176.403528,12.276368435217927
1766,176.50353,12.159962500380937
1767,176.603532,12.197566269036226
1768,176.70353400000002,12.505846169442291
1769,176.80353599999998,11.887532282898318
1770,176.903538,12.13212820883996
1771,177.00354000000002,11.739924489690553
1772,177.103542,11.878633005242804
1773,177.203544,11.795638217764013
1774,177.303546,11.700656123333362
1775,177.403548,11.904633891049254
1776,177.50355000000002,11.968662229175349
1777,177.603552,11.916942596983267
1778,177.703554,11.993028936039932
1779,177.80355600000001,11.91348550817967
1780,177.903558,11.934652498434007
1781,178.00356,11.941428244857216
1782,178.103562,11.96937436563526
1783,178.203564,11.97292316154473
1784,178.303566,12.007873631196446
1785,178.403568,12.288626296009097
1786,178.50357,11.918267269506714
1787,178.603572,12.163291399007884
1788,178.703574,12.311558591509137
1789,178.803576,12.029455802378811
1790,178.903578,11.977947096951516
1791,179.00358000000003,11.932222529526776
1792,179.103582,12.064706387454558
1793,179.203584,12.039944327929677
1794,179.30358600000002,12.083172242276325
1795,179.403588,12.059368507524283
1796,179.50359,11.96165766456081
1797,179.603592,12.146503956368988
1798,179.703594,12.079459042495406
1799,179.803596,12.181871301954919
1800,179.903598,12.029532636581445
1801,180.0036,12.104382726811094
1802,180.10360200000002,11.999929261761038
1803,180.20360399999998,11.918033916792668
1804,180.303606,11.90791857599703
1805,180.40360800000002,11.823079900955731
1806,180.50361,11.912006788378925
1807,180.603612,12.090020210865646
1808,180.703614,11.792437996126422
1809,180.803616,12.200463567986853
1810,180.90361800000002,12.24834528272961
1811,181.00361999999998,12.41586849781894
1812,181.103622,12.017206411846464
1813,181.20362400000002,12.144268518228255
1814,181.30362599999998,12.022405597493803
1815,181.403628,12.162257253169354
1816,181.50363000000002,11.859763596618455
1817,181.603632,12.310874391342766
1818,181.703634,11.952402348531908
1819,181.803636,12.134264765281339
1820,181.903638,11.900321895728387
1821,182.00364000000002,12.16224895576518
1822,182.10364199999998,12.000756911432646
1823,182.203644,12.067509270529985
1824,182.30364600000001,12.039036864111111
1825,182.403648,12.241194517990188
1826,182.50365,12.234364091919637
1827,182.603652,11.929224012837919
1828,182.703654,11.93139548226013
1829,182.80365600000002,12.008614813934416
1830,182.903658,12.175167396579615
1831,183.00366,12.127512045647507
1832,183.103662,12.027215910541688
1833,183.203664,11.792593328380189
1834,183.303666,12.124348237346325
1835,183.403668,12.169446552523
1836,183.50367,12.071592749364685
1837,183.603672,12.10842466104045
1838,183.703674,11.995699846705811
1839,183.803676,11.930490916819904
1840,183.903678,12.06651335235542
1841,184.00368,11.983656382459166
1842,184.103682,12.383856108839039
1843,184.203684,12.006743742793976
1844,184.30368600000003,12.00897006812857
1845,184.403688,11.960382408519575
1846,184.50369,12.001229398851375
1847,184.60369200000002,11.940774664548819
1848,184.703694,11.858934382698445
1849,184.803696,12.21518796768924
1850,184.903698,12.296532870276781
1851,185.0037,12.037351200800115
1852,185.103702,12.655028936816175
1853,185.203704,12.050901371333794
1854,185.303706,12.111887503463523
1855,185.40370800000002,12.246581968748748
1856,185.50370999999998,12.162499055399413
1857,185.603712,12.17089554404122
1858,185.70371400000002,12.265921214574377
1859,185.803716,11.895327706699193
1860,185.903718,11.982776102947376
1861,186.00372,12.261184349961493
1862,186.103722,12.02280599787527
1863,186.20372400000002,11.734542850562024
1864,186.30372599999998,12.253254548106607
1865,186.403728,11.569039571786133
1866,186.50373000000002,11.697708602055256
1867,186.603732,11.904666459332734
1868,186.703734,12.045983126563769
1869,186.80373600000001,11.737753499586857
1870,186.903738,12.143268794856803
1871,187.00374,11.827370311116319
1872,187.103742,11.488131165719961
1873,187.203744,11.392102567440336
1874,187.30374600000002,11.570052219811819
1875,187.40374799999998,11.706654016364856
1876,187.50375,11.437862069762298
1877,187.60375200000001,11.623309582525824
1878,187.703754,11.646595957023909
1879,187.803756,11.403416846940262
1880,187.903758,11.287334411193974
1881,188.00376,11.514191028167971
1882,188.10376200000002,11.507731585504503
1883,188.203764,11.63687562238497
1884,188.303766,11.499590858391736
1885,188.403768,11.492069030555616
1886,188.50377,11.549587449730756
1887,188.603772,11.46715990127101
1888,188.703774,11.525533788741424
1889,188.803776,11.754249709035781
1890,188.903778,11.334425331446974
1891,189.00378,11.470221776998216
1892,189.103782,11.369058345830119
1893,189.203784,11.394244959217257
1894,189.303786,11.537083046341438
1895,189.403788,11.31074581158248
1896,189.50379,11.44848616291102
1897,189.60379200000003,11.551930577144613
1898,189.703794,11.454272035381528
1899,189.803796,11.553447506907366
1900,189.90379800000002,11.210546898438455
1901,190.0038,11.460896158651746
1902,190.103802,11.64270676195149
1903,190.203804,11.382994970063226
1904,190.303806,11.540077467084375
1905,190.403808,11.449557978807416
1906,190.50381,11.598182139615018
1907,190.603812,11.491423794303586
1908,190.70381400000002,11.390423936398491
1909,190.80381599999998,11.368289949871738
1910,190.903818,11.43680674509512
1911,191.00382000000002,11.378673218808792
1912,191.103822,11.510809159215786
1913,191.203824,11.472057571777544
1914,191.30382600000002,11.52664135545586
1915,191.403828,11.538534525744652
1916,191.50383000000002,11.37780981678875
1917,191.60383199999998,11.477186561404428
1918,191.703834,11.482384818060442
1919,191.80383600000002,11.49692759859396
1920,191.903838,11.602521043270823
1921,192.00384,11.582201663341923
1922,192.10384200000001,11.41128244155922
1923,192.203844,11.718688338726453
1924,192.303846,11.781583310575797
1925,192.403848,11.572240479053162
1926,192.50385,11.570162461301804
1927,192.60385200000002,11.477655613765448
1928,192.70385399999998,11.62342068713435
1929,192.803856,11.466753530243137
1930,192.903858,11.637875586049457
1931,193.00386,11.702923995992956
1932,193.103862,11.518313619167424
1933,193.203864,11.555793131187052
1934,193.303866,11.67701296049086
1935,193.40386800000002,11.556348405060032
1936,193.50387,11.467616754667745
1937,193.603872,11.661179452108142
1938,193.703874,11.457039216612776
1939,193.80387600000003,11.529598990501546
1940,193.903878,11.313443365816966
1941,194.00388,11.481962855482193
1942,194.103882,11.566884543782386
1943,194.203884,11.35985820229245
1944,194.303886,11.520304474183224
1945,194.403888,11.44493661065815
1946,194.50389,11.510269424362361
1947,194.603892,11.597833626127185
1948,194.703894,11.454369744873665
1949,194.803896,11.525771769391389
1950,194.90389800000003,11.445517738610901
1951,195.0039,11.52185366554494
1952,195.103902,11.4489090048458
1953,195.20390400000002,11.315279067222852
1954,195.303906,11.415449475987671
1955,195.403908,11.258237596620264
1956,195.50391,11.734363574510464
1957,195.603912,11.63178747613234
1958,195.703914,11.170336776691613
1959,195.803916,11.410079980381214
1960,195.903918,11.585072037001053
1961,196.00392000000002,11.500041545221947
1962,196.10392199999998,11.444881987278421
1963,196.203924,11.601505148150848
1964,196.30392600000002,11.29360685995892
1965,196.403928,11.268316252719652
1966,196.50393,11.675057096418657
1967,196.60393200000001,11.426298333710042
1968,196.703934,11.313770929932558
1969,196.80393600000002,11.24317074489892
1970,196.90393799999998,11.368791501650248
1971,197.00394,11.650783820970817
1972,197.10394200000002,11.605400526142702
1973,197.203944,11.329057963798592
1974,197.303946,11.23853137231459
1975,197.403948,11.351992952934049
1976,197.50395,11.46149870926119
1977,197.603952,11.484800021734191
1978,197.703954,11.367401048439646
1979,197.803956,11.398328158377964
1980,197.90395800000002,11.415455451108082
1981,198.00395999999998,11.462940058324623
1982,198.103962,11.392254079902536
1983,198.203964,11.438517896016299
1984,198.303966,11.6743375260632
1985,198.403968,11.872890872035573
1986,198.50397,11.517515749006735
1987,198.603972,11.317928933628698
1988,198.70397400000002,11.305341329422046
1989,198.803976,11.366245177266908
1990,198.903978,11.470780576792741
1991,199.00398,11.409509621596563
1992,199.10398200000003,11.529708673613223
1993,199.203984,11.699303189270667
1994,199.303986,11.495104690125675
1995,199.403988,11.594853196362221
1996,199.50399,11.458470736183976
1997,199.603992,11.454325868278296
1998,199.703994,11.351956160123018
1999,199.803996,11.706642578269063
2000,199.903998,11.707335199683376
2001,200.004,11.620385575654458
2002,200.104002,11.27916398087895
2003,200.20400400000003,11.400427727947047
2004,200.304006,11.603663308358394
2005,200.404008,11.611467194650551
2006,200.50401000000002,11.427652875650363
2007,200.604012,11.430179896648403
2008,200.704014,11.325332272357526
2009,200.804016,11.57900583867127
2010,200.904018,11.48124466662072
2011,201.00402000000003,11.609859923337773
2012,201.104022,11.787196322997259
2013,201.204024,11.664522852372905
2014,201.30402600000002,11.484221187317022
2015,201.40402799999998,11.591728851512888
2016,201.50403,11.490682917348662
2017,201.60403200000002,11.439551232562748
2018,201.704034,11.41698617792577
2019,201.804036,11.544891132714378
2020,201.904038,11.39483955491807
2021,202.00404,11.487331647907705
2022,202.10404200000002,11.474092995537587
2023,202.20404399999998,11.350082003722571
2024,202.304046,11.52460986305999
2025,202.40404800000002,11.680141136425746
2026,202.50405,11.567069748974147
2027,202.604052,11.415398294755528
2028,202.704054,11.371862254410628
2029,202.804056,11.259622300146031
2030,202.904058,11.55404487255218
2031,203.00406,11.466329730327551
2032,203.104062,11.497567919559621
2033,203.20406400000002,11.102944349723797
2034,203.30406599999998,11.314404466637898
2035,203.404068,11.500041010517545
2036,203.50407,11.231325343028626
2037,203.604072,11.471988198798911
2038,203.704074,11.524744762795118
2039,203.804076,11.485870872598117
2040,203.904078,11.715177128983854
2041,204.00408000000002,11.65658401766102
2042,204.104082,11.515447334613036
2043,204.204084,11.544755268373828
2044,204.304086,11.467236302251868
2045,204.40408800000003,11.453540428298954
2046,204.50409,11.476281334935148
2047,204.604092,11.734830321034297
2048,204.704094,11.642621943129571
2049,204.804096,11.595839513555921
2050,204.904098,11.569269759621369
2051,205.0041,11.769448099985837
2052,205.104102,11.692897001508726
2053,205.204104,11.389070244226088
2054,205.304106,11.739378673904826
2055,205.404108,11.522650288984057
2056,205.50411000000003,11.570193163020926
2057,205.604112,11.734261003408275
2058,205.704114,11.597011921974438
2059,205.80411600000002,11.493540748692102
2060,205.904118,11.67695430482629
2061,206.00412,11.468407398244889
2062,206.104122,11.520788853138557
2063,206.204124,11.501937660386108
2064,206.30412600000002,11.565987851973007
2065,206.404128,11.59908320247185
2066,206.50413,11.690356936328815
2067,206.60413200000002,11.439362886208208
2068,206.70413399999998,11.506953946076631
2069,206.804136,11.471781538300657
2070,206.90413800000002,11.767768174866557
2071,207.00414,11.575192450548148
2072,207.104142,11.598575986592358
2073,207.204144,11.503890356645956
2074,207.304146,11.543112559429602
2075,207.40414800000002,11.720074028031965
2076,207.50414999999998,11.614555264323878
2077,207.604152,11.719803763531695
2078,207.70415400000002,11.765697159785372
2079,207.804156,11.88244555686022
2080,207.904158,11.623006939667986
2081,208.00416,11.650231044360309
2082,208.104162,11.729999366871333
2083,208.20416400000002,11.734288099261192
2084,208.304166,11.751794393728044
2085,208.404168,11.580609989031633
2086,208.50417000000002,11.686348319475764
2087,208.604172,11.543039313433106
2088,208.704174,11.520133034608117
2089,208.804176,11.611854989099308
2090,208.904178,11.571838064884213
2091,209.00418,11.564864708069098
2092,209.104182,11.648114938771789
2093,209.204184,11.712973396884879
2094,209.30418600000002,11.612142453883207
2095,209.404188,11.7682174222818
2096,209.50419,11.713205746739877
2097,209.604192,11.798519552965777
2098,209.70419400000003,11.737173956857484
2099,209.804196,11.614462399623473
2100,209.904198,11.598448132323675
2101,210.00420000000003,11.579899013336663
2102,210.104202,11.791594013016905
2103,210.204204,11.451140832588917
2104,210.304206,11.603354329734037
2105,210.404208,11.470561471797543
2106,210.50421,11.770123473021199
2107,210.604212,11.706491660289451
2108,210.704214,11.660275645846124
2109,210.80421600000003,11.611307884207118
2110,210.904218,11.804611376506953
2111,211.00422,11.652244982744563
2112,211.10422200000002,11.676480935564417
2113,211.204224,11.511341027567292
2114,211.304226,11.639646145559242
2115,211.404228,11.588110197358107
2116,211.50423,11.564779268326834
2117,211.60423200000002,11.596876722424824
2118,211.70423399999999,11.55980591452131
2119,211.804236,11.538997509528219
2120,211.90423800000002,11.638133130167498
2121,212.00423999999998,11.615381307826238
2122,212.104242,11.589138536160263
2123,212.20424400000002,11.734294322871595
2124,212.304246,11.314105042732471
2125,212.404248,11.54132264216993
2126,212.50425,11.506802184012145
2127,212.604252,11.44857478590156
2128,212.70425400000002,11.530987671942718
2129,212.80425599999998,11.50829768104793
2130,212.904258,11.540052660870211
2131,213.00426000000002,11.441203268750247
2132,213.104262,11.590761595744636
2133,213.204264,11.669233966575547
2134,213.304266,11.699574305682672
2135,213.404268,11.542177465030965
2136,213.50427000000002,11.509760946871625
2137,213.604272,11.622906625539933
2138,213.704274,11.572722430102786
2139,213.80427600000002,11.50668249549105
2140,213.904278,11.55460025044766
2141,214.00428,11.507227075098948
2142,214.104282,11.515524596154776
2143,214.204284,11.838491834194876
2144,214.304286,11.706526397681356
2145,214.404288,11.560038968493133
2146,214.50429,11.488031514728155
2147,214.60429200000002,11.435484781597657
2148,214.704294,11.742115978778301
2149,214.804296,11.555507166037556
2150,214.904298,11.680295223057678
2151,215.00430000000003,11.682603487348029
2152,215.104302,11.739622997471702
2153,215.204304,11.461377674679381
2154,215.30430600000003,11.496812630000424
2155,215.404308,11.775312628570706
2156,215.50431,11.446622092502233
2157,215.604312,11.487298322177022
2158,215.704314,11.376001209237215
2159,215.804316,11.533955730999851
2160,215.904318,11.640529144072458
2161,216.00432,11.468955577324959
2162,216.10432200000002,11.605374710406917
2163,216.20432399999999,11.591169681384851
2164,216.304326,11.52611342040619
2165,216.40432800000002,11.470302928602775
2166,216.50433,11.561348232327065
2167,216.604332,11.43596118398494
2168,216.704334,11.7945717373009
2169,216.804336,11.610050338510227
2170,216.90433800000002,11.657731577194111
2171,217.00433999999998,11.571179078364874
2172,217.104342,11.703536404725543
2173,217.20434400000002,11.577409938088262
2174,217.30434599999998,11.544422087670528
2175,217.404348,11.694739700943948
2176,217.50435000000002,11.574086742348952
2177,217.604352,11.420934213866603
2178,217.704354,11.486553110467636
2179,217.804356,11.584655134528651
2180,217.904358,11.582705066366756
2181,218.00436000000002,11.69936620381288
2182,218.10436199999998,11.773534365134289
2183,218.204364,11.622470222315137
2184,218.30436600000002,11.957471100868718
2185,218.404368,11.623559154046609
2186,218.50437,11.580565472934616
2187,218.604372,11.57486244051065
2188,218.704374,11.759016062320702
2189,218.80437600000002,11.67343740346311
2190,218.904378,11.656781771819652
2191,219.00438,11.581230021377326
2192,219.10438200000002,11.818263337192814
2193,219.204384,11.636440736033506
2194,219.304386,11.888242225795663
2195,219.404388,11.646608762307432
2196,219.50439,11.693621458749279
2197,219.604392,11.596818224827105
2198,219.704394,11.991803845395614
2199,219.804396,11.67497409327802
2200,219.90439800000001,11.582813074572906
2201,220.0044,11.786873344003338
2202,220.104402,11.727810055641172
2203,220.204404,11.590371188309062
2204,220.30440600000003,11.7214852312529
2205,220.404408,11.679940137402495
2206,220.50441,11.686160046075289
2207,220.60441200000002,11.710604403547023
2208,220.704414,11.781948218989083
2209,220.804416,11.596915084186634
2210,220.904418,11.715185014584357
2211,221.00442,11.69286064449207
2212,221.104422,11.498203716813595
2213,221.204424,11.894886346830365
2214,221.304426,11.578415221582425
2215,221.40442800000002,11.478245265428864
2216,221.50442999999999,11.622441144488336
2217,221.604432,11.696376068676669
2218,221.70443400000002,11.729854573514121
2219,221.804436,11.681538197174678
2220,221.904438,11.8840331814504
2221,222.00444,12.188478381544918
2222,222.104442,11.708056797028974
2223,222.20444400000002,11.274393028345814
2224,222.30444599999998,11.560528780781638
2225,222.404448,11.656937088123579
2226,222.50445000000002,11.557643985930326
2227,222.60445199999998,11.699457001721694
2228,222.704454,11.466704835932633
2229,222.80445600000002,11.63462012978671
2230,222.904458,11.694097350191278
2231,223.00446,11.494588165525156
2232,223.104462,11.799174121555644
2233,223.204464,11.623567213619578
2234,223.30446600000002,11.800350613927835
2235,223.40446799999998,11.70432259661933
2236,223.50447,11.71960441526157
2237,223.60447200000002,11.6829067600594
2238,223.704474,11.790096020546281
2239,223.804476,11.671689173731824
2240,223.904478,11.572954964400095
2241,224.00448,11.659411043748813
2242,224.10448200000002,11.608248683897259
2243,224.204484,11.744881903175315
2244,224.304486,11.639102997560876
2245,224.40448800000001,11.550155304891975
2246,224.50449,11.54265016256406
2247,224.604492,11.618552426905335
2248,224.704494,11.690989836070733
2249,224.804496,11.58540813418188
2250,224.904498,11.718043316879625
2251,225.0045,11.779446823610934
2252,225.104502,11.502570167596899
2253,225.20450400000001,11.589059608665583
2254,225.304506,11.713875393077812
2255,225.404508,11.474251862989307
2256,225.50451,11.483974484695183
2257,225.60451200000003,11.571696360781186
2258,225.704514,11.644070087057354
2259,225.804516,11.67926604007157
2260,225.90451800000002,11.56420787859061
2261,226.00452,11.446663619859002
2262,226.104522,11.609092545323106
2263,226.204524,11.44915660851915
2264,226.304526,11.740359647576636
2265,226.404528,11.547335070471279
2266,226.50453,11.30149678792476
2267,226.604532,11.431071062124738
2268,226.70453400000002,11.446972150151005
2269,226.80453599999998,11.779238111268151
2270,226.904538,11.677521808086748
2271,227.00454000000002,11.719040252437676
2272,227.104542,11.54139600639748
2273,227.204544,11.730349753311769
2274,227.30454600000002,11.518984359142708
2275,227.404548,11.380731629707126
2276,227.50455000000002,11.627627190223574
2277,227.60455199999998,11.563589733771531
2278,227.704554,11.638952864633156
2279,227.80455600000002,11.26247838212924
2280,227.904558,11.39858775161167
2281,228.00456,11.462873086051049
2282,228.10456200000002,11.585688349141238
2283,228.204564,11.494893809179382
2284,228.304566,11.549582285201
2285,228.404568,11.56521242871753
2286,228.50457,11.442623944166176
2287,228.60457200000002,11.698391403657691
2288,228.70457399999998,11.390601912619173
2289,228.804576,11.647669422143183
2290,228.90457800000001,11.474022680780369
2291,229.00458,11.74904629694061
2292,229.104582,11.309721519277835
2293,229.204584,11.327769144415061
2294,229.304586,11.319276364966361
2295,229.40458800000002,11.635330117381832
2296,229.50459,11.512394602985907
2297,229.604592,11.299626771850274
2298,229.70459400000001,11.338676973345475
2299,229.804596,11.383178805932362
2300,229.904598,11.486843803660463
2301,230.0046,11.481861799957692
2302,230.104602,11.499293403830622
2303,230.204604,11.301890160775269
2304,230.304606,11.516775027808354
2305,230.404608,11.641768777455459
2306,230.50461,11.449029874974425
2307,230.604612,11.482767682675457
2308,230.704614,11.628829065755765
2309,230.804616,11.367828137901373
2310,230.90461800000003,11.630469163518255
2311,231.00462,11.201270536532618
2312,231.104622,11.332660810719208
2313,231.20462400000002,11.253001164112952
2314,231.304626,11.596755288999553
2315,231.404628,11.49003191293167
2316,231.50463,11.508120850135297
2317,231.604632,11.402599943344015
2318,231.704634,11.27119207899145
2319,231.804636,11.139786470880603
2320,231.904638,11.241760692982586
2321,232.00464000000002,11.267847167567773
2322,232.10464199999998,11.346039685724365
2323,232.204644,11.344925153098337
2324,232.30464600000002,11.584308038078996
2325,232.404648,11.74725381101197
2326,232.50465,11.550383547298583
2327,232.60465200000002,11.654515463632656
2328,232.704654,11.486614122944085
2329,232.80465600000002,11.501817651868015
2330,232.90465799999998,11.65771202998699
2331,233.00466,11.612771453042166
2332,233.10466200000002,11.391864149408605
2333,233.204664,11.237623422280153
2334,233.304666,11.407268225526105
2335,233.40466800000002,11.428939929192842
2336,233.50467,11.40097334673084
2337,233.604672,11.656491325015788
2338,233.704674,11.612286432029679
2339,233.804676,11.483312064557802
2340,233.90467800000002,11.569180118675568
2341,234.00467999999998,11.691680257451093
2342,234.104682,11.384232733310492
2343,234.20468400000001,11.608055489205148
2344,234.304686,11.351446864799366
2345,234.404688,11.195006230316956
2346,234.50469,11.387579455824495
2347,234.604692,11.477880310486881
2348,234.70469400000002,11.190021475617947
2349,234.804696,11.500913714311345
2350,234.904698,11.500959087599554
2351,235.0047,11.412751723666483
2352,235.10470200000003,11.55258952014869
2353,235.204704,11.362631970523047
2354,235.304706,11.702491925886239
2355,235.404708,11.52800568077319
2356,235.50471,11.414361756328026
2357,235.604712,11.463953342496458
2358,235.704714,11.819598696194033
2359,235.804716,11.505503539891913
2360,235.904718,11.677356249834341
2361,236.00472,11.44035827516401
2362,236.104722,11.418937469057656
2363,236.20472400000003,11.561242847859742
2364,236.304726,11.516196049341374
2365,236.404728,11.481763582969565
2366,236.50473000000002,11.453927894787832
2367,236.604732,11.506847339372447
2368,236.704734,11.943019585841363
2369,236.804736,11.683223214706551
2370,236.904738,11.788709160027295
2371,237.00474,11.826306471182829
2372,237.104742,11.705589021822576
2373,237.204744,11.736280493690279
2374,237.30474600000002,11.94405726611817
2375,237.40474799999998,11.556944245806172
2376,237.50475,11.691887544160183
2377,237.60475200000002,11.660898947517492
2378,237.704754,11.759203503884203
2379,237.804756,11.848656705592717
2380,237.90475800000002,11.35698257170887
2381,238.00476,11.966319528140838
2382,238.10476200000002,11.882405492725768
2383,238.20476399999998,11.87842876414958
2384,238.304766,12.00495378410196
2385,238.40476800000002,11.984647578860576
2386,238.50477,11.764213517153172
2387,238.604772,11.615154185137962
2388,238.70477400000001,11.633388890525818
2389,238.804776,11.686961576702396
2390,238.904778,11.594550865715927
2391,239.00478,11.8283575517628
2392,239.104782,11.912018030148358
2393,239.20478400000002,11.882107734851724
2394,239.30478599999998,12.023419990296963
2395,239.404788,11.697759368915174
2396,239.50479,12.028699414995172
2397,239.604792,11.941204652339787
2398,239.704794,11.825236344479421
2399,239.804796,12.027363443449708
2400,239.904798,11.849397566997327
2401,240.00480000000002,11.561017810195278
2402,240.104802,11.967476418003148
2403,240.204804,11.96996431848005
2404,240.304806,12.22913419974899
2405,240.40480800000003,12.251253181720765
2406,240.50481,12.42384226527128
2407,240.604812,12.184732674741845
2408,240.704814,12.598251077810609
2409,240.804816,12.176213772776933
2410,240.904818,12.160021958024947
2411,241.00482,12.399528787629887
2412,241.104822,12.2791737411319
2413,241.204824,12.435716604694788
2414,241.304826,12.766568876056667
2415,241.404828,12.015046597269482
2416,241.50483000000003,12.21347371579052
2417,241.604832,12.312061663789416
2418,241.704834,12.343137271797131
2419,241.80483600000002,12.435302805908808
2420,241.904838,12.32604904357822
2421,242.00484,12.248312445042817
2422,242.104842,12.38279369544924
2423,242.204844,12.428462855985348
2424,242.30484600000003,12.177775074971086
2425,242.404848,12.084191649791276
2426,242.50485,12.317507659247047
2427,242.60485200000002,12.621479037092367
2428,242.70485399999998,12.205614064940782
2429,242.804856,12.421818274281353
2430,242.90485800000002,12.22447004416768
2431,243.00486,12.478613703737796
2432,243.104862,12.05396543749902
2433,243.20486400000001,12.524083455511104
2434,243.304866,12.530077220161038
2435,243.40486800000002,12.236693540326932
2436,243.50486999999998,12.08508195345757
2437,243.604872,12.30652642731046
2438,243.70487400000002,12.40705192407841
2439,243.804876,12.192930321808735
2440,243.904878,12.365153668988578
2441,244.00488,12.281101897128394
2442,244.104882,12.201456655201113
2443,244.204884,12.232310398048568
2444,244.304886,12.35194184845617
2445,244.404888,12.481191367833256
2446,244.50489000000002,12.03409305182754
2447,244.604892,12.252216110615638
2448,244.704894,12.224157691960185
2449,244.804896,12.0217619658613
2450,244.904898,12.269022269753027
2451,245.0049,12.259699572933629
2452,245.104902,12.192386397899199
2453,245.204904,12.352072541729441
2454,245.30490600000002,12.432531723112803
2455,245.404908,12.236074864997333
2456,245.50491,12.04274219515498
2457,245.604912,12.220892990367735
2458,245.70491400000003,12.303652624750528
2459,245.804916,12.427519537307777
2460,245.904918,12.382528078339389
2461,246.00492000000003,12.361409521983045
2462,246.104922,12.281161503204313
2463,246.204924,12.453082085186193
2464,246.304926,12.480641647144811
2465,246.404928,12.30777318134478
2466,246.50493,12.391401217289907
2467,246.604932,12.411314243713528
2468,246.704934,12.566342870126427
2469,246.80493600000003,12.496872540776188
2470,246.904938,12.52572457280059
2471,247.00494,12.43011691730341
2472,247.10494200000002,12.512396337898092
2473,247.204944,12.07487992986751
2474,247.304946,12.713028499438169
2475,247.404948,12.21628090103177
2476,247.50495,12.386457262012295
2477,247.60495200000003,12.647681148623416
2478,247.704954,12.26008743568735
2479,247.804956,12.156695627569905
2480,247.90495800000002,12.140973231964484
2481,248.00495999999998,12.581674045989665
2482,248.104962,12.459649569486679
2483,248.20496400000002,12.311455585535734
2484,248.304966,12.158465768091801
2485,248.404968,12.020105503096474
2486,248.50497000000001,12.237791232533962
2487,248.604972,12.326311414883575
2488,248.70497400000002,12.424788920433725
2489,248.80497599999998,12.37100143363
2490,248.904978,12.433352577895706
2491,249.00498000000002,12.68160554345139
2492,249.104982,12.491334653922193
2493,249.204984,12.30987047992915
2494,249.304986,12.592841286122194
2495,249.404988,11.922743003727602
2496,249.50499,11.834208668259295
2497,249.604992,12.080967747169602
2498,249.704994,11.758391060925584
2499,249.80499600000002,12.119624353336954
2500,249.904998,12.810045941787624
2501,250.005,12.42274580726856
2502,250.105002,12.797674267712523
2503,250.205004,12.636900950958939
2504,250.305006,12.614602900603213
2505,250.405008,12.569973632860036
2506,250.50501,12.237840378952027
2507,250.60501200000002,12.036721973910897
2508,250.705014,12.261005648653505
2509,250.805016,12.01540171435864
2510,250.905018,12.143834416024886
2511,251.00502000000003,12.009996072320732
2512,251.105022,11.77399317710387
2513,251.205024,12.281699973614336
2514,251.30502600000003,12.627865351059091
2515,251.405028,12.323377004247458
2516,251.50503,12.473976164527274
2517,251.605032,12.658706790184663
2518,251.705034,12.743872315489932
2519,251.805036,12.67661456769865
2520,251.905038,12.656449267230052
2521,252.00504,12.61376837458446
2522,252.10504200000003,12.493986418806275
2523,252.205044,12.518868685649029
2524,252.305046,12.388809283721407
2525,252.40504800000002,12.374485886025566
2526,252.50505,12.608052235668323
2527,252.605052,12.529529741218193
2528,252.705054,12.45739777272413
2529,252.805056,12.359221975018714
2530,252.90505800000003,12.657516990875752
2531,253.00506,12.332737904572802
2532,253.105062,12.548148059221537
2533,253.20506400000002,12.745379500266054
2534,253.30506599999998,12.350927300210305
2535,253.405068,11.931038416816415
2536,253.50507000000002,12.04728721601459
2537,253.605072,11.894871531623828
2538,253.705074,12.140441160783327
2539,253.805076,12.326931669527944
2540,253.905078,11.906602352118435
2541,254.00508000000002,11.880745934243269
2542,254.10508199999998,11.869242464217258
2543,254.205084,11.995755866214747
2544,254.30508600000002,12.213341820301396
2545,254.405088,12.17572789575185
2546,254.50509,12.273337479974112
2547,254.605092,12.045133681479294
2548,254.705094,11.958157010254242
2549,254.80509600000002,11.929823466440464
2550,254.905098,12.098971515980816
2551,255.0051,12.182269142630085
2552,255.10510200000002,12.079376768432203
2553,255.205104,12.091282562284855
2554,255.305106,11.781510312507345
2555,255.405108,11.923034722488195
2556,255.50511,12.130210162306359
2557,255.605112,12.178444701025581
2558,255.705114,11.82148146967714
2559,255.805116,11.383898356571766
2560,255.90511800000002,11.585608893470493
2561,256.00512,11.444400833934377
2562,256.105122,11.56161010995711
2563,256.205124,11.71356435353813
2564,256.30512600000003,11.575398046092795
2565,256.405128,11.51294711727774
2566,256.50513,11.394802692245511
2567,256.605132,11.476302650729906
2568,256.705134,11.574006101997801
2569,256.805136,11.567224977360619
2570,256.905138,11.360767058652135
2571,257.00514000000004,11.695425354040495
2572,257.105142,11.534319392458984
2573,257.205144,11.430216906069209
2574,257.30514600000004,11.945103697676831
2575,257.405148,11.553179856671989
2576,257.50515,11.51158885100961
2577,257.605152,11.493471515146998
2578,257.705154,11.789266522241618
2579,257.805156,11.699597055604666
2580,257.905158,11.62820862732548
2581,258.00516,11.517536117184818
2582,258.105162,11.52883321691291
2583,258.205164,11.46699032785328
2584,258.305166,11.354830307403079
2585,258.405168,11.444079746734703
2586,258.50517,12.152057817938786
2587,258.605172,11.985720524454663
2588,258.705174,11.674190941495395
2589,258.805176,11.721855646006638
2590,258.90517800000003,11.805843915254917
2591,259.00518,11.903622400084464
2592,259.105182,11.368200406809926
2593,259.20518400000003,11.554580387527364
2594,259.305186,11.83931522649134
2595,259.405188,11.68242655696086
2596,259.50519,11.624552024811793
2597,259.605192,11.81429658358037
2598,259.705194,11.534305878972086
2599,259.805196,11.554596978911897
2600,259.905198,11.919072038983849
2601,260.0052,12.008048759432484
2602,260.105202,11.669670399390549
2603,260.205204,11.722798417371367
2604,260.305206,11.85893618570385
2605,260.405208,11.52680632937974
2606,260.50521,11.517115010753908
2607,260.605212,11.838463262972468
2608,260.705214,11.50722866851626
2609,260.80521600000003,11.266307792738118
2610,260.905218,11.595370663039251
2611,261.00522,11.905532859512098
2612,261.105222,11.604035756975888
2613,261.20522400000004,11.854198322796428
2614,261.305226,12.098076332417318
2615,261.405228,11.749250626938851
2616,261.50523,11.935309804326842
2617,261.605232,11.948937515807451
2618,261.705234,12.075573206453061
2619,261.805236,11.817563795668095
2620,261.905238,12.106334001643123
2621,262.00524,11.74000760840924
2622,262.105242,11.870340882918422
2623,262.205244,11.68383249149084
2624,262.305246,11.63957671795191
2625,262.40524800000003,11.645827166246061
2626,262.50525,11.556288336684236
2627,262.60525199999995,11.574367354719774
2628,262.705254,11.617786282146994
2629,262.805256,11.770792500989325
2630,262.905258,11.614803521684296
2631,263.00526,11.416720158479839
2632,263.105262,11.754856294957925
2633,263.205264,11.649496489222617
2634,263.305266,11.68853627826794
2635,263.405268,11.55590069585065
2636,263.50527,11.755861904911209
2637,263.605272,11.900697734829404
2638,263.70527400000003,11.96424134944326
2639,263.805276,12.185159404099736
2640,263.905278,12.024225935718029
2641,264.00528,12.238234926717146
2642,264.105282,12.191828636867394
2643,264.205284,12.378758250033941
2644,264.305286,11.917600894339518
2645,264.405288,12.171864335034844
2646,264.50529,11.963573083114907
2647,264.605292,12.030561346229275
2648,264.705294,11.76760282539066
2649,264.80529600000006,12.21596587087579
2650,264.905298,12.216156186914677
2651,265.0053,11.781704990546606
2652,265.10530200000005,11.879555325736451
2653,265.205304,12.177988667381916
2654,265.305306,11.969233254415002
2655,265.405308,12.149794034671382
2656,265.50531,12.068149606172737
2657,265.605312,11.756995297357616
2658,265.705314,11.787137099679077
2659,265.805316,12.327655220277014
2660,265.905318,11.61830969826509
2661,266.00532,11.901443696753711
2662,266.105322,12.091172072379157
2663,266.205324,11.964832972300051
2664,266.305326,11.849258275657599
2665,266.405328,11.912452520376563
2666,266.50533,11.64252180511508
2667,266.605332,11.922863482974789
2668,266.70533400000005,12.082424771484535
2669,266.805336,11.756971848999301
2670,266.905338,11.85779270078507
2671,267.00534000000005,12.02854731202532
2672,267.105342,11.738962126092835
2673,267.20534399999997,11.873799290341465
2674,267.30534600000004,11.899609460475371
2675,267.405348,11.877140543253125
2676,267.50534999999996,11.922740781063714
2677,267.60535200000004,12.076688502018111
2678,267.705354,12.110192764776112
2679,267.805356,11.760054075945655
2680,267.90535800000004,12.017071429822746
2681,268.00536,11.977403361240555
2682,268.105362,12.164433803767958
2683,268.205364,11.970214998448956
2684,268.305366,11.482542885872153
2685,268.405368,11.834747681225059
2686,268.50536999999997,12.027264352886093
2687,268.60537200000005,12.061734181487923
2688,268.705374,11.74308045245898
2689,268.80537599999997,11.530838537683447
2690,268.90537800000004,11.696989013029455
2691,269.00538,11.854024414627974
2692,269.10538199999996,11.999577944722851
2693,269.20538400000004,12.041323353622305
2694,269.305386,11.850264985476535
2695,269.40538799999996,11.748445201886458
2696,269.50539000000003,11.786232512991257
2697,269.605392,11.81029358014669
2698,269.705394,11.819762755732095
2699,269.80539600000003,11.654855957114208
2700,269.905398,11.745821164841864
2701,270.0054,11.910034580385991
2702,270.105402,11.847802910813646
2703,270.205404,11.87799690298305
2704,270.305406,11.676308912316543
2705,270.405408,11.601731370305743
2706,270.50541000000004,11.818351854209949
2707,270.605412,11.829329787043713
2708,270.70541399999996,11.91887341948015
2709,270.80541600000004,12.04241614929545
2710,270.905418,11.590002897802883
2711,271.00541999999996,12.007582514287087
2712,271.10542200000003,12.069865197212227
2713,271.205424,11.784550730550416
2714,271.30542599999995,12.089079756242404
2715,271.40542800000003,11.900640814650895
2716,271.50543,12.10878846631028
2717,271.605432,11.850599248012395
2718,271.705434,11.758563876326345
2719,271.805436,12.150224352131756
2720,271.905438,12.207564313024545
2721,272.00544,11.564174599287352
2722,272.105442,12.146858018197403
2723,272.205444,12.156597682281328
2724,272.305446,12.302810988759855
2725,272.40544800000004,12.67268356225069
2726,272.50545,12.142439397942766
2727,272.605452,11.993038390122969
2728,272.70545400000003,12.188002119208525
2729,272.805456,12.204011571437505
2730,272.905458,12.414612363359316
2731,273.00546,12.568357596717364
2732,273.105462,11.756593806558088
2733,273.205464,11.908356254636784
2734,273.305466,11.8783635272735
2735,273.405468,11.902447636459414
2736,273.50547,11.613641423742049
2737,273.605472,12.01133881639199
2738,273.705474,12.021565366255377
2739,273.805476,12.051830111410133
2740,273.905478,11.873776782225708
2741,274.00548,12.054684575226196
2742,274.105482,11.987691160356096
2743,274.205484,11.849739635941749
2744,274.30548600000003,11.891063075588697
2745,274.405488,11.9656871664128
2746,274.50549,12.103397113806299
2747,274.605492,12.113523285032306
2748,274.705494,12.355675141817239
2749,274.805496,12.275675695927593
2750,274.905498,12.163999612575351
2751,275.0055,12.192586959263988
2752,275.105502,12.341490092653293
2753,275.205504,12.067881263215174
2754,275.305506,12.138177630261161
2755,275.40550800000005,12.06094603480445
2756,275.50551,12.117537840522456
2757,275.605512,11.950808627358404
2758,275.70551400000005,12.019522019659467
2759,275.805516,12.205821407157597
2760,275.905518,12.192825080890366
2761,276.00552000000005,12.233636902638697
2762,276.105522,11.9327203800606
2763,276.205524,12.160002100117664
2764,276.305526,12.114673377528504
2765,276.405528,12.086989495195558
2766,276.50553,12.04671272873141
2767,276.605532,11.97675519138594
2768,276.705534,12.004973508082616
2769,276.805536,12.015402904027951
2770,276.905538,12.152798873220393
2771,277.00554,11.863610660381736
2772,277.105542,12.098530980640719
2773,277.205544,11.948770520932841
2774,277.30554600000005,12.014701707023145
2775,277.405548,12.033534511753832
2776,277.50554999999997,12.082738632777158
2777,277.60555200000005,12.001216235832421
2778,277.705554,11.994233318885819
2779,277.80555599999997,12.186568044028636
2780,277.90555800000004,12.241308561582041
2781,278.00556,12.262602690484869
2782,278.105562,12.07993693064374
2783,278.20556400000004,12.148615450157527
2784,278.305566,12.045604824066542
2785,278.405568,11.98108469299319
2786,278.50557000000003,12.223498536718092
2787,278.605572,12.354910293281375
2788,278.705574,12.258766657161878
2789,278.805576,12.424127734151151
2790,278.905578,12.18249426013049
2791,279.00558,12.023116389980842
2792,279.10558199999997,12.411594532387792
2793,279.20558400000004,12.493067699259344
2794,279.305586,12.095639812148601
2795,279.40558799999997,12.722751889656694
2796,279.50559000000004,12.63654944707242
2797,279.605592,12.257373649438286
2798,279.70559399999996,12.372354376499379
2799,279.80559600000004,12.32172795963593
2800,279.905598,12.268914269884851
2801,280.0056,11.894378809243413
2802,280.10560200000003,12.143134563059622
2803,280.205604,12.166643912474125
2804,280.305606,11.832189190694592
2805,280.40560800000003,12.1291733462341
2806,280.50561,12.038547966596607
2807,280.605612,12.072158003066937
2808,280.705614,12.191451336203684
2809,280.805616,11.968339606604541
2810,280.905618,12.041244864960664
2811,281.00562,12.049227376861426
2812,281.10562200000004,11.996290511349057
2813,281.205624,11.878190040570173
2814,281.30562599999996,12.03318851263294
2815,281.40562800000004,12.207318663591918
2816,281.50563,11.91583025779512
2817,281.60563199999996,11.98015248319587
2818,281.70563400000003,12.002392721295562
2819,281.805636,12.1631883460617
2820,281.90563799999995,12.198023890683631
2821,282.00564,12.09443463359467
2822,282.105642,12.13429163362121
2823,282.205644,12.177804287557413
2824,282.305646,11.919169289226835
2825,282.405648,11.961920388550483
2826,282.50565,11.928919984512953
2827,282.605652,11.782243278179994
2828,282.705654,11.897876151536302
2829,282.805656,11.979500115072046
2830,282.905658,11.866372361845745
2831,283.00566000000003,11.827423190695411
2832,283.105662,11.927040224693199
2833,283.205664,12.19580690588743
2834,283.30566600000003,11.859451592357297
2835,283.405668,12.02140875483373
2836,283.50567,12.022932669735951
2837,283.605672,11.974394627481963
2838,283.705674,11.69212795895847
2839,283.805676,11.98783525636424
2840,283.905678,12.296670517061068
2841,284.00568,11.670013093850107
2842,284.105682,11.781950327965651
2843,284.205684,11.925907003934048
2844,284.305686,12.185867460481067
2845,284.405688,11.707138222732375
2846,284.50569,11.891866191418272
2847,284.605692,11.808373168324891
2848,284.705694,11.964666235697644
2849,284.805696,11.58256607852103
2850,284.90569800000003,11.990946604784103
2851,285.0057,12.112212614207582
2852,285.105702,12.336048856223407
2853,285.205704,12.700912234588785
2854,285.305706,12.40298117769895
2855,285.405708,12.35140232534464
2856,285.50571,12.031894256253963
2857,285.605712,12.510318755413747
2858,285.705714,12.000282211555243
2859,285.805716,12.320226381765398
2860,285.905718,11.940804427705585
2861,286.00572000000005,12.196251401960245
2862,286.105722,11.952649500342625
2863,286.205724,11.73118426875312
2864,286.30572600000005,12.009496704063118
2865,286.405728,11.910392563926058
2866,286.50572999999997,11.839003905871069
2867,286.60573200000005,12.226375646801996
2868,286.705734,12.378250890868948
2869,286.805736,12.232065471035574
2870,286.905738,12.279974274823191
2871,287.00574,12.862998010064366
2872,287.105742,12.262397921510221
2873,287.205744,12.576163928535147
2874,287.305746,12.537068222126221
2875,287.405748,12.659148528208744
2876,287.50575,11.985471481906055
2877,287.605752,12.41412411335509
2878,287.705754,12.541050354124105
2879,287.805756,12.000324409179026
2880,287.90575800000005,12.32498746480776
2881,288.00576,12.289344911768152
2882,288.10576199999997,12.184265415737142
2883,288.20576400000004,12.489498334656501
2884,288.305766,11.94872684014902
2885,288.40576799999997,11.755029881785887
2886,288.50577000000004,12.524905448071017
2887,288.605772,12.171720571635174
2888,288.705774,12.131362852045694
2889,288.80577600000004,12.224165507162821
2890,288.905778,12.373826774224822
2891,289.00578,12.028143888140145
2892,289.10578200000003,12.01797211563333
2893,289.205784,11.993739713699876
2894,289.305786,12.002675349923834
2895,289.405788,12.1762699411642
2896,289.50579,12.276038601325515
2897,289.605792,12.308674889915984
2898,289.70579399999997,12.114016629264139
2899,289.80579600000004,12.195999301592742
2900,289.905798,12.120383025919175
2901,290.00579999999997,11.913771507918977
2902,290.10580200000004,12.117507812580142
2903,290.205804,12.251939817623034
2904,290.30580599999996,12.003015256625098
2905,290.40580800000004,12.3314605060288
2906,290.50581,12.180396237971175
2907,290.605812,12.149076493496901
2908,290.70581400000003,12.075762398883972
2909,290.805816,12.113147201100336
2910,290.905818,11.993365413166929
2911,291.00582,12.278376660543243
2912,291.105822,12.086186323014593
2913,291.205824,12.148209866111436
2914,291.305826,12.20485988552201
2915,291.405828,12.379778368494243
2916,291.50583,12.250711522187913
2917,291.605832,12.242650558083952
2918,291.70583400000004,12.082551814373332
2919,291.805836,12.410872639214842
2920,291.905838,11.978565811596235
2921,292.00584000000003,11.990758056569595
2922,292.105842,11.773406392621043
2923,292.20584399999996,11.892951578483542
2924,292.30584600000003,12.23824313811391
2925,292.405848,11.945610260960054
2926,292.50585,12.050430559497222
2927,292.605852,12.253890640221218
2928,292.705854,11.87582697016189
2929,292.805856,11.839442406509592
2930,292.905858,12.07876004655714
2931,293.00586,12.012948988388864
2932,293.105862,12.127076237779496
2933,293.205864,12.061785283725419
2934,293.305866,11.945899304911942
2935,293.405868,11.81721797938317
2936,293.50587,11.780858992892421
2937,293.60587200000003,11.772841035013863
2938,293.705874,11.925729155577194
2939,293.805876,11.923392795050718
2940,293.90587800000003,11.86536944779057
2941,294.00588,11.852404978075935
2942,294.105882,11.948465566683485
2943,294.205884,12.135858174578773
2944,294.305886,12.142992801548539
2945,294.405888,12.009984795537711
2946,294.50589,12.272573762312634
2947,294.605892,12.269417555123686
2948,294.70589400000006,12.29246645533892
2949,294.805896,12.046708988535642
2950,294.905898,12.33838217563526
2951,295.0059,12.220440268906618
2952,295.105902,12.250328525326736
2953,295.205904,12.284052002228842
2954,295.305906,12.385120737046416
2955,295.405908,12.029277170010829
2956,295.50591000000003,12.222254260590296
2957,295.605912,12.508469875581541
2958,295.705914,12.238858552622398
2959,295.805916,12.606416085378576
2960,295.905918,12.409473423148306
2961,296.00592,12.34055096539328
2962,296.105922,12.351075714442025
2963,296.205924,12.45053407655568
2964,296.305926,12.152455574007366
2965,296.405928,12.323676791691987
2966,296.50593,12.259315279170666
2967,296.60593200000005,12.239518837602974
2968,296.705934,12.327288454444053
2969,296.805936,12.225539092138382
2970,296.90593800000005,12.327106004258646
2971,297.00594,12.08764900075789
2972,297.10594199999997,12.36181570390004
2973,297.20594400000004,12.519395544400366
2974,297.305946,12.192503432811174
2975,297.405948,11.977912117394979
2976,297.50595,12.391049554969904
2977,297.605952,12.191263171797349
2978,297.705954,12.323179553377106
2979,297.805956,12.116977417915288
2980,297.905958,11.969380933099675
2981,298.00596,11.928371001910246
2982,298.105962,12.164297550570447
2983,298.205964,12.150754151834052
2984,298.305966,12.260121529172878
2985,298.405968,12.094625088355391
2986,298.50597000000005,12.14207495493579
2987,298.605972,12.019705934807687
2988,298.70597399999997,12.113845606410058
2989,298.80597600000004,12.152036715303497
2990,298.905978,12.479584490699548
2991,299.00597999999997,12.1439927703871
2992,299.10598200000004,12.102437056440975
2993,299.205984,12.150699038882395
2994,299.305986,12.304282033481371
2995,299.40598800000004,12.144000859656487
2996,299.50599,11.922934564061174
2997,299.605992,12.349852792574657
2998,299.70599400000003,12.315048976849607
2999,299.805996,12.089236971664246
3000,299.905998,12.052896994707726
3001,300.006,12.04532542225091
3002,300.106002,12.144317931090542
3003,300.206004,12.426776124331846
3004,300.30600599999997,11.913087987349366
3005,300.40600800000004,11.95168745241685
3006,300.50601,12.015335200551428
3007,300.60601199999996,11.97910433270028
3008,300.70601400000004,12.136673011507035
3009,300.806016,12.110725449796538
3010,300.90601799999996,12.069061104367986
3011,301.00602000000003,12.037242280273382
3012,301.106022,12.251919791564438
3013,301.206024,12.431718424952525
3014,301.30602600000003,11.86430175687688
3015,301.406028,11.85892019208325
3016,301.50603,11.822942192249368
3017,301.606032,11.944026892439954
3018,301.706034,12.039021471652651
3019,301.806036,11.948657861725701
3020,301.906038,11.99469100341864
3021,302.00604,11.93669966248409
3022,302.106042,11.851884850883133
3023,302.206044,12.082119685987054
3024,302.30604600000004,11.771185887924425
3025,302.406048,11.92793240153707
3026,302.50605,12.157763146478171
3027,302.60605200000003,11.9578698389757
3028,302.706054,11.903337943742539
3029,302.80605599999996,11.923569238772943
3030,302.90605800000003,11.926916957746272
3031,303.00606,11.9591521251042
3032,303.106062,11.849532485522708
3033,303.206064,11.845087390784787
3034,303.306066,12.080020985625817
3035,303.406068,12.116325474362911
3036,303.50607,12.054891410811829
3037,303.606072,11.996296651354989
3038,303.706074,12.085375980871351
3039,303.806076,12.30226573134148
3040,303.906078,12.084902382234542
3041,304.00608,12.058314415265015
3042,304.106082,12.246538596722091
3043,304.20608400000003,12.155352166493053
3044,304.306086,12.255815288929554
3045,304.406088,12.286262634155038
3046,304.50609000000003,12.133670792014522
3047,304.606092,12.059552308268728
3048,304.706094,12.122738580070978
3049,304.806096,11.894554637501088
3050,304.906098,12.067190334295345
3051,305.00610000000006,11.984465431070284
3052,305.106102,12.222659082775138
3053,305.206104,12.229335176531443
3054,305.30610600000006,12.16403584025371
3055,305.406108,11.979346742280542
3056,305.50611,11.963976835905921
3057,305.606112,12.225125205525503
3058,305.706114,11.943190021400323
3059,305.806116,12.478314787622319
3060,305.906118,12.10372885956141
3061,306.00612,12.154923422116978
3062,306.106122,12.672001644143304
3063,306.206124,12.448441613621798
3064,306.306126,12.441715180122387
3065,306.406128,12.00826537946592
3066,306.50613,12.20651418172482
3067,306.606132,12.369282280433847
3068,306.706134,12.320589770506826
3069,306.806136,12.24853719105988
3070,306.90613800000006,12.558124634717627
3071,307.00614,12.477712672010401
3072,307.106142,12.061943390139676
3073,307.20614400000005,12.25626552996261
3074,307.306146,12.172796689670108
3075,307.406148,12.278017221755794
3076,307.50615000000005,12.234384272733271
3077,307.606152,12.638305431235766
3078,307.70615399999997,12.43534253643219
3079,307.80615600000004,12.576486715345851
3080,307.906158,12.668721686626427
3081,308.00616,12.50683828808428
3082,308.106162,12.31284491211458
3083,308.206164,12.174812946846696
3084,308.306166,12.168690247018434
3085,308.406168,11.99284089500452
3086,308.50617,12.23089000514544
3087,308.606172,12.084245581271729
3088,308.706174,12.02976621277987
3089,308.806176,12.004824427266751
3090,308.906178,12.096700694407374
3091,309.00618,12.123863486433372
3092,309.10618200000005,11.921172419575198
3093,309.206184,12.177504642051893
3094,309.30618599999997,12.279586579974774
3095,309.40618800000004,11.839522091667734
3096,309.50619,11.895580971787494
3097,309.60619199999996,11.970352942000911
3098,309.70619400000004,12.154455238310506
3099,309.806196,12.250030748284223
3100,309.906198,12.258601716890611
3101,310.00620000000004,12.014275921805304
3102,310.106202,11.844539925206366
3103,310.206204,12.265303242807397
3104,310.30620600000003,12.406996145467767
3105,310.406208,12.131330274659717
3106,310.50621,12.324221254436665
3107,310.606212,11.978927507785025
3108,310.706214,11.954441438229512
3109,310.806216,12.075155421883453
3110,310.90621799999997,11.983096953257757
3111,311.00622000000004,11.976349727646422
3112,311.106222,12.232480837472943
3113,311.20622399999996,11.821864842236163
3114,311.30622600000004,11.894479954586265
3115,311.406228,12.221475619398086
3116,311.50622999999996,11.835884735682402
3117,311.60623200000003,12.05459580983256
3118,311.706234,12.43654579675724
3119,311.806236,12.364464191794477
3120,311.90623800000003,12.1190009939734
3121,312.00624,11.83883065453454
3122,312.106242,12.410609632670715
3123,312.206244,12.175607736003629
3124,312.306246,12.369819734489417
3125,312.406248,12.042254115817546
3126,312.50625,12.22235657480086
3127,312.606252,12.329907879862448
3128,312.706254,12.44472844443796
3129,312.806256,12.474816102532536
3130,312.90625800000004,12.246787636618455
3131,313.00626,12.479462604322636
3132,313.106262,12.637699142653481
3133,313.20626400000003,12.027739676422074
3134,313.306266,12.293607981755535
3135,313.40626799999995,12.267250953010619
3136,313.50627000000003,12.573878142106604
3137,313.606272,12.146249912202023
3138,313.706274,12.329178271015495
3139,313.806276,12.490697843343602
3140,313.906278,12.130048997610562
3141,314.00628,12.645651388179882
3142,314.106282,12.96523922201615
3143,314.206284,12.798907928083752
3144,314.306286,12.868596032086694
3145,314.406288,13.085249309754095
3146,314.50629,13.147424485104802
3147,314.606292,12.840625058815569
3148,314.706294,12.642827365929385
3149,314.80629600000003,12.125657953384394
3150,314.906298,12.20085909984815
3151,315.0063,12.067251576529252
3152,315.106302,12.65983016773353
3153,315.206304,12.087745859642265
3154,315.306306,11.92569056019845
3155,315.406308,12.342528569400585
3156,315.50631,12.005377937601867
3157,315.60631200000006,11.987685560877953
3158,315.706314,12.329980960618858
3159,315.806316,12.327194125662809
3160,315.90631800000006,12.474127288784345
3161,316.00632,12.309512407390026
3162,316.106322,12.141989285870984
3163,316.206324,12.294328597798126
3164,316.306326,12.38429951594869
3165,316.406328,12.314928098826769
3166,316.50633,12.496038756225081
3167,316.606332,12.28840714184894
3168,316.706334,12.322350480469769
3169,316.806336,12.60504948184952
3170,316.906338,12.403891621612113
3171,317.00634,12.623874025952933
3172,317.106342,12.792492109863021
3173,317.206344,12.81383170897963
3174,317.306346,12.736179734517249
3175,317.406348,13.168306742559944
3176,317.50635000000005,13.332710173549426
3177,317.606352,13.366107133199717
3178,317.706354,13.138710075105816
3179,317.80635600000005,13.035690786354495
3180,317.906358,13.320043992282661
3181,318.00636,12.953817610597321
3182,318.10636200000005,13.920893428111832
3183,318.206364,13.75009923309037
3184,318.30636599999997,13.586478647870917
3185,318.40636800000004,13.769255671227665
3186,318.50637,13.719773293435575
3187,318.606372,13.036641401311467
3188,318.706374,12.646121587729823
3189,318.806376,12.63996168193846
3190,318.906378,13.116340074858908
3191,319.00638,13.120119663324239
3192,319.106382,13.170883371950946
3193,319.206384,13.282802226790015
3194,319.306386,12.492783414283132
3195,319.40638800000005,12.748302107312044
3196,319.50639,12.578093075346617
3197,319.60639199999997,12.85754731910219
3198,319.70639400000005,13.053693196726808
3199,319.806396,13.891389589795557
3200,319.90639799999997,13.254943100228454
3201,320.00640000000004,13.204783891090282
3202,320.106402,13.687430074268304
3203,320.20640399999996,13.167969865159655
3204,320.30640600000004,13.190746281761147
3205,320.406408,12.97714698945593
3206,320.50641,13.208275851388533
3207,320.60641200000003,12.810163492537873
3208,320.706414,13.197762726217478
3209,320.806416,13.802659607141615
3210,320.90641800000003,13.41384049524925
3211,321.00642,13.322665487764507
3212,321.106422,13.67457396370352
3213,321.206424,13.353355071436729
3214,321.306426,13.618056168797077
3215,321.406428,13.573884104710562
3216,321.50642999999997,13.732967048699189
3217,321.60643200000004,13.52921328274686
3218,321.706434,13.027132196012744
3219,321.80643599999996,12.996908766420546
3220,321.90643800000004,12.79287305630184
3221,322.00644,12.572309245937316
3222,322.10644199999996,12.542121941352434
3223,322.20644400000003,12.879012768232224
3224,322.306446,12.25835189064914
3225,322.406448,12.7635440107423
3226,322.50645000000003,13.114931337098927
3227,322.606452,12.850030292272741
3228,322.706454,13.017348501764523
3229,322.806456,12.758062726688742
3230,322.906458,13.22042294939606
3231,323.00646,13.21126795079479
3232,323.106462,12.975092966083876
3233,323.206464,12.32219957034968
3234,323.306466,12.941257191276108
3235,323.406468,13.241958779985286
3236,323.50647000000004,12.644372713625053
3237,323.606472,12.814359279036859
3238,323.706474,12.373649695406378
3239,323.80647600000003,12.625344164438179
3240,323.906478,12.074269044216877
3241,324.00647999999995,12.552512453825507
3242,324.106482,12.5060222469728
3243,324.206484,12.18291538596696
3244,324.306486,11.896755370925963
3245,324.406488,11.748009895850837
3246,324.50649,11.37890584420481
3247,324.606492,11.638528475974853
3248,324.706494,11.514742931144758
3249,324.806496,11.892832646705358
3250,324.906498,11.43737008153001
3251,325.0065,11.526266897080728
3252,325.106502,12.069171661960493
3253,325.206504,12.380220814943536
3254,325.306506,12.529998223124974
3255,325.40650800000003,12.37774883673646
3256,325.50651,12.589439090848803
3257,325.606512,12.03490618905375
3258,325.706514,12.442243813061086
3259,325.806516,12.70923726886058
3260,325.906518,12.566770323485864
3261,326.00652,12.51436656949
3262,326.106522,11.561347033642354
3263,326.20652400000006,12.161854057123398
3264,326.306526,12.81862031756883
3265,326.406528,12.79970793029413
3266,326.50653000000005,13.419921176379203
3267,326.606532,12.885961919836884
3268,326.706534,13.646209153857837
3269,326.806536,13.296896896904038
3270,326.906538,12.846320148775957
3271,327.00654,12.8553187808917
3272,327.106542,13.01309247395273
3273,327.206544,13.13490910088653
3274,327.306546,13.386997175233981
3275,327.406548,12.926174117397558
3276,327.50655,13.125251946483894
3277,327.606552,12.745110812640991
3278,327.706554,12.810707549054941
3279,327.806556,12.83791011082914
3280,327.906558,12.511215380392386
3281,328.00656,12.153091574743458
3282,328.10656200000005,12.457943510467757
3283,328.206564,12.532680232907769
3284,328.306566,12.332970136871122
3285,328.40656800000005,12.533250085895205
3286,328.50657,12.273449226732914
3287,328.60657199999997,11.724547547909163
3288,328.70657400000005,12.175641483832383
3289,328.806576,12.437491581788516
3290,328.90657799999997,11.857091811264196
3291,329.00658000000004,12.339379473193938
3292,329.106582,12.279064183865163
3293,329.206584,11.881522292309777
3294,329.30658600000004,11.657796576233741
3295,329.406588,11.660599582002169
3296,329.50659,12.167326490313958
3297,329.606592,11.987621850470362
3298,329.706594,12.037468564630908
3299,329.806596,12.671071807294775
3300,329.906598,12.910042817427845
3301,330.00660000000005,13.061570682108878
3302,330.106602,12.57971756414602
3303,330.20660399999997,12.426295505085877
3304,330.30660600000004,11.876633849717987
3305,330.406608,12.419661787567145
3306,330.50660999999997,12.47891737952724
3307,330.60661200000004,12.904577254451219
3308,330.706614,12.985648213800657
3309,330.80661599999996,12.661974904401157
3310,330.90661800000004,12.643591216654215
3311,331.00662,12.266387584614602
3312,331.106622,12.851418763830887
3313,331.20662400000003,12.599301577011474
3314,331.306626,12.927689479617529
3315,331.406628,12.664309698592941
3316,331.50663000000003,12.776676997586076
3317,331.606632,12.868204295055891
3318,331.706634,11.99329835566285
3319,331.806636,12.230930548912637
3320,331.90663800000004,12.452247986634033
3321,332.00664,12.238034136818625
3322,332.10664199999997,11.77523150894404
3323,332.20664400000004,11.226906858093724
3324,332.306646,11.195503773604253
3325,332.40664799999996,11.238718178620205
3326,332.50665000000004,11.840205520999726
3327,332.606652,12.539107351211642
3328,332.70665399999996,12.767196538294478
3329,332.80665600000003,11.788167547372517
3330,332.906658,11.687164586680046
3331,333.00666,12.07903936746157
3332,333.10666200000003,12.650814646188126
3333,333.206664,12.628436101223897
3334,333.306666,13.581281577461256
3335,333.406668,13.783091787673182
3336,333.50667,12.903075081586195
3337,333.606672,12.591754972675398
3338,333.706674,13.184417594288583
3339,333.80667600000004,13.142778550925948
3340,333.906678,12.684248970489726
3341,334.00668,13.399717880845138
3342,334.10668200000003,13.402870235132271
3343,334.206684,13.623799152648365
3344,334.306686,13.416972795088695
3345,334.40668800000003,13.514861912800916
3346,334.50669,13.724102270313306
3347,334.60669199999995,13.708706157447606
3348,334.706694,13.72603304094852
3349,334.806696,12.951330444914774
3350,334.906698,13.468517302005957
3351,335.0067,13.310976875126846
3352,335.106702,13.809484275857061
3353,335.206704,13.576754769572124
3354,335.306706,13.003362383514997
3355,335.406708,12.758821250990577
3356,335.50671,13.136548634370444
3357,335.606712,12.812331673598406
3358,335.706714,12.864398003968994
3359,335.806716,13.007621494857231
3360,335.906718,13.091401109851908
3361,336.00672000000003,12.912075210090403
3362,336.106722,12.95336463771688
3363,336.206724,13.143059177235225
3364,336.306726,12.96542765518055
3365,336.406728,12.9360460631086
3366,336.50673,13.215213182073063
3367,336.606732,13.134631642066458
3368,336.706734,13.573403835277917
3369,336.80673600000006,13.039878120724591
3370,336.906738,13.687790634879457
3371,337.00674,13.470819677444595
3372,337.10674200000005,13.22736684096294
3373,337.206744,13.283529766364403
3374,337.306746,13.094904615500104
3375,337.406748,12.884886499802228
3376,337.50675,12.50780145465514
3377,337.606752,12.34946973880385
3378,337.706754,13.141772700387271
3379,337.806756,12.956889268551143
3380,337.906758,13.19874366105735
3381,338.00676,13.49993219189494
3382,338.106762,13.389100885735788
3383,338.206764,13.054053189620209
3384,338.306766,12.983924533218223
3385,338.406768,13.130722162614282
3386,338.50677,13.238139753379489
3387,338.606772,13.163906432591867
3388,338.70677400000005,12.516010999634904
3389,338.806776,12.779765441901018
3390,338.906778,12.569665083400432
3391,339.00678000000005,12.844722840867078
3392,339.106782,12.430146630873608
3393,339.20678399999997,12.628814461905783
3394,339.30678600000005,13.121789367035522
3395,339.406788,12.91370896440377
3396,339.50678999999997,13.095581934668518
3397,339.60679200000004,13.328046270357422
3398,339.706794,13.231801722587253
3399,339.806796,13.194798274137968
3400,339.90679800000004,13.27484902649978
3401,340.0068,13.626121829319196
3402,340.106802,13.25934069124181
3403,340.206804,13.28900875952582
3404,340.306806,13.579532102364048
3405,340.406808,13.402510320536855
3406,340.50681,13.468659634277525
3407,340.60681200000005,13.494945470614134
3408,340.706814,13.399368068012068
3409,340.80681599999997,13.071963668689904
3410,340.90681800000004,13.289474177158636
3411,341.00682,13.59414994679424
3412,341.10682199999997,13.30556981171899
3413,341.20682400000004,13.612031500523404
3414,341.306826,13.936140317728013
3415,341.40682799999996,13.54860793186388
3416,341.50683000000004,13.627853672915192
3417,341.606832,14.021990127238695
3418,341.706834,14.086203036214796
3419,341.80683600000003,13.785243970805551
3420,341.906838,13.1939575580821
3421,342.00684,13.794051453336017
3422,342.10684200000003,13.875831453399783
3423,342.206844,13.496161321767397
3424,342.306846,13.562918480711362
3425,342.406848,13.839003358001616
3426,342.50685000000004,13.905854014021813
3427,342.606852,13.626688996475057
3428,342.70685399999996,13.803195610326567
3429,342.80685600000004,13.435463279220164
3430,342.906858,13.61094473465493
3431,343.00685999999996,13.60328191430991
3432,343.10686200000004,13.46209669580911
3433,343.206864,13.523661734521312
3434,343.30686599999996,13.534954261840074
3435,343.40686800000003,13.665801855158723
3436,343.50687,13.710655038231229
3437,343.606872,13.532176122298683
3438,343.706874,13.457570467165274
3439,343.806876,13.437063892942202
3440,343.906878,12.899801103140897
3441,344.00688,13.451850579928184
3442,344.106882,13.39472564466326
3443,344.206884,13.52917103239594
3444,344.306886,13.366737308795994
3445,344.40688800000004,13.71250351827944
3446,344.50689,13.338002560380792
3447,344.606892,12.919686556517762
3448,344.70689400000003,13.482405134057299
3449,344.806896,13.632495381727695
3450,344.906898,13.011048560826959
3451,345.00690000000003,13.220025577342405
3452,345.106902,13.290206304071235
3453,345.206904,13.358042272680956
3454,345.306906,13.192697185611118
3455,345.406908,13.757799320867779
3456,345.50691,13.245082381997964
3457,345.606912,13.440533016076609
3458,345.706914,13.570987799097153
3459,345.806916,13.530682870257102
3460,345.906918,13.497251079795443
3461,346.00692,13.518647969212008
3462,346.106922,13.349307124689812
3463,346.206924,13.645386621236536
3464,346.30692600000003,13.758777553730907
3465,346.406928,13.595869514946738
3466,346.50693,12.97990577846675
3467,346.60693200000003,13.609736466991123
3468,346.706934,13.053367065930033
3469,346.806936,13.577350757601973
3470,346.906938,13.304562066805733
3471,347.00694,13.691127517655403
3472,347.106942,13.5691178593777
3473,347.206944,14.07788497780819
3474,347.306946,13.41407583355676
3475,347.40694800000006,12.967439813845951
3476,347.50695,13.011712067833328
3477,347.606952,13.081791687358136
3478,347.70695400000005,13.383870571200205
3479,347.806956,13.869923401247538
3480,347.906958,12.971087046088808
3481,348.00696000000005,12.872476681640926
3482,348.106962,12.836466020203757
3483,348.206964,13.103878397899813
3484,348.306966,13.099474966976516
3485,348.406968,13.086722195694588
3486,348.50697,13.04862351822566
3487,348.606972,12.743017345983684
3488,348.706974,13.133100308631608
3489,348.806976,12.272229455039719
3490,348.906978,12.415889531003723
3491,349.00698,12.417059206889274
3492,349.106982,12.185294442226567
3493,349.206984,12.550100826725634
3494,349.30698600000005,12.97444667803878
3495,349.406988,13.273415670496934
3496,349.50699,13.059964792967055
3497,349.60699200000005,13.718723886111807
3498,349.706994,13.181695743363491
3499,349.80699599999997,13.03280286962824
3500,349.90699800000004,12.78146836678193
3501,350.007,12.656565773498073
3502,350.10700199999997,12.63311579893419
3503,350.20700400000004,12.987190338474333
3504,350.307006,13.076557738573264
3505,350.407008,12.874343327348058
3506,350.50701000000004,12.923306451462555
3507,350.607012,13.161267711139944
3508,350.707014,12.668732295252173
3509,350.807016,13.095571250256373
3510,350.907018,13.101271937193168
3511,351.00702,12.940217247496195
3512,351.107022,12.688424611968959
3513,351.20702400000005,12.797372644257266
3514,351.307026,12.780473135234569
3515,351.40702799999997,12.3952717372055
3516,351.50703000000004,12.02555219990844
3517,351.607032,12.243856888162954
3518,351.70703399999996,12.21863041980979
3519,351.80703600000004,12.311668904401209
3520,351.907038,13.211137537576594
3521,352.00703999999996,12.405664974846403
3522,352.10704200000004,12.684123465675269
3523,352.207044,13.255020237797705
3524,352.307046,12.96356533421268
3525,352.40704800000003,13.137420390670052
3526,352.50705,12.788173704237193
3527,352.607052,12.588945935588749
3528,352.707054,13.133533819751639
3529,352.807056,12.915876352419687
3530,352.907058,12.997094787802892
3531,353.00706,13.103875624433126
3532,353.10706200000004,12.615224295372705
3533,353.207064,13.144754789551575
3534,353.30706599999996,13.177825676514997
3535,353.40706800000004,12.942158189928657
3536,353.50707,12.842189173380042
3537,353.60707199999996,12.558608744536803
3538,353.70707400000003,13.204351171286
3539,353.807076,13.003940502854858
3540,353.90707799999996,12.293773642152768
3541,354.00708000000003,12.813247702954348
3542,354.107082,12.384551071719988
3543,354.207084,12.524510020287062
3544,354.307086,12.825044712169644
3545,354.407088,12.957339200946773
3546,354.50709,12.715917593517258
3547,354.607092,12.821549173781003
3548,354.707094,12.733028836988469
3549,354.807096,12.56766762687346
3550,354.907098,12.95155924428443
3551,355.00710000000004,12.779539647088821
3552,355.107102,13.014748086347913
3553,355.207104,12.889527188337139
3554,355.30710600000003,12.946303116027886
3555,355.407108,12.990428297426812
3556,355.50711,12.299916404730668
3557,355.60711200000003,12.263589947417719
3558,355.707114,11.957636874292177
3559,355.807116,12.272865801116897
3560,355.907118,12.236758686531262
3561,356.00712,11.916596767883464
3562,356.107122,11.972637898568648
3563,356.207124,11.432198052067207
3564,356.307126,11.276641399883456
3565,356.407128,11.37432955359722
3566,356.50713,11.270218985157472
3567,356.607132,11.156947481591915
3568,356.707134,11.348993787270205
3569,356.807136,11.236922690030386
3570,356.90713800000003,11.436226305123391
3571,357.00714,11.636850507773778
3572,357.107142,11.407442886635343
3573,357.207144,11.467641609674322
3574,357.307146,11.46637371332605
3575,357.407148,11.722708847439867
3576,357.50715,11.597333091417925
3577,357.607152,11.406309894220847
3578,357.707154,11.602698317627805
3579,357.807156,11.624874890594258
3580,357.907158,11.626701084432796
3581,358.00716000000006,11.360987357746893
3582,358.107162,11.451279208479423
3583,358.207164,11.242176615523137
3584,358.30716600000005,11.30204573432147
3585,358.407168,11.355600932311637
3586,358.50717,11.232861652810247
3587,358.60717200000005,11.483061222519861
3588,358.707174,11.331133937029156
3589,358.807176,11.259527310054679
3590,358.907178,11.368049472449325
3591,359.00718,11.441260274618159
3592,359.107182,11.50862534601849
3593,359.207184,11.204084851000221
3594,359.307186,11.259736804218381
3595,359.407188,11.30206783947408
3596,359.50719,11.506915901635699
3597,359.607192,11.244706012800668
3598,359.707194,11.456875257757233
3599,359.807196,11.327430543033397
3600,359.90719800000005,11.15267281701903
3601,360.0072,11.428801705555772
3602,360.107202,11.225345405518908
3603,360.20720400000005,11.361946526098054
3604,360.307206,11.291622101972555
3605,360.40720799999997,11.248907291577277
3606,360.50721000000004,11.19518620730805
3607,360.607212,11.458780922586968
3608,360.707214,11.577205400017606
3609,360.80721600000004,11.478229935357605
3610,360.907218,11.27265427609906
3611,361.00722,11.532480950473936
3612,361.10722200000004,11.16737432128803
3613,361.207224,11.213624391705833
3614,361.307226,11.20075440420722
3615,361.407228,11.285898060088208
3616,361.50723,11.107516585430135
3617,361.607232,10.958297692486376
3618,361.70723399999997,11.278455103279622
3619,361.80723600000005,11.432303177247363
3620,361.907238,11.342688857291591
3621,362.00723999999997,11.23440488476032
3622,362.10724200000004,11.200967550844748
3623,362.207244,11.461714433964238
3624,362.30724599999996,11.526280636868115
3625,362.40724800000004,11.525387096105149
3626,362.50725,11.323762560812513
3627,362.60725199999996,11.301349510822318
3628,362.70725400000003,11.262029020333271
3629,362.807256,11.39670174873585
3630,362.907258,11.253922133971962
3631,363.00726000000003,11.448937749278567
3632,363.107262,11.338220998873878
3633,363.207264,11.215511853393282
3634,363.307266,11.115250127868872
3635,363.407268,11.206172450929868
3636,363.50727,11.26265696553024
3637,363.607272,11.340282899498707
3638,363.70727400000004,11.240369125814306
3639,363.807276,11.221489992980661
3640,363.907278,11.170931034801345
3641,364.00728000000004,11.109082077650061
3642,364.107282,11.173727345177612
3643,364.20728399999996,11.346980375822314
3644,364.30728600000003,11.368111634958963
3645,364.407288,11.062631535151736
3646,364.50728999999995,10.988085391011662
3647,364.60729200000003,11.2382274147015
3648,364.707294,11.145449459852685
3649,364.807296,11.218394290981315
3650,364.907298,11.207485007366737
3651,365.0073,11.352188704362806
3652,365.107302,11.256756078542221
3653,365.207304,11.409794880363746
3654,365.307306,11.131853069742853
3655,365.407308,11.19912195383379
3656,365.50731,11.226464080728945
3657,365.60731200000004,11.483093489100945
3658,365.707314,11.301617867435105
3659,365.807316,11.499570174893483
3660,365.90731800000003,11.058572774625864
3661,366.00732,10.998650220865393
3662,366.107322,10.941931615754662
3663,366.207324,11.154746774669414
3664,366.307326,11.259350973974582
3665,366.407328,11.383049535810958
3666,366.50733,11.291388728593713
3667,366.607332,11.176787190099814
3668,366.70733400000006,11.314240691746193
3669,366.807336,11.252809814088927
3670,366.907338,11.31263394346172
3671,367.00734,11.277376238943877
3672,367.107342,11.300881822427632
3673,367.207344,11.575387858790464
3674,367.307346,11.57098183931966
3675,367.407348,11.55313221602005
3676,367.50735000000003,11.396007807049923
3677,367.607352,11.211509491668368
3678,367.707354,11.482234440560061
3679,367.807356,11.29333827597482
3680,367.907358,11.293729225130283
3681,368.00736,11.658627366849474
3682,368.107362,11.496930722024283
3683,368.207364,11.541985580561079
3684,368.307366,11.597560855015733
3685,368.407368,11.579202803279172
3686,368.50737,12.022081012189034
3687,368.60737200000005,11.8262664305579
3688,368.707374,11.558917083399905
3689,368.807376,11.38216943646656
3690,368.90737800000005,11.701640087125886
3691,369.00738,11.397297337217543
3692,369.107382,11.47098454036305
3693,369.20738400000005,11.310659139876192
3694,369.307386,11.120893410608048
3695,369.407388,11.195235287416422
3696,369.50739,11.254312733824412
3697,369.607392,11.309224682189273
3698,369.707394,11.425391323085178
3699,369.807396,11.370548959677166
3700,369.907398,11.255110153846475
3701,370.0074,11.243883765141444
3702,370.107402,11.185707811836961
3703,370.207404,11.332937640585662
3704,370.307406,11.548299666290006
3705,370.407408,11.582364239442215
3706,370.50741000000005,11.610853827110358
3707,370.607412,11.529228676696068
3708,370.70741399999997,11.9903250016541
3709,370.80741600000005,11.774003986560382
3710,370.907418,11.378189333809573
3711,371.00741999999997,11.273496829548272
3712,371.10742200000004,11.2646038936495
3713,371.207424,11.210157706741338
3714,371.307426,11.550116576670757
3715,371.40742800000004,11.904709915818161
3716,371.50743,11.838990392662716
3717,371.607432,11.579962657399417
3718,371.70743400000003,11.792482527939898
3719,371.807436,11.904137429259682
3720,371.907438,11.614285947618695
3721,372.00744,11.460788636950365
3722,372.107442,11.752518467979728
3723,372.207444,11.833445684366835
3724,372.30744599999997,11.5834095787724
3725,372.40744800000004,11.626833673400878
3726,372.50745,11.660577869671696
3727,372.60745199999997,11.558924871955492
3728,372.70745400000004,11.437072006377225
3729,372.807456,11.8989829846749
3730,372.90745799999996,11.48121822675985
3731,373.00746000000004,11.66297716779046
3732,373.107462,11.343718699133563
3733,373.207464,11.673290955858352
3734,373.30746600000003,11.546125917666684
3735,373.407468,11.449085963174456
3736,373.50747,11.416303601086785
3737,373.60747200000003,11.415470874763988
3738,373.707474,11.175373050089652
3739,373.807476,11.263569443363696
3740,373.907478,11.194571496714241
3741,374.00748,11.18016805536001
3742,374.107482,11.410352720356435
3743,374.207484,11.392492057441752
3744,374.30748600000004,11.622511124472425
3745,374.407488,11.69283846234925
3746,374.50749,11.985939989050442
3747,374.60749200000004,11.570804598202972
3748,374.707494,11.63941190397717
3749,374.80749599999996,11.287406791631295
3750,374.90749800000003,11.473186251483586
3751,375.0075,11.47446790310958
3752,375.107502,11.636449982483946
3753,375.20750400000003,11.59612866765312
3754,375.307506,11.302159820441075
3755,375.407508,11.470681484557002
3756,375.50751,11.452230733438372
3757,375.607512,11.680378276363225
3758,375.707514,11.670349446399491
3759,375.807516,11.72782634536107
3760,375.907518,11.79329763792676
3761,376.00752,11.305793894415903
3762,376.107522,11.470002345465867
3763,376.20752400000003,11.402379812635608
3764,376.307526,11.531599901157488
3765,376.407528,11.450827017252939
3766,376.50753000000003,11.425780428725405
3767,376.607532,11.31318238815231
3768,376.707534,11.42149513825251
3769,376.807536,11.232419794568077
3770,376.907538,11.247318190548135
3771,377.00754,11.512258573945171
3772,377.107542,11.587195229107559
3773,377.207544,11.700232274760724
3774,377.30754600000006,11.5579762662489
3775,377.407548,11.555272474164607
3776,377.50755,11.775038456759678
3777,377.607552,11.860108023163663
3778,377.707554,11.699789297722733
3779,377.807556,11.812357469200348
3780,377.907558,12.064457312120165
3781,378.00756,11.666789551536564
3782,378.10756200000003,11.887628944231533
3783,378.207564,12.048677377375556
3784,378.307566,11.615798651375922
3785,378.407568,12.290441707908013
3786,378.50757,11.540531581908736
3787,378.607572,11.8968371657217
3788,378.707574,11.674111415523587
3789,378.807576,12.01674823479583
3790,378.907578,12.069080704556864
3791,379.00758,11.700770104811893
3792,379.107582,11.705104688907742
3793,379.20758400000005,11.774818673340485
3794,379.307586,11.92491791930427
3795,379.407588,11.578344431848354
3796,379.50759000000005,11.9079895196091
3797,379.607592,11.613393103117657
3798,379.707594,11.565411957317467
3799,379.80759600000005,11.781517449782587
3800,379.907598,11.767678111009754
3801,380.0076,11.913977230683107
3802,380.107602,11.609500541913821
3803,380.207604,11.664877794636002
3804,380.307606,11.959552244239749
3805,380.407608,11.681870721303817
3806,380.50761,11.664037901789154
3807,380.607612,11.735952268071802
3808,380.707614,11.504896006861175
3809,380.807616,11.763673109567014
3810,380.907618,11.673884710348856
3811,381.00762,11.657217613778666
3812,381.10762200000005,11.821958139314509
3813,381.207624,11.41691166982056
3814,381.30762599999997,11.595757137959174
3815,381.40762800000005,11.408516525980065
3816,381.50763,11.567965627491686
3817,381.60763199999997,11.787580077377903
3818,381.70763400000004,11.709653768630423
3819,381.807636,11.55052367851332
3820,381.907638,11.732197775673548
3821,382.00764000000004,11.96121067082878
3822,382.107642,11.665312153211906
3823,382.207644,11.56292848378719
3824,382.30764600000003,11.671218139051492
3825,382.407648,11.430526892381868
3826,382.50765,11.564398964679869
3827,382.60765200000003,11.47758299056422
3828,382.707654,11.75222503810778
3829,382.807656,11.678361625967984
3830,382.90765799999997,11.63802035022673
3831,383.00766000000004,11.702992171417474
3832,383.107662,11.585297671704735
3833,383.20766399999997,11.66933688292979
3834,383.30766600000004,11.618299790053618
3835,383.407668,11.543393060601094
3836,383.50766999999996,11.60354226297836
3837,383.60767200000004,11.475559640304503
3838,383.707674,11.796674359707117
3839,383.807676,11.457898142279193
3840,383.90767800000003,11.590540752199411
3841,384.00768,11.50011765488984
3842,384.107682,11.680734554383507
3843,384.20768400000003,11.810269739425578
3844,384.307686,11.920347845341533
3845,384.407688,11.763913232810788
3846,384.50769,11.875245072701622
3847,384.607692,11.536880784127568
3848,384.707694,12.03574829178483
3849,384.807696,11.64066949892156
3850,384.90769800000004,11.47879074164781
3851,385.0077,11.6734063835926
3852,385.107702,11.480928132497464
3853,385.20770400000004,11.491823033309919
3854,385.307706,11.530813221688582
3855,385.40770799999996,11.127064281186405
3856,385.50771000000003,11.573810265365537
3857,385.607712,11.86665295130421
3858,385.707714,11.476800742824308
3859,385.807716,11.855000018776364
3860,385.907718,11.929391963497082
3861,386.00772,11.771856893237867
3862,386.107722,11.699666853716382
3863,386.207724,11.59265147513784
3864,386.307726,11.682611980163374
3865,386.407728,11.606320307727213
3866,386.50773,11.284121607116328
3867,386.607732,11.993353087335096
3868,386.707734,11.706265779892952
3869,386.80773600000003,11.824758919093437
3870,386.907738,11.527420438038082
3871,387.00774,11.690953106495838
3872,387.10774200000003,11.536614286166811
3873,387.207744,11.482629688876075
3874,387.307746,11.351790109983096
3875,387.407748,11.349301720356108
3876,387.50775,11.66461469441164
3877,387.60775200000006,11.40066893535291
3878,387.707754,11.607193276052088
3879,387.807756,11.585007176852903
3880,387.90775800000006,11.601218167889426
3881,388.00776,11.578892968104505
3882,388.107762,11.777841312288087
3883,388.207764,11.701706091168555
3884,388.307766,11.583878935066481
3885,388.407768,11.645482463058933
3886,388.50777,11.653138904188825
3887,388.607772,11.828065830863009
3888,388.70777400000003,11.82261986963613
3889,388.807776,11.777054097403042
3890,388.907778,11.952448170127678
3891,389.00778,11.685723631524333
3892,389.107782,11.61929556612078
3893,389.207784,11.86357186141551
3894,389.307786,11.718922002110634
3895,389.407788,11.788875668412246
3896,389.50779,11.407615480155735
3897,389.607792,11.89003867898321
3898,389.707794,11.723512353736918
3899,389.80779600000005,11.563983103691676
3900,389.907798,11.36861573958589
3901,390.0078,11.629001627042452
3902,390.10780200000005,11.41675736866808
3903,390.207804,11.610317600900446
3904,390.30780599999997,11.611199709078694
3905,390.40780800000005,11.776097992697647
3906,390.50781,11.748324786727753
3907,390.607812,11.577739617511973
3908,390.707814,11.778956776820879
3909,390.807816,12.007892570308355
3910,390.907818,11.99749754948546
3911,391.00782,11.800511191875275
3912,391.107822,11.986183527489505
3913,391.207824,11.74616971334305
3914,391.307826,11.810521272650057
3915,391.407828,11.90364449148679
3916,391.50783,11.665137160596377
3917,391.607832,11.585881018351467
3918,391.70783400000005,12.107727376599719
3919,391.807836,11.713001741456017
3920,391.90783799999997,11.714981081581495
3921,392.00784000000004,11.826066642128719
3922,392.107842,11.664817894188015
3923,392.20784399999997,11.382196386702589
3924,392.30784600000004,11.453418738079344
3925,392.407848,11.739788217017683
3926,392.50785,11.656160389360087
3927,392.60785200000004,11.62408526505745
3928,392.707854,12.01802028075615
3929,392.807856,11.641355177560008
3930,392.90785800000003,11.564913351052677
3931,393.00786,11.547271155834634
3932,393.107862,11.789971073978856
3933,393.20786400000003,11.911422173205361
3934,393.307866,11.665500640299248
3935,393.407868,11.742781302472933
3936,393.50786999999997,11.545953628644828
3937,393.60787200000004,11.466939442125245
3938,393.707874,11.9394035655561
3939,393.80787599999996,12.320469527214458
3940,393.90787800000004,11.742875405142282
3941,394.00788,11.69480670433215
3942,394.10788199999996,11.915428182283708
3943,394.20788400000004,11.797896087759636
3944,394.307886,11.825414799315414
3945,394.407888,11.687273497378735
3946,394.50789000000003,11.79639950268947
3947,394.607892,11.99015108356651
3948,394.707894,11.530524605769862
3949,394.807896,11.596283928891957
3950,394.907898,11.789802942679039
3951,395.0079,12.030759586737526
3952,395.107902,11.386205620363178
3953,395.207904,12.151953247487006
3954,395.307906,11.588652741228842
3955,395.407908,11.652465841930297
3956,395.50791000000004,11.482165540548824
3957,395.607912,11.538523010291158
3958,395.707914,11.674602493168663
3959,395.80791600000003,11.612634927134133
3960,395.907918,11.552222419187366
3961,396.00791999999996,11.544448833600288
3962,396.10792200000003,11.751229862181747
3963,396.207924,11.688148265200219
3964,396.307926,11.692749712341328
3965,396.407928,11.657273901456994
3966,396.50793,11.517545565579528
3967,396.607932,11.727358526857367
3968,396.707934,11.571227355308304
3969,396.807936,11.42803958872785
3970,396.907938,11.42345632668466
3971,397.00794,11.826219188195632
3972,397.107942,11.675765953474816
3973,397.207944,12.157957244836675
3974,397.307946,11.574005018058571
3975,397.40794800000003,11.781099529840187
3976,397.50795,11.650706269525191
3977,397.607952,11.591979552110367
3978,397.70795400000003,11.76565167093054
3979,397.807956,11.767566521950268
3980,397.907958,11.80472151664703
3981,398.00796,11.677466870156058
3982,398.107962,11.853079554081749
3983,398.20796400000006,11.853687465839046
3984,398.307966,11.865252867416109
3985,398.407968,12.001762501830434
3986,398.50797000000006,11.95685812184314
3987,398.607972,11.918184544336668
3988,398.707974,11.90508268925882
3989,398.807976,11.602737451411523
3990,398.907978,11.709717632512088
3991,399.00798,11.608127933618578
3992,399.107982,11.64090352972811
3993,399.207984,11.748554224401822
3994,399.307986,11.632208166188166
3995,399.407988,11.422625778490167
3996,399.50799,11.539865124798684
3997,399.607992,11.882146492105745
3998,399.707994,11.910532182644127
3999,399.807996,11.723488789098061
4000,399.907998,11.805709797105072
4001,400.000014,11.673253973526524
