Frame,Time (ns),Radius of Gyration
1,0.0,32.77399645047639
2,0.100002,33.24896112423859
3,0.200004,33.46379784246882
4,0.30000600000000005,33.48897070278328
5,0.400008,33.83007776281669
6,0.50001,33.34006576968542
7,0.6000120000000001,33.504983750191265
8,0.700014,32.70723048754637
9,0.800016,32.943919209538926
10,0.900018,33.06417834727401
11,1.00002,32.82657365354794
12,1.1000219999999998,32.547985797409545
13,1.2000240000000002,32.60285130183762
14,1.3000260000000001,32.44514520352953
15,1.400028,32.486029044158215
16,1.50003,32.69286466831889
17,1.600032,32.33454655999533
18,1.700034,32.45726502155678
19,1.800036,32.624964652369876
20,1.9000380000000001,32.49165576716573
21,2.00004,32.674381289366266
22,2.1000419999999997,32.62435572493796
23,2.2000439999999997,32.91664175055258
24,2.300046,32.518395800771444
25,2.4000480000000004,32.69825871283512
26,2.5000500000000003,32.77272800175436
27,2.6000520000000003,33.58006827814417
28,2.700054,32.8234319732588
29,2.800056,32.65870262716306
30,2.900058,32.18458339945369
31,3.00006,32.55122660941981
32,3.100062,31.89799421794649
33,3.200064,31.878233155017398
34,3.300066,32.372078019598
35,3.400068,32.22182905385675
36,3.50007,32.21791208400573
37,3.600072,32.09943817995805
38,3.700074,32.49211345041617
39,3.8000760000000002,33.255334016499965
40,3.900078,33.15046614287953
41,4.00008,33.30209154351585
42,4.1000820000000004,33.27335330041532
43,4.2000839999999995,33.49555211605513
44,4.300086,33.27013935142194
45,4.400087999999999,32.77102750016084
46,4.50009,33.11373914496918
47,4.600092,33.4240777725456
48,4.700094,33.197703763690605
49,4.800096000000001,33.466205831858005
50,4.900098,33.25079611595979
51,5.000100000000001,33.1610408307572
52,5.100102,32.830265332936854
53,5.2001040000000005,33.39440090037375
54,5.3001059999999995,33.239686226089646
55,5.400108,33.673423171197356
56,5.500109999999999,33.42213231261835
57,5.600112,33.650211334931306
58,5.700114,33.829657631996064
59,5.800116,33.7851996483907
60,5.900118,33.390296443033705
61,6.00012,32.97807235273034
62,6.100122000000001,32.8848580647006
63,6.200124,32.178821339079526
64,6.300126000000001,32.38216043647295
65,6.400128,32.202569583673
66,6.50013,31.775541250954692
67,6.600132,31.508030075155844
68,6.700134,32.14311102986559
69,6.800136,32.1095820543407
70,6.900138,31.522565505466417
71,7.00014,31.333427010169572
72,7.100142,31.352382124524375
73,7.200144,31.819161144088657
74,7.300146,31.912607661557786
75,7.400148,31.712783728299943
76,7.5001500000000005,31.570992835511575
77,7.6001520000000005,31.655457113534165
78,7.700154,31.433259559906357
79,7.800156,31.84404624920024
80,7.900158,31.622308441857317
81,8.00016,31.38872479058699
82,8.100162000000001,31.66844404567432
83,8.200164000000001,31.492563484341243
84,8.300166,31.551462915710516
85,8.400167999999999,31.694412066911163
86,8.50017,31.985480338501322
87,8.600172,32.41456416716959
88,8.700174,32.525741618979445
89,8.800175999999999,32.237996366581655
90,8.900178,32.077147605017984
91,9.00018,32.11612418490168
92,9.100182,31.719271040979685
93,9.200184,31.91352745600855
94,9.300186,31.546754815494484
95,9.400188,31.065082434192952
96,9.50019,31.344993265305437
97,9.600192000000002,32.270330497365975
98,9.700194,32.47447676288207
99,9.800196,32.143355371085306
100,9.900198,32.14263964957829
101,10.000200000000001,32.207996502151225
102,10.100202,32.06040646478723
103,10.200204,31.745779804161057
104,10.300206,32.04091973155577
105,10.400208000000001,31.7836342824319
106,10.500210000000001,31.055317354978456
107,10.600211999999999,30.56052344329827
108,10.700214,30.563640410834097
109,10.800216,30.607832619638312
110,10.900218,30.5522694713452
111,11.000219999999999,30.72723111552849
112,11.100222,30.57224052936117
113,11.200224,30.869631399273192
114,11.300226,31.22879039743582
115,11.400228,31.27872138046037
116,11.50023,31.163003356272107
117,11.600232,31.385518196394557
118,11.700234,31.28558486911609
119,11.800236,31.378404193556662
120,11.900238,31.313932126571007
121,12.00024,31.400723893779904
122,12.100242,31.542544487508216
123,12.200244000000001,31.30512994365343
124,12.300246000000001,30.830798536500662
125,12.400248,31.165190663833645
126,12.50025,31.226421977554903
127,12.600252000000001,31.226441346748693
128,12.700254000000001,31.142595074824875
129,12.800256,30.842901006858533
130,12.900258,31.249025569407173
131,13.00026,31.51063117676826
132,13.100262,31.440184529910283
133,13.200264,31.635568788216773
134,13.300265999999999,31.53689202144822
135,13.400268,31.283038938583786
136,13.50027,31.18437672692633
137,13.600272,31.095792748645398
138,13.700274,31.555217651990045
139,13.800276,31.659392625713572
140,13.900278,31.13510778402151
141,14.00028,31.60500668705755
142,14.100282000000002,31.8824239512796
143,14.200284,32.045054960362165
144,14.300286,32.2288224492357
145,14.400288,32.08217783870397
146,14.500290000000001,32.107694069375945
147,14.600292,31.79793189808554
148,14.700294,32.11409982408318
149,14.800296,32.06137500163234
150,14.900298000000001,31.989390144673195
151,15.000300000000001,31.316860015834955
152,15.100302,32.19399983816527
153,15.200304000000001,32.28030221884098
154,15.300306,32.43471152196455
155,15.400308,31.76619978404901
156,15.500309999999999,31.8400477397742
157,15.600312,31.55617057206915
158,15.700314,31.161010200423124
159,15.800316,31.68361309773052
160,15.900318,31.887916909845423
161,16.00032,31.153439617399645
162,16.100322,31.566810381227196
163,16.200324000000002,31.988326371008334
164,16.300326000000002,31.75196152432412
165,16.400328000000002,31.720074923040727
166,16.50033,31.469442260598804
167,16.600332,31.399902448219496
168,16.700333999999998,31.529809836686447
169,16.800335999999998,31.15181447171006
170,16.900338,30.88482660817393
171,17.00034,31.002345624545406
172,17.100342,31.155851587657033
173,17.200344,31.247716750762134
174,17.300346,30.94016084239635
175,17.400348,31.150537243013176
176,17.50035,31.314538912997698
177,17.600351999999997,31.095788984199892
178,17.700354,30.556136084136845
179,17.800356,30.77316699819093
180,17.900358,30.831142200650657
181,18.00036,30.726115256582602
182,18.100362,30.829807647510933
183,18.200364,31.245067584499715
184,18.300366,30.757379998783897
185,18.400368,30.86780981605022
186,18.50037,31.50541362296715
187,18.600372,30.905147935071533
188,18.700374,30.844687392190416
189,18.800376,30.85827756482186
190,18.900378,30.36256339946757
191,19.00038,30.406438456612285
192,19.100382,30.962941621083232
193,19.200384000000003,30.594468493202044
194,19.300386,30.877143759556255
195,19.400388,30.993287172437604
196,19.50039,30.408478025399145
197,19.600392,31.212777884296585
198,19.700394,30.881868343302482
199,19.800396,30.902267351001285
200,19.900398000000003,31.076557555947776
201,20.000400000000003,31.391091338156446
202,20.100402000000003,31.534900380782602
203,20.200404,31.16480078770581
204,20.300406,30.762369106583115
205,20.400408,30.77709400895362
206,20.50041,30.6556874449135
207,20.600412,31.01119531534563
208,20.700414000000002,30.57333732549452
209,20.800416000000002,30.17651793994236
210,20.900418000000002,30.30877231973743
211,21.000420000000002,30.348986641115506
212,21.100422,30.789724669290575
213,21.200423999999998,30.127836510898064
214,21.300425999999998,30.434426202983605
215,21.400428,29.967441605624202
216,21.50043,29.97531797686271
217,21.600432,30.53364054172912
218,21.700434,30.61249211470158
219,21.800436,30.892379513504494
220,21.900438,31.084444548243543
221,22.000439999999998,30.753940435209945
222,22.100441999999997,30.971766303440205
223,22.200444,31.270150447629423
224,22.300446,31.410439715976278
225,22.400448,30.987064298801815
226,22.50045,31.419397398823367
227,22.600452,30.846458256705198
228,22.700454,30.79037246047098
229,22.800456,30.627847569877186
230,22.900458,30.90065981351929
231,23.00046,31.236656245964607
232,23.100462,31.554003664849397
233,23.200464,31.6396116777547
234,23.300466,31.469293013764204
235,23.400468,31.864271941736213
236,23.50047,31.844494022095486
237,23.600472,31.352886427196715
238,23.700474000000003,30.775059217611428
239,23.800476,30.68890501805455
240,23.900478,30.76341632434631
241,24.00048,30.27571681616542
242,24.100482,30.69938004927489
243,24.200484,30.917205092156806
244,24.300486,31.37522929078237
245,24.400488000000003,31.878594242883697
246,24.500490000000003,31.658539483930536
247,24.600492000000003,31.872591953446257
248,24.700494,31.66352953187371
249,24.800496,31.875313847534787
250,24.900498,32.18237590870355
251,25.0005,32.40433089583365
252,25.100502,31.971761557522907
253,25.200504000000002,31.649108631754643
254,25.300506000000002,31.31100556423144
255,25.400508000000002,31.147611021086238
256,25.500510000000002,31.377288757343432
257,25.600512,31.338704872082538
258,25.700514,31.07189454916661
259,25.800516,31.523710801949235
260,25.900518,31.41716044819455
261,26.00052,30.83308347047611
262,26.100522,31.31606583127757
263,26.200524,31.476443679946534
264,26.300526,31.43599224988446
265,26.400528,31.644798491400966
266,26.500529999999998,32.61840718823479
267,26.600531999999998,32.30474409557567
268,26.700534,31.906039128747572
269,26.800536,32.20133827092375
270,26.900538,31.63223171793711
271,27.00054,31.324377131436286
272,27.100542,31.590593427332312
273,27.200544,31.668223881532693
274,27.300546,31.964622579755435
275,27.400548,32.241767185809394
276,27.50055,32.349728541736866
277,27.600552,32.322248182617535
278,27.700554,31.57240290210585
279,27.800556,32.220981983344835
280,27.900558,32.121809578670295
281,28.00056,31.77441595826198
282,28.100562,31.92205723110648
283,28.200564000000004,32.012879905754815
284,28.300566,32.01949487938556
285,28.400568,32.03073692045122
286,28.50057,32.07624777131213
287,28.600572,32.205915138189745
288,28.700574,32.415453717338536
289,28.800576,31.962907887266883
290,28.900578000000003,31.287634420701178
291,29.000580000000003,31.134351790535803
292,29.100582000000003,31.343208999591
293,29.200584,31.611080052023308
294,29.300586,31.87426701419691
295,29.400588,31.156330771626244
296,29.50059,31.172002999646978
297,29.600592,31.292490767205695
298,29.700594000000002,30.910732654475016
299,29.800596000000002,30.920784235871068
300,29.900598000000002,31.23670596500988
301,30.000600000000002,30.87191329945073
302,30.100602,31.012268000867618
303,30.200604,30.848399915924027
304,30.300606,31.076882212749155
305,30.400608000000002,31.76433350333628
306,30.50061,31.583220242261696
307,30.600612,31.58058369665502
308,30.700614,31.339773404904786
309,30.800616,31.572832505400324
310,30.900618,31.222667558002296
311,31.000619999999998,31.303201663539575
312,31.100621999999998,31.077176217133058
313,31.200624,31.550274257465762
314,31.300626,31.567734897510668
315,31.400628,31.614655843420376
316,31.50063,31.573734676786035
317,31.600632,31.439417644255542
318,31.700634,31.37748313163527
319,31.800636,31.148401758435426
320,31.900638,31.80330080942872
321,32.00064,32.09843748279112
322,32.100642,31.947970059067686
323,32.200644,31.535982775534922
324,32.300646,31.190733973340727
325,32.400648000000004,31.315745808342616
326,32.50065,31.96888735283238
327,32.600652000000004,31.44003431907312
328,32.700654,31.46970835253384
329,32.800656000000004,31.36342064504101
330,32.900658,30.734726645029838
331,33.00066,31.145972678786766
332,33.10066200000001,31.427575241361307
333,33.200664,31.459126941134617
334,33.300666,31.481134907946448
335,33.400667999999996,31.302869145468023
336,33.50067,31.038296462241014
337,33.600671999999996,31.277003945087976
338,33.700674,31.504593487885153
339,33.800676,31.541324979496043
340,33.900678,31.31502509036538
341,34.00068,31.400959851311708
342,34.100682,31.27372398250693
343,34.200684,31.018531367949105
344,34.300686,31.14270625959851
345,34.400688,31.44522840137558
346,34.500690000000006,31.234762089701444
347,34.600692,31.016156092635395
348,34.700694000000006,30.947742600899723
349,34.800696,31.071929648184394
350,34.900698000000006,31.175189653874707
351,35.0007,30.93958964563085
352,35.100702,31.55839169711368
353,35.200703999999995,31.50705143779804
354,35.300706,31.473081534685324
355,35.400708,31.505027265637708
356,35.50071,31.85545055516394
357,35.600712,31.808286222750677
358,35.700714,31.746426507173613
359,35.800716,31.824621370095887
360,35.900718,31.49524262083242
361,36.00072,31.435304828987807
362,36.100722000000005,31.715987672473915
363,36.200724,31.923718123607607
364,36.300726000000004,31.538101591198274
365,36.400728,31.00247243148256
366,36.500730000000004,31.14520465818238
367,36.600732,31.60042814683643
368,36.700734000000004,31.846328181802935
369,36.800736,31.44032843916226
370,36.900738,31.41199718611856
371,37.00074,31.289207835448963
372,37.100742,31.088312252111688
373,37.200744,30.964783725299682
374,37.300746,30.622821559010333
375,37.400748,30.61051705246446
376,37.50075,31.052220303708165
377,37.600752,31.158724913948742
378,37.700754,31.055332051200953
379,37.800756,31.28980157357324
380,37.900758,31.562868889991062
381,38.00076,31.528967508414937
382,38.100762,32.027046336114225
383,38.200764,31.756071380274413
384,38.300766,31.715541815924283
385,38.40076800000001,31.440971327110674
386,38.50077,31.71418964189549
387,38.600772,31.140073488429227
388,38.700773999999996,31.77780338159427
389,38.800776,31.48059079231137
390,38.900777999999995,31.486125859028704
391,39.00078,31.723944811292085
392,39.100782,31.90947935207221
393,39.200784,31.9419365806555
394,39.300786,31.77668494415738
395,39.400788,31.34569831986291
396,39.50079,31.333243843937897
397,39.600792,31.41272556565226
398,39.700794,31.280722733725746
399,39.800796000000005,31.61665189127539
400,39.900798,31.347259106732484
401,40.000800000000005,31.796692214636117
402,40.100802,31.480051689894804
403,40.200804000000005,31.363089966797297
404,40.300806,31.59782374712284
405,40.400808,31.214533732835157
406,40.500809999999994,31.783460113537902
407,40.600812,30.811355218649112
408,40.700814,31.281885432809563
409,40.800816,30.986121699327704
410,40.900818,31.565608116416275
411,41.00082,30.798857148202337
412,41.100822,31.200798459156424
413,41.200824,31.09406036422556
414,41.300826,31.57809388255709
415,41.400828000000004,31.763753164294492
416,41.50083,31.024775606461656
417,41.600832000000004,31.537881236407987
418,41.700834,31.393604663042776
419,41.800836000000004,31.010377711647045
420,41.900838,31.029472921981018
421,42.000840000000004,31.404094519822273
422,42.10084200000001,31.842070853415166
423,42.200844,31.784088702433003
424,42.300846,31.86963549679747
425,42.400847999999996,31.428767470748586
426,42.50085,30.92022147575547
427,42.600851999999996,30.946382064179918
428,42.700854,31.11531829601431
429,42.800856,31.110160071650135
430,42.900858,31.24695705284605
431,43.00086,31.010703915291806
432,43.100862,31.110465564828715
433,43.200864,31.359947087811477
434,43.300866,31.389341231663565
435,43.400868,31.58771992136892
436,43.500870000000006,31.366378706901457
437,43.600872,31.296621413004342
438,43.700874000000006,31.311628859120393
439,43.800876,31.02145899630161
440,43.900878000000006,31.18466291232764
441,44.000879999999995,30.864131957453093
442,44.100882,31.153400263818245
443,44.200883999999995,30.979519880193056
444,44.300886,30.930523019838056
445,44.400888,30.51142321089007
446,44.50089,30.96507758928131
447,44.600892,31.009691907812325
448,44.700894,30.806993625797347
449,44.800896,30.984591835136495
450,44.900898,30.704076463716312
451,45.0009,30.27154120302825
452,45.100902000000005,30.63160144881705
453,45.200904,30.17230613642234
454,45.300906000000005,30.172443570750197
455,45.400908,30.157206294434097
456,45.500910000000005,30.269918512162388
457,45.600912,30.665676004854493
458,45.700914000000004,30.198224885873852
459,45.800916,30.357700704095315
460,45.900918,29.914527421276684
461,46.00092,29.96331790551196
462,46.100922,30.102823723534904
463,46.200924,30.229496439858927
464,46.300926,30.004828590631472
465,46.400928,30.394547752451235
466,46.50093,30.404368107377543
467,46.600932,30.303167387441718
468,46.700934000000004,30.306230047015333
469,46.800936,30.351682927455943
470,46.900938000000004,30.227117344452253
471,47.00094,30.37360459791521
472,47.100942,30.46756790748978
473,47.200944,30.647246810411193
474,47.300946,30.768546367523832
475,47.40094800000001,30.819255049392943
476,47.50095,30.458598827751622
477,47.600952,30.526414358260507
478,47.700953999999996,30.29608308992082
479,47.800956,30.765312178065564
480,47.900957999999996,30.919422444312648
481,48.00096,30.94440125813004
482,48.100962,31.086511299399785
483,48.200964,30.69951241103403
484,48.300966,30.48131218383774
485,48.400968,30.34390892459644
486,48.50097,30.713965897589116
487,48.600972,30.6610964025256
488,48.700974,31.059682379633685
489,48.800976000000006,31.362460791438515
490,48.900978,31.264307811322933
491,49.000980000000006,31.278683576746896
492,49.100982,30.977762136275352
493,49.200984000000005,31.335563062562787
494,49.300986,30.84970812746143
495,49.400988,30.91908192792752
496,49.500989999999994,30.819582366170888
497,49.600992,31.165884522834236
498,49.700994,30.896097080659445
499,49.800996,30.780268822557765
500,49.900998,31.243922897620294
501,50.001,30.804357449021033
502,50.101002,31.120438926359252
503,50.201004,31.121912298034413
504,50.301006,31.327844327343733
505,50.401008000000004,31.695735486282366
506,50.50101,31.49101041527183
507,50.601012000000004,31.203369131219297
508,50.701014,31.21395663846306
509,50.801016000000004,31.26548622452269
510,50.901018,31.098765990619828
511,51.001020000000004,31.26704299030312
512,51.10102200000001,31.820710277740233
513,51.201024,31.72096948214462
514,51.301026,31.49676181942545
515,51.401028,31.84632691983458
516,51.50103,31.567232952812393
517,51.601032,31.020413376429655
518,51.701034,31.662718550855512
519,51.801036,31.723794334091746
520,51.901038,31.875704346558496
521,52.00104,31.933242533168194
522,52.101042,31.909105308918654
523,52.201044,31.77582736178841
524,52.301046,31.81593181137311
525,52.401048,31.91910562039325
526,52.501050000000006,32.00358356728872
527,52.601052,31.84470763116276
528,52.701054000000006,31.02858090797361
529,52.801056,31.36782503411679
530,52.901058000000006,31.14733733399875
531,53.001059999999995,31.242824328651952
532,53.101062,31.496853446126
533,53.201063999999995,31.069649486985565
534,53.301066,30.777623097526618
535,53.401068,30.868544733982496
536,53.50107,31.23830835642132
537,53.601072,31.12436970878845
538,53.701074,30.95042590403393
539,53.801076,31.231022810261454
540,53.901078,31.4298569230579
541,54.00108,31.49259006578474
542,54.101082000000005,31.25507605644748
543,54.201084,31.313841658300916
544,54.301086000000005,31.13106999171757
545,54.401088,31.402084607719285
546,54.501090000000005,31.27691559005109
547,54.601092,31.357717203848594
548,54.701094000000005,31.09521507050773
549,54.801096,31.39877780550167
550,54.901098,31.40419232970038
551,55.0011,31.821124509317347
552,55.101102,32.58213243419963
553,55.201104,31.70628657133131
554,55.301106,31.588229201356636
555,55.401108,31.75847986920835
556,55.50111,31.806535745074772
557,55.601112,31.819927908684758
558,55.701114000000004,31.964515038073493
559,55.801116,31.820269985061863
560,55.901118000000004,31.78351714594518
561,56.00112,31.715236347784685
562,56.101122000000004,31.237907366095072
563,56.201124,31.45152622009853
564,56.301126000000004,31.252737711353237
565,56.40112800000001,31.42502912642274
566,56.50113,31.792930037533846
567,56.601132,31.629820644221084
568,56.701133999999996,31.541386791233354
569,56.801136,31.576705311728695
570,56.901137999999996,31.948422706281022
571,57.00114,32.20152182906059
572,57.101142,32.33648215557963
573,57.201144,32.21068502208904
574,57.301146,31.740454541753536
575,57.401148,31.84982086530387
576,57.50115,31.691557652366363
577,57.601152,31.549424048138643
578,57.701154,31.858576303621206
579,57.801156000000006,31.956165341972003
580,57.901158,31.870448497983645
581,58.001160000000006,31.917061828818834
582,58.101162,31.987536076870068
583,58.201164000000006,31.30775160446357
584,58.301166,31.372421813942644
585,58.401168,30.77464997130542
586,58.501169999999995,30.740252238120938
587,58.601172,30.79814304809899
588,58.701174,31.139021296168643
589,58.801176,31.155145893400924
590,58.901178,31.318084436594006
591,59.00118,31.01531095137376
592,59.101182,30.971950424070798
593,59.201184,30.61615416965766
594,59.301186,30.58788136911267
595,59.401188000000005,30.49808362874082
596,59.50119,30.75537592039203
597,59.601192000000005,30.79608001227886
598,59.701194,30.706496072145363
599,59.801196000000004,30.91401727777869
600,59.901198,31.135230676069728
601,60.001200000000004,31.2225354657666
602,60.10120200000001,31.24115972524304
603,60.201204,31.176616529490612
604,60.301206,31.223580824685047
605,60.401208,31.571345590030443
606,60.50121,31.396781511967397
607,60.601212,31.671928655216522
608,60.701214,31.5863454488514
609,60.801216000000004,31.74577349974157
610,60.901218,31.71882661706934
611,61.00122,31.77253426842428
612,61.101222,31.920656580337162
613,61.201224,31.6480168539016
614,61.301226,31.044725915911087
615,61.401228,31.67039843788598
616,61.50123000000001,31.592238384576284
617,61.601232,31.436227434566657
618,61.70123400000001,31.623389483017384
619,61.801236,31.321871742850703
620,61.901238000000006,31.520079581358786
621,62.001239999999996,31.560432521069483
622,62.101242,32.473026966828435
623,62.201243999999996,32.477580010718476
624,62.301246,32.49163212446369
625,62.401248,32.50114307286715
626,62.50125,32.67624617231658
627,62.601252,32.12397279687344
628,62.701254,31.942059361474364
629,62.801256,31.74089093775532
630,62.901258,32.0353339566118
631,63.00126,31.780592483684845
632,63.101262000000006,31.818004969495554
633,63.201264,31.638182286689535
634,63.301266000000005,31.742608723107278
635,63.401268,31.815061503791213
636,63.501270000000005,31.97867757895346
637,63.601272,31.426341792843946
638,63.701274000000005,31.46492953963642
639,63.801276,31.882827438142918
640,63.901278,32.101046522307605
641,64.00128,32.302937899582965
642,64.101282,32.21983884709731
643,64.201284,32.29466746987909
644,64.301286,31.8899475181048
645,64.401288,31.733976210860593
646,64.50129,31.38803318566927
647,64.601292,31.51281198035027
648,64.701294,31.766003024698275
649,64.80129600000001,31.912960374496077
650,64.901298,31.624433860449507
651,65.0013,31.972265338365258
652,65.101302,31.933144539318068
653,65.20130400000001,31.59318281376433
654,65.30130600000001,32.15400693522052
655,65.401308,31.935617668570814
656,65.50131,31.896712014349383
657,65.60131200000001,31.65984525932043
658,65.701314,32.01860786308363
659,65.801316,31.776592613659744
660,65.901318,32.3993013111054
661,66.00132,32.132800217249496
662,66.101322,32.55728068033012
663,66.20132400000001,32.33913014224295
664,66.301326,31.825176366294148
665,66.401328,31.497971137076597
666,66.50133,31.522441251010854
667,66.601332,30.99441794703903
668,66.701334,31.056400444096916
669,66.80133599999999,31.636501834245756
670,66.90133800000001,31.169552021121838
671,67.00134,31.408659683096086
672,67.101342,31.49879113874009
673,67.20134399999999,31.511376583219175
674,67.30134600000001,31.274510202829212
675,67.401348,31.871732370429072
676,67.50135,31.705746617237814
677,67.601352,31.26643084689672
678,67.70135400000001,30.78678007218331
679,67.801356,30.656179616451812
680,67.901358,30.42878378572843
681,68.00136,30.49601098006223
682,68.10136200000001,30.55117890065063
683,68.201364,30.425711539032072
684,68.301366,30.80418485017588
685,68.401368,31.48641794078167
686,68.50137,31.30129546205077
687,68.601372,31.506998800601256
688,68.701374,31.23808609219623
689,68.801376,30.534549149171383
690,68.901378,31.03711463197666
691,69.00138000000001,30.92616214657605
692,69.101382,30.97964954339758
693,69.201384,31.136990448938572
694,69.301386,31.64635353080008
695,69.40138800000001,31.645157159053035
696,69.50139,31.759042449575944
697,69.601392,31.53373963601116
698,69.701394,31.48911667267657
699,69.80139600000001,31.14813691440904
700,69.901398,31.26120744857442
701,70.0014,31.145751119349512
702,70.10140200000001,31.04471576265575
703,70.201404,31.13929612179831
704,70.301406,31.38661519326547
705,70.40140799999999,31.09610956212541
706,70.50141,31.542090761374155
707,70.601412,31.65468935345343
708,70.701414,31.57849965675402
709,70.801416,31.451213056775615
710,70.901418,31.44237522759059
711,71.00142,31.04734159239179
712,71.101422,30.895592056825418
713,71.201424,30.538911428443615
714,71.301426,30.466139324738695
715,71.401428,30.83062028857486
716,71.50143000000001,30.705221795971305
717,71.601432,30.80714525351161
718,71.701434,31.05641742179989
719,71.801436,31.59157292150295
720,71.901438,31.065492805203714
721,72.00144,31.352582801352906
722,72.10144199999999,31.272569461768473
723,72.20144400000001,31.167216385079875
724,72.301446,31.73539098434685
725,72.401448,32.068166014598816
726,72.50144999999999,31.0051971332109
727,72.60145200000001,31.571264297240706
728,72.701454,31.282197755124237
729,72.801456,31.508727125316796
730,72.901458,30.74872789706918
731,73.00146000000001,31.224510329874644
732,73.101462,31.40760338847706
733,73.201464,30.978854521817595
734,73.301466,30.910603172688678
735,73.40146800000001,31.064187495560414
736,73.50147,31.41014557861744
737,73.601472,31.18134702589477
738,73.701474,31.045439662244377
739,73.801476,31.344156214877902
740,73.901478,31.222728959099484
741,74.00148,30.850290253017768
742,74.101482,31.334977257969495
743,74.201484,31.252560709180973
744,74.30148600000001,31.935491723214792
745,74.401488,31.30685113631166
746,74.50149,31.26612968317786
747,74.601492,31.24573756179089
748,74.70149400000001,30.921074430694958
749,74.801496,31.66461251173395
750,74.901498,31.432157022183866
751,75.0015,31.204980286394516
752,75.10150200000001,31.14069340681992
753,75.201504,30.977354330396633
754,75.301506,31.26408642509239
755,75.401508,31.65149650472688
756,75.50151,30.996590074188326
757,75.601512,30.827694458121194
758,75.70151399999999,31.103781124624813
759,75.801516,31.161679699422113
760,75.901518,31.704397231003426
761,76.00152,31.536980154981162
762,76.101522,31.25466243713253
763,76.201524,31.409963210496223
764,76.301526,31.172819801673555
765,76.401528,31.42975807422749
766,76.50153,31.355801790235116
767,76.601532,31.045005120712723
768,76.701534,31.273870080694604
769,76.80153600000001,30.856375091012364
770,76.901538,30.84626235472324
771,77.00154,31.50037071093696
772,77.101542,31.605962145305487
773,77.201544,31.49000342030603
774,77.301546,31.95718995126031
775,77.40154799999999,31.388782264459323
776,77.50155000000001,31.75683232152858
777,77.601552,31.37452719597793
778,77.701554,32.209197579036775
779,77.80155599999999,31.478276671736904
780,77.90155800000001,31.45934905821094
781,78.00156,30.998289796279273
782,78.101562,31.333936110585835
783,78.201564,30.74054354329268
784,78.30156600000001,31.22961785201884
785,78.401568,31.48015853725672
786,78.50157,31.767786877999384
787,78.601572,31.72711046737882
788,78.70157400000001,31.775107338983357
789,78.801576,31.54202918966919
790,78.90157800000001,31.47575772769209
791,79.00158,31.093576361954955
792,79.101582,31.22818508600951
793,79.201584,31.63780407067806
794,79.301586,31.798516300330835
795,79.401588,31.984114648746715
796,79.50159,31.01352100980821
797,79.60159200000001,31.28177348636175
798,79.701594,30.932283441378235
799,79.801596,30.91986232536675
800,79.90159799999999,31.061542763295453
801,80.00160000000001,30.971560094844037
802,80.101602,30.80685695893042
803,80.201604,31.384910476511493
804,80.301606,31.620462933076105
805,80.40160800000001,31.63594025433853
806,80.50161,31.54509689152457
807,80.601612,31.42846266749099
808,80.701614,31.128727367151292
809,80.801616,31.599432890263483
810,80.901618,31.717147838406234
811,81.00161999999999,31.54098012741712
812,81.101622,31.513659892925986
813,81.201624,31.259079686696452
814,81.301626,30.706215927273625
815,81.401628,31.06413260254748
816,81.50163,31.1026945103638
817,81.601632,30.79388588838587
818,81.701634,31.267290084052643
819,81.801636,31.17486321058639
820,81.901638,30.475821846695336
821,82.00164,31.339456195632685
822,82.10164200000001,30.96212939088236
823,82.201644,31.203070911058976
824,82.301646,30.773523175327124
825,82.401648,30.78365572546549
826,82.50165000000001,30.647526716668835
827,82.601652,30.972897317240754
828,82.70165399999999,30.286117652642268
829,82.80165600000001,30.363874316860162
830,82.901658,31.028833178301976
831,83.00166,30.886179220590982
832,83.10166199999999,30.71992180915374
833,83.20166400000001,30.784001989176957
834,83.301666,30.95468990740767
835,83.401668,31.601675751201185
836,83.50167,31.640426491925442
837,83.60167200000001,31.853068736839642
838,83.701674,31.948853865696254
839,83.801676,31.82508875674841
840,83.901678,31.550799352225233
841,84.00168000000001,31.91222778076446
842,84.101682,31.49085256337169
843,84.20168400000001,31.758822531303483
844,84.301686,31.611369108396136
845,84.401688,31.473244765583246
846,84.50169,31.385926907847345
847,84.601692,31.25078219452311
848,84.701694,31.489696168500025
849,84.80169599999999,31.38595601671909
850,84.90169800000001,31.09089421432245
851,85.0017,31.307998736422814
852,85.101702,32.13503796810482
853,85.20170399999999,32.066260751254305
854,85.30170600000001,31.977734354679246
855,85.401708,31.247513802722313
856,85.50171,30.854078061327872
857,85.601712,31.475739457058356
858,85.70171400000001,31.72548158775731
859,85.801716,31.55750513944318
860,85.901718,31.133990991451604
861,86.00172,30.93267585247081
862,86.10172200000001,31.022280417524883
863,86.201724,31.176012569770784
864,86.301726,31.386998926383505
865,86.401728,30.756280095534912
866,86.50173,31.196323845892973
867,86.601732,31.016785772688277
868,86.701734,31.01411228908133
869,86.801736,31.256367031980155
870,86.901738,31.340896868107237
871,87.00174000000001,31.33535075508288
872,87.101742,31.448782209803117
873,87.201744,31.376643937346287
874,87.301746,30.579073437590193
875,87.40174800000001,30.818154051784123
876,87.50175,30.925434664626064
877,87.601752,31.084349250480145
878,87.701754,30.345852224134074
879,87.80175600000001,30.826907260780175
880,87.901758,31.434684952613303
881,88.00175999999999,31.313854948243144
882,88.10176200000001,31.350957624824535
883,88.201764,31.483164406544912
884,88.301766,31.51064504067826
885,88.40176799999999,31.28265146012029
886,88.50177000000001,31.113895687025355
887,88.601772,30.96689838805704
888,88.701774,30.71769146905779
889,88.801776,30.982235116555746
890,88.90177800000001,31.63480775697311
891,89.00178,31.742234542309
892,89.101782,31.682574137899955
893,89.201784,31.764958080368892
894,89.301786,31.80379045163159
895,89.401788,31.99181890017941
896,89.50179000000001,31.415266944007804
897,89.601792,31.28851108880904
898,89.701794,30.989272834397394
899,89.801796,30.893746797093335
900,89.901798,30.91945558126369
901,90.0018,30.94955329286444
902,90.10180199999999,31.192766324004385
903,90.20180400000001,30.994121413308484
904,90.301806,30.748510373784672
905,90.401808,30.737209686195264
906,90.50180999999999,30.73835238660063
907,90.60181200000001,30.59018918665119
908,90.701814,30.855992804784496
909,90.801816,31.404271345514083
910,90.901818,31.533937025605166
911,91.00182000000001,32.163105375889984
912,91.101822,32.17341780953353
913,91.201824,32.01296986571809
914,91.301826,32.03890218916776
915,91.40182800000001,32.0811717961338
916,91.50183,31.70846606491082
917,91.601832,31.272670053055688
918,91.701834,31.787948811436355
919,91.801836,31.57798861063776
920,91.901838,31.813491234332034
921,92.00184,30.965647427034515
922,92.101842,31.31184725881831
923,92.201844,31.769092524763938
924,92.30184600000001,31.789600647834252
925,92.401848,32.09458505223915
926,92.50185,31.871048522744648
927,92.601852,31.888803969068775
928,92.70185400000001,31.679021855387308
929,92.801856,32.02700662458352
930,92.901858,31.558292344015463
931,93.00186,31.559751846194064
932,93.10186200000001,31.33582792795279
933,93.201864,31.44376366386513
934,93.301866,30.970388897813404
935,93.40186800000001,31.446646433121373
936,93.50187,31.763465837322585
937,93.601872,31.9104926892633
938,93.70187399999999,32.25390647303103
939,93.80187600000001,32.39388149868899
940,93.901878,32.02421677756352
941,94.00188,31.803031558537885
942,94.101882,31.366379262475053
943,94.201884,30.97940739115398
944,94.301886,31.234579348511506
945,94.401888,31.009831137442564
946,94.50189,31.24440050755153
947,94.601892,31.48747487338845
948,94.701894,31.573419022928558
949,94.80189600000001,31.419309356274795
950,94.901898,31.15573548242208
951,95.0019,31.287800850313086
952,95.101902,30.885459880592293
953,95.201904,30.31830772302336
954,95.301906,30.27971430544618
955,95.40190799999999,30.881975417821756
956,95.50191000000001,30.588222669114266
957,95.601912,30.919219774340824
958,95.701914,31.34103305835179
959,95.80191599999999,31.811176697760335
960,95.90191800000001,30.850562000800608
961,96.00192,31.18127241240678
962,96.101922,31.062550644529416
963,96.201924,31.44880746391701
964,96.30192600000001,30.983723074848644
965,96.401928,31.07655222829497
966,96.50193,30.58968215407138
967,96.601932,30.64099285483478
968,96.70193400000001,30.6243355110414
969,96.801936,30.956429894023174
970,96.90193800000002,31.187610998243535
971,97.00194,31.3587127965476
972,97.101942,30.575614971055725
973,97.201944,30.821414656177733
974,97.301946,30.941030170352253
975,97.401948,31.263938216828443
976,97.50195,31.656227118955954
977,97.60195200000001,31.722172248463295
978,97.701954,31.178363026372224
979,97.801956,31.52278924961391
980,97.901958,31.390039001344064
981,98.00196000000001,30.985517763507065
982,98.101962,30.747919094133806
983,98.201964,30.89460394925487
984,98.30196600000001,31.055100636719246
985,98.40196800000001,30.878924233605208
986,98.50197,31.066358937243717
987,98.601972,30.68423872967151
988,98.701974,30.690781150038347
989,98.801976,31.398708740531013
990,98.901978,30.706288859540127
991,99.00197999999999,31.37691385280687
992,99.101982,31.316869288433963
993,99.201984,31.042610188013374
994,99.301986,31.202221573378612
995,99.401988,30.91393901604314
996,99.50199,31.136647695086207
997,99.601992,31.098947999050107
998,99.701994,31.47957266048245
999,99.801996,31.370802080461264
1000,99.901998,31.742312038436673
1001,100.002,31.742403104079102
1002,100.10200200000001,31.401240247012787
1003,100.202004,31.232145608705906
1004,100.302006,31.369523139917032
1005,100.402008,31.071387228133894
1006,100.50201000000001,31.751377262114307
1007,100.602012,31.663238818684658
1008,100.70201399999999,31.844453293449526
1009,100.80201600000001,31.62869817771982
1010,100.902018,31.374011066348192
1011,101.00202,31.50493878529844
1012,101.10202199999999,31.57771693071824
1013,101.20202400000001,31.293495168419412
1014,101.302026,31.480424793549073
1015,101.402028,31.157408949282463
1016,101.50203,30.75980601820134
1017,101.60203200000001,30.680170469815597
1018,101.702034,30.923095237347813
1019,101.802036,31.225498067928473
1020,101.902038,31.265819162094544
1021,102.00204000000001,31.388321886838654
1022,102.102042,30.87226851358002
1023,102.20204400000001,31.136427410849887
1024,102.302046,31.76764794473409
1025,102.402048,31.55646081436302
1026,102.50205,32.37429089555146
1027,102.602052,32.050985402207836
1028,102.702054,31.922438093699704
1029,102.802056,32.05308554043151
1030,102.90205800000001,31.866405737026035
1031,103.00206,31.682875726762035
1032,103.102062,31.96433368291278
1033,103.202064,31.387210506950428
1034,103.30206600000001,31.224165617424898
1035,103.402068,31.392547552293312
1036,103.50207,32.01500070463451
1037,103.602072,31.603526972384767
1038,103.70207400000001,31.26509233073528
1039,103.802076,31.460224630403705
1040,103.902078,30.658174016175227
1041,104.00208,31.169809110048593
1042,104.10208200000001,31.559273447726962
1043,104.202084,31.242313938797665
1044,104.302086,30.959348503914057
1045,104.402088,31.1450044170993
1046,104.50209,31.127449301259997
1047,104.602092,30.609380432807225
1048,104.702094,30.636915109826823
1049,104.802096,30.682529622469783
1050,104.902098,30.79037918668434
1051,105.00210000000001,30.88328818744584
1052,105.102102,30.25891040065177
1053,105.202104,30.38356256717304
1054,105.302106,30.599781230968404
1055,105.40210800000001,30.453421824088977
1056,105.50211,30.60722886834348
1057,105.602112,30.729603313515835
1058,105.702114,30.103900372251942
1059,105.80211600000001,29.73452724066503
1060,105.902118,29.634158401396192
1061,106.00211999999999,30.03284349172458
1062,106.10212200000001,30.759208575698057
1063,106.202124,30.876591868068967
1064,106.302126,30.330316476648758
1065,106.40212799999999,30.248905139897207
1066,106.50213000000001,29.919981234662163
1067,106.602132,30.259201794670883
1068,106.702134,30.17479991624943
1069,106.802136,30.43465750031114
1070,106.90213800000001,30.55548319365724
1071,107.00214,30.57703581426982
1072,107.102142,30.44784606144048
1073,107.202144,30.916057449109612
1074,107.30214600000001,31.08572275171764
1075,107.402148,30.73259488043382
1076,107.50215000000001,30.699932908041376
1077,107.602152,30.503385157837634
1078,107.702154,30.38147293873028
1079,107.802156,31.009239674062435
1080,107.902158,30.8066539429671
1081,108.00216,30.827714989483347
1082,108.10216199999999,30.67315881157842
1083,108.20216400000001,30.466552030641623
1084,108.302166,30.521344887168464
1085,108.402168,30.870433303573947
1086,108.50216999999999,31.541344627277624
1087,108.60217200000001,30.819606084300716
1088,108.702174,30.538238087429367
1089,108.802176,30.926901398245974
1090,108.902178,30.465064310169556
1091,109.00218000000001,30.672500522632948
1092,109.102182,31.08136571486246
1093,109.202184,31.100585402049642
1094,109.302186,31.07306326787626
1095,109.40218800000001,30.934000797391686
1096,109.50219,30.992467327359694
1097,109.602192,31.11637904248888
1098,109.702194,30.757584874785
1099,109.802196,31.210094656910655
1100,109.902198,31.336918498920365
1101,110.0022,31.028775156583652
1102,110.102202,30.987351887174814
1103,110.202204,31.409368914109802
1104,110.30220600000001,30.743647536121312
1105,110.402208,31.217071316304157
1106,110.50221,30.951232278460544
1107,110.602212,31.178946525239443
1108,110.70221400000001,31.02034462464766
1109,110.802216,31.66425385300358
1110,110.902218,31.03042998608468
1111,111.00222,31.22109771888267
1112,111.10222200000001,31.228121171895957
1113,111.202224,31.247061151038725
1114,111.30222599999999,31.071369852714568
1115,111.40222800000001,30.606430215583327
1116,111.50223,30.679050423868926
1117,111.602232,30.886530044446467
1118,111.70223399999999,31.178877245167172
1119,111.80223600000001,31.000599950482947
1120,111.902238,31.115752628714908
1121,112.00224,31.398541033415043
1122,112.102242,31.39789546585679
1123,112.20224400000001,31.03780505361789
1124,112.302246,31.285304741733636
1125,112.402248,30.63418788227944
1126,112.50225,30.746368415745817
1127,112.60225200000001,31.17406761999689
1128,112.702254,31.562171968252613
1129,112.80225600000001,30.900551028042763
1130,112.902258,30.876487620798727
1131,113.00226,30.79276049434455
1132,113.102262,31.16407988708443
1133,113.202264,31.08825975388417
1134,113.302266,31.177747013451146
1135,113.40226799999999,31.310285635854218
1136,113.50227000000001,30.88589267692502
1137,113.602272,30.813649605071372
1138,113.702274,30.400296904922218
1139,113.80227599999999,30.961184191336823
1140,113.90227800000001,30.976301713842762
1141,114.00228,31.88839095753717
1142,114.102282,31.338063268416626
1143,114.202284,31.408592850394356
1144,114.30228600000001,31.595962474163528
1145,114.402288,31.726669988293526
1146,114.50229,31.573532902681197
1147,114.602292,31.193810018402104
1148,114.70229400000001,31.14563810140692
1149,114.802296,31.180996672389274
1150,114.902298,31.350644387345266
1151,115.0023,31.78635124778218
1152,115.102302,31.26760753441849
1153,115.202304,31.352507105409178
1154,115.302306,30.794106205805164
1155,115.402308,31.052745366219558
1156,115.50231,31.032764271193194
1157,115.60231200000001,30.793016276750123
1158,115.702314,31.36216632190284
1159,115.802316,31.789144709872613
1160,115.902318,31.143728457043704
1161,116.00232000000001,30.86539550205351
1162,116.102322,31.454852047754912
1163,116.202324,31.50475957036483
1164,116.30232600000001,32.26070130253428
1165,116.40232800000001,32.16583858381911
1166,116.50233,31.24365616270044
1167,116.602332,31.390648900771318
1168,116.70233400000001,31.12360212388779
1169,116.802336,31.62255488347527
1170,116.902338,30.884128990098
1171,117.00233999999999,31.08911094178921
1172,117.10234200000001,31.794554200758366
1173,117.202344,31.828050217893423
1174,117.302346,31.812482547499904
1175,117.402348,31.99603195774295
1176,117.50235,31.82631306506963
1177,117.602352,31.727361161103985
1178,117.702354,31.80519999289478
1179,117.802356,31.86726781947277
1180,117.902358,31.27675498668907
1181,118.00236,31.399835002765947
1182,118.10236200000001,30.66557390590438
1183,118.202364,30.931066402873686
1184,118.302366,31.140828507389024
1185,118.402368,30.677651170833414
1186,118.50237,31.04220977597302
1187,118.602372,30.825785189168755
1188,118.70237399999999,31.09115227117594
1189,118.80237600000001,31.245750437355614
1190,118.902378,31.201372857924063
1191,119.00238,30.6939802627996
1192,119.10238199999999,30.837741614474204
1193,119.20238400000001,30.955781845605532
1194,119.302386,31.194078415997154
1195,119.402388,31.589441302032593
1196,119.50239,31.322691897736036
1197,119.60239200000001,31.069833923662177
1198,119.702394,31.48220459921589
1199,119.802396,31.282095812591272
1200,119.902398,31.06810811991784
1201,120.00240000000001,31.060043592202387
1202,120.102402,31.235940051148173
1203,120.20240400000002,31.235943238289483
1204,120.302406,31.237019643005407
1205,120.402408,31.030296878824586
1206,120.50241,31.269522065173586
1207,120.602412,30.917420766690515
1208,120.702414,31.04806850419004
1209,120.802416,31.345678599888704
1210,120.90241800000001,31.533398105820012
1211,121.00242,31.9264743592456
1212,121.102422,31.940990594425706
1213,121.202424,31.730583101216233
1214,121.30242600000001,31.195501467814957
1215,121.402428,31.73353857025213
1216,121.50243,31.191411858988673
1217,121.60243200000001,30.960833725035293
1218,121.70243400000001,31.489890846429287
1219,121.802436,31.50452719732017
1220,121.902438,31.48354638941923
1221,122.00244,31.642965851776886
1222,122.102442,31.01117764481414
1223,122.202444,31.30537445973423
1224,122.302446,30.848268288606107
1225,122.402448,31.281472435494358
1226,122.50245,31.648002907011435
1227,122.602452,31.371154398478463
1228,122.702454,30.81654470841108
1229,122.802456,30.868675958413057
1230,122.902458,31.022896511237434
1231,123.00246000000001,31.10870318200772
1232,123.102462,31.374034187942765
1233,123.202464,31.36470341708429
1234,123.302466,31.690156803046094
1235,123.40246800000001,31.798567827092516
1236,123.50247,31.902315408026272
1237,123.602472,31.23511785187327
1238,123.702474,31.609803197921867
1239,123.80247600000001,31.239276448330354
1240,123.902478,30.584801316946127
1241,124.00247999999999,30.927951259322402
1242,124.10248200000001,30.674034694638056
1243,124.202484,30.931438796033433
1244,124.302486,30.81539472971878
1245,124.40248799999999,30.762508701982213
1246,124.50249000000001,30.98260951297697
1247,124.602492,30.51806434345235
1248,124.702494,30.89200833744794
1249,124.802496,30.77027852604066
1250,124.90249800000001,31.207810078576678
1251,125.0025,30.9562061091489
1252,125.102502,31.315552044495615
1253,125.202504,31.50120922870521
1254,125.30250600000001,31.18837000914943
1255,125.402508,31.29973595397515
1256,125.50251000000002,30.854818887300667
1257,125.602512,30.716423607691404
1258,125.702514,30.95945914188471
1259,125.802516,30.99302831285753
1260,125.902518,30.337110497625513
1261,126.00252,30.648541390650834
1262,126.102522,30.744952440690735
1263,126.20252400000001,30.912550052151133
1264,126.302526,30.57924912843534
1265,126.402528,30.409458913970244
1266,126.50253,30.78309078278941
1267,126.60253200000001,30.777205163850606
1268,126.702534,30.588774419223046
1269,126.802536,30.382440082802436
1270,126.902538,30.472249286333536
1271,127.00254000000001,30.763183357782392
1272,127.102542,30.316050660355895
1273,127.202544,30.786522866101404
1274,127.302546,30.3822277628972
1275,127.40254800000001,30.093231645693713
1276,127.50255,30.191690049514506
1277,127.602552,30.28442888983692
1278,127.702554,30.587464642331735
1279,127.802556,30.55406094375075
1280,127.902558,30.349497913406424
1281,128.00256,30.16975921262107
1282,128.102562,30.320218718358316
1283,128.202564,30.634860826210023
1284,128.302566,30.605816997423165
1285,128.402568,30.903723394816865
1286,128.50257000000002,30.820659612707352
1287,128.602572,30.5982609088932
1288,128.702574,30.560895353530306
1289,128.802576,30.74432544118635
1290,128.902578,31.049241894987027
1291,129.00258,31.21111089349306
1292,129.102582,31.264326072562998
1293,129.202584,31.488841211688054
1294,129.302586,31.629345730916413
1295,129.402588,31.111761312373513
1296,129.50259,31.07436247673305
1297,129.60259200000002,30.756277109379866
1298,129.702594,31.061051697103583
1299,129.802596,31.003814617658115
1300,129.902598,31.305334669634853
1301,130.0026,31.35775754406451
1302,130.102602,31.80068170488531
1303,130.202604,31.299944092076938
1304,130.302606,31.476895731372025
1305,130.40260800000001,31.172149479180046
1306,130.50261,31.174051512763313
1307,130.60261200000002,31.31507082928818
1308,130.702614,31.60628493623127
1309,130.802616,31.537565379528836
1310,130.902618,31.152660243060613
1311,131.00262,31.346082190852776
1312,131.102622,30.994464223559987
1313,131.20262400000001,31.481165542227533
1314,131.30262599999998,30.879683437073606
1315,131.402628,30.480174412676465
1316,131.50263,30.642919718943542
1317,131.602632,30.913064078960026
1318,131.702634,30.920582148949787
1319,131.802636,31.219744431386907
1320,131.902638,31.2623715341544
1321,132.00264,31.254781013448685
1322,132.102642,30.915792957639262
1323,132.202644,30.808628270212
1324,132.302646,31.280937080250904
1325,132.40264800000003,31.21188158074725
1326,132.50265,31.209035143538447
1327,132.602652,30.970095998902472
1328,132.702654,30.81255573890928
1329,132.802656,31.16839342610941
1330,132.902658,31.262936380049688
1331,133.00266,30.927324363421967
1332,133.102662,31.185587554716523
1333,133.202664,31.401104165160532
1334,133.302666,31.04118576021693
1335,133.402668,31.29857542093339
1336,133.50267000000002,31.176791678568446
1337,133.60267199999998,31.04863341354274
1338,133.702674,30.648591427828162
1339,133.80267600000002,31.132492511413464
1340,133.902678,31.175754631615295
1341,134.00268,31.282705710555913
1342,134.102682,31.123504054623922
1343,134.202684,31.59189887794841
1344,134.30268600000002,31.57002043391141
1345,134.40268799999998,31.024650479504523
1346,134.50269,31.100826579421035
1347,134.60269200000002,31.3289182236984
1348,134.70269399999998,31.61980600582602
1349,134.802696,30.836081740828785
1350,134.90269800000002,30.80875985823292
1351,135.0027,31.12999861453881
1352,135.102702,31.123398129280634
1353,135.202704,30.95573734450752
1354,135.302706,31.062931783144723
1355,135.40270800000002,30.897491376421033
1356,135.50270999999998,30.877720405075454
1357,135.602712,30.92218687091486
1358,135.70271400000001,31.35554452085293
1359,135.802716,31.001473777138834
1360,135.902718,30.925976804055995
1361,136.00272,30.66584704919732
1362,136.102722,30.442947048579825
1363,136.20272400000002,30.867952756483607
1364,136.302726,31.40514465718879
1365,136.402728,31.2564016425357
1366,136.50273,30.517792895497756
1367,136.602732,31.124975255306023
1368,136.702734,31.674053250961467
1369,136.802736,31.71087900401474
1370,136.902738,31.091656112185998
1371,137.00274,31.434311797448526
1372,137.102742,31.16930157926507
1373,137.202744,31.019519763506793
1374,137.302746,31.0726135429653
1375,137.402748,31.194228676085412
1376,137.50275,30.895697872436294
1377,137.602752,31.33691563798806
1378,137.70275400000003,31.711975451806044
1379,137.802756,30.993881184448902
1380,137.902758,31.066019670154084
1381,138.00276000000002,31.02317964771439
1382,138.102762,30.920411413015724
1383,138.202764,31.33928742431088
1384,138.302766,32.093311246235224
1385,138.402768,31.50820543642692
1386,138.50277,30.787227421214585
1387,138.602772,30.77896187442335
1388,138.702774,30.53795003112827
1389,138.80277600000002,29.97413735133731
1390,138.90277799999998,30.76403878767008
1391,139.00278,30.63469210597163
1392,139.10278200000002,31.104029911340813
1393,139.202784,30.757127104128383
1394,139.302786,30.886100754155642
1395,139.402788,30.8918877883077
1396,139.50279,30.533007337356484
1397,139.60279200000002,30.85224374717757
1398,139.70279399999998,30.742639198147717
1399,139.802796,30.30176809567266
1400,139.90279800000002,29.909844243710328
1401,140.0028,30.26416678235166
1402,140.102802,30.505927771193928
1403,140.20280400000001,30.68358511669471
1404,140.302806,30.047429568048578
1405,140.402808,30.59035603909769
1406,140.50281,30.30382557867555
1407,140.602812,30.36049646565791
1408,140.70281400000002,30.48904746745517
1409,140.80281599999998,30.918203162733636
1410,140.902818,30.892211020110476
1411,141.00282,30.97171003687679
1412,141.102822,31.167061524470835
1413,141.202824,30.716659261391715
1414,141.302826,30.45824539324037
1415,141.402828,30.601746288410855
1416,141.50283000000002,30.803516630295395
1417,141.602832,31.241681271970222
1418,141.702834,31.29732837644082
1419,141.802836,31.3722685801978
1420,141.902838,30.90566999614746
1421,142.00284,30.95532947732479
1422,142.102842,30.461264740081624
1423,142.202844,30.32124872314783
1424,142.302846,29.71934319359333
1425,142.402848,29.945413766346203
1426,142.50285,29.92931804646382
1427,142.602852,29.951339568384245
1428,142.702854,30.300511175916768
1429,142.802856,30.312826175150743
1430,142.902858,30.969338294942354
1431,143.00286000000003,30.470222490269535
1432,143.102862,30.479583800437716
1433,143.202864,30.564525462061077
1434,143.30286600000002,30.760026731636362
1435,143.402868,30.918376453632227
1436,143.50287,30.439057923402505
1437,143.602872,30.657307652395943
1438,143.702874,30.725662333177524
1439,143.802876,30.766973691645884
1440,143.902878,30.237380909653073
1441,144.00288,30.271337801027798
1442,144.10288200000002,30.3776709378111
1443,144.20288399999998,30.350355299204715
1444,144.302886,30.214886426249414
1445,144.40288800000002,29.77071526986329
1446,144.50289,30.462285342110828
1447,144.602892,30.604385194663642
1448,144.702894,30.640117147386245
1449,144.802896,30.993167037762806
1450,144.90289800000002,30.699115351817593
1451,145.00289999999998,30.70799313048398
1452,145.102902,31.094460325766274
1453,145.20290400000002,30.916789328088367
1454,145.302906,31.13145727301186
1455,145.402908,30.80121498880536
1456,145.50291,30.854873419260365
1457,145.602912,30.72386940102433
1458,145.702914,30.3399870818482
1459,145.802916,30.201762014122668
1460,145.902918,30.410948783928678
1461,146.00292000000002,30.59615637828682
1462,146.10292199999998,30.950657918946852
1463,146.202924,30.99583697559059
1464,146.302926,30.99098880144681
1465,146.402928,30.469608600586422
1466,146.50293,30.57868384435328
1467,146.602932,30.282748168733747
1468,146.702934,30.378092310172665
1469,146.80293600000002,30.258428339848408
1470,146.902938,30.193080764239728
1471,147.00294,30.32645141515405
1472,147.102942,30.40099532141036
1473,147.202944,29.997998866601197
1474,147.302946,30.614501026273704
1475,147.402948,30.742621574756374
1476,147.50295,30.535225125919894
1477,147.602952,30.23446272077854
1478,147.702954,30.235340684629463
1479,147.802956,30.557957945497417
1480,147.902958,29.922435991375796
1481,148.00296,29.814797938570152
1482,148.102962,29.989522988259388
1483,148.202964,29.856637236126044
1484,148.30296600000003,30.21990508879432
1485,148.402968,30.11924493475498
1486,148.50297,30.575148118997692
1487,148.60297200000002,30.067285705788475
1488,148.702974,30.12965564471604
1489,148.802976,30.489190770812716
1490,148.902978,30.88822719514054
1491,149.00298,30.96285252122432
1492,149.102982,31.10817732070302
1493,149.202984,30.94429328657382
1494,149.302986,30.86818876798221
1495,149.40298800000002,30.689577942359243
1496,149.50298999999998,31.280021691515547
1497,149.602992,30.765185438490025
1498,149.70299400000002,30.44943807396752
1499,149.802996,30.272365711152585
1500,149.902998,30.69656109001633
1501,150.003,29.694695846839714
1502,150.103002,29.737867656251286
1503,150.20300400000002,29.959704437728398
1504,150.30300599999998,30.27268598015415
1505,150.403008,30.119988151485906
1506,150.50301000000002,30.43209425212355
1507,150.603012,30.410678205979963
1508,150.703014,30.821938669990175
1509,150.803016,30.43140936531381
1510,150.903018,30.46733397575098
1511,151.00302,30.683506329825384
1512,151.103022,30.552825423527032
1513,151.203024,30.409930318892666
1514,151.30302600000002,30.31006152869283
1515,151.40302799999998,30.14048468606892
1516,151.50303,30.249587713458105
1517,151.603032,30.414647355457422
1518,151.703034,30.328559997011368
1519,151.803036,30.34835716034672
1520,151.903038,30.375872418331255
1521,152.00304,30.652979066505676
1522,152.10304200000002,30.57431605515281
1523,152.203044,30.538903796110446
1524,152.303046,30.378209145524153
1525,152.403048,30.02811236907511
1526,152.50305000000003,30.131162694212374
1527,152.603052,30.129793135384944
1528,152.703054,30.23468234516252
1529,152.803056,30.059048306672523
1530,152.903058,29.88476115802424
1531,153.00306,29.856987108461738
1532,153.103062,30.01968087451914
1533,153.203064,30.56827714152813
1534,153.303066,30.633953883667882
1535,153.403068,30.50845264827772
1536,153.50307,30.337577603422105
1537,153.60307200000003,30.363452828163325
1538,153.703074,30.516263338532553
1539,153.803076,30.22825127786774
1540,153.90307800000002,29.89116296378911
1541,154.00308,30.06173116462714
1542,154.103082,30.001912007225318
1543,154.203084,30.14320857252367
1544,154.303086,30.016705607921892
1545,154.403088,29.737648916009856
1546,154.50309,30.265934987464913
1547,154.603092,30.58066987675661
1548,154.70309400000002,30.48841547948902
1549,154.80309599999998,30.562673263574123
1550,154.903098,30.548427235448056
1551,155.00310000000002,30.470408564181277
1552,155.103102,30.235396780204645
1553,155.203104,30.102326185942328
1554,155.303106,29.845465391475706
1555,155.403108,30.080076147323098
1556,155.50311000000002,29.980967977404255
1557,155.60311199999998,29.882817724680272
1558,155.703114,30.158310199826047
1559,155.80311600000002,30.612257510378797
1560,155.903118,30.43316800338663
1561,156.00312,30.459934541193764
1562,156.103122,30.18797515074126
1563,156.203124,30.34156663668516
1564,156.303126,30.0017221844387
1565,156.403128,29.87333371121699
1566,156.50313,30.731879446273872
1567,156.60313200000002,30.443789366551684
1568,156.70313399999998,31.065578504455164
1569,156.803136,30.771821920505698
1570,156.903138,31.29978956940979
1571,157.00314,31.590253983349374
1572,157.103142,31.535576602714887
1573,157.203144,31.06366614429758
1574,157.303146,30.79927905913311
1575,157.40314800000002,30.42124145323315
1576,157.50315,30.503134952503142
1577,157.603152,30.522613735743068
1578,157.703154,30.782398721933554
1579,157.80315600000003,30.480835492334215
1580,157.903158,30.372723767357957
1581,158.00316,30.266509631355245
1582,158.103162,30.03150190507054
1583,158.203164,29.817246256059164
1584,158.303166,29.698886377087188
1585,158.403168,30.486050554955913
1586,158.50317,30.556220646967198
1587,158.603172,30.664636486553647
1588,158.703174,31.27552455131147
1589,158.803176,30.71771824497218
1590,158.90317800000003,31.054825701512076
1591,159.00318,30.558401966169782
1592,159.103182,30.940354447666806
1593,159.20318400000002,30.624824426673065
1594,159.303186,30.2901473130955
1595,159.403188,30.544036801735786
1596,159.50319,30.65313524413512
1597,159.603192,30.762794500406006
1598,159.70319400000002,30.83496871278819
1599,159.80319599999999,30.3764290980251
1600,159.903198,30.714283388495947
1601,160.00320000000002,30.705778965686978
1602,160.10320199999998,31.468804761129718
1603,160.203204,31.14362385395738
1604,160.30320600000002,30.876149028007926
1605,160.403208,30.7855608050634
1606,160.50321,30.68108038489269
1607,160.603212,30.692342950251398
1608,160.703214,30.498477253958363
1609,160.80321600000002,30.7394868483458
1610,160.90321799999998,30.654696333383804
1611,161.00322,30.372550130693696
1612,161.10322200000002,30.290776343653608
1613,161.203224,30.57181181993417
1614,161.303226,30.653378587313362
1615,161.403228,30.931681089561383
1616,161.50323,31.06872094954622
1617,161.603232,31.348725960260605
1618,161.703234,31.108223618649824
1619,161.803236,30.65992959480948
1620,161.90323800000002,30.981196446251523
1621,162.00323999999998,30.487234210964747
1622,162.103242,31.125421378622182
1623,162.203244,30.663101332380855
1624,162.303246,30.630442257159775
1625,162.403248,30.37072593628887
1626,162.50325,30.458407135639206
1627,162.603252,30.260468815301195
1628,162.70325400000002,30.743878310760266
1629,162.803256,30.73284010017753
1630,162.903258,31.279085899878527
1631,163.00326,30.719193585554915
1632,163.10326200000003,30.106565257105633
1633,163.203264,30.244224868997303
1634,163.303266,30.225466472324754
1635,163.403268,29.600129613370004
1636,163.50327,29.88374955235435
1637,163.603272,30.21252999429027
1638,163.703274,30.322783209212872
1639,163.803276,30.024597268641983
1640,163.903278,30.44878117365342
1641,164.00328,30.30526675852418
1642,164.103282,30.38857198276975
1643,164.20328400000002,30.518664230496885
1644,164.30328599999999,30.77816366941862
1645,164.403288,30.410716805811454
1646,164.50329000000002,29.942308915363533
1647,164.603292,29.896379420202173
1648,164.703294,29.617070710417646
1649,164.803296,29.546634657811804
1650,164.903298,29.556544846020344
1651,165.00330000000002,29.99443529689608
1652,165.10330199999999,30.11802739082626
1653,165.203304,30.200414169068264
1654,165.30330600000002,30.828779671334903
1655,165.40330799999998,31.03538907549357
1656,165.50331,31.133705879982305
1657,165.60331200000002,30.95982691348513
1658,165.703314,30.44636692790894
1659,165.803316,30.979416960790818
1660,165.903318,31.047122480509643
1661,166.00332,30.40954449265188
1662,166.10332200000002,30.57214719716237
1663,166.20332399999998,30.81326663489229
1664,166.303326,30.499268727934307
1665,166.40332800000002,30.369289364235208
1666,166.50333,30.775717779292876
1667,166.603332,30.267000862813717
1668,166.703334,30.749732008520496
1669,166.803336,30.504694151905454
1670,166.90333800000002,31.189119765364875
1671,167.00334,30.585658147973948
1672,167.103342,30.572999700539135
1673,167.20334400000002,30.67849641603846
1674,167.30334599999998,30.325410437624186
1675,167.403348,30.442888495646216
1676,167.50335,30.36865166791848
1677,167.603352,30.26305683851261
1678,167.703354,30.015468732745056
1679,167.803356,29.834440582096665
1680,167.903358,30.24902725075981
1681,168.00336000000001,30.548819401366934
1682,168.103362,30.62467367751846
1683,168.203364,30.439036118167696
1684,168.303366,30.38560431715404
1685,168.40336800000003,30.83669621816085
1686,168.50337,30.407911953830823
1687,168.603372,30.67214095639947
1688,168.703374,30.679720012208616
1689,168.803376,30.99915765344971
1690,168.903378,30.88124333850209
1691,169.00338,30.710214159912894
1692,169.103382,30.085792089036858
1693,169.203384,30.259377278726085
1694,169.303386,30.241491636303145
1695,169.403388,30.08886676881101
1696,169.50339000000002,30.104190208643725
1697,169.60339199999999,29.839371427869274
1698,169.703394,29.720349965492854
1699,169.80339600000002,29.96793007266207
1700,169.903398,29.90128665339798
1701,170.0034,30.14589707685592
1702,170.103402,30.153432225402355
1703,170.203404,29.993135838883227
1704,170.30340600000002,30.25449636793608
1705,170.40340799999998,30.24973067140615
1706,170.50341,30.852037824386688
1707,170.60341200000002,30.74256766593948
1708,170.70341399999998,30.67814496032472
1709,170.803416,30.169538387090938
1710,170.90341800000002,30.401827961932653
1711,171.00342,30.3862882717267
1712,171.103422,30.461990210645816
1713,171.203424,30.07941107697633
1714,171.303426,30.49172093285332
1715,171.40342800000002,31.017303186943142
1716,171.50342999999998,31.03267212537985
1717,171.603432,30.99843823849744
1718,171.70343400000002,30.564239433138134
1719,171.803436,30.150194696631008
1720,171.903438,30.63189441327719
1721,172.00344,30.520181204831104
1722,172.103442,31.097734851444798
1723,172.20344400000002,30.622926969348956
1724,172.303446,30.8817769920362
1725,172.403448,30.606622246752764
1726,172.50345000000002,30.48492254737273
1727,172.603452,30.25266615698298
1728,172.703454,30.321566095954385
1729,172.803456,30.762762753109754
1730,172.903458,30.508492573377673
1731,173.00346,30.62412838736497
1732,173.103462,30.732893419042654
1733,173.203464,30.9945045546015
1734,173.30346600000001,31.02270844591166
1735,173.403468,30.83808858335678
1736,173.50347,30.66980243247381
1737,173.603472,30.460785958098537
1738,173.70347400000003,30.492734887046574
1739,173.803476,30.83317795129741
1740,173.903478,31.252336934977826
1741,174.00348000000002,31.33545376553507
1742,174.103482,31.095787000084314
1743,174.203484,30.80169457188623
1744,174.303486,31.466875770781837
1745,174.403488,31.872308448597927
1746,174.50349,31.445223848838065
1747,174.603492,31.144989715390484
1748,174.703494,30.688908129334312
1749,174.80349600000002,30.272059347563523
1750,174.90349799999998,30.50415105217263
1751,175.0035,30.563978626101733
1752,175.10350200000002,30.488623981898524
1753,175.203504,30.904735737230133
1754,175.303506,30.799950609874717
1755,175.403508,30.349632658279102
1756,175.50351,30.540012216969032
1757,175.60351200000002,30.7540533586704
1758,175.70351399999998,30.48844523711651
1759,175.803516,30.566904331242384
1760,175.90351800000002,30.464964016111434
1761,176.00351999999998,30.445229002003362
1762,176.103522,30.44592576523844
1763,176.20352400000002,30.414761518208635
1764,176.303526,30.40780291267625
1765,176.403528,30.692780791761965
1766,176.50353,31.145362662910486
1767,176.603532,30.608401207765024
1768,176.70353400000002,30.73795041297275
1769,176.80353599999998,30.13402489438284
1770,176.903538,30.024641109570595
1771,177.00354000000002,30.20855823460066
1772,177.103542,30.325779702810564
1773,177.203544,30.187045645534834
1774,177.303546,31.056241872459857
1775,177.403548,30.781453628946558
1776,177.50355000000002,30.44694519246805
1777,177.603552,30.1736936849362
1778,177.703554,30.535445601555026
1779,177.80355600000001,30.383790626946826
1780,177.903558,30.605772855591248
1781,178.00356,31.13050288379156
1782,178.103562,30.79239488699228
1783,178.203564,30.83050224788048
1784,178.303566,30.388839578228755
1785,178.403568,30.939830221805902
1786,178.50357,31.14830812593349
1787,178.603572,30.909035571941708
1788,178.703574,30.819190509605367
1789,178.803576,31.173952803462885
1790,178.903578,30.579090082242487
1791,179.00358000000003,30.830611926325275
1792,179.103582,30.766494483338114
1793,179.203584,30.732451370200998
1794,179.30358600000002,30.730656546678915
1795,179.403588,30.223064704669458
1796,179.50359,30.531221771972213
1797,179.603592,30.491975723491997
1798,179.703594,30.563458101122404
1799,179.803596,30.349813649142554
1800,179.903598,30.911262675274337
1801,180.0036,30.724168039755025
1802,180.10360200000002,30.938514355019016
1803,180.20360399999998,31.049444313529317
1804,180.303606,30.973549632547524
1805,180.40360800000002,31.435282999398286
1806,180.50361,30.550902022769822
1807,180.603612,30.48861972816839
1808,180.703614,30.488979795656338
1809,180.803616,30.861421455600677
1810,180.90361800000002,30.82309864669286
1811,181.00361999999998,31.104306765562015
1812,181.103622,31.57715213396074
1813,181.20362400000002,31.619812189935907
1814,181.30362599999998,31.728557615294477
1815,181.403628,31.356425840922583
1816,181.50363000000002,30.917185343062087
1817,181.603632,30.929597468062834
1818,181.703634,31.248858150741132
1819,181.803636,31.266140444731743
1820,181.903638,31.314640227582647
1821,182.00364000000002,31.15650736046082
1822,182.10364199999998,31.41317206603368
1823,182.203644,31.483504551850878
1824,182.30364600000001,31.133710975275417
1825,182.403648,31.6311311453913
1826,182.50365,31.492515476411647
1827,182.603652,31.35271779994456
1828,182.703654,31.493398096304524
1829,182.80365600000002,30.969506104298965
1830,182.903658,30.942231833722058
1831,183.00366,31.2385959633724
1832,183.103662,31.256392082819133
1833,183.203664,31.09326930149608
1834,183.303666,31.150772659121234
1835,183.403668,30.738638639597198
1836,183.50367,30.469034288187693
1837,183.603672,30.666203003319616
1838,183.703674,30.851887387376024
1839,183.803676,30.874008533731526
1840,183.903678,31.259973762460078
1841,184.00368,30.841604937592496
1842,184.103682,31.042751712230395
1843,184.203684,31.173566902238186
1844,184.30368600000003,30.89637331207215
1845,184.403688,30.782639535926805
1846,184.50369,31.077868525976108
1847,184.60369200000002,31.353344753543723
1848,184.703694,31.67214955468851
1849,184.803696,31.656783146329403
1850,184.903698,31.339163384752535
1851,185.0037,31.377676204585608
1852,185.103702,31.56607727770698
1853,185.203704,31.966521714508527
1854,185.303706,31.26418059965285
1855,185.40370800000002,31.32433295242333
1856,185.50370999999998,31.58777289730386
1857,185.603712,31.140238861655856
1858,185.70371400000002,31.017752586405557
1859,185.803716,30.634535811354667
1860,185.903718,31.1086392051942
1861,186.00372,31.25116896827258
1862,186.103722,30.909287334584494
1863,186.20372400000002,31.002221681509035
1864,186.30372599999998,30.863223322972726
1865,186.403728,31.25405911058712
1866,186.50373000000002,31.103354922960715
1867,186.603732,31.266008379553604
1868,186.703734,31.30451374261463
1869,186.80373600000001,31.232680247480236
1870,186.903738,31.419580568697146
1871,187.00374,30.926134756939106
1872,187.103742,31.22166647470281
1873,187.203744,31.209734154312205
1874,187.30374600000002,31.495229963778534
1875,187.40374799999998,31.629979913073438
1876,187.50375,31.823985870164492
1877,187.60375200000001,31.40796391854535
1878,187.703754,31.537610747705564
1879,187.803756,31.745521999559294
1880,187.903758,31.403909874452697
1881,188.00376,31.326592534260193
1882,188.10376200000002,30.866804635924638
1883,188.203764,31.309937437147383
1884,188.303766,30.975288574498475
1885,188.403768,31.613142274384387
1886,188.50377,31.844769576402836
1887,188.603772,30.96171687683963
1888,188.703774,31.13293770194209
1889,188.803776,30.98509589025547
1890,188.903778,31.308146118529503
1891,189.00378,31.177407924649806
1892,189.103782,31.490859128571387
1893,189.203784,30.91655619994401
1894,189.303786,31.19289061535379
1895,189.403788,31.252673510659594
1896,189.50379,31.321796808560666
1897,189.60379200000003,31.09820621843923
1898,189.703794,31.184837399027995
1899,189.803796,31.398298179030043
1900,189.90379800000002,31.644326828637197
1901,190.0038,31.411041029574367
1902,190.103802,31.18348202469934
1903,190.203804,31.07925302303885
1904,190.303806,31.657716873562286
1905,190.403808,31.332410308825345
1906,190.50381,31.02394463454502
1907,190.603812,30.973402340978932
1908,190.70381400000002,31.341297787674012
1909,190.80381599999998,30.96532458942744
1910,190.903818,31.49500528728871
1911,191.00382000000002,30.91161669221704
1912,191.103822,30.89860885433946
1913,191.203824,30.699300337671048
1914,191.30382600000002,30.8900963936994
1915,191.403828,30.73237104829342
1916,191.50383000000002,30.85296694195925
1917,191.60383199999998,30.36858789277892
1918,191.703834,30.65108377671557
1919,191.80383600000002,31.325622922358782
1920,191.903838,31.28141749599417
1921,192.00384,31.371942929192578
1922,192.10384200000001,31.400580280421316
1923,192.203844,31.39022979964378
1924,192.303846,31.430331567899398
1925,192.403848,31.2658188791723
1926,192.50385,31.072789779499512
1927,192.60385200000002,31.516940577896886
1928,192.70385399999998,31.38110195495992
1929,192.803856,31.33348151971211
1930,192.903858,31.716913265678087
1931,193.00386,31.2302934342265
1932,193.103862,31.19036394665442
1933,193.203864,31.18566274849233
1934,193.303866,30.86790164885471
1935,193.40386800000002,31.11165393302572
1936,193.50387,31.35382594665776
1937,193.603872,31.31613652145593
1938,193.703874,30.980836093600907
1939,193.80387600000003,30.520742970853618
1940,193.903878,30.431049422887114
1941,194.00388,30.927233576418917
1942,194.103882,30.50802611318385
1943,194.203884,30.36280485836678
1944,194.303886,30.048498482687965
1945,194.403888,29.762109644413016
1946,194.50389,30.575511129316826
1947,194.603892,29.855417436663366
1948,194.703894,29.76995109433826
1949,194.803896,29.998684059017375
1950,194.90389800000003,30.304049868726267
1951,195.0039,30.207904666532304
1952,195.103902,30.413677157317387
1953,195.20390400000002,30.267311799192374
1954,195.303906,30.037862996844318
1955,195.403908,29.94565945137151
1956,195.50391,30.39172938380492
1957,195.603912,30.13096097869622
1958,195.703914,29.93489161830969
1959,195.803916,30.38298835127135
1960,195.903918,30.218966392744104
1961,196.00392000000002,30.155516629057864
1962,196.10392199999998,30.01143383124107
1963,196.203924,30.552667897950816
1964,196.30392600000002,30.824895690864274
1965,196.403928,30.886500423148576
1966,196.50393,30.759139261149272
1967,196.60393200000001,30.64745384655159
1968,196.703934,30.566467606923265
1969,196.80393600000002,31.008296385309393
1970,196.90393799999998,31.265081523385266
1971,197.00394,30.962398797816878
1972,197.10394200000002,30.85066281840172
1973,197.203944,31.507372486746434
1974,197.303946,31.264200039849086
1975,197.403948,30.920575543243498
1976,197.50395,31.091109443976197
1977,197.603952,30.77181805362852
1978,197.703954,30.487269759475012
1979,197.803956,30.311598764413564
1980,197.90395800000002,30.385957599635734
1981,198.00395999999998,30.685843213123466
1982,198.103962,30.800464485063227
1983,198.203964,30.80808602434843
1984,198.303966,30.76105574024332
1985,198.403968,30.791488859010194
1986,198.50397,30.539427906594454
1987,198.603972,30.420243571438416
1988,198.70397400000002,31.09541133838268
1989,198.803976,31.34851629128703
1990,198.903978,30.96885361455325
1991,199.00398,30.198817768446535
1992,199.10398200000003,30.56718018686601
1993,199.203984,30.851214837181058
1994,199.303986,30.60565151763045
1995,199.403988,30.763188329238485
1996,199.50399,30.972853219100422
1997,199.603992,30.853487273278162
1998,199.703994,30.390402120852517
1999,199.803996,30.761063848347362
2000,199.903998,30.117091499706554
2001,200.004,30.990056077121817
2002,200.104002,31.113187529736916
2003,200.20400400000003,31.000781211024734
2004,200.304006,31.324319244864945
2005,200.404008,30.979093383114847
2006,200.50401000000002,30.67994126408021
2007,200.604012,31.170658544134493
2008,200.704014,31.24212167892013
2009,200.804016,31.087016969126054
2010,200.904018,31.220629515132956
2011,201.00402000000003,31.13891133910594
2012,201.104022,31.176404933169998
2013,201.204024,31.152483602923024
2014,201.30402600000002,30.78943431108267
2015,201.40402799999998,30.934423368619345
2016,201.50403,30.812958828420513
2017,201.60403200000002,31.299714841604118
2018,201.704034,31.41269498744399
2019,201.804036,31.26937571194422
2020,201.904038,31.184634881406225
2021,202.00404,31.25453513425732
2022,202.10404200000002,31.359049515065994
2023,202.20404399999998,32.09953386537415
2024,202.304046,31.58916177551434
2025,202.40404800000002,31.581446978585177
2026,202.50405,31.045366200573678
2027,202.604052,31.336614897490197
2028,202.704054,30.90271090761709
2029,202.804056,30.91660620001074
2030,202.904058,30.751047511590656
2031,203.00406,31.092719687853343
2032,203.104062,31.53024912843687
2033,203.20406400000002,31.73604144696669
2034,203.30406599999998,31.778276867522997
2035,203.404068,32.12377745760135
2036,203.50407,31.836755999870622
2037,203.604072,31.92351815407851
2038,203.704074,30.88964843743365
2039,203.804076,30.654621639196424
2040,203.904078,31.064442255431793
2041,204.00408000000002,30.962640254702723
2042,204.104082,30.8672940876436
2043,204.204084,30.626937292228533
2044,204.304086,30.35873987433253
2045,204.40408800000003,30.72311648421917
2046,204.50409,30.282192482735052
2047,204.604092,30.468517910915928
2048,204.704094,30.333354822069243
2049,204.804096,30.80593690730592
2050,204.904098,30.79646719493722
2051,205.0041,30.539959205016775
2052,205.104102,30.654486566737877
2053,205.204104,30.611331517640846
2054,205.304106,30.734695332402435
2055,205.404108,30.77697926603947
2056,205.50411000000003,30.309200082135057
2057,205.604112,30.648902686262435
2058,205.704114,30.281636624691664
2059,205.80411600000002,30.34497158045453
2060,205.904118,30.11082445717234
2061,206.00412,30.042912289730186
2062,206.104122,30.6216858451747
2063,206.204124,30.504197562011196
2064,206.30412600000002,30.61328333263683
2065,206.404128,30.406251519837785
2066,206.50413,30.60587771051835
2067,206.60413200000002,30.585688043603266
2068,206.70413399999998,30.62083237523159
2069,206.804136,30.893332418608246
2070,206.90413800000002,30.54010657850301
2071,207.00414,30.53407932988609
2072,207.104142,30.742594468090175
2073,207.204144,30.530870439528584
2074,207.304146,31.101657963814848
2075,207.40414800000002,30.78840375979591
2076,207.50414999999998,31.462377701297296
2077,207.604152,31.45956666408358
2078,207.70415400000002,31.293370381878667
2079,207.804156,30.54947874944844
2080,207.904158,30.82449744744271
2081,208.00416,30.69342124258844
2082,208.104162,30.650972485213043
2083,208.20416400000002,30.628671589835488
2084,208.304166,30.537632129632755
2085,208.404168,30.70726142784492
2086,208.50417000000002,30.38014476930683
2087,208.604172,30.592991988451995
2088,208.704174,31.135617314059044
2089,208.804176,31.23322801265217
2090,208.904178,31.148030259272392
2091,209.00418,30.727206535362708
2092,209.104182,31.33873844341117
2093,209.204184,31.72394466146019
2094,209.30418600000002,31.103553689024558
2095,209.404188,30.905070832105018
2096,209.50419,31.28884254875255
2097,209.604192,31.144448527183307
2098,209.70419400000003,31.254353130921007
2099,209.804196,30.918117016042412
2100,209.904198,30.607808996480493
2101,210.00420000000003,30.975576222603323
2102,210.104202,30.75639641069964
2103,210.204204,30.839820652429417
2104,210.304206,31.06489720808763
2105,210.404208,30.971419350051253
2106,210.50421,30.877691090323143
2107,210.604212,30.56776291737287
2108,210.704214,30.45738094449244
2109,210.80421600000003,30.658516426108935
2110,210.904218,30.524355312363014
2111,211.00422,30.25472367969217
2112,211.10422200000002,30.70260134996636
2113,211.204224,30.782505584520703
2114,211.304226,30.414046852847953
2115,211.404228,30.64209740879683
2116,211.50423,30.941667054435616
2117,211.60423200000002,30.825298423518383
2118,211.70423399999999,30.662358770134524
2119,211.804236,31.240728819816194
2120,211.90423800000002,30.992549781913095
2121,212.00423999999998,30.85489695514285
2122,212.104242,30.49069242007098
2123,212.20424400000002,30.667569495435167
2124,212.304246,31.011810113215823
2125,212.404248,31.068765797724602
2126,212.50425,31.246428871790645
2127,212.604252,30.637658465460856
2128,212.70425400000002,30.653073910789995
2129,212.80425599999998,30.55287897429097
2130,212.904258,30.185339765488298
2131,213.00426000000002,30.209700783007182
2132,213.104262,30.52969221671462
2133,213.204264,30.645977694801005
2134,213.304266,30.617861133148352
2135,213.404268,30.126265639844327
2136,213.50427000000002,29.797995674462857
2137,213.604272,29.92089788036064
2138,213.704274,29.72714164167023
2139,213.80427600000002,30.28201165415744
2140,213.904278,30.6426016367114
2141,214.00428,30.63152674946501
2142,214.104282,30.146397235975485
2143,214.204284,29.973822344249854
2144,214.304286,30.48957565380516
2145,214.404288,30.65904496745618
2146,214.50429,30.265713875227377
2147,214.60429200000002,30.670084248311245
2148,214.704294,30.684066435625574
2149,214.804296,30.649084426419524
2150,214.904298,30.661311660134423
2151,215.00430000000003,30.761322074474673
2152,215.104302,30.637935904485648
2153,215.204304,31.271348144924474
2154,215.30430600000003,31.025242755101385
2155,215.404308,30.677793894934474
2156,215.50431,30.473104672039554
2157,215.604312,30.265328117426755
2158,215.704314,30.63696657340361
2159,215.804316,30.89027980198049
2160,215.904318,30.94470968851963
2161,216.00432,30.336699652600693
2162,216.10432200000002,30.445164392781678
2163,216.20432399999999,30.573816185980693
2164,216.304326,30.867182668953983
2165,216.40432800000002,30.228683456590893
2166,216.50433,30.676855864844494
2167,216.604332,30.719413010851394
2168,216.704334,30.913282508868843
2169,216.804336,31.469035225176363
2170,216.90433800000002,31.450290717863865
2171,217.00433999999998,31.179905525029717
2172,217.104342,31.431134155760844
2173,217.20434400000002,30.67135835157858
2174,217.30434599999998,31.148384196170962
2175,217.404348,31.74787380485371
2176,217.50435000000002,31.180296604629557
2177,217.604352,31.011086900982708
2178,217.704354,31.224879393850678
2179,217.804356,31.04144186123384
2180,217.904358,31.25102140160948
2181,218.00436000000002,31.401677736521286
2182,218.10436199999998,31.70320980851737
2183,218.204364,31.007464837478782
2184,218.30436600000002,31.041409692227923
2185,218.404368,31.247105184625966
2186,218.50437,31.132275198172792
2187,218.604372,31.442725348904997
2188,218.704374,30.853758364382546
2189,218.80437600000002,30.88153099208011
2190,218.904378,30.94298923501351
2191,219.00438,31.04400656935416
2192,219.10438200000002,31.167083172384455
2193,219.204384,30.70141261288939
2194,219.304386,30.469845971610418
2195,219.404388,30.67579770128031
2196,219.50439,29.818994957013594
2197,219.604392,30.006632716807214
2198,219.704394,29.722250158760176
2199,219.804396,29.90157401569959
2200,219.90439800000001,29.745929200182342
2201,220.0044,30.25472467135663
2202,220.104402,30.779553224651934
2203,220.204404,30.248892399583344
2204,220.30440600000003,30.43517292173405
2205,220.404408,30.371184776877932
2206,220.50441,30.378730034631346
2207,220.60441200000002,30.381562584878946
2208,220.704414,30.814387332062743
2209,220.804416,30.368713448765664
2210,220.904418,30.489548736666375
2211,221.00442,30.524627209974206
2212,221.104422,30.337269781303405
2213,221.204424,30.51790137493202
2214,221.304426,30.484454407654155
2215,221.40442800000002,30.077966338844455
2216,221.50442999999999,29.847191633869873
2217,221.604432,29.903791447121908
2218,221.70443400000002,30.070636359827525
2219,221.804436,30.19701401244443
2220,221.904438,30.392006753453153
2221,222.00444,29.873323821302286
2222,222.104442,30.172716146461223
2223,222.20444400000002,30.004393936352894
2224,222.30444599999998,29.854290167518318
2225,222.404448,29.972839998357877
2226,222.50445000000002,30.179696499129065
2227,222.60445199999998,29.797556817592074
2228,222.704454,30.05432919356092
2229,222.80445600000002,29.91400494147297
2230,222.904458,30.182080262419298
2231,223.00446,29.86301948963901
2232,223.104462,29.454326030933043
2233,223.204464,29.73816707627712
2234,223.30446600000002,29.684027257898247
2235,223.40446799999998,29.49480801991057
2236,223.50447,29.623489848357277
2237,223.60447200000002,29.506620124660646
2238,223.704474,29.851597984048375
2239,223.804476,30.045758486120583
2240,223.904478,29.863878393787434
2241,224.00448,29.91709356963352
2242,224.10448200000002,29.606268387453778
2243,224.204484,30.11576548909119
2244,224.304486,30.445519388326023
2245,224.40448800000001,30.70868312520246
2246,224.50449,30.00890815599509
2247,224.604492,30.542970040898908
2248,224.704494,30.35873557741077
2249,224.804496,30.41003397142858
2250,224.904498,30.28349371855387
2251,225.0045,30.285059037066844
2252,225.104502,30.19044359925489
2253,225.20450400000001,29.98409350196044
2254,225.304506,29.999826164779407
2255,225.404508,30.213179190918105
2256,225.50451,30.42106739114293
2257,225.60451200000003,30.011855880177134
2258,225.704514,30.108101732229223
2259,225.804516,30.40357361315501
2260,225.90451800000002,30.46222056545048
2261,226.00452,30.503346066542843
2262,226.104522,30.62871920404888
2263,226.204524,30.805485564076786
2264,226.304526,30.305030672236246
2265,226.404528,30.317076225084012
2266,226.50453,30.21365427196915
2267,226.604532,30.881171637214873
2268,226.70453400000002,30.68924148426795
2269,226.80453599999998,30.716246919271928
2270,226.904538,30.631175054242476
2271,227.00454000000002,30.726539146877673
2272,227.104542,30.298375194265905
2273,227.204544,30.480035042360743
2274,227.30454600000002,30.083063520476713
2275,227.404548,30.053913778044997
2276,227.50455000000002,30.113137229390716
2277,227.60455199999998,30.22782811251919
2278,227.704554,30.758702251758304
2279,227.80455600000002,30.6598697199613
2280,227.904558,30.863858962833582
2281,228.00456,30.373284161646314
2282,228.10456200000002,30.136300901145805
2283,228.204564,30.285953306747402
2284,228.304566,30.451309661725553
2285,228.404568,30.53933218611695
2286,228.50457,30.911796632393614
2287,228.60457200000002,30.520513441373186
2288,228.70457399999998,30.602684555875427
2289,228.804576,30.99827344824184
2290,228.90457800000001,30.718058869835843
2291,229.00458,30.3591893109742
2292,229.104582,31.068872483240064
2293,229.204584,30.610729320753183
2294,229.304586,30.53099002593621
2295,229.40458800000002,30.239017613735165
2296,229.50459,30.28417167722252
2297,229.604592,30.529026616864837
2298,229.70459400000001,30.678358718936455
2299,229.804596,30.462146535366568
2300,229.904598,30.204374508093917
2301,230.0046,29.981138393411456
2302,230.104602,29.917078508530455
2303,230.204604,30.299700288789737
2304,230.304606,30.24890062979537
2305,230.404608,30.35511880697801
2306,230.50461,30.277431400705495
2307,230.604612,29.943006040025008
2308,230.704614,29.769615983494678
2309,230.804616,30.35853912990299
2310,230.90461800000003,30.31024278228599
2311,231.00462,30.60954856113997
2312,231.104622,30.474329461774374
2313,231.20462400000002,30.858989753122277
2314,231.304626,30.805241796838697
2315,231.404628,30.914897997922317
2316,231.50463,30.55683151008394
2317,231.604632,30.637648059419778
2318,231.704634,31.25098103153306
2319,231.804636,30.539320537165086
2320,231.904638,30.233691323818178
2321,232.00464000000002,30.39341793583097
2322,232.10464199999998,30.932429659570992
2323,232.204644,30.522212168164796
2324,232.30464600000002,30.453302799584616
2325,232.404648,30.339275915361874
2326,232.50465,30.877886327746282
2327,232.60465200000002,31.03691642048033
2328,232.704654,31.1069815510313
2329,232.80465600000002,31.117346129198825
2330,232.90465799999998,30.90457736961425
2331,233.00466,30.770099484718617
2332,233.10466200000002,29.89008527779605
2333,233.204664,29.74975601098815
2334,233.304666,29.66174799821962
2335,233.40466800000002,29.892888710515756
2336,233.50467,30.070358962725848
2337,233.604672,30.165242257756518
2338,233.704674,30.2572937901122
2339,233.804676,30.35829938148467
2340,233.90467800000002,30.502455260464615
2341,234.00467999999998,30.05852706805897
2342,234.104682,29.802913632190727
2343,234.20468400000001,29.80854926402782
2344,234.304686,30.561051217327776
2345,234.404688,30.032641910801097
2346,234.50469,30.04017487790449
2347,234.604692,30.256445956795385
2348,234.70469400000002,30.32091830242034
2349,234.804696,29.90106304070587
2350,234.904698,29.73907201061127
2351,235.0047,30.105274114806644
2352,235.10470200000003,30.474328468267114
2353,235.204704,30.22440362149328
2354,235.304706,30.13325184506725
2355,235.404708,29.921287541427102
2356,235.50471,29.963226015259703
2357,235.604712,30.14561156269941
2358,235.704714,30.13908105313153
2359,235.804716,29.840723794290863
2360,235.904718,30.1188490200925
2361,236.00472,30.341742037777898
2362,236.104722,30.002237882872244
2363,236.20472400000003,30.303385824276255
2364,236.304726,30.478673973893788
2365,236.404728,30.182816804663943
2366,236.50473000000002,30.20841118318777
2367,236.604732,29.85252737247603
2368,236.704734,29.763775450491032
2369,236.804736,29.874790489449936
2370,236.904738,29.74486688731626
2371,237.00474,29.700013845539395
2372,237.104742,29.858039896359653
2373,237.204744,29.888218699562913
2374,237.30474600000002,29.402376487956136
2375,237.40474799999998,29.653581571385857
2376,237.50475,29.557059805535115
2377,237.60475200000002,29.513906812102515
2378,237.704754,29.50704968414717
2379,237.804756,29.7492683672045
2380,237.90475800000002,29.776684900056946
2381,238.00476,29.734440166221987
2382,238.10476200000002,29.807147835600816
2383,238.20476399999998,29.773830893372846
2384,238.304766,29.8863694793883
2385,238.40476800000002,30.045474937591134
2386,238.50477,29.8850761869529
2387,238.604772,30.146462216408196
2388,238.70477400000001,30.191187432648487
2389,238.804776,30.54807889886883
2390,238.904778,30.352356858304812
2391,239.00478,30.501121864061076
2392,239.104782,30.117120563167042
2393,239.20478400000002,30.36515587372136
2394,239.30478599999998,30.82201493706469
2395,239.404788,30.457581566099638
2396,239.50479,30.236301427535043
2397,239.604792,29.98605542694307
2398,239.704794,29.98715226831657
2399,239.804796,29.683909820650264
2400,239.904798,30.057292990698627
2401,240.00480000000002,30.11209530110812
2402,240.104802,30.083916125388633
2403,240.204804,30.04988456059595
2404,240.304806,29.951994435521087
2405,240.40480800000003,30.140031076211997
2406,240.50481,30.324853374579146
2407,240.604812,30.240803244704917
2408,240.704814,30.040221951496655
2409,240.804816,29.936575106236265
2410,240.904818,30.380018031173446
2411,241.00482,30.07304719724715
2412,241.104822,30.144847476950694
2413,241.204824,30.029252066351262
2414,241.304826,30.3488583432441
2415,241.404828,30.1546929360968
2416,241.50483000000003,30.082806929740965
2417,241.604832,30.730822489521792
2418,241.704834,30.883501453005902
2419,241.80483600000002,30.915722457999255
2420,241.904838,30.99446101750482
2421,242.00484,30.877973278148126
2422,242.104842,30.7478548629909
2423,242.204844,30.954253693903603
2424,242.30484600000003,30.605070910226086
2425,242.404848,30.485559867925463
2426,242.50485,30.252667912164704
2427,242.60485200000002,30.50550124880818
2428,242.70485399999998,30.61505721029753
2429,242.804856,30.716950305218926
2430,242.90485800000002,30.547162965394044
2431,243.00486,30.651473220618392
2432,243.104862,30.54866965483775
2433,243.20486400000001,31.04035150108012
2434,243.304866,30.787959722686374
2435,243.40486800000002,30.36058248947994
2436,243.50486999999998,30.482888642212178
2437,243.604872,30.697182959908364
2438,243.70487400000002,30.320895568450965
2439,243.804876,30.01813769765185
2440,243.904878,29.959740521709158
2441,244.00488,29.945280679422197
2442,244.104882,30.02809319797176
2443,244.204884,30.188757705418602
2444,244.304886,30.550887445834302
2445,244.404888,30.90491423148878
2446,244.50489000000002,30.780142334113645
2447,244.604892,30.581161212138223
2448,244.704894,30.44025993530924
2449,244.804896,29.93999975648655
2450,244.904898,29.859713769585202
2451,245.0049,30.126990441269022
2452,245.104902,30.20312032684712
2453,245.204904,30.160938689129974
2454,245.30490600000002,29.91638733174388
2455,245.404908,29.93161629020922
2456,245.50491,29.76451388613537
2457,245.604912,29.858551492169312
2458,245.70491400000003,30.007162503401318
2459,245.804916,30.230111904946163
2460,245.904918,30.36354270449504
2461,246.00492000000003,30.467855300411642
2462,246.104922,30.41337121634092
2463,246.204924,30.199404771597607
2464,246.304926,30.163597360243873
2465,246.404928,30.391953111871825
2466,246.50493,30.235526013591695
2467,246.604932,30.07039677601858
2468,246.704934,30.398177530129527
2469,246.80493600000003,31.06273625568429
2470,246.904938,30.688598441671402
2471,247.00494,30.86335645871717
2472,247.10494200000002,30.686760917180603
2473,247.204944,30.502263948963048
2474,247.304946,30.655665027415708
2475,247.404948,30.648856471284446
2476,247.50495,30.549102009080492
2477,247.60495200000003,30.270259721888454
2478,247.704954,30.70683033857797
2479,247.804956,30.417642919598308
2480,247.90495800000002,30.274056106929002
2481,248.00495999999998,30.45103755882566
2482,248.104962,31.254004842490446
2483,248.20496400000002,31.270775848428546
2484,248.304966,30.991537498030855
2485,248.404968,30.730177619428456
2486,248.50497000000001,30.685356146450154
2487,248.604972,30.78956828789857
2488,248.70497400000002,30.862667768358936
2489,248.80497599999998,30.19011316824806
2490,248.904978,30.28710167163722
2491,249.00498000000002,29.74889101865163
2492,249.104982,30.196586021354072
2493,249.204984,30.348230475301225
2494,249.304986,30.545732189417308
2495,249.404988,30.901710450124618
2496,249.50499,31.14003797505604
2497,249.604992,30.56536287340505
2498,249.704994,31.193604658679373
2499,249.80499600000002,31.14532376197218
2500,249.904998,31.39228252660962
2501,250.005,31.423368961971693
2502,250.105002,31.353024195151963
2503,250.205004,31.33535322775293
2504,250.305006,30.75045715895725
2505,250.405008,30.922042339733256
2506,250.50501,31.3339655508016
2507,250.60501200000002,31.14744332198923
2508,250.705014,31.052304996058805
2509,250.805016,31.027612982269016
2510,250.905018,31.29429941452917
2511,251.00502000000003,30.863995361531803
2512,251.105022,30.60907183327672
2513,251.205024,30.44470930172839
2514,251.30502600000003,30.42442833528995
2515,251.405028,30.49557078529669
2516,251.50503,30.596642483505423
2517,251.605032,30.45893779841037
2518,251.705034,30.73528363282753
2519,251.805036,30.627714345357862
2520,251.905038,30.94143784790279
2521,252.00504,31.059103598030585
2522,252.10504200000003,30.69184955429238
2523,252.205044,30.61522637324571
2524,252.305046,30.482695614820766
2525,252.40504800000002,30.049135541438577
2526,252.50505,30.326743873275333
2527,252.605052,30.95014224194261
2528,252.705054,30.855623653504594
2529,252.805056,31.066551122645787
2530,252.90505800000003,31.099410467177158
2531,253.00506,31.251095334897144
2532,253.105062,30.939381581330096
2533,253.20506400000002,31.00399971256018
2534,253.30506599999998,30.90239080416303
2535,253.405068,30.822610364824577
2536,253.50507000000002,30.983072501504463
2537,253.605072,30.68858162722243
2538,253.705074,31.12501431725684
2539,253.805076,30.841898594116937
2540,253.905078,31.186592347798115
2541,254.00508000000002,31.039381915140332
2542,254.10508199999998,30.77473473353307
2543,254.205084,30.84624208863007
2544,254.30508600000002,30.833793672004944
2545,254.405088,30.870385096585352
2546,254.50509,30.78821337173755
2547,254.605092,30.673418586382798
2548,254.705094,30.986674591907377
2549,254.80509600000002,30.626008484771813
2550,254.905098,31.34192061416583
2551,255.0051,31.025243032799896
2552,255.10510200000002,30.768417524858584
2553,255.205104,30.80254648095853
2554,255.305106,31.189203819574754
2555,255.405108,31.043486804736286
2556,255.50511,31.038065035910428
2557,255.605112,31.039701073981405
2558,255.705114,30.665852212994363
2559,255.805116,30.331161397840358
2560,255.90511800000002,30.561847517685298
2561,256.00512,30.530816681610652
2562,256.105122,30.742998828602126
2563,256.205124,31.27127660518445
2564,256.30512600000003,31.54909960123581
2565,256.405128,31.26704626213659
2566,256.50513,31.04520846266268
2567,256.605132,31.088198122373505
2568,256.705134,30.626420108075653
2569,256.805136,30.315110489946335
2570,256.905138,30.84136152527538
2571,257.00514000000004,31.49792039938472
2572,257.105142,31.16566413578333
2573,257.205144,30.619459056709857
2574,257.30514600000004,30.489372201147553
2575,257.405148,31.05752747448589
2576,257.50515,31.114457847088115
2577,257.605152,30.861073912285743
2578,257.705154,30.675679709864536
2579,257.805156,30.853711831984555
2580,257.905158,30.742193763261387
2581,258.00516,30.932300422101147
2582,258.105162,31.38317046659592
2583,258.205164,31.145950921435233
2584,258.305166,30.89650057767931
2585,258.405168,30.802521872806995
2586,258.50517,30.684118392387557
2587,258.605172,30.746424943518964
2588,258.705174,31.045676498688753
2589,258.805176,31.155188954094623
2590,258.90517800000003,31.127403257577463
2591,259.00518,31.01452986672282
2592,259.105182,30.411473946440537
2593,259.20518400000003,30.13722061400849
2594,259.305186,30.486830941859797
2595,259.405188,30.27534924251315
2596,259.50519,30.027971070184464
2597,259.605192,30.92930209804435
2598,259.705194,30.634030090488935
2599,259.805196,30.837851020436652
2600,259.905198,30.628157226524934
2601,260.0052,30.962193106695004
2602,260.105202,31.23262305332252
2603,260.205204,30.87464072189044
2604,260.305206,30.276022385134347
2605,260.405208,29.946864952110104
2606,260.50521,30.104330249071495
2607,260.605212,30.26061501795158
2608,260.705214,30.142289800665754
2609,260.80521600000003,30.304796934900953
2610,260.905218,29.87565994447063
2611,261.00522,29.776920311753194
2612,261.105222,29.80649359188623
2613,261.20522400000004,29.526647061184516
2614,261.305226,30.167486840827557
2615,261.405228,29.933203391079616
2616,261.50523,30.437363090788885
2617,261.605232,30.122113983534756
2618,261.705234,30.050722270954523
2619,261.805236,29.806788672309263
2620,261.905238,29.882635366750264
2621,262.00524,30.281392514301956
2622,262.105242,30.60078674594341
2623,262.205244,30.64545979526199
2624,262.305246,30.80252651525522
2625,262.40524800000003,30.814415078452754
2626,262.50525,30.947327997176743
2627,262.60525199999995,30.990590546517716
2628,262.705254,31.034946145336175
2629,262.805256,30.882467030112963
2630,262.905258,30.676565313194335
2631,263.00526,30.632198075293267
2632,263.105262,30.46730120712717
2633,263.205264,30.475300458479975
2634,263.305266,30.055742767022743
2635,263.405268,30.48927317292624
2636,263.50527,30.144640941561082
2637,263.605272,30.505842932032383
2638,263.70527400000003,30.070440969636525
2639,263.805276,30.437703761703393
2640,263.905278,30.31588681572518
2641,264.00528,30.470987553325827
2642,264.105282,30.595568227633425
2643,264.205284,30.359033176610176
2644,264.305286,30.813915913873434
2645,264.405288,30.545599948718763
2646,264.50529,30.545457438600856
2647,264.605292,30.540428795210822
2648,264.705294,30.94917690698198
2649,264.80529600000006,30.778985524478845
2650,264.905298,31.051997214068823
2651,265.0053,30.769188917087753
2652,265.10530200000005,30.517592205429672
2653,265.205304,30.505283743372818
2654,265.305306,30.236145848464098
2655,265.405308,30.13647474309825
2656,265.50531,30.145713948031755
2657,265.605312,30.23575099308309
2658,265.705314,30.008524972320643
2659,265.805316,30.32517470221527
2660,265.905318,30.6609017567807
2661,266.00532,30.482374420957253
2662,266.105322,30.337315238881157
2663,266.205324,30.727862086294714
2664,266.305326,31.296842093907042
2665,266.405328,30.83775420923285
2666,266.50533,30.368163750407685
2667,266.605332,30.654514707073858
2668,266.70533400000005,30.97523724068554
2669,266.805336,31.444324754738368
2670,266.905338,31.076459049492442
2671,267.00534000000005,30.926853594607337
2672,267.105342,31.271882849991155
2673,267.20534399999997,30.906552820364375
2674,267.30534600000004,30.445259289413197
2675,267.405348,30.510607046216297
2676,267.50534999999996,30.267741982373458
2677,267.60535200000004,30.415495344436454
2678,267.705354,30.472176039873965
2679,267.805356,30.71956605677945
2680,267.90535800000004,30.615384973601536
2681,268.00536,30.498743760201318
2682,268.105362,30.982872739986913
2683,268.205364,31.2288334106275
2684,268.305366,30.824422157903783
2685,268.405368,30.24966972334714
2686,268.50536999999997,30.209340904025897
2687,268.60537200000005,30.748741373999398
2688,268.705374,30.789958040838545
2689,268.80537599999997,30.929799606472038
2690,268.90537800000004,30.738062414850422
2691,269.00538,30.296118721302893
2692,269.10538199999996,30.244399428810432
2693,269.20538400000004,30.57487977030608
2694,269.305386,30.885405831734385
2695,269.40538799999996,30.75201553872157
2696,269.50539000000003,30.20251163721787
2697,269.605392,30.836409145370187
2698,269.705394,30.867595191394788
2699,269.80539600000003,30.926671560291815
2700,269.905398,30.899856786058674
2701,270.0054,30.7767083459163
2702,270.105402,31.070839462232005
2703,270.205404,31.51280240955341
2704,270.305406,30.815153109920892
2705,270.405408,30.961253795340703
2706,270.50541000000004,31.38857696461234
2707,270.605412,31.695926585571673
2708,270.70541399999996,30.97842690725612
2709,270.80541600000004,31.273877162104608
2710,270.905418,30.898899750311266
2711,271.00541999999996,30.649458058823956
2712,271.10542200000003,30.855147995377767
2713,271.205424,30.604566028022692
2714,271.30542599999995,30.929018830495338
2715,271.40542800000003,31.325876031930044
2716,271.50543,31.298038148445272
2717,271.605432,31.579926193148193
2718,271.705434,31.315876083409844
2719,271.805436,31.001846815672334
2720,271.905438,31.35442816406608
2721,272.00544,31.264498799881217
2722,272.105442,31.54208143744824
2723,272.205444,31.72224574498829
2724,272.305446,31.552522428517705
2725,272.40544800000004,31.257522492897944
2726,272.50545,31.197635090228992
2727,272.605452,31.034768821193914
2728,272.70545400000003,30.805697514154556
2729,272.805456,31.390530781500065
2730,272.905458,31.206945383200043
2731,273.00546,31.175610505540913
2732,273.105462,31.143927525494192
2733,273.205464,31.15636626766353
2734,273.305466,31.08599712143222
2735,273.405468,30.222747702306428
2736,273.50547,30.543032087585797
2737,273.605472,30.325454023595086
2738,273.705474,30.76432769611575
2739,273.805476,30.44238688576617
2740,273.905478,30.621118453042975
2741,274.00548,30.71939472287554
2742,274.105482,30.529862522274843
2743,274.205484,30.29281831002802
2744,274.30548600000003,30.62730612961852
2745,274.405488,31.414370713361933
2746,274.50549,31.304148841885976
2747,274.605492,30.635264781836508
2748,274.705494,30.77755657391331
2749,274.805496,30.629797047604768
2750,274.905498,31.052091078157606
2751,275.0055,31.179251011333776
2752,275.105502,30.940213533351262
2753,275.205504,31.03726633890425
2754,275.305506,30.922605840576534
2755,275.40550800000005,30.935849815135807
2756,275.50551,31.16919083583763
2757,275.605512,31.23279600520186
2758,275.70551400000005,31.409651932020967
2759,275.805516,31.23137057239518
2760,275.905518,31.29844048792545
2761,276.00552000000005,31.296842247878452
2762,276.105522,31.696603864737927
2763,276.205524,31.286874085075926
2764,276.305526,31.547750197319946
2765,276.405528,31.075813189647544
2766,276.50553,31.08589655483861
2767,276.605532,30.975678882081404
2768,276.705534,31.389830311891245
2769,276.805536,31.322754045414776
2770,276.905538,31.179666701038077
2771,277.00554,31.15369404728823
2772,277.105542,30.92185795379111
2773,277.205544,30.553601038773227
2774,277.30554600000005,30.794940291262535
2775,277.405548,30.613513134685064
2776,277.50554999999997,30.3905211627999
2777,277.60555200000005,30.57907551378682
2778,277.705554,30.714419991231754
2779,277.80555599999997,30.78461811849473
2780,277.90555800000004,31.41515486906825
2781,278.00556,31.270905644857752
2782,278.105562,31.145386665203837
2783,278.20556400000004,31.44501968410489
2784,278.305566,31.14124995925294
2785,278.405568,30.95297878694864
2786,278.50557000000003,30.682694501172314
2787,278.605572,30.847556764939185
2788,278.705574,30.42580459500008
2789,278.805576,30.760839333398934
2790,278.905578,30.857368872599164
2791,279.00558,30.594855471508502
2792,279.10558199999997,31.055524783077107
2793,279.20558400000004,30.961956698121735
2794,279.305586,31.238738579121378
2795,279.40558799999997,31.197947041056064
2796,279.50559000000004,31.332958297676566
2797,279.605592,31.182965068116015
2798,279.70559399999996,30.787497550639088
2799,279.80559600000004,30.54962330254746
2800,279.905598,30.651113400875268
2801,280.0056,30.74977103725228
2802,280.10560200000003,30.730042823903894
2803,280.205604,30.584744129530698
2804,280.305606,30.699023065116897
2805,280.40560800000003,30.319037007041405
2806,280.50561,29.952073189279265
2807,280.605612,29.62663486703229
2808,280.705614,30.294644322398717
2809,280.805616,30.63526873755126
2810,280.905618,30.467605547671262
2811,281.00562,29.79356942217665
2812,281.10562200000004,30.177119848834
2813,281.205624,30.34133468398902
2814,281.30562599999996,30.51518305500403
2815,281.40562800000004,30.954451772843235
2816,281.50563,30.3909462376566
2817,281.60563199999996,30.39844974265806
2818,281.70563400000003,30.39907369000956
2819,281.805636,30.400362219698522
2820,281.90563799999995,30.694541121888502
2821,282.00564,30.756269824078895
2822,282.105642,31.02595810580717
2823,282.205644,30.95848106508639
2824,282.305646,31.150989222219355
2825,282.405648,31.227784904847265
2826,282.50565,31.452183051050767
2827,282.605652,30.564403168224334
2828,282.705654,30.694933963923656
2829,282.805656,30.689592297022408
2830,282.905658,30.996492282252163
2831,283.00566000000003,30.773155455112192
2832,283.105662,30.69531880949482
2833,283.205664,31.09882899280373
2834,283.30566600000003,30.978811589791498
2835,283.405668,30.69364768780099
2836,283.50567,30.0868811711139
2837,283.605672,30.20972572563235
2838,283.705674,30.233468265229554
2839,283.805676,30.349861652807537
2840,283.905678,30.775593710628222
2841,284.00568,30.410527774628957
2842,284.105682,30.760264358895693
2843,284.205684,30.804274223019153
2844,284.305686,30.86685055710533
2845,284.405688,30.82522169921018
2846,284.50569,30.554433631992367
2847,284.605692,30.80528166467395
2848,284.705694,30.805008050885462
2849,284.805696,30.97532351639982
2850,284.90569800000003,30.717326166837676
2851,285.0057,30.86769652323015
2852,285.105702,30.881891579282648
2853,285.205704,31.076427966519837
2854,285.305706,31.474659208898984
2855,285.405708,31.12675649331959
2856,285.50571,30.978644417256405
2857,285.605712,30.714480447963496
2858,285.705714,30.767864744882605
2859,285.805716,30.926489299193793
2860,285.905718,30.909467743397844
2861,286.00572000000005,30.99144211421285
2862,286.105722,30.665568685449678
2863,286.205724,30.92987232193103
2864,286.30572600000005,30.77826135774332
2865,286.405728,30.975627707577907
2866,286.50572999999997,30.768226719397546
2867,286.60573200000005,30.682470557782157
2868,286.705734,30.95996017643729
2869,286.805736,31.28401388281433
2870,286.905738,31.303872897759668
2871,287.00574,30.610066457437558
2872,287.105742,30.97132673492026
2873,287.205744,31.361979318131844
2874,287.305746,31.237717899983583
2875,287.405748,31.26167896228168
2876,287.50575,30.719763942225466
2877,287.605752,30.630664321475564
2878,287.705754,30.378863179401016
2879,287.805756,30.534279842377224
2880,287.90575800000005,30.774032152904212
2881,288.00576,31.513553645818778
2882,288.10576199999997,31.39024483027668
2883,288.20576400000004,31.26673694126689
2884,288.305766,30.968120917215806
2885,288.40576799999997,31.3483721916424
2886,288.50577000000004,31.314543317279405
2887,288.605772,31.531928764936616
2888,288.705774,32.34963853365142
2889,288.80577600000004,31.517991153155446
2890,288.905778,31.656471413749763
2891,289.00578,32.08913122819655
2892,289.10578200000003,31.85437187761381
2893,289.205784,31.619176103729554
2894,289.305786,31.411657904706
2895,289.405788,31.25859047387067
2896,289.50579,31.70865698591666
2897,289.605792,31.34761721801301
2898,289.70579399999997,31.36291298068109
2899,289.80579600000004,30.89229990221312
2900,289.905798,31.18705695850091
2901,290.00579999999997,31.284349374002044
2902,290.10580200000004,31.040824612636666
2903,290.205804,31.232088124252577
2904,290.30580599999996,31.11206194240753
2905,290.40580800000004,30.867830825011705
2906,290.50581,30.636950016776517
2907,290.605812,30.66934047636757
2908,290.70581400000003,30.361794456453335
2909,290.805816,30.91357430687927
2910,290.905818,31.32022840679957
2911,291.00582,31.367287870657663
2912,291.105822,30.977111078436014
2913,291.205824,30.65678598409611
2914,291.305826,30.617947210884324
2915,291.405828,30.668401300512848
2916,291.50583,30.57564916488964
2917,291.605832,30.568520828948927
2918,291.70583400000004,30.59206658233306
2919,291.805836,30.60908585399232
2920,291.905838,30.4802868228857
2921,292.00584000000003,30.726080501992758
2922,292.105842,30.57154836361685
2923,292.20584399999996,30.462606994238005
2924,292.30584600000003,30.370024193866435
2925,292.405848,30.33160081090898
2926,292.50585,30.917328621977145
2927,292.605852,30.767072337355025
2928,292.705854,30.63280697724644
2929,292.805856,30.670882103795048
2930,292.905858,30.26599297003373
2931,293.00586,29.895707625611372
2932,293.105862,30.204467945608645
2933,293.205864,30.487192100379414
2934,293.305866,30.852521075132753
2935,293.405868,30.895659281283432
2936,293.50587,30.73591868471373
2937,293.60587200000003,31.09511104280275
2938,293.705874,30.99878548626221
2939,293.805876,30.891859862698023
2940,293.90587800000003,30.715998966059512
2941,294.00588,30.450788648802146
2942,294.105882,30.798050659785865
2943,294.205884,30.810735471058255
2944,294.305886,30.62615447526471
2945,294.405888,30.87110784601268
2946,294.50589,30.138419654514255
2947,294.605892,30.318212818791533
2948,294.70589400000006,30.283046246597063
2949,294.805896,30.17280937420208
2950,294.905898,30.819801319053134
2951,295.0059,30.613562680996846
2952,295.105902,30.413387488650468
2953,295.205904,30.79168275492017
2954,295.305906,30.769803777786862
2955,295.405908,30.551704454028584
2956,295.50591000000003,30.636665239724927
2957,295.605912,30.933267067707554
2958,295.705914,31.34267741579178
2959,295.805916,31.322842722301452
2960,295.905918,31.06298632714857
2961,296.00592,30.950781069982177
2962,296.105922,30.709688922110736
2963,296.205924,30.589309264265797
2964,296.305926,30.41287404493958
2965,296.405928,30.973429717501944
2966,296.50593,31.028988806181204
2967,296.60593200000005,31.029609284878443
2968,296.705934,30.937137883931488
2969,296.805936,30.83739452765099
2970,296.90593800000005,30.877156109367064
2971,297.00594,30.87918083793547
2972,297.10594199999997,30.54697839485921
2973,297.20594400000004,30.907823197104697
2974,297.305946,30.548893290530216
2975,297.405948,30.89795344717876
2976,297.50595,31.18263564792812
2977,297.605952,30.77943787071127
2978,297.705954,31.235574486267687
2979,297.805956,31.350060683300093
2980,297.905958,31.382379507201684
2981,298.00596,30.99975055415213
2982,298.105962,31.60560077751861
2983,298.205964,31.424772957797444
2984,298.305966,31.523072944465593
2985,298.405968,31.249093006919605
2986,298.50597000000005,30.99711040047989
2987,298.605972,30.480225013241242
2988,298.70597399999997,30.764002442913586
2989,298.80597600000004,30.809571522633217
2990,298.905978,30.72542328997805
2991,299.00597999999997,30.634587102534528
2992,299.10598200000004,30.768740953014834
2993,299.205984,31.239275383744765
2994,299.305986,30.78713287561646
2995,299.40598800000004,31.300904385719978
2996,299.50599,30.943642526604087
2997,299.605992,31.307045552742153
2998,299.70599400000003,31.33383593211777
2999,299.805996,30.67368600910249
3000,299.905998,30.624929957428225
3001,300.006,30.912910369554215
3002,300.106002,30.64991963314414
3003,300.206004,30.233795262437408
3004,300.30600599999997,30.557474476565517
3005,300.40600800000004,30.96416368593435
3006,300.50601,30.70200704760683
3007,300.60601199999996,30.702338327435378
3008,300.70601400000004,30.57315729079707
3009,300.806016,30.45986120652341
3010,300.90601799999996,30.99690062643459
3011,301.00602000000003,30.874860736515018
3012,301.106022,31.04777848720801
3013,301.206024,30.687505783998272
3014,301.30602600000003,30.97884218068221
3015,301.406028,31.714115106038115
3016,301.50603,31.319543680085733
3017,301.606032,31.397495835009945
3018,301.706034,30.929270330306206
3019,301.806036,31.155888144003328
3020,301.906038,30.56371033897712
3021,302.00604,30.74995439650714
3022,302.106042,30.807954850135978
3023,302.206044,30.453665439111667
3024,302.30604600000004,30.32010499106811
3025,302.406048,30.224048532563607
3026,302.50605,30.59661614026418
3027,302.60605200000003,31.476838278994325
3028,302.706054,30.88756269236145
3029,302.80605599999996,31.4497593708426
3030,302.90605800000003,31.021787998950977
3031,303.00606,30.88920872979475
3032,303.106062,30.966002756480204
3033,303.206064,31.504888497119097
3034,303.306066,30.73265432774587
3035,303.406068,30.73963132804806
3036,303.50607,30.390605917650067
3037,303.606072,30.852911696233722
3038,303.706074,31.390019241297406
3039,303.806076,31.666977392513864
3040,303.906078,30.70477533692154
3041,304.00608,30.985174918697343
3042,304.106082,31.175166505853884
3043,304.20608400000003,31.41789919322445
3044,304.306086,31.16906119593271
3045,304.406088,30.773712723084053
3046,304.50609000000003,31.603828426342726
3047,304.606092,31.30568290951606
3048,304.706094,31.249345683075695
3049,304.806096,31.717750559627426
3050,304.906098,32.13139872955024
3051,305.00610000000006,31.910623229270875
3052,305.106102,31.72402767105709
3053,305.206104,31.385504335192184
3054,305.30610600000006,31.564568914725076
3055,305.406108,31.20147274684829
3056,305.50611,31.451132434073383
3057,305.606112,31.320346045244992
3058,305.706114,30.865945433669225
3059,305.806116,30.841433609948638
3060,305.906118,31.00617252372611
3061,306.00612,31.356104769372614
3062,306.106122,31.402923262340945
3063,306.206124,31.524454147802395
3064,306.306126,31.364202687442972
3065,306.406128,31.17660027321007
3066,306.50613,31.18213145072063
3067,306.606132,31.16926204586733
3068,306.706134,31.219911848727254
3069,306.806136,31.386515789472487
3070,306.90613800000006,31.585484164874565
3071,307.00614,31.960936363844183
3072,307.106142,31.789832305324996
3073,307.20614400000005,31.490560680153273
3074,307.306146,31.321686981637693
3075,307.406148,31.530165464916035
3076,307.50615000000005,31.25141641605254
3077,307.606152,31.308471549423892
3078,307.70615399999997,31.21645480248244
3079,307.80615600000004,31.51274401863774
3080,307.906158,31.421372562008862
3081,308.00616,31.540863612581667
3082,308.106162,31.50300122596542
3083,308.206164,31.29535598041786
3084,308.306166,31.25420402008262
3085,308.406168,31.042973896293333
3086,308.50617,31.47183444781992
3087,308.606172,31.664480815799052
3088,308.706174,31.287377993234603
3089,308.806176,30.944130944804837
3090,308.906178,31.2846143917108
3091,309.00618,31.163640948115308
3092,309.10618200000005,30.942259827392263
3093,309.206184,30.9703706776687
3094,309.30618599999997,31.293203852064085
3095,309.40618800000004,30.510488322476476
3096,309.50619,31.435058091110584
3097,309.60619199999996,31.39884036014804
3098,309.70619400000004,31.813669266048567
3099,309.806196,31.777070802373526
3100,309.906198,32.09727612805322
3101,310.00620000000004,31.441929554093047
3102,310.106202,31.629766478472877
3103,310.206204,31.15616689618571
3104,310.30620600000003,31.090390866835683
3105,310.406208,30.84080133629352
3106,310.50621,31.189706382465197
3107,310.606212,31.503888763513586
3108,310.706214,31.641006399583272
3109,310.806216,31.226831821090435
3110,310.90621799999997,31.098151989090926
3111,311.00622000000004,31.024018037224057
3112,311.106222,31.054846750389
3113,311.20622399999996,30.89722062443397
3114,311.30622600000004,30.97853536030149
3115,311.406228,31.228035537807358
3116,311.50622999999996,30.839366197950756
3117,311.60623200000003,30.902333096789512
3118,311.706234,30.633698701924178
3119,311.806236,30.885805924045595
3120,311.90623800000003,31.01032688563851
3121,312.00624,31.087461591877016
3122,312.106242,31.066015803646334
3123,312.206244,31.064820608125572
3124,312.306246,30.9336134667208
3125,312.406248,31.047400425637957
3126,312.50625,31.322375798653454
3127,312.606252,31.13437713024534
3128,312.706254,31.423960658435895
3129,312.806256,31.402781952248393
3130,312.90625800000004,31.71955235452341
3131,313.00626,31.679118520427412
3132,313.106262,31.688818194928324
3133,313.20626400000003,31.271200610875297
3134,313.306266,31.194003880239865
3135,313.40626799999995,30.993153752199262
3136,313.50627000000003,30.764754834919767
3137,313.606272,31.095895347351675
3138,313.706274,30.633331059832518
3139,313.806276,30.632544727631885
3140,313.906278,30.951875878270872
3141,314.00628,30.697691554461137
3142,314.106282,31.02107002595575
3143,314.206284,31.02865378763303
3144,314.306286,31.23096104306647
3145,314.406288,31.091293087138524
3146,314.50629,31.009549572282634
3147,314.606292,30.660225749934646
3148,314.706294,31.419464639678775
3149,314.80629600000003,32.03050379298775
3150,314.906298,31.590015581985337
3151,315.0063,31.45496493434276
3152,315.106302,31.768566452751646
3153,315.206304,31.760056549413612
3154,315.306306,31.361603508625805
3155,315.406308,31.336604333872227
3156,315.50631,30.90876752615824
3157,315.60631200000006,30.797321216525706
3158,315.706314,30.745450563492234
3159,315.806316,30.948166333268475
3160,315.90631800000006,30.923183149371805
3161,316.00632,31.133308636105248
3162,316.106322,31.079185045793036
3163,316.206324,30.903259331242108
3164,316.306326,30.91084687688264
3165,316.406328,31.22582028124208
3166,316.50633,30.827010215442193
3167,316.606332,30.93234964782277
3168,316.706334,30.520368095331673
3169,316.806336,31.116433995007093
3170,316.906338,31.075946803855274
3171,317.00634,30.74999802507917
3172,317.106342,30.471746386520838
3173,317.206344,30.092008122670222
3174,317.306346,30.274709030880274
3175,317.406348,30.33747131654747
3176,317.50635000000005,30.551179824464143
3177,317.606352,30.23769837362601
3178,317.706354,31.313818072866447
3179,317.80635600000005,30.95891792014466
3180,317.906358,30.95833106315513
3181,318.00636,31.12609836960346
3182,318.10636200000005,30.736271830524917
3183,318.206364,31.01808167971276
3184,318.30636599999997,31.43319616253083
3185,318.40636800000004,31.421847379198077
3186,318.50637,31.1347407221382
3187,318.606372,30.967887500613447
3188,318.706374,31.028171950703705
3189,318.806376,31.157432866797702
3190,318.906378,31.117950466855746
3191,319.00638,31.61488339291521
3192,319.106382,31.477122131803842
3193,319.206384,31.372880763544398
3194,319.306386,31.39455965827266
3195,319.40638800000005,31.26675695453525
3196,319.50639,30.746665613327053
3197,319.60639199999997,30.98709405859673
3198,319.70639400000005,31.265628510799683
3199,319.806396,31.666920100889058
3200,319.90639799999997,31.615254750490397
3201,320.00640000000004,31.374238867501493
3202,320.106402,31.140588737326258
3203,320.20640399999996,31.660406049765893
3204,320.30640600000004,31.38048681113411
3205,320.406408,31.42290283925933
3206,320.50641,31.158784907901858
3207,320.60641200000003,30.69690288522792
3208,320.706414,30.741635676540646
3209,320.806416,31.017357929796866
3210,320.90641800000003,31.16413619590689
3211,321.00642,30.877512732048398
3212,321.106422,31.315680363149212
3213,321.206424,31.353137980928135
3214,321.306426,31.077808541745465
3215,321.406428,31.23779811376514
3216,321.50642999999997,31.18100549335193
3217,321.60643200000004,31.0663639429113
3218,321.706434,31.6647401085099
3219,321.80643599999996,31.820380725488725
3220,321.90643800000004,31.614374483814284
3221,322.00644,30.84672819360943
3222,322.10644199999996,30.74271614992607
3223,322.20644400000003,31.05487671219929
3224,322.306446,31.16867763035992
3225,322.406448,30.97802574070986
3226,322.50645000000003,31.120304487949348
3227,322.606452,31.530167779965172
3228,322.706454,31.774701172172225
3229,322.806456,31.653859867939442
3230,322.906458,31.497291796290135
3231,323.00646,31.58527610474067
3232,323.106462,31.54519180113431
3233,323.206464,31.582880866244647
3234,323.306466,31.389026985807025
3235,323.406468,31.29341438497724
3236,323.50647000000004,31.398031417686017
3237,323.606472,31.376199130137305
3238,323.706474,30.921360365395977
3239,323.80647600000003,31.284112350059527
3240,323.906478,31.25413493572774
3241,324.00647999999995,31.15229318349659
3242,324.106482,31.257774214457474
3243,324.206484,31.30580337073696
3244,324.306486,31.470966892621774
3245,324.406488,31.657780334036126
3246,324.50649,31.66107107483906
3247,324.606492,31.811969707302477
3248,324.706494,31.88385350744536
3249,324.806496,31.500877255550044
3250,324.906498,31.483817215185187
3251,325.0065,31.036262761710606
3252,325.106502,31.298941658529333
3253,325.206504,31.427103320524893
3254,325.306506,30.97164755286607
3255,325.40650800000003,30.7423284250319
3256,325.50651,30.753933168495895
3257,325.606512,31.188102669520028
3258,325.706514,30.656270928510033
3259,325.806516,30.454070961491137
3260,325.906518,30.604711175088184
3261,326.00652,30.993580614615375
3262,326.106522,31.046981054903735
3263,326.20652400000006,31.50160794183732
3264,326.306526,30.99605099820337
3265,326.406528,30.72217356924938
3266,326.50653000000005,30.970627410999562
3267,326.606532,31.43598452403338
3268,326.706534,31.73188882100838
3269,326.806536,31.269629089876084
3270,326.906538,31.26488902662437
3271,327.00654,31.71633660101806
3272,327.106542,31.768345407326258
3273,327.206544,31.16714003351402
3274,327.306546,30.986860998758875
3275,327.406548,30.77625702732931
3276,327.50655,30.900787155184794
3277,327.606552,30.954632991969028
3278,327.706554,30.691178595023256
3279,327.806556,31.179628998011513
3280,327.906558,30.66243499322265
3281,328.00656,31.220925461778187
3282,328.10656200000005,30.879524348764036
3283,328.206564,31.408502089330412
3284,328.306566,31.413862190697927
3285,328.40656800000005,31.343764955072015
3286,328.50657,30.666990084788214
3287,328.60657199999997,31.208012110372547
3288,328.70657400000005,31.43080215439184
3289,328.806576,31.20101160775611
3290,328.90657799999997,31.223277016091092
3291,329.00658000000004,31.151839841431737
3292,329.106582,31.188271651342998
3293,329.206584,31.1582877946262
3294,329.30658600000004,31.317816682043023
3295,329.406588,31.164988069361044
3296,329.50659,31.41419334887479
3297,329.606592,32.15423627183135
3298,329.706594,32.06428277055358
3299,329.806596,31.752173591309578
3300,329.906598,31.468962991650162
3301,330.00660000000005,31.574161559382954
3302,330.106602,31.681516369963845
3303,330.20660399999997,31.720105356435553
3304,330.30660600000004,31.425896022402863
3305,330.406608,31.45005362113791
3306,330.50660999999997,31.327273196588518
3307,330.60661200000004,31.55748594387367
3308,330.706614,31.34233851299608
3309,330.80661599999996,31.33874748727464
3310,330.90661800000004,31.211017416003127
3311,331.00662,31.01359028074989
3312,331.106622,31.352179169594436
3313,331.20662400000003,31.528593414109583
3314,331.306626,31.28422018945638
3315,331.406628,31.72098615585375
3316,331.50663000000003,32.094874517629464
3317,331.606632,31.155647407423285
3318,331.706634,31.134034005371156
3319,331.806636,31.30158404649995
3320,331.90663800000004,31.521239426652556
3321,332.00664,31.691515703279546
3322,332.10664199999997,31.674178515563547
3323,332.20664400000004,31.575547274944363
3324,332.306646,31.442724653748602
3325,332.40664799999996,31.50856284175785
3326,332.50665000000004,31.021765457321045
3327,332.606652,30.584564361395877
3328,332.70665399999996,31.658536935159418
3329,332.80665600000003,31.895242896802962
3330,332.906658,31.327469161404636
3331,333.00666,31.345817034573287
3332,333.10666200000003,31.4597094556018
3333,333.206664,30.846553340741828
3334,333.306666,30.938627473026482
3335,333.406668,31.058579230026623
3336,333.50667,31.397755834093555
3337,333.606672,31.28124547532898
3338,333.706674,31.524290722924643
3339,333.80667600000004,31.237988089547347
3340,333.906678,31.49399911262634
3341,334.00668,31.391684482975588
3342,334.10668200000003,31.311334784756443
3343,334.206684,31.32985626747971
3344,334.306686,30.73617146003595
3345,334.40668800000003,31.33520073151889
3346,334.50669,31.128246633974907
3347,334.60669199999995,30.968587233972315
3348,334.706694,30.930888768623397
3349,334.806696,30.838036425529882
3350,334.906698,30.502106366098577
3351,335.0067,30.76991841762334
3352,335.106702,30.75003647283147
3353,335.206704,31.267175735674634
3354,335.306706,31.356929765284317
3355,335.406708,31.214865347416303
3356,335.50671,31.6163341093386
3357,335.606712,31.070679185105565
3358,335.706714,31.130445235129933
3359,335.806716,31.070917947110125
3360,335.906718,30.83371317310307
3361,336.00672000000003,30.881268235556334
3362,336.106722,30.90466602947869
3363,336.206724,31.05148453349733
3364,336.306726,30.92872926804604
3365,336.406728,31.279211833026398
3366,336.50673,30.893885521498923
3367,336.606732,31.058243650756694
3368,336.706734,31.318221419183974
3369,336.80673600000006,31.55560344213192
3370,336.906738,31.09655431077377
3371,337.00674,31.06679780407055
3372,337.10674200000005,30.903785247653108
3373,337.206744,31.02298004745713
3374,337.306746,30.811919325217175
3375,337.406748,30.946947539009557
3376,337.50675,30.89739223785333
3377,337.606752,30.441856187321648
3378,337.706754,30.386476927757865
3379,337.806756,30.768281749324185
3380,337.906758,30.341752831170655
3381,338.00676,30.34217851539757
3382,338.106762,30.43160142226202
3383,338.206764,30.39890453158461
3384,338.306766,30.26298591502884
3385,338.406768,30.482161148616104
3386,338.50677,30.123817755594047
3387,338.606772,30.440867065524422
3388,338.70677400000005,30.376462874141353
3389,338.806776,30.351852797431324
3390,338.906778,30.392554597923056
3391,339.00678000000005,30.818284150829065
3392,339.106782,30.4959517386778
3393,339.20678399999997,30.268414213029597
3394,339.30678600000005,30.055816254858485
3395,339.406788,30.481688018504094
3396,339.50678999999997,30.231358017168642
3397,339.60679200000004,30.29312833369867
3398,339.706794,30.319887581905018
3399,339.806796,30.389413758290864
3400,339.90679800000004,30.473790114745388
3401,340.0068,30.744347661919416
3402,340.106802,30.533246690508022
3403,340.206804,30.072711552128606
3404,340.306806,30.588393139895096
3405,340.406808,30.602114041050257
3406,340.50681,30.643243194486917
3407,340.60681200000005,31.127176044595057
3408,340.706814,31.29655784392628
3409,340.80681599999997,31.21811867960543
3410,340.90681800000004,31.28094359517591
3411,341.00682,31.34164866374004
3412,341.10682199999997,31.151671665119874
3413,341.20682400000004,30.926220630921673
3414,341.306826,30.962064707677204
3415,341.40682799999996,31.04344951537583
3416,341.50683000000004,30.653565375704467
3417,341.606832,31.3064337188518
3418,341.706834,31.108579138967826
3419,341.80683600000003,31.069899059937786
3420,341.906838,31.384159716637793
3421,342.00684,31.488158665363777
3422,342.10684200000003,31.013179135082027
3423,342.206844,30.59161017674561
3424,342.306846,30.682232091043037
3425,342.406848,30.221635059701658
3426,342.50685000000004,30.43843367646899
3427,342.606852,30.189648400424023
3428,342.70685399999996,30.330011474835427
3429,342.80685600000004,30.40341702801706
3430,342.906858,30.591641921910913
3431,343.00685999999996,30.9433217695638
3432,343.10686200000004,31.143087215437884
3433,343.206864,31.221508788148455
3434,343.30686599999996,31.463216573975128
3435,343.40686800000003,31.562992030130967
3436,343.50687,32.0421559737061
3437,343.606872,31.729597999928874
3438,343.706874,31.32320262544439
3439,343.806876,31.484525961299905
3440,343.906878,30.776374707013215
3441,344.00688,31.352625515657092
3442,344.106882,31.28905061933978
3443,344.206884,31.526383964776485
3444,344.306886,31.521539319594545
3445,344.40688800000004,30.854607024496286
3446,344.50689,31.46447181242623
3447,344.606892,31.156788014933696
3448,344.70689400000003,31.302393802919998
3449,344.806896,31.388517908753258
3450,344.906898,31.26822890744639
3451,345.00690000000003,30.899101721362772
3452,345.106902,31.64700057785623
3453,345.206904,31.86273601745149
3454,345.306906,31.598014669555972
3455,345.406908,31.75148200398199
3456,345.50691,31.688057581771858
3457,345.606912,31.176515608518798
3458,345.706914,31.620895040684875
3459,345.806916,31.302953161162343
3460,345.906918,31.432518094760194
3461,346.00692,31.18711829898306
3462,346.106922,30.933521663577086
3463,346.206924,31.07842067279291
3464,346.30692600000003,31.320196764010646
3465,346.406928,30.521762389261696
3466,346.50693,31.46011760344859
3467,346.60693200000003,31.264313617572803
3468,346.706934,30.95179033651423
3469,346.806936,31.217324720196064
3470,346.906938,31.37467036956787
3471,347.00694,31.226326081799115
3472,347.106942,31.116860104126797
3473,347.206944,31.7962637727963
3474,347.306946,30.83744280624505
3475,347.40694800000006,31.456806419805968
3476,347.50695,31.046883246583054
3477,347.606952,31.081574787164627
3478,347.70695400000005,30.955225470207456
3479,347.806956,31.31654207422503
3480,347.906958,31.153854390454356
3481,348.00696000000005,31.069980386279212
3482,348.106962,30.747061335385773
3483,348.206964,30.80303334032922
3484,348.306966,30.927491995953506
3485,348.406968,31.191001499284692
3486,348.50697,31.27140734732388
3487,348.606972,31.514662883326373
3488,348.706974,31.595286094816938
3489,348.806976,31.491554702281075
3490,348.906978,31.44176633610596
3491,349.00698,31.268980607982808
3492,349.106982,31.65845362028111
3493,349.206984,31.151653630056146
3494,349.30698600000005,31.34250064651365
3495,349.406988,31.126692479072748
3496,349.50699,31.230157168607235
3497,349.60699200000005,31.91953104895955
3498,349.706994,31.408874367752652
3499,349.80699599999997,31.803353855832416
3500,349.90699800000004,31.83632985586663
3501,350.007,31.44483515508396
3502,350.10700199999997,31.822668214646583
3503,350.20700400000004,31.731894668799733
3504,350.307006,31.004112252603836
3505,350.407008,31.209565077529938
3506,350.50701000000004,30.8307881395901
3507,350.607012,31.43202778613297
3508,350.707014,31.240807358209764
3509,350.807016,31.3665143831274
3510,350.907018,31.228222960452584
3511,351.00702,31.11744267382997
3512,351.107022,31.26927928312198
3513,351.20702400000005,31.27474475134996
3514,351.307026,31.671704519641303
3515,351.40702799999997,30.816530784063183
3516,351.50703000000004,30.75293624279328
3517,351.607032,30.95539141685122
3518,351.70703399999996,31.01954801389034
3519,351.80703600000004,30.89451451861194
3520,351.907038,31.039488829606395
3521,352.00703999999996,30.717996818745647
3522,352.10704200000004,30.768365343804334
3523,352.207044,31.598069036381855
3524,352.307046,31.711149890676765
3525,352.40704800000003,31.61083633919135
3526,352.50705,31.804106809933824
3527,352.607052,31.838143619145
3528,352.707054,31.139676062906208
3529,352.807056,30.971263797310474
3530,352.907058,31.23350822424657
3531,353.00706,31.312954656264356
3532,353.10706200000004,31.389570357850168
3533,353.207064,30.99502960857751
3534,353.30706599999996,31.382709586050062
3535,353.40706800000004,30.78533149424118
3536,353.50707,30.914344048930804
3537,353.60707199999996,30.76074319131283
3538,353.70707400000003,31.05878022804677
3539,353.807076,30.90333730346891
3540,353.90707799999996,30.77127861065256
3541,354.00708000000003,30.63872706923747
3542,354.107082,31.047542174792596
3543,354.207084,31.436334879779285
3544,354.307086,31.41703286983986
3545,354.407088,31.507706126053375
3546,354.50709,31.43199271506082
3547,354.607092,30.979624223186285
3548,354.707094,30.501562112994414
3549,354.807096,30.593092920648385
3550,354.907098,30.711904451626985
3551,355.00710000000004,30.874610288278458
3552,355.107102,30.96875988437053
3553,355.207104,31.11179704119924
3554,355.30710600000003,30.796311879762463
3555,355.407108,30.32758526446665
3556,355.50711,30.41118808430726
3557,355.60711200000003,30.789393721009073
3558,355.707114,31.302971249624264
3559,355.807116,31.625522064034477
3560,355.907118,31.76512874840553
3561,356.00712,31.584491207421383
3562,356.107122,31.131788797883665
3563,356.207124,31.042934986832456
3564,356.307126,30.700565838864957
3565,356.407128,30.968701462345802
3566,356.50713,30.794145844070716
3567,356.607132,31.209113246282705
3568,356.707134,31.444530938172353
3569,356.807136,30.7323222784087
3570,356.90713800000003,31.239418244520124
3571,357.00714,31.24004044093301
3572,357.107142,30.96190251919992
3573,357.207144,30.65756315832148
3574,357.307146,30.98668814724482
3575,357.407148,31.378204446930486
3576,357.50715,31.237661710668856
3577,357.607152,30.94187016996378
3578,357.707154,31.196918356549933
3579,357.807156,30.957768493018293
3580,357.907158,31.59283295058743
3581,358.00716000000006,31.58219838689636
3582,358.107162,31.36626943882719
3583,358.207164,31.773981417420902
3584,358.30716600000005,31.803328535283384
3585,358.407168,31.62503640950038
3586,358.50717,31.866387235438822
3587,358.60717200000005,31.82720571372052
3588,358.707174,31.76330189754637
3589,358.807176,31.699735239802862
3590,358.907178,30.999812683799323
3591,359.00718,31.43475068912976
3592,359.107182,31.0762547647191
3593,359.207184,31.036151356926073
3594,359.307186,31.839339927644478
3595,359.407188,31.47858242412104
3596,359.50719,31.21296350685733
3597,359.607192,31.99853862091758
3598,359.707194,31.714540179393
3599,359.807196,32.12536487988543
3600,359.90719800000005,31.76731104946121
3601,360.0072,31.829184461071183
3602,360.107202,31.364040195634093
3603,360.20720400000005,31.205361384648374
3604,360.307206,31.28077727334855
3605,360.40720799999997,31.68330254556469
3606,360.50721000000004,31.689637752043428
3607,360.607212,31.39719438400351
3608,360.707214,31.37951068082376
3609,360.80721600000004,30.714754691918433
3610,360.907218,31.13756746701383
3611,361.00722,31.015593949677495
3612,361.10722200000004,31.575289608162805
3613,361.207224,30.901208823285053
3614,361.307226,30.918578834776177
3615,361.407228,31.56262547040991
3616,361.50723,31.590593049722628
3617,361.607232,31.488783414916043
3618,361.70723399999997,31.289245159380993
3619,361.80723600000005,31.071913351591615
3620,361.907238,31.48323966245737
3621,362.00723999999997,30.830945870584532
3622,362.10724200000004,30.95798963576704
3623,362.207244,30.600349745387977
3624,362.30724599999996,30.72814807075971
3625,362.40724800000004,31.43010792489933
3626,362.50725,31.2687317803545
3627,362.60725199999996,31.59678374687269
3628,362.70725400000003,31.465540659078336
3629,362.807256,31.55231883118886
3630,362.907258,31.473963578298953
3631,363.00726000000003,31.276938947255537
3632,363.107262,30.975002551215415
3633,363.207264,31.714485120904257
3634,363.307266,31.60384026100749
3635,363.407268,31.04238127964988
3636,363.50727,30.996074411531946
3637,363.607272,31.60414111895465
3638,363.70727400000004,31.765244488988436
3639,363.807276,31.179331234271867
3640,363.907278,31.337048175882757
3641,364.00728000000004,31.412905520223557
3642,364.107282,31.5905749248203
3643,364.20728399999996,31.46637500804906
3644,364.30728600000003,31.73485377357869
3645,364.407288,31.30588414356895
3646,364.50728999999995,30.895963049916915
3647,364.60729200000003,30.712825935569647
3648,364.707294,30.777039447558803
3649,364.807296,31.205435478534884
3650,364.907298,31.307723405162644
3651,365.0073,31.19330583452236
3652,365.107302,31.069808914407645
3653,365.207304,31.001841843549446
3654,365.307306,31.32781361715493
3655,365.407308,31.140824455321887
3656,365.50731,31.64811482856824
3657,365.60731200000004,31.994738404971333
3658,365.707314,31.72487697685924
3659,365.807316,31.634490860384602
3660,365.90731800000003,31.935957264468307
3661,366.00732,32.075668037788176
3662,366.107322,32.10108798921439
3663,366.207324,31.723119085410914
3664,366.307326,32.09627450434997
3665,366.407328,32.0575682778294
3666,366.50733,31.15558748444996
3667,366.607332,31.185253768558827
3668,366.70733400000006,31.601831954245366
3669,366.807336,31.754153051287904
3670,366.907338,31.491826041459834
3671,367.00734,31.177079193134727
3672,367.107342,31.5669259007395
3673,367.207344,31.730020736680526
3674,367.307346,31.763104370655075
3675,367.407348,31.924230935588195
3676,367.50735000000003,31.764777403815874
3677,367.607352,31.13745110628574
3678,367.707354,31.321395035460707
3679,367.807356,31.404609051442936
3680,367.907358,31.747651790825564
3681,368.00736,31.248477132025403
3682,368.107362,31.621553445774524
3683,368.207364,31.253922583882833
3684,368.307366,31.114646195278677
3685,368.407368,30.96891161329356
3686,368.50737,30.513983830488346
3687,368.60737200000005,30.86419921395914
3688,368.707374,31.560527594021107
3689,368.807376,30.97231668769379
3690,368.90737800000005,30.85096354237168
3691,369.00738,30.747948027593416
3692,369.107382,30.895911573835992
3693,369.20738400000005,31.129180652663077
3694,369.307386,30.8072981188534
3695,369.407388,30.71739108819563
3696,369.50739,31.24071760978847
3697,369.607392,31.899146299473838
3698,369.707394,31.722265412207847
3699,369.807396,31.60595018400958
3700,369.907398,31.390981711509824
3701,370.0074,31.64277783901543
3702,370.107402,31.484772815990954
3703,370.207404,31.787047628376943
3704,370.307406,31.731134577654256
3705,370.407408,31.53174788633749
3706,370.50741000000005,31.338618721002998
3707,370.607412,31.20886422416639
3708,370.70741399999997,31.394933039357213
3709,370.80741600000005,31.153235958519186
3710,370.907418,31.613988965447735
3711,371.00741999999997,31.844576348178258
3712,371.10742200000004,31.817077868356954
3713,371.207424,31.81833685479867
3714,371.307426,31.944625819277558
3715,371.40742800000004,32.07109996936211
3716,371.50743,31.967746563523896
3717,371.607432,31.592390366987456
3718,371.70743400000003,31.520963812826587
3719,371.807436,31.691000352709153
3720,371.907438,31.860144941064192
3721,372.00744,31.947971565046497
3722,372.107442,32.34657732211108
3723,372.207444,31.855563090988557
3724,372.30744599999997,31.87258331448778
3725,372.40744800000004,31.623645205471767
3726,372.50745,31.519989607284895
3727,372.60745199999997,32.08282422541436
3728,372.70745400000004,32.189594429159534
3729,372.807456,31.985552803187403
3730,372.90745799999996,32.0899927797431
3731,373.00746000000004,31.704104062320756
3732,373.107462,31.889969913056632
3733,373.207464,31.84670949031597
3734,373.30746600000003,31.551346509904377
3735,373.407468,31.913478229580143
3736,373.50747,31.855105509915813
3737,373.60747200000003,32.018722581930426
3738,373.707474,31.648985543352246
3739,373.807476,32.130236148607956
3740,373.907478,32.01230241670537
3741,374.00748,31.366721121615207
3742,374.107482,31.64733272849871
3743,374.207484,32.27336539772356
3744,374.30748600000004,32.11754652435779
3745,374.407488,32.06941288189479
3746,374.50749,31.742830914688334
3747,374.60749200000004,31.804469776165757
3748,374.707494,31.96095870305626
3749,374.80749599999996,31.74208131053359
3750,374.90749800000003,31.487784035848474
3751,375.0075,31.360843457003025
3752,375.107502,31.574608280838845
3753,375.20750400000003,31.76427675504774
3754,375.307506,31.403362048547034
3755,375.407508,31.49818501580899
3756,375.50751,31.946367789981792
3757,375.607512,31.434730363160675
3758,375.707514,31.786328103454586
3759,375.807516,31.759306959952863
3760,375.907518,32.03444565254066
3761,376.00752,31.72591975862295
3762,376.107522,31.947025968647335
3763,376.20752400000003,32.02805875690684
3764,376.307526,31.031031298654757
3765,376.407528,31.203951396015867
3766,376.50753000000003,31.14991603332691
3767,376.607532,31.397814091534386
3768,376.707534,31.22196356881733
3769,376.807536,31.439114032131183
3770,376.907538,31.413706208511197
3771,377.00754,31.52528387190536
3772,377.107542,31.413905780628006
3773,377.207544,31.363896125415465
3774,377.30754600000006,31.261726906774722
3775,377.407548,31.227340337934784
3776,377.50755,31.7092202858465
3777,377.607552,31.450902346657113
3778,377.707554,31.297077933420443
3779,377.807556,31.6438014611797
3780,377.907558,31.25055462429122
3781,378.00756,31.199197205584678
3782,378.10756200000003,31.597561996017074
3783,378.207564,31.177482587006505
3784,378.307566,30.788545453975434
3785,378.407568,31.05313876307789
3786,378.50757,30.922504632624243
3787,378.607572,30.997115877108154
3788,378.707574,30.753396407477858
3789,378.807576,31.059792555048293
3790,378.907578,31.577158897666184
3791,379.00758,31.206570734213056
3792,379.107582,30.990871923448605
3793,379.20758400000005,31.15950893144067
3794,379.307586,30.961537119470712
3795,379.407588,31.536794929618736
3796,379.50759000000005,31.74714008651945
3797,379.607592,31.451275101082498
3798,379.707594,30.929153377815997
3799,379.80759600000005,30.858228821607913
3800,379.907598,30.81897609522937
3801,380.0076,30.661330284541407
3802,380.107602,31.121961105563564
3803,380.207604,31.162639562484937
3804,380.307606,31.193743479180824
3805,380.407608,31.547341216991523
3806,380.50761,31.40940920742403
3807,380.607612,31.440656354987254
3808,380.707614,31.233257280860645
3809,380.807616,31.160451558801704
3810,380.907618,31.59491945959382
3811,381.00762,31.51833094295771
3812,381.10762200000005,31.821387983190174
3813,381.207624,32.34306548426023
3814,381.30762599999997,31.803058896504247
3815,381.40762800000005,31.95539845221073
3816,381.50763,31.276953209724127
3817,381.60763199999997,31.782556740224557
3818,381.70763400000004,31.607435376206038
3819,381.807636,31.61647421955774
3820,381.907638,31.565054191496575
3821,382.00764000000004,32.40215643855199
3822,382.107642,31.73796597331338
3823,382.207644,31.844444619262834
3824,382.30764600000003,31.894667498225605
3825,382.407648,31.81459941507111
3826,382.50765,31.54960199688805
3827,382.60765200000003,31.086446323483372
3828,382.707654,31.603302977513728
3829,382.807656,31.407679031786877
3830,382.90765799999997,31.661834321915695
3831,383.00766000000004,31.484158938500812
3832,383.107662,31.519415398739362
3833,383.20766399999997,31.565937718998775
3834,383.30766600000004,31.479873566362574
3835,383.407668,31.423976938632123
3836,383.50766999999996,31.565560545996426
3837,383.60767200000004,31.70398185716277
3838,383.707674,31.073289135317065
3839,383.807676,31.050609361498385
3840,383.90767800000003,31.176431821162623
3841,384.00768,31.34295362712945
3842,384.107682,32.06540174739476
3843,384.20768400000003,31.184485149439986
3844,384.307686,31.881344615091002
3845,384.407688,31.744351051314183
3846,384.50769,31.954885046190856
3847,384.607692,31.619496982273965
3848,384.707694,31.431954611331022
3849,384.807696,31.3237931355761
3850,384.90769800000004,31.257173665408974
3851,385.0077,30.926602017777274
3852,385.107702,30.83951461537504
3853,385.20770400000004,30.97561888545282
3854,385.307706,30.84599418403308
3855,385.40770799999996,31.34835416897666
3856,385.50771000000003,30.50800374778737
3857,385.607712,30.79736950644811
3858,385.707714,31.13078875017026
3859,385.807716,31.31801278020434
3860,385.907718,31.13244407081859
3861,386.00772,31.16849859613524
3862,386.107722,31.477154469536213
3863,386.207724,31.77997633281621
3864,386.307726,31.38952908457991
3865,386.407728,32.35015781741127
3866,386.50773,31.851997348561962
3867,386.607732,31.79229831831274
3868,386.707734,31.952961516622917
3869,386.80773600000003,31.628493564759463
3870,386.907738,31.479381646237275
3871,387.00774,31.112172604244254
3872,387.10774200000003,31.762352271309066
3873,387.207744,31.901061738919033
3874,387.307746,31.676914853298275
3875,387.407748,31.552428267046675
3876,387.50775,31.290922856427308
3877,387.60775200000006,31.626147195570496
3878,387.707754,31.65744674498255
3879,387.807756,31.172963461784335
3880,387.90775800000006,31.021774377114664
3881,388.00776,31.505337732341744
3882,388.107762,31.521011962962806
3883,388.207764,31.613504678646663
3884,388.307766,31.777406321634714
3885,388.407768,31.910049818282612
3886,388.50777,32.133880011121136
3887,388.607772,31.58347618726296
3888,388.70777400000003,31.655893147005596
3889,388.807776,31.6932544235162
3890,388.907778,31.719746657433376
3891,389.00778,30.990730738209745
3892,389.107782,30.902831474339052
3893,389.207784,31.491567948588653
3894,389.307786,31.507820415614216
3895,389.407788,31.78927277100982
3896,389.50779,31.758421027688723
3897,389.607792,31.488649424548633
3898,389.707794,31.60153982096996
3899,389.80779600000005,31.507219989833853
3900,389.907798,31.52977064990626
3901,390.0078,31.16592913930137
3902,390.10780200000005,31.288917346787994
3903,390.207804,31.47030075714913
3904,390.30780599999997,31.17097640985251
3905,390.40780800000005,31.36454697519782
3906,390.50781,31.20939768119282
3907,390.607812,30.9568607422125
3908,390.707814,30.901487593380374
3909,390.807816,30.88892902490924
3910,390.907818,30.75265782558229
3911,391.00782,30.577206585509952
3912,391.107822,31.041073643561937
3913,391.207824,31.156222058492947
3914,391.307826,30.573025883950244
3915,391.407828,30.81874535194675
3916,391.50783,30.811465155403525
3917,391.607832,30.96452663347806
3918,391.70783400000005,31.32871256586757
3919,391.807836,31.06287002489347
3920,391.90783799999997,30.776544317400997
3921,392.00784000000004,30.632438416926245
3922,392.107842,31.126412976839596
3923,392.20784399999997,31.227975004449814
3924,392.30784600000004,31.565827459988174
3925,392.407848,31.31812610837382
3926,392.50785,31.123237768003573
3927,392.60785200000004,30.9032609403614
3928,392.707854,30.81073588310089
3929,392.807856,30.482102261084624
3930,392.90785800000003,31.160825379474883
3931,393.00786,31.307555475111297
3932,393.107862,31.41643577605035
3933,393.20786400000003,31.0707995016343
3934,393.307866,31.126706048618964
3935,393.407868,30.964591007548474
3936,393.50786999999997,30.94975924972763
3937,393.60787200000004,30.722164996946056
3938,393.707874,30.741431565538914
3939,393.80787599999996,30.48042921889389
3940,393.90787800000004,30.965968373789757
3941,394.00788,30.915286866586264
3942,394.10788199999996,30.954641332289835
3943,394.20788400000004,30.651557618220235
3944,394.307886,30.771902187000478
3945,394.407888,30.532966429233905
3946,394.50789000000003,30.886311218255234
3947,394.607892,31.127793361465944
3948,394.707894,30.804531815559343
3949,394.807896,30.79976915366572
3950,394.907898,31.097943312926102
3951,395.0079,31.042674227562888
3952,395.107902,31.185211733448508
3953,395.207904,31.322360716317775
3954,395.307906,30.91497537479571
3955,395.407908,30.975608135002574
3956,395.50791000000004,30.58336780867985
3957,395.607912,31.07610251403142
3958,395.707914,30.841352251138133
3959,395.80791600000003,30.692979789339567
3960,395.907918,30.454553652823254
3961,396.00791999999996,30.625972512850055
3962,396.10792200000003,30.24874933866103
3963,396.207924,30.73105717539491
3964,396.307926,30.283382554428133
3965,396.407928,30.08301102067652
3966,396.50793,30.027322910435547
3967,396.607932,30.42867014927091
3968,396.707934,30.689539510472894
3969,396.807936,30.642474481700802
3970,396.907938,30.773589382977917
3971,397.00794,30.758465168804307
3972,397.107942,30.52746744570755
3973,397.207944,30.561001613545358
3974,397.307946,30.430840852811226
3975,397.40794800000003,30.60870704254769
3976,397.50795,30.328310676972414
3977,397.607952,30.583469077050516
3978,397.70795400000003,30.421801123964244
3979,397.807956,30.405938634896174
3980,397.907958,30.324287451577167
3981,398.00796,30.53266861863058
3982,398.107962,30.966699958439065
3983,398.20796400000006,31.11359478681959
3984,398.307966,31.0440973940485
3985,398.407968,31.46006949107354
3986,398.50797000000006,31.20153778384466
3987,398.607972,30.88258514358901
3988,398.707974,30.853946156418274
3989,398.807976,30.922841622837744
3990,398.907978,30.810380670209106
3991,399.00798,31.281755404673135
3992,399.107982,31.05946199215156
3993,399.207984,30.49543693240411
3994,399.307986,30.90155825228832
3995,399.407988,30.832188197037606
3996,399.50799,30.78048032681004
3997,399.607992,31.127280845613054
3998,399.707994,30.72503977286218
3999,399.807996,30.426057211937817
4000,399.907998,30.252807455472407
4001,400.000014,30.12801979477174
