Frame,Time (ns),Radius of Gyration
1,0.0,9.423265043680306
2,0.100002,9.32603018396932
3,0.200004,9.551786202274963
4,0.30000600000000005,9.759674655623344
5,0.400008,9.707737176013943
6,0.50001,9.587000559112292
7,0.6000120000000001,10.061456235610354
8,0.700014,9.897518876286908
9,0.800016,10.065638874367147
10,0.900018,9.935751652855286
11,1.00002,9.530253861136353
12,1.1000219999999998,9.712647967812252
13,1.2000240000000002,9.764200404949747
14,1.3000260000000001,9.63154600621331
15,1.400028,9.185587361144215
16,1.50003,9.18907433189359
17,1.600032,9.14958327728954
18,1.700034,9.334480210502125
19,1.800036,9.306485513074358
20,1.9000380000000001,9.28444838444637
21,2.00004,9.216989842182523
22,2.1000419999999997,9.192494087564603
23,2.2000439999999997,9.31630688482919
24,2.300046,9.066819266625565
25,2.4000480000000004,9.039160479621271
26,2.5000500000000003,9.171408264374534
27,2.6000520000000003,9.484799301157649
28,2.700054,9.438847088601168
29,2.800056,9.390675482881857
30,2.900058,9.69803370580819
31,3.00006,9.498324470848553
32,3.100062,9.588091716724021
33,3.200064,9.436805175892083
34,3.300066,9.197409952038676
35,3.400068,9.365051482280297
36,3.50007,9.127820971000306
37,3.600072,9.142572597850256
38,3.700074,9.417700357933022
39,3.8000760000000002,9.51357959425948
40,3.900078,9.315693047784688
41,4.00008,9.135441556956007
42,4.1000820000000004,9.084050711184776
43,4.2000839999999995,9.200774206147074
44,4.300086,9.249091169472202
45,4.400087999999999,9.608979978231357
46,4.50009,9.33452334095983
47,4.600092,9.463169857746808
48,4.700094,9.407061530580192
49,4.800096000000001,9.298060219771948
50,4.900098,9.463758740467615
51,5.000100000000001,9.435637311803035
52,5.100102,9.640235668673537
53,5.2001040000000005,9.88448393483424
54,5.3001059999999995,9.520714862226804
55,5.400108,9.60271438828821
56,5.500109999999999,9.716997442514844
57,5.600112,9.387606455334824
58,5.700114,9.522256586379784
59,5.800116,10.039018062369136
60,5.900118,9.937265021600899
61,6.00012,9.930468452311949
62,6.100122000000001,9.95208252102839
63,6.200124,9.660349329623667
64,6.300126000000001,9.755352346817162
65,6.400128,9.47405219519301
66,6.50013,9.611428507219443
67,6.600132,9.799996740519875
68,6.700134,9.432320895564494
69,6.800136,9.650022277143506
70,6.900138,9.504206958467122
71,7.00014,9.712720583530755
72,7.100142,9.804104951462943
73,7.200144,9.50994541920221
74,7.300146,9.519291750930726
75,7.400148,9.699850317007783
76,7.5001500000000005,9.499849263264135
77,7.6001520000000005,9.522451769576977
78,7.700154,9.711521015992535
79,7.800156,9.535662781244026
80,7.900158,9.480311177493624
81,8.00016,9.619576072260468
82,8.100162000000001,9.644383529174506
83,8.200164000000001,9.693847246247394
84,8.300166,9.558845158120302
85,8.400167999999999,9.441088464924755
86,8.50017,9.553310578024218
87,8.600172,9.47236099482548
88,8.700174,9.782642479895001
89,8.800175999999999,9.652221479370423
90,8.900178,9.345249560820724
91,9.00018,9.38667940729817
92,9.100182,9.510337294588398
93,9.200184,9.431927000057247
94,9.300186,9.518448974902881
95,9.400188,9.32969337806688
96,9.50019,9.67987896644593
97,9.600192000000002,9.62995849232464
98,9.700194,9.498030100054029
99,9.800196,9.594103881519398
100,9.900198,9.535063829325965
101,10.000200000000001,9.400609103154732
102,10.100202,9.515167529896283
103,10.200204,9.560410850483118
104,10.300206,9.58063847130371
105,10.400208000000001,9.603114468895667
106,10.500210000000001,9.5478381881882
107,10.600211999999999,9.439062997814167
108,10.700214,9.548428355892698
109,10.800216,10.02176216413821
110,10.900218,9.792136917147143
111,11.000219999999999,9.994167125477638
112,11.100222,9.760139188014417
113,11.200224,9.564679513454836
114,11.300226,9.90402986962925
115,11.400228,9.85796720611885
116,11.50023,9.766324179941135
117,11.600232,9.857108049995674
118,11.700234,9.767200369332173
119,11.800236,9.525540457946702
120,11.900238,9.862214332458784
121,12.00024,9.910047289809546
122,12.100242,10.001321940437176
123,12.200244000000001,10.0820117326182
124,12.300246000000001,9.955467255463354
125,12.400248,9.815741863456248
126,12.50025,9.9167243378208
127,12.600252000000001,10.071589400535343
128,12.700254000000001,9.827505294774522
129,12.800256,9.963056403000644
130,12.900258,9.991180450482743
131,13.00026,9.975442284713544
132,13.100262,10.046545486831793
133,13.200264,10.031554302442437
134,13.300265999999999,10.218952959889586
135,13.400268,9.925091444514825
136,13.50027,9.959957642095118
137,13.600272,10.262833904234595
138,13.700274,10.452489486016363
139,13.800276,10.371889864677657
140,13.900278,10.236074403689564
141,14.00028,10.013008965935553
142,14.100282000000002,10.195182209508852
143,14.200284,10.307488096648072
144,14.300286,9.845612286668727
145,14.400288,10.003804461833171
146,14.500290000000001,9.708819038940456
147,14.600292,9.536741922983571
148,14.700294,9.606172937380625
149,14.800296,9.34879409704685
150,14.900298000000001,9.470315248492078
151,15.000300000000001,9.562349072021405
152,15.100302,9.607972640690683
153,15.200304000000001,9.50115160720165
154,15.300306,9.601608049275164
155,15.400308,9.513720176740925
156,15.500309999999999,9.710944429727105
157,15.600312,9.915079064452605
158,15.700314,9.844900412571052
159,15.800316,9.773790330345212
160,15.900318,9.873059042447071
161,16.00032,9.698239218374026
162,16.100322,9.782664882817535
163,16.200324000000002,9.602800612968924
164,16.300326000000002,9.710476132750873
165,16.400328000000002,9.696132614852159
166,16.50033,9.775028860248936
167,16.600332,9.676512351475514
168,16.700333999999998,9.723780908142315
169,16.800335999999998,9.582656817292198
170,16.900338,9.87085326905786
171,17.00034,10.07069037126251
172,17.100342,9.86701345897629
173,17.200344,9.82953715162748
174,17.300346,9.838804602510974
175,17.400348,10.011801329733817
176,17.50035,9.655852757311877
177,17.600351999999997,9.782230675626487
178,17.700354,9.994482242931495
179,17.800356,9.833185208371184
180,17.900358,9.924212969333292
181,18.00036,9.762111588150901
182,18.100362,9.692753166846462
183,18.200364,9.804781790705615
184,18.300366,9.713607733198808
185,18.400368,9.797333107476996
186,18.50037,9.786861945991882
187,18.600372,9.731314304125245
188,18.700374,9.781028098132838
189,18.800376,9.641350628277037
190,18.900378,9.417215722259511
191,19.00038,9.653833316881801
192,19.100382,9.71033995602319
193,19.200384000000003,9.934484459996938
194,19.300386,9.681513620584065
195,19.400388,9.63925365095098
196,19.50039,9.718961167369736
197,19.600392,9.545207746801918
198,19.700394,9.572640758202692
199,19.800396,9.58415739894013
200,19.900398000000003,9.710128177943314
201,20.000400000000003,9.457911419791701
202,20.100402000000003,9.597257391326647
203,20.200404,9.550376226716159
204,20.300406,9.637445678846836
205,20.400408,9.413356367527681
206,20.50041,9.674633686648093
207,20.600412,9.451307240715892
208,20.700414000000002,9.694365952674392
209,20.800416000000002,9.479997032467642
210,20.900418000000002,9.81602459026438
211,21.000420000000002,9.63412304825489
212,21.100422,9.74183513043457
213,21.200423999999998,9.558881252919331
214,21.300425999999998,9.66930898368261
215,21.400428,9.565961526055892
216,21.50043,9.657948319145962
217,21.600432,9.611231475434652
218,21.700434,9.594186277980473
219,21.800436,9.497771704306249
220,21.900438,9.662573056776496
221,22.000439999999998,9.50518977121974
222,22.100441999999997,9.64279966513641
223,22.200444,9.65223915579791
224,22.300446,9.585477471652453
225,22.400448,9.491827996463716
226,22.50045,9.605395540135513
227,22.600452,9.502789207288869
228,22.700454,9.761452248195809
229,22.800456,9.757744960975076
230,22.900458,9.92374508765858
231,23.00046,9.640282037002928
232,23.100462,9.566789328619961
233,23.200464,9.552573375214177
234,23.300466,9.522012212657263
235,23.400468,9.672676172109437
236,23.50047,9.576512714321478
237,23.600472,9.772708474144357
238,23.700474000000003,9.66828557157896
239,23.800476,9.698736274826429
240,23.900478,9.578884481326188
241,24.00048,9.514042888223312
242,24.100482,9.543537273944196
243,24.200484,9.441152053719122
244,24.300486,9.50643595458273
245,24.400488000000003,9.629186397582655
246,24.500490000000003,9.47785722620838
247,24.600492000000003,9.633112209555398
248,24.700494,9.604448780583429
249,24.800496,9.560475828374559
250,24.900498,9.495303557959673
251,25.0005,9.685864692406916
252,25.100502,9.799805028600549
253,25.200504000000002,9.667821235804126
254,25.300506000000002,9.457436167835239
255,25.400508000000002,9.682566320002017
256,25.500510000000002,9.504644131629902
257,25.600512,9.633823384281719
258,25.700514,9.607200398457078
259,25.800516,9.557767890285955
260,25.900518,9.82494243510794
261,26.00052,9.493402677834721
262,26.100522,9.633738788428072
263,26.200524,9.601138481565263
264,26.300526,9.585337864514424
265,26.400528,9.80451382492601
266,26.500529999999998,9.427383136015862
267,26.600531999999998,9.558975777116292
268,26.700534,9.690160196090222
269,26.800536,9.510577575842552
270,26.900538,9.721939546411875
271,27.00054,9.704692954068843
272,27.100542,9.776807165794956
273,27.200544,9.791104025760317
274,27.300546,9.657359018104515
275,27.400548,9.79047389055557
276,27.50055,10.002639229295243
277,27.600552,9.732045310889031
278,27.700554,9.81360809140985
279,27.800556,9.645691617400518
280,27.900558,9.93454248971459
281,28.00056,9.797260732676119
282,28.100562,9.902054198076568
283,28.200564000000004,9.763203589252315
284,28.300566,9.665853223995562
285,28.400568,9.745804463583102
286,28.50057,9.916542649946704
287,28.600572,9.992918691983828
288,28.700574,9.915409282198281
289,28.800576,10.096213710395013
290,28.900578000000003,9.99661770336032
291,29.000580000000003,9.971470216996018
292,29.100582000000003,9.883683738027864
293,29.200584,9.982795057677171
294,29.300586,9.735057449415654
295,29.400588,9.728776637851364
296,29.50059,9.778664339274348
297,29.600592,9.491404039331593
298,29.700594000000002,9.424361315551298
299,29.800596000000002,9.806481131443194
300,29.900598000000002,9.77396864634097
301,30.000600000000002,9.614710715809748
302,30.100602,9.74445852815772
303,30.200604,9.732958671431389
304,30.300606,9.763836970500716
305,30.400608000000002,9.821072897340425
306,30.50061,9.846814334578067
307,30.600612,9.650059627537
308,30.700614,9.554947467949404
309,30.800616,9.738665882612484
310,30.900618,9.693414171390144
311,31.000619999999998,9.71630385611437
312,31.100621999999998,9.621741991280643
313,31.200624,9.686202352026116
314,31.300626,9.648082615243265
315,31.400628,9.748730850349624
316,31.50063,9.702937070151595
317,31.600632,9.867399292260725
318,31.700634,9.671588867494638
319,31.800636,9.898726216750633
320,31.900638,9.745408982953258
321,32.00064,9.694314539993583
322,32.100642,9.72629406441431
323,32.200644,9.707075926785045
324,32.300646,9.821648624036424
325,32.400648000000004,9.805174989795807
326,32.50065,9.623123656112519
327,32.600652000000004,9.83325185321066
328,32.700654,9.792205793759997
329,32.800656000000004,9.819827965654856
330,32.900658,9.693395052168656
331,33.00066,9.767267873971576
332,33.10066200000001,9.772090251933072
333,33.200664,9.713367247413405
334,33.300666,9.840085396643323
335,33.400667999999996,9.915444321002722
336,33.50067,9.831838623660593
337,33.600671999999996,9.753727588161496
338,33.700674,9.744594900601026
339,33.800676,9.656428099035894
340,33.900678,9.821262898623377
341,34.00068,9.94428121240846
342,34.100682,10.073281815988576
343,34.200684,9.959683090546475
344,34.300686,9.731013793706548
345,34.400688,9.772363355035496
346,34.500690000000006,9.792827734406233
347,34.600692,9.772905014718967
348,34.700694000000006,9.706455607372186
349,34.800696,9.907295298237003
350,34.900698000000006,9.914684029270402
351,35.0007,9.930163056295296
352,35.100702,9.980179164804886
353,35.200703999999995,10.023955680737275
354,35.300706,9.82503155933264
355,35.400708,9.842129607275035
356,35.50071,10.036385787951527
357,35.600712,10.046256717338784
358,35.700714,9.839085748064681
359,35.800716,9.823685318948316
360,35.900718,9.788750547550478
361,36.00072,9.541025242720295
362,36.100722000000005,9.616946180681063
363,36.200724,9.807663030022292
364,36.300726000000004,9.961109320682468
365,36.400728,9.72833757485875
366,36.500730000000004,9.762464918230583
367,36.600732,9.84165959246141
368,36.700734000000004,9.818843667018541
369,36.800736,9.866190949922048
370,36.900738,9.598601758731814
371,37.00074,9.760571432096611
372,37.100742,9.998404577404152
373,37.200744,9.73437568154646
374,37.300746,9.825448366420206
375,37.400748,10.053981245577102
376,37.50075,9.741313040883782
377,37.600752,9.785933185552826
378,37.700754,9.688236791770604
379,37.800756,9.76452250960133
380,37.900758,9.717152317877852
381,38.00076,9.695848698399107
382,38.100762,9.908713128907042
383,38.200764,9.986348070476915
384,38.300766,9.720810525672366
385,38.40076800000001,9.840838620123053
386,38.50077,9.90259724321102
387,38.600772,10.309624665763565
388,38.700773999999996,10.132041357175796
389,38.800776,10.17934013538702
390,38.900777999999995,9.952641471764796
391,39.00078,9.954605800194065
392,39.100782,10.140164287827815
393,39.200784,10.015511843082491
394,39.300786,9.914230039272947
395,39.400788,9.713198285304065
396,39.50079,9.80771023227723
397,39.600792,9.926973314777904
398,39.700794,9.787339288439911
399,39.800796000000005,9.78822022223847
400,39.900798,9.594762299519022
401,40.000800000000005,9.644192715651755
402,40.100802,9.524527693071636
403,40.200804000000005,9.567240526603008
404,40.300806,9.795478916973716
405,40.400808,9.925882714165725
406,40.500809999999994,9.954909120484526
407,40.600812,9.689246308389382
408,40.700814,9.834723983240172
409,40.800816,9.697230853627838
410,40.900818,9.76059904228206
411,41.00082,9.79469938142045
412,41.100822,9.831272645202773
413,41.200824,10.008465202666168
414,41.300826,9.706292051937071
415,41.400828000000004,9.589659946289437
416,41.50083,9.674054229742024
417,41.600832000000004,9.924586456662132
418,41.700834,9.58198467357942
419,41.800836000000004,9.695112573909357
420,41.900838,9.786169929234209
421,42.000840000000004,9.655160782718962
422,42.10084200000001,9.668736468419587
423,42.200844,9.65897603386617
424,42.300846,9.60802557654357
425,42.400847999999996,9.82724278029179
426,42.50085,9.808585037305344
427,42.600851999999996,9.42576027687273
428,42.700854,9.510313068264336
429,42.800856,9.507892240356144
430,42.900858,9.643682167873902
431,43.00086,9.84982908765147
432,43.100862,9.751108096833809
433,43.200864,9.747620336004474
434,43.300866,9.94847447318983
435,43.400868,9.899770932522845
436,43.500870000000006,9.894014102030821
437,43.600872,9.835396438554335
438,43.700874000000006,9.760635963521553
439,43.800876,9.719515277438665
440,43.900878000000006,9.574795713119236
441,44.000879999999995,9.809391414694705
442,44.100882,9.656909064232963
443,44.200883999999995,9.642771453995275
444,44.300886,9.708141448736823
445,44.400888,9.812473320750678
446,44.50089,9.622913872407674
447,44.600892,9.663929307474742
448,44.700894,9.626746356658046
449,44.800896,9.77764007035481
450,44.900898,9.719818631693556
451,45.0009,9.706808710855784
452,45.100902000000005,9.632654556489546
453,45.200904,9.485898354058335
454,45.300906000000005,9.600719950686543
455,45.400908,9.61798997847914
456,45.500910000000005,9.640211805217731
457,45.600912,9.702923550322467
458,45.700914000000004,9.687901083928724
459,45.800916,9.736710613508883
460,45.900918,9.630297186075886
461,46.00092,9.657459132225814
462,46.100922,9.584489464522903
463,46.200924,9.515638566017515
464,46.300926,9.510560713546385
465,46.400928,9.730204015526192
466,46.50093,9.881090998697838
467,46.600932,9.84189683882614
468,46.700934000000004,9.739432717742881
469,46.800936,9.84718862414433
470,46.900938000000004,9.875149210922224
471,47.00094,9.817674276026127
472,47.100942,9.904186398271488
473,47.200944,10.239984713116216
474,47.300946,10.124883790595293
475,47.40094800000001,9.864496550853193
476,47.50095,9.923537870941102
477,47.600952,9.956263774368729
478,47.700953999999996,10.012733771669938
479,47.800956,10.186648270800436
480,47.900957999999996,10.1232308756603
481,48.00096,9.945251842624952
482,48.100962,9.80147496466799
483,48.200964,9.733479552972776
484,48.300966,9.803051558827073
485,48.400968,9.884820866742437
486,48.50097,9.881811449285028
487,48.600972,10.131998527701418
488,48.700974,10.301685869718094
489,48.800976000000006,10.25701083384753
490,48.900978,10.318627698886093
491,49.000980000000006,10.40439553365536
492,49.100982,10.418387774302902
493,49.200984000000005,10.414972107809039
494,49.300986,10.37736899904982
495,49.400988,10.280941747655584
496,49.500989999999994,10.239198981494436
497,49.600992,10.264395878769724
498,49.700994,10.17125779657171
499,49.800996,10.241799130787003
500,49.900998,10.416262930329083
501,50.001,10.42579304130312
502,50.101002,10.078785629651788
503,50.201004,10.241985882885805
504,50.301006,9.897454914964934
505,50.401008000000004,9.828260617405332
506,50.50101,9.828428448089417
507,50.601012000000004,9.716304055050367
508,50.701014,9.741582176589327
509,50.801016000000004,9.72769168605321
510,50.901018,9.903181936352677
511,51.001020000000004,9.976432635457018
512,51.10102200000001,9.897969595849217
513,51.201024,9.857573352330641
514,51.301026,9.982270679720003
515,51.401028,9.881825656496575
516,51.50103,10.128196454297433
517,51.601032,10.00814336032991
518,51.701034,10.009817175123928
519,51.801036,9.899070550648574
520,51.901038,9.959960852978575
521,52.00104,9.918546937430719
522,52.101042,9.964490679906266
523,52.201044,10.025243653777025
524,52.301046,9.888463841275797
525,52.401048,10.238487065071151
526,52.501050000000006,10.026777233212743
527,52.601052,10.288047087383934
528,52.701054000000006,10.323224878556358
529,52.801056,10.292357207650129
530,52.901058000000006,10.274590659276672
531,53.001059999999995,10.214212494513454
532,53.101062,10.323980226688532
533,53.201063999999995,10.243296882177894
534,53.301066,10.523115207495781
535,53.401068,10.42605069565552
536,53.50107,9.905060116456534
537,53.601072,10.157485283217953
538,53.701074,10.30289760364836
539,53.801076,9.973636778681765
540,53.901078,10.203431039328049
541,54.00108,10.123191368759157
542,54.101082000000005,10.086356789091422
543,54.201084,10.157895262572598
544,54.301086000000005,9.960685768847044
545,54.401088,10.028627944854339
546,54.501090000000005,9.995618917798986
547,54.601092,10.406410443765559
548,54.701094000000005,10.069384597188755
549,54.801096,10.09759051840244
550,54.901098,10.24964153798029
551,55.0011,10.154982557202375
552,55.101102,10.069294422453536
553,55.201104,10.12130662829694
554,55.301106,9.993071730857764
555,55.401108,10.268093945567268
556,55.50111,10.052072619736881
557,55.601112,10.229793020542585
558,55.701114000000004,10.220057245557218
559,55.801116,10.042797782873368
560,55.901118000000004,10.09487175835401
561,56.00112,10.13461839052513
562,56.101122000000004,10.150105167557056
563,56.201124,10.230780095141162
564,56.301126000000004,10.076007955878604
565,56.40112800000001,10.172008136803209
566,56.50113,10.154434685376748
567,56.601132,10.061298723099108
568,56.701133999999996,10.016778295220115
569,56.801136,10.169237829547939
570,56.901137999999996,10.058845773518449
571,57.00114,10.106726570731672
572,57.101142,10.37577820782427
573,57.201144,10.163442254712354
574,57.301146,10.27715615797084
575,57.401148,10.228437650118158
576,57.50115,10.122411118857489
577,57.601152,10.023648331548179
578,57.701154,10.098371486159635
579,57.801156000000006,10.167701121237723
580,57.901158,9.976898873213267
581,58.001160000000006,9.8601594139261
582,58.101162,10.2398467459363
583,58.201164000000006,10.095417625462394
584,58.301166,10.154997546263896
585,58.401168,10.06560555391242
586,58.501169999999995,10.254154224554096
587,58.601172,10.220733601026707
588,58.701174,10.347522173624908
589,58.801176,10.21712853630397
590,58.901178,10.227164340238895
591,59.00118,10.32760966807773
592,59.101182,9.81762525972859
593,59.201184,10.177939553694447
594,59.301186,10.220515733645742
595,59.401188000000005,10.412678753996405
596,59.50119,10.436759012071033
597,59.601192000000005,10.00972304454103
598,59.701194,10.132327688541055
599,59.801196000000004,10.067793180058562
600,59.901198,10.129921756329933
601,60.001200000000004,10.192277188724653
602,60.10120200000001,10.37402068769065
603,60.201204,10.356404826121592
604,60.301206,9.946679264374275
605,60.401208,10.039000403882982
606,60.50121,10.189306088622452
607,60.601212,10.19851200630244
608,60.701214,10.075390672251904
609,60.801216000000004,10.013248674123789
610,60.901218,9.960758670696146
611,61.00122,9.976202920419043
612,61.101222,10.016078378186824
613,61.201224,10.081459430779958
614,61.301226,10.050650178946585
615,61.401228,10.054598508689415
616,61.50123000000001,9.860975727835806
617,61.601232,9.831860910959925
618,61.70123400000001,9.976897567448159
619,61.801236,9.891472831902716
620,61.901238000000006,10.014337685953297
621,62.001239999999996,10.101631911490808
622,62.101242,10.011777779757749
623,62.201243999999996,9.74446079701756
624,62.301246,9.928498781541725
625,62.401248,9.85175658806414
626,62.50125,9.99599888187321
627,62.601252,10.126514344075307
628,62.701254,10.36597057767934
629,62.801256,10.01013526807345
630,62.901258,10.454645816242051
631,63.00126,10.257562029198528
632,63.101262000000006,10.06355459619334
633,63.201264,9.453012443425179
634,63.301266000000005,9.70288286631986
635,63.401268,9.922588541411791
636,63.501270000000005,9.74354830946572
637,63.601272,9.871749161913511
638,63.701274000000005,9.987262656143928
639,63.801276,10.165185852374233
640,63.901278,9.711389712341443
641,64.00128,9.577085927725308
642,64.101282,9.42527006930643
643,64.201284,9.627650017592638
644,64.301286,9.771822300139249
645,64.401288,9.771480230663162
646,64.50129,9.71999958712618
647,64.601292,9.717698348712506
648,64.701294,9.821313519850735
649,64.80129600000001,9.890551658992317
650,64.901298,9.472825702142421
651,65.0013,9.870917899261137
652,65.101302,9.8649048772038
653,65.20130400000001,9.746922292817096
654,65.30130600000001,9.445099412506709
655,65.401308,9.356273842202661
656,65.50131,9.591873785362273
657,65.60131200000001,9.672812330187725
658,65.701314,9.949851806604647
659,65.801316,9.638054597113392
660,65.901318,9.41335102449079
661,66.00132,9.90925711708166
662,66.101322,9.75035748325767
663,66.20132400000001,9.479509814465642
664,66.301326,9.572611668126255
665,66.401328,9.379807776034207
666,66.50133,9.589433409543952
667,66.601332,9.589479700873573
668,66.701334,9.479143978159529
669,66.80133599999999,9.624487192743482
670,66.90133800000001,9.34967230363005
671,67.00134,9.7142087787046
672,67.101342,9.713857818364966
673,67.20134399999999,9.653338952944068
674,67.30134600000001,9.681194220031086
675,67.401348,9.763110134261986
676,67.50135,9.766075217581031
677,67.601352,9.761120280087841
678,67.70135400000001,9.428189620783895
679,67.801356,9.756393866769589
680,67.901358,9.598382697090384
681,68.00136,9.621183491124356
682,68.10136200000001,9.61650630185247
683,68.201364,9.624718737591518
684,68.301366,9.545374505898785
685,68.401368,9.44747472611695
686,68.50137,9.359208401191914
687,68.601372,9.38066358251091
688,68.701374,9.311006231298913
689,68.801376,9.171124004964074
690,68.901378,9.113796519298829
691,69.00138000000001,9.398320622808814
692,69.101382,9.233313470327992
693,69.201384,9.069039448633935
694,69.301386,9.478203120888727
695,69.40138800000001,9.205218460224527
696,69.50139,9.45568490396423
697,69.601392,9.647099097558408
698,69.701394,9.458656652302254
699,69.80139600000001,9.599195048955178
700,69.901398,9.38770906436754
701,70.0014,9.748813115807643
702,70.10140200000001,9.725498652766182
703,70.201404,9.434506700834644
704,70.301406,9.502803869781289
705,70.40140799999999,9.664503505042143
706,70.50141,9.628811928588393
707,70.601412,9.19931294227742
708,70.701414,9.263799293280682
709,70.801416,9.13113011129144
710,70.901418,9.473111620467492
711,71.00142,9.067152214119089
712,71.101422,8.675417336495913
713,71.201424,8.74504784846331
714,71.301426,8.332381682296395
715,71.401428,8.563952553692337
716,71.50143000000001,8.792448751143542
717,71.601432,8.78728510897141
718,71.701434,8.81599283567589
719,71.801436,9.178016297706478
720,71.901438,9.029918445797367
721,72.00144,9.102297838932751
722,72.10144199999999,8.892533378487162
723,72.20144400000001,9.462749210934357
724,72.301446,9.605741208342817
725,72.401448,9.957627854595415
726,72.50144999999999,9.879121116259093
727,72.60145200000001,9.83923358177291
728,72.701454,9.764225907210436
729,72.801456,9.646668447136893
730,72.901458,9.328318678138942
731,73.00146000000001,9.376195228877913
732,73.101462,9.743043375515224
733,73.201464,9.665053670988634
734,73.301466,9.472261071652227
735,73.40146800000001,9.617559628347111
736,73.50147,9.913361825954064
737,73.601472,9.350792272452495
738,73.701474,9.116276603772821
739,73.801476,9.267613593260478
740,73.901478,9.436168849544933
741,74.00148,9.46765130964774
742,74.101482,9.297835312087765
743,74.201484,9.459188665418639
744,74.30148600000001,9.54601610830551
745,74.401488,9.035070242813141
746,74.50149,9.350846228229369
747,74.601492,9.072853179228316
748,74.70149400000001,9.293142928567189
749,74.801496,9.450501796859207
750,74.901498,9.278408527451159
751,75.0015,9.488606869975808
752,75.10150200000001,9.594248781196761
753,75.201504,9.261263957985541
754,75.301506,9.522691970329884
755,75.401508,9.396171804194182
756,75.50151,8.94909802976228
757,75.601512,9.423235222176173
758,75.70151399999999,9.038854195963353
759,75.801516,9.047661193422652
760,75.901518,9.077911254253456
761,76.00152,9.116152078787618
762,76.101522,9.36689912524542
763,76.201524,9.824306541951067
764,76.301526,9.407944137602717
765,76.401528,8.831085212394544
766,76.50153,8.90106431545587
767,76.601532,9.629847069207981
768,76.701534,9.198126058697733
769,76.80153600000001,9.487195242643898
770,76.901538,9.207548053112667
771,77.00154,9.248824761207796
772,77.101542,9.27568527312773
773,77.201544,8.96170328902216
774,77.301546,9.220167082824378
775,77.40154799999999,9.420841736598769
776,77.50155000000001,9.506762858556286
777,77.601552,9.33729135538921
778,77.701554,8.963101913938187
779,77.80155599999999,8.893824816971707
780,77.90155800000001,9.556968701136611
781,78.00156,9.334583973361417
782,78.101562,9.42053644575512
783,78.201564,9.337806818789659
784,78.30156600000001,9.193697586741056
785,78.401568,9.527066310833783
786,78.50157,9.288923405414383
787,78.601572,9.357545288303186
788,78.70157400000001,8.996420867760339
789,78.801576,9.453340520786814
790,78.90157800000001,9.342661322462963
791,79.00158,9.527706188451642
792,79.101582,9.832342810760299
793,79.201584,9.985631962578733
794,79.301586,9.97198405505336
795,79.401588,9.744822698868665
796,79.50159,8.9651416467115
797,79.60159200000001,10.036077149724798
798,79.701594,9.6338211284286
799,79.801596,9.742922241250671
800,79.90159799999999,9.365471469912007
801,80.00160000000001,9.013501185753826
802,80.101602,9.864579253111927
803,80.201604,10.460314570669352
804,80.301606,9.726057854064452
805,80.40160800000001,9.406348899905392
806,80.50161,9.297528152391367
807,80.601612,9.830034313837368
808,80.701614,9.710310985917275
809,80.801616,9.003522116032254
810,80.901618,9.532891315425946
811,81.00161999999999,9.673067947531521
812,81.101622,9.376684133924647
813,81.201624,10.360119225523013
814,81.301626,9.6676499416269
815,81.401628,9.473523479139455
816,81.50163,10.041694227424477
817,81.601632,9.581669155247361
818,81.701634,9.211559027418588
819,81.801636,9.362784545810966
820,81.901638,9.649660505406493
821,82.00164,9.186765078200406
822,82.10164200000001,9.50870122142855
823,82.201644,10.275619319099064
824,82.301646,10.115949508801588
825,82.401648,10.435020761379384
826,82.50165000000001,10.415659647700508
827,82.601652,10.714562750135189
828,82.70165399999999,11.44954489249836
829,82.80165600000001,10.50264568587652
830,82.901658,11.207898287206268
831,83.00166,10.73525290714477
832,83.10166199999999,9.447751971244056
833,83.20166400000001,9.509808614746332
834,83.301666,9.051184694169986
835,83.401668,9.401747168155698
836,83.50167,9.929226166224472
837,83.60167200000001,9.606735375903225
838,83.701674,10.179188501472565
839,83.801676,10.22926826027835
840,83.901678,10.137641833921384
841,84.00168000000001,10.064563912438802
842,84.101682,10.518857391540042
843,84.20168400000001,10.553677212434774
844,84.301686,10.192862475175215
845,84.401688,10.508674970441968
846,84.50169,10.70495761206862
847,84.601692,10.913303705267477
848,84.701694,10.738423351923574
849,84.80169599999999,10.971075019721317
850,84.90169800000001,10.196948062552211
851,85.0017,9.846141957746024
852,85.101702,9.688875792085666
853,85.20170399999999,10.065969588248562
854,85.30170600000001,9.660355236309007
855,85.401708,10.335691568037314
856,85.50171,10.340070809741858
857,85.601712,9.988772323219315
858,85.70171400000001,9.731528901517004
859,85.801716,9.897997919551916
860,85.901718,10.164149747187574
861,86.00172,10.865188588342214
862,86.10172200000001,10.992545620785217
863,86.201724,10.728187291297964
864,86.301726,10.314338257367623
865,86.401728,9.732711876953097
866,86.50173,10.126115949918649
867,86.601732,10.066379387758294
868,86.701734,11.050120669761643
869,86.801736,10.036119095456222
870,86.901738,10.372463105577728
871,87.00174000000001,10.27471375323101
872,87.101742,9.917683600831056
873,87.201744,9.651852538057895
874,87.301746,9.802616341906807
875,87.40174800000001,9.594354400855904
876,87.50175,8.957238055590903
877,87.601752,9.617163961001536
878,87.701754,10.103732875060158
879,87.80175600000001,10.071201500311071
880,87.901758,10.164716414123749
881,88.00175999999999,10.083774460787316
882,88.10176200000001,10.814022658035741
883,88.201764,10.02159756913118
884,88.301766,10.599023110526327
885,88.40176799999999,11.165409342997572
886,88.50177000000001,11.450817022830789
887,88.601772,11.036758262229752
888,88.701774,10.405292191153514
889,88.801776,10.068300502281186
890,88.90177800000001,10.376953629754977
891,89.00178,10.447974624221017
892,89.101782,10.320753282871042
893,89.201784,9.943445543741484
894,89.301786,10.485376481754146
895,89.401788,10.586460676257632
896,89.50179000000001,10.834097931812442
897,89.601792,9.95086242355141
898,89.701794,10.236351505008447
899,89.801796,11.279421481995204
900,89.901798,10.697641196922227
901,90.0018,10.709260992020088
902,90.10180199999999,10.777152987736628
903,90.20180400000001,10.52679598261086
904,90.301806,10.912734867613322
905,90.401808,9.894942382409306
906,90.50180999999999,10.701185852656181
907,90.60181200000001,10.279801640076874
908,90.701814,10.065697698134459
909,90.801816,10.607783653911511
910,90.901818,9.620721788550028
911,91.00182000000001,10.417628658108676
912,91.101822,10.092200978817552
913,91.201824,9.583042146025273
914,91.301826,10.520437987388409
915,91.40182800000001,10.87712734551948
916,91.50183,11.118728082282821
917,91.601832,10.868106178409732
918,91.701834,10.497130897537621
919,91.801836,10.421214085805818
920,91.901838,10.834156786738927
921,92.00184,10.684637565507295
922,92.101842,9.656398337533307
923,92.201844,10.224693864313672
924,92.30184600000001,9.738496366480074
925,92.401848,9.509700741866311
926,92.50185,10.072138968200928
927,92.601852,9.77535767940214
928,92.70185400000001,9.568906384104256
929,92.801856,10.301740759083026
930,92.901858,10.989644485276342
931,93.00186,10.147685917052467
932,93.10186200000001,10.664428935259448
933,93.201864,11.416022040152608
934,93.301866,11.621806397166328
935,93.40186800000001,10.336350131830455
936,93.50187,10.415638878849972
937,93.601872,10.101646473774627
938,93.70187399999999,10.50398709559049
939,93.80187600000001,10.636802483643592
940,93.901878,9.846618171497965
941,94.00188,9.279658891358116
942,94.101882,9.369017655096139
943,94.201884,9.735507474570776
944,94.301886,9.335416597906553
945,94.401888,9.795497754764739
946,94.50189,9.120750657950282
947,94.601892,9.424685361488976
948,94.701894,9.93118052305232
949,94.80189600000001,9.48822258768343
950,94.901898,9.253908720399597
951,95.0019,8.931055903856409
952,95.101902,9.281696789494314
953,95.201904,9.669934223737293
954,95.301906,9.6526901912843
955,95.40190799999999,9.245718029090149
956,95.50191000000001,10.106840782508495
957,95.601912,10.309566934452654
958,95.701914,9.785935247169071
959,95.80191599999999,10.241689039699091
960,95.90191800000001,10.065529795611063
961,96.00192,10.19632719619879
962,96.101922,9.434208800313568
963,96.201924,10.018068788167596
964,96.30192600000001,10.061143220093802
965,96.401928,9.66274175012885
966,96.50193,9.961693743327844
967,96.601932,10.128164424434924
968,96.70193400000001,10.161839981438074
969,96.801936,10.507509048032967
970,96.90193800000002,10.549127358226396
971,97.00194,9.991561069865167
972,97.101942,9.401777568755993
973,97.201944,9.965823764645409
974,97.301946,10.000558983765353
975,97.401948,9.754575780001781
976,97.50195,9.91847897910742
977,97.60195200000001,10.60202062663856
978,97.701954,9.780615938357284
979,97.801956,10.006510930639879
980,97.901958,9.515516450055497
981,98.00196000000001,9.64074772392414
982,98.101962,9.735981739445355
983,98.201964,9.543249597122575
984,98.30196600000001,9.817986276506854
985,98.40196800000001,9.696069886405997
986,98.50197,9.613257020468305
987,98.601972,9.681597960246494
988,98.701974,10.126759858492214
989,98.801976,9.870812144815082
990,98.901978,9.86172182730241
991,99.00197999999999,9.715908666119836
992,99.101982,9.636528515048314
993,99.201984,9.850440349329475
994,99.301986,9.888433909870882
995,99.401988,9.584417976875715
996,99.50199,9.883256197940394
997,99.601992,9.539107649603011
998,99.701994,10.009716892160926
999,99.801996,9.77647410515826
1000,99.901998,9.571587117651678
1001,100.002,10.27185929158507
1002,100.10200200000001,9.079163420378446
1003,100.202004,9.673667330515427
1004,100.302006,9.387383857506528
1005,100.402008,9.65730717721866
1006,100.50201000000001,9.687177917216765
1007,100.602012,9.460572156323572
1008,100.70201399999999,9.162051240149012
1009,100.80201600000001,9.692290704632212
1010,100.902018,9.542686183750932
1011,101.00202,9.513327180704671
1012,101.10202199999999,9.18918574736456
1013,101.20202400000001,9.346270996265947
1014,101.302026,9.525876146346468
1015,101.402028,9.499820867473023
1016,101.50203,9.85602595522302
1017,101.60203200000001,9.913839659415824
1018,101.702034,9.140266148233763
1019,101.802036,9.649703520089513
1020,101.902038,9.65209421720121
1021,102.00204000000001,9.20489735909649
1022,102.102042,9.234684280722329
1023,102.20204400000001,9.22315122208339
1024,102.302046,9.209512522112218
1025,102.402048,9.40315441755704
1026,102.50205,9.543373924194047
1027,102.602052,9.182882938870167
1028,102.702054,9.63987566278157
1029,102.802056,9.330306227253258
1030,102.90205800000001,10.33566495066648
1031,103.00206,9.19418646201947
1032,103.102062,10.195338637617292
1033,103.202064,9.89265654114463
1034,103.30206600000001,9.41952264566809
1035,103.402068,9.655505391915474
1036,103.50207,9.838063431905644
1037,103.602072,9.658777007130908
1038,103.70207400000001,9.438450549081807
1039,103.802076,9.381368699554404
1040,103.902078,9.918181131421694
1041,104.00208,9.939098959533284
1042,104.10208200000001,9.86104793362679
1043,104.202084,10.13110610507134
1044,104.302086,9.842023271572723
1045,104.402088,9.950956148036065
1046,104.50209,9.94152094634144
1047,104.602092,9.181011757002144
1048,104.702094,9.731545533348084
1049,104.802096,9.335335364228937
1050,104.902098,9.708321274599658
1051,105.00210000000001,9.472666623570394
1052,105.102102,9.479177529952898
1053,105.202104,9.30913033108609
1054,105.302106,9.422298838447684
1055,105.40210800000001,9.431721249924022
1056,105.50211,9.380175067260883
1057,105.602112,9.29639735893227
1058,105.702114,9.392338604368515
1059,105.80211600000001,9.184297142228585
1060,105.902118,8.898946468238243
1061,106.00211999999999,8.902933172158956
1062,106.10212200000001,9.690773493664054
1063,106.202124,9.342207387145635
1064,106.302126,9.537962580477329
1065,106.40212799999999,9.161349992897689
1066,106.50213000000001,9.147390330194966
1067,106.602132,8.991846946270702
1068,106.702134,8.997408694627286
1069,106.802136,8.987342796125066
1070,106.90213800000001,9.328700619033176
1071,107.00214,9.020598380475105
1072,107.102142,9.029441518497627
1073,107.202144,9.126441567887351
1074,107.30214600000001,9.820624875901034
1075,107.402148,9.139779503797556
1076,107.50215000000001,8.90397472938557
1077,107.602152,9.438330292967382
1078,107.702154,9.172018081221784
1079,107.802156,9.0960161051265
1080,107.902158,8.930692165170456
1081,108.00216,9.200946524270892
1082,108.10216199999999,8.876096568314352
1083,108.20216400000001,8.995314702167365
1084,108.302166,8.943602624034021
1085,108.402168,9.173967078347744
1086,108.50216999999999,8.945857505830455
1087,108.60217200000001,9.10261147532231
1088,108.702174,9.346342115011472
1089,108.802176,9.124438430773054
1090,108.902178,9.186123473613673
1091,109.00218000000001,9.316109743531369
1092,109.102182,9.335192992117397
1093,109.202184,9.196843656201773
1094,109.302186,9.148589457987894
1095,109.40218800000001,9.008204605102158
1096,109.50219,9.410629413916734
1097,109.602192,9.322748943438146
1098,109.702194,9.029420606849149
1099,109.802196,9.129632358541116
1100,109.902198,9.236271166257858
1101,110.0022,9.156244199230985
1102,110.102202,9.584627763302246
1103,110.202204,9.091582170406028
1104,110.30220600000001,9.392362305881463
1105,110.402208,9.237300993965773
1106,110.50221,8.975771090707171
1107,110.602212,9.096077339868268
1108,110.70221400000001,9.695420418319424
1109,110.802216,9.676394506035853
1110,110.902218,9.046582141382098
1111,111.00222,9.197291334122246
1112,111.10222200000001,9.541452776140487
1113,111.202224,9.674385222634244
1114,111.30222599999999,9.187781259944721
1115,111.40222800000001,9.201314511637356
1116,111.50223,9.375499587191467
1117,111.602232,9.26517999525686
1118,111.70223399999999,9.417854455182752
1119,111.80223600000001,9.36273459020282
1120,111.902238,9.29208056206221
1121,112.00224,9.473071937396435
1122,112.102242,9.622873460490712
1123,112.20224400000001,9.472720637753078
1124,112.302246,9.105526051245349
1125,112.402248,9.181842372381292
1126,112.50225,9.528673336977393
1127,112.60225200000001,9.315990879133818
1128,112.702254,9.17761103066091
1129,112.80225600000001,9.398214207646593
1130,112.902258,9.401150267874536
1131,113.00226,9.246106180317659
1132,113.102262,9.239475143735854
1133,113.202264,9.155489877391314
1134,113.302266,9.09137304167972
1135,113.40226799999999,9.067925343773057
1136,113.50227000000001,9.155813679749793
1137,113.602272,9.13779715732661
1138,113.702274,9.21600223321617
1139,113.80227599999999,9.23199179030643
1140,113.90227800000001,9.528029162467282
1141,114.00228,9.296521921282551
1142,114.102282,9.363642629746586
1143,114.202284,9.58072352740197
1144,114.30228600000001,9.449468445433421
1145,114.402288,9.229480694719033
1146,114.50229,9.611168567544665
1147,114.602292,9.721747966301406
1148,114.70229400000001,9.395741798745952
1149,114.802296,9.415566384086654
1150,114.902298,9.452566087803355
1151,115.0023,9.390360546907043
1152,115.102302,9.181214120266011
1153,115.202304,9.346497978045813
1154,115.302306,9.258242803284615
1155,115.402308,9.325064156308072
1156,115.50231,9.535790095058633
1157,115.60231200000001,9.344439404580422
1158,115.702314,9.260830088928167
1159,115.802316,9.322476068681535
1160,115.902318,9.30874769761753
1161,116.00232000000001,9.237939736638351
1162,116.102322,9.424386514601506
1163,116.202324,9.363407117154898
1164,116.30232600000001,9.18761497391959
1165,116.40232800000001,9.319863066685768
1166,116.50233,9.459538485253402
1167,116.602332,9.344558289964555
1168,116.70233400000001,9.342253026027691
1169,116.802336,8.981186672144421
1170,116.902338,9.130030224665514
1171,117.00233999999999,9.556163153592337
1172,117.10234200000001,9.315744204660326
1173,117.202344,9.375950731184306
1174,117.302346,9.271379807217446
1175,117.402348,9.55703418717986
1176,117.50235,9.449992215081862
1177,117.602352,9.121501596749162
1178,117.702354,9.771000839436343
1179,117.802356,10.373616521989803
1180,117.902358,10.551655707833211
1181,118.00236,9.570172071496042
1182,118.10236200000001,10.116114293827579
1183,118.202364,9.525226266235123
1184,118.302366,9.626940043517363
1185,118.402368,9.499217419369065
1186,118.50237,9.638265861575716
1187,118.602372,9.284437623872064
1188,118.70237399999999,9.206330302071665
1189,118.80237600000001,8.774090793155526
1190,118.902378,9.054044702517253
1191,119.00238,9.013296772923306
1192,119.10238199999999,9.299898815560855
1193,119.20238400000001,9.30840528665042
1194,119.302386,9.308594589541336
1195,119.402388,9.074695555014523
1196,119.50239,8.980713461262797
1197,119.60239200000001,9.121244107918397
1198,119.702394,8.977930734825566
1199,119.802396,8.958513564614929
1200,119.902398,9.180848182194271
1201,120.00240000000001,9.12624502115498
1202,120.102402,8.909746551902328
1203,120.20240400000002,8.726353904795667
1204,120.302406,8.870218677784017
1205,120.402408,8.83830110409274
1206,120.50241,8.960791689624322
1207,120.602412,8.814331577811572
1208,120.702414,8.655718488680032
1209,120.802416,9.07706079668431
1210,120.90241800000001,9.82223564188688
1211,121.00242,9.671215014286323
1212,121.102422,9.274949612700892
1213,121.202424,9.62918474263788
1214,121.30242600000001,9.608948406828144
1215,121.402428,9.734472402125006
1216,121.50243,9.817164069365766
1217,121.60243200000001,10.011179914680772
1218,121.70243400000001,9.490235880782286
1219,121.802436,9.373983316541441
1220,121.902438,9.661454813169389
1221,122.00244,9.68649919148865
1222,122.102442,9.849731588426746
1223,122.202444,9.577366004631147
1224,122.302446,9.433980722535463
1225,122.402448,9.522976854803675
1226,122.50245,9.557560750494703
1227,122.602452,9.64608109387063
1228,122.702454,9.449977181680842
1229,122.802456,9.680753279308368
1230,122.902458,10.084495149876021
1231,123.00246000000001,9.490468773376326
1232,123.102462,9.666574663521835
1233,123.202464,9.585259971663076
1234,123.302466,9.996202921861508
1235,123.40246800000001,9.239583150940305
1236,123.50247,9.292566685446058
1237,123.602472,9.199608384523371
1238,123.702474,9.276909677380152
1239,123.80247600000001,9.214021288442511
1240,123.902478,9.306306552560766
1241,124.00247999999999,9.146238767050296
1242,124.10248200000001,9.354650492656795
1243,124.202484,9.445354218201173
1244,124.302486,9.77822432700899
1245,124.40248799999999,9.638611417184414
1246,124.50249000000001,9.579818005018772
1247,124.602492,9.394995791988018
1248,124.702494,9.55939176022369
1249,124.802496,9.509325605387899
1250,124.90249800000001,9.64607791266196
1251,125.0025,9.564572904993884
1252,125.102502,9.5809914962778
1253,125.202504,9.63085080483132
1254,125.30250600000001,9.624614387611008
1255,125.402508,9.739390371224298
1256,125.50251000000002,9.974124438216354
1257,125.602512,9.804088206023904
1258,125.702514,9.914699153776676
1259,125.802516,9.96451754464864
1260,125.902518,10.051092679590004
1261,126.00252,10.061746672130715
1262,126.102522,10.121102065499695
1263,126.20252400000001,10.12140012439741
1264,126.302526,10.072543502638243
1265,126.402528,10.317940070475254
1266,126.50253,9.447076330309125
1267,126.60253200000001,9.304887239195578
1268,126.702534,9.373824408160974
1269,126.802536,9.720119958879051
1270,126.902538,9.578492634484027
1271,127.00254000000001,9.947861501360231
1272,127.102542,10.016461734624691
1273,127.202544,9.759100989763718
1274,127.302546,9.349310234404703
1275,127.40254800000001,9.29196945653758
1276,127.50255,9.403643346342509
1277,127.602552,9.336116433368744
1278,127.702554,9.271736712227247
1279,127.802556,9.360984413789563
1280,127.902558,9.32180038146283
1281,128.00256,9.209221352145644
1282,128.102562,9.328003647076223
1283,128.202564,9.371113092832934
1284,128.302566,9.478789940855712
1285,128.402568,9.09013264468609
1286,128.50257000000002,9.51535110722915
1287,128.602572,9.569470568718897
1288,128.702574,9.824810610886237
1289,128.802576,9.428608185773507
1290,128.902578,9.532031532272223
1291,129.00258,9.401032114886773
1292,129.102582,9.518487393378276
1293,129.202584,9.285781454911136
1294,129.302586,9.358813153498382
1295,129.402588,9.189748602318987
1296,129.50259,9.380529523034317
1297,129.60259200000002,9.537098713855338
1298,129.702594,9.679263008943682
1299,129.802596,9.540332607741629
1300,129.902598,9.165907400777392
1301,130.0026,9.054686262098748
1302,130.102602,9.254458588662184
1303,130.202604,9.114918433857607
1304,130.302606,9.393586089241154
1305,130.40260800000001,9.52921978338763
1306,130.50261,9.584732326052134
1307,130.60261200000002,9.42613965490921
1308,130.702614,9.654685616406027
1309,130.802616,9.497679415673774
1310,130.902618,9.304370099534944
1311,131.00262,9.520522750694338
1312,131.102622,9.454035443914306
1313,131.20262400000001,9.470752421958784
1314,131.30262599999998,9.309106059013509
1315,131.402628,9.46601694684297
1316,131.50263,9.41233394110187
1317,131.602632,9.322080141396043
1318,131.702634,9.171465222746129
1319,131.802636,8.993725891345292
1320,131.902638,9.27848359201684
1321,132.00264,9.2823758828326
1322,132.102642,8.98646717020861
1323,132.202644,9.219392401434376
1324,132.302646,9.257518810804724
1325,132.40264800000003,9.103872974574621
1326,132.50265,9.478328155009166
1327,132.602652,9.155100630289063
1328,132.702654,9.337442859511327
1329,132.802656,9.051142266313748
1330,132.902658,8.780362217405928
1331,133.00266,9.254218880899215
1332,133.102662,9.07648887494582
1333,133.202664,8.993246788180675
1334,133.302666,9.167971497671644
1335,133.402668,9.107731163384166
1336,133.50267000000002,9.122793167627458
1337,133.60267199999998,9.236513927829964
1338,133.702674,8.79421802382669
1339,133.80267600000002,8.897980248778397
1340,133.902678,8.846035839532936
1341,134.00268,8.986664662299756
1342,134.102682,9.184978884318216
1343,134.202684,9.092516880796296
1344,134.30268600000002,9.139167575546745
1345,134.40268799999998,8.975824980891723
1346,134.50269,9.174115307709483
1347,134.60269200000002,9.007469936167503
1348,134.70269399999998,9.233455732039339
1349,134.802696,9.124215920700799
1350,134.90269800000002,9.181000750180367
1351,135.0027,9.132854941987395
1352,135.102702,9.056026819999403
1353,135.202704,8.815923905996618
1354,135.302706,9.119381386590424
1355,135.40270800000002,9.343772630514794
1356,135.50270999999998,9.27466838060191
1357,135.602712,9.185696629542196
1358,135.70271400000001,8.791232877148865
1359,135.802716,8.842796765393604
1360,135.902718,8.952305841460003
1361,136.00272,9.001476314010752
1362,136.102722,8.94062235742292
1363,136.20272400000002,8.989741155246886
1364,136.302726,9.083664168010936
1365,136.402728,9.064658899272237
1366,136.50273,9.175386093148456
1367,136.602732,9.118990750591848
1368,136.702734,9.496042517363666
1369,136.802736,9.244176050602928
1370,136.902738,9.341347004291174
1371,137.00274,9.177320053685552
1372,137.102742,9.476752370880728
1373,137.202744,9.26842928136168
1374,137.302746,9.232544718086238
1375,137.402748,9.37140735681599
1376,137.50275,9.416482294237701
1377,137.602752,9.252381874687398
1378,137.70275400000003,9.264396682296814
1379,137.802756,9.373402815017837
1380,137.902758,9.48584649960748
1381,138.00276000000002,9.14761698342965
1382,138.102762,9.400775245499396
1383,138.202764,9.42943915116147
1384,138.302766,9.616432955434309
1385,138.402768,9.471380227083946
1386,138.50277,9.388257565693317
1387,138.602772,9.464046403590498
1388,138.702774,9.536623673016875
1389,138.80277600000002,9.624129041075822
1390,138.90277799999998,9.73883140005583
1391,139.00278,9.690384216290242
1392,139.10278200000002,9.521874173217583
1393,139.202784,9.422678916108897
1394,139.302786,9.821329808792672
1395,139.402788,9.699581218067726
1396,139.50279,9.468397044336639
1397,139.60279200000002,9.7292719932385
1398,139.70279399999998,9.924354434104233
1399,139.802796,9.808488345714451
1400,139.90279800000002,9.239491527417437
1401,140.0028,9.33665041649311
1402,140.102802,9.374713470895824
1403,140.20280400000001,9.356770205425008
1404,140.302806,9.53157216443485
1405,140.402808,9.254966064853804
1406,140.50281,9.094057603595472
1407,140.602812,9.199086434457497
1408,140.70281400000002,9.705533376520512
1409,140.80281599999998,9.536124815150627
1410,140.902818,9.510433665245559
1411,141.00282,9.47031891516733
1412,141.102822,9.431371666244722
1413,141.202824,9.46502044050159
1414,141.302826,9.767392103467204
1415,141.402828,9.653354303345392
1416,141.50283000000002,9.353432395365186
1417,141.602832,9.60443508613435
1418,141.702834,9.351037972926225
1419,141.802836,9.55034103433076
1420,141.902838,9.278135620636592
1421,142.00284,9.294053484835823
1422,142.102842,9.586790828620089
1423,142.202844,9.705477105099249
1424,142.302846,9.435115248236823
1425,142.402848,9.106510932302118
1426,142.50285,9.238676864452987
1427,142.602852,9.191424869849362
1428,142.702854,9.483861511725912
1429,142.802856,9.236019123511868
1430,142.902858,9.336303314895877
1431,143.00286000000003,9.44252937001631
1432,143.102862,9.186176822082114
1433,143.202864,9.258515640471085
1434,143.30286600000002,9.348643327964435
1435,143.402868,9.492850201792459
1436,143.50287,9.467681823057733
1437,143.602872,9.028816966756477
1438,143.702874,9.228139100230138
1439,143.802876,8.941249802979648
1440,143.902878,8.678628149640426
1441,144.00288,8.806167795757842
1442,144.10288200000002,9.290573844933883
1443,144.20288399999998,9.302003032560588
1444,144.302886,9.230585508087024
1445,144.40288800000002,9.36715406415477
1446,144.50289,9.17871836928101
1447,144.602892,9.165510564430695
1448,144.702894,9.737503909159969
1449,144.802896,9.496091111502126
1450,144.90289800000002,9.098377240114939
1451,145.00289999999998,9.040567441567708
1452,145.102902,9.556605783191573
1453,145.20290400000002,9.210096506041959
1454,145.302906,9.480565962211655
1455,145.402908,8.941706751971314
1456,145.50291,8.841034116972137
1457,145.602912,9.121706805748723
1458,145.702914,9.086792503094795
1459,145.802916,8.745515034484214
1460,145.902918,9.42765475739642
1461,146.00292000000002,8.922098762996617
1462,146.10292199999998,8.753415835647898
1463,146.202924,8.49258797730447
1464,146.302926,8.30229371998738
1465,146.402928,8.715340506637201
1466,146.50293,8.367342947775768
1467,146.602932,9.270617324947894
1468,146.702934,9.632351614915757
1469,146.80293600000002,10.124547457806209
1470,146.902938,9.548305169256954
1471,147.00294,9.581170753055154
1472,147.102942,9.527946947748353
1473,147.202944,9.37779800463459
1474,147.302946,9.602297143960106
1475,147.402948,9.566228459000037
1476,147.50295,9.741177515754195
1477,147.602952,9.60497418094265
1478,147.702954,9.276845740818938
1479,147.802956,9.530000683422589
1480,147.902958,9.50551871419254
1481,148.00296,9.01196686386665
1482,148.102962,9.510658384367723
1483,148.202964,9.655802132421476
1484,148.30296600000003,8.985929118037689
1485,148.402968,9.365973681662277
1486,148.50297,8.786246455353012
1487,148.60297200000002,8.92082004667284
1488,148.702974,8.608588875963056
1489,148.802976,8.600997764449142
1490,148.902978,8.58309011386776
1491,149.00298,8.498636931999417
1492,149.102982,8.39027206087308
1493,149.202984,8.741547211781215
1494,149.302986,8.584556119085864
1495,149.40298800000002,8.393779621874378
1496,149.50298999999998,8.294862715582218
1497,149.602992,8.11627396988121
1498,149.70299400000002,8.142860954421792
1499,149.802996,8.058367411533467
1500,149.902998,8.088201929617162
1501,150.003,8.349388166538914
1502,150.103002,8.4696974433928
1503,150.20300400000002,8.190994608396235
1504,150.30300599999998,8.19474018931984
1505,150.403008,8.229480689735432
1506,150.50301000000002,8.087350841445975
1507,150.603012,8.224162967602322
1508,150.703014,8.284922691639531
1509,150.803016,8.411191864645069
1510,150.903018,8.183286551985091
1511,151.00302,8.671750990219863
1512,151.103022,8.835509484748771
1513,151.203024,8.723856079453173
1514,151.30302600000002,8.820267887080059
1515,151.40302799999998,8.315412557614087
1516,151.50303,8.428707471915265
1517,151.603032,8.61575842577022
1518,151.703034,8.468296079313184
1519,151.803036,9.165987137778796
1520,151.903038,8.991263725597925
1521,152.00304,9.257697484038154
1522,152.10304200000002,9.383472028756639
1523,152.203044,9.232511127932566
1524,152.303046,9.602615232319433
1525,152.403048,9.270387459613675
1526,152.50305000000003,9.790054064680264
1527,152.603052,9.531651059736518
1528,152.703054,9.704282340117505
1529,152.803056,9.309948569536894
1530,152.903058,9.469338818652052
1531,153.00306,9.462007371758975
1532,153.103062,8.955966877498629
1533,153.203064,9.549372793864913
1534,153.303066,9.01925052268908
1535,153.403068,9.374151634762384
1536,153.50307,9.266139472754393
1537,153.60307200000003,9.361356460915566
1538,153.703074,9.037656043598584
1539,153.803076,9.421684226097268
1540,153.90307800000002,9.163395578654976
1541,154.00308,9.656438407115166
1542,154.103082,9.532345633643189
1543,154.203084,8.997441237242807
1544,154.303086,8.98660216578554
1545,154.403088,9.39546817920228
1546,154.50309,9.45845181393291
1547,154.603092,9.3678432755445
1548,154.70309400000002,9.638571628930551
1549,154.80309599999998,9.547619733250176
1550,154.903098,9.190247341032364
1551,155.00310000000002,9.157967794287268
1552,155.103102,9.20261497826235
1553,155.203104,9.410749708658374
1554,155.303106,9.147054654290049
1555,155.403108,9.39453672749752
1556,155.50311000000002,9.449641217316293
1557,155.60311199999998,9.344827511468244
1558,155.703114,9.53736909181597
1559,155.80311600000002,9.362196844945952
1560,155.903118,9.29067027723551
1561,156.00312,9.112399000377838
1562,156.103122,9.240462591348473
1563,156.203124,9.29759635768415
1564,156.303126,9.332463361043834
1565,156.403128,9.299390599283628
1566,156.50313,9.304928865319182
1567,156.60313200000002,9.444675592426453
1568,156.70313399999998,9.511669681412467
1569,156.803136,9.556407021030239
1570,156.903138,9.37019913385238
1571,157.00314,9.515422443812744
1572,157.103142,9.409646531489962
1573,157.203144,9.410041933339414
1574,157.303146,9.505121551991454
1575,157.40314800000002,9.409012537024244
1576,157.50315,9.361805042752984
1577,157.603152,9.475415999745428
1578,157.703154,9.277361685584461
1579,157.80315600000003,9.588041485428185
1580,157.903158,9.467735053850227
1581,158.00316,9.308580858192734
1582,158.103162,9.292696603259918
1583,158.203164,9.077485215134196
1584,158.303166,9.470051872123847
1585,158.403168,9.270280297907302
1586,158.50317,9.361165194093097
1587,158.603172,9.37245855277411
1588,158.703174,9.396027417992515
1589,158.803176,9.344749228745188
1590,158.90317800000003,9.233674295884535
1591,159.00318,9.141949250824384
1592,159.103182,9.700380434794369
1593,159.20318400000002,9.303255293982836
1594,159.303186,9.30860267698271
1595,159.403188,9.014314683295197
1596,159.50319,9.749644153309777
1597,159.603192,9.327432536311361
1598,159.70319400000002,9.47241823300073
1599,159.80319599999999,9.655451728268472
1600,159.903198,9.544352043581203
1601,160.00320000000002,9.969831213295532
1602,160.10320199999998,9.444458960867596
1603,160.203204,9.324432886668047
1604,160.30320600000002,9.790614158483233
1605,160.403208,10.147316791146334
1606,160.50321,10.302484591858626
1607,160.603212,11.069185645911542
1608,160.703214,10.840293000525001
1609,160.80321600000002,10.762077052005235
1610,160.90321799999998,10.879767797975754
1611,161.00322,10.917753342406806
1612,161.10322200000002,10.588168991863729
1613,161.203224,11.205088274099133
1614,161.303226,11.316434928109768
1615,161.403228,11.776533221999248
1616,161.50323,10.837246243626499
1617,161.603232,11.302470963473244
1618,161.703234,10.434250947497699
1619,161.803236,10.765513988300322
1620,161.90323800000002,10.559839405628981
1621,162.00323999999998,10.4710619371913
1622,162.103242,10.076312468047169
1623,162.203244,10.37765370489933
1624,162.303246,10.148412963670584
1625,162.403248,9.325856871753762
1626,162.50325,9.59481855455284
1627,162.603252,9.87912205495822
1628,162.70325400000002,10.552316254726895
1629,162.803256,10.166211965745786
1630,162.903258,9.561410059073202
1631,163.00326,9.597599753526586
1632,163.10326200000003,9.904091532567804
1633,163.203264,9.72296840054274
1634,163.303266,9.905230640823884
1635,163.403268,9.832861358918134
1636,163.50327,9.988046343807703
1637,163.603272,10.036750801804763
1638,163.703274,9.509943651434009
1639,163.803276,10.235084929268897
1640,163.903278,10.17911719273893
1641,164.00328,9.649475524101227
1642,164.103282,9.620571636177026
1643,164.20328400000002,9.843175541878296
1644,164.30328599999999,10.063007040778034
1645,164.403288,10.152779760372946
1646,164.50329000000002,10.05071145009725
1647,164.603292,10.15836765240586
1648,164.703294,10.458257012653903
1649,164.803296,10.124511054549142
1650,164.903298,10.33654188643434
1651,165.00330000000002,9.736370117118334
1652,165.10330199999999,9.953571061177875
1653,165.203304,10.001255105044265
1654,165.30330600000002,10.33181334118627
1655,165.40330799999998,10.250285997151632
1656,165.50331,10.314892560310565
1657,165.60331200000002,10.355021522452107
1658,165.703314,10.203844572533205
1659,165.803316,9.989701211448525
1660,165.903318,9.682818759668773
1661,166.00332,10.30388259388491
1662,166.10332200000002,9.8386265003856
1663,166.20332399999998,9.998834545219122
1664,166.303326,9.754022701380043
1665,166.40332800000002,9.913396669935642
1666,166.50333,9.800141516551788
1667,166.603332,9.85774864856056
1668,166.703334,10.212679865912813
1669,166.803336,10.22820138881447
1670,166.90333800000002,10.881271000295916
1671,167.00334,10.18392813097358
1672,167.103342,10.371266646943061
1673,167.20334400000002,10.4752035727579
1674,167.30334599999998,10.449422936929638
1675,167.403348,10.399224716136002
1676,167.50335,10.253425304481766
1677,167.603352,10.26122014278357
1678,167.703354,10.256319770051505
1679,167.803356,10.456607636289247
1680,167.903358,10.28785273040512
1681,168.00336000000001,10.48012809700625
1682,168.103362,10.712676471287859
1683,168.203364,10.733699993425006
1684,168.303366,10.413271581472598
1685,168.40336800000003,10.554939846147272
1686,168.50337,10.679816564406362
1687,168.603372,10.332724104456553
1688,168.703374,10.466442049161996
1689,168.803376,10.800327567466118
1690,168.903378,10.74230344432258
1691,169.00338,10.416486185971145
1692,169.103382,10.251331681018197
1693,169.203384,10.732836823512354
1694,169.303386,10.947078531489408
1695,169.403388,10.533268338384996
1696,169.50339000000002,10.76264911267793
1697,169.60339199999999,10.941294947255583
1698,169.703394,10.912897444997489
1699,169.80339600000002,10.585331408619195
1700,169.903398,11.052734551867571
1701,170.0034,11.170545220732416
1702,170.103402,10.983831513489742
1703,170.203404,11.454711979863387
1704,170.30340600000002,10.828016692707381
1705,170.40340799999998,11.079418916127805
1706,170.50341,11.443187623848637
1707,170.60341200000002,10.664512656267433
1708,170.70341399999998,10.667237736395816
1709,170.803416,10.707016921837296
1710,170.90341800000002,10.847120026358315
1711,171.00342,10.975875753094284
1712,171.103422,11.170359537653166
1713,171.203424,11.46673604431573
1714,171.303426,11.108440766714267
1715,171.40342800000002,10.885437453807684
1716,171.50342999999998,11.039557573822252
1717,171.603432,11.191310326878156
1718,171.70343400000002,11.18536403855858
1719,171.803436,11.225807859417184
1720,171.903438,10.39330273741594
1721,172.00344,10.828906991816645
1722,172.103442,10.257367490091427
1723,172.20344400000002,10.368621248605656
1724,172.303446,10.202015633222835
1725,172.403448,9.991270960708098
1726,172.50345000000002,10.073365526737721
1727,172.603452,10.362831632437516
1728,172.703454,10.223038072091812
1729,172.803456,9.735731845864569
1730,172.903458,9.75903419823307
1731,173.00346,9.695246811330678
1732,173.103462,9.933652301674096
1733,173.203464,9.6186078324849
1734,173.30346600000001,9.955631778651059
1735,173.403468,9.998707897418026
1736,173.50347,10.226844235341858
1737,173.603472,9.778995839662098
1738,173.70347400000003,9.82032868313171
1739,173.803476,9.692985342755339
1740,173.903478,10.33965757456593
1741,174.00348000000002,9.831987905936222
1742,174.103482,10.233791243014617
1743,174.203484,10.18938426547021
1744,174.303486,9.671075870587275
1745,174.403488,10.286187671943859
1746,174.50349,9.904438300388092
1747,174.603492,10.534092901468247
1748,174.703494,10.534187607181968
1749,174.80349600000002,10.854405497326484
1750,174.90349799999998,10.44808825326354
1751,175.0035,10.370207158633027
1752,175.10350200000002,10.248793451819564
1753,175.203504,10.472775489549567
1754,175.303506,10.193236653743316
1755,175.403508,10.422585478575735
1756,175.50351,10.846576713912992
1757,175.60351200000002,10.24621949394271
1758,175.70351399999998,10.588545143495411
1759,175.803516,10.260578162844803
1760,175.90351800000002,10.434745969915568
1761,176.00351999999998,10.483047027568139
1762,176.103522,10.362543477586993
1763,176.20352400000002,10.331498143675944
1764,176.303526,10.590352078963644
1765,176.403528,10.634188016527165
1766,176.50353,10.547977634664322
1767,176.603532,10.472989142719815
1768,176.70353400000002,10.827259954007312
1769,176.80353599999998,10.972556628350926
1770,176.903538,11.210231543824213
1771,177.00354000000002,10.811060882638797
1772,177.103542,9.976343676919637
1773,177.203544,10.205465352849718
1774,177.303546,10.422223828769827
1775,177.403548,10.72164520647783
1776,177.50355000000002,11.284885421905638
1777,177.603552,11.776443174790362
1778,177.703554,10.882130478336082
1779,177.80355600000001,11.150681850155078
1780,177.903558,11.035215645335242
1781,178.00356,10.983251034923935
1782,178.103562,10.989817294345727
1783,178.203564,11.346002182739749
1784,178.303566,11.575002192181865
1785,178.403568,11.481137115146145
1786,178.50357,11.54709948952931
1787,178.603572,11.418001657431047
1788,178.703574,11.45161868817582
1789,178.803576,10.971360793649234
1790,178.903578,10.171644284310865
1791,179.00358000000003,10.390819694301394
1792,179.103582,10.910814517314327
1793,179.203584,10.563227285925556
1794,179.30358600000002,10.576489761217438
1795,179.403588,10.472567508630005
1796,179.50359,10.581384590855828
1797,179.603592,10.510481894504183
1798,179.703594,11.345493079336674
1799,179.803596,11.03690515586399
1800,179.903598,10.86387441522274
1801,180.0036,10.500844260526916
1802,180.10360200000002,10.627082615763761
1803,180.20360399999998,10.728708770328888
1804,180.303606,10.791057458594912
1805,180.40360800000002,11.17462832723075
1806,180.50361,10.863906036694393
1807,180.603612,10.567627757318007
1808,180.703614,10.970874846751995
1809,180.803616,10.504024037173739
1810,180.90361800000002,10.09083775541722
1811,181.00361999999998,9.633165976212842
1812,181.103622,10.071595480512649
1813,181.20362400000002,10.175799172383858
1814,181.30362599999998,9.542941566318177
1815,181.403628,9.1752855891156
1816,181.50363000000002,9.27842702816394
1817,181.603632,9.134907224746643
1818,181.703634,9.120813444553674
1819,181.803636,9.166988858335865
1820,181.903638,9.754995128624302
1821,182.00364000000002,9.794302779667513
1822,182.10364199999998,9.969062798804844
1823,182.203644,9.594885708943151
1824,182.30364600000001,9.496042281483405
1825,182.403648,9.783130192318092
1826,182.50365,9.58718245800362
1827,182.603652,9.860739917485963
1828,182.703654,10.23156938913852
1829,182.80365600000002,9.87163619212675
1830,182.903658,10.067040749681377
1831,183.00366,10.093856983254154
1832,183.103662,10.494562015114742
1833,183.203664,10.292695396183145
1834,183.303666,10.798695605943088
1835,183.403668,10.111269731934994
1836,183.50367,9.8555374971823
1837,183.603672,10.038680883104295
1838,183.703674,10.765836997975828
1839,183.803676,11.014144647463493
1840,183.903678,11.095632071770206
1841,184.00368,10.100469997442957
1842,184.103682,9.81562857603451
1843,184.203684,10.149030096234824
1844,184.30368600000003,11.026640879145209
1845,184.403688,10.245583491369695
1846,184.50369,10.510135965193548
1847,184.60369200000002,10.45594431603465
1848,184.703694,10.405621886640084
1849,184.803696,9.805279824561772
1850,184.903698,10.141150146367982
1851,185.0037,9.91462137193737
1852,185.103702,10.060977083495759
1853,185.203704,10.286678043159066
1854,185.303706,10.23518960730588
1855,185.40370800000002,10.362708985606384
1856,185.50370999999998,10.805683532890637
1857,185.603712,10.359845120622825
1858,185.70371400000002,9.784513594769018
1859,185.803716,9.557381281024297
1860,185.903718,9.778410895910412
1861,186.00372,10.095192266849821
1862,186.103722,10.347375323415873
1863,186.20372400000002,10.448440560590644
1864,186.30372599999998,10.175175099545706
1865,186.403728,10.467693072258674
1866,186.50373000000002,10.323750727227536
1867,186.603732,9.614131381113433
1868,186.703734,10.954581472522689
1869,186.80373600000001,10.534310244318403
1870,186.903738,10.650167830313624
1871,187.00374,10.235011756427697
1872,187.103742,10.349699513420099
1873,187.203744,10.143889801419567
1874,187.30374600000002,10.367280844989294
1875,187.40374799999998,10.437262370933908
1876,187.50375,10.259646707513191
1877,187.60375200000001,9.746782850446673
1878,187.703754,9.812605392953584
1879,187.803756,9.868823190518977
1880,187.903758,9.791867852103026
1881,188.00376,9.48893952894139
1882,188.10376200000002,10.016648392658434
1883,188.203764,10.211232146957302
1884,188.303766,10.091037445552853
1885,188.403768,10.258659362969649
1886,188.50377,10.34377551941349
1887,188.603772,9.799774611666972
1888,188.703774,10.101900052939792
1889,188.803776,10.090468126908604
1890,188.903778,10.442974836961204
1891,189.00378,10.193154768359593
1892,189.103782,10.524749467547432
1893,189.203784,10.475623202122994
1894,189.303786,10.604066235760804
1895,189.403788,10.941421407604413
1896,189.50379,10.671672499587222
1897,189.60379200000003,10.46326463206177
1898,189.703794,10.43571549243268
1899,189.803796,10.467985248633553
1900,189.90379800000002,10.260291339808676
1901,190.0038,10.380623955214531
1902,190.103802,10.6226168826444
1903,190.203804,10.810269139833252
1904,190.303806,10.727562718160424
1905,190.403808,10.120091069217905
1906,190.50381,10.416731523134084
1907,190.603812,10.707350386182789
1908,190.70381400000002,11.458870979608736
1909,190.80381599999998,11.428571688344352
1910,190.903818,11.323766611553358
1911,191.00382000000002,11.587448917537538
1912,191.103822,11.104281914280632
1913,191.203824,11.282383918878852
1914,191.30382600000002,11.285360352633656
1915,191.403828,11.713579750673206
1916,191.50383000000002,11.094886034614108
1917,191.60383199999998,10.89511309418788
1918,191.703834,10.550503649789608
1919,191.80383600000002,11.07506572552148
1920,191.903838,10.523695880590305
1921,192.00384,11.241641057834602
1922,192.10384200000001,10.785552169341285
1923,192.203844,10.298242653891263
1924,192.303846,10.256168921429888
1925,192.403848,10.707833991857775
1926,192.50385,10.759427886891682
1927,192.60385200000002,10.384978262887028
1928,192.70385399999998,11.045197648285008
1929,192.803856,10.5436356607893
1930,192.903858,10.726995380377117
1931,193.00386,10.567053966661977
1932,193.103862,11.066850982919698
1933,193.203864,10.663709233057046
1934,193.303866,11.001586067454724
1935,193.40386800000002,10.531376299623421
1936,193.50387,10.224054282281816
1937,193.603872,10.40091874653017
1938,193.703874,11.226229747863648
1939,193.80387600000003,11.53408792633369
1940,193.903878,10.811426395660993
1941,194.00388,10.582475758858937
1942,194.103882,10.493434469738906
1943,194.203884,10.918124606756153
1944,194.303886,11.00019101258872
1945,194.403888,10.960656452653321
1946,194.50389,10.952446434741727
1947,194.603892,10.689504977824718
1948,194.703894,10.970398912889012
1949,194.803896,10.732222219299132
1950,194.90389800000003,11.0579951931377
1951,195.0039,10.760281585226798
1952,195.103902,10.720613077128128
1953,195.20390400000002,11.070154126515474
1954,195.303906,10.888438125865589
1955,195.403908,10.901397523431438
1956,195.50391,10.87120323921882
1957,195.603912,10.834752758821715
1958,195.703914,10.551428518574681
1959,195.803916,10.59786406331127
1960,195.903918,10.637457507317503
1961,196.00392000000002,10.38611341624575
1962,196.10392199999998,10.757603509707325
1963,196.203924,10.882989216941292
1964,196.30392600000002,10.192841669536927
1965,196.403928,10.255689567303607
1966,196.50393,10.201723680433377
1967,196.60393200000001,10.36209426297703
1968,196.703934,10.070306173281102
1969,196.80393600000002,10.740071355354997
1970,196.90393799999998,10.662811883413875
1971,197.00394,10.544019839691433
1972,197.10394200000002,10.385123977417564
1973,197.203944,10.57842399756282
1974,197.303946,10.912974831058271
1975,197.403948,10.621672313166307
1976,197.50395,10.95774966348024
1977,197.603952,10.950540503058306
1978,197.703954,11.754948473501507
1979,197.803956,12.016520778062855
1980,197.90395800000002,12.06031278340212
1981,198.00395999999998,11.798612772969099
1982,198.103962,11.551755362510233
1983,198.203964,11.098228200887675
1984,198.303966,11.337225299439316
1985,198.403968,11.386021794875095
1986,198.50397,10.638108970876926
1987,198.603972,11.331763788722542
1988,198.70397400000002,11.236663909624959
1989,198.803976,11.046694211120482
1990,198.903978,10.837696648909311
1991,199.00398,10.173739360887863
1992,199.10398200000003,10.332363987321665
1993,199.203984,10.616952051681002
1994,199.303986,10.66280117327809
1995,199.403988,10.96757298080886
1996,199.50399,10.272535696210573
1997,199.603992,11.127303575644875
1998,199.703994,10.725194453771286
1999,199.803996,10.642652838925674
2000,199.903998,11.463861282960709
2001,200.004,10.770212944360606
2002,200.104002,10.597411852093053
2003,200.20400400000003,10.271342821101024
2004,200.304006,10.57300579574922
2005,200.404008,10.323619373915255
2006,200.50401000000002,10.942991667948021
2007,200.604012,10.61157123273923
2008,200.704014,10.822388259908001
2009,200.804016,10.097511434234788
2010,200.904018,10.624887615198608
2011,201.00402000000003,10.624397130430376
2012,201.104022,10.741913843023731
2013,201.204024,10.648895373760597
2014,201.30402600000002,10.269518414009054
2015,201.40402799999998,10.723729622656226
2016,201.50403,11.02016920880433
2017,201.60403200000002,11.395317390084106
2018,201.704034,10.645881620234912
2019,201.804036,10.72369280085191
2020,201.904038,10.84672681785553
2021,202.00404,11.11821049193269
2022,202.10404200000002,11.787553399196648
2023,202.20404399999998,11.808180231745899
2024,202.304046,12.379511417590038
2025,202.40404800000002,11.790460286199725
2026,202.50405,11.566058710833369
2027,202.604052,12.193615870511403
2028,202.704054,11.70551999564254
2029,202.804056,11.385309160892172
2030,202.904058,11.350771834726674
2031,203.00406,11.394731749018593
2032,203.104062,11.362591442560591
2033,203.20406400000002,11.506593019243128
2034,203.30406599999998,11.489352088444363
2035,203.404068,12.44932441404339
2036,203.50407,12.329271878341386
2037,203.604072,11.969130228831672
2038,203.704074,11.771615926864433
2039,203.804076,11.378265259208277
2040,203.904078,11.798809736764877
2041,204.00408000000002,11.415867321459912
2042,204.104082,11.278723715360966
2043,204.204084,10.835730501529177
2044,204.304086,11.143846272737884
2045,204.40408800000003,11.368576042419416
2046,204.50409,11.166035224977398
2047,204.604092,10.304741924754785
2048,204.704094,11.35953122003567
2049,204.804096,10.6614559962272
2050,204.904098,11.855888069885461
2051,205.0041,11.748309188675222
2052,205.104102,10.535123544944286
2053,205.204104,10.127352040902716
2054,205.304106,10.930436985783134
2055,205.404108,10.497107421170815
2056,205.50411000000003,9.940258595190699
2057,205.604112,10.099581921783376
2058,205.704114,10.120125379207455
2059,205.80411600000002,10.268102213262582
2060,205.904118,10.452432588245255
2061,206.00412,10.615972470574754
2062,206.104122,10.904262880369219
2063,206.204124,11.945240709426784
2064,206.30412600000002,11.478767553313872
2065,206.404128,11.09096271584211
2066,206.50413,10.819419063642275
2067,206.60413200000002,10.601694329283951
2068,206.70413399999998,10.726210365471978
2069,206.804136,11.281926645528277
2070,206.90413800000002,11.474367602436525
2071,207.00414,11.767644700174577
2072,207.104142,12.065712441342745
2073,207.204144,11.666220695630015
2074,207.304146,11.079638132173336
2075,207.40414800000002,11.175859307982996
2076,207.50414999999998,11.224322868526615
2077,207.604152,12.241985895519411
2078,207.70415400000002,11.3965182054317
2079,207.804156,11.019547211731133
2080,207.904158,10.690117429393608
2081,208.00416,10.811007701919038
2082,208.104162,10.89003635399911
2083,208.20416400000002,10.468006384871902
2084,208.304166,10.678090456436781
2085,208.404168,10.713193489079103
2086,208.50417000000002,11.017192758235346
2087,208.604172,10.74813260159488
2088,208.704174,10.741269541272155
2089,208.804176,10.831103212988861
2090,208.904178,10.958423065382648
2091,209.00418,10.593638469990966
2092,209.104182,10.42675304811538
2093,209.204184,11.262961104275313
2094,209.30418600000002,11.036123639202954
2095,209.404188,11.215452425654735
2096,209.50419,11.23284372680458
2097,209.604192,11.54340943092369
2098,209.70419400000003,11.246929061259513
2099,209.804196,10.99349844525554
2100,209.904198,11.201419325953054
2101,210.00420000000003,10.651683861168024
2102,210.104202,10.22557687708816
2103,210.204204,10.871639752679068
2104,210.304206,10.7534932085128
2105,210.404208,11.001218485037093
2106,210.50421,10.386245586669558
2107,210.604212,10.322141252318765
2108,210.704214,10.111232108911361
2109,210.80421600000003,10.376700142896498
2110,210.904218,10.773784628316642
2111,211.00422,11.203404743464331
2112,211.10422200000002,10.971695678407253
2113,211.204224,11.34669574299475
2114,211.304226,10.21016182685192
2115,211.404228,10.375637858841136
2116,211.50423,10.550119173218674
2117,211.60423200000002,10.268223689540275
2118,211.70423399999999,10.740608860420734
2119,211.804236,10.313898118252062
2120,211.90423800000002,10.42108899682528
2121,212.00423999999998,10.59992630542243
2122,212.104242,10.34461541103274
2123,212.20424400000002,10.076149040321557
2124,212.304246,10.107456497782346
2125,212.404248,10.67411004503302
2126,212.50425,10.494281996160995
2127,212.604252,10.357749305802791
2128,212.70425400000002,10.401320984608157
2129,212.80425599999998,10.427120734277803
2130,212.904258,10.307817327039563
2131,213.00426000000002,10.249382432827424
2132,213.104262,9.798337734854911
2133,213.204264,9.97269938615841
2134,213.304266,10.04987247589634
2135,213.404268,10.273578882751261
2136,213.50427000000002,10.30034007733608
2137,213.604272,10.394299319972355
2138,213.704274,10.676526860889833
2139,213.80427600000002,10.701480354297553
2140,213.904278,11.184417901441396
2141,214.00428,11.129607729122696
2142,214.104282,11.222128583294838
2143,214.204284,11.307791352747547
2144,214.304286,10.948311071919427
2145,214.404288,11.030880110398778
2146,214.50429,11.210382190479757
2147,214.60429200000002,11.271258849573229
2148,214.704294,11.525411539587907
2149,214.804296,11.528153439456162
2150,214.904298,11.659068409173594
2151,215.00430000000003,10.797775943930963
2152,215.104302,10.869729995276343
2153,215.204304,11.28832495636759
2154,215.30430600000003,10.709125618194044
2155,215.404308,11.050062766119662
2156,215.50431,11.101826215143992
2157,215.604312,11.31330458109774
2158,215.704314,11.48200346363628
2159,215.804316,12.151697079050683
2160,215.904318,11.354281169284679
2161,216.00432,11.241127415668005
2162,216.10432200000002,11.216586568938595
2163,216.20432399999999,11.140846204310618
2164,216.304326,11.463358714378373
2165,216.40432800000002,11.921129420583984
2166,216.50433,11.824389126878195
2167,216.604332,11.463649049873041
2168,216.704334,11.258252224172798
2169,216.804336,11.05737945643398
2170,216.90433800000002,11.203320454448502
2171,217.00433999999998,11.542665341315837
2172,217.104342,11.404530695894104
2173,217.20434400000002,11.992968277519589
2174,217.30434599999998,11.727148384961994
2175,217.404348,11.335673624586494
2176,217.50435000000002,11.084004628776809
2177,217.604352,10.90637962657597
2178,217.704354,10.590351546667002
2179,217.804356,10.740086727133914
2180,217.904358,10.699228481911204
2181,218.00436000000002,10.530322655122532
2182,218.10436199999998,10.36833040285671
2183,218.204364,10.545636849321541
2184,218.30436600000002,10.359781445524526
2185,218.404368,10.364292934947477
2186,218.50437,10.313100203208965
2187,218.604372,10.133095869727796
2188,218.704374,10.310660676198939
2189,218.80437600000002,10.204841656874287
2190,218.904378,10.376082247344577
2191,219.00438,10.342892757990318
2192,219.10438200000002,10.434037711543635
2193,219.204384,10.222493206706002
2194,219.304386,10.361954069691594
2195,219.404388,10.553105795580873
2196,219.50439,10.521583312072666
2197,219.604392,10.193772594025829
2198,219.704394,10.309591792851041
2199,219.804396,10.051066004859614
2200,219.90439800000001,10.226199703920477
2201,220.0044,10.155621025063482
2202,220.104402,10.213730777191076
2203,220.204404,10.156912058357419
2204,220.30440600000003,10.203621710377837
2205,220.404408,10.047508571000552
2206,220.50441,10.165997260744923
2207,220.60441200000002,10.001990215960566
2208,220.704414,10.31187211701192
2209,220.804416,10.202941383849739
2210,220.904418,10.119069586717705
2211,221.00442,10.439120024346584
2212,221.104422,10.336480063764599
2213,221.204424,10.238256498537725
2214,221.304426,10.419258217209002
2215,221.40442800000002,10.536537700255145
2216,221.50442999999999,10.175257803437972
2217,221.604432,10.162600278293148
2218,221.70443400000002,10.02050927806124
2219,221.804436,10.024107129398347
2220,221.904438,10.127887440971817
2221,222.00444,9.924165099403425
2222,222.104442,9.988140286052586
2223,222.20444400000002,9.974994706096071
2224,222.30444599999998,9.594280555042467
2225,222.404448,9.543938121610493
2226,222.50445000000002,9.663253372689146
2227,222.60445199999998,9.875243031892037
2228,222.704454,9.604906304496414
2229,222.80445600000002,9.505014105468469
2230,222.904458,9.4962132076042
2231,223.00446,9.550987208416016
2232,223.104462,9.416707721460167
2233,223.204464,9.596997335081836
2234,223.30446600000002,9.705543880776098
2235,223.40446799999998,9.74746041920727
2236,223.50447,9.577787129384648
2237,223.60447200000002,9.743792314133296
2238,223.704474,9.632214842586519
2239,223.804476,9.81357086483458
2240,223.904478,9.6559680219665
2241,224.00448,9.731655413152547
2242,224.10448200000002,9.62169845676152
2243,224.204484,9.801809516098706
2244,224.304486,9.681255179160846
2245,224.40448800000001,9.829519527215663
2246,224.50449,9.773150061676969
2247,224.604492,9.698913716322677
2248,224.704494,10.030737123484297
2249,224.804496,10.056299568803272
2250,224.904498,10.163654459236385
2251,225.0045,10.185582039934506
2252,225.104502,9.964789032070406
2253,225.20450400000001,10.034598341315228
2254,225.304506,10.103507865864316
2255,225.404508,10.4414608146421
2256,225.50451,10.214791473396145
2257,225.60451200000003,9.828451075545114
2258,225.704514,9.941172210022833
2259,225.804516,10.408103750738205
2260,225.90451800000002,10.373764483280192
2261,226.00452,10.349043966653076
2262,226.104522,10.260240262528862
2263,226.204524,10.161544428034377
2264,226.304526,10.362209704926446
2265,226.404528,10.370086576313536
2266,226.50453,9.9216765783949
2267,226.604532,10.066113446829352
2268,226.70453400000002,10.166140626917358
2269,226.80453599999998,10.182337112069606
2270,226.904538,10.393449993873883
2271,227.00454000000002,10.104175993377572
2272,227.104542,10.324191124356645
2273,227.204544,10.251323455330382
2274,227.30454600000002,10.504661519689783
2275,227.404548,10.61849863718027
2276,227.50455000000002,10.335471330184966
2277,227.60455199999998,9.89180306927661
2278,227.704554,9.824251482144437
2279,227.80455600000002,10.081118038981627
2280,227.904558,10.375253402130763
2281,228.00456,10.208115569524708
2282,228.10456200000002,10.197612883149358
2283,228.204564,10.371963953303732
2284,228.304566,10.533209891558206
2285,228.404568,10.7319174326165
2286,228.50457,10.751407406976094
2287,228.60457200000002,10.859443051960376
2288,228.70457399999998,10.846201377265391
2289,228.804576,10.546992399112549
2290,228.90457800000001,10.833912164876148
2291,229.00458,11.083771007479337
2292,229.104582,11.152826174207252
2293,229.204584,10.940654348700788
2294,229.304586,10.896529801922403
2295,229.40458800000002,11.076694573908348
2296,229.50459,10.80540778867054
2297,229.604592,10.558676449168672
2298,229.70459400000001,10.640140544528329
2299,229.804596,10.675043723198721
2300,229.904598,10.522596688577359
2301,230.0046,10.513426831954588
2302,230.104602,10.563810399498967
2303,230.204604,10.407490913387589
2304,230.304606,10.997557634364444
2305,230.404608,10.789494366835534
2306,230.50461,10.328127197552925
2307,230.604612,10.426467234089948
2308,230.704614,10.48325150225704
2309,230.804616,10.424844198722225
2310,230.90461800000003,10.819754963834917
2311,231.00462,10.517186004253695
2312,231.104622,10.515283231534994
2313,231.20462400000002,10.640432355216605
2314,231.304626,10.455166485239944
2315,231.404628,10.1901403893226
2316,231.50463,10.35056799479698
2317,231.604632,10.801191939130065
2318,231.704634,10.532443623736489
2319,231.804636,10.46863748141108
2320,231.904638,10.727305676894346
2321,232.00464000000002,10.979159530988646
2322,232.10464199999998,11.154142427115566
2323,232.204644,10.443079488896974
2324,232.30464600000002,10.317169702799779
2325,232.404648,10.483209382286566
2326,232.50465,11.005261861960944
2327,232.60465200000002,10.78441246543745
2328,232.704654,10.339728676127287
2329,232.80465600000002,10.630634612755026
2330,232.90465799999998,10.579355608141382
2331,233.00466,11.166794495820486
2332,233.10466200000002,10.785875825765867
2333,233.204664,10.236826005570043
2334,233.304666,10.387929371786166
2335,233.40466800000002,10.501862238387698
2336,233.50467,10.423343594383786
2337,233.604672,10.50261127860186
2338,233.704674,10.485010032472793
2339,233.804676,10.296045220825194
2340,233.90467800000002,10.282135629804328
2341,234.00467999999998,9.99575031192836
2342,234.104682,10.124028978035906
2343,234.20468400000001,10.253097268288874
2344,234.304686,9.95200456625816
2345,234.404688,10.442503300881786
2346,234.50469,10.341489719978062
2347,234.604692,10.359220602151051
2348,234.70469400000002,10.511714762436364
2349,234.804696,10.907594891396464
2350,234.904698,10.693113087706395
2351,235.0047,10.625237336140621
2352,235.10470200000003,10.512246817428899
2353,235.204704,10.352650464942569
2354,235.304706,10.468356907819842
2355,235.404708,11.013612662906848
2356,235.50471,10.47852262550149
2357,235.604712,10.399185777201142
2358,235.704714,10.126552120220538
2359,235.804716,10.043926842158465
2360,235.904718,10.499580670536256
2361,236.00472,10.354979462372649
2362,236.104722,10.261460788622784
2363,236.20472400000003,9.934781618340633
2364,236.304726,10.205892108239128
2365,236.404728,10.10289010040137
2366,236.50473000000002,10.079613437262742
2367,236.604732,10.344796682980743
2368,236.704734,10.11950281847977
2369,236.804736,10.40904184223488
2370,236.904738,10.82603600145983
2371,237.00474,10.529845630113858
2372,237.104742,10.682846644064385
2373,237.204744,10.665211927543787
2374,237.30474600000002,10.52038169583797
2375,237.40474799999998,10.19657230935109
2376,237.50475,10.016711597375528
2377,237.60475200000002,10.00059361587888
2378,237.704754,10.18095042138744
2379,237.804756,10.170453551165703
2380,237.90475800000002,9.935084952815776
2381,238.00476,10.435203946976232
2382,238.10476200000002,10.453054799970822
2383,238.20476399999998,10.184319562093897
2384,238.304766,9.974901740686418
2385,238.40476800000002,9.928525477360235
2386,238.50477,10.479543844543636
2387,238.604772,10.37662583023477
2388,238.70477400000001,10.64235904062005
2389,238.804776,10.411045924515404
2390,238.904778,10.87357020451154
2391,239.00478,10.608047392865737
2392,239.104782,10.552984180055992
2393,239.20478400000002,10.832797574819804
2394,239.30478599999998,10.777141065051277
2395,239.404788,10.66248801481577
2396,239.50479,10.511047603005538
2397,239.604792,10.38130569907703
2398,239.704794,10.594436268657113
2399,239.804796,10.635225317789464
2400,239.904798,10.718230394022157
2401,240.00480000000002,10.279991369547242
2402,240.104802,10.525353911179012
2403,240.204804,10.59337901555473
2404,240.304806,10.534345350070772
2405,240.40480800000003,10.560813652914709
2406,240.50481,11.226445836854339
2407,240.604812,10.88947931157826
2408,240.704814,10.857576556614621
2409,240.804816,10.822949014008943
2410,240.904818,10.8613720005984
2411,241.00482,10.892915849402689
2412,241.104822,10.515709227596833
2413,241.204824,10.962654067832517
2414,241.304826,11.02054998093836
2415,241.404828,10.789060949798262
2416,241.50483000000003,10.698844339840889
2417,241.604832,10.671802622484757
2418,241.704834,10.471339102604745
2419,241.80483600000002,10.529879642018267
2420,241.904838,11.11541552448029
2421,242.00484,10.791613405873946
2422,242.104842,10.391731402711631
2423,242.204844,10.55680248867601
2424,242.30484600000003,10.471621378800084
2425,242.404848,10.819766336472593
2426,242.50485,10.484732537079678
2427,242.60485200000002,10.527809531816532
2428,242.70485399999998,10.399487857118777
2429,242.804856,10.359128744189702
2430,242.90485800000002,10.617801718842419
2431,243.00486,11.186546359160644
2432,243.104862,11.204961794224733
2433,243.20486400000001,11.20662761784382
2434,243.304866,10.438542899226585
2435,243.40486800000002,10.596722517956
2436,243.50486999999998,10.526690245932581
2437,243.604872,10.704730644634806
2438,243.70487400000002,11.212726931325008
2439,243.804876,10.523335233681578
2440,243.904878,10.208201298591726
2441,244.00488,10.858129326289651
2442,244.104882,10.37157982539802
2443,244.204884,10.985917667817656
2444,244.304886,10.546467562608862
2445,244.404888,10.58998608670394
2446,244.50489000000002,10.344108808427515
2447,244.604892,10.41880437081683
2448,244.704894,10.304584285701079
2449,244.804896,10.494080495266727
2450,244.904898,10.312116657616937
2451,245.0049,10.460994515062094
2452,245.104902,10.427674439523832
2453,245.204904,10.740481477179841
2454,245.30490600000002,10.767061882126388
2455,245.404908,11.341803039241638
2456,245.50491,11.179641792960041
2457,245.604912,11.323891988072628
2458,245.70491400000003,11.313918753884332
2459,245.804916,10.78658770114997
2460,245.904918,10.802284821809256
2461,246.00492000000003,10.582260055751094
2462,246.104922,10.251987766274931
2463,246.204924,10.726164102640071
2464,246.304926,10.58571511718196
2465,246.404928,10.608951277082735
2466,246.50493,10.256582181929943
2467,246.604932,10.325710836647184
2468,246.704934,10.076919849940749
2469,246.80493600000003,10.239811774934124
2470,246.904938,10.092509429885208
2471,247.00494,10.202815376477396
2472,247.10494200000002,10.288269471311764
2473,247.204944,10.07393493586468
2474,247.304946,10.109327612807952
2475,247.404948,10.176985804420918
2476,247.50495,10.035964205478829
2477,247.60495200000003,10.012816815512585
2478,247.704954,10.584307165054184
2479,247.804956,10.59812636306753
2480,247.90495800000002,10.621202871899056
2481,248.00495999999998,10.45360481842853
2482,248.104962,9.967690069874957
2483,248.20496400000002,10.074164351336993
2484,248.304966,10.157032231610735
2485,248.404968,10.140665639977351
2486,248.50497000000001,10.322222459718478
2487,248.604972,9.961747279424063
2488,248.70497400000002,9.898166574804387
2489,248.80497599999998,10.05287804956839
2490,248.904978,10.447138876163853
2491,249.00498000000002,10.48876650740183
2492,249.104982,10.348672263785668
2493,249.204984,10.342616349240581
2494,249.304986,10.602008602194477
2495,249.404988,10.423361071206285
2496,249.50499,10.568818942360641
2497,249.604992,10.125870015668776
2498,249.704994,10.546945964358072
2499,249.80499600000002,10.840479575744912
2500,249.904998,10.598379618982555
2501,250.005,10.717192681408916
2502,250.105002,11.1118846688148
2503,250.205004,10.823278713175954
2504,250.305006,10.634357220136888
2505,250.405008,10.282318747010008
2506,250.50501,10.203855327413834
2507,250.60501200000002,10.349380893045014
2508,250.705014,10.625343677101492
2509,250.805016,10.18559548719138
2510,250.905018,9.835705762065933
2511,251.00502000000003,9.868671291284235
2512,251.105022,9.964411732611184
2513,251.205024,10.01337487834619
2514,251.30502600000003,9.840109135118944
2515,251.405028,10.006515062863103
2516,251.50503,9.991795700071496
2517,251.605032,10.443603851639919
2518,251.705034,10.816405750490476
2519,251.805036,10.648859924455081
2520,251.905038,10.66522371435033
2521,252.00504,10.780373096618266
2522,252.10504200000003,10.984594005736966
2523,252.205044,10.474340768820769
2524,252.305046,10.33087124327523
2525,252.40504800000002,10.261560296798727
2526,252.50505,10.304785871077852
2527,252.605052,10.526130449750942
2528,252.705054,10.541663282693136
2529,252.805056,10.590965723553117
2530,252.90505800000003,10.306349200917479
2531,253.00506,10.014821466720923
2532,253.105062,10.379226276274153
2533,253.20506400000002,10.207926436168854
2534,253.30506599999998,10.271362597621941
2535,253.405068,10.240660443099177
2536,253.50507000000002,10.703333862146845
2537,253.605072,10.260298014715055
2538,253.705074,10.404512474873693
2539,253.805076,10.375536089857562
2540,253.905078,10.386437186523668
2541,254.00508000000002,10.497924492457278
2542,254.10508199999998,10.275869202072585
2543,254.205084,10.20700920724599
2544,254.30508600000002,10.322623953969513
2545,254.405088,10.38220261373222
2546,254.50509,10.169942071732727
2547,254.605092,10.2715663772106
2548,254.705094,10.484855742213039
2549,254.80509600000002,10.3447007971615
2550,254.905098,10.475976514418639
2551,255.0051,9.866700248958766
2552,255.10510200000002,10.369665731654408
2553,255.205104,10.295403570193027
2554,255.305106,10.241596777121261
2555,255.405108,10.12634409912917
2556,255.50511,10.188367791400966
2557,255.605112,10.28496780928645
2558,255.705114,10.776919355151213
2559,255.805116,10.706588729659778
2560,255.90511800000002,10.635043437885187
2561,256.00512,10.349549262141473
2562,256.105122,10.406666249804145
2563,256.205124,10.123394466902305
2564,256.30512600000003,10.008548864727528
2565,256.405128,9.850095607338211
2566,256.50513,10.072833393443728
2567,256.605132,9.83761797848682
2568,256.705134,9.801657841193766
2569,256.805136,9.854627274520665
2570,256.905138,10.018696703475436
2571,257.00514000000004,10.0284580679545
2572,257.105142,9.991443398470693
2573,257.205144,10.081145408648753
2574,257.30514600000004,9.926429072223671
2575,257.405148,10.132746645341951
2576,257.50515,9.9714706021301
2577,257.605152,10.105529702245727
2578,257.705154,10.128681123640789
2579,257.805156,10.054416744644655
2580,257.905158,9.92199292367201
2581,258.00516,10.015141675086426
2582,258.105162,10.107202656281492
2583,258.205164,10.038651733016524
2584,258.305166,9.852837559814148
2585,258.405168,9.985513897467666
2586,258.50517,9.974263427448282
2587,258.605172,9.988278283503512
2588,258.705174,9.886778700381491
2589,258.805176,10.071982128453953
2590,258.90517800000003,9.965384483181419
2591,259.00518,9.962215840237837
2592,259.105182,9.979287445988533
2593,259.20518400000003,9.942270729455812
2594,259.305186,9.845793778868572
2595,259.405188,10.177382403440498
2596,259.50519,10.322666541017293
2597,259.605192,10.51777908801385
2598,259.705194,10.035223634246174
2599,259.805196,10.178107074504153
2600,259.905198,10.023866016704376
2601,260.0052,10.024640219570541
2602,260.105202,10.316588598337699
2603,260.205204,10.45592016596769
2604,260.305206,10.206515025448509
2605,260.405208,10.623024695862076
2606,260.50521,10.131208467988072
2607,260.605212,10.285248479385217
2608,260.705214,10.662549048929726
2609,260.80521600000003,10.427629074639315
2610,260.905218,10.359428328846679
2611,261.00522,10.767462068092007
2612,261.105222,10.357860719522265
2613,261.20522400000004,10.637139786448166
2614,261.305226,10.059213324282515
2615,261.405228,10.21346903230299
2616,261.50523,10.087542506196684
2617,261.605232,10.063350488870846
2618,261.705234,9.99084755376767
2619,261.805236,10.147909588488057
2620,261.905238,10.11292542315743
2621,262.00524,10.19543552072275
2622,262.105242,10.236839870986865
2623,262.205244,10.200649438684112
2624,262.305246,10.303271911987581
2625,262.40524800000003,9.965652134056477
2626,262.50525,10.097923133605926
2627,262.60525199999995,10.243829948210141
2628,262.705254,10.059011782370066
2629,262.805256,10.11758272362757
2630,262.905258,9.940772294653565
2631,263.00526,10.302322988869943
2632,263.105262,10.302432496258426
2633,263.205264,10.28879708661179
2634,263.305266,10.321099474719087
2635,263.405268,10.304533456057177
2636,263.50527,10.335658738726748
2637,263.605272,10.667646115084473
2638,263.70527400000003,10.468572817996833
2639,263.805276,10.784064606819408
2640,263.905278,10.450061928358027
2641,264.00528,10.259698386628314
2642,264.105282,10.462759925463233
2643,264.205284,10.277144751722831
2644,264.305286,10.222281405713689
2645,264.405288,10.246194200110613
2646,264.50529,10.487814279121087
2647,264.605292,10.09198905878349
2648,264.705294,10.49443694083011
2649,264.80529600000006,10.255854634869761
2650,264.905298,10.499311325167453
2651,265.0053,10.550925416132529
2652,265.10530200000005,10.41511133559192
2653,265.205304,10.183364529809014
2654,265.305306,10.295586066185724
2655,265.405308,10.429469785056256
2656,265.50531,10.23904998855026
2657,265.605312,10.559650875426145
2658,265.705314,10.379707295226737
2659,265.805316,10.02480048949892
2660,265.905318,10.26112840408824
2661,266.00532,10.141549235370768
2662,266.105322,10.1067688654554
2663,266.205324,10.024563553189166
2664,266.305326,10.152490533893292
2665,266.405328,10.061613651875756
2666,266.50533,10.093302947938717
2667,266.605332,10.048957511920424
2668,266.70533400000005,10.058305197169522
2669,266.805336,10.192279317809565
2670,266.905338,9.907536512187795
2671,267.00534000000005,10.146246617811798
2672,267.105342,9.912377032704107
2673,267.20534399999997,10.092163510119336
2674,267.30534600000004,10.11084059183704
2675,267.405348,10.109775289475424
2676,267.50534999999996,10.135458735490761
2677,267.60535200000004,10.33760789656954
2678,267.705354,10.270940511937164
2679,267.805356,10.201936785032078
2680,267.90535800000004,10.074411632682445
2681,268.00536,10.201442881001656
2682,268.105362,9.977818838757115
2683,268.205364,9.955504920471853
2684,268.305366,10.293431915619502
2685,268.405368,10.174871092728033
2686,268.50536999999997,10.043192899947398
2687,268.60537200000005,10.098892794792032
2688,268.705374,10.19982848190326
2689,268.80537599999997,10.3118851748568
2690,268.90537800000004,10.088827010804893
2691,269.00538,10.2266857410133
2692,269.10538199999996,10.718886108674283
2693,269.20538400000004,10.48079972813839
2694,269.305386,10.151561896538608
2695,269.40538799999996,10.247837658104539
2696,269.50539000000003,10.456400148501183
2697,269.605392,10.492005587123938
2698,269.705394,10.317860345002611
2699,269.80539600000003,10.344410180661365
2700,269.905398,10.06444716637017
2701,270.0054,10.19722259485489
2702,270.105402,10.106933042396541
2703,270.205404,10.252312220291738
2704,270.305406,10.30038255895921
2705,270.405408,10.490234159046363
2706,270.50541000000004,9.963264269398396
2707,270.605412,10.070384205705546
2708,270.70541399999996,10.2035661849888
2709,270.80541600000004,10.072719509871359
2710,270.905418,10.191114518974135
2711,271.00541999999996,10.108362885999373
2712,271.10542200000003,10.282640194812771
2713,271.205424,10.068257651909393
2714,271.30542599999995,10.06790407231173
2715,271.40542800000003,10.09275915673049
2716,271.50543,10.518908974709232
2717,271.605432,9.99404069050677
2718,271.705434,10.068273919278544
2719,271.805436,9.945663045019733
2720,271.905438,10.202909618497365
2721,272.00544,10.179086236305542
2722,272.105442,10.018573546958233
2723,272.205444,10.09629395621112
2724,272.305446,10.311751279107158
2725,272.40544800000004,10.419730846640974
2726,272.50545,10.224946719173738
2727,272.605452,10.216847649046226
2728,272.70545400000003,10.25738828223851
2729,272.805456,10.480058702804552
2730,272.905458,10.313802409430547
2731,273.00546,10.72330924871578
2732,273.105462,10.403253055102573
2733,273.205464,10.133771574919603
2734,273.305466,10.716184861096243
2735,273.405468,10.648384971759667
2736,273.50547,10.729270970665501
2737,273.605472,10.651301452825505
2738,273.705474,10.48190905209347
2739,273.805476,10.278236586088546
2740,273.905478,9.97956797892326
2741,274.00548,10.277619508273151
2742,274.105482,10.020434518550827
2743,274.205484,10.0534932292329
2744,274.30548600000003,10.341448021352834
2745,274.405488,10.42896325042418
2746,274.50549,10.277502323644821
2747,274.605492,10.16728659556153
2748,274.705494,10.223295739350567
2749,274.805496,10.701147156464279
2750,274.905498,10.056445518758514
2751,275.0055,10.547320432692088
2752,275.105502,10.216576936026888
2753,275.205504,10.259414648517689
2754,275.305506,10.137401005930377
2755,275.40550800000005,10.30718730248065
2756,275.50551,10.284142767828826
2757,275.605512,10.371369632423173
2758,275.70551400000005,10.239530213798597
2759,275.805516,10.672030524899505
2760,275.905518,11.019848513571194
2761,276.00552000000005,10.868637117617604
2762,276.105522,10.563981245516263
2763,276.205524,10.484549137184125
2764,276.305526,11.486041439338981
2765,276.405528,10.444834446028375
2766,276.50553,11.200912318322555
2767,276.605532,11.097332571017123
2768,276.705534,11.286494765892575
2769,276.805536,10.324685390887293
2770,276.905538,11.145562419803753
2771,277.00554,10.842243054066579
2772,277.105542,10.641456078600692
2773,277.205544,10.48805621327973
2774,277.30554600000005,10.759098542151262
2775,277.405548,10.402232171244666
2776,277.50554999999997,10.648344235307416
2777,277.60555200000005,11.074368409967859
2778,277.705554,10.623494299215295
2779,277.80555599999997,10.748830462846215
2780,277.90555800000004,10.424615675015747
2781,278.00556,10.21992342848137
2782,278.105562,11.070322356282388
2783,278.20556400000004,10.868070378761729
2784,278.305566,10.880670643453891
2785,278.405568,10.367888645715958
2786,278.50557000000003,10.76587722156426
2787,278.605572,10.359115567568486
2788,278.705574,10.485559792363231
2789,278.805576,10.409210339132574
2790,278.905578,10.325769329658304
2791,279.00558,10.184954026132079
2792,279.10558199999997,10.591435867976228
2793,279.20558400000004,10.52653035520452
2794,279.305586,10.310169577963062
2795,279.40558799999997,10.5147388975644
2796,279.50559000000004,10.952429759349958
2797,279.605592,10.742372075342752
2798,279.70559399999996,10.680649892819597
2799,279.80559600000004,10.809271185268072
2800,279.905598,10.917491203273237
2801,280.0056,10.75168855686214
2802,280.10560200000003,10.46083032054226
2803,280.205604,10.523488034062192
2804,280.305606,10.162663294951656
2805,280.40560800000003,10.340128076775917
2806,280.50561,10.555355256591183
2807,280.605612,10.979272999868288
2808,280.705614,10.429499908037492
2809,280.805616,10.840532965134061
2810,280.905618,10.586422653453022
2811,281.00562,10.562718349574878
2812,281.10562200000004,10.797913413557062
2813,281.205624,10.253573787952186
2814,281.30562599999996,10.36514898871616
2815,281.40562800000004,10.626667491419022
2816,281.50563,10.547556044069342
2817,281.60563199999996,10.332570877733948
2818,281.70563400000003,10.279862344432487
2819,281.805636,10.547828995491292
2820,281.90563799999995,10.476976505141716
2821,282.00564,10.419991692675127
2822,282.105642,10.398040968353262
2823,282.205644,10.370998962914728
2824,282.305646,10.23544837154992
2825,282.405648,10.171721388532585
2826,282.50565,10.25907632434072
2827,282.605652,10.292032226632443
2828,282.705654,10.414283141788628
2829,282.805656,10.60365890204142
2830,282.905658,10.363953816926028
2831,283.00566000000003,10.70622215034435
2832,283.105662,10.356255010639021
2833,283.205664,10.963695698719743
2834,283.30566600000003,11.096728124861798
2835,283.405668,10.123511006289677
2836,283.50567,10.453204397632733
2837,283.605672,10.732651608417159
2838,283.705674,11.41771582945356
2839,283.805676,10.380631456103098
2840,283.905678,10.61565205285134
2841,284.00568,10.67101125582594
2842,284.105682,10.58790226974177
2843,284.205684,10.169243264782537
2844,284.305686,11.069144917711672
2845,284.405688,11.272375419707258
2846,284.50569,10.767154378914706
2847,284.605692,10.493180205686986
2848,284.705694,10.975998159060683
2849,284.805696,11.116995356899356
2850,284.90569800000003,10.701511514050644
2851,285.0057,10.802797542245996
2852,285.105702,10.63532513818156
2853,285.205704,10.35434063903259
2854,285.305706,10.488767407720614
2855,285.405708,10.318115511905715
2856,285.50571,10.397713246569507
2857,285.605712,10.603986490603889
2858,285.705714,10.48436917400026
2859,285.805716,10.207429630396202
2860,285.905718,10.123181238570536
2861,286.00572000000005,10.298715689081106
2862,286.105722,10.284330749373682
2863,286.205724,10.256646363724093
2864,286.30572600000005,10.396856787193746
2865,286.405728,10.488965252480318
2866,286.50572999999997,10.298017933388184
2867,286.60573200000005,10.386329575436667
2868,286.705734,10.460167264303868
2869,286.805736,10.292081758419343
2870,286.905738,10.143365169414176
2871,287.00574,10.435877294268098
2872,287.105742,10.218504263565919
2873,287.205744,10.307237531440494
2874,287.305746,10.47748867744551
2875,287.405748,10.272851838628005
2876,287.50575,10.155690684854049
2877,287.605752,10.122101343560972
2878,287.705754,10.29855320004636
2879,287.805756,10.138081548869646
2880,287.90575800000005,9.984648477674128
2881,288.00576,10.019555536309092
2882,288.10576199999997,9.965641433275447
2883,288.20576400000004,9.918917372897429
2884,288.305766,10.10535533806156
2885,288.40576799999997,9.919042899566268
2886,288.50577000000004,9.855542254812152
2887,288.605772,9.893322966364629
2888,288.705774,9.552369009125814
2889,288.80577600000004,9.666744641260149
2890,288.905778,9.982594123630546
2891,289.00578,9.735586973293731
2892,289.10578200000003,9.858746649008616
2893,289.205784,9.876725941274744
2894,289.305786,9.910322914053115
2895,289.405788,10.09662537902708
2896,289.50579,10.281632675426506
2897,289.605792,9.935848054186025
2898,289.70579399999997,9.74238372885544
2899,289.80579600000004,10.04192299184772
2900,289.905798,10.152350651525596
2901,290.00579999999997,9.960994224631131
2902,290.10580200000004,9.962455628652346
2903,290.205804,9.9684849255277
2904,290.30580599999996,10.167968901355778
2905,290.40580800000004,9.79284568991863
2906,290.50581,9.991027545858268
2907,290.605812,9.812830352917766
2908,290.70581400000003,10.02654662664724
2909,290.805816,10.120236192336776
2910,290.905818,10.219720985002317
2911,291.00582,10.205001109412244
2912,291.105822,10.026859524097276
2913,291.205824,10.100747019021485
2914,291.305826,9.966736721700812
2915,291.405828,9.90918029019157
2916,291.50583,10.542582850971067
2917,291.605832,10.25122354602747
2918,291.70583400000004,9.829164473376618
2919,291.805836,9.69568087781848
2920,291.905838,10.067023859894835
2921,292.00584000000003,9.81669167326053
2922,292.105842,9.942022315298393
2923,292.20584399999996,9.89151350358053
2924,292.30584600000003,9.813787574918512
2925,292.405848,10.406971369471314
2926,292.50585,10.088040544555847
2927,292.605852,10.456068384139503
2928,292.705854,10.163363452188078
2929,292.805856,10.043554332954841
2930,292.905858,9.965409532443147
2931,293.00586,10.150991360159296
2932,293.105862,10.090040723123067
2933,293.205864,10.416198058785357
2934,293.305866,9.957075593668746
2935,293.405868,10.150177349969946
2936,293.50587,10.55198928637134
2937,293.60587200000003,10.100877573919833
2938,293.705874,9.863341277683887
2939,293.805876,10.150069376634955
2940,293.90587800000003,10.054931124433306
2941,294.00588,10.382529627430031
2942,294.105882,10.226044865083592
2943,294.205884,10.072515817778125
2944,294.305886,9.994403963247148
2945,294.405888,10.220827783088698
2946,294.50589,10.146633370443793
2947,294.605892,10.071566608957257
2948,294.70589400000006,9.966623493978396
2949,294.805896,10.03221542416116
2950,294.905898,10.238443184162708
2951,295.0059,10.312572851117691
2952,295.105902,10.440006637323142
2953,295.205904,10.20506900063975
2954,295.305906,10.169569571453392
2955,295.405908,10.30246062216795
2956,295.50591000000003,10.104674814261172
2957,295.605912,10.530875029263559
2958,295.705914,10.039696349529063
2959,295.805916,10.208226604652848
2960,295.905918,10.26519950470272
2961,296.00592,10.56157138158841
2962,296.105922,10.073599778819842
2963,296.205924,10.388150964200696
2964,296.305926,10.043468211570724
2965,296.405928,10.11342741997397
2966,296.50593,10.50254197641634
2967,296.60593200000005,10.348806630990786
2968,296.705934,10.305082714651878
2969,296.805936,10.373605493374338
2970,296.90593800000005,10.224012772974381
2971,297.00594,10.25941332303964
2972,297.10594199999997,10.399946230209924
2973,297.20594400000004,10.434500671817096
2974,297.305946,10.631384864664453
2975,297.405948,10.47407941690577
2976,297.50595,10.442674089650811
2977,297.605952,10.34932995934531
2978,297.705954,10.322265227310192
2979,297.805956,10.142796347146229
2980,297.905958,10.393394635938282
2981,298.00596,10.61712923035889
2982,298.105962,10.637353508480482
2983,298.205964,10.81208504301963
2984,298.305966,10.593739249302589
2985,298.405968,10.259716540373342
2986,298.50597000000005,10.45619466295314
2987,298.605972,10.39246063935147
2988,298.70597399999997,10.697943637304297
2989,298.80597600000004,10.762528900257845
2990,298.905978,10.64219148673099
2991,299.00597999999997,10.860414138127041
2992,299.10598200000004,10.737234018223447
2993,299.205984,10.648166205708161
2994,299.305986,10.814029717078867
2995,299.40598800000004,10.616535321063985
2996,299.50599,10.879026306652797
2997,299.605992,10.689384369347428
2998,299.70599400000003,10.679565278071953
2999,299.805996,10.359824782168644
3000,299.905998,10.490897209773681
3001,300.006,10.468792944679347
3002,300.106002,10.503942767509391
3003,300.206004,10.341117527272205
3004,300.30600599999997,10.566873643039683
3005,300.40600800000004,10.578064255779504
3006,300.50601,10.3751684656653
3007,300.60601199999996,10.42290382539947
3008,300.70601400000004,10.695395241055202
3009,300.806016,10.449379961454351
3010,300.90601799999996,10.48381510312664
3011,301.00602000000003,10.463639959900044
3012,301.106022,10.430772647504352
3013,301.206024,10.465472260014645
3014,301.30602600000003,10.377082987312242
3015,301.406028,10.32380291995082
3016,301.50603,10.447723022651376
3017,301.606032,10.282041719888543
3018,301.706034,10.57172245259911
3019,301.806036,10.76614151968323
3020,301.906038,10.448238522977306
3021,302.00604,10.125859185501119
3022,302.106042,10.364091876003634
3023,302.206044,10.035347628040816
3024,302.30604600000004,10.262343383598918
3025,302.406048,10.232980270749925
3026,302.50605,10.223858542626616
3027,302.60605200000003,10.241934828197806
3028,302.706054,10.45074723023624
3029,302.80605599999996,10.133718074598944
3030,302.90605800000003,10.449428789908632
3031,303.00606,10.354633972379677
3032,303.106062,10.33828924465285
3033,303.206064,10.526882147051444
3034,303.306066,10.455330062207512
3035,303.406068,10.88184545330288
3036,303.50607,10.493017879878698
3037,303.606072,10.453729576841745
3038,303.706074,10.435030752181218
3039,303.806076,10.321699009200055
3040,303.906078,10.687666283660352
3041,304.00608,10.558211127195811
3042,304.106082,10.258735688236632
3043,304.20608400000003,10.541821863144417
3044,304.306086,10.384040840752743
3045,304.406088,10.113471186401501
3046,304.50609000000003,10.244673173072524
3047,304.606092,10.472113662892886
3048,304.706094,10.449053343629277
3049,304.806096,10.263624043345724
3050,304.906098,10.320247320946992
3051,305.00610000000006,10.666633529498888
3052,305.106102,10.396157881792607
3053,305.206104,10.796167269711878
3054,305.30610600000006,10.63368982102632
3055,305.406108,10.419978186555163
3056,305.50611,10.507976971006569
3057,305.606112,10.32256524209463
3058,305.706114,10.3141198274668
3059,305.806116,10.834715466893666
3060,305.906118,10.45392884606765
3061,306.00612,10.453374408751879
3062,306.106122,10.338831802745483
3063,306.206124,10.371344847851395
3064,306.306126,10.704930318212801
3065,306.406128,10.739551774799285
3066,306.50613,10.340347230817871
3067,306.606132,10.639237316878273
3068,306.706134,10.612708816358253
3069,306.806136,10.567169824694211
3070,306.90613800000006,10.488932554236467
3071,307.00614,10.621704356202207
3072,307.106142,10.338281874378772
3073,307.20614400000005,10.512493195579388
3074,307.306146,10.575976082120262
3075,307.406148,10.614346776947029
3076,307.50615000000005,10.902982978452934
3077,307.606152,10.415176835886404
3078,307.70615399999997,10.607742646647443
3079,307.80615600000004,10.799099092135046
3080,307.906158,10.179071721396399
3081,308.00616,10.515460124438581
3082,308.106162,10.492509126345615
3083,308.206164,10.37298529225227
3084,308.306166,10.600361854647163
3085,308.406168,10.489123032522805
3086,308.50617,10.539940967715355
3087,308.606172,10.808502263555798
3088,308.706174,10.756963689497239
3089,308.806176,10.695750151813776
3090,308.906178,10.533922703530981
3091,309.00618,10.456739342722475
3092,309.10618200000005,10.516542842816065
3093,309.206184,10.66571261834914
3094,309.30618599999997,10.51778708942225
3095,309.40618800000004,10.64955620895686
3096,309.50619,10.387264465416719
3097,309.60619199999996,10.299827441340703
3098,309.70619400000004,10.613531418194336
3099,309.806196,10.429956466870383
3100,309.906198,10.5072107942938
3101,310.00620000000004,10.770690697214079
3102,310.106202,10.602922129534544
3103,310.206204,10.54267467972253
3104,310.30620600000003,10.376134308503682
3105,310.406208,10.650878556765857
3106,310.50621,10.370900603373547
3107,310.606212,10.35065663150384
3108,310.706214,10.636222328391225
3109,310.806216,10.206032372381198
3110,310.90621799999997,10.206632832848458
3111,311.00622000000004,10.18421368719696
3112,311.106222,10.533123647717785
3113,311.20622399999996,10.328483563708474
3114,311.30622600000004,10.47825196084842
3115,311.406228,10.277930445957754
3116,311.50622999999996,10.37588367580278
3117,311.60623200000003,10.07139078407386
3118,311.706234,10.188081056929848
3119,311.806236,10.255613490427056
3120,311.90623800000003,10.459967471494883
3121,312.00624,10.506705707042698
3122,312.106242,10.355547428975406
3123,312.206244,10.508658180666123
3124,312.306246,10.44659461858521
3125,312.406248,10.724297434354783
3126,312.50625,10.392285248814431
3127,312.606252,10.376405587708385
3128,312.706254,10.454306256419029
3129,312.806256,10.232731162793351
3130,312.90625800000004,10.190739162938396
3131,313.00626,10.197259709103028
3132,313.106262,10.368834850022651
3133,313.20626400000003,10.275999442578238
3134,313.306266,10.430509672105657
3135,313.40626799999995,10.36126919900835
3136,313.50627000000003,10.473248722416677
3137,313.606272,10.174124761728129
3138,313.706274,10.22735135015163
3139,313.806276,10.108838568582739
3140,313.906278,10.417392932286312
3141,314.00628,10.269780753929632
3142,314.106282,10.230268512272263
3143,314.206284,10.419757734050977
3144,314.306286,10.18378713483425
3145,314.406288,10.298459298137738
3146,314.50629,10.50540782363119
3147,314.606292,10.588669777848468
3148,314.706294,10.43053158531007
3149,314.80629600000003,10.512452914156386
3150,314.906298,10.406883052617461
3151,315.0063,10.406809611436277
3152,315.106302,10.453475961079642
3153,315.206304,10.558729422600907
3154,315.306306,10.496297351714936
3155,315.406308,10.680050459041443
3156,315.50631,10.38493134369737
3157,315.60631200000006,10.11761497744875
3158,315.706314,10.29959993089852
3159,315.806316,10.686309379675727
3160,315.90631800000006,10.299874801182465
3161,316.00632,10.233950425260238
3162,316.106322,10.134798583820851
3163,316.206324,10.190411672635667
3164,316.306326,10.15869963437834
3165,316.406328,10.361651287856334
3166,316.50633,10.349946651155786
3167,316.606332,10.384917809009293
3168,316.706334,10.18838499851155
3169,316.806336,10.385431660978236
3170,316.906338,10.421065606046458
3171,317.00634,10.20003023763198
3172,317.106342,10.173593178964373
3173,317.206344,10.262636902620075
3174,317.306346,10.288623642186373
3175,317.406348,10.510197520839476
3176,317.50635000000005,10.45658891823528
3177,317.606352,10.438157519997176
3178,317.706354,10.70832109761715
3179,317.80635600000005,10.05768927260871
3180,317.906358,10.204668301896556
3181,318.00636,10.099392821657423
3182,318.10636200000005,10.48681489287205
3183,318.206364,10.619975783288314
3184,318.30636599999997,10.44512718575616
3185,318.40636800000004,10.689102955455152
3186,318.50637,10.597535179916536
3187,318.606372,10.850265799996677
3188,318.706374,10.59083281197249
3189,318.806376,10.339383449909588
3190,318.906378,10.649579912126981
3191,319.00638,10.513746767973377
3192,319.106382,10.623451130665973
3193,319.206384,10.693763894973548
3194,319.306386,10.407289788521897
3195,319.40638800000005,10.46876491359089
3196,319.50639,10.7795480255816
3197,319.60639199999997,10.491211552994836
3198,319.70639400000005,10.368141609195575
3199,319.806396,10.716572713664245
3200,319.90639799999997,10.360132482129023
3201,320.00640000000004,10.520345132574477
3202,320.106402,10.511424238952852
3203,320.20640399999996,10.585564510927272
3204,320.30640600000004,10.831925914248982
3205,320.406408,10.407007818193426
3206,320.50641,10.561143457628004
3207,320.60641200000003,10.590952721096977
3208,320.706414,10.641796412024188
3209,320.806416,10.863830274196788
3210,320.90641800000003,10.884201068673137
3211,321.00642,10.627221302388
3212,321.106422,10.629281020700454
3213,321.206424,10.731204152775986
3214,321.306426,10.722361407650418
3215,321.406428,10.670244124684176
3216,321.50642999999997,10.879488966354407
3217,321.60643200000004,10.628274362617002
3218,321.706434,10.70885594441971
3219,321.80643599999996,10.876181725873264
3220,321.90643800000004,10.856692577450012
3221,322.00644,10.833949827415447
3222,322.10644199999996,10.408056958655028
3223,322.20644400000003,10.632931136176015
3224,322.306446,10.667418552896471
3225,322.406448,10.436011884759305
3226,322.50645000000003,10.473785115774461
3227,322.606452,10.389744127999943
3228,322.706454,10.6902251346966
3229,322.806456,10.488871381779207
3230,322.906458,10.452754347115269
3231,323.00646,10.572706989738771
3232,323.106462,10.478434340681945
3233,323.206464,10.47478630340049
3234,323.306466,10.6021069827715
3235,323.406468,10.688546695032201
3236,323.50647000000004,10.635128080651638
3237,323.606472,10.440654331293802
3238,323.706474,10.390165723046145
3239,323.80647600000003,10.42239871365586
3240,323.906478,10.78573271473544
3241,324.00647999999995,10.226624000838
3242,324.106482,10.551787970246124
3243,324.206484,10.526553258035307
3244,324.306486,10.43116442972201
3245,324.406488,10.293808632641936
3246,324.50649,10.383953178804498
3247,324.606492,10.40503818098424
3248,324.706494,10.367579076354541
3249,324.806496,10.745351520657918
3250,324.906498,10.565867712198676
3251,325.0065,10.721304848808584
3252,325.106502,10.214431313074993
3253,325.206504,10.023727325458811
3254,325.306506,10.20893353245298
3255,325.40650800000003,10.25656554865087
3256,325.50651,10.068705038534434
3257,325.606512,9.92553850727067
3258,325.706514,9.99667093301118
3259,325.806516,9.991481505861396
3260,325.906518,10.16683095044563
3261,326.00652,9.909030661312874
3262,326.106522,9.904917897548637
3263,326.20652400000006,9.831966927470464
3264,326.306526,9.807490983626614
3265,326.406528,9.740764749949937
3266,326.50653000000005,9.819100037993877
3267,326.606532,9.776588405791838
3268,326.706534,9.773569562615073
3269,326.806536,9.719209096202778
3270,326.906538,9.811747368848701
3271,327.00654,10.01881183535726
3272,327.106542,9.852074430255326
3273,327.206544,9.601812574552095
3274,327.306546,9.884264689290026
3275,327.406548,9.745614516001028
3276,327.50655,9.809165673817226
3277,327.606552,9.99681354838224
3278,327.706554,10.013368444851062
3279,327.806556,9.941145247748999
3280,327.906558,9.770903985413717
3281,328.00656,9.749840815052718
3282,328.10656200000005,9.896418841668249
3283,328.206564,9.723721687586341
3284,328.306566,10.068770811126603
3285,328.40656800000005,10.108462213988872
3286,328.50657,10.026930638601183
3287,328.60657199999997,9.899650632911793
3288,328.70657400000005,10.15646994259527
3289,328.806576,10.165171711860596
3290,328.90657799999997,9.819781142040267
3291,329.00658000000004,9.872647877428713
3292,329.106582,9.900684743124927
3293,329.206584,10.016276763137522
3294,329.30658600000004,9.996672395042138
3295,329.406588,10.159528265205557
3296,329.50659,10.335315236647654
3297,329.606592,10.083157077297072
3298,329.706594,9.87332846211645
3299,329.806596,9.875674977061657
3300,329.906598,9.993417524180062
3301,330.00660000000005,10.036524511680286
3302,330.106602,10.06889319791791
3303,330.20660399999997,10.190376143310974
3304,330.30660600000004,9.973683438480327
3305,330.406608,10.108792712492
3306,330.50660999999997,9.927957987170265
3307,330.60661200000004,9.956149859913683
3308,330.706614,9.918154694449422
3309,330.80661599999996,10.238703205487669
3310,330.90661800000004,9.88630298963698
3311,331.00662,10.045839832544372
3312,331.106622,9.947309591418303
3313,331.20662400000003,10.058401110655305
3314,331.306626,10.221051916329852
3315,331.406628,10.29397667720809
3316,331.50663000000003,10.206790729241028
3317,331.606632,10.183171058727922
3318,331.706634,9.98344199364484
3319,331.806636,10.104223035880299
3320,331.90663800000004,9.994083702051377
3321,332.00664,9.976111206807689
3322,332.10664199999997,10.162535331519221
3323,332.20664400000004,10.246461254632607
3324,332.306646,10.150185847848984
3325,332.40664799999996,9.991033358960788
3326,332.50665000000004,9.97935556945723
3327,332.606652,9.786375189196962
3328,332.70665399999996,9.968206250890601
3329,332.80665600000003,9.84424868503772
3330,332.906658,9.796990811532263
3331,333.00666,9.997625306923231
3332,333.10666200000003,10.012621267207724
3333,333.206664,9.946184476353615
3334,333.306666,10.226941199703141
3335,333.406668,9.740864149423587
3336,333.50667,10.029931462683328
3337,333.606672,9.882058690494961
3338,333.706674,9.897613354768689
3339,333.80667600000004,9.888044668096267
3340,333.906678,9.696822468734686
3341,334.00668,9.787665761356855
3342,334.10668200000003,9.857230829114823
3343,334.206684,9.724157045903258
3344,334.306686,9.733352382031223
3345,334.40668800000003,9.89257406745842
3346,334.50669,9.665254004488169
3347,334.60669199999995,9.881143923256454
3348,334.706694,10.080248483651877
3349,334.806696,9.941240383359387
3350,334.906698,9.911654906510538
3351,335.0067,9.946465344396165
3352,335.106702,10.00050205891209
3353,335.206704,9.811364531277134
3354,335.306706,9.710413553326553
3355,335.406708,9.862449509060117
3356,335.50671,9.945706568702773
3357,335.606712,9.790707906452855
3358,335.706714,9.818694071221952
3359,335.806716,9.622017398842788
3360,335.906718,10.049092636927398
3361,336.00672000000003,9.7715690337291
3362,336.106722,9.840071943875511
3363,336.206724,10.079014376221643
3364,336.306726,9.96417864557161
3365,336.406728,10.126959632391628
3366,336.50673,9.908318326218636
3367,336.606732,10.093740477003
3368,336.706734,9.892854093680981
3369,336.80673600000006,10.02183275280765
3370,336.906738,9.866321203021332
3371,337.00674,9.80796436186448
3372,337.10674200000005,9.966941417268457
3373,337.206744,9.910167256747108
3374,337.306746,10.209209145183857
3375,337.406748,9.77388231551886
3376,337.50675,9.741322279980546
3377,337.606752,9.928490791326256
3378,337.706754,9.976411514097023
3379,337.806756,9.88576589404844
3380,337.906758,10.120141709731483
3381,338.00676,9.841649284540331
3382,338.106762,9.990237795743417
3383,338.206764,10.010543930094258
3384,338.306766,9.894843606320016
3385,338.406768,9.86567580467099
3386,338.50677,9.980302909058166
3387,338.606772,9.91029389702961
3388,338.70677400000005,9.908730388318475
3389,338.806776,10.18149720802663
3390,338.906778,9.910557908630164
3391,339.00678000000005,9.784081571393033
3392,339.106782,10.078604242192363
3393,339.20678399999997,9.932905539431369
3394,339.30678600000005,9.857111500251413
3395,339.406788,9.95198075570518
3396,339.50678999999997,9.794508873384256
3397,339.60679200000004,9.654276136620311
3398,339.706794,9.84629335374069
3399,339.806796,10.089911538549897
3400,339.90679800000004,9.725107949276458
3401,340.0068,9.653286491107615
3402,340.106802,9.84432169341385
3403,340.206804,9.894627353126904
3404,340.306806,10.145917189224685
3405,340.406808,9.83564200230025
3406,340.50681,9.802850580399753
3407,340.60681200000005,9.829389048960898
3408,340.706814,9.976060612417314
3409,340.80681599999997,9.768746723076829
3410,340.90681800000004,9.896603944233338
3411,341.00682,9.688381464917054
3412,341.10682199999997,9.74411799650977
3413,341.20682400000004,9.81614071367144
3414,341.306826,9.998593619410228
3415,341.40682799999996,10.032695529740835
3416,341.50683000000004,9.682617259094192
3417,341.606832,9.94756407807556
3418,341.706834,9.851349380077528
3419,341.80683600000003,9.804235772982302
3420,341.906838,9.84241442293346
3421,342.00684,9.788890793229383
3422,342.10684200000003,9.877513655728926
3423,342.206844,9.936036531622984
3424,342.306846,10.041976127943965
3425,342.406848,10.037899680088943
3426,342.50685000000004,10.067916326804223
3427,342.606852,9.981109973499873
3428,342.70685399999996,9.785543499443818
3429,342.80685600000004,9.907194580184978
3430,342.906858,10.132451894735354
3431,343.00685999999996,9.790788046548409
3432,343.10686200000004,9.838887738558382
3433,343.206864,9.826853391365816
3434,343.30686599999996,9.73274822950356
3435,343.40686800000003,9.756468804432824
3436,343.50687,9.712592102692915
3437,343.606872,9.657175947978487
3438,343.706874,9.85558098453805
3439,343.806876,9.7974921928278
3440,343.906878,9.81883024825148
3441,344.00688,9.759807220203777
3442,344.106882,9.572752977330845
3443,344.206884,9.54061165247425
3444,344.306886,9.586179946442975
3445,344.40688800000004,9.639688663693073
3446,344.50689,9.647813388932626
3447,344.606892,9.63605498242489
3448,344.70689400000003,9.387203771055736
3449,344.806896,9.357441893584747
3450,344.906898,9.565652101596385
3451,345.00690000000003,9.474304006598022
3452,345.106902,9.65335991981563
3453,345.206904,9.48237400083384
3454,345.306906,9.755786082762441
3455,345.406908,9.645121766189346
3456,345.50691,9.579810263651696
3457,345.606912,9.742831516794185
3458,345.706914,9.592799186502422
3459,345.806916,9.586738863149716
3460,345.906918,9.608740855503545
3461,346.00692,9.754770621853664
3462,346.106922,9.570135484012837
3463,346.206924,9.708750719518356
3464,346.30692600000003,9.659906401208504
3465,346.406928,9.609096179515397
3466,346.50693,9.657951111472055
3467,346.60693200000003,9.617883959094643
3468,346.706934,9.68085078434521
3469,346.806936,9.567692763724029
3470,346.906938,9.489156706294622
3471,347.00694,9.576245600061098
3472,347.106942,9.499051754781048
3473,347.206944,9.45207496632332
3474,347.306946,9.571272639532202
3475,347.40694800000006,9.53535561796622
3476,347.50695,9.5389597964752
3477,347.606952,9.561801499312468
3478,347.70695400000005,9.571386998188693
3479,347.806956,9.857045703733418
3480,347.906958,9.55053665309227
3481,348.00696000000005,9.534328079962144
3482,348.106962,9.670514469506717
3483,348.206964,9.629930982572613
3484,348.306966,9.793101858208336
3485,348.406968,10.080449601321394
3486,348.50697,9.88469220883657
3487,348.606972,9.968066918944377
3488,348.706974,9.9358696240032
3489,348.806976,9.91117584326959
3490,348.906978,9.9402315059273
3491,349.00698,9.830662879333483
3492,349.106982,9.71446972083046
3493,349.206984,9.701776795645007
3494,349.30698600000005,9.793040802935106
3495,349.406988,9.963649951509145
3496,349.50699,9.594582938451605
3497,349.60699200000005,9.765366505810306
3498,349.706994,9.719584653758613
3499,349.80699599999997,9.533803365976585
3500,349.90699800000004,9.807023684232872
3501,350.007,9.913081221299752
3502,350.10700199999997,9.67476158495343
3503,350.20700400000004,9.932633853707545
3504,350.307006,9.863980047071408
3505,350.407008,9.605621229973417
3506,350.50701000000004,9.661796901852197
3507,350.607012,9.712210405775597
3508,350.707014,9.77268763586882
3509,350.807016,9.751549794827032
3510,350.907018,9.642792146832237
3511,351.00702,9.721797814405715
3512,351.107022,9.823049413103822
3513,351.20702400000005,9.778688606636187
3514,351.307026,9.816192824030008
3515,351.40702799999997,9.786457598896378
3516,351.50703000000004,9.714250143904623
3517,351.607032,9.738536260564453
3518,351.70703399999996,10.026575109873997
3519,351.80703600000004,9.797332134277521
3520,351.907038,9.790080572397297
3521,352.00703999999996,9.995083355116812
3522,352.10704200000004,9.69012266185366
3523,352.207044,9.631965775454201
3524,352.307046,9.701758545834931
3525,352.40704800000003,9.730132732127926
3526,352.50705,9.747168375959053
3527,352.607052,9.900943898684554
3528,352.707054,9.844604156239754
3529,352.807056,9.682759990442236
3530,352.907058,9.698713258240803
3531,353.00706,10.08050139089828
3532,353.10706200000004,9.71818192380539
3533,353.207064,9.659174068461619
3534,353.30706599999996,9.778284745415519
3535,353.40706800000004,9.812849217816865
3536,353.50707,9.89322868738434
3537,353.60707199999996,9.821868316421426
3538,353.70707400000003,9.787066149671434
3539,353.807076,9.692350239041692
3540,353.90707799999996,9.824044013892745
3541,354.00708000000003,9.734111788184725
3542,354.107082,9.730564532000166
3543,354.207084,9.705365774722821
3544,354.307086,9.94623097930687
3545,354.407088,9.700358502125829
3546,354.50709,9.519149679417104
3547,354.607092,9.697233562818782
3548,354.707094,9.762629108545385
3549,354.807096,9.67512738915028
3550,354.907098,9.780726198243533
3551,355.00710000000004,9.851893172982642
3552,355.107102,9.737168963893392
3553,355.207104,9.732371913674939
3554,355.30710600000003,9.558913621280356
3555,355.407108,9.674785569424696
3556,355.50711,9.632033071841404
3557,355.60711200000003,9.73390792974518
3558,355.707114,9.623043342651153
3559,355.807116,9.639021950874366
3560,355.907118,9.731697668841555
3561,356.00712,9.662767052717907
3562,356.107122,9.655826174968725
3563,356.207124,9.74035991727737
3564,356.307126,9.815942456276453
3565,356.407128,9.736307323935954
3566,356.50713,9.630420709087067
3567,356.607132,9.73906958680767
3568,356.707134,9.608992315799087
3569,356.807136,9.683319335581361
3570,356.90713800000003,9.71077681270339
3571,357.00714,9.651660273813139
3572,357.107142,9.70063314951244
3573,357.207144,9.509654182888347
3574,357.307146,9.649227750638428
3575,357.407148,9.551074970964267
3576,357.50715,9.468323060461655
3577,357.607152,9.59521544230614
3578,357.707154,9.612281710960078
3579,357.807156,9.713150769927333
3580,357.907158,9.527591251573577
3581,358.00716000000006,9.630244853084786
3582,358.107162,9.545867244264896
3583,358.207164,9.554082421153181
3584,358.30716600000005,9.635716501241394
3585,358.407168,9.680720771255535
3586,358.50717,9.659910050880463
3587,358.60717200000005,9.473519825457686
3588,358.707174,9.63321503050866
3589,358.807176,9.68273963986348
3590,358.907178,9.568309502981894
3591,359.00718,9.638139456165279
3592,359.107182,9.570710744208844
3593,359.207184,9.533105731874914
3594,359.307186,9.57740642241616
3595,359.407188,9.446271722455826
3596,359.50719,9.500353561786588
3597,359.607192,9.500037418944322
3598,359.707194,9.659390003326592
3599,359.807196,9.596807492994587
3600,359.90719800000005,9.638520379802456
3601,360.0072,9.855550258388632
3602,360.107202,9.713478099003167
3603,360.20720400000005,9.82705900000686
3604,360.307206,9.62858269854751
3605,360.40720799999997,9.70443005001873
3606,360.50721000000004,9.68432181262261
3607,360.607212,9.830555413849366
3608,360.707214,9.728472033558043
3609,360.80721600000004,9.765616200718124
3610,360.907218,9.846395940177693
3611,361.00722,9.734833065124137
3612,361.10722200000004,9.742514040891535
3613,361.207224,9.917647007893216
3614,361.307226,9.641357757860892
3615,361.407228,9.76857466125983
3616,361.50723,9.725728974656498
3617,361.607232,9.737239440786793
3618,361.70723399999997,9.70146960466858
3619,361.80723600000005,9.930018610717429
3620,361.907238,9.834043768471835
3621,362.00723999999997,9.711697113651612
3622,362.10724200000004,9.839832046548153
3623,362.207244,9.81766747033236
3624,362.30724599999996,9.687769483199004
3625,362.40724800000004,9.606484389134623
3626,362.50725,9.613291018484285
3627,362.60725199999996,9.666426964021396
3628,362.70725400000003,9.65225579520947
3629,362.807256,9.529657607671146
3630,362.907258,9.661181074517527
3631,363.00726000000003,9.633277328120823
3632,363.107262,9.537911015253474
3633,363.207264,9.696477778556797
3634,363.307266,9.663636963985853
3635,363.407268,9.955461265254426
3636,363.50727,9.910012844480452
3637,363.607272,9.726123214492398
3638,363.70727400000004,9.665579789414595
3639,363.807276,9.63948520771598
3640,363.907278,9.944116227296446
3641,364.00728000000004,9.817394171260982
3642,364.107282,9.822540207653041
3643,364.20728399999996,9.945269343535234
3644,364.30728600000003,10.101219642283791
3645,364.407288,9.844767628510427
3646,364.50728999999995,9.818410537850864
3647,364.60729200000003,10.040711753041698
3648,364.707294,9.962957958754568
3649,364.807296,10.01163435115797
3650,364.907298,9.906914502423056
3651,365.0073,9.726891255594403
3652,365.107302,9.723107179376788
3653,365.207304,9.94079756924295
3654,365.307306,9.764977161836407
3655,365.407308,9.995777830211987
3656,365.50731,9.788274811578631
3657,365.60731200000004,9.760047729355367
3658,365.707314,9.895277729775744
3659,365.807316,9.550938019511248
3660,365.90731800000003,9.498356368116964
3661,366.00732,9.523975086273271
3662,366.107322,9.619620020586218
3663,366.207324,9.537429631394144
3664,366.307326,9.600477568885243
3665,366.407328,9.553015833742965
3666,366.50733,9.883081866911493
3667,366.607332,9.635250619862033
3668,366.70733400000006,9.582818177453456
3669,366.807336,9.497210326203863
3670,366.907338,9.60356048637144
3671,367.00734,9.519890374477523
3672,367.107342,9.654059172685473
3673,367.207344,9.561032622143836
3674,367.307346,9.565772613031628
3675,367.407348,9.670739720965987
3676,367.50735000000003,9.518160902518327
3677,367.607352,9.5840664140935
3678,367.707354,9.582198654996086
3679,367.807356,9.578939310282253
3680,367.907358,9.405553220935507
3681,368.00736,9.4980894010409
3682,368.107362,9.388772138502587
3683,368.207364,9.58547689779515
3684,368.307366,9.457659960363008
3685,368.407368,9.603515701908096
3686,368.50737,9.642977608866126
3687,368.60737200000005,9.569959018073298
3688,368.707374,9.51643099333103
3689,368.807376,9.662996857942076
3690,368.90737800000005,9.487495049258976
3691,369.00738,9.651558589161464
3692,369.107382,9.617357669504791
3693,369.20738400000005,9.593427577723894
3694,369.307386,9.586914258026475
3695,369.407388,9.560184811498475
3696,369.50739,9.711494347937348
3697,369.607392,9.634609100894046
3698,369.707394,9.80526419558544
3699,369.807396,9.854472129103568
3700,369.907398,9.525234323437267
3701,370.0074,9.952282226704767
3702,370.107402,9.893993358285226
3703,370.207404,9.698671574906236
3704,370.307406,9.992308328396506
3705,370.407408,9.839575284033307
3706,370.50741000000005,9.857545680137099
3707,370.607412,10.128068659982162
3708,370.70741399999997,9.906281497785823
3709,370.80741600000005,9.755742356051067
3710,370.907418,9.66419002504056
3711,371.00741999999997,9.773877645364012
3712,371.10742200000004,9.742667728759374
3713,371.207424,10.248182316118926
3714,371.307426,9.873010175522355
3715,371.40742800000004,9.73624405432235
3716,371.50743,9.824543626321658
3717,371.607432,9.620656443425176
3718,371.70743400000003,9.795252600501902
3719,371.807436,9.881124119833665
3720,371.907438,9.914153841187279
3721,372.00744,9.989068400241125
3722,372.107442,9.940110061507776
3723,372.207444,9.849805109634104
3724,372.30744599999997,9.781319721038923
3725,372.40744800000004,9.79939265024304
3726,372.50745,9.697573047770485
3727,372.60745199999997,10.250636995496217
3728,372.70745400000004,10.011868801652009
3729,372.807456,9.963896865252
3730,372.90745799999996,9.78017745069312
3731,373.00746000000004,9.795637429579925
3732,373.107462,9.823623375984194
3733,373.207464,9.783341486154326
3734,373.30746600000003,9.874796633071531
3735,373.407468,9.665269521443777
3736,373.50747,9.859206014564935
3737,373.60747200000003,9.820188865483967
3738,373.707474,9.761621437584024
3739,373.807476,9.976169387554496
3740,373.907478,9.927494314767483
3741,374.00748,9.746597113945555
3742,374.107482,9.92405320347573
3743,374.207484,9.891973306409502
3744,374.30748600000004,9.918492931953097
3745,374.407488,9.70011466786571
3746,374.50749,9.739168083966241
3747,374.60749200000004,9.580461438694066
3748,374.707494,9.789886985640683
3749,374.80749599999996,9.932916259827707
3750,374.90749800000003,9.738121198309985
3751,375.0075,9.841278990678564
3752,375.107502,9.824145478530683
3753,375.20750400000003,9.959535854238549
3754,375.307506,9.851983728112053
3755,375.407508,9.766044798834024
3756,375.50751,9.651947352786474
3757,375.607512,9.663861350629896
3758,375.707514,9.697441650422169
3759,375.807516,9.821543015858541
3760,375.907518,9.767115297302432
3761,376.00752,9.674646177941408
3762,376.107522,9.651679062967714
3763,376.20752400000003,9.662899550055522
3764,376.307526,9.700499464318789
3765,376.407528,9.758931586733826
3766,376.50753000000003,9.89622744517579
3767,376.607532,9.79556362085252
3768,376.707534,9.936471123164065
3769,376.807536,9.947601620327791
3770,376.907538,9.917982612884849
3771,377.00754,9.736433207093649
3772,377.107542,10.049812436925071
3773,377.207544,9.963386885266942
3774,377.30754600000006,10.049819450009043
3775,377.407548,9.821739512094693
3776,377.50755,9.968760892709978
3777,377.607552,9.950261059247218
3778,377.707554,9.628878997378655
3779,377.807556,9.890216050421818
3780,377.907558,9.960591779550914
3781,378.00756,9.610215282725703
3782,378.10756200000003,9.848624582874265
3783,378.207564,9.655123179252922
3784,378.307566,9.756985439178415
3785,378.407568,9.851991079610425
3786,378.50757,9.736813215633617
3787,378.607572,10.001099355125854
3788,378.707574,9.791546597390516
3789,378.807576,9.880242483777607
3790,378.907578,9.974779952160105
3791,379.00758,10.055946171294151
3792,379.107582,10.056815969408488
3793,379.20758400000005,10.15740161491359
3794,379.307586,9.882143824935731
3795,379.407588,9.88163780243621
3796,379.50759000000005,9.961442124191777
3797,379.607592,9.874904856835812
3798,379.707594,9.92531836844726
3799,379.80759600000005,9.967661574427835
3800,379.907598,9.802739376484164
3801,380.0076,9.732756938037575
3802,380.107602,9.989938730584843
3803,380.207604,9.644214157094709
3804,380.307606,9.82751358286927
3805,380.407608,9.58364122042112
3806,380.50761,9.741737784664906
3807,380.607612,9.687072048460829
3808,380.707614,9.585919353772733
3809,380.807616,9.625091886620517
3810,380.907618,9.977383447776955
3811,381.00762,9.630517350867832
3812,381.10762200000005,9.851435512804054
3813,381.207624,9.847769357447895
3814,381.30762599999997,9.658890362257964
3815,381.40762800000005,9.581451029705006
3816,381.50763,9.863259184036423
3817,381.60763199999997,9.80358700246189
3818,381.70763400000004,9.80447544411809
3819,381.807636,9.472296756130937
3820,381.907638,9.570640413515097
3821,382.00764000000004,9.853112888475343
3822,382.107642,9.525533223277638
3823,382.207644,9.570054989661738
3824,382.30764600000003,9.696472028199718
3825,382.407648,9.909153142418985
3826,382.50765,9.995292227296304
3827,382.60765200000003,9.961822001637092
3828,382.707654,9.99491608802317
3829,382.807656,9.778490243278874
3830,382.90765799999997,9.661447326957013
3831,383.00766000000004,9.94067363467763
3832,383.107662,9.87971055190969
3833,383.20766399999997,9.775683076740293
3834,383.30766600000004,9.72622024641559
3835,383.407668,9.295423003094598
3836,383.50766999999996,9.492774559645467
3837,383.60767200000004,9.652638510149945
3838,383.707674,9.697200464467326
3839,383.807676,9.633185083489382
3840,383.90767800000003,9.600168204337084
3841,384.00768,9.734322280980379
3842,384.107682,9.742084323111472
3843,384.20768400000003,9.597805301254267
3844,384.307686,9.716379164252782
3845,384.407688,9.85736061418426
3846,384.50769,9.90212369151823
3847,384.607692,9.627775997274508
3848,384.707694,9.590512974647673
3849,384.807696,9.68738290853462
3850,384.90769800000004,9.651901691559095
3851,385.0077,9.648166342726684
3852,385.107702,9.814190967742407
3853,385.20770400000004,10.118559813161097
3854,385.307706,9.976911365742524
3855,385.40770799999996,9.900472525987794
3856,385.50771000000003,9.785108543361554
3857,385.607712,9.95178471231218
3858,385.707714,9.942069672984074
3859,385.807716,9.774658998813072
3860,385.907718,9.84429427608387
3861,386.00772,9.705337410476982
3862,386.107722,9.698606608224592
3863,386.207724,9.887494642254076
3864,386.307726,9.808013959433174
3865,386.407728,9.74859697413523
3866,386.50773,9.765175167452957
3867,386.607732,9.837086226720992
3868,386.707734,9.60662818815221
3869,386.80773600000003,9.814287807635619
3870,386.907738,9.878342916211878
3871,387.00774,9.758940551807886
3872,387.10774200000003,9.896966895126468
3873,387.207744,9.441902333679234
3874,387.307746,9.494719807919399
3875,387.407748,9.674131345990943
3876,387.50775,9.79597609321497
3877,387.60775200000006,9.846303747261448
3878,387.707754,9.66789371938222
3879,387.807756,9.503014968234
3880,387.90775800000006,9.605633226023457
3881,388.00776,9.458494250129236
3882,388.107762,9.569991570307312
3883,388.207764,9.637941630557108
3884,388.307766,9.764034427854398
3885,388.407768,9.871702794448495
3886,388.50777,9.546490153082138
3887,388.607772,9.860920326318574
3888,388.70777400000003,9.699121957172245
3889,388.807776,9.878381074447354
3890,388.907778,9.663895138176365
3891,389.00778,9.825231259746243
3892,389.107782,9.948770527086387
3893,389.207784,9.71812186049405
3894,389.307786,9.670740235081533
3895,389.407788,9.489676499584226
3896,389.50779,9.575314336631832
3897,389.607792,10.091998922081121
3898,389.707794,9.904534941230184
3899,389.80779600000005,9.960513834558846
3900,389.907798,9.74252382016771
3901,390.0078,9.592335200083344
3902,390.10780200000005,9.862212994511552
3903,390.207804,9.538422176407025
3904,390.30780599999997,9.972475788953776
3905,390.40780800000005,10.080348135948256
3906,390.50781,9.891173096858639
3907,390.607812,9.612259600273692
3908,390.707814,9.710570618848399
3909,390.807816,9.850630169328815
3910,390.907818,9.856604220121946
3911,391.00782,9.968959353787438
3912,391.107822,10.071350147794904
3913,391.207824,9.860762193311258
3914,391.307826,9.912832212068777
3915,391.407828,9.91509514646357
3916,391.50783,9.75182144528268
3917,391.607832,9.814445045161518
3918,391.70783400000005,9.68177016236777
3919,391.807836,9.778228275901693
3920,391.90783799999997,9.776662410868957
3921,392.00784000000004,9.804797816616158
3922,392.107842,9.665633874929842
3923,392.20784399999997,9.670956140224163
3924,392.30784600000004,9.907966586891275
3925,392.407848,10.0078679812632
3926,392.50785,10.042489929223322
3927,392.60785200000004,9.787394938178673
3928,392.707854,9.62150642646092
3929,392.807856,9.849210004817134
3930,392.90785800000003,10.015218623655741
3931,393.00786,9.812143436522865
3932,393.107862,9.949408878663975
3933,393.20786400000003,9.723697100798034
3934,393.307866,9.636877140643382
3935,393.407868,9.60115629045337
3936,393.50786999999997,10.079487835843775
3937,393.60787200000004,9.660252205922552
3938,393.707874,9.949421009196582
3939,393.80787599999996,9.834720734011622
3940,393.90787800000004,10.077345307166103
3941,394.00788,10.066376138554777
3942,394.10788199999996,9.86760660845509
3943,394.20788400000004,9.872112552851656
3944,394.307886,9.861593041279397
3945,394.407888,9.63172852434443
3946,394.50789000000003,9.529369448802552
3947,394.607892,9.881472667938791
3948,394.707894,9.827491226205163
3949,394.807896,9.588159593002253
3950,394.907898,9.591738620954818
3951,395.0079,9.75494338133871
3952,395.107902,9.539165437824902
3953,395.207904,9.76988481613206
3954,395.307906,9.8432460079886
3955,395.407908,9.702169949490452
3956,395.50791000000004,9.75039969966296
3957,395.607912,9.736193497425475
3958,395.707914,9.437949878946101
3959,395.80791600000003,9.444171853770388
3960,395.907918,9.573125809182677
3961,396.00791999999996,9.478770448938267
3962,396.10792200000003,9.740270307731235
3963,396.207924,9.733797446531584
3964,396.307926,9.794132484182118
3965,396.407928,9.774109365191771
3966,396.50793,9.658151606932202
3967,396.607932,9.976461890249888
3968,396.707934,9.471357085732652
3969,396.807936,9.752538007959904
3970,396.907938,9.588862011360026
3971,397.00794,9.67417400544994
3972,397.107942,9.882121994986559
3973,397.207944,9.873220908471998
3974,397.307946,9.711378505112275
3975,397.40794800000003,9.63926908552062
3976,397.50795,9.977133272898211
3977,397.607952,9.65390483883707
3978,397.70795400000003,9.587976311739292
3979,397.807956,9.630244945979694
3980,397.907958,9.679147423691221
3981,398.00796,9.818956284225711
3982,398.107962,9.790888610327046
3983,398.20796400000006,9.990385097210991
3984,398.307966,9.871885360114906
3985,398.407968,9.571674945627917
3986,398.50797000000006,9.9743614295914
3987,398.607972,9.757489449697996
3988,398.707974,10.066380238994245
3989,398.807976,10.117351613545988
3990,398.907978,9.565263205164538
3991,399.00798,9.526000731639796
3992,399.107982,9.791070186711721
3993,399.207984,9.67689743719323
3994,399.307986,9.681004770864018
3995,399.407988,9.744302156870882
3996,399.50799,9.63481407625436
3997,399.607992,9.912178881876732
3998,399.707994,9.798467892010192
3999,399.807996,9.75557611697079
4000,399.907998,9.639020025826815
4001,400.000014,9.652518560353965
