Frame,Time (ns),Radius of Gyration
1,0.0,9.0688962380273
2,0.100002,9.194854029334362
3,0.200004,9.599308561507303
4,0.30000600000000005,9.718480432811706
5,0.400008,9.334714967209454
6,0.50001,9.278867218697352
7,0.6000120000000001,9.422049247864614
8,0.700014,9.346220177243787
9,0.800016,9.444582844509453
10,0.900018,9.158116461724253
11,1.00002,9.067347731640885
12,1.1000219999999998,9.018956363629709
13,1.2000240000000002,9.304051067452395
14,1.3000260000000001,9.194032599532417
15,1.400028,9.23366057632604
16,1.50003,9.346331753472755
17,1.600032,9.142182357997006
18,1.700034,9.30426428942944
19,1.800036,8.99780561051384
20,1.9000380000000001,8.828804718492572
21,2.00004,8.980824270074764
22,2.1000419999999997,8.878737727542218
23,2.2000439999999997,8.796029228816774
24,2.300046,8.905876822429478
25,2.4000480000000004,8.620438768340325
26,2.5000500000000003,8.64440792472557
27,2.6000520000000003,8.596693707452568
28,2.700054,8.91228083600323
29,2.800056,8.643673828449053
30,2.900058,8.67704634724356
31,3.00006,8.921315811099301
32,3.100062,8.925032684995477
33,3.200064,8.801541180130785
34,3.300066,9.025583819237424
35,3.400068,8.812958660233164
36,3.50007,8.69750452901606
37,3.600072,8.467849666190116
38,3.700074,8.389692579659187
39,3.8000760000000002,8.490039115607965
40,3.900078,8.735108350971547
41,4.00008,8.683671306189247
42,4.1000820000000004,8.588267996894492
43,4.2000839999999995,8.657760894584074
44,4.300086,8.63920825542459
45,4.400087999999999,8.58001435172043
46,4.50009,8.408335047204904
47,4.600092,8.420400609436033
48,4.700094,8.485515107775399
49,4.800096000000001,8.63665113919081
50,4.900098,8.698904092798982
51,5.000100000000001,9.063924781449632
52,5.100102,8.879790020887539
53,5.2001040000000005,8.79191081451401
54,5.3001059999999995,8.841300611604266
55,5.400108,8.811735094071226
56,5.500109999999999,8.609704792254876
57,5.600112,9.009441488927168
58,5.700114,8.481096518227238
59,5.800116,8.66059632284786
60,5.900118,8.61788894673707
61,6.00012,8.435776991174524
62,6.100122000000001,8.480644889443962
63,6.200124,8.48175952245823
64,6.300126000000001,8.441212180585271
65,6.400128,8.525514095855375
66,6.50013,8.498802584280492
67,6.600132,8.740051585524778
68,6.700134,8.639399397499819
69,6.800136,8.584799815692223
70,6.900138,8.430040653712421
71,7.00014,8.819780501369381
72,7.100142,8.537174030184117
73,7.200144,8.61087781332263
74,7.300146,8.426418242767864
75,7.400148,8.700840849684697
76,7.5001500000000005,8.372549963028904
77,7.6001520000000005,8.552760944928117
78,7.700154,8.674786894090246
79,7.800156,8.548303744115714
80,7.900158,8.597757503196618
81,8.00016,8.707601557363322
82,8.100162000000001,8.829973879287959
83,8.200164000000001,8.660958655839716
84,8.300166,8.850919831481395
85,8.400167999999999,8.910789858474455
86,8.50017,8.809698743961935
87,8.600172,8.90336691484343
88,8.700174,8.749226428521538
89,8.800175999999999,8.802285722767465
90,8.900178,8.582838896702897
91,9.00018,8.855572019209813
92,9.100182,8.610413323557953
93,9.200184,8.31370467184477
94,9.300186,8.517220161428627
95,9.400188,8.565842959168428
96,9.50019,8.597338666583461
97,9.600192000000002,8.605630074107408
98,9.700194,8.733069141386553
99,9.800196,8.741474466417923
100,9.900198,8.624776970553103
101,10.000200000000001,8.76218476716049
102,10.100202,8.816429784410774
103,10.200204,8.751484968083489
104,10.300206,8.686149777668335
105,10.400208000000001,8.660196080827022
106,10.500210000000001,8.743756660694283
107,10.600211999999999,8.71539195171751
108,10.700214,8.732255960301718
109,10.800216,9.014757210443905
110,10.900218,8.620874840257134
111,11.000219999999999,8.680640207504556
112,11.100222,8.64373376976271
113,11.200224,8.715632883925016
114,11.300226,8.730751699611766
115,11.400228,8.721532599431038
116,11.50023,9.03795726843281
117,11.600232,8.820715583070914
118,11.700234,8.76219840948565
119,11.800236,8.853543210612091
120,11.900238,8.704711223900965
121,12.00024,8.883235523474184
122,12.100242,8.959986577781505
123,12.200244000000001,8.831492638384647
124,12.300246000000001,8.780826201580604
125,12.400248,8.905508842865483
126,12.50025,8.881870481893278
127,12.600252000000001,8.739489649025325
128,12.700254000000001,8.846342318631526
129,12.800256,8.75542444691412
130,12.900258,8.793984926335158
131,13.00026,9.09855040800825
132,13.100262,8.880342738762566
133,13.200264,8.915468006313997
134,13.300265999999999,8.783887222283886
135,13.400268,8.623400654063913
136,13.50027,8.494400252757197
137,13.600272,8.597011276687077
138,13.700274,8.638129881455349
139,13.800276,8.775372028210201
140,13.900278,8.728372686074408
141,14.00028,8.727496624490795
142,14.100282000000002,8.645076436806585
143,14.200284,8.625571049390274
144,14.300286,8.79402736683057
145,14.400288,8.56293486258805
146,14.500290000000001,8.830749725806339
147,14.600292,8.565019110352072
148,14.700294,8.63703333543488
149,14.800296,8.485832650450755
150,14.900298000000001,8.911996658359797
151,15.000300000000001,8.684868261436613
152,15.100302,8.498077028996946
153,15.200304000000001,8.724764459308817
154,15.300306,8.62724023327965
155,15.400308,8.591927399881548
156,15.500309999999999,8.670865872340348
157,15.600312,8.615637357755723
158,15.700314,8.673584840544388
159,15.800316,8.798142265940367
160,15.900318,8.737048130231567
161,16.00032,8.773968907913375
162,16.100322,8.764455678288018
163,16.200324000000002,8.785226454801567
164,16.300326000000002,8.635067733874603
165,16.400328000000002,8.640895706665637
166,16.50033,8.781043163356014
167,16.600332,8.948542063080852
168,16.700333999999998,8.816628850455464
169,16.800335999999998,8.631487036569416
170,16.900338,8.603297675568667
171,17.00034,8.788672687607354
172,17.100342,8.615805683288928
173,17.200344,8.710077611515063
174,17.300346,8.786107384758099
175,17.400348,8.603489902664093
176,17.50035,8.592583906947342
177,17.600351999999997,8.780349164835634
178,17.700354,8.752587005756883
179,17.800356,8.562774672271658
180,17.900358,8.891377872661932
181,18.00036,8.714939843894587
182,18.100362,8.658908715168776
183,18.200364,8.795006862704032
184,18.300366,8.725856652097866
185,18.400368,8.650444896922732
186,18.50037,8.79990315510801
187,18.600372,8.76950766412063
188,18.700374,8.739465682478038
189,18.800376,8.610952761325985
190,18.900378,8.510229660866614
191,19.00038,8.76572449424338
192,19.100382,8.583192144020654
193,19.200384000000003,8.61141654173116
194,19.300386,8.605844419076469
195,19.400388,8.58730467569796
196,19.50039,8.55908391399027
197,19.600392,8.757359838345678
198,19.700394,8.801947982685327
199,19.800396,8.76541871170721
200,19.900398000000003,8.812591577665135
201,20.000400000000003,8.578684648286314
202,20.100402000000003,8.669838260649765
203,20.200404,8.705243127037024
204,20.300406,8.682433458271465
205,20.400408,8.703134291477726
206,20.50041,8.825649965345484
207,20.600412,8.887667827339632
208,20.700414000000002,8.668933466298734
209,20.800416000000002,8.658405274789956
210,20.900418000000002,8.893092298484754
211,21.000420000000002,8.889131341552545
212,21.100422,8.682602353884022
213,21.200423999999998,8.805152330799643
214,21.300425999999998,8.813449513567207
215,21.400428,8.81462619671883
216,21.50043,8.386983829679568
217,21.600432,8.651727562833832
218,21.700434,8.505580424303279
219,21.800436,8.815614538089461
220,21.900438,8.608002523304405
221,22.000439999999998,8.411865579502024
222,22.100441999999997,8.777319995708535
223,22.200444,8.417588429838618
224,22.300446,8.524135501564304
225,22.400448,8.485499354094253
226,22.50045,8.552079774430808
227,22.600452,8.730865372529152
228,22.700454,8.647121456598208
229,22.800456,8.739789437459379
230,22.900458,8.83353516544319
231,23.00046,8.881204379512095
232,23.100462,8.863337915780454
233,23.200464,8.80411292236129
234,23.300466,8.713692410686997
235,23.400468,8.790533403457596
236,23.50047,8.736992380802487
237,23.600472,8.61556673170475
238,23.700474000000003,8.464490601475866
239,23.800476,8.497407752900873
240,23.900478,8.500024759053794
241,24.00048,8.516754553231607
242,24.100482,8.504629697147722
243,24.200484,8.356299686319158
244,24.300486,8.59844405927135
245,24.400488000000003,8.621418766454676
246,24.500490000000003,8.618792351401792
247,24.600492000000003,8.66421958555583
248,24.700494,8.433089075874431
249,24.800496,8.333110265468676
250,24.900498,8.541137503077353
251,25.0005,8.32938580839544
252,25.100502,8.427759305574511
253,25.200504000000002,8.6157910024482
254,25.300506000000002,8.539045159179114
255,25.400508000000002,8.5400546812823
256,25.500510000000002,8.644561225697121
257,25.600512,8.52266672850731
258,25.700514,8.629927438099264
259,25.800516,8.57421334737218
260,25.900518,8.71996413981699
261,26.00052,8.899486610003459
262,26.100522,8.496243935602418
263,26.200524,8.764102642645982
264,26.300526,8.571554456557873
265,26.400528,8.556276084402667
266,26.500529999999998,8.573393508814652
267,26.600531999999998,8.587384930663951
268,26.700534,8.69791371154325
269,26.800536,8.62254929310538
270,26.900538,8.614308876021717
271,27.00054,8.43609150988045
272,27.100542,8.578761254541963
273,27.200544,8.369591253550704
274,27.300546,8.49504702294222
275,27.400548,8.555571607645238
276,27.50055,8.607188532776126
277,27.600552,8.451101635104546
278,27.700554,8.462005694893346
279,27.800556,8.42813573590853
280,27.900558,8.684791954175747
281,28.00056,8.463040309138588
282,28.100562,8.636278349295571
283,28.200564000000004,8.621126975987849
284,28.300566,8.646404373155931
285,28.400568,8.549007921597296
286,28.50057,8.767877045927301
287,28.600572,8.576860276607201
288,28.700574,8.482188908377797
289,28.800576,8.382392364902165
290,28.900578000000003,8.479654394199091
291,29.000580000000003,8.525320070138129
292,29.100582000000003,8.368007047000978
293,29.200584,8.339129607959077
294,29.300586,8.386349252170497
295,29.400588,8.392895680357748
296,29.50059,8.468760245930062
297,29.600592,8.525254075571272
298,29.700594000000002,8.470102002395187
299,29.800596000000002,8.57503609709105
300,29.900598000000002,8.454336466640534
301,30.000600000000002,8.477269923111171
302,30.100602,8.492440690822242
303,30.200604,8.68851167461684
304,30.300606,8.545350087093174
305,30.400608000000002,8.722816586360683
306,30.50061,8.780364809431816
307,30.600612,8.549979123975554
308,30.700614,8.817530594085904
309,30.800616,8.684532081528767
310,30.900618,9.173357395847823
311,31.000619999999998,8.900110952371971
312,31.100621999999998,8.901930838151355
313,31.200624,8.717034781339754
314,31.300626,8.89468586598221
315,31.400628,8.921938128261845
316,31.50063,9.064628120917925
317,31.600632,8.572750142415302
318,31.700634,8.73656133857093
319,31.800636,8.738543316217353
320,31.900638,8.496678328334637
321,32.00064,9.069899279284286
322,32.100642,8.754329331436864
323,32.200644,9.046820922106212
324,32.300646,8.842966990305982
325,32.400648000000004,8.841395478301402
326,32.50065,9.002308524463423
327,32.600652000000004,8.938800811725391
328,32.700654,8.689059166148848
329,32.800656000000004,8.728049892265652
330,32.900658,8.94192756154236
331,33.00066,8.700950599228445
332,33.10066200000001,8.644599966761762
333,33.200664,8.476510604076713
334,33.300666,8.462700621740579
335,33.400667999999996,8.490393496477221
336,33.50067,8.450097808320402
337,33.600671999999996,8.450971952750336
338,33.700674,8.420496170585691
339,33.800676,8.240451284900193
340,33.900678,8.610222004965106
341,34.00068,8.481109438248865
342,34.100682,9.022430154146644
343,34.200684,8.903460277376771
344,34.300686,8.868197507713152
345,34.400688,8.752820002426713
346,34.500690000000006,8.451197700401192
347,34.600692,8.547372684697761
348,34.700694000000006,8.481692210145992
349,34.800696,8.524450318536537
350,34.900698000000006,8.619257612973778
351,35.0007,8.566471495253682
352,35.100702,8.422825780938638
353,35.200703999999995,8.581902297826236
354,35.300706,8.60845347816378
355,35.400708,8.553007068041545
356,35.50071,8.581984897701123
357,35.600712,8.754087021093238
358,35.700714,8.793317367018926
359,35.800716,8.971424063958555
360,35.900718,8.818572107153214
361,36.00072,8.77881621941451
362,36.100722000000005,8.707772426735369
363,36.200724,8.948437947936494
364,36.300726000000004,9.07347303631733
365,36.400728,9.231899748298238
366,36.500730000000004,9.139935793627394
367,36.600732,9.023129494142696
368,36.700734000000004,9.230904095040206
369,36.800736,8.996092344631952
370,36.900738,9.139340686375572
371,37.00074,8.988378949865815
372,37.100742,8.840025161334435
373,37.200744,8.954146876438639
374,37.300746,8.873157229666806
375,37.400748,8.874613588742589
376,37.50075,8.73145294590845
377,37.600752,8.663064749513888
378,37.700754,9.046647028176086
379,37.800756,8.777162747566852
380,37.900758,8.872674903325075
381,38.00076,8.941219331715658
382,38.100762,8.848370139135694
383,38.200764,8.842848441900594
384,38.300766,8.837553366019135
385,38.40076800000001,8.974475590201111
386,38.50077,8.965792257838107
387,38.600772,8.954041684629482
388,38.700773999999996,9.151854800985838
389,38.800776,9.126566812106722
390,38.900777999999995,9.185832592819008
391,39.00078,8.974980133758871
392,39.100782,9.008792420037631
393,39.200784,9.01459504462233
394,39.300786,9.046405960138868
395,39.400788,8.849332877146361
396,39.50079,8.604556789163418
397,39.600792,8.65980856815561
398,39.700794,8.900450580690627
399,39.800796000000005,8.822495274612464
400,39.900798,8.764841899370971
401,40.000800000000005,8.558665786028588
402,40.100802,8.997324933381766
403,40.200804000000005,9.050032159537972
404,40.300806,9.061852295783586
405,40.400808,9.1757412051087
406,40.500809999999994,9.0898886945563
407,40.600812,9.331023725079502
408,40.700814,9.27370383930317
409,40.800816,9.213491633321356
410,40.900818,9.382384967194373
411,41.00082,9.185522180093248
412,41.100822,9.268016266634836
413,41.200824,9.408408709081543
414,41.300826,9.186208847385007
415,41.400828000000004,9.513418899774441
416,41.50083,9.47147028423846
417,41.600832000000004,9.105114904091698
418,41.700834,8.876475455653715
419,41.800836000000004,9.208995387100918
420,41.900838,9.011744173131145
421,42.000840000000004,9.33994048460199
422,42.10084200000001,8.927754297118952
423,42.200844,8.967085314074984
424,42.300846,8.822175349727836
425,42.400847999999996,8.829330719143723
426,42.50085,8.844114557775946
427,42.600851999999996,8.90834101704835
428,42.700854,9.098101971240707
429,42.800856,8.836825817680545
430,42.900858,8.932540974739641
431,43.00086,8.818023767243712
432,43.100862,8.807312306225512
433,43.200864,9.045357639799338
434,43.300866,8.679999846855804
435,43.400868,8.576056045099294
436,43.500870000000006,8.81535640224253
437,43.600872,8.739730192402286
438,43.700874000000006,9.013664090310085
439,43.800876,8.780136575256025
440,43.900878000000006,8.92339723603576
441,44.000879999999995,8.901000670786978
442,44.100882,8.813496296213408
443,44.200883999999995,8.67470719277913
444,44.300886,8.667311001716692
445,44.400888,8.838085265874422
446,44.50089,8.719742836078227
447,44.600892,8.765616946577993
448,44.700894,8.689154655360591
449,44.800896,8.890009436318378
450,44.900898,8.693025104415833
451,45.0009,8.773897313209506
452,45.100902000000005,8.499121420039282
453,45.200904,8.922667915391262
454,45.300906000000005,8.732503726664525
455,45.400908,8.699945931503471
456,45.500910000000005,8.65460237910426
457,45.600912,8.894956096062117
458,45.700914000000004,8.592451830487402
459,45.800916,8.726226731820558
460,45.900918,8.791103922700064
461,46.00092,8.914597576902827
462,46.100922,8.70175632163072
463,46.200924,9.071397862476545
464,46.300926,8.978175140840582
465,46.400928,8.795854550068311
466,46.50093,8.828481762760399
467,46.600932,8.78184638407974
468,46.700934000000004,8.966453131940389
469,46.800936,9.015062730998105
470,46.900938000000004,9.10198732671489
471,47.00094,8.908097815685023
472,47.100942,9.220595361266938
473,47.200944,9.244100593110748
474,47.300946,9.389914119293906
475,47.40094800000001,9.026815451698477
476,47.50095,9.100679906834099
477,47.600952,9.099958842874752
478,47.700953999999996,9.017149951011984
479,47.800956,9.124584549613965
480,47.900957999999996,8.943002113055716
481,48.00096,9.264897177931271
482,48.100962,9.0055895539087
483,48.200964,9.126314434292846
484,48.300966,9.040623616347329
485,48.400968,9.085801875930468
486,48.50097,8.98098609055134
487,48.600972,9.139512112761066
488,48.700974,9.103117803419513
489,48.800976000000006,9.38864526294237
490,48.900978,9.227171008179575
491,49.000980000000006,9.383808663438698
492,49.100982,9.37903699080477
493,49.200984000000005,9.099461497624867
494,49.300986,8.958628795145819
495,49.400988,9.097116687572658
496,49.500989999999994,9.154631975358102
497,49.600992,9.139786763015957
498,49.700994,9.158964417500867
499,49.800996,9.114884537017913
500,49.900998,9.189294655798461
501,50.001,8.995614152538355
502,50.101002,9.1778809823474
503,50.201004,9.283269757578761
504,50.301006,9.150270260622612
505,50.401008000000004,8.964098048713684
506,50.50101,9.001442953167114
507,50.601012000000004,9.184854285563889
508,50.701014,9.006755189490764
509,50.801016000000004,8.923363829566131
510,50.901018,9.111265635673432
511,51.001020000000004,8.976729220231185
512,51.10102200000001,8.804652855355403
513,51.201024,8.580716106915723
514,51.301026,8.330971151453186
515,51.401028,8.282015892046662
516,51.50103,8.366948750149813
517,51.601032,8.399453160012614
518,51.701034,8.344454863421882
519,51.801036,8.404725668751134
520,51.901038,8.266957662918127
521,52.00104,8.306676992031203
522,52.101042,8.270921764954835
523,52.201044,8.279308371052656
524,52.301046,8.646939416473986
525,52.401048,8.259247923160666
526,52.501050000000006,8.224176698456573
527,52.601052,8.332107152504141
528,52.701054000000006,8.242269503800737
529,52.801056,8.271331153463455
530,52.901058000000006,8.298216813796383
531,53.001059999999995,8.497200624118294
532,53.101062,8.578739941895314
533,53.201063999999995,8.486395345955541
534,53.301066,8.38875415598123
535,53.401068,8.63321178190106
536,53.50107,8.652491155622416
537,53.601072,8.65029475667263
538,53.701074,8.59839937555781
539,53.801076,8.637292747250024
540,53.901078,8.535003347695948
541,54.00108,8.71325712951101
542,54.101082000000005,8.646258716998803
543,54.201084,8.521725371810088
544,54.301086000000005,8.622307910782038
545,54.401088,8.523863314468127
546,54.501090000000005,8.857594097578977
547,54.601092,8.719735515223324
548,54.701094000000005,8.580742263954896
549,54.801096,8.569325285313662
550,54.901098,8.493266854814454
551,55.0011,8.348658488305452
552,55.101102,8.616864971360807
553,55.201104,8.454973143476739
554,55.301106,8.366428999683663
555,55.401108,8.271787456255936
556,55.50111,8.293132451629452
557,55.601112,8.389947239685215
558,55.701114000000004,8.515709283376335
559,55.801116,8.67331995009127
560,55.901118000000004,8.48914050632176
561,56.00112,8.483002377271317
562,56.101122000000004,8.218018056008368
563,56.201124,8.526715287693367
564,56.301126000000004,8.483373364249335
565,56.40112800000001,8.48455695169048
566,56.50113,8.698598535787903
567,56.601132,8.593588393524353
568,56.701133999999996,8.576500619919292
569,56.801136,8.550598342960674
570,56.901137999999996,8.631844597432757
571,57.00114,8.581331282352666
572,57.101142,8.58819382047935
573,57.201144,8.492080556678564
574,57.301146,8.51031542337956
575,57.401148,8.672368274348624
576,57.50115,8.507209577102248
577,57.601152,8.56677330756071
578,57.701154,8.428979424397674
579,57.801156000000006,8.34895229228983
580,57.901158,8.315580075277362
581,58.001160000000006,8.410881163171272
582,58.101162,8.39279653234622
583,58.201164000000006,8.34445827463158
584,58.301166,8.49909054894291
585,58.401168,8.402093554560354
586,58.501169999999995,8.322924425929335
587,58.601172,8.645085088076648
588,58.701174,8.349212599702689
589,58.801176,8.657992669878022
590,58.901178,8.338590712827994
591,59.00118,8.186002771517572
592,59.101182,8.300732028321825
593,59.201184,8.24738903556791
594,59.301186,8.381376043217426
595,59.401188000000005,8.141188411421059
596,59.50119,8.44529719776079
597,59.601192000000005,8.25585439372691
598,59.701194,8.328119526887125
599,59.801196000000004,8.254942007118231
600,59.901198,8.209603070445459
601,60.001200000000004,8.63748007621848
602,60.10120200000001,8.296997829858041
603,60.201204,8.239858088224327
604,60.301206,8.333004551288699
605,60.401208,8.168686014092774
606,60.50121,8.332083062647184
607,60.601212,8.35972023958499
608,60.701214,8.17613148965701
609,60.801216000000004,8.347906672127834
610,60.901218,8.226213551769314
611,61.00122,8.298312692374664
612,61.101222,8.487041465069575
613,61.201224,8.535598256013476
614,61.301226,8.581177288286845
615,61.401228,8.619408523666175
616,61.50123000000001,8.61404555548792
617,61.601232,8.301567153878072
618,61.70123400000001,8.12250396297244
619,61.801236,8.30226101150195
620,61.901238000000006,8.378676576969077
621,62.001239999999996,8.321114679082898
622,62.101242,8.175348115480272
623,62.201243999999996,8.014697201168648
624,62.301246,8.051259133761942
625,62.401248,7.9572117604050625
626,62.50125,7.77969973268009
627,62.601252,8.012748886183612
628,62.701254,8.005349342157622
629,62.801256,8.081553636545209
630,62.901258,8.145665885680632
631,63.00126,8.032765905688377
632,63.101262000000006,8.123718869279916
633,63.201264,8.059583719133126
634,63.301266000000005,8.045647839283975
635,63.401268,8.04615213067227
636,63.501270000000005,8.179421743093135
637,63.601272,8.338641181002348
638,63.701274000000005,8.398611306288945
639,63.801276,8.166143367660842
640,63.901278,8.095797884203582
641,64.00128,8.183902686778234
642,64.101282,8.414776396809613
643,64.201284,8.467242248770622
644,64.301286,8.372560444667382
645,64.401288,8.442035986490163
646,64.50129,8.506046767958944
647,64.601292,8.432451710218249
648,64.701294,8.299901545399035
649,64.80129600000001,8.334657310180553
650,64.901298,8.140220105862035
651,65.0013,8.23067540981624
652,65.101302,8.241056177060155
653,65.20130400000001,8.15192593687194
654,65.30130600000001,8.342400149461728
655,65.401308,8.361301489425532
656,65.50131,8.342628133739474
657,65.60131200000001,8.074419072484808
658,65.701314,8.116769629656586
659,65.801316,8.053637168178174
660,65.901318,8.142384055188927
661,66.00132,8.023781999949394
662,66.101322,8.05285940679179
663,66.20132400000001,7.956265368281645
664,66.301326,8.212300605743794
665,66.401328,8.263284462240607
666,66.50133,8.254318764668204
667,66.601332,7.995698533021267
668,66.701334,8.034026292823784
669,66.80133599999999,8.111387530322027
670,66.90133800000001,8.079544004354211
671,67.00134,8.077722510958584
672,67.101342,8.184344947747604
673,67.20134399999999,7.9325492012257905
674,67.30134600000001,8.010660020161886
675,67.401348,8.19601488278208
676,67.50135,8.065622352216458
677,67.601352,8.1329229468362
678,67.70135400000001,8.552087832571655
679,67.801356,8.212741927431747
680,67.901358,8.326497167532604
681,68.00136,8.17519684810788
682,68.10136200000001,8.080519906642246
683,68.201364,7.974966140468223
684,68.301366,8.142996437041402
685,68.401368,8.490183868478692
686,68.50137,8.301833472576435
687,68.601372,8.388568238145785
688,68.701374,8.367776516351977
689,68.801376,8.402003586754859
690,68.901378,8.246370142416708
691,69.00138000000001,8.273203486838314
692,69.101382,8.285511583278133
693,69.201384,8.129425087940847
694,69.301386,8.025746335581804
695,69.40138800000001,7.905901591828728
696,69.50139,7.961605598859508
697,69.601392,7.848685792594049
698,69.701394,8.087503340181199
699,69.80139600000001,7.9782107996866545
700,69.901398,7.796419734528917
701,70.0014,7.921697960903605
702,70.10140200000001,8.199451680751222
703,70.201404,7.900666653509858
704,70.301406,7.850445326322798
705,70.40140799999999,7.776680598909982
706,70.50141,7.853958743031987
707,70.601412,7.930436297703788
708,70.701414,7.887728405633102
709,70.801416,7.929837971188849
710,70.901418,7.962441297396251
711,71.00142,8.014746144899672
712,71.101422,7.929735429380553
713,71.201424,7.934020873524572
714,71.301426,7.967854154952577
715,71.401428,8.114570552299007
716,71.50143000000001,7.892717555053153
717,71.601432,8.087686223363255
718,71.701434,8.099055120833754
719,71.801436,8.344859533560589
720,71.901438,8.176361869565529
721,72.00144,8.114700374153388
722,72.10144199999999,8.13828638584139
723,72.20144400000001,8.093773670843408
724,72.301446,8.081891351868915
725,72.401448,7.945745081745351
726,72.50144999999999,7.908323905119913
727,72.60145200000001,7.94329959085474
728,72.701454,8.164752893434184
729,72.801456,8.2342036703972
730,72.901458,8.35316204652264
731,73.00146000000001,8.326011999427637
732,73.101462,8.3180393534618
733,73.201464,8.506632381374258
734,73.301466,8.566551543509716
735,73.40146800000001,8.577409474942698
736,73.50147,8.540105428081707
737,73.601472,8.495317008443237
738,73.701474,8.215511630158504
739,73.801476,8.37798613594754
740,73.901478,8.527437221312704
741,74.00148,8.41830115590848
742,74.101482,8.302229502828714
743,74.201484,8.218684346910019
744,74.30148600000001,8.046022251229337
745,74.401488,8.205302233228217
746,74.50149,8.22908768962815
747,74.601492,8.01209256375854
748,74.70149400000001,8.098561251893221
749,74.801496,8.083724265046083
750,74.901498,8.004394772838967
751,75.0015,7.937683905488538
752,75.10150200000001,7.858386308511773
753,75.201504,7.884662451141901
754,75.301506,7.770858834281529
755,75.401508,7.950494309973082
756,75.50151,7.925261607226933
757,75.601512,8.0294942919046
758,75.70151399999999,7.85431376313112
759,75.801516,7.889636565359496
760,75.901518,7.798490763912572
761,76.00152,7.856388322957259
762,76.101522,8.242800526735715
763,76.201524,8.33432616218656
764,76.301526,8.354841664050513
765,76.401528,8.331693739211323
766,76.50153,8.176222442916583
767,76.601532,8.318207920889316
768,76.701534,8.360798392745059
769,76.80153600000001,8.221318585722397
770,76.901538,7.976675650697436
771,77.00154,8.01280250752697
772,77.101542,8.192018016578219
773,77.201544,8.126090453988489
774,77.301546,7.995390284555341
775,77.40154799999999,8.215948256563362
776,77.50155000000001,8.064753714797403
777,77.601552,7.98198879850574
778,77.701554,8.05923171896496
779,77.80155599999999,8.113431981039984
780,77.90155800000001,8.095275612228683
781,78.00156,7.985487109614172
782,78.101562,8.23072750469492
783,78.201564,8.326100699474914
784,78.30156600000001,8.211534456362976
785,78.401568,8.166124446076198
786,78.50157,8.384633915045946
787,78.601572,8.382160593851504
788,78.70157400000001,8.251847232986936
789,78.801576,8.228672535562719
790,78.90157800000001,8.235040663740413
791,79.00158,8.050829368641395
792,79.101582,8.165819309568887
793,79.201584,8.22262132938181
794,79.301586,8.327298667598233
795,79.401588,8.073322928481232
796,79.50159,8.053325348221275
797,79.60159200000001,8.056613400564213
798,79.701594,8.246155510448904
799,79.801596,8.517197034484417
800,79.90159799999999,8.40214932427408
801,80.00160000000001,8.4364334579774
802,80.101602,8.383600152756374
803,80.201604,8.667832226848056
804,80.301606,8.67430016270043
805,80.40160800000001,8.793441171801849
806,80.50161,8.710575627172519
807,80.601612,8.705346781193066
808,80.701614,8.835776394008441
809,80.801616,8.722345694482664
810,80.901618,8.84448580012589
811,81.00161999999999,8.78589238721092
812,81.101622,8.715548242772948
813,81.201624,8.843399113713152
814,81.301626,8.713147415803913
815,81.401628,8.624469645613248
816,81.50163,8.632914077361686
817,81.601632,8.661648932534137
818,81.701634,8.76649264108489
819,81.801636,8.593785483839008
820,81.901638,8.524251228531904
821,82.00164,8.804407904313983
822,82.10164200000001,8.741891739468803
823,82.201644,8.698226692987694
824,82.301646,8.765197923918276
825,82.401648,8.779996952936521
826,82.50165000000001,8.713098299886763
827,82.601652,8.756947386657096
828,82.70165399999999,8.772762683376406
829,82.80165600000001,8.672062118316557
830,82.901658,8.671516862500118
831,83.00166,8.828975446169009
832,83.10166199999999,8.74907732640992
833,83.20166400000001,8.672114166342682
834,83.301666,8.651453733998553
835,83.401668,8.829991974336107
836,83.50167,8.644093522216485
837,83.60167200000001,8.770757937142617
838,83.701674,8.724508684219936
839,83.801676,8.776761117045844
840,83.901678,8.71651028506855
841,84.00168000000001,8.851314307564259
842,84.101682,8.520718920650138
843,84.20168400000001,8.78732974697647
844,84.301686,8.581719095774213
845,84.401688,8.667375510657019
846,84.50169,8.810181068093566
847,84.601692,8.702863457870349
848,84.701694,8.569042250619637
849,84.80169599999999,8.646126813696355
850,84.90169800000001,8.640200240572632
851,85.0017,8.672672440811649
852,85.101702,8.78697396284135
853,85.20170399999999,8.8137716617648
854,85.30170600000001,8.7267960628991
855,85.401708,8.816291429051855
856,85.50171,8.783898686378581
857,85.601712,8.787832599383009
858,85.70171400000001,8.749877430701199
859,85.801716,8.711678361287575
860,85.901718,8.752578618430016
861,86.00172,8.518965132152472
862,86.10172200000001,8.618477587006252
863,86.201724,8.597463818841478
864,86.301726,8.643228621438267
865,86.401728,8.597987118858722
866,86.50173,8.507621571602987
867,86.601732,8.55656839510843
868,86.701734,8.45074508713419
869,86.801736,8.541413826211295
870,86.901738,8.64375448995661
871,87.00174000000001,8.721355064791382
872,87.101742,8.54175948080007
873,87.201744,8.4846164476438
874,87.301746,8.478713217562728
875,87.40174800000001,8.62133431021218
876,87.50175,8.674501089444275
877,87.601752,8.642034583060083
878,87.701754,8.597188439576154
879,87.80175600000001,8.637218052167356
880,87.901758,8.472749827883197
881,88.00175999999999,8.490819333006838
882,88.10176200000001,8.584937088090806
883,88.201764,8.620589230771328
884,88.301766,8.644490936040242
885,88.40176799999999,8.79620574079185
886,88.50177000000001,8.865191842516323
887,88.601772,8.577667945394996
888,88.701774,8.569065117642426
889,88.801776,8.741819869159984
890,88.90177800000001,8.592538395913593
891,89.00178,8.658421274872483
892,89.101782,8.514154010290886
893,89.201784,8.62375836497507
894,89.301786,8.709501093060005
895,89.401788,8.622804062827909
896,89.50179000000001,8.65647758495872
897,89.601792,8.686538940072653
898,89.701794,8.50232348960885
899,89.801796,8.564216794007041
900,89.901798,8.60151904202242
901,90.0018,8.64887509262129
902,90.10180199999999,8.613914139837306
903,90.20180400000001,8.665942064075086
904,90.301806,8.66101796773584
905,90.401808,8.633058846115137
906,90.50180999999999,8.760080240638288
907,90.60181200000001,8.862483926750734
908,90.701814,8.664710679764504
909,90.801816,8.722914716997112
910,90.901818,8.612193998618217
911,91.00182000000001,8.545961395270108
912,91.101822,8.58989182382985
913,91.201824,8.660421010046946
914,91.301826,8.507734929384993
915,91.40182800000001,8.61660315100614
916,91.50183,8.670288997397774
917,91.601832,8.544464223286015
918,91.701834,8.579100692462719
919,91.801836,8.564927544472377
920,91.901838,8.517002185867078
921,92.00184,8.56874212132242
922,92.101842,8.46105035065153
923,92.201844,8.469742281396885
924,92.30184600000001,8.42913706855221
925,92.401848,8.650815218980885
926,92.50185,8.618677973716341
927,92.601852,8.408518222914507
928,92.70185400000001,8.669205804093508
929,92.801856,8.584836007800728
930,92.901858,8.62314634773756
931,93.00186,8.530545354834523
932,93.10186200000001,8.547350921475878
933,93.201864,8.628265224919227
934,93.301866,8.569935150252643
935,93.40186800000001,8.636607658259772
936,93.50187,8.606810517498666
937,93.601872,8.506790407241489
938,93.70187399999999,8.472479713159231
939,93.80187600000001,8.492919737356374
940,93.901878,8.731038943023426
941,94.00188,8.690061385166077
942,94.101882,8.559366475313155
943,94.201884,8.540049373314712
944,94.301886,8.520360919394168
945,94.401888,8.771119551921903
946,94.50189,8.663078223885744
947,94.601892,8.646795713252835
948,94.701894,8.591545851309547
949,94.80189600000001,8.65511784991397
950,94.901898,8.433887918537478
951,95.0019,8.477298242370397
952,95.101902,8.657704151942628
953,95.201904,8.60669600928369
954,95.301906,8.59839776753563
955,95.40190799999999,8.474300821426814
956,95.50191000000001,8.751553537525014
957,95.601912,8.702215273990385
958,95.701914,8.668751289861726
959,95.80191599999999,8.6054310765838
960,95.90191800000001,8.61572431829991
961,96.00192,8.243493735596472
962,96.101922,8.120669676577275
963,96.201924,8.047958895812492
964,96.30192600000001,8.026557629649304
965,96.401928,8.212363886076044
966,96.50193,8.115046866600446
967,96.601932,8.187100282505492
968,96.70193400000001,8.507690668960059
969,96.801936,8.439153552319477
970,96.90193800000002,8.367458089447226
971,97.00194,8.599578540613638
972,97.101942,8.552004423031827
973,97.201944,8.447345125000968
974,97.301946,8.182729505460353
975,97.401948,8.39280717013855
976,97.50195,8.291315046422882
977,97.60195200000001,8.289950935536348
978,97.701954,8.420466250059317
979,97.801956,8.299732612600149
980,97.901958,8.35829322183953
981,98.00196000000001,8.29912226247014
982,98.101962,8.362520640160586
983,98.201964,8.478928134887962
984,98.30196600000001,8.60276727713023
985,98.40196800000001,8.659062368005124
986,98.50197,8.433728022178864
987,98.601972,8.324749200984197
988,98.701974,8.31105745803674
989,98.801976,8.224700316900678
990,98.901978,8.230267006443565
991,99.00197999999999,8.173794432189093
992,99.101982,8.322680182005945
993,99.201984,8.496681289843115
994,99.301986,8.607827896258899
995,99.401988,8.3440581326309
996,99.50199,8.48920656968953
997,99.601992,8.621790942106069
998,99.701994,8.40835542270639
999,99.801996,8.481823016244688
1000,99.901998,8.4970434703321
1001,100.002,8.506680042956253
1002,100.10200200000001,8.45409529947777
1003,100.202004,8.407684722964772
1004,100.302006,8.463284004393334
1005,100.402008,8.455321373202722
1006,100.50201000000001,8.487284447782468
1007,100.602012,8.213816279598738
1008,100.70201399999999,8.523521767358947
1009,100.80201600000001,8.248294758945791
1010,100.902018,8.305311253306405
1011,101.00202,8.513904970193634
1012,101.10202199999999,8.374589354534502
1013,101.20202400000001,8.282695949915464
1014,101.302026,8.45760358846447
1015,101.402028,8.615046539205482
1016,101.50203,8.562639224888112
1017,101.60203200000001,8.884638011964864
1018,101.702034,8.556290967425328
1019,101.802036,8.634165952933605
1020,101.902038,8.449844177699028
1021,102.00204000000001,8.500397925763837
1022,102.102042,8.687999612972334
1023,102.20204400000001,8.614456898420743
1024,102.302046,8.520464366454286
1025,102.402048,8.351813954049485
1026,102.50205,8.464033687303573
1027,102.602052,8.332185137186626
1028,102.702054,8.205527932810973
1029,102.802056,8.43911310611033
1030,102.90205800000001,8.638481879811259
1031,103.00206,8.550844649421265
1032,103.102062,8.660651131376259
1033,103.202064,8.21769234295703
1034,103.30206600000001,8.352577787352837
1035,103.402068,8.344249702662726
1036,103.50207,8.639102302991358
1037,103.602072,8.379980196435534
1038,103.70207400000001,8.358387598139865
1039,103.802076,8.346138164634299
1040,103.902078,8.375286138872681
1041,104.00208,8.401765706560136
1042,104.10208200000001,8.52541007033891
1043,104.202084,8.339167581942686
1044,104.302086,8.141536838169863
1045,104.402088,8.312090877460955
1046,104.50209,8.353355646530984
1047,104.602092,8.787075630180382
1048,104.702094,8.843009550938858
1049,104.802096,8.668071853234116
1050,104.902098,8.584536660249679
1051,105.00210000000001,8.595269959954758
1052,105.102102,8.759592258263513
1053,105.202104,8.55554023857534
1054,105.302106,8.323228106472419
1055,105.40210800000001,8.617273005348068
1056,105.50211,8.585205617509382
1057,105.602112,8.504883503870687
1058,105.702114,8.587084659757881
1059,105.80211600000001,8.628864328496748
1060,105.902118,8.577123390763878
1061,106.00211999999999,8.623479383729839
1062,106.10212200000001,8.5509439754162
1063,106.202124,8.28350229601617
1064,106.302126,8.571348349061614
1065,106.40212799999999,8.647515363667587
1066,106.50213000000001,8.403695618620423
1067,106.602132,8.641014930105623
1068,106.702134,8.720839906480528
1069,106.802136,8.58191588165675
1070,106.90213800000001,8.601371583027364
1071,107.00214,8.500922628250363
1072,107.102142,8.694068002365777
1073,107.202144,8.655644407725712
1074,107.30214600000001,8.582723457330241
1075,107.402148,8.636188528589127
1076,107.50215000000001,8.546067703451456
1077,107.602152,8.683582927264553
1078,107.702154,8.606560904036979
1079,107.802156,8.699763526759904
1080,107.902158,8.581172224899072
1081,108.00216,8.654316200489676
1082,108.10216199999999,8.607954582740275
1083,108.20216400000001,8.594238928308586
1084,108.302166,8.644252484427167
1085,108.402168,8.701548528852953
1086,108.50216999999999,8.618545961877619
1087,108.60217200000001,8.656665026705516
1088,108.702174,8.69974310465508
1089,108.802176,8.740451857594254
1090,108.902178,8.679130040041969
1091,109.00218000000001,8.614350354424612
1092,109.102182,8.833362495679788
1093,109.202184,8.665673183057809
1094,109.302186,8.740787917061734
1095,109.40218800000001,8.769254810333045
1096,109.50219,8.69714608907969
1097,109.602192,8.683320934660845
1098,109.702194,8.690582289663928
1099,109.802196,8.62032153806005
1100,109.902198,8.701770152135978
1101,110.0022,8.64315034206337
1102,110.102202,8.676800956103808
1103,110.202204,8.64100125667023
1104,110.30220600000001,8.693921838934765
1105,110.402208,8.747003961189002
1106,110.50221,8.914355086313305
1107,110.602212,8.760213086824415
1108,110.70221400000001,8.79207846642093
1109,110.802216,8.731392605311338
1110,110.902218,8.789226420555021
1111,111.00222,8.826817467791084
1112,111.10222200000001,8.802914372700206
1113,111.202224,8.6867247121827
1114,111.30222599999999,8.850050399382445
1115,111.40222800000001,8.848123549719585
1116,111.50223,8.744302442757405
1117,111.602232,8.762710502677448
1118,111.70223399999999,8.827133449394807
1119,111.80223600000001,8.79430579080149
1120,111.902238,8.726135831322049
1121,112.00224,8.766689584369354
1122,112.102242,8.703839348172322
1123,112.20224400000001,8.636540812848263
1124,112.302246,8.665395020394394
1125,112.402248,8.737360666386833
1126,112.50225,8.722070886036738
1127,112.60225200000001,8.845919212503842
1128,112.702254,8.782046532152389
1129,112.80225600000001,8.66686265558613
1130,112.902258,8.659975076819622
1131,113.00226,8.743704067457111
1132,113.102262,8.692294858076188
1133,113.202264,8.822637412471884
1134,113.302266,8.681961947425886
1135,113.40226799999999,8.729371076410004
1136,113.50227000000001,8.744353256770907
1137,113.602272,8.807090829417037
1138,113.702274,8.66682338038851
1139,113.80227599999999,8.805041383040974
1140,113.90227800000001,8.640722431562601
1141,114.00228,8.559873234269217
1142,114.102282,8.642797431663766
1143,114.202284,8.640402049266584
1144,114.30228600000001,8.582974761969178
1145,114.402288,8.666101356955458
1146,114.50229,8.567728302068796
1147,114.602292,8.659416058135093
1148,114.70229400000001,8.668678452540837
1149,114.802296,8.637790357275211
1150,114.902298,8.647535980655777
1151,115.0023,8.61910571357624
1152,115.102302,8.594178842243752
1153,115.202304,8.713784980650505
1154,115.302306,8.383243967756933
1155,115.402308,8.792188569147859
1156,115.50231,8.605762332159458
1157,115.60231200000001,8.463396846405702
1158,115.702314,8.74210208155309
1159,115.802316,8.509860889079873
1160,115.902318,8.607344776215887
1161,116.00232000000001,8.565697125712862
1162,116.102322,8.500281292703832
1163,116.202324,8.432881743261383
1164,116.30232600000001,8.461065330209951
1165,116.40232800000001,8.472462245314436
1166,116.50233,8.358545718060325
1167,116.602332,8.309247642322449
1168,116.70233400000001,8.425417281134063
1169,116.802336,8.39759151749389
1170,116.902338,8.376473560464605
1171,117.00233999999999,8.330475990121508
1172,117.10234200000001,8.32974540293325
1173,117.202344,8.167904823655894
1174,117.302346,8.421472483146529
1175,117.402348,8.490905239811687
1176,117.50235,8.479356540382414
1177,117.602352,8.304042502677621
1178,117.702354,8.548683511294334
1179,117.802356,8.427455149532083
1180,117.902358,8.313909293583583
1181,118.00236,8.31735573858722
1182,118.10236200000001,8.39754328400637
1183,118.202364,8.381341967422454
1184,118.302366,8.42532333670481
1185,118.402368,8.380926704160837
1186,118.50237,8.459859416334446
1187,118.602372,8.42703507995034
1188,118.70237399999999,8.659537744115163
1189,118.80237600000001,8.609911841859034
1190,118.902378,8.418607709258396
1191,119.00238,8.332507360295029
1192,119.10238199999999,8.361326059292598
1193,119.20238400000001,8.372712482780676
1194,119.302386,8.391937628574505
1195,119.402388,8.432643649518612
1196,119.50239,8.317560402325231
1197,119.60239200000001,8.434748295095972
1198,119.702394,8.399278542574255
1199,119.802396,8.372596555494045
1200,119.902398,8.318874933820833
1201,120.00240000000001,8.29905102438469
1202,120.102402,8.243352170997422
1203,120.20240400000002,8.350843997204615
1204,120.302406,8.380486357870396
1205,120.402408,8.438580981389437
1206,120.50241,8.518248879289223
1207,120.602412,8.358671202361485
1208,120.702414,8.342145763793607
1209,120.802416,8.506971425320057
1210,120.90241800000001,8.432643871565393
1211,121.00242,8.344163749380515
1212,121.102422,8.481659658465047
1213,121.202424,8.354991242008968
1214,121.30242600000001,8.500017633764854
1215,121.402428,8.312747558298593
1216,121.50243,8.423702630949917
1217,121.60243200000001,8.42397692933143
1218,121.70243400000001,8.313022903940011
1219,121.802436,8.531360344400113
1220,121.902438,8.54384353726264
1221,122.00244,8.386606305263411
1222,122.102442,8.425430040392836
1223,122.202444,8.688780621357711
1224,122.302446,8.675966996004512
1225,122.402448,8.504946119155965
1226,122.50245,8.436759029853754
1227,122.602452,8.561347001859492
1228,122.702454,8.394405822361644
1229,122.802456,8.38594626479329
1230,122.902458,8.395727969618237
1231,123.00246000000001,8.427603183376645
1232,123.102462,8.312591664123511
1233,123.202464,8.40140921679869
1234,123.302466,8.41037402875693
1235,123.40246800000001,8.575672008523963
1236,123.50247,8.423473001523238
1237,123.602472,8.487932660686216
1238,123.702474,8.441584924228327
1239,123.80247600000001,8.49437822177211
1240,123.902478,8.511881586921383
1241,124.00247999999999,8.41045011017813
1242,124.10248200000001,8.45284844429618
1243,124.202484,8.427371055311566
1244,124.302486,8.368499077778578
1245,124.40248799999999,8.580927951423536
1246,124.50249000000001,8.548761364545431
1247,124.602492,8.54683799641446
1248,124.702494,8.34714588223792
1249,124.802496,8.42978341257278
1250,124.90249800000001,8.476201380556622
1251,125.0025,8.430325634342681
1252,125.102502,8.41918360357102
1253,125.202504,8.45202979756339
1254,125.30250600000001,8.436846348909537
1255,125.402508,8.321101426239313
1256,125.50251000000002,8.31435055397846
1257,125.602512,8.380594954336061
1258,125.702514,8.344696055523615
1259,125.802516,8.386598156677774
1260,125.902518,8.403219260949852
1261,126.00252,8.528362572103516
1262,126.102522,8.517466334598506
1263,126.20252400000001,8.482669878631386
1264,126.302526,8.360915714249995
1265,126.402528,8.467781411326891
1266,126.50253,8.5150935948129
1267,126.60253200000001,8.346357332767957
1268,126.702534,8.407386905399521
1269,126.802536,8.24157892773158
1270,126.902538,8.315056699542687
1271,127.00254000000001,8.218375637605616
1272,127.102542,8.247154727884354
1273,127.202544,8.451401568961534
1274,127.302546,8.38301948998637
1275,127.40254800000001,8.334742745788676
1276,127.50255,8.246976870792935
1277,127.602552,8.297706062157184
1278,127.702554,8.26332329328673
1279,127.802556,8.308076772608802
1280,127.902558,8.269303632098197
1281,128.00256,8.162976765462158
1282,128.102562,8.296177389178105
1283,128.202564,8.33457911194705
1284,128.302566,8.3203225821045
1285,128.402568,8.219327911490286
1286,128.50257000000002,8.217665352721681
1287,128.602572,8.51135589485688
1288,128.702574,8.323343038424033
1289,128.802576,8.099130939062661
1290,128.902578,8.34790049262878
1291,129.00258,8.284369748942986
1292,129.102582,8.28202097473046
1293,129.202584,8.251224187431077
1294,129.302586,8.241500585935917
1295,129.402588,8.219230708822264
1296,129.50259,8.257407406191927
1297,129.60259200000002,8.23781485259133
1298,129.702594,8.201845664668946
1299,129.802596,8.331925135179526
1300,129.902598,8.29041485000188
1301,130.0026,8.190883884268276
1302,130.102602,8.251430983455007
1303,130.202604,8.187138793213162
1304,130.302606,8.200321212854892
1305,130.40260800000001,8.232744898197135
1306,130.50261,8.204999490460873
1307,130.60261200000002,8.113895182957386
1308,130.702614,8.204693078040453
1309,130.802616,8.204283824649803
1310,130.902618,8.28035993950789
1311,131.00262,8.315238578181832
1312,131.102622,8.272543602515272
1313,131.20262400000001,8.28833834163767
1314,131.30262599999998,8.191196219552701
1315,131.402628,8.243961091619065
1316,131.50263,8.248235164552634
1317,131.602632,8.188439956848342
1318,131.702634,8.411146939880474
1319,131.802636,8.32452914069652
1320,131.902638,8.399858129701265
1321,132.00264,8.35278658144376
1322,132.102642,8.269695102577725
1323,132.202644,8.309689715675885
1324,132.302646,8.373121530731957
1325,132.40264800000003,8.229443862272372
1326,132.50265,8.340574802436306
1327,132.602652,8.44933428103611
1328,132.702654,8.392772894840776
1329,132.802656,8.454832789414082
1330,132.902658,8.409757689923017
1331,133.00266,8.463796679078103
1332,133.102662,8.296780344414802
1333,133.202664,8.22719997697085
1334,133.302666,8.263034992905043
1335,133.402668,8.330375118147309
1336,133.50267000000002,8.498312089974497
1337,133.60267199999998,8.394889865868407
1338,133.702674,8.343995130190407
1339,133.80267600000002,8.227689782294844
1340,133.902678,8.405155868317756
1341,134.00268,8.412713939512251
1342,134.102682,8.239739423466064
1343,134.202684,8.298571854729074
1344,134.30268600000002,8.468790509227102
1345,134.40268799999998,8.479767793298413
1346,134.50269,8.37187253837555
1347,134.60269200000002,8.552320625362388
1348,134.70269399999998,8.586959162826005
1349,134.802696,8.609722282211557
1350,134.90269800000002,8.66557428731257
1351,135.0027,8.672241115714273
1352,135.102702,8.438171242469673
1353,135.202704,8.422781919052778
1354,135.302706,8.747240038050467
1355,135.40270800000002,8.886727854854682
1356,135.50270999999998,8.602436244461236
1357,135.602712,8.475953990658954
1358,135.70271400000001,8.511598423212208
1359,135.802716,8.612177018335375
1360,135.902718,8.60168618314027
1361,136.00272,8.583020534742422
1362,136.102722,8.432364146353985
1363,136.20272400000002,8.519500245541172
1364,136.302726,8.536298731708097
1365,136.402728,8.362253648103477
1366,136.50273,8.411679264543046
1367,136.602732,8.359516341365325
1368,136.702734,8.449950705966021
1369,136.802736,8.521550735710466
1370,136.902738,8.407758818310432
1371,137.00274,8.434353394080082
1372,137.102742,8.506344866361133
1373,137.202744,8.498133751989462
1374,137.302746,8.356491723034374
1375,137.402748,8.234170423608088
1376,137.50275,8.299687516236808
1377,137.602752,8.32883282956525
1378,137.70275400000003,8.547198000505993
1379,137.802756,8.396950729617386
1380,137.902758,8.426354744634576
1381,138.00276000000002,8.55985036323501
1382,138.102762,8.43490475259069
1383,138.202764,8.47954519738608
1384,138.302766,8.500293315182985
1385,138.402768,8.47914341238608
1386,138.50277,8.459342848847635
1387,138.602772,8.469085803081953
1388,138.702774,8.304174216702563
1389,138.80277600000002,8.402196644740053
1390,138.90277799999998,8.298709010597808
1391,139.00278,8.33287882536112
1392,139.10278200000002,8.424411446136071
1393,139.202784,8.506854036383974
1394,139.302786,8.39375706241613
1395,139.402788,8.474046386783916
1396,139.50279,8.399077350943468
1397,139.60279200000002,8.430338142036984
1398,139.70279399999998,8.496783443725295
1399,139.802796,8.528726191075634
1400,139.90279800000002,8.523843903685462
1401,140.0028,8.497579708325004
1402,140.102802,8.374966660470134
1403,140.20280400000001,8.25818148075492
1404,140.302806,8.213942490732963
1405,140.402808,8.376150720034959
1406,140.50281,8.38525614595047
1407,140.602812,8.359271298924513
1408,140.70281400000002,8.458531834368593
1409,140.80281599999998,8.573597069313076
1410,140.902818,8.374898043072648
1411,141.00282,8.53965622677297
1412,141.102822,8.41204778633671
1413,141.202824,8.486255261830154
1414,141.302826,8.44310017253603
1415,141.402828,8.45596211901174
1416,141.50283000000002,8.734048069264716
1417,141.602832,8.65193406693231
1418,141.702834,8.437609395224639
1419,141.802836,8.621899400820599
1420,141.902838,8.473730793416136
1421,142.00284,8.446865376607583
1422,142.102842,8.448184174513766
1423,142.202844,8.416820945886723
1424,142.302846,8.725050025807441
1425,142.402848,8.370627969943161
1426,142.50285,8.479136494809566
1427,142.602852,8.406767532316243
1428,142.702854,8.558099994788403
1429,142.802856,8.41881027195529
1430,142.902858,8.560023436389077
1431,143.00286000000003,8.465626677724542
1432,143.102862,8.569038429749005
1433,143.202864,8.413965219575513
1434,143.30286600000002,8.400231828956546
1435,143.402868,8.443758040163377
1436,143.50287,8.458848218117195
1437,143.602872,8.534856498642114
1438,143.702874,8.511004129128718
1439,143.802876,8.58072442350077
1440,143.902878,8.483494917968121
1441,144.00288,8.497236611119988
1442,144.10288200000002,8.475471394227212
1443,144.20288399999998,8.517634080993545
1444,144.302886,8.615924001903135
1445,144.40288800000002,8.690780487123481
1446,144.50289,8.54869272523862
1447,144.602892,8.66840599230906
1448,144.702894,8.696812951055492
1449,144.802896,8.62132369413646
1450,144.90289800000002,8.622650866420154
1451,145.00289999999998,8.700706763110913
1452,145.102902,8.864783097453934
1453,145.20290400000002,8.712914615867813
1454,145.302906,8.689346961614183
1455,145.402908,8.915867264798068
1456,145.50291,8.756286972872495
1457,145.602912,8.781079507155686
1458,145.702914,8.861591215758176
1459,145.802916,8.82147758533322
1460,145.902918,8.23323572883882
1461,146.00292000000002,8.366337670743846
1462,146.10292199999998,8.449231333741025
1463,146.202924,8.382705705876917
1464,146.302926,8.334656643613688
1465,146.402928,8.308130424251182
1466,146.50293,8.541798348600533
1467,146.602932,8.367314157246245
1468,146.702934,8.45404504625533
1469,146.80293600000002,8.413554392174936
1470,146.902938,8.359494487541255
1471,147.00294,8.304187227602887
1472,147.102942,8.278558265322951
1473,147.202944,8.262617095671938
1474,147.302946,8.44669393094868
1475,147.402948,8.39246324587729
1476,147.50295,8.563979641264151
1477,147.602952,8.320022620227038
1478,147.702954,8.322771292621802
1479,147.802956,8.280738722441258
1480,147.902958,8.18867311507629
1481,148.00296,8.358672129331053
1482,148.102962,8.296530088421669
1483,148.202964,8.309402133481287
1484,148.30296600000003,8.346336638102134
1485,148.402968,8.235663881251886
1486,148.50297,8.242252509423173
1487,148.60297200000002,8.20686759024258
1488,148.702974,8.300087091795836
1489,148.802976,8.30831127572409
1490,148.902978,8.282644934016542
1491,149.00298,8.279662085210745
1492,149.102982,8.328469646698473
1493,149.202984,8.302829356987914
1494,149.302986,8.217231408390301
1495,149.40298800000002,8.337167552692465
1496,149.50298999999998,8.258945866445659
1497,149.602992,8.264915565686914
1498,149.70299400000002,8.364419787331254
1499,149.802996,8.303933432733391
1500,149.902998,8.281970308323464
1501,150.003,8.272183667756039
1502,150.103002,8.345566860788528
1503,150.20300400000002,8.40694320570987
1504,150.30300599999998,8.385363080437576
1505,150.403008,8.338110418272898
1506,150.50301000000002,8.414132734252556
1507,150.603012,8.294216335876136
1508,150.703014,8.33784700081352
1509,150.803016,8.17612501305149
1510,150.903018,8.263003825645498
1511,151.00302,8.239874899633255
1512,151.103022,8.28815249396257
1513,151.203024,8.284530594461835
1514,151.30302600000002,8.308993418053873
1515,151.40302799999998,8.368610849578154
1516,151.50303,8.348791540249486
1517,151.603032,8.301905769563813
1518,151.703034,8.243220920946925
1519,151.803036,8.302292948159387
1520,151.903038,8.256018189342115
1521,152.00304,8.282494122504353
1522,152.10304200000002,8.301621051910407
1523,152.203044,8.33852291539729
1524,152.303046,8.379991103653122
1525,152.403048,8.384848018377006
1526,152.50305000000003,8.450020216933606
1527,152.603052,8.327951496963086
1528,152.703054,8.343681924604237
1529,152.803056,8.328735842778837
1530,152.903058,8.340608392504095
1531,153.00306,8.354784294273639
1532,153.103062,8.35165633246562
1533,153.203064,8.356148277803012
1534,153.303066,8.338015232736135
1535,153.403068,8.369589776693696
1536,153.50307,8.31360490678229
1537,153.60307200000003,8.235189798216803
1538,153.703074,8.234374533766964
1539,153.803076,8.241308558255549
1540,153.90307800000002,8.192652611837174
1541,154.00308,8.21451139287666
1542,154.103082,8.285493243461913
1543,154.203084,8.263698214945732
1544,154.303086,8.304657927869728
1545,154.403088,8.423017276038207
1546,154.50309,8.240630004846986
1547,154.603092,8.2878684637426
1548,154.70309400000002,8.303994888440055
1549,154.80309599999998,8.324318606128573
1550,154.903098,8.235325114385558
1551,155.00310000000002,8.366303236954991
1552,155.103102,8.286621396988021
1553,155.203104,8.270137964339916
1554,155.303106,8.144055848194112
1555,155.403108,8.199753140439107
1556,155.50311000000002,8.174250986868897
1557,155.60311199999998,8.26256327930269
1558,155.703114,8.294783733409048
1559,155.80311600000002,8.256522978360302
1560,155.903118,8.209530696248624
1561,156.00312,8.27225594360428
1562,156.103122,8.374836978526632
1563,156.203124,8.38162335251918
1564,156.303126,8.276401167379627
1565,156.403128,8.244033937846346
1566,156.50313,8.319012341472929
1567,156.60313200000002,8.233978488150296
1568,156.70313399999998,8.120307533145203
1569,156.803136,8.340472367102665
1570,156.903138,8.412840771897178
1571,157.00314,8.538477995470606
1572,157.103142,8.211949388263744
1573,157.203144,8.261046255916348
1574,157.303146,8.167474624635817
1575,157.40314800000002,8.325558346038466
1576,157.50315,8.469180887980992
1577,157.603152,8.327005737182812
1578,157.703154,8.2942000960434
1579,157.80315600000003,8.378508062869418
1580,157.903158,8.280960098532491
1581,158.00316,8.311400987070723
1582,158.103162,8.316206354526257
1583,158.203164,8.360129065595219
1584,158.303166,8.396046777213938
1585,158.403168,8.661665278597848
1586,158.50317,8.399669612780968
1587,158.603172,8.26167929409872
1588,158.703174,8.404061281317789
1589,158.803176,8.445266762555883
1590,158.90317800000003,8.168535900894206
1591,159.00318,8.31934757303865
1592,159.103182,8.38591409192831
1593,159.20318400000002,8.055022998306011
1594,159.303186,8.044659030032635
1595,159.403188,8.243899876175098
1596,159.50319,8.214758462372949
1597,159.603192,8.255605758428665
1598,159.70319400000002,8.110141552346448
1599,159.80319599999999,8.09085276197054
1600,159.903198,8.329510121500332
1601,160.00320000000002,8.400443415280423
1602,160.10320199999998,8.154023535699547
1603,160.203204,8.28304996554439
1604,160.30320600000002,8.21559020328003
1605,160.403208,8.342417941443442
1606,160.50321,8.303935157766382
1607,160.603212,8.342767913395543
1608,160.703214,8.380967224402573
1609,160.80321600000002,8.287641863532336
1610,160.90321799999998,8.228078208580655
1611,161.00322,8.361096669228447
1612,161.10322200000002,8.219860263480802
1613,161.203224,8.234664021168433
1614,161.303226,8.280244200514966
1615,161.403228,8.39495229770311
1616,161.50323,8.272195289694986
1617,161.603232,8.390160739913467
1618,161.703234,8.160257604834124
1619,161.803236,8.247822610979982
1620,161.90323800000002,8.232265507702554
1621,162.00323999999998,8.388628109495789
1622,162.103242,8.261143452874359
1623,162.203244,8.310046645562602
1624,162.303246,8.268043419157037
1625,162.403248,8.278682484598502
1626,162.50325,8.236650084412583
1627,162.603252,8.294932798954525
1628,162.70325400000002,8.278823184650928
1629,162.803256,8.231991632027686
1630,162.903258,8.400373813076888
1631,163.00326,8.408336511333859
1632,163.10326200000003,8.325909826468523
1633,163.203264,8.38481411358101
1634,163.303266,8.358384581251288
1635,163.403268,8.30325757509996
1636,163.50327,8.252743829481808
1637,163.603272,8.331213661130477
1638,163.703274,8.345671329575454
1639,163.803276,8.41147267240115
1640,163.903278,8.429724036721696
1641,164.00328,8.349896208296212
1642,164.103282,8.331988119309175
1643,164.20328400000002,8.339383909004555
1644,164.30328599999999,8.432194404149008
1645,164.403288,8.34217753312088
1646,164.50329000000002,8.244899612451512
1647,164.603292,8.261382433097785
1648,164.703294,8.285663646265952
1649,164.803296,8.244187573810807
1650,164.903298,8.14640474550751
1651,165.00330000000002,8.371563579811742
1652,165.10330199999999,8.238570794948838
1653,165.203304,8.341388285490392
1654,165.30330600000002,8.38383934739827
1655,165.40330799999998,8.471042705818892
1656,165.50331,8.2946077259979
1657,165.60331200000002,8.196411013294293
1658,165.703314,8.478569926690428
1659,165.803316,8.532193854018367
1660,165.903318,8.611840633898275
1661,166.00332,8.24572745842196
1662,166.10332200000002,8.414903535909321
1663,166.20332399999998,8.271035621633848
1664,166.303326,8.320365607932809
1665,166.40332800000002,8.251359094165673
1666,166.50333,8.419823423172234
1667,166.603332,8.5069669571392
1668,166.703334,8.494607293945323
1669,166.803336,8.504944223445433
1670,166.90333800000002,8.357292818453832
1671,167.00334,8.366582269512167
1672,167.103342,8.581316096955584
1673,167.20334400000002,8.520967954433416
1674,167.30334599999998,8.425822674600276
1675,167.403348,8.428485222641196
1676,167.50335,8.63648733836915
1677,167.603352,8.494417111459452
1678,167.703354,8.595945108507978
1679,167.803356,8.593095875924318
1680,167.903358,8.739239527764095
1681,168.00336000000001,8.597619950866763
1682,168.103362,8.66394756742399
1683,168.203364,8.758621474439147
1684,168.303366,8.74539443172217
1685,168.40336800000003,8.794062189927098
1686,168.50337,8.742510745826884
1687,168.603372,8.737653567371366
1688,168.703374,8.85285590236256
1689,168.803376,8.85644927152536
1690,168.903378,8.79951689781823
1691,169.00338,8.893769664574423
1692,169.103382,8.706649497044076
1693,169.203384,8.802968861176355
1694,169.303386,8.706529740833401
1695,169.403388,8.744068765462691
1696,169.50339000000002,8.875444458218887
1697,169.60339199999999,8.743257138268033
1698,169.703394,8.740116997364584
1699,169.80339600000002,8.79012721699427
1700,169.903398,8.981168393560003
1701,170.0034,8.737239987420734
1702,170.103402,8.783114798803812
1703,170.203404,8.747870548071637
1704,170.30340600000002,8.785679346665294
1705,170.40340799999998,8.842552197933285
1706,170.50341,8.856714236488843
1707,170.60341200000002,8.840018365426825
1708,170.70341399999998,8.762792626410652
1709,170.803416,8.74286023421709
1710,170.90341800000002,8.809413298147833
1711,171.00342,8.69375779156176
1712,171.103422,8.669815770093754
1713,171.203424,8.656919448019352
1714,171.303426,8.80429476303714
1715,171.40342800000002,8.781527044652343
1716,171.50342999999998,8.67749241591673
1717,171.603432,8.804497974600437
1718,171.70343400000002,8.78535912472982
1719,171.803436,8.721229072259446
1720,171.903438,8.629849323875233
1721,172.00344,8.921504288936825
1722,172.103442,8.94286697075915
1723,172.20344400000002,8.826080489485776
1724,172.303446,8.970229918900692
1725,172.403448,8.926475438313554
1726,172.50345000000002,8.87465837665877
1727,172.603452,8.744034091781975
1728,172.703454,8.99419041565093
1729,172.803456,8.843814712270177
1730,172.903458,8.842789019285163
1731,173.00346,8.79033868693679
1732,173.103462,8.923244508711061
1733,173.203464,8.787418630210606
1734,173.30346600000001,8.813689408752735
1735,173.403468,8.808759021855586
1736,173.50347,8.86833761643215
1737,173.603472,8.744108133806357
1738,173.70347400000003,8.830244554770985
1739,173.803476,8.819038352326825
1740,173.903478,8.860863238320846
1741,174.00348000000002,8.82688085000192
1742,174.103482,8.963847124753176
1743,174.203484,8.769855672105496
1744,174.303486,8.895697535173916
1745,174.403488,8.893869689360008
1746,174.50349,8.746048275671171
1747,174.603492,8.711949024488437
1748,174.703494,8.976606832502544
1749,174.80349600000002,8.875998909649786
1750,174.90349799999998,8.827320597268018
1751,175.0035,8.755902252337279
1752,175.10350200000002,8.800801241146596
1753,175.203504,8.773598795591061
1754,175.303506,8.76576060964675
1755,175.403508,8.859279665941637
1756,175.50351,8.655296554510183
1757,175.60351200000002,8.680578160275733
1758,175.70351399999998,8.794547542784008
1759,175.803516,8.67580025378715
1760,175.90351800000002,8.81223775024434
1761,176.00351999999998,8.76252872384012
1762,176.103522,8.81499102048031
1763,176.20352400000002,8.824518284105254
1764,176.303526,8.818352228407893
1765,176.403528,8.926314020186553
1766,176.50353,8.898612829871295
1767,176.603532,8.747433045455017
1768,176.70353400000002,8.633094810080518
1769,176.80353599999998,8.642611427236265
1770,176.903538,8.707160715955078
1771,177.00354000000002,8.794746384544696
1772,177.103542,8.858399094098138
1773,177.203544,8.886427348824101
1774,177.303546,8.646565166017398
1775,177.403548,8.755569802202713
1776,177.50355000000002,8.772813968140357
1777,177.603552,8.771629557307138
1778,177.703554,8.744018604292634
1779,177.80355600000001,8.829595515742211
1780,177.903558,8.788200187214233
1781,178.00356,8.725186522053981
1782,178.103562,8.95855413648517
1783,178.203564,8.872935862158055
1784,178.303566,8.839650605830455
1785,178.403568,8.85609999348454
1786,178.50357,8.733666833843122
1787,178.603572,8.841708427576743
1788,178.703574,8.78806300126893
1789,178.803576,8.75118374442753
1790,178.903578,8.739961329415506
1791,179.00358000000003,8.835197659323404
1792,179.103582,8.813225405910433
1793,179.203584,8.865894114304353
1794,179.30358600000002,8.860826235328377
1795,179.403588,8.799782704721041
1796,179.50359,8.804342889670906
1797,179.603592,8.74933405486742
1798,179.703594,8.81933691148
1799,179.803596,8.822794774318705
1800,179.903598,8.785611879764705
1801,180.0036,8.891443435777973
1802,180.10360200000002,8.817055463777809
1803,180.20360399999998,8.830935943045365
1804,180.303606,8.790730275568135
1805,180.40360800000002,8.860904670696232
1806,180.50361,8.844570692195543
1807,180.603612,8.817456015758086
1808,180.703614,8.768110633040534
1809,180.803616,8.825039544309197
1810,180.90361800000002,8.80065711452867
1811,181.00361999999998,8.84388209662909
1812,181.103622,8.608823128871377
1813,181.20362400000002,8.56157026830502
1814,181.30362599999998,8.685061754921364
1815,181.403628,8.735572089723233
1816,181.50363000000002,8.751315383536431
1817,181.603632,8.735856058025817
1818,181.703634,8.807216181918669
1819,181.803636,8.742953100625984
1820,181.903638,8.783037083768127
1821,182.00364000000002,8.741191457730384
1822,182.10364199999998,8.683310867181055
1823,182.203644,8.668530709552675
1824,182.30364600000001,8.585855508421014
1825,182.403648,8.731100850855224
1826,182.50365,8.722053357140743
1827,182.603652,8.747493590002076
1828,182.703654,8.74222186404781
1829,182.80365600000002,8.78499223258589
1830,182.903658,8.765963998485631
1831,183.00366,8.84240330945293
1832,183.103662,8.940132899513598
1833,183.203664,8.845553081891357
1834,183.303666,8.93452218818897
1835,183.403668,8.783263873427646
1836,183.50367,8.65937366525898
1837,183.603672,8.693455705390793
1838,183.703674,8.725450490891117
1839,183.803676,8.607417920247087
1840,183.903678,8.806765779795526
1841,184.00368,8.871788157451936
1842,184.103682,8.795261821824585
1843,184.203684,8.688529293560762
1844,184.30368600000003,8.641593241877516
1845,184.403688,8.601677158705689
1846,184.50369,8.574728787887013
1847,184.60369200000002,8.633584152389615
1848,184.703694,8.478298572864153
1849,184.803696,8.418700693720366
1850,184.903698,8.408523643890167
1851,185.0037,8.64402826649203
1852,185.103702,8.380120679392343
1853,185.203704,8.640870204408083
1854,185.303706,8.756134717173625
1855,185.40370800000002,8.773269285938765
1856,185.50370999999998,8.655027928381795
1857,185.603712,8.865458872824636
1858,185.70371400000002,8.67646024110988
1859,185.803716,8.910575375906179
1860,185.903718,8.714764684807887
1861,186.00372,8.790902882424154
1862,186.103722,8.599707730230303
1863,186.20372400000002,8.696491413399674
1864,186.30372599999998,8.791113124689545
1865,186.403728,8.83828930575137
1866,186.50373000000002,8.94835980436408
1867,186.603732,8.813488039781715
1868,186.703734,8.959414508025176
1869,186.80373600000001,9.024650181440325
1870,186.903738,8.942995344899568
1871,187.00374,8.753504581176168
1872,187.103742,8.80180274796752
1873,187.203744,8.72011521336992
1874,187.30374600000002,8.682975817706977
1875,187.40374799999998,8.894081737371716
1876,187.50375,8.779417703798032
1877,187.60375200000001,8.90097284541119
1878,187.703754,8.733545393546796
1879,187.803756,8.688590180782924
1880,187.903758,8.634491383315149
1881,188.00376,8.710813355709256
1882,188.10376200000002,8.873453706015821
1883,188.203764,8.93392137881643
1884,188.303766,8.782066274163917
1885,188.403768,8.70121234670469
1886,188.50377,8.728190731390374
1887,188.603772,8.771086555838377
1888,188.703774,8.776820064980551
1889,188.803776,8.911966556532077
1890,188.903778,8.804283117470456
1891,189.00378,9.003812360184106
1892,189.103782,8.810472333188336
1893,189.203784,8.888409626058769
1894,189.303786,8.906771418485357
1895,189.403788,8.695347586010401
1896,189.50379,8.776711324924145
1897,189.60379200000003,8.721382197600075
1898,189.703794,8.655045942287574
1899,189.803796,8.619573960942624
1900,189.90379800000002,8.631458451564386
1901,190.0038,8.704691739651748
1902,190.103802,8.764215792658387
1903,190.203804,8.639694545720712
1904,190.303806,8.790457456151149
1905,190.403808,8.552623571012482
1906,190.50381,8.7473766660555
1907,190.603812,8.635575278390604
1908,190.70381400000002,8.485054093011493
1909,190.80381599999998,8.552331950020317
1910,190.903818,8.629122338560158
1911,191.00382000000002,8.66075399496293
1912,191.103822,8.500548291608908
1913,191.203824,8.62888762928447
1914,191.30382600000002,8.600508481947397
1915,191.403828,8.67493225931559
1916,191.50383000000002,8.67945257564675
1917,191.60383199999998,8.80701317690716
1918,191.703834,8.59914467003202
1919,191.80383600000002,8.564724949952096
1920,191.903838,8.76757460812813
1921,192.00384,8.687478503597566
1922,192.10384200000001,8.6272131703367
1923,192.203844,8.790610531728962
1924,192.303846,8.6663359121542
1925,192.403848,8.676590636300968
1926,192.50385,8.655759193614683
1927,192.60385200000002,8.559719244580968
1928,192.70385399999998,8.679904128017572
1929,192.803856,8.595488265553504
1930,192.903858,8.651393899358133
1931,193.00386,8.632591574665259
1932,193.103862,8.65018672050945
1933,193.203864,8.986036224186313
1934,193.303866,8.940618124464052
1935,193.40386800000002,8.967899908577875
1936,193.50387,8.748954371471543
1937,193.603872,8.891604576030991
1938,193.703874,8.646158018633368
1939,193.80387600000003,8.605226364614552
1940,193.903878,8.438856914282296
1941,194.00388,8.407181621551644
1942,194.103882,8.586786286386104
1943,194.203884,8.610116664500838
1944,194.303886,8.563444577978398
1945,194.403888,8.690018024936464
1946,194.50389,8.657988399416046
1947,194.603892,8.57620471897066
1948,194.703894,8.766776638270906
1949,194.803896,8.434855701113554
1950,194.90389800000003,8.450046374984389
1951,195.0039,8.419707569077158
1952,195.103902,8.47954328726596
1953,195.20390400000002,8.335767582465042
1954,195.303906,8.466230721277821
1955,195.403908,8.382092036335907
1956,195.50391,8.727604071773541
1957,195.603912,8.549319682039933
1958,195.703914,8.474172726114714
1959,195.803916,8.613582198738605
1960,195.903918,8.612147189055634
1961,196.00392000000002,8.515828611946244
1962,196.10392199999998,8.483252356746489
1963,196.203924,8.570915465294737
1964,196.30392600000002,8.717014078666066
1965,196.403928,8.38624505309932
1966,196.50393,8.525752132136642
1967,196.60393200000001,8.296535673828853
1968,196.703934,8.450662580273967
1969,196.80393600000002,8.385157025094221
1970,196.90393799999998,8.64649903382511
1971,197.00394,8.544324996125063
1972,197.10394200000002,8.608334296294865
1973,197.203944,8.536976264871097
1974,197.303946,8.248724042206927
1975,197.403948,8.36949815460084
1976,197.50395,8.479193242328124
1977,197.603952,8.390520204210706
1978,197.703954,8.405038031850863
1979,197.803956,8.406378779824779
1980,197.90395800000002,8.378102108674021
1981,198.00395999999998,8.413040861539965
1982,198.103962,8.65002708389292
1983,198.203964,8.364378172590053
1984,198.303966,8.345658839587609
1985,198.403968,8.415528559401384
1986,198.50397,8.437721186297585
1987,198.603972,8.46524296004267
1988,198.70397400000002,8.542347511693448
1989,198.803976,8.500869614215974
1990,198.903978,8.545985529872159
1991,199.00398,8.560847849844421
1992,199.10398200000003,8.3911380410206
1993,199.203984,8.358178142995715
1994,199.303986,8.238843674475522
1995,199.403988,8.441698111578935
1996,199.50399,8.481049742219335
1997,199.603992,8.196540722382593
1998,199.703994,8.148673274445963
1999,199.803996,8.136075626482807
2000,199.903998,8.164213959104867
2001,200.004,8.251421336103524
2002,200.104002,8.163995888381248
2003,200.20400400000003,8.160083813389397
2004,200.304006,8.23278510579326
2005,200.404008,8.333378316385362
2006,200.50401000000002,8.469874841855912
2007,200.604012,8.362872902298673
2008,200.704014,8.283833814942728
2009,200.804016,8.447937747597749
2010,200.904018,8.333694468982285
2011,201.00402000000003,8.15284790644236
2012,201.104022,8.327387611310384
2013,201.204024,8.332937959370486
2014,201.30402600000002,8.197369340744103
2015,201.40402799999998,8.223512493373544
2016,201.50403,8.264842346968633
2017,201.60403200000002,8.241335957595437
2018,201.704034,8.172097832700734
2019,201.804036,8.302017272247925
2020,201.904038,8.457837826137567
2021,202.00404,8.466440790302233
2022,202.10404200000002,8.29617254232274
2023,202.20404399999998,8.475543538969356
2024,202.304046,8.306965445847647
2025,202.40404800000002,8.186851412263824
2026,202.50405,8.275220793079622
2027,202.604052,8.295165069710956
2028,202.704054,8.254101843590991
2029,202.804056,8.46236375578549
2030,202.904058,8.420947714977471
2031,203.00406,8.258639528610688
2032,203.104062,8.325384663216685
2033,203.20406400000002,8.370221514677203
2034,203.30406599999998,8.347478277483514
2035,203.404068,8.447675357868732
2036,203.50407,8.434973701735638
2037,203.604072,8.325248932010979
2038,203.704074,8.184470245503606
2039,203.804076,8.375441394245524
2040,203.904078,8.281442279404446
2041,204.00408000000002,8.309580448528513
2042,204.104082,8.248970062469471
2043,204.204084,8.380255043870795
2044,204.304086,8.355196969520634
2045,204.40408800000003,8.404162844567635
2046,204.50409,8.437124848542291
2047,204.604092,8.428819453090076
2048,204.704094,8.472759732873007
2049,204.804096,8.202328169854251
2050,204.904098,8.23531170833363
2051,205.0041,8.268702629704526
2052,205.104102,8.270336584867096
2053,205.204104,8.276229916101894
2054,205.304106,8.17097617624484
2055,205.404108,8.35931836161414
2056,205.50411000000003,8.28814655748168
2057,205.604112,8.442546462433958
2058,205.704114,8.456779388415844
2059,205.80411600000002,8.279727089399357
2060,205.904118,8.520833801234515
2061,206.00412,8.395074711386275
2062,206.104122,8.417495352750176
2063,206.204124,8.246146033722566
2064,206.30412600000002,8.224644904168871
2065,206.404128,8.236256816646186
2066,206.50413,8.387263983959977
2067,206.60413200000002,8.190326212855593
2068,206.70413399999998,8.347508918467085
2069,206.804136,8.564601584751225
2070,206.90413800000002,8.520436361777769
2071,207.00414,8.60929088677673
2072,207.104142,8.43947021403929
2073,207.204144,8.449790016613859
2074,207.304146,8.483305314970847
2075,207.40414800000002,8.384955107535772
2076,207.50414999999998,8.381594038470977
2077,207.604152,8.299408280270075
2078,207.70415400000002,8.541252705788374
2079,207.804156,8.281676641995201
2080,207.904158,8.209920035077031
2081,208.00416,8.32313254062564
2082,208.104162,8.362300776819318
2083,208.20416400000002,8.396295843653277
2084,208.304166,8.38840936185886
2085,208.404168,8.217378035377868
2086,208.50417000000002,8.2937797493797
2087,208.604172,8.345057027630542
2088,208.704174,8.285400925036289
2089,208.804176,8.1967591750885
2090,208.904178,8.345376886339409
2091,209.00418,8.417643816605315
2092,209.104182,8.414120269608391
2093,209.204184,8.376144644807837
2094,209.30418600000002,8.467622144911564
2095,209.404188,8.404115398271443
2096,209.50419,8.406338427599229
2097,209.604192,8.360803612939682
2098,209.70419400000003,8.421034108069431
2099,209.804196,8.388670350300265
2100,209.904198,8.341279170067109
2101,210.00420000000003,8.345902654958065
2102,210.104202,8.332719111519962
2103,210.204204,8.590354227005594
2104,210.304206,8.497176543332422
2105,210.404208,8.732498910180551
2106,210.50421,8.56141258689463
2107,210.604212,8.235489181330006
2108,210.704214,8.32685993850781
2109,210.80421600000003,8.525461950473407
2110,210.904218,8.358874605883734
2111,211.00422,8.449026806340331
2112,211.10422200000002,8.378052973312728
2113,211.204224,8.605339926150714
2114,211.304226,8.692030766689895
2115,211.404228,8.510319333829148
2116,211.50423,8.671531923765773
2117,211.60423200000002,8.519310175596743
2118,211.70423399999999,8.5566575747484
2119,211.804236,8.736727362409702
2120,211.90423800000002,8.739140030898392
2121,212.00423999999998,8.652154258800369
2122,212.104242,8.759100492746812
2123,212.20424400000002,8.638496142446787
2124,212.304246,8.61996060804617
2125,212.404248,8.613482782615348
2126,212.50425,8.499192914292424
2127,212.604252,8.450290951263192
2128,212.70425400000002,8.429989630991166
2129,212.80425599999998,8.427921378140312
2130,212.904258,8.553395375676761
2131,213.00426000000002,8.708316248599733
2132,213.104262,8.500382210694925
2133,213.204264,8.268494286140406
2134,213.304266,8.442250606651475
2135,213.404268,8.213073111021213
2136,213.50427000000002,8.246428982521792
2137,213.604272,8.451754290361315
2138,213.704274,8.595329405766389
2139,213.80427600000002,8.368812480831014
2140,213.904278,8.495680064628695
2141,214.00428,8.553738775378575
2142,214.104282,8.472430539811294
2143,214.204284,8.535621164928337
2144,214.304286,8.495790404260841
2145,214.404288,8.42107039979159
2146,214.50429,8.568959840156355
2147,214.60429200000002,8.510665562182783
2148,214.704294,8.509222846575232
2149,214.804296,8.487998235942733
2150,214.904298,8.421651589963696
2151,215.00430000000003,8.477141947059737
2152,215.104302,8.67549817551042
2153,215.204304,8.67326159641679
2154,215.30430600000003,8.402560095426429
2155,215.404308,8.47699912057955
2156,215.50431,8.374589236744107
2157,215.604312,8.328756422867897
2158,215.704314,8.435412319841062
2159,215.804316,8.434194392251687
2160,215.904318,8.485608625048771
2161,216.00432,8.424105596346367
2162,216.10432200000002,8.447437786776808
2163,216.20432399999999,8.488165069936466
2164,216.304326,8.42028504028183
2165,216.40432800000002,8.52308128756501
2166,216.50433,8.597024487308135
2167,216.604332,8.524709851894572
2168,216.704334,8.369040085151997
2169,216.804336,8.527207261677384
2170,216.90433800000002,8.351806394209657
2171,217.00433999999998,8.532996198727352
2172,217.104342,8.448744566108054
2173,217.20434400000002,8.451649075313
2174,217.30434599999998,8.615343820114964
2175,217.404348,8.694256282186686
2176,217.50435000000002,8.607391527940905
2177,217.604352,8.56847476388911
2178,217.704354,8.526632472126185
2179,217.804356,8.455776923361078
2180,217.904358,8.426648738425436
2181,218.00436000000002,8.388800975492083
2182,218.10436199999998,8.335185259268401
2183,218.204364,8.50898007715358
2184,218.30436600000002,8.510938721566884
2185,218.404368,8.495996384756943
2186,218.50437,8.185621370589137
2187,218.604372,8.23350360096249
2188,218.704374,8.389781221069683
2189,218.80437600000002,8.30203083778158
2190,218.904378,8.307983539309927
2191,219.00438,8.496100008623197
2192,219.10438200000002,8.585129892470068
2193,219.204384,8.56507609325242
2194,219.304386,8.455994610204524
2195,219.404388,8.655268629453044
2196,219.50439,8.512395900699659
2197,219.604392,8.419746988136758
2198,219.704394,8.402871990711532
2199,219.804396,8.569545148547114
2200,219.90439800000001,8.576202865208884
2201,220.0044,8.73659338394908
2202,220.104402,8.34868768424219
2203,220.204404,8.432874087392413
2204,220.30440600000003,8.49218786650782
2205,220.404408,8.33764123870933
2206,220.50441,8.435100430677775
2207,220.60441200000002,8.266438415816214
2208,220.704414,8.337191655434134
2209,220.804416,8.727443599972375
2210,220.904418,8.616681309083367
2211,221.00442,8.63585208704962
2212,221.104422,8.483194842202204
2213,221.204424,8.412318534842703
2214,221.304426,8.546881648173771
2215,221.40442800000002,8.546420906761306
2216,221.50442999999999,8.506812980959266
2217,221.604432,8.37101749919836
2218,221.70443400000002,8.340307707789128
2219,221.804436,8.44947659095337
2220,221.904438,8.504507106691644
2221,222.00444,8.672649569835578
2222,222.104442,8.598754669265992
2223,222.20444400000002,8.607096981688692
2224,222.30444599999998,8.578790640595754
2225,222.404448,8.649496573109044
2226,222.50445000000002,8.660838829143579
2227,222.60445199999998,8.64498412915978
2228,222.704454,8.69456916663488
2229,222.80445600000002,8.551658676502372
2230,222.904458,8.638385185411128
2231,223.00446,8.490284012810122
2232,223.104462,8.60175765568164
2233,223.204464,8.585204652282362
2234,223.30446600000002,8.542042448184777
2235,223.40446799999998,8.63518692784201
2236,223.50447,8.637810320425512
2237,223.60447200000002,8.860941121443023
2238,223.704474,8.711037490650062
2239,223.804476,8.64602806455441
2240,223.904478,8.696158704666066
2241,224.00448,8.559770479231805
2242,224.10448200000002,8.756475491646077
2243,224.204484,8.691003298181538
2244,224.304486,8.6773434947547
2245,224.40448800000001,8.619938042916978
2246,224.50449,8.590956296774678
2247,224.604492,8.589376731289736
2248,224.704494,8.60488659214193
2249,224.804496,8.58114556535263
2250,224.904498,8.388635394511422
2251,225.0045,8.36173678608186
2252,225.104502,8.546462685337508
2253,225.20450400000001,8.344378522276186
2254,225.304506,8.472211800170589
2255,225.404508,8.517624080253013
2256,225.50451,8.714277248750559
2257,225.60451200000003,8.663619361275396
2258,225.704514,8.743087563949368
2259,225.804516,8.52849511881824
2260,225.90451800000002,8.588865954061959
2261,226.00452,8.382525975190417
2262,226.104522,8.450265286175378
2263,226.204524,8.378626062422978
2264,226.304526,8.342073770413581
2265,226.404528,8.402909186931382
2266,226.50453,8.43275888920332
2267,226.604532,8.329335169113703
2268,226.70453400000002,8.532162274453926
2269,226.80453599999998,8.568872723539343
2270,226.904538,8.48008545199588
2271,227.00454000000002,8.578892697434195
2272,227.104542,8.53745871092715
2273,227.204544,8.545210242592722
2274,227.30454600000002,8.683239344448436
2275,227.404548,8.579083101897266
2276,227.50455000000002,8.64897011079226
2277,227.60455199999998,8.542233959910925
2278,227.704554,8.700186262089572
2279,227.80455600000002,8.711240891005318
2280,227.904558,8.547798318287388
2281,228.00456,8.550926014212724
2282,228.10456200000002,8.467763959050815
2283,228.204564,8.570170126002512
2284,228.304566,8.767543984837745
2285,228.404568,8.617715323525028
2286,228.50457,8.508292417434166
2287,228.60457200000002,8.38633732284912
2288,228.70457399999998,8.442316911481427
2289,228.804576,8.337362864932173
2290,228.90457800000001,8.50424943058067
2291,229.00458,8.326968604826787
2292,229.104582,8.673357852436034
2293,229.204584,8.534168995371571
2294,229.304586,8.54137903396236
2295,229.40458800000002,8.562035812254422
2296,229.50459,8.623286470810456
2297,229.604592,8.77637809609413
2298,229.70459400000001,8.515481727966002
2299,229.804596,8.568530900409268
2300,229.904598,8.78773718119716
2301,230.0046,8.658707275244574
2302,230.104602,8.701474787723754
2303,230.204604,8.469184050671227
2304,230.304606,8.450459105098131
2305,230.404608,8.492301637387248
2306,230.50461,8.362087672689299
2307,230.604612,8.44171408248658
2308,230.704614,8.299976997576158
2309,230.804616,8.378155363834708
2310,230.90461800000003,8.419561614163424
2311,231.00462,8.461897590815768
2312,231.104622,8.546725695880996
2313,231.20462400000002,8.601287762471976
2314,231.304626,8.558416904772793
2315,231.404628,8.507353697063317
2316,231.50463,8.309680073666728
2317,231.604632,8.469964119150154
2318,231.704634,8.478960718569743
2319,231.804636,8.260359325163062
2320,231.904638,8.362542851344426
2321,232.00464000000002,8.229310266678247
2322,232.10464199999998,8.28010098987076
2323,232.204644,8.191803097036251
2324,232.30464600000002,8.526139028825748
2325,232.404648,8.521607592452256
2326,232.50465,8.481953555644264
2327,232.60465200000002,8.39279276831273
2328,232.704654,8.455087971028611
2329,232.80465600000002,8.805852035565543
2330,232.90465799999998,8.596229380246257
2331,233.00466,8.440332035536446
2332,233.10466200000002,8.610945873710481
2333,233.204664,8.705080540643372
2334,233.304666,8.550320844604844
2335,233.40466800000002,8.501455024598405
2336,233.50467,8.645975386564903
2337,233.604672,8.665853632578303
2338,233.704674,8.630734888071563
2339,233.804676,8.490389024388282
2340,233.90467800000002,8.332738761715234
2341,234.00467999999998,8.599301089463843
2342,234.104682,8.570275198188385
2343,234.20468400000001,8.63016037361861
2344,234.304686,8.518128841937433
2345,234.404688,8.518485200530803
2346,234.50469,8.4368784260437
2347,234.604692,8.451181819832879
2348,234.70469400000002,8.509065740902978
2349,234.804696,8.427298316493836
2350,234.904698,8.307096306321721
2351,235.0047,8.279392073554057
2352,235.10470200000003,8.40184990767615
2353,235.204704,8.329506935601836
2354,235.304706,8.356247292880404
2355,235.404708,8.35056825660066
2356,235.50471,8.131513971323026
2357,235.604712,8.337461337400217
2358,235.704714,8.454665083439252
2359,235.804716,8.279282992318867
2360,235.904718,8.377300242057029
2361,236.00472,8.479103149434133
2362,236.104722,8.393802353728402
2363,236.20472400000003,8.446099002188202
2364,236.304726,8.23040329998502
2365,236.404728,8.15533479623895
2366,236.50473000000002,8.315071882904412
2367,236.604732,8.521410859354445
2368,236.704734,8.168472461960022
2369,236.804736,8.294899912979544
2370,236.904738,8.377983431326447
2371,237.00474,8.406002112469439
2372,237.104742,8.426741433428747
2373,237.204744,8.302715322768954
2374,237.30474600000002,8.482554313471763
2375,237.40474799999998,8.253259820956576
2376,237.50475,8.39336843095103
2377,237.60475200000002,8.296958750826576
2378,237.704754,8.478112909331898
2379,237.804756,8.310024990521928
2380,237.90475800000002,8.44627876388865
2381,238.00476,8.457410945422954
2382,238.10476200000002,8.500680224927187
2383,238.20476399999998,8.63671471248184
2384,238.304766,8.486283900037616
2385,238.40476800000002,8.57780380156484
2386,238.50477,8.37935866385401
2387,238.604772,8.672663384424752
2388,238.70477400000001,8.472248775612574
2389,238.804776,8.327927034097698
2390,238.904778,8.570603220578596
2391,239.00478,8.515506542347207
2392,239.104782,8.476812721195712
2393,239.20478400000002,8.454251923247412
2394,239.30478599999998,8.847016162775741
2395,239.404788,8.718803723870959
2396,239.50479,8.702513631242155
2397,239.604792,8.656290298100208
2398,239.704794,8.603014218952756
2399,239.804796,8.544846889210062
2400,239.904798,8.81547567086877
2401,240.00480000000002,8.562711892964073
2402,240.104802,8.540392493316185
2403,240.204804,8.520535139734427
2404,240.304806,8.574161154849463
2405,240.40480800000003,8.335267096464035
2406,240.50481,8.436775601864
2407,240.604812,8.605590795450112
2408,240.704814,8.644246448138162
2409,240.804816,8.615651507196821
2410,240.904818,8.872935091867829
2411,241.00482,8.841345842963888
2412,241.104822,8.685693483196696
2413,241.204824,8.793518753874125
2414,241.304826,8.888745186386277
2415,241.404828,8.922646839844667
2416,241.50483000000003,9.04182266451658
2417,241.604832,9.14672211297103
2418,241.704834,8.908698595846587
2419,241.80483600000002,9.341795570802116
2420,241.904838,8.966063853271178
2421,242.00484,9.210753978792342
2422,242.104842,8.849696858734761
2423,242.204844,8.979994947215921
2424,242.30484600000003,8.581189207241616
2425,242.404848,8.778731487456653
2426,242.50485,8.512125092793895
2427,242.60485200000002,8.88479444566166
2428,242.70485399999998,8.710677929525612
2429,242.804856,8.609886339883904
2430,242.90485800000002,8.713019019225756
2431,243.00486,8.67943423752574
2432,243.104862,8.706578316497186
2433,243.20486400000001,8.837926427994736
2434,243.304866,8.804790063134034
2435,243.40486800000002,8.763606912751756
2436,243.50486999999998,8.677451958498073
2437,243.604872,8.671346917913933
2438,243.70487400000002,8.790221692008641
2439,243.804876,8.808596446485932
2440,243.904878,8.832275760297836
2441,244.00488,8.877001122578113
2442,244.104882,8.821729029629855
2443,244.204884,8.878246986941624
2444,244.304886,8.774898368894853
2445,244.404888,8.627031436837363
2446,244.50489000000002,8.66553585928128
2447,244.604892,8.62475875671505
2448,244.704894,8.957985855911573
2449,244.804896,8.684618255387477
2450,244.904898,8.75847559881897
2451,245.0049,8.678460246364537
2452,245.104902,8.653874202345055
2453,245.204904,8.508760609121534
2454,245.30490600000002,8.597140914376986
2455,245.404908,8.569150747609408
2456,245.50491,8.577281149238937
2457,245.604912,8.571148622113014
2458,245.70491400000003,8.730212216515753
2459,245.804916,8.701144229078107
2460,245.904918,8.702215120585814
2461,246.00492000000003,8.606585816126678
2462,246.104922,8.85254215712996
2463,246.204924,8.807975515639928
2464,246.304926,8.676559562334175
2465,246.404928,8.611461297001265
2466,246.50493,8.708043436984045
2467,246.604932,8.831077408025857
2468,246.704934,8.762892518422369
2469,246.80493600000003,8.622208997189592
2470,246.904938,8.842716180813577
2471,247.00494,8.698534024987739
2472,247.10494200000002,8.715736213088274
2473,247.204944,8.793834220973245
2474,247.304946,8.768788754404719
2475,247.404948,8.942925912148413
2476,247.50495,8.708435768145126
2477,247.60495200000003,8.72501325671995
2478,247.704954,8.648439512280017
2479,247.804956,8.690552431619361
2480,247.90495800000002,8.702996884538734
2481,248.00495999999998,8.801341827314904
2482,248.104962,8.79057531886564
2483,248.20496400000002,8.659342962718693
2484,248.304966,8.767376053704602
2485,248.404968,8.71973155231563
2486,248.50497000000001,8.781734863939748
2487,248.604972,8.762665775695616
2488,248.70497400000002,8.69785604127256
2489,248.80497599999998,8.667668609511038
2490,248.904978,8.910659775286518
2491,249.00498000000002,8.78380051854138
2492,249.104982,9.018972409652772
2493,249.204984,8.803499426220826
2494,249.304986,8.591160635510038
2495,249.404988,8.798309144180251
2496,249.50499,8.940141932197463
2497,249.604992,8.95705389797712
2498,249.704994,8.770800928806382
2499,249.80499600000002,8.878845486045412
2500,249.904998,8.880774793469703
2501,250.005,8.813366871505133
2502,250.105002,8.909163350604945
2503,250.205004,8.819272005456476
2504,250.305006,8.761937219496748
2505,250.405008,8.677489706625712
2506,250.50501,8.837021421633818
2507,250.60501200000002,8.757735362772717
2508,250.705014,8.945644127288821
2509,250.805016,9.008070040732013
2510,250.905018,8.864389120066031
2511,251.00502000000003,8.92384276748684
2512,251.105022,8.894162972500009
2513,251.205024,8.945908285793042
2514,251.30502600000003,8.77663173233669
2515,251.405028,8.675460412801884
2516,251.50503,8.832884317589656
2517,251.605032,8.789315014770285
2518,251.705034,8.802309867739636
2519,251.805036,8.914207064764572
2520,251.905038,8.972019896272393
2521,252.00504,8.717787277790649
2522,252.10504200000003,8.854665837094524
2523,252.205044,8.791946713440266
2524,252.305046,8.862787425762447
2525,252.40504800000002,8.83911002638561
2526,252.50505,8.681377790717443
2527,252.605052,8.866333569720199
2528,252.705054,8.896567724167266
2529,252.805056,8.923425689085509
2530,252.90505800000003,8.70660452081666
2531,253.00506,8.764017351333383
2532,253.105062,8.747040602402116
2533,253.20506400000002,8.908292079191153
2534,253.30506599999998,8.87852467020706
2535,253.405068,8.906585774263291
2536,253.50507000000002,8.800697335278546
2537,253.605072,8.843765549837018
2538,253.705074,8.984289573090244
2539,253.805076,8.74316873114751
2540,253.905078,8.846563973175794
2541,254.00508000000002,8.782041774705961
2542,254.10508199999998,8.872432578797968
2543,254.205084,8.78895380385042
2544,254.30508600000002,8.757919470443117
2545,254.405088,9.117634678034355
2546,254.50509,8.867365872675393
2547,254.605092,8.757652757530378
2548,254.705094,8.96542080645843
2549,254.80509600000002,9.027639002564092
2550,254.905098,8.972666534549777
2551,255.0051,8.851304114345439
2552,255.10510200000002,8.801408586380395
2553,255.205104,8.85075159141353
2554,255.305106,8.700023816071658
2555,255.405108,8.654960769809001
2556,255.50511,8.947116910672873
2557,255.605112,8.995167529762966
2558,255.705114,8.956076236822494
2559,255.805116,9.022416401511176
2560,255.90511800000002,8.794567508624619
2561,256.00512,8.774595138001455
2562,256.105122,8.679052782293159
2563,256.205124,8.71936788025926
2564,256.30512600000003,8.802672740735368
2565,256.405128,8.703506106866252
2566,256.50513,8.968820315935654
2567,256.605132,8.888650660733669
2568,256.705134,8.703612152082394
2569,256.805136,8.687009145391327
2570,256.905138,8.829577068459267
2571,257.00514000000004,8.92447974950554
2572,257.105142,8.777578256654577
2573,257.205144,8.817004168959194
2574,257.30514600000004,8.935204881272512
2575,257.405148,8.855010543698874
2576,257.50515,8.926817088346095
2577,257.605152,8.872539230464389
2578,257.705154,8.7041302522746
2579,257.805156,8.8643262666747
2580,257.905158,8.757106673890538
2581,258.00516,8.827488364633599
2582,258.105162,8.882854422887021
2583,258.205164,8.782844340255352
2584,258.305166,9.055712078461505
2585,258.405168,8.831016467806712
2586,258.50517,8.881078423632175
2587,258.605172,8.787306475646007
2588,258.705174,8.89398335995252
2589,258.805176,8.961348588206826
2590,258.90517800000003,8.79862745589642
2591,259.00518,8.755268681937395
2592,259.105182,8.609885980794436
2593,259.20518400000003,8.776185071080828
2594,259.305186,8.819186452453105
2595,259.405188,8.699559449178448
2596,259.50519,8.713213545420704
2597,259.605192,8.854079605553956
2598,259.705194,8.744523049220772
2599,259.805196,8.854446645412407
2600,259.905198,8.945735731472366
2601,260.0052,8.824649749039922
2602,260.105202,8.879291050599724
2603,260.205204,8.736469179947028
2604,260.305206,8.925856493773868
2605,260.405208,8.827783652515963
2606,260.50521,8.796807908156481
2607,260.605212,8.890937897209813
2608,260.705214,8.76013791753028
2609,260.80521600000003,8.812606275999306
2610,260.905218,8.882667120863227
2611,261.00522,8.899813318990079
2612,261.105222,8.787509628595531
2613,261.20522400000004,8.786617784193451
2614,261.305226,8.789995501178492
2615,261.405228,8.916350462786678
2616,261.50523,8.87335450099156
2617,261.605232,8.889285426959914
2618,261.705234,8.79700936380835
2619,261.805236,8.826565999854582
2620,261.905238,8.75269122786217
2621,262.00524,8.779124627634406
2622,262.105242,8.793945411569272
2623,262.205244,8.923671984360839
2624,262.305246,8.815424863054897
2625,262.40524800000003,8.769274633793097
2626,262.50525,8.689868088703017
2627,262.60525199999995,8.83447986443473
2628,262.705254,8.737846571544463
2629,262.805256,9.018508645808323
2630,262.905258,8.906961147140427
2631,263.00526,8.816595813006366
2632,263.105262,8.843016428047436
2633,263.205264,8.78707334526921
2634,263.305266,8.767653910767994
2635,263.405268,8.750615112901373
2636,263.50527,8.706141948584476
2637,263.605272,8.701382398916415
2638,263.70527400000003,8.901170561169652
2639,263.805276,8.841457767552473
2640,263.905278,8.724013202331793
2641,264.00528,8.850427064435022
2642,264.105282,8.809151397384193
2643,264.205284,8.702379137521838
2644,264.305286,8.852837085119933
2645,264.405288,8.840161144054795
2646,264.50529,8.915761635270876
2647,264.605292,8.746645288239954
2648,264.705294,8.789667755315058
2649,264.80529600000006,8.75139077030761
2650,264.905298,8.804459151151125
2651,265.0053,8.755778930267015
2652,265.10530200000005,8.828578238760736
2653,265.205304,8.679193867225983
2654,265.305306,8.664772602011693
2655,265.405308,8.944959535457226
2656,265.50531,8.82577394117431
2657,265.605312,9.00753196437088
2658,265.705314,8.841168516297836
2659,265.805316,8.85875654434535
2660,265.905318,8.873508253709119
2661,266.00532,8.959023091017338
2662,266.105322,8.85229635066873
2663,266.205324,8.88034510358777
2664,266.305326,8.803036613042792
2665,266.405328,8.795352117775199
2666,266.50533,8.808827306366972
2667,266.605332,8.83428564056102
2668,266.70533400000005,8.780001846803918
2669,266.805336,8.917231437384642
2670,266.905338,8.953852079137956
2671,267.00534000000005,8.759111094926803
2672,267.105342,9.022194748188344
2673,267.20534399999997,8.934825649067758
2674,267.30534600000004,8.887181372750469
2675,267.405348,8.744104127940242
2676,267.50534999999996,8.91881204933337
2677,267.60535200000004,8.941466474639148
2678,267.705354,8.732070788182321
2679,267.805356,8.760502031275504
2680,267.90535800000004,8.998353548343571
2681,268.00536,8.822629637667644
2682,268.105362,8.805192491456179
2683,268.205364,8.99380617018464
2684,268.305366,8.803397557675916
2685,268.405368,8.86587945854341
2686,268.50536999999997,8.78563826158999
2687,268.60537200000005,8.962217985226602
2688,268.705374,8.907498361114847
2689,268.80537599999997,8.922433272795976
2690,268.90537800000004,8.808981137799355
2691,269.00538,8.75141579010089
2692,269.10538199999996,8.799441322486377
2693,269.20538400000004,8.845972309227374
2694,269.305386,8.867867331686893
2695,269.40538799999996,8.833326051457668
2696,269.50539000000003,8.903974412943848
2697,269.605392,8.834916693864388
2698,269.705394,8.81427045083971
2699,269.80539600000003,8.751137649660247
2700,269.905398,8.979604395302575
2701,270.0054,8.817461861993287
2702,270.105402,8.758099597161893
2703,270.205404,8.763470809538878
2704,270.305406,8.803607474222755
2705,270.405408,8.715934541253565
2706,270.50541000000004,8.823570986142363
2707,270.605412,8.683916134325797
2708,270.70541399999996,8.743463542229485
2709,270.80541600000004,8.71872310161726
2710,270.905418,8.80277732846678
2711,271.00541999999996,8.77094722635801
2712,271.10542200000003,8.754616632879145
2713,271.205424,8.904482859974644
2714,271.30542599999995,8.798497469635912
2715,271.40542800000003,8.741485112052805
2716,271.50543,8.749098972775073
2717,271.605432,8.828591666934887
2718,271.705434,8.829552781200517
2719,271.805436,8.83329704522365
2720,271.905438,8.679461845807202
2721,272.00544,8.681026478256124
2722,272.105442,8.737678266738346
2723,272.205444,8.772205155499611
2724,272.305446,8.718420417565374
2725,272.40544800000004,8.873721249425447
2726,272.50545,8.647143192407334
2727,272.605452,8.822190131150073
2728,272.70545400000003,8.90651085769106
2729,272.805456,8.832325689146078
2730,272.905458,8.956926192665042
2731,273.00546,8.840770372298207
2732,273.105462,8.793150160467613
2733,273.205464,8.869455593778142
2734,273.305466,8.769557069049597
2735,273.405468,8.844476107834184
2736,273.50547,8.780435606962433
2737,273.605472,9.047131317505853
2738,273.705474,8.751259050672255
2739,273.805476,8.909312999263562
2740,273.905478,8.864412869652481
2741,274.00548,8.739063603227649
2742,274.105482,8.931159012239613
2743,274.205484,8.88952725116481
2744,274.30548600000003,8.827712579698575
2745,274.405488,8.871412042489592
2746,274.50549,8.96171409438093
2747,274.605492,8.881198435907546
2748,274.705494,8.762006191269172
2749,274.805496,8.774779175853315
2750,274.905498,8.873016485675802
2751,275.0055,8.74127446528155
2752,275.105502,8.831517006207575
2753,275.205504,8.622661405050858
2754,275.305506,8.676992348790922
2755,275.40550800000005,8.573545567046585
2756,275.50551,8.597238792760766
2757,275.605512,8.966921860033777
2758,275.70551400000005,8.708536637712953
2759,275.805516,8.733515992496514
2760,275.905518,8.651113591376319
2761,276.00552000000005,8.751086753049679
2762,276.105522,8.62429382900222
2763,276.205524,8.605886027787632
2764,276.305526,8.49518312150867
2765,276.405528,8.472648815311848
2766,276.50553,8.685958109265098
2767,276.605532,8.616004625522622
2768,276.705534,8.665768414187845
2769,276.805536,8.720689634392214
2770,276.905538,8.676196364035413
2771,277.00554,8.790703659648775
2772,277.105542,8.68821009446697
2773,277.205544,8.588617537517143
2774,277.30554600000005,8.667070454701772
2775,277.405548,8.55865675152022
2776,277.50554999999997,8.623839995046318
2777,277.60555200000005,8.313534707153586
2778,277.705554,8.3768097549171
2779,277.80555599999997,8.779621615370631
2780,277.90555800000004,8.631580432045418
2781,278.00556,8.667595655069189
2782,278.105562,8.646631331098588
2783,278.20556400000004,8.956612187652919
2784,278.305566,8.776551122041893
2785,278.405568,8.61696352929405
2786,278.50557000000003,8.803036573651687
2787,278.605572,9.000374213451922
2788,278.705574,8.940750007550633
2789,278.805576,8.871756704266414
2790,278.905578,8.82320727696675
2791,279.00558,8.816353827224988
2792,279.10558199999997,9.176889988132745
2793,279.20558400000004,9.111098931639868
2794,279.305586,9.07607721531531
2795,279.40558799999997,8.773138142790032
2796,279.50559000000004,8.898633306021756
2797,279.605592,8.98514258325848
2798,279.70559399999996,8.921408927064425
2799,279.80559600000004,9.158653208074746
2800,279.905598,8.981677412356962
2801,280.0056,8.880835286827732
2802,280.10560200000003,8.932633448173348
2803,280.205604,8.902065635739186
2804,280.305606,8.931158418736198
2805,280.40560800000003,8.876109931186521
2806,280.50561,8.999317485381312
2807,280.605612,8.956145134928681
2808,280.705614,8.89201558799268
2809,280.805616,8.979628366586168
2810,280.905618,9.079381294268623
2811,281.00562,9.104712270633362
2812,281.10562200000004,9.186177838201472
2813,281.205624,8.83736806554218
2814,281.30562599999996,8.845540204095576
2815,281.40562800000004,8.65508801278813
2816,281.50563,8.872169572809872
2817,281.60563199999996,8.818797402014859
2818,281.70563400000003,8.783492846023519
2819,281.805636,8.72416167353047
2820,281.90563799999995,8.723703800644635
2821,282.00564,8.755303000525302
2822,282.105642,8.857627989572201
2823,282.205644,8.82090259309401
2824,282.305646,8.681277542333609
2825,282.405648,8.970736068923504
2826,282.50565,9.01853691769656
2827,282.605652,8.864894350123203
2828,282.705654,8.987925344081528
2829,282.805656,8.758268895336416
2830,282.905658,8.740138414584772
2831,283.00566000000003,8.592136564629394
2832,283.105662,8.655945767421136
2833,283.205664,8.75705129595746
2834,283.30566600000003,8.788960940304392
2835,283.405668,8.66196536289132
2836,283.50567,8.853305436541282
2837,283.605672,8.686902546010348
2838,283.705674,8.961303806764404
2839,283.805676,8.866031900232938
2840,283.905678,8.815578360986093
2841,284.00568,9.206848388946945
2842,284.105682,9.000950484142573
2843,284.205684,8.922734146383494
2844,284.305686,8.89770168581303
2845,284.405688,9.03430184322835
2846,284.50569,8.881351049151794
2847,284.605692,8.891332723445599
2848,284.705694,8.61026656716492
2849,284.805696,8.724315677295678
2850,284.90569800000003,8.740500960797451
2851,285.0057,8.65800128293821
2852,285.105702,8.399257301058523
2853,285.205704,8.662395006771957
2854,285.305706,8.459732799161378
2855,285.405708,8.468404976701182
2856,285.50571,8.580734875393874
2857,285.605712,8.612953605890336
2858,285.705714,8.677392707897832
2859,285.805716,8.67184564449889
2860,285.905718,8.664856653432013
2861,286.00572000000005,8.614295369985975
2862,286.105722,8.655040616348183
2863,286.205724,8.987427963264398
2864,286.30572600000005,8.718013511365468
2865,286.405728,8.920197426330594
2866,286.50572999999997,8.625376779624567
2867,286.60573200000005,8.810407800057305
2868,286.705734,8.864570011093912
2869,286.805736,8.636481770140142
2870,286.905738,8.521977430585874
2871,287.00574,8.974050779879292
2872,287.105742,8.75773429191497
2873,287.205744,8.696742549568317
2874,287.305746,8.704502400221706
2875,287.405748,8.645787144841583
2876,287.50575,8.77473585258521
2877,287.605752,8.950073086045396
2878,287.705754,8.97941868259087
2879,287.805756,8.933191794078724
2880,287.90575800000005,8.748591567747887
2881,288.00576,8.729679734254926
2882,288.10576199999997,8.904340039162518
2883,288.20576400000004,8.96335418385412
2884,288.305766,8.8763194991758
2885,288.40576799999997,8.727548074502796
2886,288.50577000000004,8.770984004721015
2887,288.605772,8.697428169936018
2888,288.705774,8.837960364769712
2889,288.80577600000004,8.816091045890188
2890,288.905778,8.991489680682601
2891,289.00578,8.832851934955297
2892,289.10578200000003,8.979892356826586
2893,289.205784,8.805543046577432
2894,289.305786,8.957632770756229
2895,289.405788,9.079010580445479
2896,289.50579,9.010975666773833
2897,289.605792,8.959730602471247
2898,289.70579399999997,8.871252497216831
2899,289.80579600000004,8.763753237280014
2900,289.905798,8.962310099713488
2901,290.00579999999997,8.680305944479926
2902,290.10580200000004,8.95530188668089
2903,290.205804,8.940772897258942
2904,290.30580599999996,8.974001440112989
2905,290.40580800000004,9.016270756342026
2906,290.50581,8.86915205765274
2907,290.605812,8.99905326850882
2908,290.70581400000003,8.855346241149848
2909,290.805816,8.831883403017851
2910,290.905818,8.857211643785584
2911,291.00582,8.773453422675349
2912,291.105822,8.671032751386383
2913,291.205824,8.702511742204328
2914,291.305826,8.73732419192454
2915,291.405828,8.720179717969184
2916,291.50583,8.849118080894867
2917,291.605832,8.782228719352217
2918,291.70583400000004,8.765827759438166
2919,291.805836,8.914820775759225
2920,291.905838,8.993733601486802
2921,292.00584000000003,8.854040518422682
2922,292.105842,8.857822797470154
2923,292.20584399999996,8.921254548875943
2924,292.30584600000003,8.898918921398256
2925,292.405848,8.978043083622598
2926,292.50585,8.910329337832867
2927,292.605852,8.916071387600795
2928,292.705854,8.793623864629774
2929,292.805856,8.740479786137776
2930,292.905858,8.860215910536075
2931,293.00586,8.860236357522679
2932,293.105862,8.745210676553253
2933,293.205864,8.890999296237316
2934,293.305866,8.716284700269004
2935,293.405868,8.912541942020336
2936,293.50587,8.804382511557057
2937,293.60587200000003,8.760962960786651
2938,293.705874,8.869638895437054
2939,293.805876,8.761404355124066
2940,293.90587800000003,8.867385158907
2941,294.00588,8.821998868538373
2942,294.105882,8.592320899389668
2943,294.205884,8.827954751219828
2944,294.305886,8.90273324037398
2945,294.405888,8.925858293448915
2946,294.50589,8.956367471148107
2947,294.605892,8.98626045010798
2948,294.70589400000006,8.96272061580615
2949,294.805896,8.853557959160327
2950,294.905898,8.98791011389966
2951,295.0059,8.86420687479476
2952,295.105902,8.8011135861009
2953,295.205904,8.890162520619233
2954,295.305906,8.909415018406092
2955,295.405908,8.792815220437346
2956,295.50591000000003,8.757408248380136
2957,295.605912,8.785667041736188
2958,295.705914,8.779460999281747
2959,295.805916,8.690151069682855
2960,295.905918,8.733833762806215
2961,296.00592,8.78641299957747
2962,296.105922,8.831070994958237
2963,296.205924,8.789392945169666
2964,296.305926,8.827965414723332
2965,296.405928,8.729428559476883
2966,296.50593,8.749188560652515
2967,296.60593200000005,8.716645948487772
2968,296.705934,8.817125179553987
2969,296.805936,8.813624904482976
2970,296.90593800000005,8.693258473015371
2971,297.00594,8.678956420467287
2972,297.10594199999997,8.854196917740982
2973,297.20594400000004,8.822478750772728
2974,297.305946,8.7992592622029
2975,297.405948,8.686722585193765
2976,297.50595,8.70399974435202
2977,297.605952,8.738077708929065
2978,297.705954,8.755801951592705
2979,297.805956,8.815414284155482
2980,297.905958,9.253427282245383
2981,298.00596,8.962226662976953
2982,298.105962,9.058859509617498
2983,298.205964,8.974841152796404
2984,298.305966,8.8286352543192
2985,298.405968,9.032217210149607
2986,298.50597000000005,8.963776660988513
2987,298.605972,8.890338758343258
2988,298.70597399999997,8.977075881756123
2989,298.80597600000004,8.838232135646765
2990,298.905978,8.860689707927717
2991,299.00597999999997,8.897227530367248
2992,299.10598200000004,9.059176442934817
2993,299.205984,8.982555471754786
2994,299.305986,8.875335985769905
2995,299.40598800000004,8.694835863070768
2996,299.50599,8.800706265924227
2997,299.605992,8.67118895775326
2998,299.70599400000003,8.768422150864586
2999,299.805996,8.816153145372896
3000,299.905998,8.970651657180376
3001,300.006,8.888179803402211
3002,300.106002,8.891448393039708
3003,300.206004,8.760482014214634
3004,300.30600599999997,8.697290820060752
3005,300.40600800000004,8.845255825524157
3006,300.50601,8.88097842586278
3007,300.60601199999996,8.785352721837176
3008,300.70601400000004,8.795269016876798
3009,300.806016,8.83309220286879
3010,300.90601799999996,8.954183899425084
3011,301.00602000000003,8.846720933897661
3012,301.106022,9.066914620952637
3013,301.206024,8.903589768112964
3014,301.30602600000003,8.788690467716318
3015,301.406028,8.856701998484484
3016,301.50603,8.910568388367516
3017,301.606032,8.714681638764844
3018,301.706034,8.86629517924255
3019,301.806036,8.797363109218628
3020,301.906038,8.655912760901586
3021,302.00604,8.722001340755883
3022,302.106042,8.909706567139285
3023,302.206044,8.732266277549357
3024,302.30604600000004,8.854731600260648
3025,302.406048,8.764023986928139
3026,302.50605,8.81095949390183
3027,302.60605200000003,8.709261878950336
3028,302.706054,8.802906879018188
3029,302.80605599999996,8.741526159753782
3030,302.90605800000003,8.737509570791863
3031,303.00606,8.756976108982006
3032,303.106062,8.549357149491293
3033,303.206064,8.692695584931208
3034,303.306066,8.711718012195352
3035,303.406068,8.751200287103181
3036,303.50607,8.661427966079222
3037,303.606072,8.742430199184696
3038,303.706074,8.753480414840467
3039,303.806076,8.811416335755828
3040,303.906078,8.682425341808685
3041,304.00608,8.758051500507706
3042,304.106082,8.723030491782081
3043,304.20608400000003,8.777239621729686
3044,304.306086,8.779984914377518
3045,304.406088,8.631426758379433
3046,304.50609000000003,8.875920314529182
3047,304.606092,8.753120456984359
3048,304.706094,8.835842766399338
3049,304.806096,8.824080965407806
3050,304.906098,8.586526192806108
3051,305.00610000000006,8.597618476549338
3052,305.106102,8.765692801721874
3053,305.206104,8.707653431457226
3054,305.30610600000006,8.571074613224173
3055,305.406108,8.741329488690626
3056,305.50611,8.829373042376307
3057,305.606112,8.68623879777931
3058,305.706114,8.753765944715166
3059,305.806116,8.749934673536577
3060,305.906118,8.723311125332051
3061,306.00612,8.526453392813867
3062,306.106122,8.66428350263097
3063,306.206124,8.744572786082857
3064,306.306126,8.726563398579463
3065,306.406128,8.584541972517409
3066,306.50613,8.765294981808417
3067,306.606132,8.541882076812561
3068,306.706134,8.59022863741317
3069,306.806136,8.550400816501114
3070,306.90613800000006,8.549928950196813
3071,307.00614,8.50580363809059
3072,307.106142,8.480174784608103
3073,307.20614400000005,8.551250552113169
3074,307.306146,8.563601135143678
3075,307.406148,8.580609241818294
3076,307.50615000000005,8.53020806177111
3077,307.606152,8.522470728903352
3078,307.70615399999997,8.64986029865134
3079,307.80615600000004,8.502550736393598
3080,307.906158,8.5479336383117
3081,308.00616,8.348688656353376
3082,308.106162,8.578265174520194
3083,308.206164,8.61829480345597
3084,308.306166,8.528407213703899
3085,308.406168,8.580422331524307
3086,308.50617,8.786515146778415
3087,308.606172,8.821665965813192
3088,308.706174,8.670093941171368
3089,308.806176,8.531074742119834
3090,308.906178,8.669164862941269
3091,309.00618,8.365496065461576
3092,309.10618200000005,8.433497614229934
3093,309.206184,8.469017242375754
3094,309.30618599999997,8.56111387913133
3095,309.40618800000004,8.386652315051519
3096,309.50619,8.629954961910924
3097,309.60619199999996,8.455010233353686
3098,309.70619400000004,8.498504422423903
3099,309.806196,8.602734262152548
3100,309.906198,8.59501300586493
3101,310.00620000000004,8.5957557679244
3102,310.106202,8.550759777980597
3103,310.206204,8.501262514598697
3104,310.30620600000003,8.777726213392668
3105,310.406208,8.74012835523699
3106,310.50621,8.479036021065282
3107,310.606212,8.54521892084697
3108,310.706214,8.523718976223494
3109,310.806216,8.530760745901526
3110,310.90621799999997,8.526232814991237
3111,311.00622000000004,8.525994320057777
3112,311.106222,8.534748860093147
3113,311.20622399999996,8.354535753576256
3114,311.30622600000004,8.51447054419052
3115,311.406228,8.909387172550433
3116,311.50622999999996,8.56930040129328
3117,311.60623200000003,8.483420187580828
3118,311.706234,8.577256508316419
3119,311.806236,8.487241123352746
3120,311.90623800000003,8.444703338824414
3121,312.00624,8.436228276138067
3122,312.106242,8.446025373459678
3123,312.206244,8.342004393998762
3124,312.306246,8.526605188527975
3125,312.406248,8.54383199754102
3126,312.50625,8.59194477192228
3127,312.606252,8.664267649630755
3128,312.706254,8.601334906115847
3129,312.806256,8.575398565759304
3130,312.90625800000004,8.538588364794007
3131,313.00626,8.631342998003925
3132,313.106262,8.593377763668187
3133,313.20626400000003,8.339164917142217
3134,313.306266,8.442002029208162
3135,313.40626799999995,8.465509200320348
3136,313.50627000000003,8.483906195939616
3137,313.606272,8.471579124776772
3138,313.706274,8.80430033738996
3139,313.806276,8.50615090265598
3140,313.906278,8.597946725246635
3141,314.00628,8.453839876408782
3142,314.106282,8.772436537413705
3143,314.206284,8.46994935604461
3144,314.306286,8.696635378233603
3145,314.406288,8.568647573780016
3146,314.50629,8.516872027073918
3147,314.606292,8.653638916996501
3148,314.706294,8.46359810139354
3149,314.80629600000003,8.422822607460605
3150,314.906298,8.195210934364598
3151,315.0063,8.427574106448741
3152,315.106302,8.720651330505266
3153,315.206304,8.499558423423318
3154,315.306306,8.262551106541604
3155,315.406308,8.319548526182581
3156,315.50631,8.215158087537187
3157,315.60631200000006,8.117779572308049
3158,315.706314,8.094814616718267
3159,315.806316,8.314338776111166
3160,315.90631800000006,8.416948455467757
3161,316.00632,8.410981701178814
3162,316.106322,8.406224812205007
3163,316.206324,8.589902433527639
3164,316.306326,8.73354189982187
3165,316.406328,8.506629549821474
3166,316.50633,8.58409520380166
3167,316.606332,8.67313890190644
3168,316.706334,8.509304527710334
3169,316.806336,8.339538660188902
3170,316.906338,8.31892599389707
3171,317.00634,8.5263091897762
3172,317.106342,8.561049197952329
3173,317.206344,8.362285291932416
3174,317.306346,8.314145668553136
3175,317.406348,8.566148163572333
3176,317.50635000000005,8.399030304143292
3177,317.606352,8.54678790641147
3178,317.706354,8.656540036653373
3179,317.80635600000005,8.54183311892191
3180,317.906358,8.572997691683288
3181,318.00636,8.57439396388597
3182,318.10636200000005,8.573692837133466
3183,318.206364,8.573679246592501
3184,318.30636599999997,8.683486953432082
3185,318.40636800000004,8.664140662237159
3186,318.50637,8.616726235853116
3187,318.606372,8.446029474264634
3188,318.706374,8.533708002999035
3189,318.806376,8.461369555834324
3190,318.906378,8.430016684960133
3191,319.00638,8.47355097290503
3192,319.106382,8.47918651104392
3193,319.206384,8.490338989752361
3194,319.306386,8.409056101678644
3195,319.40638800000005,8.480447885725527
3196,319.50639,8.519244014005507
3197,319.60639199999997,8.56450448808054
3198,319.70639400000005,8.380717885070961
3199,319.806396,8.656058613528613
3200,319.90639799999997,8.396306736170551
3201,320.00640000000004,8.502756625709003
3202,320.106402,8.651271033183537
3203,320.20640399999996,8.789994959418628
3204,320.30640600000004,8.469539851686607
3205,320.406408,8.597719149803504
3206,320.50641,8.57977032295303
3207,320.60641200000003,8.42605395827345
3208,320.706414,8.572513501205655
3209,320.806416,8.510195776608578
3210,320.90641800000003,8.419456581972087
3211,321.00642,8.412074968749817
3212,321.106422,8.390572226715658
3213,321.206424,8.454379282964029
3214,321.306426,8.474962220204183
3215,321.406428,8.320699377609788
3216,321.50642999999997,8.416974655564935
3217,321.60643200000004,8.490622495086443
3218,321.706434,8.611571755525029
3219,321.80643599999996,8.652905288540632
3220,321.90643800000004,8.607227530971134
3221,322.00644,8.623188805853566
3222,322.10644199999996,8.668201881356294
3223,322.20644400000003,8.716734177034452
3224,322.306446,8.51944833849298
3225,322.406448,8.585237053138894
3226,322.50645000000003,8.70045607762897
3227,322.606452,8.519943508200601
3228,322.706454,8.623780488293589
3229,322.806456,8.617362186986911
3230,322.906458,8.76776602459351
3231,323.00646,8.80617655026784
3232,323.106462,8.701373916135246
3233,323.206464,9.10418215491872
3234,323.306466,9.04992139383148
3235,323.406468,8.836299330866032
3236,323.50647000000004,8.851917759244557
3237,323.606472,8.593951377021648
3238,323.706474,8.552549581805598
3239,323.80647600000003,8.524351603408443
3240,323.906478,8.37516290140442
3241,324.00647999999995,8.602881542480178
3242,324.106482,8.605918784940036
3243,324.206484,8.787706005470989
3244,324.306486,8.658090643471189
3245,324.406488,8.629153757553794
3246,324.50649,8.683473740194845
3247,324.606492,8.70229414697706
3248,324.706494,8.572877279119515
3249,324.806496,8.66603231168274
3250,324.906498,8.67653287588654
3251,325.0065,8.713488328054044
3252,325.106502,8.544277561572285
3253,325.206504,8.647981954783553
3254,325.306506,8.438840487308726
3255,325.40650800000003,8.519748568369506
3256,325.50651,8.83446938418782
3257,325.606512,8.635143615943171
3258,325.706514,8.556911605988294
3259,325.806516,8.674851684286885
3260,325.906518,8.443226871808651
3261,326.00652,8.34268351643458
3262,326.106522,8.278753785919184
3263,326.20652400000006,8.532812538942292
3264,326.306526,8.285749319952059
3265,326.406528,8.441947201299218
3266,326.50653000000005,8.344755473654697
3267,326.606532,8.440024818602074
3268,326.706534,8.447093940279869
3269,326.806536,8.539030531641618
3270,326.906538,8.50943105905997
3271,327.00654,8.448773508830897
3272,327.106542,8.411845181044928
3273,327.206544,8.338106526758695
3274,327.306546,8.389925985053507
3275,327.406548,8.526352051007892
3276,327.50655,8.656720401086957
3277,327.606552,8.4675609070486
3278,327.706554,8.442863106399
3279,327.806556,8.526634127355335
3280,327.906558,8.515384768177327
3281,328.00656,8.464731450787397
3282,328.10656200000005,8.72939062491783
3283,328.206564,8.595256899613892
3284,328.306566,8.656122623760206
3285,328.40656800000005,8.518466337057102
3286,328.50657,8.561987852255871
3287,328.60657199999997,8.679724626622814
3288,328.70657400000005,8.58145732333213
3289,328.806576,8.60858000855459
3290,328.90657799999997,8.402240421227367
3291,329.00658000000004,8.444498479463768
3292,329.106582,8.559384742318876
3293,329.206584,8.289226492990554
3294,329.30658600000004,8.466869265537047
3295,329.406588,8.575390489831635
3296,329.50659,8.372258718191196
3297,329.606592,8.4196032213465
3298,329.706594,8.277180808844244
3299,329.806596,8.229759399848948
3300,329.906598,8.205990779659118
3301,330.00660000000005,8.364770718038613
3302,330.106602,8.229920503288836
3303,330.20660399999997,8.328543338104659
3304,330.30660600000004,8.328053801132349
3305,330.406608,8.41376752937904
3306,330.50660999999997,8.369937999062493
3307,330.60661200000004,8.280850035747159
3308,330.706614,8.388138477299773
3309,330.80661599999996,8.212265389924653
3310,330.90661800000004,8.43171517008734
3311,331.00662,8.393173287570427
3312,331.106622,8.44391283031895
3313,331.20662400000003,8.580871161604666
3314,331.306626,8.283777364504
3315,331.406628,8.29991601974276
3316,331.50663000000003,8.439064525802761
3317,331.606632,8.340293558318825
3318,331.706634,8.415099570217135
3319,331.806636,8.284075264249374
3320,331.90663800000004,8.445538216834816
3321,332.00664,8.420993000946813
3322,332.10664199999997,8.353154137159299
3323,332.20664400000004,8.468287911163943
3324,332.306646,8.308142368254083
3325,332.40664799999996,8.35446372184369
3326,332.50665000000004,8.121037211432744
3327,332.606652,8.216448752743828
3328,332.70665399999996,8.209615089694914
3329,332.80665600000003,8.40643577752809
3330,332.906658,8.321246046024125
3331,333.00666,8.398326604137047
3332,333.10666200000003,8.4038416051039
3333,333.206664,8.131255189584916
3334,333.306666,8.312028957128575
3335,333.406668,8.026716422214214
3336,333.50667,8.232131365758242
3337,333.606672,8.13705018921944
3338,333.706674,8.100745568478185
3339,333.80667600000004,8.303400825584044
3340,333.906678,8.175302542982935
3341,334.00668,8.300161833133684
3342,334.10668200000003,7.95827589271144
3343,334.206684,8.010976846163608
3344,334.306686,8.077721049368641
3345,334.40668800000003,8.0410544478127
3346,334.50669,7.96058132986128
3347,334.60669199999995,7.952214049888364
3348,334.706694,8.042227992407724
3349,334.806696,8.12419458400379
3350,334.906698,8.306333360689374
3351,335.0067,8.15294774386754
3352,335.106702,8.1316717901582
3353,335.206704,8.206734369664746
3354,335.306706,8.122963770339393
3355,335.406708,8.545652392362014
3356,335.50671,8.264273310549875
3357,335.606712,8.050463370451567
3358,335.706714,8.147192087922228
3359,335.806716,8.200045731780966
3360,335.906718,7.9948032010649355
3361,336.00672000000003,8.003998809023393
3362,336.106722,7.93249377096326
3363,336.206724,8.259588069479744
3364,336.306726,8.14104134484876
3365,336.406728,7.966206324618457
3366,336.50673,8.115101718493214
3367,336.606732,8.276038475299096
3368,336.706734,8.552416667014363
3369,336.80673600000006,8.171450645164267
3370,336.906738,8.236207830010065
3371,337.00674,8.264590374515285
3372,337.10674200000005,8.31209277133958
3373,337.206744,8.19903509069428
3374,337.306746,8.276795928951309
3375,337.406748,8.200666372995542
3376,337.50675,8.085481212818177
3377,337.606752,8.420834457344998
3378,337.706754,8.483857536597538
3379,337.806756,8.692888553684671
3380,337.906758,8.459263558013122
3381,338.00676,8.477242534117607
3382,338.106762,8.186201352552024
3383,338.206764,8.360064337019798
3384,338.306766,8.617709306394257
3385,338.406768,8.643889570175988
3386,338.50677,8.803617412401001
3387,338.606772,8.3905284361603
3388,338.70677400000005,8.58300092825267
3389,338.806776,8.634483458525441
3390,338.906778,8.606348599780745
3391,339.00678000000005,8.632823202706867
3392,339.106782,8.22095892991997
3393,339.20678399999997,8.709818009988728
3394,339.30678600000005,8.95483697410046
3395,339.406788,8.786487294833364
3396,339.50678999999997,8.383044620324084
3397,339.60679200000004,8.456095193972901
3398,339.706794,8.343430082843602
3399,339.806796,8.358127021086691
3400,339.90679800000004,8.35777308905312
3401,340.0068,8.187618516831058
3402,340.106802,8.37472982679672
3403,340.206804,8.41371594982252
3404,340.306806,8.39922331498928
3405,340.406808,8.256764264889568
3406,340.50681,8.262967180778695
3407,340.60681200000005,8.384641252051637
3408,340.706814,8.306444451560056
3409,340.80681599999997,8.428242610180043
3410,340.90681800000004,8.494299706881304
3411,341.00682,8.533907285842842
3412,341.10682199999997,8.54373072056952
3413,341.20682400000004,8.534390204146518
3414,341.306826,8.517155093881389
3415,341.40682799999996,8.462190453642256
3416,341.50683000000004,8.651554204295625
3417,341.606832,8.388412365872496
3418,341.706834,8.687921962072782
3419,341.80683600000003,8.436843573279749
3420,341.906838,8.525494822062914
3421,342.00684,8.659711927193294
3422,342.10684200000003,8.569750227365438
3423,342.206844,8.401554213988327
3424,342.306846,8.451707399987006
3425,342.406848,8.701138787701682
3426,342.50685000000004,8.62627796796799
3427,342.606852,8.70376925880671
3428,342.70685399999996,8.573889512191123
3429,342.80685600000004,8.609166185907805
3430,342.906858,8.725942538316957
3431,343.00685999999996,8.686418680787709
3432,343.10686200000004,8.937081105627163
3433,343.206864,8.856960566958149
3434,343.30686599999996,8.680431422909418
3435,343.40686800000003,8.706324148417567
3436,343.50687,8.482439024462037
3437,343.606872,8.692128334795532
3438,343.706874,8.622999529940246
3439,343.806876,8.75715323860976
3440,343.906878,8.603702879674234
3441,344.00688,8.506789357694716
3442,344.106882,8.637115347714861
3443,344.206884,8.582542395581795
3444,344.306886,8.613033063305421
3445,344.40688800000004,8.613267074826862
3446,344.50689,8.577828514435609
3447,344.606892,8.521035919911371
3448,344.70689400000003,8.808362553160807
3449,344.806896,8.850994583934224
3450,344.906898,8.742235249708779
3451,345.00690000000003,8.66912573379623
3452,345.106902,8.690640134707971
3453,345.206904,8.669968596152996
3454,345.306906,8.730991164399917
3455,345.406908,8.781818460850902
3456,345.50691,8.85621531392173
3457,345.606912,8.749338877350477
3458,345.706914,8.889312678761916
3459,345.806916,8.71527781249778
3460,345.906918,8.865846313152549
3461,346.00692,8.706104894663273
3462,346.106922,8.731714397842905
3463,346.206924,8.751227910959184
3464,346.30692600000003,8.881233190987107
3465,346.406928,8.667953930603076
3466,346.50693,8.630813649102413
3467,346.60693200000003,8.80573688185892
3468,346.706934,8.69838181343903
3469,346.806936,8.688062384317474
3470,346.906938,8.42556076529662
3471,347.00694,8.532622277469438
3472,347.106942,8.546039802036226
3473,347.206944,8.712774780022702
3474,347.306946,8.626610322155143
3475,347.40694800000006,8.680230895836395
3476,347.50695,8.581014672894389
3477,347.606952,8.601748277247225
3478,347.70695400000005,8.673102985295264
3479,347.806956,8.573851733940117
3480,347.906958,8.609259389157334
3481,348.00696000000005,8.562239563463187
3482,348.106962,8.721145719086426
3483,348.206964,8.664862700742232
3484,348.306966,8.672412399144257
3485,348.406968,8.79037878829227
3486,348.50697,8.510228611509419
3487,348.606972,8.57632581846707
3488,348.706974,8.804140680210718
3489,348.806976,8.594728959582548
3490,348.906978,8.460324395400622
3491,349.00698,8.739965966827866
3492,349.106982,8.573598361733
3493,349.206984,8.764733225019231
3494,349.30698600000005,8.514934124402531
3495,349.406988,8.411473199719012
3496,349.50699,8.410284297078773
3497,349.60699200000005,8.442046696687903
3498,349.706994,8.710870126277984
3499,349.80699599999997,8.703926467536967
3500,349.90699800000004,8.586796865086418
3501,350.007,8.534685369712381
3502,350.10700199999997,8.500902067796474
3503,350.20700400000004,8.290396635473334
3504,350.307006,8.382622619141646
3505,350.407008,8.586851199352202
3506,350.50701000000004,8.447254329278913
3507,350.607012,8.384752668676988
3508,350.707014,8.472223195691722
3509,350.807016,8.697895659295
3510,350.907018,8.68994240262518
3511,351.00702,8.597752101285044
3512,351.107022,8.568303176155696
3513,351.20702400000005,8.662683721050465
3514,351.307026,8.530708689197267
3515,351.40702799999997,8.633765488764372
3516,351.50703000000004,8.522516239027599
3517,351.607032,8.188393837215422
3518,351.70703399999996,8.199359742445582
3519,351.80703600000004,8.244241532176094
3520,351.907038,8.192997690684104
3521,352.00703999999996,8.327751509031012
3522,352.10704200000004,8.368888743853342
3523,352.207044,8.376694674168828
3524,352.307046,8.33641959692124
3525,352.40704800000003,8.228034002815841
3526,352.50705,8.284806985892452
3527,352.607052,8.672961377917744
3528,352.707054,8.67638690227745
3529,352.807056,8.364036758661667
3530,352.907058,8.665823610871206
3531,353.00706,8.583903179792575
3532,353.10706200000004,8.471683124329783
3533,353.207064,8.339742529301676
3534,353.30706599999996,8.365603444119586
3535,353.40706800000004,8.429262627416465
3536,353.50707,8.133676479393836
3537,353.60707199999996,8.373338971645888
3538,353.70707400000003,8.595656721192903
3539,353.807076,8.585641585248247
3540,353.90707799999996,8.839874947378304
3541,354.00708000000003,8.786041848021657
3542,354.107082,8.564226675201327
3543,354.207084,8.390543121936904
3544,354.307086,8.487143327856472
3545,354.407088,8.56824545079351
3546,354.50709,8.498039544397033
3547,354.607092,8.430021048837162
3548,354.707094,8.635910079752641
3549,354.807096,8.681187238290537
3550,354.907098,8.541482352896427
3551,355.00710000000004,8.510907623595974
3552,355.107102,8.360554562991092
3553,355.207104,8.549479215638064
3554,355.30710600000003,8.523271356709923
3555,355.407108,8.463741262413139
3556,355.50711,8.383638084334867
3557,355.60711200000003,8.53743108736855
3558,355.707114,8.6957474429895
3559,355.807116,8.707047581559276
3560,355.907118,8.524954557991832
3561,356.00712,8.446494053970557
3562,356.107122,8.611049419301029
3563,356.207124,8.607693986087435
3564,356.307126,8.672543022671318
3565,356.407128,8.5305048657568
3566,356.50713,8.538641097074256
3567,356.607132,8.440618699031072
3568,356.707134,8.626114780689933
3569,356.807136,8.621898883401482
3570,356.90713800000003,8.604283308217408
3571,357.00714,8.599670881736285
3572,357.107142,8.529085440743415
3573,357.207144,8.567099111759642
3574,357.307146,8.553251498698831
3575,357.407148,8.662284724917132
3576,357.50715,8.5812562564946
3577,357.607152,8.549485358238162
3578,357.707154,8.544928845367604
3579,357.807156,8.542501141724992
3580,357.907158,8.438124325573215
3581,358.00716000000006,8.610307281976237
3582,358.107162,8.537849383711055
3583,358.207164,8.648171772048562
3584,358.30716600000005,8.601843738957513
3585,358.407168,8.840986228355131
3586,358.50717,8.626882910469245
3587,358.60717200000005,8.498465586177044
3588,358.707174,8.586130444537792
3589,358.807176,8.59459932594119
3590,358.907178,8.396757387699784
3591,359.00718,8.441505891481174
3592,359.107182,8.4098343403768
3593,359.207184,8.470690446781331
3594,359.307186,8.700988706572366
3595,359.407188,8.710521080849453
3596,359.50719,8.56956338224754
3597,359.607192,8.690221785050344
3598,359.707194,8.704528534366194
3599,359.807196,8.588270737444857
3600,359.90719800000005,8.723002363686643
3601,360.0072,8.7000418795793
3602,360.107202,8.675435966500885
3603,360.20720400000005,8.505062522426716
3604,360.307206,8.416395070032225
3605,360.40720799999997,8.483015466562875
3606,360.50721000000004,8.691456017613657
3607,360.607212,8.671504003852002
3608,360.707214,8.58806652060836
3609,360.80721600000004,8.509723140337378
3610,360.907218,8.138418233208942
3611,361.00722,8.02790989256984
3612,361.10722200000004,7.9826247863889055
3613,361.207224,8.046525065361381
3614,361.307226,8.478131609579922
3615,361.407228,8.30937748556002
3616,361.50723,8.46605485174659
3617,361.607232,8.295319449882184
3618,361.70723399999997,8.119546222729577
3619,361.80723600000005,8.685986220716279
3620,361.907238,8.355401010445185
3621,362.00723999999997,8.346698745140534
3622,362.10724200000004,8.196172441929166
3623,362.207244,8.398067266633188
3624,362.30724599999996,8.302247479959963
3625,362.40724800000004,8.071149727737932
3626,362.50725,8.203563505284896
3627,362.60725199999996,8.259640229242635
3628,362.70725400000003,8.101132995232346
3629,362.807256,8.116086519057836
3630,362.907258,8.020364949336312
3631,363.00726000000003,8.099984334390374
3632,363.107262,8.152277828007513
3633,363.207264,8.150707237758368
3634,363.307266,8.383675914441469
3635,363.407268,8.817415310196925
3636,363.50727,8.725224367610013
3637,363.607272,8.625333320861964
3638,363.70727400000004,8.527405727381048
3639,363.807276,8.83056354320278
3640,363.907278,8.4468520015623
3641,364.00728000000004,8.798606792508014
3642,364.107282,8.397661507946195
3643,364.20728399999996,8.271422941810103
3644,364.30728600000003,8.283077383634875
3645,364.407288,8.342807332457692
3646,364.50728999999995,8.239003939760705
3647,364.60729200000003,8.54410299962733
3648,364.707294,8.386663558457917
3649,364.807296,8.284008758427365
3650,364.907298,8.488151547422282
3651,365.0073,8.481275815216481
3652,365.107302,8.546847786181365
3653,365.207304,8.655718034375626
3654,365.307306,8.387338693800439
3655,365.407308,8.466021664720698
3656,365.50731,8.587713971597811
3657,365.60731200000004,8.707624401206793
3658,365.707314,8.612506799913914
3659,365.807316,8.624377790158661
3660,365.90731800000003,8.642290422820631
3661,366.00732,8.5491459176419
3662,366.107322,8.652923403094963
3663,366.207324,8.356024627352774
3664,366.307326,8.594536769506192
3665,366.407328,8.526077438772045
3666,366.50733,8.600718356175557
3667,366.607332,8.309844565220677
3668,366.70733400000006,8.34223167931579
3669,366.807336,8.316566020117893
3670,366.907338,8.481414385648002
3671,367.00734,8.790566733489136
3672,367.107342,8.719462138514446
3673,367.207344,8.711914534635994
3674,367.307346,8.572484473791148
3675,367.407348,8.798005254497888
3676,367.50735000000003,8.996409925185457
3677,367.607352,8.577216673158699
3678,367.707354,8.61091300081567
3679,367.807356,8.492755529293795
3680,367.907358,8.72607719568052
3681,368.00736,8.462768402589097
3682,368.107362,8.592508912595996
3683,368.207364,8.40093193073563
3684,368.307366,8.50996914682594
3685,368.407368,8.144591104403425
3686,368.50737,8.691634195163438
3687,368.60737200000005,8.515541703682315
3688,368.707374,8.475534903354214
3689,368.807376,8.43953849298521
3690,368.90737800000005,8.393450816774214
3691,369.00738,8.30289484754995
3692,369.107382,8.199044404828465
3693,369.20738400000005,8.066830496930804
3694,369.307386,8.150062575212067
3695,369.407388,8.051092614087153
3696,369.50739,8.112313931046616
3697,369.607392,8.320887601657125
3698,369.707394,8.520561307353695
3699,369.807396,8.312907847193259
3700,369.907398,8.299809778371536
3701,370.0074,8.279064797452719
3702,370.107402,8.39543846549857
3703,370.207404,9.03680815748426
3704,370.307406,8.303079751665416
3705,370.407408,8.749674989579484
3706,370.50741000000005,8.882561926076846
3707,370.607412,8.825644527934207
3708,370.70741399999997,8.528451853800618
3709,370.80741600000005,8.557695678977407
3710,370.907418,8.767412361633973
3711,371.00741999999997,8.432384740056996
3712,371.10742200000004,8.574216926120563
3713,371.207424,8.39868005055477
3714,371.307426,8.308707539399073
3715,371.40742800000004,8.487328868118801
3716,371.50743,8.494066588129611
3717,371.607432,8.50338278598003
3718,371.70743400000003,8.361820855004007
3719,371.807436,8.554125557816704
3720,371.907438,8.635747592153878
3721,372.00744,8.67478219835327
3722,372.107442,8.878469756767862
3723,372.207444,8.880468673011563
3724,372.30744599999997,8.714873401790012
3725,372.40744800000004,8.830236570508157
3726,372.50745,8.704813209390425
3727,372.60745199999997,8.803781197426904
3728,372.70745400000004,8.846218937560135
3729,372.807456,8.869509880258825
3730,372.90745799999996,8.723884311112595
3731,373.00746000000004,8.862432202132082
3732,373.107462,8.573756711125343
3733,373.207464,8.633293224785593
3734,373.30746600000003,8.421129504341682
3735,373.407468,8.684942459916087
3736,373.50747,8.619750267960228
3737,373.60747200000003,8.569252030399692
3738,373.707474,8.547051240010337
3739,373.807476,8.776072246735884
3740,373.907478,8.773571532049882
3741,374.00748,8.61754024669704
3742,374.107482,8.83693011595521
3743,374.207484,8.778521455966844
3744,374.30748600000004,8.613360534801043
3745,374.407488,8.559084368942173
3746,374.50749,8.599022609204404
3747,374.60749200000004,8.555848275686612
3748,374.707494,8.639698566716547
3749,374.80749599999996,8.72107317715226
3750,374.90749800000003,8.966640313299656
3751,375.0075,8.920927924798532
3752,375.107502,8.571869249816983
3753,375.20750400000003,8.733130942528888
3754,375.307506,8.894566997037554
3755,375.407508,9.040088780061874
3756,375.50751,9.171439206271712
3757,375.607512,8.848715227840268
3758,375.707514,8.750446539053364
3759,375.807516,8.89331576126159
3760,375.907518,9.272713787438764
3761,376.00752,8.95976831592916
3762,376.107522,8.54665022309714
3763,376.20752400000003,8.93628905209245
3764,376.307526,8.994104401497996
3765,376.407528,9.094997587048448
3766,376.50753000000003,9.081332473875964
3767,376.607532,8.933921450256767
3768,376.707534,9.010479240287435
3769,376.807536,8.925288037352189
3770,376.907538,9.130261785546141
3771,377.00754,8.95796179949971
3772,377.107542,8.780045538800799
3773,377.207544,8.887403739008596
3774,377.30754600000006,8.911328727479594
3775,377.407548,9.00297585716767
3776,377.50755,8.99968165764104
3777,377.607552,8.96803724754817
3778,377.707554,9.01816849153806
3779,377.807556,8.75819964568406
3780,377.907558,8.948775917813458
3781,378.00756,8.982694628380546
3782,378.10756200000003,8.715774575335123
3783,378.207564,8.732486705722142
3784,378.307566,8.694663237443644
3785,378.407568,8.887487230204613
3786,378.50757,8.86217635219343
3787,378.607572,8.643582179787279
3788,378.707574,8.936251199457235
3789,378.807576,8.821221253733947
3790,378.907578,8.852097497365602
3791,379.00758,9.020112128739765
3792,379.107582,9.251009783888295
3793,379.20758400000005,9.153634956561183
3794,379.307586,8.876056794219465
3795,379.407588,9.010148076121604
3796,379.50759000000005,9.150266553627223
3797,379.607592,8.96648973056189
3798,379.707594,8.882952416807806
3799,379.80759600000005,8.833743704108771
3800,379.907598,8.52756331038347
3801,380.0076,8.721617114695007
3802,380.107602,8.603395859591009
3803,380.207604,8.79981517462615
3804,380.307606,8.645650868824745
3805,380.407608,8.602778571055039
3806,380.50761,8.5896758368719
3807,380.607612,8.542360472382034
3808,380.707614,8.432910172342192
3809,380.807616,8.447339608897371
3810,380.907618,8.550008396303934
3811,381.00762,8.8100827593266
3812,381.10762200000005,8.858550472083795
3813,381.207624,8.832195950634814
3814,381.30762599999997,9.067727106175612
3815,381.40762800000005,8.88673664294783
3816,381.50763,8.899183714114997
3817,381.60763199999997,8.778987520083398
3818,381.70763400000004,8.964303639902193
3819,381.807636,8.74901423868269
3820,381.907638,8.635106494591751
3821,382.00764000000004,8.794116203233122
3822,382.107642,8.706025308901177
3823,382.207644,8.689234474564849
3824,382.30764600000003,8.588247467463093
3825,382.407648,8.577424449225534
3826,382.50765,8.516649536440013
3827,382.60765200000003,8.494885259575916
3828,382.707654,8.724429159807523
3829,382.807656,8.744766081520208
3830,382.90765799999997,8.828913006473295
3831,383.00766000000004,8.673828376369965
3832,383.107662,8.480859865131809
3833,383.20766399999997,8.537826280697558
3834,383.30766600000004,8.689307377426747
3835,383.407668,8.660915070646315
3836,383.50766999999996,8.890965562973427
3837,383.60767200000004,8.980857927132353
3838,383.707674,8.836073283313027
3839,383.807676,8.820759226709756
3840,383.90767800000003,8.806725834291417
3841,384.00768,8.890631681404175
3842,384.107682,8.47065215733791
3843,384.20768400000003,8.491951569731933
3844,384.307686,8.50554704046136
3845,384.407688,8.534647836726883
3846,384.50769,8.775878891357465
3847,384.607692,8.341932033500184
3848,384.707694,8.428023211509224
3849,384.807696,8.720084275234242
3850,384.90769800000004,8.495416898188882
3851,385.0077,8.855925925102476
3852,385.107702,8.524296112406406
3853,385.20770400000004,8.463976972422588
3854,385.307706,8.711130596950042
3855,385.40770799999996,8.481412922090636
3856,385.50771000000003,8.447090313867639
3857,385.607712,8.56960433464916
3858,385.707714,8.480155246716473
3859,385.807716,8.616328872402685
3860,385.907718,8.618390795689644
3861,386.00772,8.680015763504775
3862,386.107722,8.996594951722676
3863,386.207724,8.903929385382325
3864,386.307726,8.801621183262434
3865,386.407728,8.793909261098007
3866,386.50773,8.746256164638712
3867,386.607732,8.63449561952018
3868,386.707734,8.431743494804982
3869,386.80773600000003,8.487886049426786
3870,386.907738,8.795042259456087
3871,387.00774,8.535802732596457
3872,387.10774200000003,8.399365169122449
3873,387.207744,8.607017944001385
3874,387.307746,8.593199768485452
3875,387.407748,8.439561744287127
3876,387.50775,8.59852637738209
3877,387.60775200000006,8.583646371429687
3878,387.707754,8.60885858035999
3879,387.807756,8.691297784939099
3880,387.90775800000006,8.63849542161526
3881,388.00776,8.611919543277294
3882,388.107762,8.582157844880095
3883,388.207764,9.00432698379255
3884,388.307766,8.750229688111729
3885,388.407768,8.945894758239179
3886,388.50777,8.704408662324983
3887,388.607772,8.76104175222543
3888,388.70777400000003,8.776503193134378
3889,388.807776,8.773700078557113
3890,388.907778,8.576201351134678
3891,389.00778,8.468906741455578
3892,389.107782,8.637573698358592
3893,389.207784,8.527981765113138
3894,389.307786,8.780702671553701
3895,389.407788,8.636033720798144
3896,389.50779,8.692433090627821
3897,389.607792,8.788579882677329
3898,389.707794,8.614893173178222
3899,389.80779600000005,8.283611608594743
3900,389.907798,8.355462349781323
3901,390.0078,8.444231276271873
3902,390.10780200000005,8.544725533187682
3903,390.207804,8.383956961419162
3904,390.30780599999997,8.41410705337808
3905,390.40780800000005,8.384469584394086
3906,390.50781,8.587118067977848
3907,390.607812,8.520403837843533
3908,390.707814,8.329087098746045
3909,390.807816,8.46289401573296
3910,390.907818,8.40163727415056
3911,391.00782,8.629027090862824
3912,391.107822,8.56953740419769
3913,391.207824,8.486746315011407
3914,391.307826,8.352267926366421
3915,391.407828,8.500579690204615
3916,391.50783,8.658483348366449
3917,391.607832,8.553686087565953
3918,391.70783400000005,8.633197420966715
3919,391.807836,8.477058047782743
3920,391.90783799999997,8.330936266808752
3921,392.00784000000004,8.626860725809426
3922,392.107842,8.630064656740265
3923,392.20784399999997,8.487601199780112
3924,392.30784600000004,8.452798174196557
3925,392.407848,8.555079406895052
3926,392.50785,8.595761149520888
3927,392.60785200000004,8.582023291537407
3928,392.707854,8.829062049050993
3929,392.807856,8.871037380253508
3930,392.90785800000003,8.929160381681736
3931,393.00786,9.320188596039936
3932,393.107862,9.381159722333638
3933,393.20786400000003,9.080136931317313
3934,393.307866,9.220392466222275
3935,393.407868,9.08124953554375
3936,393.50786999999997,9.145712449596244
3937,393.60787200000004,9.88112314521082
3938,393.707874,9.246157376692489
3939,393.80787599999996,8.551071462587439
3940,393.90787800000004,8.403859628900596
3941,394.00788,8.475635886907911
3942,394.10788199999996,8.234110741872632
3943,394.20788400000004,8.089561948508903
3944,394.307886,8.116123576126522
3945,394.407888,8.088854776109365
3946,394.50789000000003,8.082097107025687
3947,394.607892,8.037896280267674
3948,394.707894,8.132276648930157
3949,394.807896,8.137010414952014
3950,394.907898,8.122332804123584
3951,395.0079,8.05265812773165
3952,395.107902,8.085428522200356
3953,395.207904,8.036331764742624
3954,395.307906,8.066650358853016
3955,395.407908,8.458068557275096
3956,395.50791000000004,8.533957945923861
3957,395.607912,8.378778713798036
3958,395.707914,8.370459371135036
3959,395.80791600000003,8.422996938846433
3960,395.907918,8.558954227189725
3961,396.00791999999996,8.72727288321437
3962,396.10792200000003,8.340826151685379
3963,396.207924,8.312066904025562
3964,396.307926,8.290659878484574
3965,396.407928,8.39969866690722
3966,396.50793,8.486790180875031
3967,396.607932,8.330415250443574
3968,396.707934,8.802690154247815
3969,396.807936,8.759823854845335
3970,396.907938,8.668690938938065
3971,397.00794,8.889158128158186
3972,397.107942,9.048830309292509
3973,397.207944,9.228538623874876
3974,397.307946,9.224191428684257
3975,397.40794800000003,9.067327945471359
3976,397.50795,9.283411355607674
3977,397.607952,9.13309138940365
3978,397.70795400000003,8.845867604351639
3979,397.807956,9.293419084492674
3980,397.907958,8.778874958080067
3981,398.00796,8.817409875731878
3982,398.107962,8.851770669441132
3983,398.20796400000006,8.755995752076581
3984,398.307966,8.441063750247705
3985,398.407968,8.315604070966454
3986,398.50797000000006,8.359866995153428
3987,398.607972,8.315225016094512
3988,398.707974,8.22483269899876
3989,398.807976,8.489730327590303
3990,398.907978,8.583696536610857
3991,399.00798,8.43682269389898
3992,399.107982,8.550625575106908
3993,399.207984,8.520931955338998
3994,399.307986,8.846476249926837
3995,399.407988,8.56505366722089
3996,399.50799,8.621885370889563
3997,399.607992,8.549497494915963
3998,399.707994,8.601272216836291
3999,399.807996,8.684305065373065
4000,399.907998,8.754418023351805
4001,400.000014,8.726398536540849
