Frame,Time (ns),Radius of Gyration
1,0.0,32.52550646635547
2,0.100002,32.285045044597624
3,0.200004,32.17121930696586
4,0.30000600000000005,32.244630180163554
5,0.400008,32.50119739931886
6,0.50001,32.40650242885651
7,0.6000120000000001,32.47651659758268
8,0.700014,32.54244282486549
9,0.800016,32.71213853519796
10,0.900018,32.753899112647
11,1.00002,33.390616154603805
12,1.1000219999999998,33.11599408268297
13,1.2000240000000002,33.352745303318684
14,1.3000260000000001,33.36348110767939
15,1.400028,32.57731863956492
16,1.50003,32.33106433969908
17,1.600032,32.422247507661645
18,1.700034,32.28732594508486
19,1.800036,32.56333684386366
20,1.9000380000000001,32.82784011308834
21,2.00004,33.03390626964372
22,2.1000419999999997,32.460736759600415
23,2.2000439999999997,31.80814860237538
24,2.300046,31.761600794305206
25,2.4000480000000004,31.46924963063473
26,2.5000500000000003,31.821552926011854
27,2.6000520000000003,31.859805206165642
28,2.700054,32.391242994871725
29,2.800056,32.556385038558844
30,2.900058,32.69433759889847
31,3.00006,32.45181015461808
32,3.100062,32.41155888298902
33,3.200064,32.23734482391227
34,3.300066,33.019136392616474
35,3.400068,32.665343543260946
36,3.50007,32.41037006009999
37,3.600072,32.04326364414522
38,3.700074,32.076825882118115
39,3.8000760000000002,31.89232369473081
40,3.900078,32.42806490356149
41,4.00008,32.95380830651318
42,4.1000820000000004,32.985702712012774
43,4.2000839999999995,32.61425091564105
44,4.300086,32.695610123097616
45,4.400087999999999,33.154372358104425
46,4.50009,33.3235927251209
47,4.600092,33.04774170402925
48,4.700094,33.09936173699671
49,4.800096000000001,33.09246914593901
50,4.900098,33.026794684154815
51,5.000100000000001,33.08420628500973
52,5.100102,32.878867899158436
53,5.2001040000000005,32.787160791063876
54,5.3001059999999995,32.691736989283434
55,5.400108,33.18869779069985
56,5.500109999999999,32.82391086747876
57,5.600112,32.58986050708008
58,5.700114,32.34389651858545
59,5.800116,31.869265576447763
60,5.900118,32.00291828894422
61,6.00012,31.903102275901148
62,6.100122000000001,31.906414983298628
63,6.200124,32.0959943760744
64,6.300126000000001,31.94998876912617
65,6.400128,32.39027333068048
66,6.50013,32.618996174388684
67,6.600132,32.409913613502134
68,6.700134,32.356096432613214
69,6.800136,32.548593350516335
70,6.900138,32.61567602178287
71,7.00014,33.002090120609516
72,7.100142,32.60394821290022
73,7.200144,32.45769332169876
74,7.300146,32.382932110337784
75,7.400148,32.785764490548274
76,7.5001500000000005,32.990214136606134
77,7.6001520000000005,32.88577534387148
78,7.700154,33.49482966091059
79,7.800156,33.09969955498329
80,7.900158,33.19035870103967
81,8.00016,33.0109802489227
82,8.100162000000001,33.02524148730301
83,8.200164000000001,32.86911086174352
84,8.300166,33.1090225331158
85,8.400167999999999,33.00546598216091
86,8.50017,32.78401916931041
87,8.600172,32.87807722897452
88,8.700174,33.441570793281116
89,8.800175999999999,33.35179227702728
90,8.900178,33.19452424000967
91,9.00018,32.4239226479545
92,9.100182,31.891804379848256
93,9.200184,32.64590662456154
94,9.300186,32.710157505149
95,9.400188,32.661550395067295
96,9.50019,32.7585727148225
97,9.600192000000002,32.62296316302128
98,9.700194,32.435510557502944
99,9.800196,32.330764810045984
100,9.900198,32.601339830783374
101,10.000200000000001,32.52947662411177
102,10.100202,31.96342770275504
103,10.200204,32.159871078356396
104,10.300206,32.22837492658445
105,10.400208000000001,33.113081376472024
106,10.500210000000001,32.111058134160984
107,10.600211999999999,32.18688965130914
108,10.700214,32.22495047157801
109,10.800216,32.62011317676461
110,10.900218,32.77789992164609
111,11.000219999999999,32.9807416641475
112,11.100222,32.82534034139787
113,11.200224,32.88043302658879
114,11.300226,32.94003594242216
115,11.400228,33.09472114687249
116,11.50023,33.21816427824538
117,11.600232,33.298708978040516
118,11.700234,32.752754108209444
119,11.800236,32.57722437420651
120,11.900238,32.65561844106638
121,12.00024,32.70202012572972
122,12.100242,32.40158949841218
123,12.200244000000001,32.233226498547594
124,12.300246000000001,31.94426374065023
125,12.400248,31.766941587447715
126,12.50025,32.25247645201323
127,12.600252000000001,32.43135474219182
128,12.700254000000001,32.48932771810844
129,12.800256,32.90649499124093
130,12.900258,32.79047477624016
131,13.00026,32.72636439115725
132,13.100262,32.633483371200974
133,13.200264,32.56086555134815
134,13.300265999999999,32.30838381828805
135,13.400268,32.32689071992397
136,13.50027,32.4510741905502
137,13.600272,31.640287037211163
138,13.700274,31.805921518409942
139,13.800276,31.639918002180487
140,13.900278,31.670792459309833
141,14.00028,31.99747039844304
142,14.100282000000002,31.839291944122863
143,14.200284,32.21471773548933
144,14.300286,32.49289427397621
145,14.400288,32.335584532137844
146,14.500290000000001,32.396243109825704
147,14.600292,32.68913669586078
148,14.700294,32.43231252702774
149,14.800296,32.24804398644192
150,14.900298000000001,32.39075668985772
151,15.000300000000001,32.78354810835219
152,15.100302,32.816577873543295
153,15.200304000000001,32.87717491889167
154,15.300306,32.66687512252343
155,15.400308,32.543024113536774
156,15.500309999999999,33.176001598747845
157,15.600312,32.84613782522846
158,15.700314,32.443090305156424
159,15.800316,31.945541364289145
160,15.900318,32.1944068116522
161,16.00032,32.16234791286346
162,16.100322,31.955280381102448
163,16.200324000000002,32.44693345986007
164,16.300326000000002,32.078781903725265
165,16.400328000000002,32.23786036984607
166,16.50033,32.80371529124494
167,16.600332,32.43078375699782
168,16.700333999999998,32.79939063728579
169,16.800335999999998,32.383858586515636
170,16.900338,32.23446878453351
171,17.00034,32.316744184600346
172,17.100342,32.52363424899765
173,17.200344,31.791466286813428
174,17.300346,32.7291956247167
175,17.400348,32.699320345021405
176,17.50035,33.17119827496898
177,17.600351999999997,32.532803230964156
178,17.700354,32.525628828488905
179,17.800356,32.434446697950825
180,17.900358,32.38160817187487
181,18.00036,33.50323362317583
182,18.100362,33.25049579165144
183,18.200364,32.799833971698014
184,18.300366,32.63049332613186
185,18.400368,32.744657668581354
186,18.50037,33.11522370951774
187,18.600372,33.06806909592077
188,18.700374,32.541961874682855
189,18.800376,32.65085894073464
190,18.900378,32.828646204607296
191,19.00038,32.71367269092399
192,19.100382,32.59624475732702
193,19.200384000000003,33.1624911241796
194,19.300386,33.12507299345407
195,19.400388,33.381913669721314
196,19.50039,33.5673723988154
197,19.600392,33.81905096048783
198,19.700394,33.71602765067731
199,19.800396,33.352286321805785
200,19.900398000000003,33.00625053672239
201,20.000400000000003,33.241631162126225
202,20.100402000000003,33.08355819455974
203,20.200404,32.356986168575716
204,20.300406,33.10920987071523
205,20.400408,33.29389727203992
206,20.50041,32.92481702992813
207,20.600412,32.325513004882936
208,20.700414000000002,31.771209147141207
209,20.800416000000002,32.14981882838089
210,20.900418000000002,31.97594576193673
211,21.000420000000002,32.79441044899917
212,21.100422,32.60869683800324
213,21.200423999999998,32.727974920610755
214,21.300425999999998,32.431003950437585
215,21.400428,32.73162308704927
216,21.50043,32.70855130414874
217,21.600432,32.644773322091126
218,21.700434,31.936149545569197
219,21.800436,32.59556757816509
220,21.900438,32.21920760497599
221,22.000439999999998,32.74646455216687
222,22.100441999999997,32.54549021911321
223,22.200444,32.83682153828503
224,22.300446,32.916884786202104
225,22.400448,32.80667878962271
226,22.50045,32.842698560861415
227,22.600452,32.7986916988875
228,22.700454,32.884542430045656
229,22.800456,32.90734922970181
230,22.900458,32.80261008955892
231,23.00046,32.718932525339596
232,23.100462,32.579567804011845
233,23.200464,32.8296752513357
234,23.300466,32.98695488157161
235,23.400468,33.33679185968955
236,23.50047,32.64382914919238
237,23.600472,31.93303643956597
238,23.700474000000003,31.760289962575364
239,23.800476,31.88508609657354
240,23.900478,32.53365715517239
241,24.00048,32.29187881968255
242,24.100482,32.241353890584826
243,24.200484,31.84425737618023
244,24.300486,32.32685371805523
245,24.400488000000003,32.545082367512954
246,24.500490000000003,32.37620901263889
247,24.600492000000003,32.511151965016914
248,24.700494,32.486186794680194
249,24.800496,32.8502242857484
250,24.900498,32.93701846081746
251,25.0005,32.716183084146074
252,25.100502,32.79066584078795
253,25.200504000000002,32.79255634403551
254,25.300506000000002,32.13597008749159
255,25.400508000000002,31.72603289949803
256,25.500510000000002,31.836340333187373
257,25.600512,31.59355373678692
258,25.700514,32.171436818953204
259,25.800516,32.255932245786425
260,25.900518,32.452418825752176
261,26.00052,32.18372617268051
262,26.100522,32.46434466105346
263,26.200524,32.47564192710537
264,26.300526,32.714805620683975
265,26.400528,32.62627534384741
266,26.500529999999998,32.656350791531565
267,26.600531999999998,32.35940928977823
268,26.700534,32.3078420638964
269,26.800536,32.370849642212306
270,26.900538,31.694129982019188
271,27.00054,32.4940086778192
272,27.100542,32.289856612529505
273,27.200544,32.10976366639452
274,27.300546,32.18389567036
275,27.400548,32.16273932544225
276,27.50055,32.352819069081995
277,27.600552,32.17364244676566
278,27.700554,32.73614890520693
279,27.800556,32.72362371837199
280,27.900558,32.97145145383494
281,28.00056,32.881671841150414
282,28.100562,32.769608457174904
283,28.200564000000004,33.43409676553183
284,28.300566,33.516387700915566
285,28.400568,33.44334020745562
286,28.50057,32.97484865544981
287,28.600572,33.06818427170029
288,28.700574,32.97691494594947
289,28.800576,33.27361381762134
290,28.900578000000003,33.75688424420818
291,29.000580000000003,33.718879637094055
292,29.100582000000003,33.326927947342455
293,29.200584,33.26249771251832
294,29.300586,33.02403504870375
295,29.400588,33.28425585383913
296,29.50059,32.61314942068028
297,29.600592,33.11909625614106
298,29.700594000000002,33.150842045058965
299,29.800596000000002,32.919131307555546
300,29.900598000000002,32.82859173248358
301,30.000600000000002,33.08052383389264
302,30.100602,32.655694454822104
303,30.200604,32.77325102607233
304,30.300606,32.71669808752123
305,30.400608000000002,32.36455693805359
306,30.50061,32.48981610615351
307,30.600612,32.5118874917201
308,30.700614,32.35305338382584
309,30.800616,31.968933596843616
310,30.900618,32.2245345102063
311,31.000619999999998,32.72617606982348
312,31.100621999999998,32.92601937606438
313,31.200624,32.4701811832171
314,31.300626,32.77036351678678
315,31.400628,32.33865360561262
316,31.50063,32.8212198845173
317,31.600632,32.49412316029685
318,31.700634,32.727483528299096
319,31.800636,32.412232225392344
320,31.900638,32.23891186751311
321,32.00064,31.86972458627386
322,32.100642,31.95224177148922
323,32.200644,31.964438076768225
324,32.300646,32.01211354603857
325,32.400648000000004,32.23599723496088
326,32.50065,32.297028071416655
327,32.600652000000004,32.32160628252956
328,32.700654,31.872473673209942
329,32.800656000000004,31.9489414413713
330,32.900658,31.9521364680458
331,33.00066,31.830661194682037
332,33.10066200000001,31.873306711648528
333,33.200664,32.58644823145147
334,33.300666,32.40372774473691
335,33.400667999999996,32.04844620368825
336,33.50067,32.2397831359297
337,33.600671999999996,31.805755484493446
338,33.700674,32.23180150638537
339,33.800676,31.875952446214903
340,33.900678,31.86809447804217
341,34.00068,31.87165839575026
342,34.100682,32.04023185681672
343,34.200684,31.992510047291393
344,34.300686,32.24770692654247
345,34.400688,32.464055993515444
346,34.500690000000006,32.06475326123122
347,34.600692,31.834771024500498
348,34.700694000000006,31.800245563835382
349,34.800696,32.14865149172821
350,34.900698000000006,32.27763521001052
351,35.0007,32.207316866613425
352,35.100702,32.11733719319364
353,35.200703999999995,32.05910712133001
354,35.300706,31.92231019985117
355,35.400708,31.747415591994127
356,35.50071,31.44476907422625
357,35.600712,31.24601864950576
358,35.700714,31.330959041453468
359,35.800716,31.336890649571888
360,35.900718,31.914567511349233
361,36.00072,31.633417324160966
362,36.100722000000005,31.155985546390678
363,36.200724,31.465111601518355
364,36.300726000000004,31.419236344350374
365,36.400728,31.167673710036702
366,36.500730000000004,31.22059359167957
367,36.600732,31.229291463105437
368,36.700734000000004,31.794591707318528
369,36.800736,31.832684691780923
370,36.900738,31.55057939751834
371,37.00074,31.48561426427714
372,37.100742,31.88658288649982
373,37.200744,31.56050371140973
374,37.300746,31.62418579182399
375,37.400748,31.761521327648186
376,37.50075,31.87937577602508
377,37.600752,32.258491183032234
378,37.700754,31.853863886572437
379,37.800756,31.868394257860626
380,37.900758,31.634572458843188
381,38.00076,31.972813574715442
382,38.100762,31.64755058619005
383,38.200764,31.84970731856924
384,38.300766,31.672331622577687
385,38.40076800000001,31.998265127630976
386,38.50077,31.885208597481924
387,38.600772,32.15300179698968
388,38.700773999999996,32.585704652472046
389,38.800776,33.014799602962455
390,38.900777999999995,32.61705839020225
391,39.00078,32.46510423750207
392,39.100782,32.454894001573386
393,39.200784,32.90313394135646
394,39.300786,32.42191511338876
395,39.400788,32.42819930523789
396,39.50079,32.85696534215225
397,39.600792,33.12921094103915
398,39.700794,32.53405577695939
399,39.800796000000005,32.02636836512346
400,39.900798,32.103535890700876
401,40.000800000000005,32.05463874394573
402,40.100802,32.12491036590321
403,40.200804000000005,32.59739735601928
404,40.300806,32.40151922801785
405,40.400808,32.458317640606
406,40.500809999999994,31.922439439265975
407,40.600812,32.182567463067144
408,40.700814,32.09900466189565
409,40.800816,32.1664130739843
410,40.900818,32.253649244447814
411,41.00082,31.898136260827552
412,41.100822,31.684149926560604
413,41.200824,31.249642877557843
414,41.300826,31.2774927688993
415,41.400828000000004,31.133495595560426
416,41.50083,31.50912026488236
417,41.600832000000004,31.42938654862602
418,41.700834,31.334799388222685
419,41.800836000000004,32.14158591511401
420,41.900838,31.760925556653973
421,42.000840000000004,31.663024837350118
422,42.10084200000001,31.799925637600587
423,42.200844,32.13194080715092
424,42.300846,32.64584125784078
425,42.400847999999996,32.427101072494466
426,42.50085,32.238567327404766
427,42.600851999999996,32.26958759300236
428,42.700854,31.86169237223829
429,42.800856,32.457953778481155
430,42.900858,32.68408950440786
431,43.00086,32.28773852334805
432,43.100862,32.47478898990855
433,43.200864,32.47939931832733
434,43.300866,31.97645726879608
435,43.400868,32.34457380707189
436,43.500870000000006,32.498021211892095
437,43.600872,32.42333325171026
438,43.700874000000006,33.05698026046728
439,43.800876,33.02558395976517
440,43.900878000000006,32.813749901173914
441,44.000879999999995,32.605249139607935
442,44.100882,32.339381879661296
443,44.200883999999995,32.460223871020425
444,44.300886,32.533220615596214
445,44.400888,32.46656211335325
446,44.50089,32.60761092866627
447,44.600892,32.46041273622529
448,44.700894,32.66192615073369
449,44.800896,32.845298171059504
450,44.900898,31.891315525239268
451,45.0009,31.939191395733005
452,45.100902000000005,31.670087441128487
453,45.200904,31.42752920123054
454,45.300906000000005,31.750482605025265
455,45.400908,31.72224345578019
456,45.500910000000005,31.356803070432132
457,45.600912,31.48175181028707
458,45.700914000000004,31.55437328872413
459,45.800916,31.029102298219037
460,45.900918,30.99267916509266
461,46.00092,31.11988237802248
462,46.100922,31.031653791745995
463,46.200924,31.133921910640822
464,46.300926,31.503288988023968
465,46.400928,31.67834083132357
466,46.50093,31.504125948894863
467,46.600932,31.422332467645006
468,46.700934000000004,31.05939598990795
469,46.800936,31.186716379387146
470,46.900938000000004,31.161546399963616
471,47.00094,31.14841070023625
472,47.100942,31.09048483691061
473,47.200944,30.9429761852376
474,47.300946,31.51820363131931
475,47.40094800000001,30.837241687012046
476,47.50095,31.04550885951051
477,47.600952,31.023906860270955
478,47.700953999999996,31.215195988114665
479,47.800956,31.228518969318063
480,47.900957999999996,31.088644291610674
481,48.00096,30.896157231719954
482,48.100962,30.715351587704117
483,48.200964,30.514922443279065
484,48.300966,30.929869614893768
485,48.400968,31.248734280641006
486,48.50097,31.489316893901645
487,48.600972,31.82582845244861
488,48.700974,31.185579447946456
489,48.800976000000006,31.16502035010916
490,48.900978,31.602769312825043
491,49.000980000000006,31.603901153610074
492,49.100982,31.635069033106834
493,49.200984000000005,30.99941746044001
494,49.300986,31.113962104515668
495,49.400988,31.435647892107
496,49.500989999999994,31.28554619389659
497,49.600992,30.941134896413068
498,49.700994,31.234458888183415
499,49.800996,31.347225893662944
500,49.900998,31.653908922032226
501,50.001,31.5787091761379
502,50.101002,31.84610577437792
503,50.201004,31.537622982619173
504,50.301006,31.559118101580925
505,50.401008000000004,31.126173752345824
506,50.50101,31.040882630488987
507,50.601012000000004,30.98695538009331
508,50.701014,30.771097376026113
509,50.801016000000004,30.76027944575709
510,50.901018,30.797246616166102
511,51.001020000000004,31.002840919309577
512,51.10102200000001,31.00728798574906
513,51.201024,31.00835480114029
514,51.301026,30.910266540942462
515,51.401028,31.026699696132386
516,51.50103,31.393851194589196
517,51.601032,31.352615454357252
518,51.701034,31.199934194410954
519,51.801036,31.12047429659268
520,51.901038,30.70425791986739
521,52.00104,30.661209403507392
522,52.101042,30.918198610278203
523,52.201044,30.605876173473597
524,52.301046,30.369139873696543
525,52.401048,29.95155512899483
526,52.501050000000006,30.452302311389168
527,52.601052,30.4966825995533
528,52.701054000000006,30.632558821945057
529,52.801056,30.684825990968434
530,52.901058000000006,30.53784055946381
531,53.001059999999995,30.616215845288814
532,53.101062,30.84040075457614
533,53.201063999999995,31.01469671619681
534,53.301066,30.96792049900596
535,53.401068,31.054401603915966
536,53.50107,30.74808779451368
537,53.601072,30.994207613040118
538,53.701074,30.62406742048427
539,53.801076,30.927220923944795
540,53.901078,31.291549248359132
541,54.00108,30.857504559827046
542,54.101082000000005,30.734598775685818
543,54.201084,31.19218334072884
544,54.301086000000005,30.910320906831714
545,54.401088,30.7857635454224
546,54.501090000000005,30.77586778952395
547,54.601092,30.612234218123056
548,54.701094000000005,30.49015087060413
549,54.801096,30.643453032674408
550,54.901098,30.631625164065998
551,55.0011,30.95311865477339
552,55.101102,30.89673848329473
553,55.201104,30.08620935878143
554,55.301106,30.497082996546467
555,55.401108,30.608243350099706
556,55.50111,30.85861240670079
557,55.601112,31.46954446712232
558,55.701114000000004,31.287314569936505
559,55.801116,31.325418164944004
560,55.901118000000004,31.240843937503318
561,56.00112,31.216000742503123
562,56.101122000000004,30.98610563188153
563,56.201124,31.098695174776704
564,56.301126000000004,31.327275373319388
565,56.40112800000001,31.40685246727805
566,56.50113,31.237723176801467
567,56.601132,30.878987775115284
568,56.701133999999996,31.109796341004163
569,56.801136,31.021186157961683
570,56.901137999999996,31.134623842267168
571,57.00114,31.22789148862097
572,57.101142,30.94289692125712
573,57.201144,30.849783412679525
574,57.301146,31.069151954977595
575,57.401148,30.518214707987294
576,57.50115,30.896341890016753
577,57.601152,31.2475433058454
578,57.701154,30.726125898763414
579,57.801156000000006,30.833775199785947
580,57.901158,30.583822081623662
581,58.001160000000006,30.740500044751567
582,58.101162,30.43890254791468
583,58.201164000000006,30.477168233193844
584,58.301166,30.694140625133837
585,58.401168,30.7634611170553
586,58.501169999999995,30.94786533982172
587,58.601172,30.8078221498574
588,58.701174,30.93393537495695
589,58.801176,30.949124085595535
590,58.901178,31.057406968777123
591,59.00118,30.83203560165217
592,59.101182,30.595255895815352
593,59.201184,30.727308925929155
594,59.301186,30.966644362710404
595,59.401188000000005,31.064765697943546
596,59.50119,30.900653752507615
597,59.601192000000005,31.543550205565452
598,59.701194,31.49822593718934
599,59.801196000000004,30.97163300026206
600,59.901198,31.052428683784285
601,60.001200000000004,31.026087266872864
602,60.10120200000001,30.710009683674873
603,60.201204,31.13901547757146
604,60.301206,31.385320176882075
605,60.401208,31.05165566384653
606,60.50121,30.658535540079505
607,60.601212,30.163008226650973
608,60.701214,30.4343582493514
609,60.801216000000004,30.77310731132348
610,60.901218,30.777546209902063
611,61.00122,30.63265196961426
612,61.101222,30.760034277451755
613,61.201224,30.741897045963587
614,61.301226,30.92546214956031
615,61.401228,30.82800205278869
616,61.50123000000001,30.95391437825602
617,61.601232,30.7505729151728
618,61.70123400000001,30.951396726075114
619,61.801236,30.6462092298626
620,61.901238000000006,30.014596097270296
621,62.001239999999996,30.382714461836066
622,62.101242,30.44145200580517
623,62.201243999999996,30.82815829359531
624,62.301246,30.905368476219437
625,62.401248,30.857471198066985
626,62.50125,30.634643351748647
627,62.601252,30.948304049039333
628,62.701254,30.98046160572617
629,62.801256,30.914225215017904
630,62.901258,31.194021414438563
631,63.00126,30.87180463585085
632,63.101262000000006,30.637629424580204
633,63.201264,30.56133762260716
634,63.301266000000005,30.59657508626872
635,63.401268,30.997545603000106
636,63.501270000000005,30.69832681043772
637,63.601272,30.128412546841805
638,63.701274000000005,30.2430550768411
639,63.801276,30.63641009440141
640,63.901278,30.917735281374426
641,64.00128,31.281115739837016
642,64.101282,31.536213418557956
643,64.201284,31.41498627713951
644,64.301286,31.15911952787457
645,64.401288,30.875664192511696
646,64.50129,31.415449099691333
647,64.601292,31.294555216677118
648,64.701294,30.76018897875859
649,64.80129600000001,30.62137116726316
650,64.901298,30.754711388781715
651,65.0013,30.720771862338868
652,65.101302,30.774093633101074
653,65.20130400000001,30.947135096660475
654,65.30130600000001,30.981025425470378
655,65.401308,30.854362916871594
656,65.50131,30.9276859419082
657,65.60131200000001,31.279161287694468
658,65.701314,30.815843172706185
659,65.801316,30.66174684665561
660,65.901318,30.587041428204994
661,66.00132,30.664986739372843
662,66.101322,31.00002922254885
663,66.20132400000001,30.774098365238228
664,66.301326,31.220982603951413
665,66.401328,31.24063710091276
666,66.50133,30.63845566240125
667,66.601332,30.742725762487005
668,66.701334,31.18744719791094
669,66.80133599999999,30.565213983280795
670,66.90133800000001,30.84973919232489
671,67.00134,30.280941076956207
672,67.101342,30.56255241201672
673,67.20134399999999,30.651502740079316
674,67.30134600000001,30.385827958416815
675,67.401348,30.40158555858625
676,67.50135,30.711132680258903
677,67.601352,30.126780684181604
678,67.70135400000001,30.367175051058357
679,67.801356,30.981187277443485
680,67.901358,30.735365056042212
681,68.00136,30.797771057338984
682,68.10136200000001,30.558965336747338
683,68.201364,31.009932875549254
684,68.301366,30.88346746981369
685,68.401368,31.631475075222138
686,68.50137,30.936866924652268
687,68.601372,31.5881478692291
688,68.701374,30.833798436618448
689,68.801376,30.878494933144644
690,68.901378,30.953924741018586
691,69.00138000000001,31.434593374445665
692,69.101382,31.096443963458352
693,69.201384,31.096038330109415
694,69.301386,31.200898752996597
695,69.40138800000001,30.874514198471704
696,69.50139,30.650878356742712
697,69.601392,30.55280062150274
698,69.701394,30.268131188819115
699,69.80139600000001,30.027673887942235
700,69.901398,30.224346699238332
701,70.0014,29.84984392989064
702,70.10140200000001,29.61844264038689
703,70.201404,29.8417447675073
704,70.301406,30.702418038347254
705,70.40140799999999,30.644724407876886
706,70.50141,30.45296957386114
707,70.601412,30.65821394809661
708,70.701414,30.738466456907435
709,70.801416,30.562383425230795
710,70.901418,30.817323770418387
711,71.00142,30.88016669729465
712,71.101422,31.493230366257443
713,71.201424,31.862166712391655
714,71.301426,31.521148281812398
715,71.401428,31.18047310788655
716,71.50143000000001,31.401884556232528
717,71.601432,31.38394470900273
718,71.701434,30.731628843081964
719,71.801436,30.827246623902838
720,71.901438,30.871422626652627
721,72.00144,30.64736449284668
722,72.10144199999999,30.525805008919946
723,72.20144400000001,30.511729951080792
724,72.301446,30.12673561326962
725,72.401448,30.2629691170962
726,72.50144999999999,30.725075290104705
727,72.60145200000001,30.646210102468956
728,72.701454,30.452521931505295
729,72.801456,30.943412001116
730,72.901458,31.452982299811328
731,73.00146000000001,31.56027879474114
732,73.101462,31.555844459646977
733,73.201464,31.308800371689674
734,73.301466,31.176580085115514
735,73.40146800000001,31.050736894370093
736,73.50147,30.953652000975595
737,73.601472,30.66740336640145
738,73.701474,30.860713010444286
739,73.801476,30.87075653392601
740,73.901478,30.360553565655298
741,74.00148,30.294882367185938
742,74.101482,30.635178973799682
743,74.201484,30.42009951530337
744,74.30148600000001,30.77385455962777
745,74.401488,31.089218566583693
746,74.50149,31.023862340400132
747,74.601492,31.118562622396958
748,74.70149400000001,30.801847077985457
749,74.801496,30.49658843329848
750,74.901498,30.448074516589227
751,75.0015,30.711249596835536
752,75.10150200000001,30.738184300704223
753,75.201504,30.965627847884935
754,75.301506,31.288872418157233
755,75.401508,31.21806081181549
756,75.50151,31.239610087195427
757,75.601512,31.231313857281773
758,75.70151399999999,30.888646879548908
759,75.801516,31.287084384637122
760,75.901518,31.220294001049474
761,76.00152,31.157238603920682
762,76.101522,31.02766917467926
763,76.201524,30.899524622809384
764,76.301526,31.04357599270768
765,76.401528,31.098612302025565
766,76.50153,31.01735375554396
767,76.601532,31.063807995983908
768,76.701534,31.14619990132503
769,76.80153600000001,30.622089425288955
770,76.901538,31.228824830772453
771,77.00154,30.978919300864916
772,77.101542,30.754472250366906
773,77.201544,30.798162875889872
774,77.301546,31.03923553694264
775,77.40154799999999,30.609669289446988
776,77.50155000000001,30.65888843646534
777,77.601552,30.5036062475475
778,77.701554,30.548253235852712
779,77.80155599999999,30.725422148953974
780,77.90155800000001,30.630038825460417
781,78.00156,30.1834368280807
782,78.101562,30.44855546763427
783,78.201564,30.47524220652648
784,78.30156600000001,30.761690789486057
785,78.401568,31.004547895955504
786,78.50157,31.13782821180391
787,78.601572,31.062972165954438
788,78.70157400000001,30.795197560341727
789,78.801576,30.317834211194125
790,78.90157800000001,30.208651134856485
791,79.00158,30.608251612243496
792,79.101582,30.9510803881293
793,79.201584,30.274450207695654
794,79.301586,30.235048510267024
795,79.401588,30.114558558037803
796,79.50159,30.454220329944434
797,79.60159200000001,30.5768834895552
798,79.701594,30.932250687128747
799,79.801596,30.60125227492226
800,79.90159799999999,30.17575914214786
801,80.00160000000001,30.116164759015845
802,80.101602,30.65301637947335
803,80.201604,30.60077639252558
804,80.301606,30.073770471994518
805,80.40160800000001,30.23489497301643
806,80.50161,30.255319548628098
807,80.601612,30.10726107458246
808,80.701614,30.295688764176138
809,80.801616,30.053264657162973
810,80.901618,29.783887257849596
811,81.00161999999999,30.040955765524725
812,81.101622,29.72645766279503
813,81.201624,30.431790865912973
814,81.301626,30.81440441172727
815,81.401628,30.893043020856283
816,81.50163,30.96580406623169
817,81.601632,30.37469822605525
818,81.701634,30.830446065303875
819,81.801636,31.070959900429617
820,81.901638,30.71872803475871
821,82.00164,31.3248835375398
822,82.10164200000001,31.38430106691268
823,82.201644,31.20722823518708
824,82.301646,30.992277453652633
825,82.401648,31.234581913212608
826,82.50165000000001,31.3682782940509
827,82.601652,31.2006251974084
828,82.70165399999999,30.55687166000119
829,82.80165600000001,30.7899771099024
830,82.901658,30.617953067754097
831,83.00166,31.014828544559563
832,83.10166199999999,30.896621072502803
833,83.20166400000001,30.983520366158128
834,83.301666,30.983845644105664
835,83.401668,30.80001490432899
836,83.50167,30.51911762072691
837,83.60167200000001,30.61532576746638
838,83.701674,30.767763222939024
839,83.801676,30.816279496064602
840,83.901678,30.649357745046245
841,84.00168000000001,30.452639952399544
842,84.101682,30.84229691164435
843,84.20168400000001,30.599230777896217
844,84.301686,30.311360989208207
845,84.401688,30.80446875134597
846,84.50169,30.871716888977584
847,84.601692,30.654418570205344
848,84.701694,30.783456045333004
849,84.80169599999999,30.851183781379806
850,84.90169800000001,30.472221957486507
851,85.0017,30.579596210860664
852,85.101702,30.95833433728044
853,85.20170399999999,30.978444953812392
854,85.30170600000001,30.961881583084068
855,85.401708,30.954936020844816
856,85.50171,31.004077522116603
857,85.601712,30.556173181277124
858,85.70171400000001,31.13099002199236
859,85.801716,31.100079639657345
860,85.901718,31.211760375351826
861,86.00172,31.596556408097342
862,86.10172200000001,31.756494699913716
863,86.201724,32.01991253674657
864,86.301726,31.46824505845566
865,86.401728,31.16648912496013
866,86.50173,30.947118651372797
867,86.601732,30.664299846299087
868,86.701734,30.950464667534682
869,86.801736,31.08762689267096
870,86.901738,30.823558522127307
871,87.00174000000001,30.52935723939596
872,87.101742,30.827648667143283
873,87.201744,31.063152930380536
874,87.301746,31.167679812997758
875,87.40174800000001,30.959275040873305
876,87.50175,31.381236377796064
877,87.601752,30.59160279455821
878,87.701754,30.46736237509779
879,87.80175600000001,30.79468843394461
880,87.901758,30.902116484171884
881,88.00175999999999,30.245954536280735
882,88.10176200000001,30.578787331991464
883,88.201764,30.627188307717226
884,88.301766,30.98013521380826
885,88.40176799999999,30.969163880938925
886,88.50177000000001,30.965496662276923
887,88.601772,30.90638071266398
888,88.701774,30.640678276537333
889,88.801776,30.758676110520742
890,88.90177800000001,31.01607905002091
891,89.00178,31.01760552139931
892,89.101782,31.115607067399793
893,89.201784,30.658707468089364
894,89.301786,30.679192408579404
895,89.401788,30.760460333218607
896,89.50179000000001,30.696033328226534
897,89.601792,30.679812039320126
898,89.701794,30.73962838632065
899,89.801796,30.549818856722094
900,89.901798,30.570393770434677
901,90.0018,30.82753580079514
902,90.10180199999999,30.950984487133432
903,90.20180400000001,31.035604000294644
904,90.301806,30.63346049119201
905,90.401808,31.38787463995128
906,90.50180999999999,31.318355237661372
907,90.60181200000001,30.985529442974894
908,90.701814,31.14080335148399
909,90.801816,30.7454273896698
910,90.901818,30.7362402894241
911,91.00182000000001,30.410823367832023
912,91.101822,30.8805211321177
913,91.201824,30.395860961148212
914,91.301826,30.54560966480941
915,91.40182800000001,30.517491382351086
916,91.50183,30.390704303055067
917,91.601832,30.268394674360216
918,91.701834,30.130161460753936
919,91.801836,30.254062607239362
920,91.901838,30.262441808148466
921,92.00184,30.623989663838753
922,92.101842,30.938900252008274
923,92.201844,30.927526627737766
924,92.30184600000001,30.96485375904601
925,92.401848,31.326090388497573
926,92.50185,31.315799648631693
927,92.601852,31.4154096892971
928,92.70185400000001,31.50092457353185
929,92.801856,31.953327836266137
930,92.901858,31.705620743855942
931,93.00186,31.941317696317608
932,93.10186200000001,31.849800623595414
933,93.201864,31.668938171047774
934,93.301866,31.63016408048971
935,93.40186800000001,31.321201010470844
936,93.50187,31.41899985982302
937,93.601872,31.336261842942204
938,93.70187399999999,31.62733741194625
939,93.80187600000001,31.551105948643897
940,93.901878,31.456480804817865
941,94.00188,31.16700555323947
942,94.101882,31.09329158173365
943,94.201884,31.371839171114924
944,94.301886,31.06219739394121
945,94.401888,30.96360881131811
946,94.50189,31.00281402753475
947,94.601892,31.321126260695685
948,94.701894,31.455164694382496
949,94.80189600000001,31.017219745201956
950,94.901898,30.89680094740502
951,95.0019,30.868426988905387
952,95.101902,30.860358160871304
953,95.201904,30.833389623955245
954,95.301906,30.819704518974063
955,95.40190799999999,31.25612804583281
956,95.50191000000001,31.08581519180017
957,95.601912,31.408606044741937
958,95.701914,31.52062901079212
959,95.80191599999999,31.759598029578747
960,95.90191800000001,31.399532481862643
961,96.00192,30.87395464575497
962,96.101922,31.035789599214013
963,96.201924,31.230747391756783
964,96.30192600000001,30.977491595509523
965,96.401928,31.574116248608714
966,96.50193,31.033082675362838
967,96.601932,31.243345936533935
968,96.70193400000001,31.472232750969738
969,96.801936,31.192615299989683
970,96.90193800000002,31.55173707798059
971,97.00194,31.529740633375365
972,97.101942,31.703762424045205
973,97.201944,32.31731574770414
974,97.301946,31.745813772209566
975,97.401948,31.641123179360235
976,97.50195,31.586369039912032
977,97.60195200000001,31.89029190083128
978,97.701954,31.473984921455877
979,97.801956,30.853358910365934
980,97.901958,31.522215840064266
981,98.00196000000001,31.975338354057783
982,98.101962,31.811543247662268
983,98.201964,32.26892655497379
984,98.30196600000001,32.026082906722635
985,98.40196800000001,31.975684555684904
986,98.50197,31.788117590991284
987,98.601972,31.692769023437712
988,98.701974,31.21102411429117
989,98.801976,31.215527615945124
990,98.901978,31.40004287089368
991,99.00197999999999,31.364883713418706
992,99.101982,31.37891748388848
993,99.201984,31.55308957986023
994,99.301986,30.99875352572057
995,99.401988,31.349981002381988
996,99.50199,31.930086411312644
997,99.601992,31.466413744260397
998,99.701994,31.093598466675527
999,99.801996,30.98684713910705
1000,99.901998,30.799152211107625
1001,100.002,30.869304025260067
1002,100.10200200000001,31.04729827020332
1003,100.202004,31.03314822913316
1004,100.302006,31.152714733521854
1005,100.402008,31.392077056640584
1006,100.50201000000001,31.036772483526118
1007,100.602012,31.227136405492608
1008,100.70201399999999,31.298184485265892
1009,100.80201600000001,31.54356400178114
1010,100.902018,31.309752327288027
1011,101.00202,31.0758311314327
1012,101.10202199999999,31.041272111167444
1013,101.20202400000001,31.542826768058518
1014,101.302026,31.243842369066847
1015,101.402028,30.86731223880711
1016,101.50203,31.028448069312837
1017,101.60203200000001,31.182041668931635
1018,101.702034,30.997510809659957
1019,101.802036,31.09233105933933
1020,101.902038,31.185857018788102
1021,102.00204000000001,30.463162395817264
1022,102.102042,30.763791057803115
1023,102.20204400000001,30.6502504949298
1024,102.302046,30.264324764943456
1025,102.402048,30.433488646757322
1026,102.50205,30.21715260328401
1027,102.602052,30.675465188542393
1028,102.702054,31.28667319201925
1029,102.802056,30.99148768843914
1030,102.90205800000001,31.000874892592584
1031,103.00206,30.909457464738743
1032,103.102062,30.826159847018374
1033,103.202064,30.77685081553281
1034,103.30206600000001,31.01391552004861
1035,103.402068,30.86475974929403
1036,103.50207,30.603445307996893
1037,103.602072,30.76269694840467
1038,103.70207400000001,31.21837726760722
1039,103.802076,30.879724002787043
1040,103.902078,30.80988046355673
1041,104.00208,31.411442067086497
1042,104.10208200000001,31.26758941750722
1043,104.202084,30.379999049140178
1044,104.302086,30.43073068911828
1045,104.402088,30.620776091026876
1046,104.50209,30.399885171976635
1047,104.602092,31.07155022675054
1048,104.702094,31.079758094860633
1049,104.802096,30.940337449451754
1050,104.902098,30.845999024792427
1051,105.00210000000001,30.4082086809727
1052,105.102102,30.863436192830175
1053,105.202104,31.118390398257464
1054,105.302106,30.62821774932196
1055,105.40210800000001,30.731868380660853
1056,105.50211,30.684499241755226
1057,105.602112,30.79295117769774
1058,105.702114,30.973309188876833
1059,105.80211600000001,30.59966621558764
1060,105.902118,30.97118991547561
1061,106.00211999999999,31.164100785260864
1062,106.10212200000001,31.194002109556834
1063,106.202124,31.091837164731977
1064,106.302126,31.052763125857748
1065,106.40212799999999,30.46545208432072
1066,106.50213000000001,30.755914990755556
1067,106.602132,30.545302953760345
1068,106.702134,30.596837286327087
1069,106.802136,30.771429090318055
1070,106.90213800000001,30.78751619862425
1071,107.00214,30.966788469448446
1072,107.102142,31.209443122133276
1073,107.202144,31.032641993238478
1074,107.30214600000001,30.92689317141159
1075,107.402148,31.36693334117974
1076,107.50215000000001,30.806247568061327
1077,107.602152,30.954489165499435
1078,107.702154,30.556553240105433
1079,107.802156,30.555368291745577
1080,107.902158,30.275028885907407
1081,108.00216,30.60905414609325
1082,108.10216199999999,30.673347333706715
1083,108.20216400000001,30.704252702906565
1084,108.302166,30.48002671286778
1085,108.402168,30.796444040511904
1086,108.50216999999999,30.28081587630565
1087,108.60217200000001,30.481501414902
1088,108.702174,31.004550114709815
1089,108.802176,30.98985261127821
1090,108.902178,30.950911156827246
1091,109.00218000000001,31.39173212037734
1092,109.102182,31.22322859424737
1093,109.202184,31.292295341403147
1094,109.302186,30.90107993913911
1095,109.40218800000001,30.82740344761403
1096,109.50219,30.850064192051516
1097,109.602192,30.88616104771126
1098,109.702194,30.779234526937742
1099,109.802196,30.76985714159427
1100,109.902198,30.794696756601883
1101,110.0022,30.674468573424488
1102,110.102202,31.62583617000543
1103,110.202204,31.73156386387003
1104,110.30220600000001,31.790146929547607
1105,110.402208,31.31881408166772
1106,110.50221,31.0022075870522
1107,110.602212,31.18203755371833
1108,110.70221400000001,30.61392259719963
1109,110.802216,30.795026148687494
1110,110.902218,30.552112875660363
1111,111.00222,30.549454045932706
1112,111.10222200000001,30.527000859467687
1113,111.202224,30.480512746800205
1114,111.30222599999999,30.796548515448947
1115,111.40222800000001,30.714443960839755
1116,111.50223,30.915036384220194
1117,111.602232,30.903965838346476
1118,111.70223399999999,30.684217129091728
1119,111.80223600000001,30.719194334429616
1120,111.902238,30.66019311258357
1121,112.00224,30.705674928698343
1122,112.102242,30.742684452832208
1123,112.20224400000001,30.613256305540105
1124,112.302246,30.823885581192638
1125,112.402248,31.421284115910172
1126,112.50225,30.928353367389892
1127,112.60225200000001,30.897856495281324
1128,112.702254,30.988109804594608
1129,112.80225600000001,31.00312401828041
1130,112.902258,30.448074087148456
1131,113.00226,30.683688007313172
1132,113.102262,30.579370433136916
1133,113.202264,30.41968988863257
1134,113.302266,30.509674722992
1135,113.40226799999999,30.133788505411374
1136,113.50227000000001,30.90046781273322
1137,113.602272,30.816465901171906
1138,113.702274,30.472946202612903
1139,113.80227599999999,30.568744489891117
1140,113.90227800000001,30.882099236379755
1141,114.00228,30.265902545428215
1142,114.102282,30.837593067341523
1143,114.202284,30.99609128125765
1144,114.30228600000001,30.75059355575597
1145,114.402288,30.75514790614068
1146,114.50229,30.996886395668685
1147,114.602292,31.665558207748187
1148,114.70229400000001,31.059526268545216
1149,114.802296,31.18451700833487
1150,114.902298,31.46183700917163
1151,115.0023,31.52192592727961
1152,115.102302,32.02865816586555
1153,115.202304,32.52109103477204
1154,115.302306,32.10272930687366
1155,115.402308,31.749166017089667
1156,115.50231,31.45685433464021
1157,115.60231200000001,31.495486168705945
1158,115.702314,31.314312327069967
1159,115.802316,31.4348246894523
1160,115.902318,31.20402784971147
1161,116.00232000000001,31.50143636438816
1162,116.102322,31.728146230120906
1163,116.202324,31.62887523941061
1164,116.30232600000001,31.423349983681643
1165,116.40232800000001,31.894025229691227
1166,116.50233,31.879300134662763
1167,116.602332,31.820002588307748
1168,116.70233400000001,31.992682501444012
1169,116.802336,32.18602047494715
1170,116.902338,32.195313642585724
1171,117.00233999999999,31.995107928649595
1172,117.10234200000001,31.9211243214314
1173,117.202344,31.735068568691368
1174,117.302346,31.97700993807388
1175,117.402348,31.780683231787577
1176,117.50235,31.638292657072643
1177,117.602352,31.65049905003197
1178,117.702354,31.326869677997404
1179,117.802356,31.96084821274001
1180,117.902358,32.31351133966244
1181,118.00236,31.8991184328485
1182,118.10236200000001,32.489485193484406
1183,118.202364,32.62736256281636
1184,118.302366,32.02838786588842
1185,118.402368,31.912876955370965
1186,118.50237,31.84204430367968
1187,118.602372,32.55452819675482
1188,118.70237399999999,31.795274136919797
1189,118.80237600000001,31.79242808279632
1190,118.902378,31.728866757392527
1191,119.00238,31.418821204331635
1192,119.10238199999999,31.367303997016908
1193,119.20238400000001,31.689167364130363
1194,119.302386,31.61283092558503
1195,119.402388,31.374968555266687
1196,119.50239,31.661142282436742
1197,119.60239200000001,31.955154560872437
1198,119.702394,31.996041315225536
1199,119.802396,31.70605277561187
1200,119.902398,31.343078883462635
1201,120.00240000000001,31.433917874602063
1202,120.102402,31.46228822404542
1203,120.20240400000002,31.032348437683304
1204,120.302406,30.91499957237478
1205,120.402408,30.91083882842093
1206,120.50241,31.865644042311498
1207,120.602412,31.683992622849498
1208,120.702414,32.376034594008786
1209,120.802416,32.4140844011107
1210,120.90241800000001,31.890634741205286
1211,121.00242,31.800515730992316
1212,121.102422,31.99253101708301
1213,121.202424,31.20964358664799
1214,121.30242600000001,31.610850195270803
1215,121.402428,31.82985839622349
1216,121.50243,31.870727818455133
1217,121.60243200000001,31.743431334911055
1218,121.70243400000001,31.255256817771762
1219,121.802436,31.41639270729646
1220,121.902438,31.06616875812479
1221,122.00244,30.927373402355222
1222,122.102442,31.10542617625957
1223,122.202444,31.60390862099429
1224,122.302446,31.83192408652625
1225,122.402448,32.274203369309554
1226,122.50245,32.03725227799948
1227,122.602452,32.461531812652744
1228,122.702454,32.67634447461747
1229,122.802456,32.22403842838162
1230,122.902458,32.49786144321995
1231,123.00246000000001,32.33376951511591
1232,123.102462,31.54870190351621
1233,123.202464,31.308015542676976
1234,123.302466,31.547022337523718
1235,123.40246800000001,32.15802704494048
1236,123.50247,31.922592421093665
1237,123.602472,31.8463067698261
1238,123.702474,32.57760517436197
1239,123.80247600000001,32.49502396513526
1240,123.902478,32.358605580635206
1241,124.00247999999999,32.246778365181186
1242,124.10248200000001,31.89679070120056
1243,124.202484,31.808697274472046
1244,124.302486,31.70995092632273
1245,124.40248799999999,32.21563109988085
1246,124.50249000000001,32.42461397404852
1247,124.602492,32.34774671691933
1248,124.702494,32.11762336408595
1249,124.802496,32.46869665893068
1250,124.90249800000001,32.37288709510726
1251,125.0025,31.830117655111568
1252,125.102502,31.61397006620134
1253,125.202504,31.487410322133105
1254,125.30250600000001,32.04273706193866
1255,125.402508,32.02671735490022
1256,125.50251000000002,32.09099456503043
1257,125.602512,31.898448005081573
1258,125.702514,32.05948634396593
1259,125.802516,31.73116947877218
1260,125.902518,31.286146593417772
1261,126.00252,31.07579253213655
1262,126.102522,31.17569227397216
1263,126.20252400000001,31.113825274083588
1264,126.302526,31.839629731336213
1265,126.402528,31.623117256943488
1266,126.50253,31.335208574361694
1267,126.60253200000001,31.387714558369264
1268,126.702534,31.455502294513888
1269,126.802536,31.683357071934783
1270,126.902538,31.401065832489646
1271,127.00254000000001,31.083406654802634
1272,127.102542,30.902588752627903
1273,127.202544,30.653133318291065
1274,127.302546,31.129031322213674
1275,127.40254800000001,31.24863577159332
1276,127.50255,31.268517152091107
1277,127.602552,31.30588880967208
1278,127.702554,31.58020275618354
1279,127.802556,31.46096532537512
1280,127.902558,31.16077065592634
1281,128.00256,31.371947145940066
1282,128.102562,30.878927766764495
1283,128.202564,31.386987415673698
1284,128.302566,31.419713122238274
1285,128.402568,31.43505014977007
1286,128.50257000000002,31.170872664682605
1287,128.602572,31.200231872294342
1288,128.702574,31.229851236501336
1289,128.802576,31.531521715900308
1290,128.902578,31.06138680317669
1291,129.00258,31.518220851659102
1292,129.102582,30.93575668838528
1293,129.202584,31.304879570477507
1294,129.302586,31.490958270659654
1295,129.402588,31.130913675466562
1296,129.50259,30.97251263089171
1297,129.60259200000002,31.776846426570554
1298,129.702594,31.843128305697785
1299,129.802596,31.4622075969984
1300,129.902598,31.194579786936572
1301,130.0026,31.446915252942688
1302,130.102602,31.486325576500178
1303,130.202604,31.10291134273998
1304,130.302606,31.408680720770313
1305,130.40260800000001,31.422698846755395
1306,130.50261,31.45388396346236
1307,130.60261200000002,31.537777333864025
1308,130.702614,31.069971060559592
1309,130.802616,31.007454798675518
1310,130.902618,30.63919702903361
1311,131.00262,30.50796166587571
1312,131.102622,30.533228419083418
1313,131.20262400000001,30.8503819941134
1314,131.30262599999998,30.904299065933426
1315,131.402628,31.069355027104102
1316,131.50263,30.84138767756605
1317,131.602632,31.23756540828558
1318,131.702634,31.061674500114894
1319,131.802636,31.03427781763628
1320,131.902638,31.020954053030678
1321,132.00264,30.805602257351143
1322,132.102642,31.299975489425623
1323,132.202644,31.165205573178145
1324,132.302646,31.61906771740008
1325,132.40264800000003,31.93462936913047
1326,132.50265,31.68682057497975
1327,132.602652,31.322114418139865
1328,132.702654,31.192678812389644
1329,132.802656,31.382874413384805
1330,132.902658,31.371572338778332
1331,133.00266,31.846989727224525
1332,133.102662,31.431732676183223
1333,133.202664,31.25646528099589
1334,133.302666,31.36158661992898
1335,133.402668,31.812033955498617
1336,133.50267000000002,31.561704020752245
1337,133.60267199999998,31.416082673415893
1338,133.702674,31.29872511180696
1339,133.80267600000002,31.465865644846506
1340,133.902678,30.90465848474048
1341,134.00268,30.886138939438368
1342,134.102682,30.74215693839906
1343,134.202684,31.465996837612266
1344,134.30268600000002,31.90407418347796
1345,134.40268799999998,32.252466133243225
1346,134.50269,32.490310099226726
1347,134.60269200000002,32.21446618214102
1348,134.70269399999998,31.577133466568124
1349,134.802696,31.468098785154716
1350,134.90269800000002,31.0134443980713
1351,135.0027,31.208119003920466
1352,135.102702,31.284040100881455
1353,135.202704,30.848005683785424
1354,135.302706,30.680789477439227
1355,135.40270800000002,30.67710455539686
1356,135.50270999999998,30.853902531702616
1357,135.602712,31.382529829727105
1358,135.70271400000001,31.343275222783486
1359,135.802716,31.644755269053782
1360,135.902718,31.69508268477817
1361,136.00272,31.329356205696655
1362,136.102722,31.15995877426279
1363,136.20272400000002,31.729588234022614
1364,136.302726,32.056528752588065
1365,136.402728,31.669423291993045
1366,136.50273,31.30017637549173
1367,136.602732,30.914795351570127
1368,136.702734,30.93876092153734
1369,136.802736,30.315776787261502
1370,136.902738,30.812114050739883
1371,137.00274,30.693951272127443
1372,137.102742,30.410652973314658
1373,137.202744,30.454174774201192
1374,137.302746,30.60583425341341
1375,137.402748,30.935445973348017
1376,137.50275,31.048526285696695
1377,137.602752,30.880434533099066
1378,137.70275400000003,31.401162907409983
1379,137.802756,31.629493370737666
1380,137.902758,31.43342808399063
1381,138.00276000000002,31.67077157528011
1382,138.102762,31.58800408162697
1383,138.202764,31.54470133525779
1384,138.302766,31.289102215069164
1385,138.402768,31.30714200936573
1386,138.50277,31.263307671266567
1387,138.602772,31.512758126172354
1388,138.702774,31.501394030864567
1389,138.80277600000002,31.247457290098815
1390,138.90277799999998,30.955999424693225
1391,139.00278,31.233591686574954
1392,139.10278200000002,31.627104518815393
1393,139.202784,31.390543205195524
1394,139.302786,31.240734632156816
1395,139.402788,31.162509746590608
1396,139.50279,30.901053832228172
1397,139.60279200000002,30.89113882970068
1398,139.70279399999998,30.946978783566156
1399,139.802796,31.380167459073064
1400,139.90279800000002,31.484160174078763
1401,140.0028,31.721575257676232
1402,140.102802,31.646713492271942
1403,140.20280400000001,31.117032023489937
1404,140.302806,31.0992682720828
1405,140.402808,30.883463126999093
1406,140.50281,30.781673025256044
1407,140.602812,30.66739277917349
1408,140.70281400000002,30.604729624307005
1409,140.80281599999998,30.773147318494274
1410,140.902818,30.653892917317723
1411,141.00282,30.65289797734205
1412,141.102822,30.359029273035826
1413,141.202824,30.578104710384665
1414,141.302826,30.481730403915815
1415,141.402828,30.9830093957339
1416,141.50283000000002,30.735531297382234
1417,141.602832,31.02697526425758
1418,141.702834,30.334402343039052
1419,141.802836,30.805264026297973
1420,141.902838,31.161259990725785
1421,142.00284,31.160908661315776
1422,142.102842,30.885782514955448
1423,142.202844,30.875387997948412
1424,142.302846,30.67542273384659
1425,142.402848,31.180152930922308
1426,142.50285,30.84555444281481
1427,142.602852,31.365803983445684
1428,142.702854,31.386223062738893
1429,142.802856,30.730677916736543
1430,142.902858,31.01809258363746
1431,143.00286000000003,31.07547108761559
1432,143.102862,30.582418951079475
1433,143.202864,31.034306891622613
1434,143.30286600000002,30.90071511774358
1435,143.402868,31.029387038644316
1436,143.50287,31.183095154469836
1437,143.602872,31.426197989352396
1438,143.702874,31.644554776791104
1439,143.802876,31.162363255565584
1440,143.902878,31.447452389103184
1441,144.00288,31.408816057358916
1442,144.10288200000002,31.122175310546687
1443,144.20288399999998,31.358525553500876
1444,144.302886,31.470768116436727
1445,144.40288800000002,30.99691558837506
1446,144.50289,30.64912650962802
1447,144.602892,30.36277242467391
1448,144.702894,30.512149250573753
1449,144.802896,30.06475439006015
1450,144.90289800000002,30.14357812421489
1451,145.00289999999998,29.923521538298612
1452,145.102902,30.205164990446022
1453,145.20290400000002,30.598904822400577
1454,145.302906,30.53334100441414
1455,145.402908,31.07399487667578
1456,145.50291,30.983033957219288
1457,145.602912,31.04947008264732
1458,145.702914,31.04991812985776
1459,145.802916,31.004038816813726
1460,145.902918,31.087346141028174
1461,146.00292000000002,31.354854936876603
1462,146.10292199999998,31.239748010884988
1463,146.202924,31.372300990898303
1464,146.302926,31.47568216403539
1465,146.402928,31.49858120125078
1466,146.50293,30.943889196829236
1467,146.602932,31.240667429229692
1468,146.702934,31.392750541993586
1469,146.80293600000002,31.078687308796905
1470,146.902938,31.316218240582618
1471,147.00294,31.16221658290325
1472,147.102942,30.808735076384487
1473,147.202944,31.336713355218848
1474,147.302946,30.748556045626994
1475,147.402948,30.692559096190156
1476,147.50295,30.100842298871882
1477,147.602952,30.029242451158574
1478,147.702954,29.99639797609663
1479,147.802956,30.278969915971526
1480,147.902958,30.475780361688344
1481,148.00296,30.320358759041167
1482,148.102962,30.737979415756655
1483,148.202964,30.27068141513272
1484,148.30296600000003,30.073982678191324
1485,148.402968,30.034192667817138
1486,148.50297,30.262540972029814
1487,148.60297200000002,30.273372121017
1488,148.702974,30.59150397685145
1489,148.802976,30.54174836749872
1490,148.902978,30.22576562143711
1491,149.00298,30.28088955678385
1492,149.102982,30.846032126005525
1493,149.202984,30.48314518011971
1494,149.302986,30.631513739271675
1495,149.40298800000002,30.96898046403466
1496,149.50298999999998,30.526130541392885
1497,149.602992,30.266945089954422
1498,149.70299400000002,30.35142714863462
1499,149.802996,30.35664761885072
1500,149.902998,30.226714905050784
1501,150.003,30.072134565719153
1502,150.103002,30.392633734938094
1503,150.20300400000002,30.435133414784083
1504,150.30300599999998,30.35916550311673
1505,150.403008,30.43573157864865
1506,150.50301000000002,30.823260612535968
1507,150.603012,30.404095230065582
1508,150.703014,30.278330910952203
1509,150.803016,30.487909971734084
1510,150.903018,30.619476977702142
1511,151.00302,30.437579067192825
1512,151.103022,30.498999796786727
1513,151.203024,30.84570182095068
1514,151.30302600000002,30.706881180330146
1515,151.40302799999998,30.838648921971775
1516,151.50303,30.784119746860924
1517,151.603032,30.913367043574933
1518,151.703034,31.72013131142834
1519,151.803036,31.151854320424928
1520,151.903038,31.52889377721977
1521,152.00304,31.001746574981357
1522,152.10304200000002,30.920875357212534
1523,152.203044,30.587402138455683
1524,152.303046,30.77984983035321
1525,152.403048,30.295648718727545
1526,152.50305000000003,30.059796310275665
1527,152.603052,30.01218702162624
1528,152.703054,30.46973176466456
1529,152.803056,30.04698891869175
1530,152.903058,30.33560494964348
1531,153.00306,30.60403856626282
1532,153.103062,31.192211205196095
1533,153.203064,31.09598282874287
1534,153.303066,31.14275891821556
1535,153.403068,30.520545374277564
1536,153.50307,31.003125098850386
1537,153.60307200000003,30.791912891854228
1538,153.703074,30.756056630327695
1539,153.803076,30.34265043165761
1540,153.90307800000002,30.592492560256996
1541,154.00308,30.62054930200619
1542,154.103082,30.685724451192335
1543,154.203084,30.286902051609328
1544,154.303086,30.456045421610828
1545,154.403088,30.37044463927378
1546,154.50309,30.615796823168715
1547,154.603092,30.8185839947143
1548,154.70309400000002,30.446555894644987
1549,154.80309599999998,30.110836355703608
1550,154.903098,30.37987368579315
1551,155.00310000000002,30.652722810010246
1552,155.103102,30.6033953842236
1553,155.203104,31.252612533095174
1554,155.303106,30.966530857286347
1555,155.403108,30.18078464146767
1556,155.50311000000002,30.07196427991361
1557,155.60311199999998,30.323573486331544
1558,155.703114,30.242924864835384
1559,155.80311600000002,30.551421866173587
1560,155.903118,30.59412756451166
1561,156.00312,30.23622301340105
1562,156.103122,30.123027156874052
1563,156.203124,29.66276732480192
1564,156.303126,30.292464210678887
1565,156.403128,30.45285991615525
1566,156.50313,30.840388736398364
1567,156.60313200000002,31.076077215860437
1568,156.70313399999998,30.987659953128667
1569,156.803136,30.659365199741696
1570,156.903138,30.606724883666654
1571,157.00314,30.496087857448234
1572,157.103142,30.61174259582422
1573,157.203144,30.372465634721298
1574,157.303146,30.52133687673805
1575,157.40314800000002,31.278291452551798
1576,157.50315,31.370472621040857
1577,157.603152,30.9542783900939
1578,157.703154,30.8372303596385
1579,157.80315600000003,30.68435029333505
1580,157.903158,30.350514378830475
1581,158.00316,30.42665059644344
1582,158.103162,30.660532327959395
1583,158.203164,30.37716961609584
1584,158.303166,30.15907737780643
1585,158.403168,30.107472389036968
1586,158.50317,30.13021090152199
1587,158.603172,30.55327997085963
1588,158.703174,30.800796061751498
1589,158.803176,30.4306398976228
1590,158.90317800000003,30.55278832676619
1591,159.00318,30.691783124506316
1592,159.103182,30.365409066968972
1593,159.20318400000002,30.152045884822627
1594,159.303186,30.205103264687217
1595,159.403188,30.113475908009086
1596,159.50319,30.07133611848044
1597,159.603192,30.095871150201877
1598,159.70319400000002,30.38661013979326
1599,159.80319599999999,30.1304779440185
1600,159.903198,30.3060976904636
1601,160.00320000000002,29.94183932609229
1602,160.10320199999998,30.237698072052623
1603,160.203204,30.430766287914924
1604,160.30320600000002,30.240119506320916
1605,160.403208,30.12507665158823
1606,160.50321,30.813626164685267
1607,160.603212,30.679697082004736
1608,160.703214,30.85896546502207
1609,160.80321600000002,30.93021470186549
1610,160.90321799999998,31.38483741380423
1611,161.00322,30.931032266549142
1612,161.10322200000002,30.756490261509217
1613,161.203224,30.94235397103413
1614,161.303226,30.783828991335685
1615,161.403228,30.455824334265984
1616,161.50323,30.601575760961286
1617,161.603232,30.73954400652248
1618,161.703234,30.98423222167906
1619,161.803236,31.00477289350956
1620,161.90323800000002,31.583518665594408
1621,162.00323999999998,31.121324930191584
1622,162.103242,30.974802631407098
1623,162.203244,31.525943899919852
1624,162.303246,31.408976019358008
1625,162.403248,31.073878537278052
1626,162.50325,31.382901226761675
1627,162.603252,31.247930811058946
1628,162.70325400000002,31.599492602366066
1629,162.803256,31.58803298075746
1630,162.903258,31.105694582909877
1631,163.00326,31.38993031291366
1632,163.10326200000003,31.39460048623096
1633,163.203264,31.054364187152185
1634,163.303266,31.649878332811777
1635,163.403268,31.13620432987681
1636,163.50327,30.610255887628046
1637,163.603272,30.93683003040482
1638,163.703274,30.756871988459267
1639,163.803276,30.71318667537963
1640,163.903278,30.194059130066545
1641,164.00328,30.560907808812583
1642,164.103282,30.328810048359486
1643,164.20328400000002,30.253183750368773
1644,164.30328599999999,30.128916393761642
1645,164.403288,30.198901213247776
1646,164.50329000000002,30.11357732368329
1647,164.603292,29.994351792951775
1648,164.703294,30.41348709065652
1649,164.803296,30.335028512572705
1650,164.903298,30.111222793442753
1651,165.00330000000002,29.788005164670686
1652,165.10330199999999,30.646400845742647
1653,165.203304,30.254591830802703
1654,165.30330600000002,30.42928355267461
1655,165.40330799999998,30.764039967940683
1656,165.50331,31.00015182906261
1657,165.60331200000002,30.856499166891698
1658,165.703314,30.795343314222915
1659,165.803316,30.951243328453124
1660,165.903318,30.918053110683022
1661,166.00332,30.507753821064856
1662,166.10332200000002,30.711490824433074
1663,166.20332399999998,30.846897750237165
1664,166.303326,30.90593915528699
1665,166.40332800000002,31.095244272034748
1666,166.50333,31.0425069536243
1667,166.603332,30.507122862450224
1668,166.703334,30.284726973486926
1669,166.803336,30.42083586341829
1670,166.90333800000002,30.410057370797695
1671,167.00334,30.65740860765339
1672,167.103342,30.75623674992573
1673,167.20334400000002,30.650253833448385
1674,167.30334599999998,30.62640717865756
1675,167.403348,30.844509516807353
1676,167.50335,31.22499837401883
1677,167.603352,31.028904150122095
1678,167.703354,31.01485777376973
1679,167.803356,30.699370528612643
1680,167.903358,30.629073840784795
1681,168.00336000000001,30.772718477755472
1682,168.103362,31.00497853974543
1683,168.203364,31.00312371529984
1684,168.303366,31.25014399085422
1685,168.40336800000003,31.198435797078528
1686,168.50337,30.92644509021563
1687,168.603372,30.89535659724681
1688,168.703374,30.926386324198536
1689,168.803376,30.82824172346044
1690,168.903378,30.29061105891447
1691,169.00338,30.334337947068477
1692,169.103382,31.106495837300557
1693,169.203384,31.026608824245965
1694,169.303386,30.957707360127
1695,169.403388,31.139763130794446
1696,169.50339000000002,31.09950668775901
1697,169.60339199999999,31.388717360645703
1698,169.703394,30.92064679631287
1699,169.80339600000002,30.807332717244595
1700,169.903398,31.17464895089628
1701,170.0034,30.769679729952877
1702,170.103402,30.656694425084016
1703,170.203404,30.83686829064129
1704,170.30340600000002,30.9100093147605
1705,170.40340799999998,30.419423351035135
1706,170.50341,30.618612898972366
1707,170.60341200000002,30.571037078262382
1708,170.70341399999998,30.744208896343626
1709,170.803416,30.732419746629837
1710,170.90341800000002,30.605221400207263
1711,171.00342,30.963389361486822
1712,171.103422,30.92931011993648
1713,171.203424,30.96240483508413
1714,171.303426,30.918120905663475
1715,171.40342800000002,30.692966232643446
1716,171.50342999999998,30.92456716778638
1717,171.603432,30.90916456290959
1718,171.70343400000002,30.45373599774287
1719,171.803436,30.285787660191946
1720,171.903438,30.58137822139739
1721,172.00344,30.583417580730817
1722,172.103442,30.96044488354469
1723,172.20344400000002,30.573594097671805
1724,172.303446,30.311995169576683
1725,172.403448,30.089230632876262
1726,172.50345000000002,30.25731484953967
1727,172.603452,30.18197719375851
1728,172.703454,29.900184518810484
1729,172.803456,30.124335215230666
1730,172.903458,30.197692861721308
1731,173.00346,30.38662493619159
1732,173.103462,30.779677999587964
1733,173.203464,30.746383061011564
1734,173.30346600000001,30.927850775776918
1735,173.403468,30.897225076560062
1736,173.50347,31.011435290716946
1737,173.603472,31.35668693458057
1738,173.70347400000003,31.311337817218973
1739,173.803476,31.319071642304188
1740,173.903478,31.240128954865757
1741,174.00348000000002,31.21895819788466
1742,174.103482,31.007524687563798
1743,174.203484,30.752210624827857
1744,174.303486,30.747603779109546
1745,174.403488,31.34812030302107
1746,174.50349,31.255705101734524
1747,174.603492,31.223478971115597
1748,174.703494,31.376899862572866
1749,174.80349600000002,30.903143392927326
1750,174.90349799999998,30.72008290198985
1751,175.0035,30.437419916498
1752,175.10350200000002,30.782678644378763
1753,175.203504,31.05074587403055
1754,175.303506,30.583056564059472
1755,175.403508,30.58329108337076
1756,175.50351,31.03305235590757
1757,175.60351200000002,31.16225660238073
1758,175.70351399999998,30.911178895443488
1759,175.803516,30.84982624251256
1760,175.90351800000002,31.19173828058205
1761,176.00351999999998,31.0162963057001
1762,176.103522,30.73913529070168
1763,176.20352400000002,30.97494576379876
1764,176.303526,31.266886423453563
1765,176.403528,30.728164135613476
1766,176.50353,30.787204204952353
1767,176.603532,30.52830761272046
1768,176.70353400000002,30.644703691733095
1769,176.80353599999998,31.140664984950305
1770,176.903538,31.486108797373486
1771,177.00354000000002,30.862385305230376
1772,177.103542,30.81778421501939
1773,177.203544,30.836112028364923
1774,177.303546,30.751588714400494
1775,177.403548,30.64561784070099
1776,177.50355000000002,30.604207741866368
1777,177.603552,30.96698787060153
1778,177.703554,30.950400845729572
1779,177.80355600000001,31.22283622589783
1780,177.903558,30.896908413537407
1781,178.00356,31.283249917993384
1782,178.103562,30.980325041380173
1783,178.203564,30.867427124722695
1784,178.303566,30.546249736199233
1785,178.403568,30.16735255611541
1786,178.50357,30.66185481300894
1787,178.603572,30.8400904037037
1788,178.703574,30.495792908221212
1789,178.803576,30.610100908143547
1790,178.903578,30.70644487634761
1791,179.00358000000003,30.85125171488196
1792,179.103582,31.19484095190798
1793,179.203584,30.68064008931641
1794,179.30358600000002,30.895540224430544
1795,179.403588,30.775544549223152
1796,179.50359,30.93690336452686
1797,179.603592,31.180178935206456
1798,179.703594,31.041234717715223
1799,179.803596,30.924146578198627
1800,179.903598,30.45837995117115
1801,180.0036,30.540834403718907
1802,180.10360200000002,30.681472904842092
1803,180.20360399999998,30.625087401759078
1804,180.303606,30.627418973918935
1805,180.40360800000002,30.862919133200016
1806,180.50361,30.45731755489283
1807,180.603612,30.198323834729244
1808,180.703614,30.139367144604577
1809,180.803616,30.294424918141274
1810,180.90361800000002,30.455095847910798
1811,181.00361999999998,30.04435697207225
1812,181.103622,30.09835523560567
1813,181.20362400000002,29.984021685355113
1814,181.30362599999998,29.970317705244984
1815,181.403628,29.96742076889275
1816,181.50363000000002,29.618591485005616
1817,181.603632,29.819472702849314
1818,181.703634,29.744784013845017
1819,181.803636,30.057403418262215
1820,181.903638,29.867399871640746
1821,182.00364000000002,30.143230457231752
1822,182.10364199999998,29.814161714586266
1823,182.203644,29.79695473236147
1824,182.30364600000001,29.524761344579215
1825,182.403648,29.830949143385592
1826,182.50365,29.721641403326093
1827,182.603652,29.643002306441876
1828,182.703654,29.55349787519531
1829,182.80365600000002,29.248019287864643
1830,182.903658,29.355975466332186
1831,183.00366,29.604554540912385
1832,183.103662,29.89961913239186
1833,183.203664,30.07215388313618
1834,183.303666,29.71972378168098
1835,183.403668,30.133811818140625
1836,183.50367,29.653097842163607
1837,183.603672,29.731594284360835
1838,183.703674,29.637453135096475
1839,183.803676,29.87863287146758
1840,183.903678,29.90665298188612
1841,184.00368,30.006437108058137
1842,184.103682,29.933194984736563
1843,184.203684,30.168831678284796
1844,184.30368600000003,30.374458887157783
1845,184.403688,30.559213264452428
1846,184.50369,30.62228950302907
1847,184.60369200000002,30.32659722995762
1848,184.703694,30.154120872882615
1849,184.803696,30.154228170455625
1850,184.903698,30.394771312898854
1851,185.0037,30.134442009205394
1852,185.103702,30.12970469793029
1853,185.203704,29.689514117363874
1854,185.303706,29.614312652850554
1855,185.40370800000002,29.416769152213497
1856,185.50370999999998,29.8715382825226
1857,185.603712,30.4768887929714
1858,185.70371400000002,29.88672116094689
1859,185.803716,30.10165056871202
1860,185.903718,29.43670835915049
1861,186.00372,29.604802412330862
1862,186.103722,29.552430652858625
1863,186.20372400000002,29.81759473477897
1864,186.30372599999998,29.739018194719478
1865,186.403728,30.072033445101333
1866,186.50373000000002,30.111288805810123
1867,186.603732,30.160090434077553
1868,186.703734,29.893326084460558
1869,186.80373600000001,29.909621140740192
1870,186.903738,29.947322189627048
1871,187.00374,29.775580713070873
1872,187.103742,30.450274202450405
1873,187.203744,29.968763276704554
1874,187.30374600000002,30.124545203746052
1875,187.40374799999998,29.844741468738352
1876,187.50375,30.240205266995236
1877,187.60375200000001,30.03511679958879
1878,187.703754,29.946827940865646
1879,187.803756,29.993787279578093
1880,187.903758,29.84286571362194
1881,188.00376,29.790826156276744
1882,188.10376200000002,29.775614307080765
1883,188.203764,29.984917993011017
1884,188.303766,29.893286582383165
1885,188.403768,29.987740375295196
1886,188.50377,29.754153131878326
1887,188.603772,29.569115859177547
1888,188.703774,29.581252383004617
1889,188.803776,29.541090866297992
1890,188.903778,29.876251896448345
1891,189.00378,29.646424599815823
1892,189.103782,29.55890817878868
1893,189.203784,29.376132603282958
1894,189.303786,29.35452174264869
1895,189.403788,29.310378009735835
1896,189.50379,29.496846409751967
1897,189.60379200000003,29.830853907908825
1898,189.703794,29.732393535055326
1899,189.803796,29.911847936421
1900,189.90379800000002,29.64484235379962
1901,190.0038,29.634696583885887
1902,190.103802,29.579570336930697
1903,190.203804,29.56063621955771
1904,190.303806,30.154906926356453
1905,190.403808,29.742163383521042
1906,190.50381,29.995681678554348
1907,190.603812,30.457359204305774
1908,190.70381400000002,30.126428323376693
1909,190.80381599999998,30.051969455873117
1910,190.903818,30.26709231372269
1911,191.00382000000002,30.34539072661718
1912,191.103822,30.175962593442833
1913,191.203824,30.137399494477954
1914,191.30382600000002,30.231150149336223
1915,191.403828,29.916965801785278
1916,191.50383000000002,29.474553013803323
1917,191.60383199999998,29.560242353677374
1918,191.703834,29.87122038271609
1919,191.80383600000002,30.114672587182852
1920,191.903838,29.96573083645856
1921,192.00384,30.392468532585227
1922,192.10384200000001,29.951798531463503
1923,192.203844,30.27085425328698
1924,192.303846,30.328597650053492
1925,192.403848,30.44685653614198
1926,192.50385,30.839769247233924
1927,192.60385200000002,30.362845927365857
1928,192.70385399999998,30.452107676463427
1929,192.803856,30.563255314051286
1930,192.903858,30.110324114108124
1931,193.00386,30.65621210107982
1932,193.103862,30.33002465328842
1933,193.203864,30.25402856838102
1934,193.303866,29.784436829009298
1935,193.40386800000002,29.946861530050228
1936,193.50387,30.18605038433496
1937,193.603872,30.04571550888896
1938,193.703874,30.126757352598034
1939,193.80387600000003,30.08322467107976
1940,193.903878,30.10867971580829
1941,194.00388,29.981021115794313
1942,194.103882,30.108127191369057
1943,194.203884,30.141969301295195
1944,194.303886,30.34439609725867
1945,194.403888,30.436072268852516
1946,194.50389,30.351495545289044
1947,194.603892,30.362023784958254
1948,194.703894,30.531252284555432
1949,194.803896,30.676697448577848
1950,194.90389800000003,30.210612100927335
1951,195.0039,29.85771906490345
1952,195.103902,29.75509572972072
1953,195.20390400000002,29.615050014005718
1954,195.303906,29.57757482284038
1955,195.403908,29.451770166337127
1956,195.50391,29.834217031928944
1957,195.603912,29.75590608367295
1958,195.703914,29.67646009911278
1959,195.803916,30.040637567129796
1960,195.903918,30.245684616440634
1961,196.00392000000002,29.956358695314528
1962,196.10392199999998,30.20459885396709
1963,196.203924,30.3392442349049
1964,196.30392600000002,30.331238693694782
1965,196.403928,29.95878767912771
1966,196.50393,29.919910335879603
1967,196.60393200000001,30.296617039445678
1968,196.703934,30.83254446920374
1969,196.80393600000002,30.33088486735313
1970,196.90393799999998,29.993543665789414
1971,197.00394,30.10882826543717
1972,197.10394200000002,30.017424221629184
1973,197.203944,29.986177349009306
1974,197.303946,29.788688085160302
1975,197.403948,29.80742775255549
1976,197.50395,29.463197358526266
1977,197.603952,30.0079061224509
1978,197.703954,30.21606882733037
1979,197.803956,30.085094511170073
1980,197.90395800000002,30.06280186971693
1981,198.00395999999998,30.332682533403425
1982,198.103962,29.974055968574643
1983,198.203964,29.983252971986342
1984,198.303966,30.15962517472756
1985,198.403968,30.181691698337207
1986,198.50397,30.203322654235514
1987,198.603972,30.08150883494194
1988,198.70397400000002,29.714123032734847
1989,198.803976,29.626685379798783
1990,198.903978,29.946295336962887
1991,199.00398,30.15440973079509
1992,199.10398200000003,29.915645422440896
1993,199.203984,29.789129026632278
1994,199.303986,30.44810036958541
1995,199.403988,30.056150391003744
1996,199.50399,30.065090190716603
1997,199.603992,29.54868042289586
1998,199.703994,29.51318748105712
1999,199.803996,29.278831895401797
2000,199.903998,29.30225945137897
2001,200.004,29.383030396279075
2002,200.104002,29.657430739465866
2003,200.20400400000003,30.025789539227905
2004,200.304006,30.084901076156424
2005,200.404008,30.018383372265056
2006,200.50401000000002,29.764873483608962
2007,200.604012,29.507247106927426
2008,200.704014,29.625623679451063
2009,200.804016,29.576976801326463
2010,200.904018,29.41882393120752
2011,201.00402000000003,29.468645612942048
2012,201.104022,29.186856807281142
2013,201.204024,29.364182994172825
2014,201.30402600000002,29.34121896445663
2015,201.40402799999998,29.322380460970997
2016,201.50403,29.434283249381707
2017,201.60403200000002,29.8370329276781
2018,201.704034,29.53080578198826
2019,201.804036,29.306221929042803
2020,201.904038,29.420909945635497
2021,202.00404,29.64445167393232
2022,202.10404200000002,29.564192436442312
2023,202.20404399999998,29.540692709589994
2024,202.304046,29.22611906212886
2025,202.40404800000002,29.600537389585348
2026,202.50405,29.53142601412063
2027,202.604052,29.569956567309948
2028,202.704054,29.69289275983096
2029,202.804056,29.484605705924434
2030,202.904058,29.745665240667897
2031,203.00406,29.45334985061025
2032,203.104062,29.644896577574936
2033,203.20406400000002,29.708326772361403
2034,203.30406599999998,29.620728253888345
2035,203.404068,29.606272678101544
2036,203.50407,29.42647101925558
2037,203.604072,29.448065531667158
2038,203.704074,29.65661707201025
2039,203.804076,29.66707887838812
2040,203.904078,29.714425035815452
2041,204.00408000000002,29.62818420713645
2042,204.104082,29.504739649811853
2043,204.204084,29.279963476479743
2044,204.304086,29.37745891730102
2045,204.40408800000003,29.640524946462193
2046,204.50409,29.74249765315699
2047,204.604092,29.61023505865378
2048,204.704094,29.82264761288131
2049,204.804096,29.50890376134843
2050,204.904098,29.59169142359645
2051,205.0041,29.40297340766988
2052,205.104102,29.66560315808364
2053,205.204104,30.099443397313244
2054,205.304106,30.31636779969652
2055,205.404108,29.95845041593849
2056,205.50411000000003,29.707572506213705
2057,205.604112,29.75506853112037
2058,205.704114,29.687229470956918
2059,205.80411600000002,29.310711097689932
2060,205.904118,29.53166830849567
2061,206.00412,29.105424006354077
2062,206.104122,29.39444235546318
2063,206.204124,29.370088040892917
2064,206.30412600000002,29.470178223977964
2065,206.404128,29.35496086669215
2066,206.50413,29.654117664111787
2067,206.60413200000002,29.37062920192598
2068,206.70413399999998,29.47352260086463
2069,206.804136,29.80467340200952
2070,206.90413800000002,29.615866584399466
2071,207.00414,29.703221763108
2072,207.104142,30.125490584256852
2073,207.204144,29.715396376186305
2074,207.304146,30.135977726426827
2075,207.40414800000002,29.773838422375217
2076,207.50414999999998,29.69869974086031
2077,207.604152,30.020523853157858
2078,207.70415400000002,29.857105290634475
2079,207.804156,29.8992273147966
2080,207.904158,29.903536095547302
2081,208.00416,29.836794947092834
2082,208.104162,29.8827911763819
2083,208.20416400000002,30.168443193500803
2084,208.304166,30.198171447774474
2085,208.404168,30.331858977823245
2086,208.50417000000002,30.24329333917781
2087,208.604172,30.231363501048325
2088,208.704174,29.855301365198684
2089,208.804176,29.694804704921463
2090,208.904178,29.59077630275232
2091,209.00418,29.32486230244362
2092,209.104182,29.316280261409997
2093,209.204184,29.45358046425471
2094,209.30418600000002,29.497748982607348
2095,209.404188,29.32271890763327
2096,209.50419,29.23988295385808
2097,209.604192,29.41505264466503
2098,209.70419400000003,29.445811872733742
2099,209.804196,29.635413164014537
2100,209.904198,29.447929805456237
2101,210.00420000000003,29.706930262800828
2102,210.104202,29.50892427807439
2103,210.204204,29.54577055373624
2104,210.304206,29.833988566503002
2105,210.404208,29.86984608268468
2106,210.50421,29.7122639687096
2107,210.604212,29.82833527229351
2108,210.704214,29.38550460157607
2109,210.80421600000003,29.655062381200786
2110,210.904218,29.437331455523523
2111,211.00422,29.607138470696235
2112,211.10422200000002,29.502645809387687
2113,211.204224,29.85738998617364
2114,211.304226,29.66698433803726
2115,211.404228,30.030563528223972
2116,211.50423,30.599299858178696
2117,211.60423200000002,30.41852004443507
2118,211.70423399999999,30.56421399878827
2119,211.804236,30.26646204247371
2120,211.90423800000002,30.538041354221395
2121,212.00423999999998,30.344903377606133
2122,212.104242,30.345477723573925
2123,212.20424400000002,30.393961906598367
2124,212.304246,30.38694944567698
2125,212.404248,30.331286732311888
2126,212.50425,30.158511465870347
2127,212.604252,30.01745287943892
2128,212.70425400000002,30.43990676464139
2129,212.80425599999998,30.496242508828466
2130,212.904258,30.499472142265756
2131,213.00426000000002,30.640774656207345
2132,213.104262,30.86913809704833
2133,213.204264,30.61268720554667
2134,213.304266,30.781530824935043
2135,213.404268,30.039311413695536
2136,213.50427000000002,30.01975253283233
2137,213.604272,30.138431621387937
2138,213.704274,30.033317501321914
2139,213.80427600000002,30.193871686208283
2140,213.904278,30.31781037876853
2141,214.00428,30.96857054076317
2142,214.104282,30.766610797238435
2143,214.204284,30.756445269224184
2144,214.304286,30.48464386866953
2145,214.404288,30.611981329158695
2146,214.50429,30.255905569710073
2147,214.60429200000002,30.43286520328933
2148,214.704294,30.34519505157553
2149,214.804296,29.989780201956904
2150,214.904298,30.09977887650348
2151,215.00430000000003,29.478218464462064
2152,215.104302,29.736699121686037
2153,215.204304,29.721666189418812
2154,215.30430600000003,30.010728322091545
2155,215.404308,29.94685149446407
2156,215.50431,29.79889540832004
2157,215.604312,30.383010145577583
2158,215.704314,30.293051719959102
2159,215.804316,30.138574253148832
2160,215.904318,30.519795112803738
2161,216.00432,30.671160931268584
2162,216.10432200000002,30.69073764492265
2163,216.20432399999999,31.216853637501845
2164,216.304326,30.948390259864063
2165,216.40432800000002,31.44876922224133
2166,216.50433,31.2805800558459
2167,216.604332,30.735801121281607
2168,216.704334,31.29719580392106
2169,216.804336,30.870029302868787
2170,216.90433800000002,30.492429058740296
2171,217.00433999999998,30.37713590003991
2172,217.104342,30.67557799479645
2173,217.20434400000002,31.066231873033455
2174,217.30434599999998,30.686569602663784
2175,217.404348,30.67689087737
2176,217.50435000000002,30.576338851754326
2177,217.604352,30.8753868893093
2178,217.704354,30.784209811772527
2179,217.804356,30.71120293627143
2180,217.904358,30.533362327830847
2181,218.00436000000002,30.734275259071538
2182,218.10436199999998,30.793591989277143
2183,218.204364,30.678128024401083
2184,218.30436600000002,30.48539030571121
2185,218.404368,30.86089084427912
2186,218.50437,31.161772547409836
2187,218.604372,30.817260729164826
2188,218.704374,30.702842635766572
2189,218.80437600000002,30.61457099352428
2190,218.904378,30.99428688804194
2191,219.00438,31.001335226795288
2192,219.10438200000002,30.63597280428755
2193,219.204384,30.76812170049429
2194,219.304386,30.534158122136457
2195,219.404388,31.08170633227215
2196,219.50439,31.193344840499154
2197,219.604392,31.48673280050621
2198,219.704394,31.53956743615675
2199,219.804396,30.8815165615965
2200,219.90439800000001,30.797122576016573
2201,220.0044,30.578905224565066
2202,220.104402,30.936625109745826
2203,220.204404,30.748715501196177
2204,220.30440600000003,30.440592304637253
2205,220.404408,30.62100437897205
2206,220.50441,30.827707320900757
2207,220.60441200000002,30.79202753539595
2208,220.704414,30.818671305805285
2209,220.804416,31.048711244314127
2210,220.904418,31.038673520559552
2211,221.00442,31.121450664262508
2212,221.104422,30.618905016537614
2213,221.204424,30.748674240106467
2214,221.304426,30.384864526446815
2215,221.40442800000002,30.510792477246124
2216,221.50442999999999,30.351637639714863
2217,221.604432,30.754281769500476
2218,221.70443400000002,30.40885712893314
2219,221.804436,30.143630312919214
2220,221.904438,30.54364818713571
2221,222.00444,30.35279352190907
2222,222.104442,30.0663202489884
2223,222.20444400000002,30.069805003578942
2224,222.30444599999998,29.942247909485424
2225,222.404448,30.41408496066112
2226,222.50445000000002,30.86278799764284
2227,222.60445199999998,30.821187400204305
2228,222.704454,30.858043629318203
2229,222.80445600000002,30.865471534650496
2230,222.904458,30.794938450006207
2231,223.00446,31.293361729780752
2232,223.104462,31.17414543575573
2233,223.204464,31.450191353152416
2234,223.30446600000002,31.202158980548017
2235,223.40446799999998,31.066170800484187
2236,223.50447,31.058824179432232
2237,223.60447200000002,31.00202616215793
2238,223.704474,31.02794418604849
2239,223.804476,31.170514038361585
2240,223.904478,31.08556774511048
2241,224.00448,31.06433760777041
2242,224.10448200000002,31.418868472210537
2243,224.204484,31.28541908127609
2244,224.304486,31.0825743221636
2245,224.40448800000001,31.19027146318645
2246,224.50449,31.212065332976653
2247,224.604492,31.162885100936343
2248,224.704494,31.402298008594247
2249,224.804496,31.30972779268116
2250,224.904498,31.481295186178013
2251,225.0045,31.495576631548964
2252,225.104502,31.225298022548166
2253,225.20450400000001,31.875741413904972
2254,225.304506,31.769531600120082
2255,225.404508,31.197235676330045
2256,225.50451,31.831196586369714
2257,225.60451200000003,31.43483464125248
2258,225.704514,31.178035203554472
2259,225.804516,31.57043663308366
2260,225.90451800000002,31.314374072249308
2261,226.00452,31.356328144964195
2262,226.104522,31.460556521780966
2263,226.204524,31.498568493303843
2264,226.304526,31.17524577619182
2265,226.404528,30.852511214761524
2266,226.50453,31.151043249361567
2267,226.604532,30.299549327752892
2268,226.70453400000002,30.739780019263033
2269,226.80453599999998,30.97631871530953
2270,226.904538,31.180810353842592
2271,227.00454000000002,30.96854472758304
2272,227.104542,31.305326667699703
2273,227.204544,31.18465662023701
2274,227.30454600000002,31.078670819053826
2275,227.404548,30.6407250657407
2276,227.50455000000002,30.02207458673184
2277,227.60455199999998,30.246167635957395
2278,227.704554,30.43913947510701
2279,227.80455600000002,30.776501857486878
2280,227.904558,31.385073466572447
2281,228.00456,31.090628910501486
2282,228.10456200000002,30.814950106332983
2283,228.204564,30.966090101466325
2284,228.304566,30.802833800568223
2285,228.404568,30.571392419824193
2286,228.50457,30.857860252033845
2287,228.60457200000002,30.982032138275834
2288,228.70457399999998,30.972863871131285
2289,228.804576,30.998100202786155
2290,228.90457800000001,31.472810608595516
2291,229.00458,31.023837351459047
2292,229.104582,31.61730591234844
2293,229.204584,31.11355851748923
2294,229.304586,31.262238860986233
2295,229.40458800000002,30.95741443442658
2296,229.50459,30.663503176290035
2297,229.604592,30.39288582403132
2298,229.70459400000001,30.300373991554054
2299,229.804596,30.239121386233794
2300,229.904598,30.038205468384287
2301,230.0046,30.06545213947896
2302,230.104602,30.257888138500032
2303,230.204604,29.89164639643584
2304,230.304606,30.283888449413308
2305,230.404608,30.20388109383905
2306,230.50461,30.001512093073522
2307,230.604612,29.698776317237073
2308,230.704614,29.929610819437453
2309,230.804616,30.374516250608014
2310,230.90461800000003,30.710395766211875
2311,231.00462,30.603086839332963
2312,231.104622,30.48893703047301
2313,231.20462400000002,31.553175290265496
2314,231.304626,31.68791960298864
2315,231.404628,31.257444667809846
2316,231.50463,31.10965309700751
2317,231.604632,30.811655903107404
2318,231.704634,30.69895066199332
2319,231.804636,30.556671454726505
2320,231.904638,30.353495001169396
2321,232.00464000000002,30.376019035997142
2322,232.10464199999998,30.462820458435182
2323,232.204644,30.257317909603213
2324,232.30464600000002,29.904786021905036
2325,232.404648,30.38021898248869
2326,232.50465,30.598326122576857
2327,232.60465200000002,30.070079372362514
2328,232.704654,30.144661210161697
2329,232.80465600000002,29.967113557715372
2330,232.90465799999998,30.08300340616948
2331,233.00466,30.21593891362845
2332,233.10466200000002,30.651253904647522
2333,233.204664,30.27284407271822
2334,233.304666,30.729148554147503
2335,233.40466800000002,30.837965816711222
2336,233.50467,30.548018087115995
2337,233.604672,30.289722529277988
2338,233.704674,29.912839878651557
2339,233.804676,30.38901129679415
2340,233.90467800000002,30.151840484055125
2341,234.00467999999998,30.79834327646318
2342,234.104682,30.53817842464939
2343,234.20468400000001,30.938483215277127
2344,234.304686,30.76901545013669
2345,234.404688,30.44922157418978
2346,234.50469,30.877054225255506
2347,234.604692,30.579636669369133
2348,234.70469400000002,30.933315842302353
2349,234.804696,30.77364802456009
2350,234.904698,30.840892409961533
2351,235.0047,30.957630434943717
2352,235.10470200000003,31.061786422126552
2353,235.204704,30.63516054726822
2354,235.304706,30.65705548221323
2355,235.404708,30.588509018669
2356,235.50471,31.06182199833145
2357,235.604712,31.24407072786358
2358,235.704714,31.184886462660046
2359,235.804716,31.041160941862834
2360,235.904718,30.803066624537596
2361,236.00472,30.89664169351159
2362,236.104722,31.119868660202425
2363,236.20472400000003,31.097928960922328
2364,236.304726,30.71300631986192
2365,236.404728,30.65818677547841
2366,236.50473000000002,30.881023579759454
2367,236.604732,30.837718851829397
2368,236.704734,30.706646373997376
2369,236.804736,30.72948514825302
2370,236.904738,30.534341977463093
2371,237.00474,30.95656391197474
2372,237.104742,30.972111544573895
2373,237.204744,31.194280048439317
2374,237.30474600000002,31.090909673525672
2375,237.40474799999998,31.09074033105088
2376,237.50475,31.038006022811768
2377,237.60475200000002,31.494117570832504
2378,237.704754,31.00774864393131
2379,237.804756,31.071449815256017
2380,237.90475800000002,31.185726773576956
2381,238.00476,31.644414335608374
2382,238.10476200000002,31.260763042865396
2383,238.20476399999998,31.62273000138518
2384,238.304766,31.391320373029338
2385,238.40476800000002,31.092239311494982
2386,238.50477,30.935366094912144
2387,238.604772,31.286924183177433
2388,238.70477400000001,31.63639868343274
2389,238.804776,32.16235181008103
2390,238.904778,31.842014134928366
2391,239.00478,31.882036022162882
2392,239.104782,31.623400911829332
2393,239.20478400000002,31.04392361692505
2394,239.30478599999998,31.012844949734784
2395,239.404788,31.09212150065512
2396,239.50479,30.798387539437414
2397,239.604792,30.792558897911828
2398,239.704794,30.852035221731548
2399,239.804796,31.05004977633196
2400,239.904798,31.022220223661954
2401,240.00480000000002,30.910052770907207
2402,240.104802,30.9403226036104
2403,240.204804,31.237834877182866
2404,240.304806,31.23397164859083
2405,240.40480800000003,31.039378936522283
2406,240.50481,31.131077003627414
2407,240.604812,31.433505576673205
2408,240.704814,30.866959904031653
2409,240.804816,30.76334787386188
2410,240.904818,30.55710586681377
2411,241.00482,30.643606670031918
2412,241.104822,30.380179024050477
2413,241.204824,30.4481153073964
2414,241.304826,30.310997431519482
2415,241.404828,30.479478936938953
2416,241.50483000000003,30.55345573203953
2417,241.604832,30.68175629946816
2418,241.704834,30.02283092942496
2419,241.80483600000002,30.353102480848275
2420,241.904838,30.420527459492945
2421,242.00484,30.68835822028987
2422,242.104842,30.70099271992312
2423,242.204844,30.58247299100069
2424,242.30484600000003,31.234018519941454
2425,242.404848,30.727472526731457
2426,242.50485,31.316056461612394
2427,242.60485200000002,31.378730942142717
2428,242.70485399999998,31.497516151008295
2429,242.804856,31.176381655613778
2430,242.90485800000002,31.092663367564388
2431,243.00486,30.8871953259219
2432,243.104862,30.648795716260302
2433,243.20486400000001,30.575318596106918
2434,243.304866,30.882179014088468
2435,243.40486800000002,30.86058169905509
2436,243.50486999999998,30.962212128699917
2437,243.604872,30.453046189229696
2438,243.70487400000002,31.28972399076144
2439,243.804876,31.38274653273707
2440,243.904878,31.411010270405615
2441,244.00488,31.679713017366566
2442,244.104882,31.82014799761677
2443,244.204884,31.577065557902532
2444,244.304886,31.973352017640305
2445,244.404888,31.395907602928833
2446,244.50489000000002,31.288254926061157
2447,244.604892,31.249442076710057
2448,244.704894,31.24712766507027
2449,244.804896,30.82974286197589
2450,244.904898,30.715870809460956
2451,245.0049,30.423739324513168
2452,245.104902,30.62467581614015
2453,245.204904,31.21898482907452
2454,245.30490600000002,30.571498261757316
2455,245.404908,30.735896987551207
2456,245.50491,30.29751346851157
2457,245.604912,30.348442496652428
2458,245.70491400000003,30.586510335933383
2459,245.804916,30.174649038716883
2460,245.904918,30.34521987285127
2461,246.00492000000003,30.582214844201737
2462,246.104922,30.681966228056545
2463,246.204924,30.374796234770322
2464,246.304926,30.32233378198094
2465,246.404928,30.627919671627147
2466,246.50493,30.35807941537882
2467,246.604932,30.085530674023232
2468,246.704934,30.01410136119997
2469,246.80493600000003,30.059398568594276
2470,246.904938,30.2535536792647
2471,247.00494,29.995112771163562
2472,247.10494200000002,29.843639124618324
2473,247.204944,30.04119561551367
2474,247.304946,29.764243604460077
2475,247.404948,30.075476542312778
2476,247.50495,30.472084207408507
2477,247.60495200000003,30.735793706291627
2478,247.704954,30.55845178377902
2479,247.804956,30.58234038109474
2480,247.90495800000002,31.009085379577286
2481,248.00495999999998,31.070210817312773
2482,248.104962,31.46184643180936
2483,248.20496400000002,31.15549907699161
2484,248.304966,31.71111964848477
2485,248.404968,31.71042692868979
2486,248.50497000000001,31.284442907928618
2487,248.604972,31.61724603110351
2488,248.70497400000002,31.421609301655316
2489,248.80497599999998,31.786291418500188
2490,248.904978,31.64280493018987
2491,249.00498000000002,31.639148692499774
2492,249.104982,31.474548274036007
2493,249.204984,31.267860897809513
2494,249.304986,31.397095611879937
2495,249.404988,31.441842312423507
2496,249.50499,31.64921950185548
2497,249.604992,31.134172630422874
2498,249.704994,30.914808950862966
2499,249.80499600000002,30.79280274204579
2500,249.904998,30.621154537600994
2501,250.005,30.887284626337298
2502,250.105002,30.996676137257346
2503,250.205004,30.904834914690348
2504,250.305006,31.400885754368012
2505,250.405008,31.5109874875925
2506,250.50501,31.156781664081635
2507,250.60501200000002,31.166247299037533
2508,250.705014,30.883602444708252
2509,250.805016,31.478176589733444
2510,250.905018,31.7274417239336
2511,251.00502000000003,31.174138785509495
2512,251.105022,31.860565218223122
2513,251.205024,31.52690029502256
2514,251.30502600000003,31.673056990363072
2515,251.405028,31.41528709712441
2516,251.50503,31.414079481657453
2517,251.605032,31.164580341192917
2518,251.705034,31.969004902586345
2519,251.805036,31.186575541731024
2520,251.905038,31.995825061858003
2521,252.00504,32.02205749812276
2522,252.10504200000003,31.848538171978703
2523,252.205044,32.03592957597553
2524,252.305046,31.95653332032297
2525,252.40504800000002,32.10062432049366
2526,252.50505,31.522813531220617
2527,252.605052,32.17905854378565
2528,252.705054,31.301902329553727
2529,252.805056,31.6161105014171
2530,252.90505800000003,31.823646442110523
2531,253.00506,31.276235681043016
2532,253.105062,32.04608956715475
2533,253.20506400000002,32.045141227457684
2534,253.30506599999998,31.739613340919018
2535,253.405068,31.66059601691684
2536,253.50507000000002,31.97863384471584
2537,253.605072,31.514790629084118
2538,253.705074,31.389070997628878
2539,253.805076,31.500483027711148
2540,253.905078,31.392604327241877
2541,254.00508000000002,31.76674037601902
2542,254.10508199999998,31.585416608389277
2543,254.205084,31.412316138326172
2544,254.30508600000002,31.58737830257738
2545,254.405088,32.08346629355986
2546,254.50509,32.25205761914982
2547,254.605092,32.024766872689646
2548,254.705094,31.928060289708363
2549,254.80509600000002,32.04377814531054
2550,254.905098,31.789520755466164
2551,255.0051,31.905401297399717
2552,255.10510200000002,31.73008634181941
2553,255.205104,31.971103936140086
2554,255.305106,31.705079802060325
2555,255.405108,31.629206206820616
2556,255.50511,31.689057938525043
2557,255.605112,31.918673024771827
2558,255.705114,32.334204442518406
2559,255.805116,31.752094431809194
2560,255.90511800000002,31.8305781512112
2561,256.00512,31.710281756852037
2562,256.105122,31.673185360955284
2563,256.205124,31.85177144075665
2564,256.30512600000003,31.401252777890697
2565,256.405128,31.605662299675124
2566,256.50513,31.234381455295903
2567,256.605132,31.32483455668787
2568,256.705134,31.199891169896183
2569,256.805136,31.454129802452258
2570,256.905138,31.05803097475654
2571,257.00514000000004,31.185600707457432
2572,257.105142,31.24457682876434
2573,257.205144,31.520054435315085
2574,257.30514600000004,31.03682171664003
2575,257.405148,30.932092154327542
2576,257.50515,31.89894609680211
2577,257.605152,31.393323111886705
2578,257.705154,31.187893174244138
2579,257.805156,31.48872975842644
2580,257.905158,31.704530434531637
2581,258.00516,31.594830432732383
2582,258.105162,31.58151367386162
2583,258.205164,31.807716561301028
2584,258.305166,31.498854358036535
2585,258.405168,31.323110948408882
2586,258.50517,31.255357353205078
2587,258.605172,31.196768448822922
2588,258.705174,31.10065937346333
2589,258.805176,31.6796372032932
2590,258.90517800000003,31.358875603140802
2591,259.00518,31.88929958758135
2592,259.105182,30.98733318662192
2593,259.20518400000003,31.37987865143474
2594,259.305186,31.227064134924383
2595,259.405188,30.801713415903098
2596,259.50519,31.17613376061102
2597,259.605192,31.0700199040671
2598,259.705194,30.982520608708526
2599,259.805196,31.268208988103403
2600,259.905198,31.71866208608074
2601,260.0052,31.245440936074072
2602,260.105202,30.92531994231397
2603,260.205204,30.827884537120084
2604,260.305206,30.711831454299574
2605,260.405208,31.081832814453854
2606,260.50521,31.253006334321856
2607,260.605212,31.517531736820526
2608,260.705214,31.565417248520813
2609,260.80521600000003,31.791849665638505
2610,260.905218,31.766401712718384
2611,261.00522,32.29152298674061
2612,261.105222,31.883096747422513
2613,261.20522400000004,31.268808234442503
2614,261.305226,31.346306611965865
2615,261.405228,31.045499258265632
2616,261.50523,31.2024919496341
2617,261.605232,30.96043001056356
2618,261.705234,30.855087596604605
2619,261.805236,31.010032351248945
2620,261.905238,31.12498219632826
2621,262.00524,31.45666402821214
2622,262.105242,30.623969982070534
2623,262.205244,30.947862547451223
2624,262.305246,31.28246393445472
2625,262.40524800000003,31.796692429808857
2626,262.50525,31.708851419529736
2627,262.60525199999995,31.908853143920233
2628,262.705254,31.34675986610282
2629,262.805256,31.288736722901803
2630,262.905258,31.45815717293706
2631,263.00526,31.043417596373292
2632,263.105262,31.50430700140426
2633,263.205264,31.03680564995288
2634,263.305266,31.205800909933846
2635,263.405268,31.541399143165034
2636,263.50527,31.72751110924209
2637,263.605272,32.031923941678805
2638,263.70527400000003,31.583474874232817
2639,263.805276,32.01578621450542
2640,263.905278,31.690346815626754
2641,264.00528,31.30121610639809
2642,264.105282,30.97184576762339
2643,264.205284,30.70722449723952
2644,264.305286,30.994654492606003
2645,264.405288,31.126412786735372
2646,264.50529,31.915195962827656
2647,264.605292,32.04960716387016
2648,264.705294,32.30512802670925
2649,264.80529600000006,31.744715881352228
2650,264.905298,31.01342194411195
2651,265.0053,31.609281821626944
2652,265.10530200000005,31.742918197467528
2653,265.205304,32.14495958947906
2654,265.305306,32.254648020037514
2655,265.405308,31.45375353800156
2656,265.50531,31.46984119382534
2657,265.605312,31.46436597661578
2658,265.705314,31.411306255543852
2659,265.805316,31.819004373720972
2660,265.905318,31.767078443957143
2661,266.00532,31.26871000942896
2662,266.105322,30.96469388598663
2663,266.205324,30.89506442432959
2664,266.305326,31.350658050622325
2665,266.405328,31.701505332779483
2666,266.50533,31.415817249166906
2667,266.605332,31.502494976315653
2668,266.70533400000005,31.81363822263533
2669,266.805336,32.1572830370832
2670,266.905338,32.237493779071414
2671,267.00534000000005,32.177867943942694
2672,267.105342,32.383730856283954
2673,267.20534399999997,32.04655463287962
2674,267.30534600000004,31.701679474243285
2675,267.405348,32.08707709479549
2676,267.50534999999996,32.10945584639355
2677,267.60535200000004,31.976885405410634
2678,267.705354,32.459232756355036
2679,267.805356,32.30785308140638
2680,267.90535800000004,31.911374246490837
2681,268.00536,32.394893740971554
2682,268.105362,32.102002805737946
2683,268.205364,31.748460677269705
2684,268.305366,31.343710614716638
2685,268.405368,31.734587433889374
2686,268.50536999999997,31.142427004023585
2687,268.60537200000005,31.22413148727385
2688,268.705374,30.873858619696176
2689,268.80537599999997,31.37816890182299
2690,268.90537800000004,31.69100080731198
2691,269.00538,31.806351904057788
2692,269.10538199999996,31.726386736755025
2693,269.20538400000004,32.29011672261605
2694,269.305386,32.0907887729424
2695,269.40538799999996,31.953621562974302
2696,269.50539000000003,32.23871645432416
2697,269.605392,32.00117018746173
2698,269.705394,31.819546906509732
2699,269.80539600000003,31.426825204303476
2700,269.905398,31.725684420809266
2701,270.0054,32.39122255261496
2702,270.105402,32.075100043768124
2703,270.205404,31.707008160574503
2704,270.305406,31.562506079566113
2705,270.405408,30.978436860865717
2706,270.50541000000004,31.686627286595463
2707,270.605412,31.141673982306905
2708,270.70541399999996,31.9522875163312
2709,270.80541600000004,31.93668523545555
2710,270.905418,31.688645337962107
2711,271.00541999999996,32.09492414099624
2712,271.10542200000003,31.36562264644974
2713,271.205424,31.284012466978226
2714,271.30542599999995,31.599686287746376
2715,271.40542800000003,31.613013191198416
2716,271.50543,31.578951170473914
2717,271.605432,31.382296718491546
2718,271.705434,31.41811434835236
2719,271.805436,31.645292700996098
2720,271.905438,31.62258363105595
2721,272.00544,31.268364269462744
2722,272.105442,32.39317385730913
2723,272.205444,30.833479313587386
2724,272.305446,30.953593236133667
2725,272.40544800000004,31.33609990822274
2726,272.50545,31.854525835432952
2727,272.605452,32.0300663778028
2728,272.70545400000003,31.839585531287064
2729,272.805456,31.862230114669636
2730,272.905458,32.04512415805549
2731,273.00546,32.210011489600255
2732,273.105462,32.2530565237825
2733,273.205464,31.723087377187642
2734,273.305466,31.881664887676457
2735,273.405468,31.646553889118778
2736,273.50547,32.605256518772
2737,273.605472,31.846455729465028
2738,273.705474,31.989340859927847
2739,273.805476,31.459804320900457
2740,273.905478,31.644642538270258
2741,274.00548,32.05315208479514
2742,274.105482,31.675413506090507
2743,274.205484,32.01158365067941
2744,274.30548600000003,31.799397054670113
2745,274.405488,31.740926129532152
2746,274.50549,31.67445543363958
2747,274.605492,31.845997922280585
2748,274.705494,30.809527645014303
2749,274.805496,30.903535825931137
2750,274.905498,30.915331085090273
2751,275.0055,31.023104837377787
2752,275.105502,31.090303211129516
2753,275.205504,31.60514668683744
2754,275.305506,31.36837468945212
2755,275.40550800000005,31.612929885544297
2756,275.50551,31.398816976957942
2757,275.605512,32.01518728282697
2758,275.70551400000005,32.1693686824069
2759,275.805516,32.327372582646596
2760,275.905518,32.01269907754926
2761,276.00552000000005,32.20494224811559
2762,276.105522,32.39725886401675
2763,276.205524,32.01589025404952
2764,276.305526,31.98644971798136
2765,276.405528,32.45071586563315
2766,276.50553,31.728877903218123
2767,276.605532,31.774550174172102
2768,276.705534,31.64422299288368
2769,276.805536,32.01107531422426
2770,276.905538,32.13783474205753
2771,277.00554,31.966499298036954
2772,277.105542,31.835918479581693
2773,277.205544,31.27547951459435
2774,277.30554600000005,31.367904629589024
2775,277.405548,31.204803891790114
2776,277.50554999999997,31.903100759278605
2777,277.60555200000005,31.547568682151965
2778,277.705554,31.26796348818635
2779,277.80555599999997,31.16052204069754
2780,277.90555800000004,31.25061108787131
2781,278.00556,31.04975911004296
2782,278.105562,31.129897577107055
2783,278.20556400000004,31.264058151076757
2784,278.305566,31.396475259382644
2785,278.405568,31.632845226314533
2786,278.50557000000003,30.739996056693755
2787,278.605572,31.558597362541104
2788,278.705574,31.355725954156288
2789,278.805576,31.44974391041054
2790,278.905578,31.49322259244874
2791,279.00558,31.60280256874314
2792,279.10558199999997,31.945257548016848
2793,279.20558400000004,30.833138850707627
2794,279.305586,31.09147948976764
2795,279.40558799999997,31.51773719908829
2796,279.50559000000004,31.399061433659487
2797,279.605592,31.552019914633668
2798,279.70559399999996,30.9617757806682
2799,279.80559600000004,30.862595039248685
2800,279.905598,30.677275724172297
2801,280.0056,30.741648287808893
2802,280.10560200000003,30.81991054574258
2803,280.205604,30.655103198110194
2804,280.305606,30.904553274270352
2805,280.40560800000003,31.340634475097353
2806,280.50561,31.000390590207406
2807,280.605612,30.99117876241264
2808,280.705614,31.509155849784896
2809,280.805616,30.967591015066258
2810,280.905618,30.645429719845634
2811,281.00562,30.69096008089946
2812,281.10562200000004,30.53103330370899
2813,281.205624,31.082947103279967
2814,281.30562599999996,31.057613239250358
2815,281.40562800000004,30.72825680346638
2816,281.50563,30.725131475888823
2817,281.60563199999996,31.180501756098497
2818,281.70563400000003,31.448954568607064
2819,281.805636,31.525715917976456
2820,281.90563799999995,31.775290446091745
2821,282.00564,31.993819431494686
2822,282.105642,31.432843518717043
2823,282.205644,31.43492337455332
2824,282.305646,31.176573550819125
2825,282.405648,31.202364269985424
2826,282.50565,31.089980013279312
2827,282.605652,31.5184238792983
2828,282.705654,31.427600143737557
2829,282.805656,31.257678877157733
2830,282.905658,31.761464137289863
2831,283.00566000000003,32.2884059402467
2832,283.105662,31.764379140141575
2833,283.205664,31.341128380019203
2834,283.30566600000003,31.611467568217286
2835,283.405668,31.481646101099706
2836,283.50567,31.127871147482956
2837,283.605672,30.929423280021034
2838,283.705674,31.568415953739112
2839,283.805676,31.327294886990405
2840,283.905678,31.27456015086489
2841,284.00568,31.451698667886383
2842,284.105682,31.261234052025
2843,284.205684,30.750544788039747
2844,284.305686,30.77305943450712
2845,284.405688,31.460202932527828
2846,284.50569,31.657096781295788
2847,284.605692,31.71837608958171
2848,284.705694,30.826703810550384
2849,284.805696,31.072033880946996
2850,284.90569800000003,31.506580053991314
2851,285.0057,31.265920516400126
2852,285.105702,31.529299943567246
2853,285.205704,31.017516171646836
2854,285.305706,30.83148350501474
2855,285.405708,31.211081209908585
2856,285.50571,31.27316735787497
2857,285.605712,31.272685714952893
2858,285.705714,31.312083705957658
2859,285.805716,32.04036379700746
2860,285.905718,31.91941176598156
2861,286.00572000000005,32.105078525231654
2862,286.105722,31.711349040317803
2863,286.205724,31.799624850524314
2864,286.30572600000005,31.556944057811638
2865,286.405728,31.44160131915355
2866,286.50572999999997,31.528753864814032
2867,286.60573200000005,32.18891860005068
2868,286.705734,31.95494120887645
2869,286.805736,31.840318687904478
2870,286.905738,31.904436354603142
2871,287.00574,32.244840893498704
2872,287.105742,31.732840497032754
2873,287.205744,31.64829359132672
2874,287.305746,31.92249800194427
2875,287.405748,31.16850414308295
2876,287.50575,31.61934406962225
2877,287.605752,31.402230118774064
2878,287.705754,31.403001725377646
2879,287.805756,31.74949224638336
2880,287.90575800000005,31.26067236830844
2881,288.00576,31.22873259095907
2882,288.10576199999997,31.214376024078593
2883,288.20576400000004,31.51487077297048
2884,288.305766,31.367342778163277
2885,288.40576799999997,32.20623896660478
2886,288.50577000000004,32.631102010086835
2887,288.605772,31.591676167081577
2888,288.705774,31.639648408200582
2889,288.80577600000004,31.42813431487033
2890,288.905778,31.870722673125066
2891,289.00578,31.64900362672787
2892,289.10578200000003,31.910700243203447
2893,289.205784,31.90017338797645
2894,289.305786,31.946176081258397
2895,289.405788,31.835147483296222
2896,289.50579,31.904191610466988
2897,289.605792,31.312693949645524
2898,289.70579399999997,31.22997859395995
2899,289.80579600000004,30.929965183680647
2900,289.905798,31.688224946596332
2901,290.00579999999997,31.36426745298404
2902,290.10580200000004,31.203716066712346
2903,290.205804,31.752459040097357
2904,290.30580599999996,31.55487341251109
2905,290.40580800000004,31.325837622289402
2906,290.50581,31.236619525034556
2907,290.605812,31.3123419962292
2908,290.70581400000003,31.642818120926105
2909,290.805816,32.11250079722762
2910,290.905818,32.38740428141861
2911,291.00582,31.877548828614824
2912,291.105822,32.077920853405274
2913,291.205824,32.16043766151155
2914,291.305826,32.144474798617935
2915,291.405828,32.66227627376135
2916,291.50583,32.064450321631995
2917,291.605832,32.55840187685892
2918,291.70583400000004,31.80338120967194
2919,291.805836,31.81497967475182
2920,291.905838,31.561371944342746
2921,292.00584000000003,31.729765376956856
2922,292.105842,31.232067097970564
2923,292.20584399999996,31.46049040705113
2924,292.30584600000003,31.15925676827853
2925,292.405848,30.804675730005926
2926,292.50585,30.822220661171105
2927,292.605852,30.965233444397587
2928,292.705854,31.348910246337006
2929,292.805856,30.994563992161435
2930,292.905858,30.869491568699146
2931,293.00586,31.225124026857777
2932,293.105862,31.29000774905781
2933,293.205864,31.6797757721779
2934,293.305866,31.57111216166832
2935,293.405868,31.142556613111207
2936,293.50587,31.589987353326354
2937,293.60587200000003,31.58030668604299
2938,293.705874,30.911336685638666
2939,293.805876,31.315261981172494
2940,293.90587800000003,30.9511762478555
2941,294.00588,31.046820379560984
2942,294.105882,31.394911531188818
2943,294.205884,31.615029364265425
2944,294.305886,31.163855452938183
2945,294.405888,31.034089572777816
2946,294.50589,31.308025946140372
2947,294.605892,31.290824850180616
2948,294.70589400000006,31.35360687465407
2949,294.805896,31.725877233760915
2950,294.905898,31.968411171812033
2951,295.0059,32.16891652186319
2952,295.105902,31.782698063393596
2953,295.205904,31.674257417904464
2954,295.305906,31.990050120380914
2955,295.405908,32.695235033439594
2956,295.50591000000003,32.34472011730858
2957,295.605912,32.0589852754599
2958,295.705914,32.286116793447995
2959,295.805916,32.224418792022405
2960,295.905918,32.08832536598743
2961,296.00592,31.207400513822606
2962,296.105922,31.04366807667148
2963,296.205924,32.05522453102126
2964,296.305926,31.98232697213467
2965,296.405928,31.84344698913805
2966,296.50593,32.08952923864318
2967,296.60593200000005,32.47279177155694
2968,296.705934,32.254904274470555
2969,296.805936,32.12717922106987
2970,296.90593800000005,32.56368750004655
2971,297.00594,32.013456523870545
2972,297.10594199999997,31.855769169038325
2973,297.20594400000004,31.936510064618492
2974,297.305946,32.35465707434917
2975,297.405948,32.36157352098874
2976,297.50595,32.02103983218589
2977,297.605952,32.246166291106825
2978,297.705954,31.90363303829217
2979,297.805956,31.623901991155005
2980,297.905958,31.866561083075414
2981,298.00596,31.449052416479535
2982,298.105962,31.707231933669465
2983,298.205964,31.32085689150952
2984,298.305966,31.600276475370446
2985,298.405968,31.7679975027234
2986,298.50597000000005,31.669327926900745
2987,298.605972,31.483294633895984
2988,298.70597399999997,31.602496239171895
2989,298.80597600000004,31.811763426848394
2990,298.905978,31.618881254083465
2991,299.00597999999997,30.878210158785667
2992,299.10598200000004,31.200949981705378
2993,299.205984,30.948797046873405
2994,299.305986,31.320402103881325
2995,299.40598800000004,31.478409370996093
2996,299.50599,30.991860368445323
2997,299.605992,31.679354225349474
2998,299.70599400000003,31.59736767674115
2999,299.805996,31.72946477553676
3000,299.905998,31.917140570264678
3001,300.006,31.954662505669383
3002,300.106002,30.931368268351992
3003,300.206004,31.224414243555
3004,300.30600599999997,31.51664956217991
3005,300.40600800000004,31.55659072615798
3006,300.50601,31.46957916986087
3007,300.60601199999996,31.743680344685398
3008,300.70601400000004,31.863944788467716
3009,300.806016,31.192199785706364
3010,300.90601799999996,30.93786987194769
3011,301.00602000000003,31.05276719147011
3012,301.106022,30.750050059275672
3013,301.206024,30.592891237062076
3014,301.30602600000003,31.067098991688137
3015,301.406028,31.326933477811256
3016,301.50603,31.643375539872018
3017,301.606032,31.442662326314924
3018,301.706034,31.23625253028037
3019,301.806036,31.125484913877617
3020,301.906038,31.620580869527476
3021,302.00604,32.048036572569735
3022,302.106042,32.007300178332855
3023,302.206044,32.68656658873355
3024,302.30604600000004,32.486365759036715
3025,302.406048,31.921613514724218
3026,302.50605,31.980823418108784
3027,302.60605200000003,31.97195900477084
3028,302.706054,31.674106775985507
3029,302.80605599999996,31.826324988435413
3030,302.90605800000003,31.813283205664547
3031,303.00606,31.496917276185552
3032,303.106062,31.596021352805593
3033,303.206064,31.374623871290517
3034,303.306066,31.551213578515192
3035,303.406068,31.435499956992366
3036,303.50607,31.263928991722157
3037,303.606072,31.293613318621844
3038,303.706074,31.151916218213547
3039,303.806076,31.167297648510026
3040,303.906078,31.63014942299064
3041,304.00608,31.52965433028154
3042,304.106082,31.874209700328375
3043,304.20608400000003,31.929815565192317
3044,304.306086,31.756673168682152
3045,304.406088,31.708634587008312
3046,304.50609000000003,31.23331676202441
3047,304.606092,31.17989560929593
3048,304.706094,31.106134561578866
3049,304.806096,31.560847874348767
3050,304.906098,32.10105151754796
3051,305.00610000000006,31.917058623080223
3052,305.106102,31.402941025441127
3053,305.206104,31.07316829564413
3054,305.30610600000006,31.78326441088832
3055,305.406108,32.259362631096366
3056,305.50611,32.03434579029636
3057,305.606112,32.005550507966284
3058,305.706114,31.64387435662252
3059,305.806116,31.60817135306055
3060,305.906118,31.63059629502077
3061,306.00612,31.477801970665464
3062,306.106122,31.419186242055073
3063,306.206124,31.886001626678397
3064,306.306126,32.39834206864122
3065,306.406128,32.406938502142715
3066,306.50613,32.24709794334179
3067,306.606132,32.47498502216458
3068,306.706134,32.44163433543737
3069,306.806136,32.437848158213185
3070,306.90613800000006,32.30525078589608
3071,307.00614,32.30060987535128
3072,307.106142,32.38044324265919
3073,307.20614400000005,32.344057388423664
3074,307.306146,31.90777862060757
3075,307.406148,32.403578592613925
3076,307.50615000000005,31.954360373586237
3077,307.606152,32.34669587090153
3078,307.70615399999997,32.23306636073725
3079,307.80615600000004,31.985310753823992
3080,307.906158,31.567961308213658
3081,308.00616,31.500218904035513
3082,308.106162,31.816850311509317
3083,308.206164,32.14776492372288
3084,308.306166,32.05426912115278
3085,308.406168,31.52538257402761
3086,308.50617,31.60171988473297
3087,308.606172,31.201388585304684
3088,308.706174,31.558047072712164
3089,308.806176,31.82040264426179
3090,308.906178,31.580896892474204
3091,309.00618,31.539975872705188
3092,309.10618200000005,31.79378079843459
3093,309.206184,32.03459674640614
3094,309.30618599999997,31.60356451930806
3095,309.40618800000004,31.866559019616098
3096,309.50619,31.999932434696625
3097,309.60619199999996,31.73046870652499
3098,309.70619400000004,32.055901612646025
3099,309.806196,32.380133760971745
3100,309.906198,32.30488721168395
3101,310.00620000000004,32.08044966652135
3102,310.106202,32.693723401419696
3103,310.206204,32.11152852408289
3104,310.30620600000003,32.09783753208143
3105,310.406208,32.361747223558694
3106,310.50621,32.13296320944426
3107,310.606212,32.469627903133485
3108,310.706214,31.9689545417514
3109,310.806216,31.90888509605421
3110,310.90621799999997,31.85200852885601
3111,311.00622000000004,31.665472219506327
3112,311.106222,32.33379956542792
3113,311.20622399999996,32.38397051696815
3114,311.30622600000004,31.627981741481026
3115,311.406228,31.83088041846615
3116,311.50622999999996,31.463255292328753
3117,311.60623200000003,31.339591594576692
3118,311.706234,31.11274716369353
3119,311.806236,31.40898192951265
3120,311.90623800000003,31.310489225772066
3121,312.00624,31.44929452211016
3122,312.106242,31.74213405075079
3123,312.206244,32.231515094539006
3124,312.306246,32.068575025437056
3125,312.406248,31.916403929460348
3126,312.50625,31.844932421012974
3127,312.606252,32.189941198319026
3128,312.706254,31.92749440210166
3129,312.806256,31.884655527213834
3130,312.90625800000004,32.20690663258154
3131,313.00626,32.23901271846869
3132,313.106262,31.947852324155583
3133,313.20626400000003,32.29299985125864
3134,313.306266,32.14413942179186
3135,313.40626799999995,32.07376278251666
3136,313.50627000000003,32.05889130802061
3137,313.606272,31.792876738123848
3138,313.706274,31.28708453584551
3139,313.806276,31.292092759985998
3140,313.906278,30.83383043936121
3141,314.00628,31.113841500592216
3142,314.106282,31.259019029356594
3143,314.206284,31.30036216038151
3144,314.306286,31.39023487844773
3145,314.406288,31.640782072018478
3146,314.50629,31.549856464376454
3147,314.606292,30.98719322185352
3148,314.706294,30.987761720642407
3149,314.80629600000003,30.944360191360815
3150,314.906298,30.676070807633934
3151,315.0063,30.536329605466573
3152,315.106302,30.629850171776994
3153,315.206304,31.011533948966395
3154,315.306306,31.173599846248425
3155,315.406308,31.228331415141373
3156,315.50631,31.637210812907213
3157,315.60631200000006,31.68564481149941
3158,315.706314,31.216671304417666
3159,315.806316,31.542556316521235
3160,315.90631800000006,31.74491689591736
3161,316.00632,31.36693933137915
3162,316.106322,31.320521281780962
3163,316.206324,31.536386556164818
3164,316.306326,31.297168274322498
3165,316.406328,31.450370577562794
3166,316.50633,31.957321994003514
3167,316.606332,32.1103171633263
3168,316.706334,32.10015124645844
3169,316.806336,31.811862410277406
3170,316.906338,31.919318539217883
3171,317.00634,32.067734413858545
3172,317.106342,31.486962874226435
3173,317.206344,31.545141855918473
3174,317.306346,31.534350569604467
3175,317.406348,31.59376985444339
3176,317.50635000000005,31.144946644838924
3177,317.606352,31.54041089277557
3178,317.706354,31.77038135512843
3179,317.80635600000005,31.96884827916676
3180,317.906358,31.7389988003591
3181,318.00636,31.728126850910503
3182,318.10636200000005,31.867071859914155
3183,318.206364,31.790189947105493
3184,318.30636599999997,32.180045568343445
3185,318.40636800000004,31.77824089702918
3186,318.50637,31.868784930420766
3187,318.606372,31.28409595600615
3188,318.706374,30.90800992910104
3189,318.806376,31.439567076127595
3190,318.906378,31.63742917702097
3191,319.00638,32.15119951419699
3192,319.106382,31.179636238750103
3193,319.206384,31.924261436707262
3194,319.306386,31.59105655762026
3195,319.40638800000005,31.476690298533143
3196,319.50639,31.76365025600011
3197,319.60639199999997,32.13123257783559
3198,319.70639400000005,32.436575257598484
3199,319.806396,32.437956981895276
3200,319.90639799999997,31.81958456246642
3201,320.00640000000004,31.845567213044934
3202,320.106402,31.123888289818826
3203,320.20640399999996,31.73006203051801
3204,320.30640600000004,31.75999381162045
3205,320.406408,31.475818684193957
3206,320.50641,31.043608514622004
3207,320.60641200000003,30.81173840380069
3208,320.706414,30.630733671776166
3209,320.806416,30.66899979429309
3210,320.90641800000003,30.830378387227245
3211,321.00642,30.736436343165714
3212,321.106422,30.55621664835568
3213,321.206424,31.02170873691248
3214,321.306426,30.876646502679765
3215,321.406428,30.748987220997677
3216,321.50642999999997,30.995873206193814
3217,321.60643200000004,31.07662073447519
3218,321.706434,31.15132052974735
3219,321.80643599999996,31.630736042890753
3220,321.90643800000004,31.66465556753361
3221,322.00644,31.42766398251812
3222,322.10644199999996,31.137307989309534
3223,322.20644400000003,31.09744782654744
3224,322.306446,31.053435120591825
3225,322.406448,30.948363132282264
3226,322.50645000000003,31.25804091394888
3227,322.606452,31.429120009394488
3228,322.706454,31.28176323409968
3229,322.806456,31.31149532378038
3230,322.906458,31.21553974873421
3231,323.00646,31.17465152745732
3232,323.106462,31.517536491318126
3233,323.206464,31.647188551451187
3234,323.306466,31.72946526558873
3235,323.406468,31.801107583708973
3236,323.50647000000004,31.721275078661584
3237,323.606472,30.89922451431887
3238,323.706474,31.312739916147695
3239,323.80647600000003,31.552493833398877
3240,323.906478,31.999062270898044
3241,324.00647999999995,31.507284043144484
3242,324.106482,31.652241517759286
3243,324.206484,31.97791177298954
3244,324.306486,31.77535917179358
3245,324.406488,31.68803390680418
3246,324.50649,31.436055175911644
3247,324.606492,31.63509078530822
3248,324.706494,31.56960554081798
3249,324.806496,31.644600564063857
3250,324.906498,31.694121150284783
3251,325.0065,32.229864754986664
3252,325.106502,31.64913231043977
3253,325.206504,31.71329015926424
3254,325.306506,31.87904913621759
3255,325.40650800000003,31.717885285306508
3256,325.50651,31.662042860285315
3257,325.606512,31.807366111549534
3258,325.706514,31.165382024551725
3259,325.806516,31.287070346465278
3260,325.906518,31.16013159836661
3261,326.00652,31.099870753924904
3262,326.106522,31.196862876014066
3263,326.20652400000006,31.19040106529391
3264,326.306526,30.98663268039582
3265,326.406528,31.26624743598967
3266,326.50653000000005,31.022756694446443
3267,326.606532,30.860130839358927
3268,326.706534,31.690688925765652
3269,326.806536,31.634881682106688
3270,326.906538,31.28101195098131
3271,327.00654,31.060567436246735
3272,327.106542,31.47573454939975
3273,327.206544,31.8822632402323
3274,327.306546,31.688920257090626
3275,327.406548,31.30300375025352
3276,327.50655,31.227875520414777
3277,327.606552,31.2178703458763
3278,327.706554,31.915724462340666
3279,327.806556,31.94023354368449
3280,327.906558,32.23506255307081
3281,328.00656,32.52408651359218
3282,328.10656200000005,31.916118891700687
3283,328.206564,31.414658325386085
3284,328.306566,31.529913429484168
3285,328.40656800000005,31.344690557801286
3286,328.50657,31.777971878850295
3287,328.60657199999997,31.645709121655152
3288,328.70657400000005,32.0114958811896
3289,328.806576,32.0760548150388
3290,328.90657799999997,32.03042300397071
3291,329.00658000000004,32.042332977865435
3292,329.106582,31.87432644607562
3293,329.206584,31.230598584319395
3294,329.30658600000004,31.232500562727328
3295,329.406588,30.99662110707428
3296,329.50659,31.340873906158
3297,329.606592,31.882998830707717
3298,329.706594,32.336533883580444
3299,329.806596,32.24271864773841
3300,329.906598,32.04644960022083
3301,330.00660000000005,31.48373355441033
3302,330.106602,31.456750555357708
3303,330.20660399999997,31.22130877454139
3304,330.30660600000004,31.19755346535202
3305,330.406608,31.121324560062227
3306,330.50660999999997,31.5693009089741
3307,330.60661200000004,31.665452734445367
3308,330.706614,31.641380647465642
3309,330.80661599999996,31.60468684770956
3310,330.90661800000004,31.67433170036982
3311,331.00662,31.957539708783028
3312,331.106622,31.522165753741895
3313,331.20662400000003,31.47618803345001
3314,331.306626,31.265436364118028
3315,331.406628,31.393446808915286
3316,331.50663000000003,31.65857210511344
3317,331.606632,31.82164440940469
3318,331.706634,31.641372234593444
3319,331.806636,31.484952849835004
3320,331.90663800000004,32.03736245040139
3321,332.00664,31.794806740840098
3322,332.10664199999997,31.953136408232716
3323,332.20664400000004,32.31044915253593
3324,332.306646,31.86395850265654
3325,332.40664799999996,31.23103452569545
3326,332.50665000000004,31.07917687917149
3327,332.606652,31.655968191715765
3328,332.70665399999996,32.48801222675304
3329,332.80665600000003,32.16802838379851
3330,332.906658,31.961301612743803
3331,333.00666,31.684408701245033
3332,333.10666200000003,31.86257767765295
3333,333.206664,31.665661888916247
3334,333.306666,31.552764973129896
3335,333.406668,31.617404293894165
3336,333.50667,30.883385062767527
3337,333.606672,30.842566156948166
3338,333.706674,30.89792369390755
3339,333.80667600000004,30.579031966343415
3340,333.906678,30.508537448304605
3341,334.00668,30.94872796685202
3342,334.10668200000003,31.47985427606602
3343,334.206684,31.0768234624764
3344,334.306686,31.21202819359189
3345,334.40668800000003,31.680977418573228
3346,334.50669,31.763155557284573
3347,334.60669199999995,31.793939594792757
3348,334.706694,32.13822695452405
3349,334.806696,32.23781654156815
3350,334.906698,31.65404842809808
3351,335.0067,32.64970262850929
3352,335.106702,31.820988129969965
3353,335.206704,32.063624917474705
3354,335.306706,31.68511434700472
3355,335.406708,31.947242025512903
3356,335.50671,31.798629487111164
3357,335.606712,31.5048021426518
3358,335.706714,31.310883903225946
3359,335.806716,31.440304922405645
3360,335.906718,31.57243807446961
3361,336.00672000000003,31.4397229565486
3362,336.106722,31.13877093702104
3363,336.206724,30.966967225143677
3364,336.306726,31.147462739076087
3365,336.406728,32.01463997137633
3366,336.50673,31.54848934429364
3367,336.606732,31.687955448158483
3368,336.706734,31.954890351658065
3369,336.80673600000006,31.527097811257025
3370,336.906738,31.61891919656303
3371,337.00674,31.91804334602605
3372,337.10674200000005,32.203404999606555
3373,337.206744,32.17330141943973
3374,337.306746,31.558716259684676
3375,337.406748,31.46545579345319
3376,337.50675,31.72192157515819
3377,337.606752,31.475811817778766
3378,337.706754,31.974182423805757
3379,337.806756,32.553178728136565
3380,337.906758,31.92171906035177
3381,338.00676,31.74087567300345
3382,338.106762,32.0880361373507
3383,338.206764,31.814688624374146
3384,338.306766,31.548742926201918
3385,338.406768,31.503226342590366
3386,338.50677,31.3654246324952
3387,338.606772,31.330513949398288
3388,338.70677400000005,30.922767453197554
3389,338.806776,31.01169127427408
3390,338.906778,31.423023360254025
3391,339.00678000000005,31.087598983226037
3392,339.106782,30.98251955436471
3393,339.20678399999997,30.910239362460818
3394,339.30678600000005,30.93986195741194
3395,339.406788,30.842852355584284
3396,339.50678999999997,31.010197482936995
3397,339.60679200000004,31.33769202363276
3398,339.706794,30.924254027153083
3399,339.806796,31.127223731535842
3400,339.90679800000004,31.16955986537518
3401,340.0068,30.859365598903167
3402,340.106802,30.81348186949206
3403,340.206804,31.019410344212684
3404,340.306806,31.471578946805586
3405,340.406808,31.267321752701125
3406,340.50681,30.811106748993364
3407,340.60681200000005,30.687470495453567
3408,340.706814,30.400622952740473
3409,340.80681599999997,30.394883256049052
3410,340.90681800000004,30.60628302410259
3411,341.00682,30.67667715188011
3412,341.10682199999997,30.476901726454994
3413,341.20682400000004,30.74319060965666
3414,341.306826,30.859415759584927
3415,341.40682799999996,30.943480875303432
3416,341.50683000000004,30.787388702885515
3417,341.606832,30.684142425337555
3418,341.706834,30.813888850682712
3419,341.80683600000003,31.17132542079446
3420,341.906838,30.824304305922958
3421,342.00684,30.976207256890838
3422,342.10684200000003,30.840248883129778
3423,342.206844,30.738975904593424
3424,342.306846,30.70061861918004
3425,342.406848,30.47630527242434
3426,342.50685000000004,30.614766424144157
3427,342.606852,30.381519396397128
3428,342.70685399999996,30.563116193581312
3429,342.80685600000004,30.158882421971818
3430,342.906858,30.390686099289255
3431,343.00685999999996,30.636039269010137
3432,343.10686200000004,30.304891978277258
3433,343.206864,30.433893918330284
3434,343.30686599999996,30.36280958168083
3435,343.40686800000003,30.537744876103453
3436,343.50687,30.460061204090636
3437,343.606872,30.213475766318997
3438,343.706874,30.29377097714831
3439,343.806876,29.994276221978126
3440,343.906878,30.032265397205222
3441,344.00688,30.079830120927184
3442,344.106882,30.220468931096825
3443,344.206884,30.33122187514877
3444,344.306886,30.772930509733406
3445,344.40688800000004,30.61941061225624
3446,344.50689,30.40898169895677
3447,344.606892,30.136894020581995
3448,344.70689400000003,30.004075329884568
3449,344.806896,29.859308320212346
3450,344.906898,29.943247567584073
3451,345.00690000000003,30.027924662326406
3452,345.106902,30.16587500919158
3453,345.206904,30.22544058677166
3454,345.306906,29.977294412018495
3455,345.406908,30.211090685399032
3456,345.50691,30.138319886973793
3457,345.606912,30.292179376115673
3458,345.706914,30.290947637773815
3459,345.806916,30.157587198412326
3460,345.906918,30.299835730858625
3461,346.00692,30.52857795130807
3462,346.106922,30.193264740798764
3463,346.206924,30.280289737295984
3464,346.30692600000003,30.10700280691227
3465,346.406928,29.859863827265105
3466,346.50693,30.127005104170923
3467,346.60693200000003,30.23545592997072
3468,346.706934,30.03768278193391
3469,346.806936,30.354077368687356
3470,346.906938,30.083015237471734
3471,347.00694,30.51855096926721
3472,347.106942,31.044425865735334
3473,347.206944,31.306766432768804
3474,347.306946,31.588410443259118
3475,347.40694800000006,31.762897741816715
3476,347.50695,31.77999517606618
3477,347.606952,32.211723217659404
3478,347.70695400000005,31.827806624831577
3479,347.806956,32.00688276939471
3480,347.906958,31.76797839415952
3481,348.00696000000005,32.05502290684805
3482,348.106962,31.93563222826976
3483,348.206964,32.10548879356158
3484,348.306966,32.37222896469061
3485,348.406968,32.0737640084348
3486,348.50697,31.889656232321542
3487,348.606972,31.984656356468616
3488,348.706974,32.017767853856206
3489,348.806976,31.99815091893444
3490,348.906978,31.758990005254287
3491,349.00698,31.777471096549103
3492,349.106982,32.16809631198209
3493,349.206984,32.678892216753184
3494,349.30698600000005,31.483796733107233
3495,349.406988,32.05475729879332
3496,349.50699,31.748939759802713
3497,349.60699200000005,31.7822371635346
3498,349.706994,31.72096988573993
3499,349.80699599999997,31.47084023635845
3500,349.90699800000004,31.90270981885533
3501,350.007,31.827286091762808
3502,350.10700199999997,31.984608711444377
3503,350.20700400000004,31.812424607099086
3504,350.307006,32.344898610920254
3505,350.407008,32.26505709932772
3506,350.50701000000004,32.22255233541473
3507,350.607012,31.68940773852174
3508,350.707014,31.77388545658503
3509,350.807016,32.00588679270788
3510,350.907018,31.950954797124183
3511,351.00702,31.152708909441934
3512,351.107022,31.46409980280993
3513,351.20702400000005,31.995620949077797
3514,351.307026,32.169157837173984
3515,351.40702799999997,31.777941525488853
3516,351.50703000000004,31.853120468016062
3517,351.607032,32.11928629542431
3518,351.70703399999996,31.4413630505618
3519,351.80703600000004,31.629868941044432
3520,351.907038,31.829057206672797
3521,352.00703999999996,31.511580613312848
3522,352.10704200000004,31.639502185678687
3523,352.207044,31.88335460281878
3524,352.307046,31.418012053883178
3525,352.40704800000003,32.25502158104829
3526,352.50705,32.239639662196254
3527,352.607052,31.962615507397274
3528,352.707054,31.929706720691215
3529,352.807056,31.522295836499417
3530,352.907058,31.58631558760696
3531,353.00706,31.411039412020763
3532,353.10706200000004,31.199357583125334
3533,353.207064,31.042196537115625
3534,353.30706599999996,31.339223772861743
3535,353.40706800000004,31.654721747953214
3536,353.50707,31.517552586000853
3537,353.60707199999996,31.48809322493835
3538,353.70707400000003,31.207670325104672
3539,353.807076,31.68898658053146
3540,353.90707799999996,31.93038705304767
3541,354.00708000000003,31.625631685117476
3542,354.107082,31.48847293422921
3543,354.207084,31.957136823710822
3544,354.307086,31.850397437472612
3545,354.407088,31.405863173057437
3546,354.50709,31.358737557377594
3547,354.607092,31.754095795144284
3548,354.707094,31.490541720016715
3549,354.807096,30.939308031465043
3550,354.907098,30.33418673853204
3551,355.00710000000004,30.950983471259168
3552,355.107102,31.037021704639418
3553,355.207104,31.121908923226613
3554,355.30710600000003,31.236680567873787
3555,355.407108,30.75514494985202
3556,355.50711,30.876969943975077
3557,355.60711200000003,31.63234601217975
3558,355.707114,31.61818166107029
3559,355.807116,31.327893481650886
3560,355.907118,31.21252377792734
3561,356.00712,31.45630933407387
3562,356.107122,32.112703994070046
3563,356.207124,31.81338287278733
3564,356.307126,31.43213012133342
3565,356.407128,31.27676679874351
3566,356.50713,31.131691916254063
3567,356.607132,30.91522398163906
3568,356.707134,31.13843281883035
3569,356.807136,30.80342087319986
3570,356.90713800000003,31.027821862275733
3571,357.00714,30.98810548616254
3572,357.107142,30.782647489077842
3573,357.207144,31.061907121597095
3574,357.307146,31.14340107917469
3575,357.407148,31.01432305147814
3576,357.50715,31.09088803999287
3577,357.607152,31.207836644529518
3578,357.707154,31.1564070468942
3579,357.807156,31.528407682666362
3580,357.907158,31.136047131262558
3581,358.00716000000006,31.48761409263943
3582,358.107162,31.903310691218913
3583,358.207164,31.994908948740623
3584,358.30716600000005,31.792760310463553
3585,358.407168,31.70695909995145
3586,358.50717,32.18725079070899
3587,358.60717200000005,32.23069111028916
3588,358.707174,31.553684225362577
3589,358.807176,31.274239245322445
3590,358.907178,31.570885132868792
3591,359.00718,31.435853331073034
3592,359.107182,31.522763771982778
3593,359.207184,31.544603308948005
3594,359.307186,31.947890148317985
3595,359.407188,32.03624919795505
3596,359.50719,31.5317957331056
3597,359.607192,32.3650657643239
3598,359.707194,31.60029889182169
3599,359.807196,31.565404934162828
3600,359.90719800000005,31.372267872756638
3601,360.0072,30.989860064109493
3602,360.107202,31.123566800387874
3603,360.20720400000005,31.581307796549382
3604,360.307206,31.24998822225263
3605,360.40720799999997,32.06181871360365
3606,360.50721000000004,31.915759266904548
3607,360.607212,31.603278610617096
3608,360.707214,31.372025493372817
3609,360.80721600000004,31.993120251284537
3610,360.907218,31.945856191622656
3611,361.00722,31.984526300307547
3612,361.10722200000004,31.872667371863
3613,361.207224,32.04801309631999
3614,361.307226,31.999294717450958
3615,361.407228,31.768003667357256
3616,361.50723,31.410771641568324
3617,361.607232,31.549466366840488
3618,361.70723399999997,31.728190674825743
3619,361.80723600000005,31.511153803892462
3620,361.907238,31.53285135760184
3621,362.00723999999997,31.550397699332628
3622,362.10724200000004,31.73022511196588
3623,362.207244,31.826227334923374
3624,362.30724599999996,31.446909638642598
3625,362.40724800000004,31.281268227383464
3626,362.50725,30.957058791329636
3627,362.60725199999996,30.80940953020359
3628,362.70725400000003,30.830289279987614
3629,362.807256,31.209696230036137
3630,362.907258,31.061473938194297
3631,363.00726000000003,31.011478734272256
3632,363.107262,31.23164002199608
3633,363.207264,31.178560196689645
3634,363.307266,31.322774041141525
3635,363.407268,30.838775828829462
3636,363.50727,31.00369055194646
3637,363.607272,31.728250165653712
3638,363.70727400000004,31.37496957964475
3639,363.807276,31.63323341213213
3640,363.907278,31.91839997388792
3641,364.00728000000004,31.924016721195844
3642,364.107282,31.86860002091465
3643,364.20728399999996,31.39680526253705
3644,364.30728600000003,31.742923755281897
3645,364.407288,31.989497581983294
3646,364.50728999999995,32.25015974373211
3647,364.60729200000003,32.209028103277575
3648,364.707294,32.55827999279475
3649,364.807296,32.22261582741916
3650,364.907298,32.0385082738015
3651,365.0073,31.506251644218
3652,365.107302,31.541092113960033
3653,365.207304,31.656542974834583
3654,365.307306,32.09644254850864
3655,365.407308,32.38567060155809
3656,365.50731,31.792865438799907
3657,365.60731200000004,31.781998821320165
3658,365.707314,31.41720237622108
3659,365.807316,31.518712507995197
3660,365.90731800000003,31.260947776929296
3661,366.00732,31.767657981087503
3662,366.107322,31.60611827544929
3663,366.207324,31.305240150289148
3664,366.307326,31.75322257135795
3665,366.407328,31.717776561569703
3666,366.50733,31.765384848877147
3667,366.607332,31.617684637050857
3668,366.70733400000006,31.771720766732276
3669,366.807336,31.415055367018045
3670,366.907338,31.092157168445542
3671,367.00734,31.455936880913857
3672,367.107342,31.06055587642696
3673,367.207344,31.257969170114105
3674,367.307346,31.27420751289495
3675,367.407348,31.86252933026177
3676,367.50735000000003,31.696647027872295
3677,367.607352,31.520767350641794
3678,367.707354,31.56797506647597
3679,367.807356,31.426677644737172
3680,367.907358,31.747796775595436
3681,368.00736,31.668475221181684
3682,368.107362,31.472721391776517
3683,368.207364,31.424383594878137
3684,368.307366,31.530624184330854
3685,368.407368,31.875359940443037
3686,368.50737,31.937485138278852
3687,368.60737200000005,32.92548184401753
3688,368.707374,32.00348383127546
3689,368.807376,32.11352801732482
3690,368.90737800000005,32.4263126395047
3691,369.00738,32.31067460570769
3692,369.107382,32.325924395767274
3693,369.20738400000005,32.09260080967528
3694,369.307386,33.06731240308396
3695,369.407388,33.041091116853224
3696,369.50739,33.14370333261882
3697,369.607392,32.77606453762609
3698,369.707394,32.40563542465327
3699,369.807396,32.28530104195779
3700,369.907398,31.846930450313163
3701,370.0074,32.16075327721265
3702,370.107402,31.90907481362352
3703,370.207404,31.876151493006812
3704,370.307406,31.678547873066243
3705,370.407408,31.89319796932925
3706,370.50741000000005,31.588401389427784
3707,370.607412,31.73816316581478
3708,370.70741399999997,31.910678549919513
3709,370.80741600000005,31.785055426864734
3710,370.907418,31.775906441683304
3711,371.00741999999997,31.668346351556405
3712,371.10742200000004,32.01178591659683
3713,371.207424,31.989164531052964
3714,371.307426,32.33222267098855
3715,371.40742800000004,32.1415853700063
3716,371.50743,32.31639265183085
3717,371.607432,32.002128303307
3718,371.70743400000003,31.979280558051766
3719,371.807436,31.628464411051823
3720,371.907438,31.57400168813377
3721,372.00744,31.314574784586945
3722,372.107442,31.537746414377395
3723,372.207444,31.65090055932017
3724,372.30744599999997,31.723839865612717
3725,372.40744800000004,31.467118984981987
3726,372.50745,31.598799335450156
3727,372.60745199999997,31.794587923087757
3728,372.70745400000004,31.800400730872706
3729,372.807456,31.652675395130824
3730,372.90745799999996,32.025545587003876
3731,373.00746000000004,32.0775545652278
3732,373.107462,31.96126743984924
3733,373.207464,32.29622360629208
3734,373.30746600000003,31.86943666316699
3735,373.407468,32.015433718888715
3736,373.50747,31.511119318772362
3737,373.60747200000003,32.023007258830546
3738,373.707474,31.644010945294603
3739,373.807476,31.538045152515743
3740,373.907478,31.507281740833484
3741,374.00748,32.08050480086416
3742,374.107482,31.497999952617082
3743,374.207484,31.41791042652604
3744,374.30748600000004,31.704021178149056
3745,374.407488,31.979400582711968
3746,374.50749,32.31197301092266
3747,374.60749200000004,32.390723931820006
3748,374.707494,32.22282134309087
3749,374.80749599999996,31.852628497322776
3750,374.90749800000003,31.656963292480928
3751,375.0075,31.518542072091865
3752,375.107502,31.807982256563655
3753,375.20750400000003,31.789387952622185
3754,375.307506,31.44156962132858
3755,375.407508,31.690089554000437
3756,375.50751,31.583414181673728
3757,375.607512,32.21744530036827
3758,375.707514,32.07997513202031
3759,375.807516,32.027915948354064
3760,375.907518,32.02976078854079
3761,376.00752,31.82859276107951
3762,376.107522,31.877136691860176
3763,376.20752400000003,31.107049816240163
3764,376.307526,31.569270820375753
3765,376.407528,31.862621702500178
3766,376.50753000000003,31.184635303964882
3767,376.607532,32.063523283979556
3768,376.707534,31.62078702209493
3769,376.807536,32.17346180217325
3770,376.907538,31.868700987207234
3771,377.00754,31.829140788673516
3772,377.107542,32.23215938945173
3773,377.207544,32.12126335604789
3774,377.30754600000006,32.370916925513384
3775,377.407548,32.144454314703815
3776,377.50755,32.08742327983675
3777,377.607552,32.79219807868025
3778,377.707554,32.497386968960306
3779,377.807556,32.5561409626746
3780,377.907558,31.892304779700275
3781,378.00756,32.26405789207926
3782,378.10756200000003,31.80627275520104
3783,378.207564,31.940479998651803
3784,378.307566,31.43023151325924
3785,378.407568,31.783426673759276
3786,378.50757,32.016017756405454
3787,378.607572,32.134146929257
3788,378.707574,31.900720602168946
3789,378.807576,31.617427009452484
3790,378.907578,32.08677790161039
3791,379.00758,31.994335809468915
3792,379.107582,32.087725047001825
3793,379.20758400000005,31.876068944142425
3794,379.307586,31.708966506389636
3795,379.407588,32.29231660787652
3796,379.50759000000005,31.64770331864987
3797,379.607592,31.595742055728486
3798,379.707594,31.710914260769858
3799,379.80759600000005,31.939711615398387
3800,379.907598,32.01814945602778
3801,380.0076,32.039329525377376
3802,380.107602,31.303677343952806
3803,380.207604,32.12206313656939
3804,380.307606,31.97801506006634
3805,380.407608,31.714281726803275
3806,380.50761,32.000684376851765
3807,380.607612,31.421134832498648
3808,380.707614,31.070223327170527
3809,380.807616,31.343405070422538
3810,380.907618,31.650514591104496
3811,381.00762,31.69142233636716
3812,381.10762200000005,31.297742400357244
3813,381.207624,30.94315158773241
3814,381.30762599999997,31.039169054541485
3815,381.40762800000005,31.089868813216658
3816,381.50763,31.26966584145805
3817,381.60763199999997,31.415537740101843
3818,381.70763400000004,31.630333461826655
3819,381.807636,31.729680644256046
3820,381.907638,32.23490007841206
3821,382.00764000000004,32.243840011872585
3822,382.107642,32.244563244847775
3823,382.207644,32.45536960739056
3824,382.30764600000003,32.22705321333462
3825,382.407648,32.47075738608261
3826,382.50765,32.26776241394646
3827,382.60765200000003,32.3100870937475
3828,382.707654,31.53571687458989
3829,382.807656,31.39520597495116
3830,382.90765799999997,31.611217350996395
3831,383.00766000000004,31.224453753460526
3832,383.107662,31.598362151816048
3833,383.20766399999997,31.572969991130893
3834,383.30766600000004,32.13657810881505
3835,383.407668,31.635413246549813
3836,383.50766999999996,31.793539111431024
3837,383.60767200000004,31.821042570829462
3838,383.707674,31.668195982266806
3839,383.807676,31.38793704877578
3840,383.90767800000003,31.865369567075614
3841,384.00768,31.956251219207903
3842,384.107682,31.75301913614349
3843,384.20768400000003,31.737897811952916
3844,384.307686,31.608430036771534
3845,384.407688,31.624278914678534
3846,384.50769,31.95128455686439
3847,384.607692,31.638933740130206
3848,384.707694,31.52715720800939
3849,384.807696,31.191156308703682
3850,384.90769800000004,31.825857610931607
3851,385.0077,31.661984655634665
3852,385.107702,31.335648832997755
3853,385.20770400000004,31.37801564162427
3854,385.307706,31.434163799947193
3855,385.40770799999996,31.82500547897514
3856,385.50771000000003,31.78642053892025
3857,385.607712,31.809538062818483
3858,385.707714,31.874458947105207
3859,385.807716,32.012368547088755
3860,385.907718,32.00498602974305
3861,386.00772,32.40597021341878
3862,386.107722,32.11581734396265
3863,386.207724,32.54713260072434
3864,386.307726,32.591874642904436
3865,386.407728,32.29356473056182
3866,386.50773,32.45394059743575
3867,386.607732,32.31527678337516
3868,386.707734,32.3812578794707
3869,386.80773600000003,32.31467580539405
3870,386.907738,32.4568803884438
3871,387.00774,32.281061732701616
3872,387.10774200000003,31.989259079400377
3873,387.207744,32.10394925385047
3874,387.307746,32.17843793859473
3875,387.407748,32.274152848944
3876,387.50775,31.609348636668432
3877,387.60775200000006,31.796796625988375
3878,387.707754,32.07631773787365
3879,387.807756,31.86393815959115
3880,387.90775800000006,31.706446059455974
3881,388.00776,31.486498360385745
3882,388.107762,31.99748321672146
3883,388.207764,31.7974982987843
3884,388.307766,31.41208883408045
3885,388.407768,31.74058816734424
3886,388.50777,31.693128183208273
3887,388.607772,31.824591809078736
3888,388.70777400000003,31.823505204300247
3889,388.807776,31.088459627247435
3890,388.907778,30.905024872759782
3891,389.00778,31.337895615113023
3892,389.107782,31.23428399989537
3893,389.207784,31.546871059996914
3894,389.307786,31.457398984134095
3895,389.407788,32.113983683345644
3896,389.50779,32.24066040972919
3897,389.607792,31.803213718701933
3898,389.707794,31.894653316488423
3899,389.80779600000005,32.04732448833766
3900,389.907798,32.1698664466199
3901,390.0078,31.892481429407116
3902,390.10780200000005,31.495190443162986
3903,390.207804,31.505741139804424
3904,390.30780599999997,31.857636024782888
3905,390.40780800000005,32.150825648754605
3906,390.50781,32.538152083659206
3907,390.607812,32.23779958138679
3908,390.707814,32.08095428739918
3909,390.807816,32.32494725810276
3910,390.907818,31.784766508275013
3911,391.00782,31.929394492925606
3912,391.107822,31.92854639465218
3913,391.207824,32.15904779609244
3914,391.307826,32.00402967266996
3915,391.407828,32.17092304097674
3916,391.50783,32.23912849742892
3917,391.607832,32.02667412682318
3918,391.70783400000005,32.48505372934596
3919,391.807836,32.36394570387765
3920,391.90783799999997,32.222677210525866
3921,392.00784000000004,32.037146772147004
3922,392.107842,31.56651977797566
3923,392.20784399999997,31.77731606725315
3924,392.30784600000004,31.767834844812104
3925,392.407848,32.13256520181536
3926,392.50785,32.159018637871625
3927,392.60785200000004,31.7232709282124
3928,392.707854,32.05748389971626
3929,392.807856,32.045013245804675
3930,392.90785800000003,32.41728775602242
3931,393.00786,32.10301231637237
3932,393.107862,31.799751586519204
3933,393.20786400000003,31.760540197163323
3934,393.307866,31.521287079445983
3935,393.407868,31.21007411494036
3936,393.50786999999997,31.661238715389725
3937,393.60787200000004,31.65950313421388
3938,393.707874,31.469219819103664
3939,393.80787599999996,31.514478363102945
3940,393.90787800000004,31.936189440643396
3941,394.00788,32.279657446636264
3942,394.10788199999996,32.10257047697178
3943,394.20788400000004,32.56070907740039
3944,394.307886,32.583326617562804
3945,394.407888,32.52267500267219
3946,394.50789000000003,31.68401645882501
3947,394.607892,31.658207892754202
3948,394.707894,31.504956937629338
3949,394.807896,30.737443048988663
3950,394.907898,30.64856253960515
3951,395.0079,30.950978229230337
3952,395.107902,30.83247842092141
3953,395.207904,30.88059581259446
3954,395.307906,30.865458963277625
3955,395.407908,30.993618590418112
3956,395.50791000000004,30.9745455404279
3957,395.607912,31.013776660317514
3958,395.707914,31.087217306930132
3959,395.80791600000003,31.322081238413116
3960,395.907918,31.70843986993827
3961,396.00791999999996,31.588164526093625
3962,396.10792200000003,31.50398983861674
3963,396.207924,31.47464650121417
3964,396.307926,31.58207355109945
3965,396.407928,31.666767426645013
3966,396.50793,31.44156723783045
3967,396.607932,31.30279458943656
3968,396.707934,31.50454397964097
3969,396.807936,31.84593388010682
3970,396.907938,32.28717025156235
3971,397.00794,32.124720224316
3972,397.107942,32.24751134053375
3973,397.207944,32.01021690952405
3974,397.307946,32.14035884039512
3975,397.40794800000003,32.14381022119014
3976,397.50795,31.588185974847704
3977,397.607952,31.666239759429295
3978,397.70795400000003,31.370435210723432
3979,397.807956,31.504670550806043
3980,397.907958,32.1721117561185
3981,398.00796,31.799289464734176
3982,398.107962,31.80920476880154
3983,398.20796400000006,31.72436810984754
3984,398.307966,31.62978332271591
3985,398.407968,31.31146123435685
3986,398.50797000000006,31.458093044337293
3987,398.607972,31.806911392356326
3988,398.707974,31.571313014874708
3989,398.807976,32.070668827686596
3990,398.907978,31.656764089693517
3991,399.00798,32.32668476260397
3992,399.107982,32.20492246835481
3993,399.207984,31.741658267194822
3994,399.307986,32.06900891771204
3995,399.407988,32.07456400778783
3996,399.50799,31.554593772654513
3997,399.607992,31.07280030321385
3998,399.707994,30.960790385064737
3999,399.807996,31.15199527547411
4000,399.907998,31.123956596016647
4001,400.000014,31.187637882266355
