Frame,Time (ns),RMSD
1,0.0,9.179674365249375e-06
2,0.100002,2.344827664137002
3,0.200004,2.1168948774975243
4,0.30000600000000005,2.129108949946289
5,0.400008,2.5260438402471275
6,0.50001,2.523386015919322
7,0.6000120000000001,3.175887949316912
8,0.700014,2.9174232617780405
9,0.800016,2.8449496998808725
10,0.900018,2.5578354496737457
11,1.00002,2.6382083591390066
12,1.1000219999999998,2.1843759970394605
13,1.2000240000000002,2.661462095435498
14,1.3000260000000001,2.824820485360983
15,1.400028,2.9007282331085795
16,1.50003,2.2041011422737204
17,1.600032,2.237102171953771
18,1.700034,2.690018155337113
19,1.800036,2.567335905777631
20,1.9000380000000001,2.561309173692245
21,2.00004,2.6189695036433283
22,2.1000419999999997,2.2510473680003167
23,2.2000439999999997,3.1543322660233213
24,2.300046,2.3572447964616985
25,2.4000480000000004,2.61696354784288
26,2.5000500000000003,2.6329589846542905
27,2.6000520000000003,3.210354464887934
28,2.700054,3.020392141384632
29,2.800056,3.182725791625968
30,2.900058,2.1941872007249987
31,3.00006,3.106069494603464
32,3.100062,2.2231482987656173
33,3.200064,2.2573430730563966
34,3.300066,2.014902305884039
35,3.400068,2.3206652764416265
36,3.50007,3.0484777294053957
37,3.600072,2.474321606005388
38,3.700074,3.348386132716617
39,3.8000760000000002,3.2911552312753685
40,3.900078,3.1448426578629727
41,4.00008,2.8560965540042558
42,4.1000820000000004,2.345711386726045
43,4.2000839999999995,2.9129212396177673
44,4.300086,3.147224944733411
45,4.400087999999999,2.5680979918935405
46,4.50009,2.454516406092513
47,4.600092,2.205609245523314
48,4.700094,2.291138384583118
49,4.800096000000001,2.447110678537946
50,4.900098,2.9008409830834343
51,5.000100000000001,2.1235882207987427
52,5.100102,2.2752468400903267
53,5.2001040000000005,2.8740007853491334
54,5.3001059999999995,2.9081833976401565
55,5.400108,2.6130176381852
56,5.500109999999999,3.082939101944375
57,5.600112,2.7223693681867185
58,5.700114,2.645171743830444
59,5.800116,2.63107641089134
60,5.900118,2.6576380760678227
61,6.00012,2.7356314927517773
62,6.100122000000001,2.6725106613223124
63,6.200124,2.748398788178532
64,6.300126000000001,2.7318962026729694
65,6.400128,2.8532773785876104
66,6.50013,2.6243008685058924
67,6.600132,2.6416893402701263
68,6.700134,2.8124538372267756
69,6.800136,2.620714242357972
70,6.900138,2.46238609879217
71,7.00014,2.7169250863764
72,7.100142,2.520635026165968
73,7.200144,2.595951900040774
74,7.300146,2.285547825629082
75,7.400148,2.3835761877077144
76,7.5001500000000005,2.6420960428736375
77,7.6001520000000005,2.269053878731824
78,7.700154,2.3472107076560365
79,7.800156,2.228977525132278
80,7.900158,2.310162500137734
81,8.00016,2.695917657917188
82,8.100162000000001,2.620167179411117
83,8.200164000000001,2.66671832784579
84,8.300166,2.7419265053956536
85,8.400167999999999,2.6754848323530074
86,8.50017,2.67567171863092
87,8.600172,3.2623900946993527
88,8.700174,3.089232492137644
89,8.800175999999999,3.0458530945405538
90,8.900178,2.6122865515730265
91,9.00018,2.8006453397704534
92,9.100182,2.8370393243022023
93,9.200184,2.7329981777164623
94,9.300186,2.5998737661978932
95,9.400188,2.610246417529083
96,9.50019,2.7364008774608672
97,9.600192000000002,2.8080729417523584
98,9.700194,3.4547636408886917
99,9.800196,3.56376881715472
100,9.900198,3.216139877940065
101,10.000200000000001,3.514611865980972
102,10.100202,3.811991746132632
103,10.200204,3.5787064005735107
104,10.300206,3.6339321082693705
105,10.400208000000001,3.8993844154020003
106,10.500210000000001,3.8936914751071092
107,10.600211999999999,3.7256574190633525
108,10.700214,4.5730962686733285
109,10.800216,3.70287287227022
110,10.900218,3.176678019295513
111,11.000219999999999,3.141144960412415
112,11.100222,3.9055841933044553
113,11.200224,3.694188175862106
114,11.300226,3.903409008028291
115,11.400228,4.2616628726612875
116,11.50023,4.125641947439635
117,11.600232,3.5018078315214063
118,11.700234,3.152388851501178
119,11.800236,3.6873253299798963
120,11.900238,3.4154333785333826
121,12.00024,3.2622450641443455
122,12.100242,3.2776562895320924
123,12.200244000000001,3.4771634686082735
124,12.300246000000001,2.976077811232175
125,12.400248,3.055354470547102
126,12.50025,4.13056817274824
127,12.600252000000001,3.8644638999892074
128,12.700254000000001,4.524490588299996
129,12.800256,4.0447516605430645
130,12.900258,3.783961742577847
131,13.00026,3.7149509308932545
132,13.100262,4.032549827548639
133,13.200264,3.39904801991114
134,13.300265999999999,3.690298801553409
135,13.400268,4.0710963735225505
136,13.50027,3.4541715418327
137,13.600272,3.128400470935391
138,13.700274,3.203529576552872
139,13.800276,3.336145495533881
140,13.900278,3.587295310789409
141,14.00028,3.852972983490548
142,14.100282000000002,2.8634884753119447
143,14.200284,2.6889052661786894
144,14.300286,3.2470112513934155
145,14.400288,2.9555900090731777
146,14.500290000000001,3.5632629996592873
147,14.600292,3.1443584589959306
148,14.700294,3.337627808197612
149,14.800296,2.4648284301382133
150,14.900298000000001,2.619471551712962
151,15.000300000000001,3.0008648472990616
152,15.100302,3.0269073137990157
153,15.200304000000001,2.539708670858067
154,15.300306,2.828867881868649
155,15.400308,2.8094682866985763
156,15.500309999999999,2.892602094492599
157,15.600312,2.9667418130143997
158,15.700314,2.6945103451431596
159,15.800316,2.873996936599989
160,15.900318,2.602412250214088
161,16.00032,3.3204338966904983
162,16.100322,2.9219924704200855
163,16.200324000000002,2.989980103286392
164,16.300326000000002,2.7144025282610484
165,16.400328000000002,2.8512502206543666
166,16.50033,2.7643315181903274
167,16.600332,2.6583852871497933
168,16.700333999999998,3.0505523556108654
169,16.800335999999998,2.467657328871536
170,16.900338,2.3139930949050678
171,17.00034,2.5529830816695913
172,17.100342,2.79041428977058
173,17.200344,3.117388777997201
174,17.300346,3.30409144217625
175,17.400348,3.080852713091782
176,17.50035,3.128883415388975
177,17.600351999999997,3.072086003795092
178,17.700354,3.1234268238194445
179,17.800356,3.164162050639398
180,17.900358,3.148326705989
181,18.00036,3.262354524154791
182,18.100362,3.0251339449980907
183,18.200364,2.971670268095302
184,18.300366,2.840674099933904
185,18.400368,2.76821658404299
186,18.50037,3.144794047469753
187,18.600372,3.032031108300697
188,18.700374,3.0016744237047743
189,18.800376,3.0907281096762906
190,18.900378,3.068665555041957
191,19.00038,3.214547573832173
192,19.100382,2.782404862565007
193,19.200384000000003,2.722374204067044
194,19.300386,2.9990383270994707
195,19.400388,2.4747939362929143
196,19.50039,2.9986114793902714
197,19.600392,2.847970517828927
198,19.700394,2.6880297851558557
199,19.800396,2.8059468436204957
200,19.900398000000003,3.563786723132797
201,20.000400000000003,3.113692417782343
202,20.100402000000003,2.8837373647234763
203,20.200404,3.170281149052844
204,20.300406,2.9786380927986125
205,20.400408,3.11793916609077
206,20.50041,2.7135044366866157
207,20.600412,3.3576144509213943
208,20.700414000000002,3.96046930489207
209,20.800416000000002,3.9584549145550727
210,20.900418000000002,4.5805767689506975
211,21.000420000000002,4.238971514955061
212,21.100422,4.212567472214283
213,21.200423999999998,4.574627727565235
214,21.300425999999998,4.175508112822888
215,21.400428,4.31196267382148
216,21.50043,4.413203707023951
217,21.600432,4.458182517514928
218,21.700434,4.065345637219514
219,21.800436,4.15354083381816
220,21.900438,3.115273503010283
221,22.000439999999998,2.922031645093591
222,22.100441999999997,3.0152530381649463
223,22.200444,3.211167163360808
224,22.300446,3.098531090087882
225,22.400448,3.0273747729886913
226,22.50045,3.1697302434510273
227,22.600452,3.0850801138989357
228,22.700454,2.8540050069135994
229,22.800456,2.958814668656401
230,22.900458,2.811810499330999
231,23.00046,3.0900303213234097
232,23.100462,2.9003607765170707
233,23.200464,3.1096530472336545
234,23.300466,3.0116143892238445
235,23.400468,3.1491796714968276
236,23.50047,3.6560766135509595
237,23.600472,3.718606712669651
238,23.700474000000003,3.8114731634700196
239,23.800476,3.835195426314492
240,23.900478,3.7875502485589916
241,24.00048,3.841679904495956
242,24.100482,3.7671472458326143
243,24.200484,3.8748136539759064
244,24.300486,3.81533052360154
245,24.400488000000003,3.8892576822044247
246,24.500490000000003,3.857593012436777
247,24.600492000000003,3.6866600122050657
248,24.700494,3.7867164593435794
249,24.800496,3.607292720733615
250,24.900498,3.7904251746621815
251,25.0005,3.35495784999895
252,25.100502,3.4524828130595324
253,25.200504000000002,3.5028609368113357
254,25.300506000000002,3.514627175574081
255,25.400508000000002,3.514831126720335
256,25.500510000000002,3.706000871988509
257,25.600512,3.7458381302376487
258,25.700514,3.9423629843339945
259,25.800516,3.939875571599689
260,25.900518,3.7617301468946573
261,26.00052,3.738790765517367
262,26.100522,3.5275603614166458
263,26.200524,3.6065852021319893
264,26.300526,3.692747540630277
265,26.400528,3.6940073730897725
266,26.500529999999998,3.599692483337696
267,26.600531999999998,3.494763190684282
268,26.700534,3.3787318769032937
269,26.800536,3.409057082700563
270,26.900538,3.396023731185137
271,27.00054,3.8842423993257076
272,27.100542,3.7806559018781503
273,27.200544,3.522175729573967
274,27.300546,3.321753298083947
275,27.400548,3.4801062372177
276,27.50055,3.395338660072218
277,27.600552,3.517230680493436
278,27.700554,3.914248794213543
279,27.800556,3.7279450605889743
280,27.900558,3.4503479123102814
281,28.00056,3.479201540882651
282,28.100562,3.6097164201795664
283,28.200564000000004,3.4042994163546654
284,28.300566,3.3871849128927907
285,28.400568,3.5554791806295274
286,28.50057,3.614620900888792
287,28.600572,3.625970119463734
288,28.700574,3.3119392146330218
289,28.800576,3.2408525095117793
290,28.900578000000003,3.508691757458513
291,29.000580000000003,3.3010186456717276
292,29.100582000000003,3.575247580182542
293,29.200584,3.4678197899929577
294,29.300586,3.2016422364190995
295,29.400588,3.239380271708676
296,29.50059,3.8144313710617452
297,29.600592,3.45810135543601
298,29.700594000000002,3.1123249212412136
299,29.800596000000002,3.281096406296808
300,29.900598000000002,3.031069671021776
301,30.000600000000002,2.811178987678897
302,30.100602,2.7373307041421833
303,30.200604,2.8951542920346016
304,30.300606,3.336218828297048
305,30.400608000000002,3.0783219562599258
306,30.50061,3.4961382417169604
307,30.600612,3.7468983376244935
308,30.700614,3.1862007185439216
309,30.800616,2.8960079612204814
310,30.900618,3.1692355511513335
311,31.000619999999998,3.066901696149748
312,31.100621999999998,2.864911731863853
313,31.200624,3.086329866113782
314,31.300626,2.873323009804251
315,31.400628,2.9433322124894397
316,31.50063,3.0292443493712655
317,31.600632,2.3559240390270877
318,31.700634,2.453265994530914
319,31.800636,2.521048342545459
320,31.900638,2.9248085777198733
321,32.00064,2.833361346711367
322,32.100642,3.238403375793672
323,32.200644,2.4590880113537317
324,32.300646,2.353005376585283
325,32.400648000000004,2.261097109290028
326,32.50065,2.572067523493186
327,32.600652000000004,2.284959665967285
328,32.700654,2.2907305807031184
329,32.800656000000004,2.366958032325107
330,32.900658,2.4042157413058747
331,33.00066,2.3294873782181287
332,33.10066200000001,2.940965062834252
333,33.200664,2.423433712908203
334,33.300666,2.433958286532275
335,33.400667999999996,2.9142008138850675
336,33.50067,2.977352228730898
337,33.600671999999996,2.958016262996091
338,33.700674,3.11108715638535
339,33.800676,3.440451681085586
340,33.900678,3.5472550241261613
341,34.00068,3.733342468970243
342,34.100682,3.5570011895445637
343,34.200684,3.0758342842177537
344,34.300686,3.6587181604265333
345,34.400688,4.023742707259659
346,34.500690000000006,3.2581811050736893
347,34.600692,3.4513513519113923
348,34.700694000000006,2.7285457481242212
349,34.800696,2.928689333616359
350,34.900698000000006,2.6382511173419707
351,35.0007,2.406267361244225
352,35.100702,3.445253243887619
353,35.200703999999995,2.961962900978246
354,35.300706,4.218296492693876
355,35.400708,4.3153170548366715
356,35.50071,4.515777507289581
357,35.600712,4.784765390610083
358,35.700714,3.934146634713529
359,35.800716,3.566171594350195
360,35.900718,3.8670590385655914
361,36.00072,4.297762524929513
362,36.100722000000005,3.576102245730788
363,36.200724,4.107075057668152
364,36.300726000000004,3.6458563679425424
365,36.400728,3.6247241931328897
366,36.500730000000004,3.8784475016961864
367,36.600732,3.9306034858418126
368,36.700734000000004,2.966307967050928
369,36.800736,2.7254649576575494
370,36.900738,2.9656124207292285
371,37.00074,2.872578378094442
372,37.100742,3.0449893072260195
373,37.200744,3.0411230592412197
374,37.300746,2.989483508839974
375,37.400748,3.1725881319879305
376,37.50075,3.261520455512209
377,37.600752,3.1061036317425454
378,37.700754,3.349142427864936
379,37.800756,3.59838326669218
380,37.900758,3.430590878532047
381,38.00076,3.3083096808775427
382,38.100762,3.575796745917054
383,38.200764,3.2816091759539625
384,38.300766,4.076173201909077
385,38.40076800000001,3.804158883740303
386,38.50077,3.837588095141238
387,38.600772,3.6377476251759444
388,38.700773999999996,3.4081202638731485
389,38.800776,3.2452829001007135
390,38.900777999999995,2.6741707233537486
391,39.00078,2.6913773521213344
392,39.100782,2.72768731047295
393,39.200784,2.6668286725942414
394,39.300786,2.9101117011132365
395,39.400788,3.2096953989340484
396,39.50079,3.3517279007126755
397,39.600792,3.073071271503519
398,39.700794,3.0141350248567726
399,39.800796000000005,3.104639093385338
400,39.900798,2.7127515389845116
401,40.000800000000005,2.6197291671436442
402,40.100802,2.7189608282080897
403,40.200804000000005,2.7184618698559557
404,40.300806,2.486089078379628
405,40.400808,2.4779973497728576
406,40.500809999999994,3.080886754071605
407,40.600812,2.914870326778822
408,40.700814,2.526378542114075
409,40.800816,2.7891392950572826
410,40.900818,2.96045496052018
411,41.00082,2.587522634063483
412,41.100822,2.9735645752556144
413,41.200824,2.8445681401838443
414,41.300826,3.183932038600251
415,41.400828000000004,2.8353694220261954
416,41.50083,2.794929014817408
417,41.600832000000004,2.860465610437753
418,41.700834,2.8670288620108617
419,41.800836000000004,2.755869285551049
420,41.900838,2.854051923715229
421,42.000840000000004,3.043078431047211
422,42.10084200000001,3.040391572248888
423,42.200844,3.4129006769673933
424,42.300846,3.1069689697478333
425,42.400847999999996,2.7855707467231547
426,42.50085,2.239811346810933
427,42.600851999999996,2.7524417213875334
428,42.700854,2.077258539618942
429,42.800856,2.0406510985536372
430,42.900858,2.289356321307444
431,43.00086,2.5773757112389646
432,43.100862,2.1505289392928852
433,43.200864,2.6524935271330032
434,43.300866,2.896324495517053
435,43.400868,2.9772253321619333
436,43.500870000000006,3.8300589898790065
437,43.600872,4.068370577982809
438,43.700874000000006,3.6801781886143434
439,43.800876,3.971489423136934
440,43.900878000000006,3.541974364660919
441,44.000879999999995,3.651649145241814
442,44.100882,3.744008846045536
443,44.200883999999995,4.253303476657093
444,44.300886,3.8024586732399888
445,44.400888,3.8018554692456057
446,44.50089,4.074189894501913
447,44.600892,3.862515106274194
448,44.700894,4.440676217310117
449,44.800896,4.333443314664425
450,44.900898,3.9831558840088204
451,45.0009,3.89879396201314
452,45.100902000000005,3.8377954208937832
453,45.200904,4.124623547573089
454,45.300906000000005,3.8528277677865375
455,45.400908,4.099354651255595
456,45.500910000000005,4.064689542260857
457,45.600912,4.149400629765693
458,45.700914000000004,3.7325439157212124
459,45.800916,4.019341140683726
460,45.900918,3.827888615723458
461,46.00092,4.016171902661527
462,46.100922,4.1317342580031555
463,46.200924,4.011728467417386
464,46.300926,4.399313618044881
465,46.400928,4.3284975076453645
466,46.50093,4.20541544037786
467,46.600932,3.97061611744035
468,46.700934000000004,3.869613277826911
469,46.800936,3.6385440104702362
470,46.900938000000004,3.6566230751444353
471,47.00094,4.103198524639022
472,47.100942,3.919018564011738
473,47.200944,4.0478724816276745
474,47.300946,3.8941209554950817
475,47.40094800000001,3.9541343025266995
476,47.50095,4.151050254175781
477,47.600952,3.6450729842086385
478,47.700953999999996,4.408923257249731
479,47.800956,4.21335442038751
480,47.900957999999996,3.8507826782686503
481,48.00096,4.1556590557476465
482,48.100962,3.8605184428600996
483,48.200964,4.1950431277016795
484,48.300966,3.9950026204084113
485,48.400968,3.9785779725206654
486,48.50097,3.7548589602694964
487,48.600972,3.8982701735322327
488,48.700974,3.955267043351567
489,48.800976000000006,3.827184642977039
490,48.900978,4.2036441291675475
491,49.000980000000006,4.553514096142074
492,49.100982,4.2069872238662445
493,49.200984000000005,4.107481750697648
494,49.300986,4.288699106800955
495,49.400988,4.534495890542299
496,49.500989999999994,4.071026424621625
497,49.600992,4.232730676108654
498,49.700994,4.188428429473774
499,49.800996,4.152802332989493
500,49.900998,4.85955112127624
501,50.001,4.383634577485849
502,50.101002,4.275072603895496
503,50.201004,4.476005066302391
504,50.301006,4.638744522960547
505,50.401008000000004,4.605080267660442
506,50.50101,4.336496451722268
507,50.601012000000004,4.50010579239862
508,50.701014,4.274770859330661
509,50.801016000000004,4.370874892871002
510,50.901018,4.671381759955525
511,51.001020000000004,4.272826399462796
512,51.10102200000001,4.505805501345716
513,51.201024,4.424454498759278
514,51.301026,4.079849269632003
515,51.401028,4.684658506242822
516,51.50103,4.523276411160664
517,51.601032,4.226992117809441
518,51.701034,4.2391931764611925
519,51.801036,4.24857257082236
520,51.901038,4.361367118791749
521,52.00104,4.377605594841267
522,52.101042,4.747647615066611
523,52.201044,4.207744059379702
524,52.301046,4.548402265271149
525,52.401048,4.4577414132608935
526,52.501050000000006,4.866945391004717
527,52.601052,4.653856156743361
528,52.701054000000006,4.263562279196271
529,52.801056,4.982797459414115
530,52.901058000000006,5.239240403200465
531,53.001059999999995,4.698310556170181
532,53.101062,4.801720631310076
533,53.201063999999995,4.25264861702822
534,53.301066,4.608929401685936
535,53.401068,5.124166042058413
536,53.50107,5.381103566380494
537,53.601072,4.910602108429345
538,53.701074,5.200713660946015
539,53.801076,4.820513893845144
540,53.901078,4.5576080112044135
541,54.00108,4.411412418808739
542,54.101082000000005,4.348081657479137
543,54.201084,4.587856738514022
544,54.301086000000005,4.308123293557282
545,54.401088,4.85089977251674
546,54.501090000000005,4.820056336787541
547,54.601092,4.40173226388337
548,54.701094000000005,4.232721591397812
549,54.801096,4.0992631401126385
550,54.901098,4.134789833309736
551,55.0011,4.141576677882495
552,55.101102,4.231257737331208
553,55.201104,4.356842490476331
554,55.301106,4.543226502605932
555,55.401108,4.2573946205005
556,55.50111,4.600295191643174
557,55.601112,4.636878769984435
558,55.701114000000004,4.480925431636392
559,55.801116,4.266371079885112
560,55.901118000000004,4.223837706246431
561,56.00112,4.142920551271946
562,56.101122000000004,4.22849340098593
563,56.201124,4.512157692085671
564,56.301126000000004,4.399260305902815
565,56.40112800000001,4.07801079702915
566,56.50113,3.9140885234811758
567,56.601132,4.151776314873602
568,56.701133999999996,4.314172024807034
569,56.801136,4.55610740002537
570,56.901137999999996,4.2842376176926305
571,57.00114,4.162793116999381
572,57.101142,4.397120841636691
573,57.201144,4.187227573916311
574,57.301146,3.7441117618811806
575,57.401148,3.873073547602127
576,57.50115,4.100218702149468
577,57.601152,4.023577507455287
578,57.701154,4.382451694428347
579,57.801156000000006,3.9922488249579566
580,57.901158,4.531078673522788
581,58.001160000000006,4.620704466913344
582,58.101162,4.484814545001775
583,58.201164000000006,4.581599999954524
584,58.301166,4.625887761303035
585,58.401168,4.574697199411886
586,58.501169999999995,4.806021427247345
587,58.601172,4.450797811598935
588,58.701174,4.337018264740976
589,58.801176,4.541873598440609
590,58.901178,4.533718040046766
591,59.00118,4.592959003624719
592,59.101182,4.416835697099489
593,59.201184,4.3520758033958895
594,59.301186,4.57591535243884
595,59.401188000000005,4.288748854956946
596,59.50119,4.105718645698477
597,59.601192000000005,3.8160715214230594
598,59.701194,4.221065314274275
599,59.801196000000004,4.293189618142609
600,59.901198,4.130965590985792
601,60.001200000000004,3.9412887695482075
602,60.10120200000001,4.582261876335472
603,60.201204,4.426996818015956
604,60.301206,4.422398476880954
605,60.401208,4.062563293957719
606,60.50121,4.341507671517763
607,60.601212,4.380600916517043
608,60.701214,4.150784493505444
609,60.801216000000004,4.53582077762987
610,60.901218,4.5749481297083285
611,61.00122,4.815273139196405
612,61.101222,4.537522748191821
613,61.201224,4.927170177742074
614,61.301226,4.497470745325909
615,61.401228,4.568598304160654
616,61.50123000000001,4.323351884665675
617,61.601232,4.628569020788549
618,61.70123400000001,4.7286596160267145
619,61.801236,4.623084669678377
620,61.901238000000006,4.855761742403402
621,62.001239999999996,4.611065123235135
622,62.101242,4.4586682147744705
623,62.201243999999996,4.466074109265797
624,62.301246,4.856241545968046
625,62.401248,4.8205035534067235
626,62.50125,5.102591750638948
627,62.601252,4.942643871049005
628,62.701254,4.902076721386458
629,62.801256,4.770053103149678
630,62.901258,5.0435459519418435
631,63.00126,4.7601684880717885
632,63.101262000000006,5.12903340949767
633,63.201264,4.9564015570919295
634,63.301266000000005,4.932229344979509
635,63.401268,4.6368430069896425
636,63.501270000000005,4.707124056148846
637,63.601272,4.563390713148437
638,63.701274000000005,4.475873291902386
639,63.801276,4.939762433674307
640,63.901278,4.8433182652568245
641,64.00128,5.001525193434036
642,64.101282,5.149065561795434
643,64.201284,5.123909558476384
644,64.301286,5.209503185720058
645,64.401288,5.213585489958068
646,64.50129,4.70938734265257
647,64.601292,5.194686457848356
648,64.701294,5.071269038586097
649,64.80129600000001,4.90669516780595
650,64.901298,4.649834670025001
651,65.0013,4.798647003276201
652,65.101302,5.277284415615833
653,65.20130400000001,5.177273982925199
654,65.30130600000001,5.076553696378735
655,65.401308,4.677300449262565
656,65.50131,4.554756624604906
657,65.60131200000001,4.554707078210198
658,65.701314,4.242963684471301
659,65.801316,4.565814748212546
660,65.901318,4.6517829759289775
661,66.00132,4.751033882490895
662,66.101322,4.849053076452709
663,66.20132400000001,4.520182714253047
664,66.301326,4.69130360621419
665,66.401328,4.948461866329633
666,66.50133,4.511577895014799
667,66.601332,4.753116401076945
668,66.701334,4.958127692826957
669,66.80133599999999,5.070280078003001
670,66.90133800000001,4.992730936603285
671,67.00134,5.090644994791591
672,67.101342,4.999698630017382
673,67.20134399999999,4.838828080413447
674,67.30134600000001,4.545633867829727
675,67.401348,4.690973202141858
676,67.50135,4.56778989155652
677,67.601352,4.4587903078211095
678,67.70135400000001,4.705256781243709
679,67.801356,4.466108814233494
680,67.901358,4.483352713096706
681,68.00136,4.691372490543027
682,68.10136200000001,4.6486812445401196
683,68.201364,4.546928864203096
684,68.301366,4.742354244162733
685,68.401368,4.545820840385171
686,68.50137,4.52476282808427
687,68.601372,4.7409708856789665
688,68.701374,4.882015288693565
689,68.801376,4.608776593066677
690,68.901378,4.5066628605392305
691,69.00138000000001,4.534915289579458
692,69.101382,4.508296636224301
693,69.201384,4.5770278179070125
694,69.301386,4.805291332515888
695,69.40138800000001,4.88872898580542
696,69.50139,4.582087548514549
697,69.601392,4.550726874689246
698,69.701394,4.665639083702966
699,69.80139600000001,4.978238444384864
700,69.901398,4.534617147664112
701,70.0014,4.859934749361171
702,70.10140200000001,4.733864485412937
703,70.201404,4.608469105307466
704,70.301406,4.655784966392701
705,70.40140799999999,4.870827245780017
706,70.50141,4.7216029593329845
707,70.601412,5.044744909976518
708,70.701414,5.229087331678539
709,70.801416,5.271320014879939
710,70.901418,5.242486822117273
711,71.00142,5.28066042284139
712,71.101422,5.41805317541106
713,71.201424,5.208778909278168
714,71.301426,5.51674517431673
715,71.401428,5.371773596843957
716,71.50143000000001,5.290536626711661
717,71.601432,5.246717997055871
718,71.701434,5.399259188514189
719,71.801436,5.131269302862538
720,71.901438,5.163830901953973
721,72.00144,5.165939178947503
722,72.10144199999999,5.181864217922663
723,72.20144400000001,5.038882151778268
724,72.301446,4.962422783043655
725,72.401448,5.280223262416805
726,72.50144999999999,5.018482518922785
727,72.60145200000001,5.233407261525662
728,72.701454,4.30778739623312
729,72.801456,4.274886802412075
730,72.901458,3.880724772951221
731,73.00146000000001,4.0192865632302945
732,73.101462,4.020007765688138
733,73.201464,4.367821948098823
734,73.301466,4.255950881244925
735,73.40146800000001,3.544153625745973
736,73.50147,4.302829665994158
737,73.601472,4.678172550399644
738,73.701474,4.702753418325049
739,73.801476,4.706988154452782
740,73.901478,4.84209151968843
741,74.00148,4.693767560175877
742,74.101482,5.003176104961076
743,74.201484,4.98609582699758
744,74.30148600000001,5.240795829961274
745,74.401488,4.989224115962316
746,74.50149,5.306521580079461
747,74.601492,5.421974720591501
748,74.70149400000001,5.683119493585066
749,74.801496,5.298427699720446
750,74.901498,5.172168723877905
751,75.0015,5.277107342737396
752,75.10150200000001,5.424230556023033
753,75.201504,5.506230334330164
754,75.301506,5.637312033858507
755,75.401508,5.547233409591983
756,75.50151,5.411407280130437
757,75.601512,5.783573879390323
758,75.70151399999999,5.244603633385425
759,75.801516,4.765768533064208
760,75.901518,4.649156926017466
761,76.00152,4.878042256778043
762,76.101522,4.860477241113671
763,76.201524,5.121739282267202
764,76.301526,5.2697452692776325
765,76.401528,5.403510552112294
766,76.50153,5.791367212012419
767,76.601532,5.282081904933044
768,76.701534,5.695976670548487
769,76.80153600000001,5.500156442290788
770,76.901538,6.060212860576761
771,77.00154,5.88550606571006
772,77.101542,5.66661141221243
773,77.201544,5.469601063129755
774,77.301546,5.443462436926647
775,77.40154799999999,5.596372987205064
776,77.50155000000001,5.4909883526433605
777,77.601552,5.506906873121219
778,77.701554,5.546665531756154
779,77.80155599999999,5.445941801176474
780,77.90155800000001,5.745326598580228
781,78.00156,5.599792350250908
782,78.101562,5.739291039296572
783,78.201564,5.551578204193343
784,78.30156600000001,5.277100841900565
785,78.401568,5.371182685297924
786,78.50157,5.332798342604179
787,78.601572,5.549707787742729
788,78.70157400000001,5.311713922580058
789,78.801576,5.204499040772789
790,78.90157800000001,5.296935290180915
791,79.00158,5.321200938254991
792,79.101582,5.470462959601647
793,79.201584,5.402441564221017
794,79.301586,5.269971245991748
795,79.401588,5.298883143758975
796,79.50159,5.6731971967529
797,79.60159200000001,5.62315669048597
798,79.701594,5.659582086182837
799,79.801596,5.293228563315806
800,79.90159799999999,5.884635399614932
801,80.00160000000001,5.5092797506474085
802,80.101602,5.120746666506979
803,80.201604,5.313541577540005
804,80.301606,5.174801865090565
805,80.40160800000001,4.967094616391943
806,80.50161,5.389480044850376
807,80.601612,5.222288958331371
808,80.701614,5.149843328666505
809,80.801616,4.913769474748343
810,80.901618,5.122869876727477
811,81.00161999999999,4.848248243441293
812,81.101622,5.242631276490148
813,81.201624,4.924941005336356
814,81.301626,4.794199055809435
815,81.401628,4.9084597989897505
816,81.50163,4.80587515210552
817,81.601632,5.0504979999116735
818,81.701634,4.957428357566869
819,81.801636,5.071388129247167
820,81.901638,5.383096586858467
821,82.00164,4.988249773520851
822,82.10164200000001,5.046681894949098
823,82.201644,4.863223123685933
824,82.301646,4.978395951803739
825,82.401648,4.850979620911457
826,82.50165000000001,4.749816692215745
827,82.601652,5.202574520279461
828,82.70165399999999,5.245638295063309
829,82.80165600000001,5.5490115830024
830,82.901658,5.26597830988073
831,83.00166,5.092776211502489
832,83.10166199999999,5.292897792795353
833,83.20166400000001,5.492628120650065
834,83.301666,5.402203715585286
835,83.401668,5.502747968021629
836,83.50167,5.1672410070523735
837,83.60167200000001,5.507437319490941
838,83.701674,5.587020993840798
839,83.801676,5.446113432066004
840,83.901678,5.727935870354749
841,84.00168000000001,5.639088318392493
842,84.101682,5.580133756299002
843,84.20168400000001,5.531960972554168
844,84.301686,5.590605505058614
845,84.401688,5.6873941514326285
846,84.50169,5.3626343417542275
847,84.601692,5.61864620038815
848,84.701694,5.760933496484645
849,84.80169599999999,5.736373313572575
850,84.90169800000001,5.5392553853432345
851,85.0017,5.354794946699173
852,85.101702,5.169508411654381
853,85.20170399999999,5.2900030962814935
854,85.30170600000001,5.559311741142029
855,85.401708,5.1568715413155495
856,85.50171,5.138376163769106
857,85.601712,5.19316956055502
858,85.70171400000001,5.271582121614373
859,85.801716,5.662104877252379
860,85.901718,5.4142544876084475
861,86.00172,5.232667507303167
862,86.10172200000001,5.9434812214583355
863,86.201724,5.310143136022133
864,86.301726,5.418127645482122
865,86.401728,4.719299408859899
866,86.50173,4.605066281701416
867,86.601732,3.769335171856308
868,86.701734,4.231137472256403
869,86.801736,3.6757960990645198
870,86.901738,4.2362206750243585
871,87.00174000000001,4.228005628074335
872,87.101742,4.534586918650334
873,87.201744,4.291695765593325
874,87.301746,4.40175607212302
875,87.40174800000001,4.341528628532122
876,87.50175,4.822433237294511
877,87.601752,5.145645438085628
878,87.701754,5.627650331170254
879,87.80175600000001,4.969866169972066
880,87.901758,4.525559541200515
881,88.00175999999999,4.583821034262484
882,88.10176200000001,4.497557564742102
883,88.201764,4.6587231463992325
884,88.301766,4.517309379859082
885,88.40176799999999,4.170794611381472
886,88.50177000000001,4.680350566439365
887,88.601772,4.492557665909815
888,88.701774,4.918671399182297
889,88.801776,4.3879553754603515
890,88.90177800000001,4.349786692348319
891,89.00178,4.271691428977
892,89.101782,4.47219979544546
893,89.201784,4.852106917384672
894,89.301786,4.41444514935325
895,89.401788,3.827343677156227
896,89.50179000000001,3.943254554407628
897,89.601792,4.046218185273549
898,89.701794,4.434436830855309
899,89.801796,5.539663153747293
900,89.901798,5.154250365057852
901,90.0018,4.578715442631413
902,90.10180199999999,4.153074821281326
903,90.20180400000001,4.490880704363719
904,90.301806,4.440968319787791
905,90.401808,4.657585939507004
906,90.50180999999999,4.919960560804785
907,90.60181200000001,4.639542956499309
908,90.701814,4.807233140099962
909,90.801816,4.992203201797966
910,90.901818,4.796093576290387
911,91.00182000000001,4.5925210774605825
912,91.101822,4.971719375310189
913,91.201824,4.95496600763439
914,91.301826,4.936300324237612
915,91.40182800000001,4.904663914232761
916,91.50183,4.933177693919146
917,91.601832,4.562569047670486
918,91.701834,4.683410460693258
919,91.801836,4.532837861282991
920,91.901838,4.635102045043995
921,92.00184,4.6607151344624596
922,92.101842,4.7795836403750505
923,92.201844,4.8816838713447686
924,92.30184600000001,5.042498165117888
925,92.401848,4.729403107729445
926,92.50185,5.062400057290054
927,92.601852,4.882259271171569
928,92.70185400000001,4.595954989497968
929,92.801856,4.099776168714075
930,92.901858,4.297974176054247
931,93.00186,3.931494270142303
932,93.10186200000001,4.422640952226355
933,93.201864,4.465863298729546
934,93.301866,4.5953775674625
935,93.40186800000001,4.716617887940378
936,93.50187,4.837909324692018
937,93.601872,4.830067056433853
938,93.70187399999999,4.781869237148059
939,93.80187600000001,4.903270429165745
940,93.901878,5.373051747045619
941,94.00188,5.370740559882278
942,94.101882,4.978629999257387
943,94.201884,5.161606798131266
944,94.301886,4.992258980414888
945,94.401888,5.123845960884826
946,94.50189,4.835380444755782
947,94.601892,4.758779210521146
948,94.701894,5.370515837621272
949,94.80189600000001,5.092520110675311
950,94.901898,5.064068947704166
951,95.0019,4.960085961433419
952,95.101902,5.104511516324447
953,95.201904,5.231590799383304
954,95.301906,4.987057831620629
955,95.40190799999999,5.080031167122856
956,95.50191000000001,5.132541286284558
957,95.601912,4.720498497154556
958,95.701914,5.256526694467661
959,95.80191599999999,5.304535107912183
960,95.90191800000001,5.623978660762785
961,96.00192,5.756325601505947
962,96.101922,5.878221962743393
963,96.201924,5.668731433180434
964,96.30192600000001,5.62799434191712
965,96.401928,5.654853620638114
966,96.50193,6.031689634334216
967,96.601932,5.8729751522681575
968,96.70193400000001,5.160437292293458
969,96.801936,5.290257534106286
970,96.90193800000002,4.879130986767626
971,97.00194,5.078812456361852
972,97.101942,4.83068597604329
973,97.201944,5.00362687049273
974,97.301946,4.887302996739034
975,97.401948,5.160175464019242
976,97.50195,5.220756703348917
977,97.60195200000001,5.1476355536469045
978,97.701954,4.924248062081234
979,97.801956,5.1559029314879075
980,97.901958,5.121846411249634
981,98.00196000000001,4.935713330692786
982,98.101962,5.402694852360495
983,98.201964,5.53344564899434
984,98.30196600000001,5.83620661512753
985,98.40196800000001,5.457765502998153
986,98.50197,5.164873343506505
987,98.601972,5.683072481979516
988,98.701974,5.18445118300731
989,98.801976,5.034318601539842
990,98.901978,5.2318589515034715
991,99.00197999999999,5.34621858714041
992,99.101982,5.42929268482963
993,99.201984,5.286254550121051
994,99.301986,5.199998279795947
995,99.401988,5.333904858981946
996,99.50199,5.270513132577044
997,99.601992,5.14272373384939
998,99.701994,5.513733354750224
999,99.801996,5.439580345808356
1000,99.901998,5.063311610631169
1001,100.002,5.454344095317629
1002,100.10200200000001,5.337901920535554
1003,100.202004,5.308731643735403
1004,100.302006,5.5224952186975615
1005,100.402008,4.93108755744463
1006,100.50201000000001,5.354980001343039
1007,100.602012,5.003851280493427
1008,100.70201399999999,5.228642062472739
1009,100.80201600000001,4.86006802416556
1010,100.902018,4.994037998364332
1011,101.00202,5.038838187600556
1012,101.10202199999999,4.9855379562620055
1013,101.20202400000001,5.076323548945895
1014,101.302026,5.06867435959364
1015,101.402028,5.459260011300141
1016,101.50203,5.496299707553948
1017,101.60203200000001,4.978732373858855
1018,101.702034,5.643086687508526
1019,101.802036,5.317755461345659
1020,101.902038,5.36384595202616
1021,102.00204000000001,5.411821693564865
1022,102.102042,5.4864661871451466
1023,102.20204400000001,5.052942159880948
1024,102.302046,5.368828171374121
1025,102.402048,5.590794225998546
1026,102.50205,5.338095281075771
1027,102.602052,5.25512222691704
1028,102.702054,5.339800599467062
1029,102.802056,5.271509694554463
1030,102.90205800000001,5.163496668396585
1031,103.00206,5.249103175461438
1032,103.102062,5.018416904716881
1033,103.202064,5.167491405504165
1034,103.30206600000001,5.192476898673294
1035,103.402068,5.226314509461064
1036,103.50207,5.564380816938982
1037,103.602072,5.739464447011384
1038,103.70207400000001,5.68391817607244
1039,103.802076,5.538681441567442
1040,103.902078,5.422817266332205
1041,104.00208,5.047059829870609
1042,104.10208200000001,4.789503390255979
1043,104.202084,5.0648197909264665
1044,104.302086,5.202616680709249
1045,104.402088,5.035883161680239
1046,104.50209,4.851197300379159
1047,104.602092,5.1473638159244395
1048,104.702094,5.103555712279178
1049,104.802096,5.17546232394277
1050,104.902098,5.0541398741557835
1051,105.00210000000001,5.312023696698514
1052,105.102102,5.30457875896486
1053,105.202104,5.309871109285047
1054,105.302106,5.29048497747912
1055,105.40210800000001,5.2990498480343815
1056,105.50211,5.21224613735525
1057,105.602112,5.205617166596684
1058,105.702114,5.260149812663841
1059,105.80211600000001,5.138062579892017
1060,105.902118,5.0997082409863355
1061,106.00211999999999,5.071231592856839
1062,106.10212200000001,4.925162533529376
1063,106.202124,5.137068095425109
1064,106.302126,4.932456949763437
1065,106.40212799999999,5.119492933153689
1066,106.50213000000001,4.9542852289613935
1067,106.602132,4.957068436711321
1068,106.702134,4.89591151464499
1069,106.802136,5.031611817953765
1070,106.90213800000001,4.934778927892869
1071,107.00214,4.907015884636799
1072,107.102142,4.987662659246449
1073,107.202144,5.137756130263183
1074,107.30214600000001,4.951017143499547
1075,107.402148,4.918755500872984
1076,107.50215000000001,4.864783516484471
1077,107.602152,4.91646213167403
1078,107.702154,4.9200397938433875
1079,107.802156,4.988136699251253
1080,107.902158,4.809174756264487
1081,108.00216,5.019392907215145
1082,108.10216199999999,4.956433595884969
1083,108.20216400000001,4.886748559277697
1084,108.302166,5.0279672350163
1085,108.402168,4.887377543283961
1086,108.50216999999999,5.127918383808012
1087,108.60217200000001,5.161480979153926
1088,108.702174,5.247781359885593
1089,108.802176,4.886094919843752
1090,108.902178,4.886475498873391
1091,109.00218000000001,4.813898222752249
1092,109.102182,4.827264222656783
1093,109.202184,4.995828189953012
1094,109.302186,5.23256284936621
1095,109.40218800000001,5.099818717216786
1096,109.50219,5.212624268801519
1097,109.602192,5.365985274949834
1098,109.702194,5.2368758729419875
1099,109.802196,5.0940587095656795
1100,109.902198,5.251953835805094
1101,110.0022,5.173565797494504
1102,110.102202,5.278401178920774
1103,110.202204,5.1869468265289465
1104,110.30220600000001,5.226159155917761
1105,110.402208,5.1855260540756305
1106,110.50221,5.020993307579802
1107,110.602212,5.14820066977481
1108,110.70221400000001,4.977431502381232
1109,110.802216,5.0187559355895415
1110,110.902218,4.940774252353455
1111,111.00222,4.8395147497720945
1112,111.10222200000001,5.363799813451739
1113,111.202224,5.0089605246759366
1114,111.30222599999999,5.046653584606707
1115,111.40222800000001,5.1035360394741796
1116,111.50223,5.219350979837852
1117,111.602232,5.179738049973398
1118,111.70223399999999,5.134426140826669
1119,111.80223600000001,5.138708817883879
1120,111.902238,5.074352683874961
1121,112.00224,5.179474033966521
1122,112.102242,5.272299868196587
1123,112.20224400000001,5.153311947344504
1124,112.302246,5.266864500376833
1125,112.402248,5.150597557746915
1126,112.50225,5.342612558877705
1127,112.60225200000001,5.175871329697887
1128,112.702254,5.24473849366047
1129,112.80225600000001,5.241104546887127
1130,112.902258,5.277500766807127
1131,113.00226,5.085734146465828
1132,113.102262,5.214212837668569
1133,113.202264,5.195652961634609
1134,113.302266,5.343647499926027
1135,113.40226799999999,5.174885526562208
1136,113.50227000000001,5.326727335932917
1137,113.602272,5.01492334240071
1138,113.702274,5.272654938842935
1139,113.80227599999999,5.221832986743221
1140,113.90227800000001,5.349518305665889
1141,114.00228,5.368127276202095
1142,114.102282,5.2959185419630765
1143,114.202284,5.184240761293332
1144,114.30228600000001,5.276687926214641
1145,114.402288,5.137387185898881
1146,114.50229,5.165471262647709
1147,114.602292,5.1307696136135155
1148,114.70229400000001,4.995186749579786
1149,114.802296,5.078929599740981
1150,114.902298,5.154403606516049
1151,115.0023,5.109803464566627
1152,115.102302,5.114771698776063
1153,115.202304,5.146347549233393
1154,115.302306,5.386938506384467
1155,115.402308,5.157996588145874
1156,115.50231,5.175585593387934
1157,115.60231200000001,5.3332674326803895
1158,115.702314,5.163268104975303
1159,115.802316,5.218539411314094
1160,115.902318,5.309844023955868
1161,116.00232000000001,5.285233964599449
1162,116.102322,5.303309925918938
1163,116.202324,5.140199224661738
1164,116.30232600000001,5.136875548631941
1165,116.40232800000001,5.250259047672471
1166,116.50233,5.233466547233141
1167,116.602332,5.154472298926745
1168,116.70233400000001,5.134119048150874
1169,116.802336,5.182571288381882
1170,116.902338,5.272078910647472
1171,117.00233999999999,5.206654738837834
1172,117.10234200000001,5.031411378770281
1173,117.202344,5.194648304944936
1174,117.302346,5.153428475158432
1175,117.402348,4.978156911209739
1176,117.50235,5.238460986481511
1177,117.602352,5.178197980770368
1178,117.702354,5.038797490650445
1179,117.802356,5.355788781295604
1180,117.902358,5.122265078031335
1181,118.00236,5.106147778704094
1182,118.10236200000001,5.28396014576551
1183,118.202364,5.147151591812724
1184,118.302366,5.197717209034425
1185,118.402368,5.075182949314044
1186,118.50237,4.921857702264526
1187,118.602372,4.8439525892051645
1188,118.70237399999999,4.963252450809438
1189,118.80237600000001,4.90021709585805
1190,118.902378,4.971443724060155
1191,119.00238,5.317721923556816
1192,119.10238199999999,5.544992521880999
1193,119.20238400000001,5.5752566956811265
1194,119.302386,5.711002302060959
1195,119.402388,5.252272716447188
1196,119.50239,5.576867570578672
1197,119.60239200000001,5.407064388734462
1198,119.702394,5.170705981488937
1199,119.802396,5.048630409251232
1200,119.902398,5.14873763131228
1201,120.00240000000001,5.183710773548385
1202,120.102402,5.2258424184151
1203,120.20240400000002,5.302063458628084
1204,120.302406,5.5534357450700025
1205,120.402408,5.1872645210699675
1206,120.50241,5.146887925810291
1207,120.602412,5.011687869840219
1208,120.702414,5.21703072033212
1209,120.802416,5.133359710463749
1210,120.90241800000001,5.121865963349666
1211,121.00242,4.765617912806401
1212,121.102422,4.939889664890811
1213,121.202424,4.839462357674759
1214,121.30242600000001,5.192370531404748
1215,121.402428,4.704508669882172
1216,121.50243,5.12289493478385
1217,121.60243200000001,5.252591277362677
1218,121.70243400000001,4.9122342460334245
1219,121.802436,5.390405032558895
1220,121.902438,5.1699469220647245
1221,122.00244,5.030652551754043
1222,122.102442,5.05845931879671
1223,122.202444,4.627616222044551
1224,122.302446,4.597506430851675
1225,122.402448,4.807154351016604
1226,122.50245,4.976498261745881
1227,122.602452,5.087550582906334
1228,122.702454,5.205918117737716
1229,122.802456,5.250827751088363
1230,122.902458,5.2157990498200775
1231,123.00246000000001,4.826810007880862
1232,123.102462,4.871929643282889
1233,123.202464,5.201126708032274
1234,123.302466,5.0498217463723325
1235,123.40246800000001,5.212824495042339
1236,123.50247,5.167102373424071
1237,123.602472,5.302888209564132
1238,123.702474,5.0941190853674385
1239,123.80247600000001,5.2543457259681485
1240,123.902478,4.95336515089937
1241,124.00247999999999,5.186649830218845
1242,124.10248200000001,4.92872732285451
1243,124.202484,4.846208292903729
1244,124.302486,4.697999485725627
1245,124.40248799999999,4.806576910571886
1246,124.50249000000001,5.011666185106838
1247,124.602492,4.96199449510798
1248,124.702494,4.50563111518058
1249,124.802496,5.033933713703993
1250,124.90249800000001,4.839115411837675
1251,125.0025,4.560817726745296
1252,125.102502,4.436513428440911
1253,125.202504,4.842773099693939
1254,125.30250600000001,4.384997707598706
1255,125.402508,4.4402913672986974
1256,125.50251000000002,4.684941813353107
1257,125.602512,4.606784212004943
1258,125.702514,4.303831037968566
1259,125.802516,4.506207761735683
1260,125.902518,4.494397822051195
1261,126.00252,4.635522433793542
1262,126.102522,4.6267214900461715
1263,126.20252400000001,4.341932704420378
1264,126.302526,4.737907971867961
1265,126.402528,4.7774607487088305
1266,126.50253,4.477494073839287
1267,126.60253200000001,4.503257617042968
1268,126.702534,4.697909005468203
1269,126.802536,4.649327716145492
1270,126.902538,4.90180142027453
1271,127.00254000000001,4.749267990146726
1272,127.102542,4.514108838537163
1273,127.202544,4.568643884512476
1274,127.302546,4.7838046527087545
1275,127.40254800000001,4.860364821145077
1276,127.50255,4.555818710245086
1277,127.602552,4.774834508671934
1278,127.702554,4.669263056109439
1279,127.802556,5.032509826092485
1280,127.902558,5.132248816533695
1281,128.00256,5.181957055731377
1282,128.102562,5.190832808767608
1283,128.202564,5.071901404552797
1284,128.302566,5.125291749236709
1285,128.402568,5.228921305449264
1286,128.50257000000002,5.093336121231344
1287,128.602572,5.348329964897911
1288,128.702574,4.950753991073212
1289,128.802576,4.972635340389969
1290,128.902578,5.316502806364349
1291,129.00258,5.057997050699682
1292,129.102582,4.95857183885232
1293,129.202584,5.195846253185929
1294,129.302586,5.148086733312958
1295,129.402588,5.064133194727064
1296,129.50259,5.048518254135658
1297,129.60259200000002,5.1983120380476535
1298,129.702594,5.064584812722679
1299,129.802596,5.1809867654858195
1300,129.902598,5.19069000155427
1301,130.0026,5.058206505868978
1302,130.102602,4.703866321872363
1303,130.202604,5.250872287199865
1304,130.302606,4.868998775713248
1305,130.40260800000001,4.851220898586522
1306,130.50261,4.844165946188662
1307,130.60261200000002,5.040532682291365
1308,130.702614,4.743795512842637
1309,130.802616,4.939459812436304
1310,130.902618,5.086132501598239
1311,131.00262,5.2172497766401
1312,131.102622,4.766375262755425
1313,131.20262400000001,4.969545792212167
1314,131.30262599999998,4.757345698703717
1315,131.402628,4.732126017158604
1316,131.50263,4.817995174436624
1317,131.602632,5.29677822106254
1318,131.702634,4.826131768047131
1319,131.802636,4.791063675114938
1320,131.902638,4.735773698825667
1321,132.00264,5.042954188745875
1322,132.102642,4.92605590104658
1323,132.202644,4.626547786068755
1324,132.302646,4.599166627111183
1325,132.40264800000003,4.502012581411717
1326,132.50265,4.48455556610248
1327,132.602652,4.682378564278778
1328,132.702654,4.5549800616064635
1329,132.802656,4.648271139479353
1330,132.902658,4.424714194542532
1331,133.00266,4.266872850650479
1332,133.102662,4.215132420386268
1333,133.202664,4.221929898676747
1334,133.302666,4.280652633829336
1335,133.402668,4.308449358064747
1336,133.50267000000002,4.285629889393803
1337,133.60267199999998,4.2190775264235345
1338,133.702674,4.324274916691163
1339,133.80267600000002,4.307939621018469
1340,133.902678,4.492310588399482
1341,134.00268,4.496947211353577
1342,134.102682,4.46523308494697
1343,134.202684,4.786060774343613
1344,134.30268600000002,4.668670645812609
1345,134.40268799999998,4.877912034866458
1346,134.50269,4.754455521807805
1347,134.60269200000002,4.811179811345158
1348,134.70269399999998,4.834738835892977
1349,134.802696,5.043492557631872
1350,134.90269800000002,4.690396020718925
1351,135.0027,4.840087331227384
1352,135.102702,4.777905085881596
1353,135.202704,4.719217871793247
1354,135.302706,4.886650071837771
1355,135.40270800000002,4.9172568532085785
1356,135.50270999999998,5.017770943627652
1357,135.602712,4.865518563120946
1358,135.70271400000001,4.496039145232408
1359,135.802716,4.875266490262528
1360,135.902718,5.02551608685094
1361,136.00272,4.697769602535918
1362,136.102722,4.911511211589589
1363,136.20272400000002,4.752620346127584
1364,136.302726,4.8791309010812896
1365,136.402728,4.992340109097678
1366,136.50273,4.807125042363375
1367,136.602732,4.90789037294714
1368,136.702734,4.872627176234376
1369,136.802736,5.118716036691363
1370,136.902738,5.016944447517723
1371,137.00274,4.813153078677708
1372,137.102742,4.7870534129892555
1373,137.202744,4.876814689418409
1374,137.302746,5.178183255050961
1375,137.402748,5.192326891165048
1376,137.50275,4.57850016219002
1377,137.602752,4.654145007599264
1378,137.70275400000003,4.740268153301077
1379,137.802756,4.594558440519365
1380,137.902758,4.269436858451435
1381,138.00276000000002,4.743908045569317
1382,138.102762,4.670666130176115
1383,138.202764,4.599369282509131
1384,138.302766,4.673613481224983
1385,138.402768,4.737355155433421
1386,138.50277,4.331833749604028
1387,138.602772,4.668463081193924
1388,138.702774,4.525728696229444
1389,138.80277600000002,4.464499806892233
1390,138.90277799999998,4.606631939041643
1391,139.00278,4.69392896122058
1392,139.10278200000002,4.777786958710415
1393,139.202784,4.943789282751154
1394,139.302786,4.692088861327046
1395,139.402788,4.655862472793529
1396,139.50279,4.701274211465915
1397,139.60279200000002,4.516455747101527
1398,139.70279399999998,4.420970149669935
1399,139.802796,4.591914688341453
1400,139.90279800000002,4.47922419382786
1401,140.0028,4.532860432869224
1402,140.102802,4.670651379991635
1403,140.20280400000001,4.739004220496138
1404,140.302806,4.687002090886258
1405,140.402808,4.897041630209854
1406,140.50281,4.738406006353752
1407,140.602812,4.75237747600172
1408,140.70281400000002,4.815848821836493
1409,140.80281599999998,4.778716576730392
1410,140.902818,4.752054089778457
1411,141.00282,4.925918852867415
1412,141.102822,4.607116007940387
1413,141.202824,4.838697706315753
1414,141.302826,4.676864431894082
1415,141.402828,4.4885006433203705
1416,141.50283000000002,4.708970738003055
1417,141.602832,4.612889622839237
1418,141.702834,4.718001003176821
1419,141.802836,4.575174730545839
1420,141.902838,4.770096601184574
1421,142.00284,4.358935414467335
1422,142.102842,4.416598314457824
1423,142.202844,4.592050912614591
1424,142.302846,4.756664784125474
1425,142.402848,4.582073129351824
1426,142.50285,4.657876047897904
1427,142.602852,4.832961034572959
1428,142.702854,4.685731665660627
1429,142.802856,4.8492660869262805
1430,142.902858,4.817790510168639
1431,143.00286000000003,4.951896820581488
1432,143.102862,4.666933195247345
1433,143.202864,4.822941007882444
1434,143.30286600000002,4.62565986895666
1435,143.402868,4.604666872756745
1436,143.50287,4.950658241244339
1437,143.602872,4.862312709385018
1438,143.702874,5.096462648984723
1439,143.802876,4.604956373053913
1440,143.902878,4.780095977211823
1441,144.00288,4.949279943671597
1442,144.10288200000002,4.644075842253262
1443,144.20288399999998,4.914018192064433
1444,144.302886,4.655746971488833
1445,144.40288800000002,4.556346846224188
1446,144.50289,4.447095337265542
1447,144.602892,4.122552261910211
1448,144.702894,4.513772319910694
1449,144.802896,4.437797072477324
1450,144.90289800000002,4.373640121873984
1451,145.00289999999998,4.68018589218093
1452,145.102902,4.479221198754744
1453,145.20290400000002,4.46619743880448
1454,145.302906,4.823145034056017
1455,145.402908,4.382350947925262
1456,145.50291,4.6915125788321905
1457,145.602912,4.675471329854978
1458,145.702914,4.472204050510146
1459,145.802916,4.550354745236763
1460,145.902918,4.333534619305405
1461,146.00292000000002,4.433601894592006
1462,146.10292199999998,4.571005542592831
1463,146.202924,4.640608936908492
1464,146.302926,4.486604385264687
1465,146.402928,4.595999447332287
1466,146.50293,4.372799464171641
1467,146.602932,4.430691077219755
1468,146.702934,4.344401813352001
1469,146.80293600000002,4.567884995716923
1470,146.902938,4.774163621981439
1471,147.00294,4.482897544591026
1472,147.102942,4.652552305401339
1473,147.202944,4.577507335883166
1474,147.302946,5.132847949224093
1475,147.402948,4.59817977330485
1476,147.50295,4.8694049266139166
1477,147.602952,4.725015009830237
1478,147.702954,4.703529461098989
1479,147.802956,4.469218514610557
1480,147.902958,4.568982077333815
1481,148.00296,4.363049794503681
1482,148.102962,4.475488879912097
1483,148.202964,4.625282943842902
1484,148.30296600000003,4.495788235496279
1485,148.402968,4.5578424597258085
1486,148.50297,4.549103616585117
1487,148.60297200000002,4.432696524457423
1488,148.702974,4.5280839867291816
1489,148.802976,4.167340856186921
1490,148.902978,4.209996911941773
1491,149.00298,4.84712242131945
1492,149.102982,4.668923826427107
1493,149.202984,4.576356198768096
1494,149.302986,4.496119607863697
1495,149.40298800000002,4.530765250579261
1496,149.50298999999998,4.132995875947056
1497,149.602992,4.402759323817687
1498,149.70299400000002,4.492342973031082
1499,149.802996,4.135233088517594
1500,149.902998,4.7997754480849935
1501,150.003,4.677932147418262
1502,150.103002,5.054990064734844
1503,150.20300400000002,4.569201007191968
1504,150.30300599999998,4.632751020960483
1505,150.403008,4.614439759568952
1506,150.50301000000002,4.6097502440192395
1507,150.603012,4.60326227400979
1508,150.703014,4.722836222017616
1509,150.803016,5.0646763273381845
1510,150.903018,5.081094036135083
1511,151.00302,5.029014125562852
1512,151.103022,5.323450966331198
1513,151.203024,5.0669919951219535
1514,151.30302600000002,5.123904317394523
1515,151.40302799999998,5.10981446082899
1516,151.50303,5.0986033911018005
1517,151.603032,5.428895040058031
1518,151.703034,5.141093992601743
1519,151.803036,5.249118960568808
1520,151.903038,5.483255371381518
1521,152.00304,4.847048153433635
1522,152.10304200000002,4.95841654907872
1523,152.203044,5.259923463652253
1524,152.303046,4.9177733114555435
1525,152.403048,5.3797748188652195
1526,152.50305000000003,5.1821275315730535
1527,152.603052,4.9074832441076035
1528,152.703054,5.110600484626651
1529,152.803056,5.207316628515311
1530,152.903058,5.030303663991343
1531,153.00306,5.056853825418394
1532,153.103062,5.034595078397635
1533,153.203064,5.241930201296791
1534,153.303066,5.206737513297502
1535,153.403068,5.00086568406062
1536,153.50307,4.547898307852815
1537,153.60307200000003,4.913114679801158
1538,153.703074,4.9319902997808915
1539,153.803076,4.6080440297771625
1540,153.90307800000002,4.948710692130483
1541,154.00308,5.2553866490173125
1542,154.103082,5.0571271117743475
1543,154.203084,5.226153951784946
1544,154.303086,4.829857956948719
1545,154.403088,4.911008166335437
1546,154.50309,4.321945342771416
1547,154.603092,4.512945617643212
1548,154.70309400000002,4.04706769537179
1549,154.80309599999998,4.852931044265557
1550,154.903098,5.191596896516884
1551,155.00310000000002,5.279244751286866
1552,155.103102,4.973739487307015
1553,155.203104,4.965412161094297
1554,155.303106,4.9969921298878734
1555,155.403108,5.004765107097902
1556,155.50311000000002,4.810097574502908
1557,155.60311199999998,4.776212100575209
1558,155.703114,5.19997811377786
1559,155.80311600000002,4.780576808881937
1560,155.903118,5.317735293072234
1561,156.00312,4.88576222489948
1562,156.103122,4.806292895179949
1563,156.203124,4.612444403426229
1564,156.303126,4.663703666105231
1565,156.403128,4.83661609685495
1566,156.50313,4.99341649911889
1567,156.60313200000002,5.44573632204249
1568,156.70313399999998,5.51953492202823
1569,156.803136,5.003866939040031
1570,156.903138,5.11158874893698
1571,157.00314,5.340398722708276
1572,157.103142,5.121966373629722
1573,157.203144,5.270158017348722
1574,157.303146,5.011523751592467
1575,157.40314800000002,5.369263349865212
1576,157.50315,5.056338608600374
1577,157.603152,5.335575483466811
1578,157.703154,5.053594440112102
1579,157.80315600000003,5.025300045992421
1580,157.903158,5.11892535774756
1581,158.00316,5.408162602755579
1582,158.103162,4.77173851678521
1583,158.203164,5.042184244362822
1584,158.303166,4.678187297342844
1585,158.403168,4.715178437453079
1586,158.50317,4.468521648951732
1587,158.603172,4.8897253342341385
1588,158.703174,4.702803317345752
1589,158.803176,4.916959786861385
1590,158.90317800000003,4.7112758178645056
1591,159.00318,4.724247203686424
1592,159.103182,4.580471136444134
1593,159.20318400000002,4.6032084854580795
1594,159.303186,4.509506211417327
1595,159.403188,4.97037823685957
1596,159.50319,4.686544761742577
1597,159.603192,4.787296062920156
1598,159.70319400000002,4.506250176508374
1599,159.80319599999999,4.293783974930047
1600,159.903198,4.429826829791142
1601,160.00320000000002,4.6328269561298665
1602,160.10320199999998,4.650459890226194
1603,160.203204,4.495787878070221
1604,160.30320600000002,4.295050982062074
1605,160.403208,4.396675601170769
1606,160.50321,4.320056750350457
1607,160.603212,4.088459674311751
1608,160.703214,4.754479801898205
1609,160.80321600000002,4.365099437039647
1610,160.90321799999998,4.409716393713007
1611,161.00322,4.220917281527744
1612,161.10322200000002,4.630838371821121
1613,161.203224,4.734113538051194
1614,161.303226,4.712321161483081
1615,161.403228,4.847797463089717
1616,161.50323,5.033887389899065
1617,161.603232,4.59124449178486
1618,161.703234,4.3910654043906545
1619,161.803236,4.841951408504395
1620,161.90323800000002,4.908365830517984
1621,162.00323999999998,4.9932683081548
1622,162.103242,4.896613924049131
1623,162.203244,4.836471965201353
1624,162.303246,4.883552794145486
1625,162.403248,4.916980936288477
1626,162.50325,5.016486074918785
1627,162.603252,4.6851883974967174
1628,162.70325400000002,4.5927240413784265
1629,162.803256,4.893945865798871
1630,162.903258,4.330999560352097
1631,163.00326,4.2683142492922075
1632,163.10326200000003,4.289512045058978
1633,163.203264,4.567417908829127
1634,163.303266,4.044402392015415
1635,163.403268,4.9278238168014585
1636,163.50327,5.275141017191558
1637,163.603272,5.42379297343362
1638,163.703274,5.588033790702913
1639,163.803276,5.564284134675796
1640,163.903278,5.57704108784866
1641,164.00328,5.6610947376485
1642,164.103282,6.011004522393748
1643,164.20328400000002,5.921808309416667
1644,164.30328599999999,5.806592209188741
1645,164.403288,5.803144839316088
1646,164.50329000000002,5.774286501832509
1647,164.603292,5.510673335918081
1648,164.703294,5.974988399113681
1649,164.803296,5.576830281898805
1650,164.903298,5.716032353749237
1651,165.00330000000002,5.750745416315795
1652,165.10330199999999,5.6575254968180495
1653,165.203304,5.377492765230708
1654,165.30330600000002,5.574715158054783
1655,165.40330799999998,5.804648469878303
1656,165.50331,5.896962177110871
1657,165.60331200000002,5.425362348677347
1658,165.703314,5.357069446683548
1659,165.803316,5.612394900843544
1660,165.903318,5.193588975620739
1661,166.00332,5.625221121837696
1662,166.10332200000002,5.341213982627892
1663,166.20332399999998,5.263229560660409
1664,166.303326,5.24581917496449
1665,166.40332800000002,5.467805231842637
1666,166.50333,5.071094800094817
1667,166.603332,5.271366585897227
1668,166.703334,5.218107043156693
1669,166.803336,5.083123736265507
1670,166.90333800000002,5.094054302065234
1671,167.00334,5.141738809868775
1672,167.103342,5.232210854416568
1673,167.20334400000002,5.085511326263144
1674,167.30334599999998,5.077037471507639
1675,167.403348,4.844529145088686
1676,167.50335,5.328415872335225
1677,167.603352,5.154045266116745
1678,167.703354,4.9159302334836905
1679,167.803356,4.922121452648832
1680,167.903358,4.7057349281141905
1681,168.00336000000001,5.090331568174084
1682,168.103362,5.296470864137026
1683,168.203364,5.354461947316392
1684,168.303366,4.897867086932367
1685,168.40336800000003,5.0884422081591145
1686,168.50337,4.8851958981318395
1687,168.603372,4.925213248572847
1688,168.703374,5.162535678279605
1689,168.803376,5.224469399614294
1690,168.903378,5.346540693562653
1691,169.00338,5.044177693068537
1692,169.103382,5.359995667904757
1693,169.203384,5.333617909156265
1694,169.303386,5.636310507161968
1695,169.403388,4.9000152552178005
1696,169.50339000000002,5.238760123177317
1697,169.60339199999999,5.007177928827611
1698,169.703394,5.020117786245321
1699,169.80339600000002,5.463635801324685
1700,169.903398,5.196482434716511
1701,170.0034,5.602783467565701
1702,170.103402,5.142612145720657
1703,170.203404,5.14593671267717
1704,170.30340600000002,5.343151875851587
1705,170.40340799999998,5.2971432984083755
1706,170.50341,5.23555962201955
1707,170.60341200000002,5.076645041523533
1708,170.70341399999998,5.0816811631199075
1709,170.803416,5.405042444935522
1710,170.90341800000002,5.222600217591986
1711,171.00342,5.269731673585817
1712,171.103422,5.193520254131823
1713,171.203424,4.768290143092044
1714,171.303426,5.087875291848642
1715,171.40342800000002,5.7299811025592335
1716,171.50342999999998,5.448318830390373
1717,171.603432,5.62617514689257
1718,171.70343400000002,5.1426739168707725
1719,171.803436,5.5510139815578885
1720,171.903438,5.455485729000243
1721,172.00344,5.406800631843118
1722,172.103442,5.29730259089223
1723,172.20344400000002,5.727462182820512
1724,172.303446,5.0480977557068485
1725,172.403448,4.941358263720641
1726,172.50345000000002,5.2062884823529405
1727,172.603452,5.5006163841256415
1728,172.703454,4.800674299697372
1729,172.803456,4.9057684805416715
1730,172.903458,4.8739477339340045
1731,173.00346,5.067800105589794
1732,173.103462,4.948105506337908
1733,173.203464,4.678627841386795
1734,173.30346600000001,4.870403869482382
1735,173.403468,4.984468494299252
1736,173.50347,5.081928377547173
1737,173.603472,4.747179389552474
1738,173.70347400000003,4.905467838117386
1739,173.803476,4.645251760843659
1740,173.903478,4.727015354844732
1741,174.00348000000002,4.782934114684626
1742,174.103482,4.8800215371768525
1743,174.203484,4.689598250168748
1744,174.303486,4.962898332277529
1745,174.403488,4.813446182868342
1746,174.50349,4.837083889686715
1747,174.603492,4.711528158536121
1748,174.703494,4.657853013029511
1749,174.80349600000002,4.74989804201457
1750,174.90349799999998,4.921294426776383
1751,175.0035,5.240058412408439
1752,175.10350200000002,5.055472505815204
1753,175.203504,4.819365567378725
1754,175.303506,4.86382847250826
1755,175.403508,4.723271533421134
1756,175.50351,4.344053282193196
1757,175.60351200000002,4.700340620304221
1758,175.70351399999998,4.593848059412755
1759,175.803516,4.80874016927017
1760,175.90351800000002,4.975603124902645
1761,176.00351999999998,4.587876313863125
1762,176.103522,4.436147772849678
1763,176.20352400000002,4.663271454901187
1764,176.303526,4.578860551924138
1765,176.403528,4.730523820518142
1766,176.50353,4.712711923594219
1767,176.603532,4.550781623923582
1768,176.70353400000002,4.680950785283774
1769,176.80353599999998,4.665655160924239
1770,176.903538,4.629856761606274
1771,177.00354000000002,4.809999929880784
1772,177.103542,4.494622713269388
1773,177.203544,4.5926020534725405
1774,177.303546,4.812546974720508
1775,177.403548,4.542220789872215
1776,177.50355000000002,4.686254930804994
1777,177.603552,4.770098483545597
1778,177.703554,4.8753474569782504
1779,177.80355600000001,4.564353191739217
1780,177.903558,4.585083880845915
1781,178.00356,4.472734674532618
1782,178.103562,4.261164556990413
1783,178.203564,4.367191745957383
1784,178.303566,4.344540705833711
1785,178.403568,4.153902526195255
1786,178.50357,4.343748716201501
1787,178.603572,4.414817329619678
1788,178.703574,4.565466383215982
1789,178.803576,4.2921815435398365
1790,178.903578,4.230444446509984
1791,179.00358000000003,4.3437664845568635
1792,179.103582,4.121012392679824
1793,179.203584,4.259639224046987
1794,179.30358600000002,4.147202804678041
1795,179.403588,4.429288866467908
1796,179.50359,4.362332634858397
1797,179.603592,4.295141098526877
1798,179.703594,4.176043925914607
1799,179.803596,4.353612667293801
1800,179.903598,4.362494908158842
1801,180.0036,4.404518847663894
1802,180.10360200000002,4.361535578227388
1803,180.20360399999998,4.534192984255359
1804,180.303606,4.236633743196762
1805,180.40360800000002,4.397569238869442
1806,180.50361,4.3993750054175536
1807,180.603612,4.260278446910487
1808,180.703614,4.374026564084012
1809,180.803616,4.153820184648084
1810,180.90361800000002,4.4354992515222
1811,181.00361999999998,4.51260053078038
1812,181.103622,4.336771240357133
1813,181.20362400000002,4.361010652238243
1814,181.30362599999998,4.418120341536696
1815,181.403628,4.514215849680117
1816,181.50363000000002,4.611271734186427
1817,181.603632,4.4067379238131705
1818,181.703634,4.368393776182365
1819,181.803636,4.305415299122637
1820,181.903638,4.509481502596097
1821,182.00364000000002,4.4182394353259555
1822,182.10364199999998,4.534704880489919
1823,182.203644,4.365919387996219
1824,182.30364600000001,4.437226389582186
1825,182.403648,4.302296140885381
1826,182.50365,4.410613301681194
1827,182.603652,4.509851050619485
1828,182.703654,4.549807899812039
1829,182.80365600000002,4.435295590949732
1830,182.903658,4.523720615935551
1831,183.00366,4.6338521152838945
1832,183.103662,4.487182700018267
1833,183.203664,4.382955332070257
1834,183.303666,4.310215391843569
1835,183.403668,4.413682079010619
1836,183.50367,4.441278222539694
1837,183.603672,4.659276794993559
1838,183.703674,4.617753999295657
1839,183.803676,4.080395214203101
1840,183.903678,4.3378377652646405
1841,184.00368,4.5414632602493805
1842,184.103682,4.222392516337772
1843,184.203684,4.137814893296426
1844,184.30368600000003,3.983369283322235
1845,184.403688,4.282041172700982
1846,184.50369,4.412647490878148
1847,184.60369200000002,4.28887645184982
1848,184.703694,4.461877577568099
1849,184.803696,4.418664331717304
1850,184.903698,4.9665824858984955
1851,185.0037,4.483192510645803
1852,185.103702,4.5158505889111655
1853,185.203704,4.258437337072316
1854,185.303706,4.259846183917895
1855,185.40370800000002,4.273863260367477
1856,185.50370999999998,4.300675748085119
1857,185.603712,4.4527263791447735
1858,185.70371400000002,4.430441529594709
1859,185.803716,4.67019698181238
1860,185.903718,4.731616908841693
1861,186.00372,4.616744555608202
1862,186.103722,4.670983152645568
1863,186.20372400000002,4.762575081306528
1864,186.30372599999998,4.622375876213415
1865,186.403728,4.6556408511733585
1866,186.50373000000002,4.609197794433161
1867,186.603732,4.825875932377321
1868,186.703734,4.93429097419649
1869,186.80373600000001,5.05795874012653
1870,186.903738,4.911070037499069
1871,187.00374,4.848540712850005
1872,187.103742,5.076186379124962
1873,187.203744,5.163373896333579
1874,187.30374600000002,5.345159175230872
1875,187.40374799999998,5.249536723140254
1876,187.50375,5.203374030669995
1877,187.60375200000001,5.0453359284951125
1878,187.703754,5.196219195936245
1879,187.803756,5.3553857132337805
1880,187.903758,5.306133972534138
1881,188.00376,5.159499605121888
1882,188.10376200000002,5.355528790890512
1883,188.203764,5.125328073350187
1884,188.303766,5.0601522305048166
1885,188.403768,5.026664996854784
1886,188.50377,5.000310674133073
1887,188.603772,5.248176602013839
1888,188.703774,5.261669055109558
1889,188.803776,5.200174537172044
1890,188.903778,5.227461595524139
1891,189.00378,5.263503999970725
1892,189.103782,5.077153965372698
1893,189.203784,5.249193943615739
1894,189.303786,5.149457641715124
1895,189.403788,5.482517609240014
1896,189.50379,5.510217452892854
1897,189.60379200000003,5.249361593645451
1898,189.703794,5.22912075826883
1899,189.803796,5.2215574393437025
1900,189.90379800000002,5.252044603849209
1901,190.0038,5.331820976452817
1902,190.103802,5.144983515012193
1903,190.203804,5.3214805847193904
1904,190.303806,5.483184045540793
1905,190.403808,5.413388299027939
1906,190.50381,5.373985338309568
1907,190.603812,5.257395637997887
1908,190.70381400000002,5.458967939247747
1909,190.80381599999998,5.440983948845541
1910,190.903818,5.1807525174873685
1911,191.00382000000002,5.240661107678964
1912,191.103822,5.1685067803530504
1913,191.203824,5.274376143905761
1914,191.30382600000002,5.0464421121585765
1915,191.403828,5.18684174062008
1916,191.50383000000002,5.453161336878809
1917,191.60383199999998,5.424561742357857
1918,191.703834,5.247034738658035
1919,191.80383600000002,5.345554883641116
1920,191.903838,5.2159544113796
1921,192.00384,5.2489185249890795
1922,192.10384200000001,5.2890812291999225
1923,192.203844,5.21800169182724
1924,192.303846,4.980460424815202
1925,192.403848,5.115563246716124
1926,192.50385,5.425897264399247
1927,192.60385200000002,5.323887458552459
1928,192.70385399999998,4.951630472699546
1929,192.803856,5.159007867243416
1930,192.903858,4.9559096989210545
1931,193.00386,4.970318091318739
1932,193.103862,4.980845993124768
1933,193.203864,4.981114897615868
1934,193.303866,4.943883348766732
1935,193.40386800000002,4.979531199899529
1936,193.50387,5.002150120645396
1937,193.603872,5.075549768758789
1938,193.703874,5.182014858475955
1939,193.80387600000003,5.144244071612652
1940,193.903878,5.108222250256028
1941,194.00388,5.1259285863124076
1942,194.103882,5.1145978265687715
1943,194.203884,5.036487257405172
1944,194.303886,5.263416444847037
1945,194.403888,5.162619289045361
1946,194.50389,5.117088160100502
1947,194.603892,5.350487710375656
1948,194.703894,5.177947121793746
1949,194.803896,5.05530848515251
1950,194.90389800000003,5.569712978081477
1951,195.0039,5.17433256829341
1952,195.103902,5.386198293540134
1953,195.20390400000002,5.2513064629801045
1954,195.303906,4.994692513848801
1955,195.403908,5.200596568791707
1956,195.50391,5.331301609096663
1957,195.603912,5.171002242152777
1958,195.703914,5.259374205875589
1959,195.803916,5.0549283482182785
1960,195.903918,5.013720135608335
1961,196.00392000000002,4.989410447200595
1962,196.10392199999998,5.306677555686247
1963,196.203924,5.308542412724395
1964,196.30392600000002,5.247504706200412
1965,196.403928,5.1769932419065245
1966,196.50393,5.235992484430848
1967,196.60393200000001,5.346214826470061
1968,196.703934,5.1117685436162335
1969,196.80393600000002,5.32678606865727
1970,196.90393799999998,5.36341597299987
1971,197.00394,5.145078536767678
1972,197.10394200000002,5.3125754971262635
1973,197.203944,5.283577141551886
1974,197.303946,5.258968230553914
1975,197.403948,5.116616216248045
1976,197.50395,5.225361964818419
1977,197.603952,5.297523914830831
1978,197.703954,5.431516231635668
1979,197.803956,5.27641201684
1980,197.90395800000002,5.425346928906045
1981,198.00395999999998,5.403513427198683
1982,198.103962,5.39637700759033
1983,198.203964,5.340519901037245
1984,198.303966,5.1631931285081425
1985,198.403968,5.150435806081944
1986,198.50397,5.04352237878943
1987,198.603972,5.238403975051144
1988,198.70397400000002,5.345688463489286
1989,198.803976,5.370061878037211
1990,198.903978,5.161389158559114
1991,199.00398,5.499860702856584
1992,199.10398200000003,5.1858100935225035
1993,199.203984,5.225634138285435
1994,199.303986,5.568310569034959
1995,199.403988,5.308536719441214
1996,199.50399,5.277004533172157
1997,199.603992,5.239138097047606
1998,199.703994,5.352509527013983
1999,199.803996,5.268523421746978
2000,199.903998,5.257180267668881
2001,200.004,5.109653053532157
2002,200.104002,5.152352081671119
2003,200.20400400000003,4.974303549427793
2004,200.304006,5.2646298099897315
2005,200.404008,5.290583324044315
2006,200.50401000000002,5.282589681265926
2007,200.604012,5.249588991194179
2008,200.704014,5.094430610230839
2009,200.804016,5.160454739727483
2010,200.904018,5.349931080411695
2011,201.00402000000003,5.151355889491874
2012,201.104022,5.042251331122074
2013,201.204024,5.065284780954575
2014,201.30402600000002,5.210791135796927
2015,201.40402799999998,5.3169131748382
2016,201.50403,5.363586210041548
2017,201.60403200000002,5.171052903382318
2018,201.704034,5.530110687151621
2019,201.804036,5.444235098216258
2020,201.904038,5.4998808084815
2021,202.00404,5.200637728686132
2022,202.10404200000002,5.25373119295575
2023,202.20404399999998,5.239923122695357
2024,202.304046,5.273840751655605
2025,202.40404800000002,5.136503013462701
2026,202.50405,5.094424482570406
2027,202.604052,5.130958620084932
2028,202.704054,5.370606208305048
2029,202.804056,5.164989617568445
2030,202.904058,5.107386801213884
2031,203.00406,5.546478440130695
2032,203.104062,5.3952428623254
2033,203.20406400000002,5.210161357688181
2034,203.30406599999998,5.315234598313398
2035,203.404068,5.100146049471145
2036,203.50407,5.313996453701344
2037,203.604072,5.171937900050565
2038,203.704074,4.658426501503043
2039,203.804076,5.4223908839586965
2040,203.904078,4.626796722923648
2041,204.00408000000002,4.797013518334271
2042,204.104082,5.132107766592039
2043,204.204084,4.794728571380436
2044,204.304086,5.055487285835509
2045,204.40408800000003,4.953634644184871
2046,204.50409,4.8194595415739485
2047,204.604092,4.861769433895442
2048,204.704094,4.764207482518567
2049,204.804096,4.832457307001746
2050,204.904098,4.7920578340534545
2051,205.0041,4.904921122599478
2052,205.104102,4.894967578361862
2053,205.204104,5.084201031775528
2054,205.304106,4.850624595413523
2055,205.404108,5.100730192668723
2056,205.50411000000003,4.809992459656571
2057,205.604112,4.66066091428732
2058,205.704114,4.714132758650198
2059,205.80411600000002,4.903852656284117
2060,205.904118,4.617387286527518
2061,206.00412,4.76825908286767
2062,206.104122,4.881349114793144
2063,206.204124,4.701503144246602
2064,206.30412600000002,4.8629363108128825
2065,206.404128,4.91530998128731
2066,206.50413,5.002445478330816
2067,206.60413200000002,5.086603250587406
2068,206.70413399999998,5.04752102767248
2069,206.804136,5.167386350311242
2070,206.90413800000002,5.144443207271638
2071,207.00414,5.198473894800448
2072,207.104142,5.028398763473841
2073,207.204144,5.141588763524337
2074,207.304146,5.041370401034072
2075,207.40414800000002,5.406567691222545
2076,207.50414999999998,5.155686397745682
2077,207.604152,5.237488522229897
2078,207.70415400000002,4.91276035041937
2079,207.804156,4.896695114592662
2080,207.904158,4.783612833698093
2081,208.00416,4.6940154999051575
2082,208.104162,4.98370447761871
2083,208.20416400000002,4.804105551008053
2084,208.304166,4.713374802019684
2085,208.404168,4.774883503211468
2086,208.50417000000002,4.743831401984968
2087,208.604172,4.665911710386275
2088,208.704174,4.751397020445932
2089,208.804176,4.808581242878714
2090,208.904178,4.694560422259048
2091,209.00418,4.8135165076529045
2092,209.104182,4.738954855677103
2093,209.204184,4.7232154038936365
2094,209.30418600000002,4.710028679651362
2095,209.404188,4.752135589331054
2096,209.50419,5.082918494699556
2097,209.604192,4.830599389344493
2098,209.70419400000003,4.8690665381675196
2099,209.804196,5.1512355376141254
2100,209.904198,5.016311882917905
2101,210.00420000000003,5.017668515036176
2102,210.104202,5.039428086104301
2103,210.204204,5.050413577732783
2104,210.304206,5.208404414581849
2105,210.404208,5.139764162942982
2106,210.50421,5.076115663195371
2107,210.604212,5.209039270098746
2108,210.704214,5.271906678627074
2109,210.80421600000003,5.0893077003002105
2110,210.904218,5.155667594039817
2111,211.00422,5.213549301884717
2112,211.10422200000002,5.064543095847524
2113,211.204224,5.238634223921482
2114,211.304226,4.982159342701637
2115,211.404228,4.964148714996383
2116,211.50423,5.041658384082707
2117,211.60423200000002,5.2094824201552745
2118,211.70423399999999,5.213047390974384
2119,211.804236,4.991629855797657
2120,211.90423800000002,5.060919482593938
2121,212.00423999999998,5.120456096372832
2122,212.104242,5.04002223896588
2123,212.20424400000002,4.9603361812741005
2124,212.304246,5.063884949193533
2125,212.404248,5.095963888782503
2126,212.50425,5.18282910768025
2127,212.604252,5.165148522823753
2128,212.70425400000002,5.163081510905033
2129,212.80425599999998,5.23723765814034
2130,212.904258,5.15768897355692
2131,213.00426000000002,5.104992464209948
2132,213.104262,4.957105399536432
2133,213.204264,5.126657358038118
2134,213.304266,5.00453052674961
2135,213.404268,4.959830678409786
2136,213.50427000000002,5.097285116374666
2137,213.604272,5.037369275804571
2138,213.704274,5.113129094802703
2139,213.80427600000002,4.93669585891359
2140,213.904278,5.197353588390213
2141,214.00428,5.221629951592824
2142,214.104282,5.238930901871872
2143,214.204284,5.172541839981823
2144,214.304286,4.990358755267972
2145,214.404288,5.058702014410171
2146,214.50429,5.213270304096909
2147,214.60429200000002,5.165915858912972
2148,214.704294,4.920615704154795
2149,214.804296,5.283816874523504
2150,214.904298,5.245794318764458
2151,215.00430000000003,5.090589801848942
2152,215.104302,4.9986056934836
2153,215.204304,5.0399432013695415
2154,215.30430600000003,5.123714648619697
2155,215.404308,5.304503232007749
2156,215.50431,5.139830518915634
2157,215.604312,5.096249988164049
2158,215.704314,5.111490233085162
2159,215.804316,5.167581148448795
2160,215.904318,5.191962091888866
2161,216.00432,5.184338709875485
2162,216.10432200000002,4.981928240060639
2163,216.20432399999999,5.007514245781555
2164,216.304326,5.032162420176518
2165,216.40432800000002,5.092405378411425
2166,216.50433,4.93782475472233
2167,216.604332,4.924965572716385
2168,216.704334,5.179229203264277
2169,216.804336,4.987279146768648
2170,216.90433800000002,5.038529692468481
2171,217.00433999999998,5.133031277196467
2172,217.104342,5.029363661915539
2173,217.20434400000002,5.172822793597105
2174,217.30434599999998,5.1428493604565695
2175,217.404348,5.127041274983794
2176,217.50435000000002,5.156514939097875
2177,217.604352,5.094769150786596
2178,217.704354,5.1245765606299045
2179,217.804356,5.217939737563302
2180,217.904358,5.13521649485391
2181,218.00436000000002,4.983015371017879
2182,218.10436199999998,4.985075314721264
2183,218.204364,5.154128575836693
2184,218.30436600000002,5.156982714550949
2185,218.404368,4.92416544998456
2186,218.50437,4.973239071088892
2187,218.604372,5.095162256268006
2188,218.704374,4.952965708878471
2189,218.80437600000002,5.09755757902522
2190,218.904378,5.021681161621628
2191,219.00438,4.964563735709332
2192,219.10438200000002,5.094158496063183
2193,219.204384,5.044718482603934
2194,219.304386,5.170394978336348
2195,219.404388,4.902387101120838
2196,219.50439,4.921309724111607
2197,219.604392,4.768052924927286
2198,219.704394,4.653517160909884
2199,219.804396,4.726192808439245
2200,219.90439800000001,4.708886040703956
2201,220.0044,4.9089803582008775
2202,220.104402,4.874841644155774
2203,220.204404,4.739852688677632
2204,220.30440600000003,4.7423775339194085
2205,220.404408,4.916318685677627
2206,220.50441,4.731568005508726
2207,220.60441200000002,4.696906480828789
2208,220.704414,4.877570240330781
2209,220.804416,4.971895593677231
2210,220.904418,4.952388103349377
2211,221.00442,4.790039381695556
2212,221.104422,4.83312498119694
2213,221.204424,4.8079444231136295
2214,221.304426,4.649763019389634
2215,221.40442800000002,4.93889735912104
2216,221.50442999999999,4.9948365011839035
2217,221.604432,4.764383322992624
2218,221.70443400000002,4.595398752062785
2219,221.804436,4.8219315978668105
2220,221.904438,4.817761360159997
2221,222.00444,4.949178212604036
2222,222.104442,4.924962881766909
2223,222.20444400000002,4.9613902015647575
2224,222.30444599999998,5.115177017113445
2225,222.404448,5.049410836173954
2226,222.50445000000002,5.045925062614525
2227,222.60445199999998,5.184001917246243
2228,222.704454,5.051819213631389
2229,222.80445600000002,4.951199640009338
2230,222.904458,5.19019813779478
2231,223.00446,5.148970961265949
2232,223.104462,5.039926347219971
2233,223.204464,5.121310162462725
2234,223.30446600000002,4.981472007987341
2235,223.40446799999998,4.93863701200407
2236,223.50447,4.837066463802075
2237,223.60447200000002,4.983669397207398
2238,223.704474,5.008252678981331
2239,223.804476,5.001041777826742
2240,223.904478,5.055503451944944
2241,224.00448,5.136011279944775
2242,224.10448200000002,5.219382579897995
2243,224.204484,5.091764664218893
2244,224.304486,5.024718188062267
2245,224.40448800000001,5.106513335124848
2246,224.50449,5.025238413457556
2247,224.604492,5.056025319001583
2248,224.704494,5.224745025608281
2249,224.804496,4.761274565642666
2250,224.904498,5.127369890791163
2251,225.0045,5.046346006880225
2252,225.104502,5.036783529755886
2253,225.20450400000001,4.941556143287437
2254,225.304506,5.156003958348179
2255,225.404508,5.005183855335588
2256,225.50451,5.000938792831137
2257,225.60451200000003,4.963303777565312
2258,225.704514,4.821505903958355
2259,225.804516,5.072271979761407
2260,225.90451800000002,5.119981577451745
2261,226.00452,5.138557766439353
2262,226.104522,5.190018285228962
2263,226.204524,5.184731681390522
2264,226.304526,5.064865366243395
2265,226.404528,5.131090279635522
2266,226.50453,5.4285614875650525
2267,226.604532,5.129882273500928
2268,226.70453400000002,5.358534393917276
2269,226.80453599999998,5.220064751531891
2270,226.904538,5.159820235788414
2271,227.00454000000002,5.152504708907486
2272,227.104542,4.955700990052908
2273,227.204544,5.054983463358966
2274,227.30454600000002,5.109050121194045
2275,227.404548,5.105688529868817
2276,227.50455000000002,5.193790820695686
2277,227.60455199999998,5.151150777998018
2278,227.704554,5.020526696363169
2279,227.80455600000002,5.150732207461639
2280,227.904558,5.229055075209869
2281,228.00456,5.111377690482078
2282,228.10456200000002,5.064896967610505
2283,228.204564,5.206530018434914
2284,228.304566,5.133553868216095
2285,228.404568,5.148133600700769
2286,228.50457,5.267250317611519
2287,228.60457200000002,5.137337789740684
2288,228.70457399999998,5.273308530090417
2289,228.804576,5.046199605497286
2290,228.90457800000001,5.251196685550491
2291,229.00458,5.232019110090744
2292,229.104582,5.209688325593657
2293,229.204584,5.2691616752088875
2294,229.304586,5.102069388318591
2295,229.40458800000002,5.083565958825891
2296,229.50459,5.21807424263985
2297,229.604592,5.168486979057702
2298,229.70459400000001,5.29939028201046
2299,229.804596,5.1586171408071815
2300,229.904598,5.092677336653949
2301,230.0046,5.166983433142964
2302,230.104602,5.070547986358427
2303,230.204604,5.168158819347992
2304,230.304606,5.2293888144832295
2305,230.404608,5.317052403684736
2306,230.50461,5.321528687486336
2307,230.604612,5.045273711598993
2308,230.704614,5.151590816336909
2309,230.804616,5.159958807027075
2310,230.90461800000003,5.214052465623097
2311,231.00462,5.351274158724183
2312,231.104622,5.3327164708054475
2313,231.20462400000002,5.470373918511272
2314,231.304626,5.698187709266726
2315,231.404628,5.65197288042181
2316,231.50463,5.254062925256535
2317,231.604632,5.340072907720188
2318,231.704634,5.209454865493869
2319,231.804636,5.279403393348622
2320,231.904638,5.370068594891311
2321,232.00464000000002,5.520081477418551
2322,232.10464199999998,5.563333524144303
2323,232.204644,5.539529126675632
2324,232.30464600000002,4.865539310898382
2325,232.404648,4.861792889932987
2326,232.50465,4.786873822471569
2327,232.60465200000002,4.8499337022867675
2328,232.704654,5.0891841725562506
2329,232.80465600000002,5.29954298229009
2330,232.90465799999998,5.314950503932023
2331,233.00466,5.285888087487851
2332,233.10466200000002,5.284386006557383
2333,233.204664,5.52524031183423
2334,233.304666,5.253850375324151
2335,233.40466800000002,5.0794331024230654
2336,233.50467,5.020293434218185
2337,233.604672,5.05773592521822
2338,233.704674,5.109740393221771
2339,233.804676,4.999906240638599
2340,233.90467800000002,5.239625427412792
2341,234.00467999999998,5.0138796285416305
2342,234.104682,4.949232838812267
2343,234.20468400000001,5.215994508554686
2344,234.304686,5.055957244139675
2345,234.404688,5.147455447034138
2346,234.50469,5.225688859217663
2347,234.604692,5.218073320120425
2348,234.70469400000002,5.203788252789992
2349,234.804696,5.259894856985766
2350,234.904698,5.340341279996832
2351,235.0047,5.238525892313046
2352,235.10470200000003,5.067493290456608
2353,235.204704,5.141337450978631
2354,235.304706,5.242323097627317
2355,235.404708,5.101581747135811
2356,235.50471,5.1213460180581105
2357,235.604712,4.9106123126726935
2358,235.704714,4.801736727502305
2359,235.804716,5.139113044878923
2360,235.904718,5.119332829739291
2361,236.00472,4.999590260289315
2362,236.104722,4.988859703967278
2363,236.20472400000003,5.045088884748899
2364,236.304726,4.797508404939784
2365,236.404728,4.738554858499839
2366,236.50473000000002,5.0167763582974825
2367,236.604732,5.115038254818303
2368,236.704734,5.102251580249276
2369,236.804736,4.334569635817342
2370,236.904738,4.7478465868736315
2371,237.00474,4.674732143576621
2372,237.104742,4.879046558726473
2373,237.204744,4.714282015796108
2374,237.30474600000002,4.424714536120146
2375,237.40474799999998,5.056323197717356
2376,237.50475,5.006072427318883
2377,237.60475200000002,4.708062702130217
2378,237.704754,4.678567984442726
2379,237.804756,4.900154332469743
2380,237.90475800000002,4.97343386951402
2381,238.00476,4.840793024093382
2382,238.10476200000002,4.6296166317100305
2383,238.20476399999998,4.595038783365376
2384,238.304766,4.759736993211793
2385,238.40476800000002,4.640216288947574
2386,238.50477,4.677703117027853
2387,238.604772,4.799816304092724
2388,238.70477400000001,4.73769962659913
2389,238.804776,4.662895380958515
2390,238.904778,5.1629648529075585
2391,239.00478,4.846213171448211
2392,239.104782,4.915670747007116
2393,239.20478400000002,4.3935503029769665
2394,239.30478599999998,4.600993504366623
2395,239.404788,4.58295206471937
2396,239.50479,4.9101260002217
2397,239.604792,4.600068399233508
2398,239.704794,4.740062228497781
2399,239.804796,5.007358892941368
2400,239.904798,4.814574176075979
2401,240.00480000000002,4.567737861268232
2402,240.104802,4.56617088511251
2403,240.204804,4.175962514987533
2404,240.304806,4.33135525726245
2405,240.40480800000003,4.223388883849382
2406,240.50481,3.9226005394717363
2407,240.604812,3.876438927941505
2408,240.704814,4.011806047495751
2409,240.804816,3.9156328902577147
2410,240.904818,4.293760978591288
2411,241.00482,3.909665287794093
2412,241.104822,4.065812436837101
2413,241.204824,4.04624914809531
2414,241.304826,3.9670477164484215
2415,241.404828,3.7893353209848084
2416,241.50483000000003,4.36047422482891
2417,241.604832,4.102535853390931
2418,241.704834,4.272355320352134
2419,241.80483600000002,4.181601743924232
2420,241.904838,4.052248047483119
2421,242.00484,4.257118821255826
2422,242.104842,4.187972274625491
2423,242.204844,4.218291427692245
2424,242.30484600000003,4.331187524169787
2425,242.404848,4.302045577978541
2426,242.50485,4.123300572575803
2427,242.60485200000002,4.023670021741922
2428,242.70485399999998,4.2194182883615055
2429,242.804856,4.069560093848913
2430,242.90485800000002,4.127416624584453
2431,243.00486,4.00681155145931
2432,243.104862,4.493322562209771
2433,243.20486400000001,4.526604646775133
2434,243.304866,4.599768254740246
2435,243.40486800000002,4.573424536049753
2436,243.50486999999998,4.787510899569849
2437,243.604872,4.695950297816919
2438,243.70487400000002,4.546994664720569
2439,243.804876,4.603019315825565
2440,243.904878,4.788801393049229
2441,244.00488,4.506023468194165
2442,244.104882,4.191155289928865
2443,244.204884,4.10898326179978
2444,244.304886,4.13979169731582
2445,244.404888,4.2515290637073315
2446,244.50489000000002,4.333238479371701
2447,244.604892,4.474396731970638
2448,244.704894,4.074166895795263
2449,244.804896,4.193997280522389
2450,244.904898,4.298923463834169
2451,245.0049,4.430054474797653
2452,245.104902,4.230284720893461
2453,245.204904,4.179162010236704
2454,245.30490600000002,4.197249465167935
2455,245.404908,3.917550374553801
2456,245.50491,4.2335489061611185
2457,245.604912,4.074636205491005
2458,245.70491400000003,3.8743545832117543
2459,245.804916,4.172681492132594
2460,245.904918,4.405644590648391
2461,246.00492000000003,4.0977666650158415
2462,246.104922,4.299934917704594
2463,246.204924,4.080286764409664
2464,246.304926,4.0078100894807855
2465,246.404928,4.090605957535006
2466,246.50493,4.026577636300877
2467,246.604932,3.7410467631785393
2468,246.704934,3.8114754810676836
2469,246.80493600000003,3.9093021931949834
2470,246.904938,4.29602660015595
2471,247.00494,4.104384861518918
2472,247.10494200000002,4.065077700620317
2473,247.204944,4.285717509625369
2474,247.304946,4.29821644706968
2475,247.404948,4.119869327838711
2476,247.50495,4.042685138141735
2477,247.60495200000003,4.147647742387449
2478,247.704954,4.203299847187987
2479,247.804956,4.030472160093257
2480,247.90495800000002,4.046265164650758
2481,248.00495999999998,4.219486275308827
2482,248.104962,4.02588265027736
2483,248.20496400000002,3.966945247059492
2484,248.304966,4.2231589117745445
2485,248.404968,3.9764084623544615
2486,248.50497000000001,4.1581895274485845
2487,248.604972,4.011806621429319
2488,248.70497400000002,4.3617057732324955
2489,248.80497599999998,4.324311595819244
2490,248.904978,4.2196154450831695
2491,249.00498000000002,4.310872528377167
2492,249.104982,4.336224177695249
2493,249.204984,4.402724120050345
2494,249.304986,4.3806082722686766
2495,249.404988,4.530814896384503
2496,249.50499,4.631737403381819
2497,249.604992,4.655426014599009
2498,249.704994,4.665934432257265
2499,249.80499600000002,4.204015426794935
2500,249.904998,4.193488174682565
2501,250.005,4.316484188087976
2502,250.105002,4.340189535796735
2503,250.205004,4.1208436127601935
2504,250.305006,4.409215441064302
2505,250.405008,4.081415487181021
2506,250.50501,4.049636034534239
2507,250.60501200000002,4.452524950175329
2508,250.705014,4.345502768827982
2509,250.805016,4.286473307469246
2510,250.905018,4.408475939188638
2511,251.00502000000003,4.515170570803573
2512,251.105022,4.948672993202412
2513,251.205024,4.313601847323582
2514,251.30502600000003,4.267048385634268
2515,251.405028,4.503559467314859
2516,251.50503,4.658445762386485
2517,251.605032,4.578653557429489
2518,251.705034,4.5155149495837135
2519,251.805036,4.3519356016173445
2520,251.905038,4.408421676466183
2521,252.00504,4.255360133872465
2522,252.10504200000003,4.4989229037889205
2523,252.205044,4.382383419403797
2524,252.305046,4.759904706923327
2525,252.40504800000002,4.79589614075378
2526,252.50505,4.694472215586611
2527,252.605052,4.700217910460812
2528,252.705054,4.996379350079292
2529,252.805056,4.833954737245841
2530,252.90505800000003,5.237962894608787
2531,253.00506,4.875916155399221
2532,253.105062,5.084758621669252
2533,253.20506400000002,4.530817686057646
2534,253.30506599999998,5.190166347396191
2535,253.405068,4.963810102330514
2536,253.50507000000002,4.790014213141408
2537,253.605072,5.108254202889711
2538,253.705074,4.779661760697826
2539,253.805076,4.386510536564167
2540,253.905078,4.713914988254545
2541,254.00508000000002,4.458512002871589
2542,254.10508199999998,4.7436504215146424
2543,254.205084,4.865829242966887
2544,254.30508600000002,4.43727241648379
2545,254.405088,4.734719915899846
2546,254.50509,4.549142922424634
2547,254.605092,4.762826969529745
2548,254.705094,4.74508928986818
2549,254.80509600000002,4.544500454385674
2550,254.905098,4.761737818460162
2551,255.0051,4.62484206300443
2552,255.10510200000002,4.889461548415574
2553,255.205104,4.66609498380287
2554,255.305106,5.096452575661585
2555,255.405108,4.729702846877827
2556,255.50511,4.86963274151642
2557,255.605112,4.668218289591646
2558,255.705114,4.883522624551688
2559,255.805116,5.580413844425955
2560,255.90511800000002,5.438890952965788
2561,256.00512,5.427343091788178
2562,256.105122,5.466962420085099
2563,256.205124,5.759952022442421
2564,256.30512600000003,5.498550425565204
2565,256.405128,5.201291997052572
2566,256.50513,5.356291743949235
2567,256.605132,5.259686943819284
2568,256.705134,5.4143615162993965
2569,256.805136,5.145437862326395
2570,256.905138,5.279772380716327
2571,257.00514000000004,5.420146877647954
2572,257.105142,5.399592728929918
2573,257.205144,5.612777672999815
2574,257.30514600000004,5.208180897202748
2575,257.405148,5.579396264554332
2576,257.50515,5.561127181474527
2577,257.605152,5.362358379091481
2578,257.705154,5.157358070011819
2579,257.805156,5.1536388696132915
2580,257.905158,5.2573184171931775
2581,258.00516,5.147900145754246
2582,258.105162,5.366278440046183
2583,258.205164,5.554466933196784
2584,258.305166,5.437933516274534
2585,258.405168,5.233803780192454
2586,258.50517,5.012342764712644
2587,258.605172,5.066540452612744
2588,258.705174,5.211094729782517
2589,258.805176,4.977118869798355
2590,258.90517800000003,5.222567021020664
2591,259.00518,5.416658716743092
2592,259.105182,5.977011057500997
2593,259.20518400000003,5.69325485851277
2594,259.305186,5.32177311412707
2595,259.405188,5.27840150657959
2596,259.50519,5.353163863529536
2597,259.605192,5.5828219177144245
2598,259.705194,6.0165709660359346
2599,259.805196,5.523392774252787
2600,259.905198,4.960962216712447
2601,260.0052,5.419635407654759
2602,260.105202,5.291108716428987
2603,260.205204,5.574394826932249
2604,260.305206,4.910696155864949
2605,260.405208,5.057831449712682
2606,260.50521,4.946550151521104
2607,260.605212,5.329223284155172
2608,260.705214,5.217366503795333
2609,260.80521600000003,5.530657918671609
2610,260.905218,5.185189376537441
2611,261.00522,5.0123387789031115
2612,261.105222,4.885493986258214
2613,261.20522400000004,5.106154423327823
2614,261.305226,4.873825651383745
2615,261.405228,5.151344103127224
2616,261.50523,4.936677155921068
2617,261.605232,5.296421087256702
2618,261.705234,5.18655830436831
2619,261.805236,4.993050944636253
2620,261.905238,4.908792892104875
2621,262.00524,4.849650448309037
2622,262.105242,4.821934894735569
2623,262.205244,5.455801401870955
2624,262.305246,5.231474483186576
2625,262.40524800000003,5.352611602905714
2626,262.50525,5.300436947866855
2627,262.60525199999995,5.110928591182217
2628,262.705254,5.062506416966952
2629,262.805256,5.07496692933759
2630,262.905258,4.905411479705825
2631,263.00526,5.209795155372339
2632,263.105262,5.023168462971968
2633,263.205264,4.979939326637733
2634,263.305266,5.322811900825324
2635,263.405268,5.447548064631767
2636,263.50527,5.077219219100552
2637,263.605272,4.7912385761542025
2638,263.70527400000003,4.8827940086562425
2639,263.805276,4.808554615655278
2640,263.905278,4.773696767287768
2641,264.00528,4.858689318599485
2642,264.105282,4.700590896325939
2643,264.205284,4.394629374282459
2644,264.305286,4.649448074810721
2645,264.405288,4.6430455788654585
2646,264.50529,4.69493329344064
2647,264.605292,4.967968860438506
2648,264.705294,4.766364991870973
2649,264.80529600000006,5.047402224075231
2650,264.905298,5.016921538135014
2651,265.0053,4.889254906586938
2652,265.10530200000005,4.96867782899181
2653,265.205304,4.903385402178491
2654,265.305306,4.98274264794608
2655,265.405308,4.854508076222115
2656,265.50531,4.893530582377586
2657,265.605312,5.07835939195866
2658,265.705314,4.850954129197935
2659,265.805316,4.797547726257674
2660,265.905318,4.879226868529377
2661,266.00532,4.807600615565062
2662,266.105322,4.65623290939866
2663,266.205324,4.7448404477169905
2664,266.305326,4.688703101786126
2665,266.405328,4.820670842610609
2666,266.50533,4.966893180656046
2667,266.605332,4.773229270330228
2668,266.70533400000005,4.720274235995834
2669,266.805336,4.724417045673709
2670,266.905338,4.608493302377469
2671,267.00534000000005,4.796858660880335
2672,267.105342,4.641597512116902
2673,267.20534399999997,4.201677070446105
2674,267.30534600000004,4.248493309437821
2675,267.405348,4.231535950099316
2676,267.50534999999996,4.297169365754216
2677,267.60535200000004,4.376479621922044
2678,267.705354,4.289247158462651
2679,267.805356,4.615237813785062
2680,267.90535800000004,4.326058276706012
2681,268.00536,4.543703696003317
2682,268.105362,4.415232543800193
2683,268.205364,4.252302983016789
2684,268.305366,4.685422695756464
2685,268.405368,4.656217682753938
2686,268.50536999999997,4.419310095888787
2687,268.60537200000005,4.381809225259323
2688,268.705374,4.626520453649601
2689,268.80537599999997,4.6184696313624665
2690,268.90537800000004,4.404384295863096
2691,269.00538,4.37873401044972
2692,269.10538199999996,4.555429520681293
2693,269.20538400000004,4.352825396794235
2694,269.305386,4.472037917601705
2695,269.40538799999996,4.534450416899616
2696,269.50539000000003,4.666106244469142
2697,269.605392,4.570390570936969
2698,269.705394,4.40760864034865
2699,269.80539600000003,4.743417173423291
2700,269.905398,4.456074471488544
2701,270.0054,4.351476461899268
2702,270.105402,4.526095934278118
2703,270.205404,4.52724015723654
2704,270.305406,4.996472090208448
2705,270.405408,4.760084793085829
2706,270.50541000000004,4.869834476203947
2707,270.605412,4.662541454359953
2708,270.70541399999996,4.538437589287094
2709,270.80541600000004,4.5020116910939825
2710,270.905418,4.851260227776001
2711,271.00541999999996,4.637805133231904
2712,271.10542200000003,4.500023362439391
2713,271.205424,4.500206471634058
2714,271.30542599999995,4.559210623231062
2715,271.40542800000003,4.491084203902505
2716,271.50543,4.540468848424688
2717,271.605432,4.828738117361594
2718,271.705434,4.868243602119629
2719,271.805436,4.489120283591499
2720,271.905438,4.721816224391072
2721,272.00544,4.985672901711463
2722,272.105442,4.562430236809199
2723,272.205444,4.7026858942672956
2724,272.305446,4.762368874633502
2725,272.40544800000004,4.622461984439428
2726,272.50545,4.8804363153410435
2727,272.605452,4.828936900278569
2728,272.70545400000003,4.931289043457739
2729,272.805456,5.280766026265066
2730,272.905458,4.93211065667999
2731,273.00546,4.877960043989566
2732,273.105462,4.9460191939130445
2733,273.205464,5.097303100340126
2734,273.305466,5.166611278852799
2735,273.405468,4.9687837796972305
2736,273.50547,5.320928931994653
2737,273.605472,4.596909969662744
2738,273.705474,4.731641286563023
2739,273.805476,5.030309917379332
2740,273.905478,4.992296601157192
2741,274.00548,4.999215604078533
2742,274.105482,4.883968854707738
2743,274.205484,5.109398308014412
2744,274.30548600000003,4.929100350603665
2745,274.405488,4.44850422450437
2746,274.50549,4.577004519397049
2747,274.605492,4.743906119814292
2748,274.705494,4.700411456177846
2749,274.805496,4.72432601007522
2750,274.905498,4.661909344110003
2751,275.0055,4.7146084003538355
2752,275.105502,4.676892449088926
2753,275.205504,4.502573391395324
2754,275.305506,4.609652274758349
2755,275.40550800000005,4.651407053960371
2756,275.50551,4.601188510754443
2757,275.605512,4.792993202742123
2758,275.70551400000005,4.640429034778962
2759,275.805516,4.650805369505257
2760,275.905518,4.482276262229985
2761,276.00552000000005,4.494867973205679
2762,276.105522,4.453191327385786
2763,276.205524,4.6674462466982245
2764,276.305526,4.867612213464549
2765,276.405528,4.613446410673285
2766,276.50553,4.59418250886743
2767,276.605532,4.702375806570582
2768,276.705534,4.725637334154548
2769,276.805536,4.955325188096483
2770,276.905538,4.766679417870894
2771,277.00554,4.858393660698873
2772,277.105542,4.82912015086667
2773,277.205544,4.796185643110955
2774,277.30554600000005,4.837761109410308
2775,277.405548,4.570625732365835
2776,277.50554999999997,4.505045858832675
2777,277.60555200000005,4.443170961777301
2778,277.705554,4.627966938060707
2779,277.80555599999997,4.4768865361180294
2780,277.90555800000004,4.508782824489128
2781,278.00556,4.527114382620481
2782,278.105562,4.862657859812027
2783,278.20556400000004,4.579009317725326
2784,278.305566,4.769158139903568
2785,278.405568,4.76693108587384
2786,278.50557000000003,4.442592308512998
2787,278.605572,4.42321291447463
2788,278.705574,4.570426933737943
2789,278.805576,4.568987668650419
2790,278.905578,5.016929669254516
2791,279.00558,4.785845554488968
2792,279.10558199999997,4.9560815661510285
2793,279.20558400000004,4.881717945535287
2794,279.305586,5.027794611390896
2795,279.40558799999997,4.994770529606509
2796,279.50559000000004,4.759726038814377
2797,279.605592,4.908180240814708
2798,279.70559399999996,4.929938008734264
2799,279.80559600000004,4.753290751659988
2800,279.905598,4.9617793987933645
2801,280.0056,4.939590175656005
2802,280.10560200000003,4.852826639732715
2803,280.205604,4.804228541004695
2804,280.305606,4.824663635233702
2805,280.40560800000003,4.7079157491211845
2806,280.50561,4.567015608513095
2807,280.605612,4.7205642558981635
2808,280.705614,4.709090589224975
2809,280.805616,4.812336512304486
2810,280.905618,4.961299628759677
2811,281.00562,4.889372489450063
2812,281.10562200000004,4.891940222870034
2813,281.205624,4.953141759863667
2814,281.30562599999996,5.016271786726142
2815,281.40562800000004,4.98304461786396
2816,281.50563,4.889366118562561
2817,281.60563199999996,5.061896161925555
2818,281.70563400000003,5.019394657022989
2819,281.805636,4.92085385436773
2820,281.90563799999995,5.207754513479471
2821,282.00564,5.107851117071223
2822,282.105642,5.147066767113124
2823,282.205644,5.3229632349728355
2824,282.305646,4.883127700344416
2825,282.405648,4.9839603639417325
2826,282.50565,4.531790532175952
2827,282.605652,4.728155324044624
2828,282.705654,4.792400650221014
2829,282.805656,5.050416204987898
2830,282.905658,4.855386459395508
2831,283.00566000000003,4.738876463022587
2832,283.105662,5.038850398715162
2833,283.205664,4.938048237151263
2834,283.30566600000003,4.842571658796093
2835,283.405668,4.818648569354128
2836,283.50567,4.724254352367987
2837,283.605672,4.778437403171311
2838,283.705674,4.570477813063927
2839,283.805676,4.712627795462922
2840,283.905678,4.759172093897819
2841,284.00568,4.888658022941274
2842,284.105682,4.873873702497264
2843,284.205684,4.797179095836124
2844,284.305686,5.204473395531882
2845,284.405688,5.152380516462818
2846,284.50569,5.254689929235497
2847,284.605692,5.0405939745626664
2848,284.705694,4.743487113696094
2849,284.805696,4.98733134355238
2850,284.90569800000003,5.108396336673698
2851,285.0057,5.128926419579368
2852,285.105702,4.930559907676466
2853,285.205704,5.190243577246113
2854,285.305706,5.040418880915014
2855,285.405708,5.216788028697042
2856,285.50571,4.968019725005368
2857,285.605712,5.370420398222953
2858,285.705714,4.9973814485989285
2859,285.805716,5.081995429976993
2860,285.905718,4.968628364913774
2861,286.00572000000005,4.749891037355921
2862,286.105722,4.822242671499255
2863,286.205724,4.89377043759746
2864,286.30572600000005,4.8735360300677115
2865,286.405728,4.659665244900009
2866,286.50572999999997,5.108378808724455
2867,286.60573200000005,4.6607651563236
2868,286.705734,4.786171843368526
2869,286.805736,4.856310512585263
2870,286.905738,4.383086210968742
2871,287.00574,4.823348287570291
2872,287.105742,4.610210506940831
2873,287.205744,4.658452064077696
2874,287.305746,4.377128712300143
2875,287.405748,4.70832197934959
2876,287.50575,4.81303663770056
2877,287.605752,4.774613278668856
2878,287.705754,5.118563245885344
2879,287.805756,4.938056102644928
2880,287.90575800000005,5.077485721859783
2881,288.00576,4.884390349093768
2882,288.10576199999997,4.600424859874375
2883,288.20576400000004,4.617136938289557
2884,288.305766,4.506280978487208
2885,288.40576799999997,4.475749857590351
2886,288.50577000000004,4.513251120642044
2887,288.605772,4.647639484659713
2888,288.705774,4.32026952449491
2889,288.80577600000004,4.607089646353741
2890,288.905778,4.307972704239699
2891,289.00578,4.308573188263856
2892,289.10578200000003,4.2521289278320245
2893,289.205784,4.582756581757659
2894,289.305786,4.421857073570192
2895,289.405788,4.5783389464561655
2896,289.50579,4.682089313094462
2897,289.605792,4.655178198853145
2898,289.70579399999997,4.40043126724098
2899,289.80579600000004,4.486364234866758
2900,289.905798,4.540272172895016
2901,290.00579999999997,4.401449343423938
2902,290.10580200000004,4.587099890541749
2903,290.205804,4.63454679829005
2904,290.30580599999996,4.713317827123597
2905,290.40580800000004,4.3331185764494204
2906,290.50581,4.322784569017348
2907,290.605812,4.443410050405759
2908,290.70581400000003,4.687214440007506
2909,290.805816,4.496163633682208
2910,290.905818,4.575114179839926
2911,291.00582,4.462111610975315
2912,291.105822,4.351158529646491
2913,291.205824,4.619701187074694
2914,291.305826,4.443276059175652
2915,291.405828,4.457928506735122
2916,291.50583,4.729779159862991
2917,291.605832,4.571485037688223
2918,291.70583400000004,4.7226197744423635
2919,291.805836,4.715274550770292
2920,291.905838,4.325303238308793
2921,292.00584000000003,4.437107745129703
2922,292.105842,4.576684702573031
2923,292.20584399999996,4.517249111500185
2924,292.30584600000003,4.585560473444882
2925,292.405848,4.578867488964751
2926,292.50585,4.264226476132526
2927,292.605852,4.206638304114502
2928,292.705854,4.443545810323279
2929,292.805856,4.4354336289234775
2930,292.905858,4.523471067371296
2931,293.00586,4.533720611456131
2932,293.105862,3.9949462091030723
2933,293.205864,4.11102753332894
2934,293.305866,4.167412931438793
2935,293.405868,4.115741807832452
2936,293.50587,4.1514550650512545
2937,293.60587200000003,4.152834663594379
2938,293.705874,4.302422311424319
2939,293.805876,4.396730215606371
2940,293.90587800000003,4.297077174498957
2941,294.00588,4.643154588995836
2942,294.105882,4.307678997044314
2943,294.205884,4.3209793950248
2944,294.305886,4.222315470414331
2945,294.405888,4.373598511217536
2946,294.50589,4.199921880734853
2947,294.605892,4.293820251712945
2948,294.70589400000006,4.427420501930119
2949,294.805896,4.230042168467838
2950,294.905898,4.3285463035788245
2951,295.0059,4.5210440481582035
2952,295.105902,4.428595628651766
2953,295.205904,4.475747237751012
2954,295.305906,4.648523863535791
2955,295.405908,4.493505977100001
2956,295.50591000000003,4.601701912449265
2957,295.605912,4.828877455531122
2958,295.705914,4.3540025606308665
2959,295.805916,4.685380656166819
2960,295.905918,4.538075658804829
2961,296.00592,4.425532432707347
2962,296.105922,4.865631032679285
2963,296.205924,5.079688294474495
2964,296.305926,5.021319251640334
2965,296.405928,5.086772139486311
2966,296.50593,5.038481226291375
2967,296.60593200000005,5.042232700889267
2968,296.705934,4.981511421669977
2969,296.805936,5.057787352113466
2970,296.90593800000005,4.645167463251358
2971,297.00594,4.581017465158532
2972,297.10594199999997,4.640043530793809
2973,297.20594400000004,4.52805220647881
2974,297.305946,4.554790098250147
2975,297.405948,4.747296811032991
2976,297.50595,4.683521172003102
2977,297.605952,4.662151495341051
2978,297.705954,4.654376956563408
2979,297.805956,4.394822459877997
2980,297.905958,4.82831360658461
2981,298.00596,5.194327417442316
2982,298.105962,5.525836072963086
2983,298.205964,5.062288412665447
2984,298.305966,5.128252278564982
2985,298.405968,4.91159389153258
2986,298.50597000000005,4.965275893561942
2987,298.605972,5.055227718449487
2988,298.70597399999997,5.218546122154899
2989,298.80597600000004,5.56349543144913
2990,298.905978,5.322887458500064
2991,299.00597999999997,4.875485177543207
2992,299.10598200000004,5.095133039093772
2993,299.205984,4.646690330318036
2994,299.305986,4.811200113934791
2995,299.40598800000004,4.526413623990127
2996,299.50599,4.8544766160518105
2997,299.605992,5.0079747678697295
2998,299.70599400000003,5.089436589624562
2999,299.805996,5.340319414635192
3000,299.905998,5.5978395454284255
3001,300.006,5.649992275448812
3002,300.106002,5.333792536597272
3003,300.206004,5.199485678887002
3004,300.30600599999997,5.465480852520682
3005,300.40600800000004,5.429190497439386
3006,300.50601,5.233878517961076
3007,300.60601199999996,5.080466735423125
3008,300.70601400000004,4.852146969986235
3009,300.806016,5.075441853300253
3010,300.90601799999996,5.112205777748891
3011,301.00602000000003,5.0982377188865105
3012,301.106022,5.141957137288406
3013,301.206024,5.089796212192283
3014,301.30602600000003,5.082354807450745
3015,301.406028,5.043772837679745
3016,301.50603,5.129472025385376
3017,301.606032,5.261365931492744
3018,301.706034,5.187494137351441
3019,301.806036,5.023633231397515
3020,301.906038,5.161519982073694
3021,302.00604,5.065119483059078
3022,302.106042,5.045723480288151
3023,302.206044,4.880653952967243
3024,302.30604600000004,4.931084051448381
3025,302.406048,5.304835816257652
3026,302.50605,5.146610407293958
3027,302.60605200000003,5.162345005591535
3028,302.706054,5.0423433591333895
3029,302.80605599999996,5.263061656780545
3030,302.90605800000003,5.588681745975458
3031,303.00606,5.736367260325917
3032,303.106062,5.4373777105577945
3033,303.206064,5.123633617802793
3034,303.306066,5.19058180740129
3035,303.406068,4.872763111409928
3036,303.50607,4.736100110200713
3037,303.606072,4.789636941309825
3038,303.706074,4.5938833023629195
3039,303.806076,4.7035321384780255
3040,303.906078,4.708207016247083
3041,304.00608,4.7990240015120404
3042,304.106082,4.939278387989082
3043,304.20608400000003,5.069020547131312
3044,304.306086,4.79807491416584
3045,304.406088,4.758744557960744
3046,304.50609000000003,4.894971465046277
3047,304.606092,4.826767656149827
3048,304.706094,4.856161022942634
3049,304.806096,4.888422778558978
3050,304.906098,4.843166257465672
3051,305.00610000000006,4.766093017613292
3052,305.106102,5.053783714972946
3053,305.206104,4.881129446937913
3054,305.30610600000006,5.174673238983701
3055,305.406108,5.1138845266533774
3056,305.50611,4.7200727713362065
3057,305.606112,4.723390466967529
3058,305.706114,4.809001032890529
3059,305.806116,4.853016998678822
3060,305.906118,4.708400799997013
3061,306.00612,4.776381697908843
3062,306.106122,4.717504989135638
3063,306.206124,5.27074834692104
3064,306.306126,4.835725538105989
3065,306.406128,4.751884811208619
3066,306.50613,4.823075089018663
3067,306.606132,4.8277365080922205
3068,306.706134,4.757826739078299
3069,306.806136,4.876693784229929
3070,306.90613800000006,4.66836733242219
3071,307.00614,4.4275545712197975
3072,307.106142,4.576679489821688
3073,307.20614400000005,4.787392266892762
3074,307.306146,4.671403405622812
3075,307.406148,4.634281142604603
3076,307.50615000000005,4.653821112285346
3077,307.606152,5.008602098785755
3078,307.70615399999997,4.880911816025115
3079,307.80615600000004,5.0088747183151865
3080,307.906158,4.939016739278293
3081,308.00616,4.5017717207236725
3082,308.106162,4.599713719378646
3083,308.206164,4.830806851719373
3084,308.306166,5.019651380183199
3085,308.406168,4.37156436026182
3086,308.50617,4.536682873977572
3087,308.606172,4.428422969082989
3088,308.706174,4.839580209371652
3089,308.806176,4.652534302148827
3090,308.906178,4.784882917399248
3091,309.00618,4.673903472911951
3092,309.10618200000005,4.647930545367909
3093,309.206184,4.623713208077049
3094,309.30618599999997,4.544491952491547
3095,309.40618800000004,4.655086330505927
3096,309.50619,4.534506954540338
3097,309.60619199999996,4.401697439051448
3098,309.70619400000004,4.667805245647579
3099,309.806196,4.765223316348388
3100,309.906198,4.437354982384541
3101,310.00620000000004,4.478006690943538
3102,310.106202,4.572985993140041
3103,310.206204,4.667350574648545
3104,310.30620600000003,4.630017932591673
3105,310.406208,4.763900827434113
3106,310.50621,4.487544186497474
3107,310.606212,4.771028194763873
3108,310.706214,4.720593397405142
3109,310.806216,5.120790907265153
3110,310.90621799999997,4.758032509871942
3111,311.00622000000004,4.932247483483038
3112,311.106222,4.341636385470329
3113,311.20622399999996,4.71769306542484
3114,311.30622600000004,5.135689384924367
3115,311.406228,4.797842426838142
3116,311.50622999999996,4.690107174008017
3117,311.60623200000003,4.512718579182539
3118,311.706234,4.813927950858047
3119,311.806236,4.612046175065571
3120,311.90623800000003,4.64317792524665
3121,312.00624,4.617660995250452
3122,312.106242,4.78390802761861
3123,312.206244,4.568281352704164
3124,312.306246,4.913472647927905
3125,312.406248,4.790496567328178
3126,312.50625,4.704183719149465
3127,312.606252,4.762938945445375
3128,312.706254,4.752523506442635
3129,312.806256,4.654493506633805
3130,312.90625800000004,4.930625429175014
3131,313.00626,4.667157225360809
3132,313.106262,4.414763589692582
3133,313.20626400000003,4.212462991954981
3134,313.306266,4.555404155152767
3135,313.40626799999995,4.938093534021959
3136,313.50627000000003,4.848411321386335
3137,313.606272,4.4545376317923875
3138,313.706274,4.600620189152462
3139,313.806276,4.568583670850519
3140,313.906278,4.402979179086334
3141,314.00628,4.469067699935045
3142,314.106282,4.282733906819346
3143,314.206284,4.344829609047554
3144,314.306286,4.200458777228288
3145,314.406288,4.904099575301489
3146,314.50629,4.792041189478701
3147,314.606292,4.743291667926396
3148,314.706294,5.115261068295554
3149,314.80629600000003,5.054211103500812
3150,314.906298,5.21925526793136
3151,315.0063,5.069481827753129
3152,315.106302,4.841816160864399
3153,315.206304,4.859911491576752
3154,315.306306,5.016748039721369
3155,315.406308,4.7876751376151
3156,315.50631,4.912130447759123
3157,315.60631200000006,5.165860580493466
3158,315.706314,5.251156190193859
3159,315.806316,5.0050838879184
3160,315.90631800000006,4.922771437114473
3161,316.00632,4.632456458913057
3162,316.106322,4.824575228089056
3163,316.206324,4.981136634446095
3164,316.306326,4.78480857717097
3165,316.406328,5.116273641147948
3166,316.50633,5.095975856998653
3167,316.606332,4.926197866214448
3168,316.706334,4.912497225140248
3169,316.806336,4.661342379705924
3170,316.906338,4.880259902639484
3171,317.00634,4.820714464408403
3172,317.106342,4.913074001204275
3173,317.206344,4.759190370228493
3174,317.306346,5.02965867708337
3175,317.406348,4.971609089634435
3176,317.50635000000005,4.67616547837984
3177,317.606352,4.973644627294065
3178,317.706354,4.793471258910465
3179,317.80635600000005,5.10239920325574
3180,317.906358,4.8274329239704015
3181,318.00636,4.880692771896598
3182,318.10636200000005,4.8527594919529236
3183,318.206364,4.7426557350651475
3184,318.30636599999997,4.744203316075842
3185,318.40636800000004,4.804616350150168
3186,318.50637,4.823593051887947
3187,318.606372,5.417857820776017
3188,318.706374,5.140806055372739
3189,318.806376,4.902955830383375
3190,318.906378,4.626167236429184
3191,319.00638,4.417251637176405
3192,319.106382,4.718975213331528
3193,319.206384,4.713657876997863
3194,319.306386,4.687097063988892
3195,319.40638800000005,4.5173152278982025
3196,319.50639,4.952453576063885
3197,319.60639199999997,4.932595518151421
3198,319.70639400000005,5.335016686018697
3199,319.806396,4.886154036668032
3200,319.90639799999997,4.924892977866711
3201,320.00640000000004,4.808689052724673
3202,320.106402,4.831366412071601
3203,320.20640399999996,5.09165710857934
3204,320.30640600000004,5.142604401025822
3205,320.406408,4.993790151487304
3206,320.50641,4.9474310384270215
3207,320.60641200000003,4.9011114129996285
3208,320.706414,4.931493900365273
3209,320.806416,5.015210752549677
3210,320.90641800000003,4.706739275850379
3211,321.00642,4.7706329649589625
3212,321.106422,4.934277735179957
3213,321.206424,4.851433467325019
3214,321.306426,5.015435978653759
3215,321.406428,4.88705524463287
3216,321.50642999999997,4.597394173194405
3217,321.60643200000004,4.580441113086996
3218,321.706434,4.68385455087526
3219,321.80643599999996,4.455739919400607
3220,321.90643800000004,4.674542313250933
3221,322.00644,4.595708781691433
3222,322.10644199999996,4.755536422858147
3223,322.20644400000003,4.687617909766398
3224,322.306446,4.504496641165007
3225,322.406448,4.36342280458223
3226,322.50645000000003,4.34870398628369
3227,322.606452,4.356491853342918
3228,322.706454,4.179466942657932
3229,322.806456,4.127113107300025
3230,322.906458,4.343683586337427
3231,323.00646,4.709419867048272
3232,323.106462,4.307209097139556
3233,323.206464,4.901326647825597
3234,323.306466,4.437855473544111
3235,323.406468,4.777020628362308
3236,323.50647000000004,4.600623157937119
3237,323.606472,4.958733316632461
3238,323.706474,4.887793544117222
3239,323.80647600000003,5.082682001729708
3240,323.906478,5.026619690756751
3241,324.00647999999995,4.6681851407049475
3242,324.106482,4.993727525540592
3243,324.206484,5.193577834431895
3244,324.306486,5.350420415487005
3245,324.406488,4.720284158439812
3246,324.50649,5.334844556699833
3247,324.606492,4.98252886624029
3248,324.706494,5.230241847726312
3249,324.806496,5.1767249233187025
3250,324.906498,5.344775872065467
3251,325.0065,4.898336561211209
3252,325.106502,4.565583573407884
3253,325.206504,4.2306009028690115
3254,325.306506,4.5259888990913
3255,325.40650800000003,4.47384115072235
3256,325.50651,4.5167065417277685
3257,325.606512,4.580378389473493
3258,325.706514,4.970565282848072
3259,325.806516,4.666610203792062
3260,325.906518,4.7547070557399245
3261,326.00652,4.864953322223585
3262,326.106522,5.277574932647744
3263,326.20652400000006,4.702247732770478
3264,326.306526,4.5617839227609505
3265,326.406528,4.475668446236308
3266,326.50653000000005,4.77068973910559
3267,326.606532,4.668140600155864
3268,326.706534,4.469221174867894
3269,326.806536,4.647683382279386
3270,326.906538,4.394201410219571
3271,327.00654,4.507155491051687
3272,327.106542,4.3196942923057975
3273,327.206544,4.56193432822992
3274,327.306546,4.329464810460865
3275,327.406548,4.046844825114671
3276,327.50655,4.472345661664138
3277,327.606552,4.5464414487060445
3278,327.706554,4.397860879255216
3279,327.806556,4.359808852702734
3280,327.906558,4.391159309492615
3281,328.00656,4.730686495333839
3282,328.10656200000005,4.952388195282936
3283,328.206564,4.590385119460036
3284,328.306566,4.662949002335712
3285,328.40656800000005,4.9213841882133185
3286,328.50657,4.7791476377898725
3287,328.60657199999997,5.0679032908444634
3288,328.70657400000005,4.963022355463985
3289,328.806576,4.903230402376598
3290,328.90657799999997,5.252850124987356
3291,329.00658000000004,4.834470607626557
3292,329.106582,4.919097256487048
3293,329.206584,4.790407361958488
3294,329.30658600000004,5.0065511482633545
3295,329.406588,5.04761154877399
3296,329.50659,4.19580804938248
3297,329.606592,4.49098263477825
3298,329.706594,4.9487683498432835
3299,329.806596,4.3837244033327325
3300,329.906598,4.332820508777737
3301,330.00660000000005,4.377276408906097
3302,330.106602,4.093962853104926
3303,330.20660399999997,4.438334704606872
3304,330.30660600000004,4.658885278082658
3305,330.406608,4.331822301812373
3306,330.50660999999997,4.264958380603984
3307,330.60661200000004,4.053295666434116
3308,330.706614,4.462086174427249
3309,330.80661599999996,4.368065042787195
3310,330.90661800000004,4.612765579440253
3311,331.00662,4.4880056650040885
3312,331.106622,4.313297791145534
3313,331.20662400000003,4.633512706011641
3314,331.306626,4.363527624381543
3315,331.406628,4.610476310347606
3316,331.50663000000003,4.520059305536748
3317,331.606632,4.36974119405868
3318,331.706634,5.11338617401607
3319,331.806636,5.221835001952542
3320,331.90663800000004,4.899453302903699
3321,332.00664,4.760359468352191
3322,332.10664199999997,5.120973878236942
3323,332.20664400000004,5.821968943679648
3324,332.306646,6.083958980926922
3325,332.40664799999996,5.676664235975176
3326,332.50665000000004,4.826391273667953
3327,332.606652,4.7725788567307585
3328,332.70665399999996,4.425972701553498
3329,332.80665600000003,4.989850771258657
3330,332.906658,5.773055065231043
3331,333.00666,5.4768841183344605
3332,333.10666200000003,4.929109593816094
3333,333.206664,5.090177324895263
3334,333.306666,4.6520546468174695
3335,333.406668,4.896712156087031
3336,333.50667,4.831579060716258
3337,333.606672,4.021155495503821
3338,333.706674,4.303597653002999
3339,333.80667600000004,4.769981059656428
3340,333.906678,4.3055139615015925
3341,334.00668,4.1333517132481195
3342,334.10668200000003,4.1123481218760505
3343,334.206684,4.147954562376144
3344,334.306686,4.543825065438077
3345,334.40668800000003,4.829826329993029
3346,334.50669,4.849618078608286
3347,334.60669199999995,4.6843770851986255
3348,334.706694,4.596629190531776
3349,334.806696,4.420100056577359
3350,334.906698,4.562313123138457
3351,335.0067,4.514480450264577
3352,335.106702,4.68361677395862
3353,335.206704,4.7532151037705335
3354,335.306706,4.734308737628144
3355,335.406708,4.411137379405394
3356,335.50671,4.429775651410119
3357,335.606712,4.5092560956849495
3358,335.706714,4.563960579990391
3359,335.806716,4.4712024034836375
3360,335.906718,4.719352227695398
3361,336.00672000000003,4.366331733402508
3362,336.106722,4.550609115860375
3363,336.206724,4.55169360885176
3364,336.306726,4.368794427477775
3365,336.406728,4.584956420454798
3366,336.50673,4.564612813121585
3367,336.606732,4.819626759267936
3368,336.706734,4.666034983769354
3369,336.80673600000006,4.2685923357861295
3370,336.906738,4.487237533530494
3371,337.00674,4.496566890110327
3372,337.10674200000005,4.07638467048074
3373,337.206744,4.350684172993219
3374,337.306746,4.57902995210069
3375,337.406748,4.475573200453312
3376,337.50675,4.550353624428552
3377,337.606752,4.912728482583654
3378,337.706754,4.676744115422405
3379,337.806756,4.8129259175873305
3380,337.906758,4.6202905689123925
3381,338.00676,4.880789944088461
3382,338.106762,5.093777740201461
3383,338.206764,4.606488926747412
3384,338.306766,4.5679110625462735
3385,338.406768,4.588718437176912
3386,338.50677,4.620455797529741
3387,338.606772,4.5867802077936775
3388,338.70677400000005,4.519307050086716
3389,338.806776,4.709343709570893
3390,338.906778,4.632990836367306
3391,339.00678000000005,4.393463018584706
3392,339.106782,4.523123597806648
3393,339.20678399999997,4.554234107065634
3394,339.30678600000005,4.55136019691015
3395,339.406788,4.4152851533296325
3396,339.50678999999997,4.625312790632287
3397,339.60679200000004,4.579109326582039
3398,339.706794,4.735878969181985
3399,339.806796,4.738550260301586
3400,339.90679800000004,4.809636901572892
3401,340.0068,5.129892912762194
3402,340.106802,4.559578392951072
3403,340.206804,4.651040602780021
3404,340.306806,4.6803698247427015
3405,340.406808,4.632588114696627
3406,340.50681,4.56779673729277
3407,340.60681200000005,4.689646814998832
3408,340.706814,4.757481051708772
3409,340.80681599999997,4.72025574395799
3410,340.90681800000004,4.657112982271317
3411,341.00682,4.675104709219963
3412,341.10682199999997,4.625499064665267
3413,341.20682400000004,4.736879344865832
3414,341.306826,4.765815328012307
3415,341.40682799999996,4.796725287779872
3416,341.50683000000004,4.695330082395777
3417,341.606832,4.892830533896832
3418,341.706834,4.859089028119474
3419,341.80683600000003,4.784775785569769
3420,341.906838,4.672572748876574
3421,342.00684,4.999283275262908
3422,342.10684200000003,5.086703095374943
3423,342.206844,4.815770898372503
3424,342.306846,4.655441860062699
3425,342.406848,4.759617907933778
3426,342.50685000000004,4.763989526635341
3427,342.606852,4.717545661057872
3428,342.70685399999996,4.602630861190202
3429,342.80685600000004,4.3469456868432905
3430,342.906858,4.643224868169899
3431,343.00685999999996,4.650926349578753
3432,343.10686200000004,4.360157744206057
3433,343.206864,4.275436536515065
3434,343.30686599999996,4.381353263879449
3435,343.40686800000003,4.536576681595074
3436,343.50687,4.171051766513993
3437,343.606872,4.543550651833361
3438,343.706874,4.669451699987089
3439,343.806876,4.398626394397416
3440,343.906878,4.148791391019599
3441,344.00688,4.492720764257283
3442,344.106882,4.361741870147613
3443,344.206884,4.462954960162152
3444,344.306886,4.2741714119920164
3445,344.40688800000004,4.7014772228639625
3446,344.50689,4.491106664839753
3447,344.606892,4.560534512527679
3448,344.70689400000003,4.412405876601305
3449,344.806896,4.326765157438488
3450,344.906898,4.278276619774485
3451,345.00690000000003,4.289746353749766
3452,345.106902,4.410217706021371
3453,345.206904,4.530321536911549
3454,345.306906,4.694951668907848
3455,345.406908,4.761663166791332
3456,345.50691,4.606000399505745
3457,345.606912,4.404459141179065
3458,345.706914,4.473751900278456
3459,345.806916,4.281989940722621
3460,345.906918,4.393107782674869
3461,346.00692,4.001505347494606
3462,346.106922,4.332592152740059
3463,346.206924,4.389027131254974
3464,346.30692600000003,4.640278029690051
3465,346.406928,4.523809780835241
3466,346.50693,4.820640106058069
3467,346.60693200000003,4.769884705664254
3468,346.706934,4.794886187613597
3469,346.806936,4.790819279943294
3470,346.906938,4.700614078001828
3471,347.00694,4.7032542141640015
3472,347.106942,4.224996504058604
3473,347.206944,4.767822714780673
3474,347.306946,4.168697003386734
3475,347.40694800000006,4.116338372970238
3476,347.50695,4.253014931034913
3477,347.606952,4.314931051303419
3478,347.70695400000005,4.0996039004598614
3479,347.806956,4.3468649166028195
3480,347.906958,4.842093715095282
3481,348.00696000000005,4.807600049283628
3482,348.106962,4.558616754526692
3483,348.206964,4.607514125035552
3484,348.306966,4.490759968649443
3485,348.406968,4.7611814245847075
3486,348.50697,4.360689334336085
3487,348.606972,4.2890240042785885
3488,348.706974,4.644136665547032
3489,348.806976,4.7636879017372635
3490,348.906978,4.891779709482487
3491,349.00698,4.644407317727883
3492,349.106982,5.074676014042918
3493,349.206984,4.434196186646276
3494,349.30698600000005,3.9330370353663504
3495,349.406988,4.0079890293990506
3496,349.50699,4.088333136507156
3497,349.60699200000005,4.280237131227622
3498,349.706994,4.477191558460038
3499,349.80699599999997,4.381800779590648
3500,349.90699800000004,4.513912692233253
3501,350.007,4.8207403009896845
3502,350.10700199999997,4.580694367255288
3503,350.20700400000004,4.302787435003548
3504,350.307006,4.399229344411182
3505,350.407008,4.269302919150505
3506,350.50701000000004,4.4422479838241244
3507,350.607012,4.189931865100307
3508,350.707014,4.330234255396837
3509,350.807016,3.8015186502232408
3510,350.907018,3.889816140934582
3511,351.00702,4.205946930680784
3512,351.107022,4.470506580332565
3513,351.20702400000005,4.260349547322707
3514,351.307026,4.2050774512494655
3515,351.40702799999997,4.664463433106262
3516,351.50703000000004,4.912134064074053
3517,351.607032,4.497459188310919
3518,351.70703399999996,4.418086567828903
3519,351.80703600000004,4.417652572490205
3520,351.907038,4.336808286366945
3521,352.00703999999996,4.749667236609367
3522,352.10704200000004,4.3626802500755275
3523,352.207044,4.19405365714222
3524,352.307046,4.405970546720697
3525,352.40704800000003,4.156774480534631
3526,352.50705,4.190094586441075
3527,352.607052,4.620965315532904
3528,352.707054,4.135041383974228
3529,352.807056,4.324419219768
3530,352.907058,4.1848921703786335
3531,353.00706,4.162194036934219
3532,353.10706200000004,4.647893612877513
3533,353.207064,4.384889572096322
3534,353.30706599999996,4.5849596180774395
3535,353.40706800000004,4.331903865676568
3536,353.50707,4.45397966586015
3537,353.60707199999996,4.521735735158753
3538,353.70707400000003,4.5504594216787595
3539,353.807076,4.72476367539995
3540,353.90707799999996,4.541521354840133
3541,354.00708000000003,4.590686878496359
3542,354.107082,4.625400631819692
3543,354.207084,4.224875364325266
3544,354.307086,4.1770776414580215
3545,354.407088,4.2121908603483496
3546,354.50709,4.31554207094713
3547,354.607092,4.554650636589683
3548,354.707094,4.471483583866515
3549,354.807096,4.415425881395039
3550,354.907098,4.688568362165808
3551,355.00710000000004,4.555054118698408
3552,355.107102,4.3185568802315375
3553,355.207104,4.452637163792386
3554,355.30710600000003,4.395282829135144
3555,355.407108,4.278987320555167
3556,355.50711,4.543182895752732
3557,355.60711200000003,4.65688787508129
3558,355.707114,4.947452419907102
3559,355.807116,4.466337137347659
3560,355.907118,4.721687368776715
3561,356.00712,4.584167501675527
3562,356.107122,4.792243998661571
3563,356.207124,4.9709301155194225
3564,356.307126,4.926540465305457
3565,356.407128,4.769986702571505
3566,356.50713,4.830717949368067
3567,356.607132,5.047747753155488
3568,356.707134,4.91700982971676
3569,356.807136,5.2418536127875806
3570,356.90713800000003,5.365549317664081
3571,357.00714,4.909933592451663
3572,357.107142,4.8811891156409075
3573,357.207144,5.333294247100341
3574,357.307146,5.22233356145269
3575,357.407148,4.817162646911415
3576,357.50715,5.453723455686377
3577,357.607152,5.221811977325492
3578,357.707154,5.004574797800144
3579,357.807156,4.865616180432577
3580,357.907158,4.472491099061598
3581,358.00716000000006,4.885028715526372
3582,358.107162,4.794469678393533
3583,358.207164,5.064477708318117
3584,358.30716600000005,4.8847526241708925
3585,358.407168,5.069062873492488
3586,358.50717,5.081944675557461
3587,358.60717200000005,4.94227877003734
3588,358.707174,5.458627175297536
3589,358.807176,4.901479232874192
3590,358.907178,4.699853621813405
3591,359.00718,4.738526204731093
3592,359.107182,5.057271197928514
3593,359.207184,5.407154978406809
3594,359.307186,5.245452951025708
3595,359.407188,5.065189475465484
3596,359.50719,4.966437417750905
3597,359.607192,4.929325117522729
3598,359.707194,5.160994310218576
3599,359.807196,5.140514954543637
3600,359.90719800000005,5.134244635278919
3601,360.0072,4.945267071912411
3602,360.107202,5.187946521015481
3603,360.20720400000005,5.025842775998974
3604,360.307206,5.150986170375489
3605,360.40720799999997,4.98226522862633
3606,360.50721000000004,5.018050671846762
3607,360.607212,5.2401776868498136
3608,360.707214,5.182916658022761
3609,360.80721600000004,4.8763804540376805
3610,360.907218,5.484380476217436
3611,361.00722,4.974031547706383
3612,361.10722200000004,4.975596937818005
3613,361.207224,5.079492526816637
3614,361.307226,5.402149477089524
3615,361.407228,5.128145674274646
3616,361.50723,5.304385306698536
3617,361.607232,5.394089230442891
3618,361.70723399999997,5.166600951649407
3619,361.80723600000005,4.927611346758076
3620,361.907238,5.014833632759138
3621,362.00723999999997,5.369110911527237
3622,362.10724200000004,5.491174209875411
3623,362.207244,5.188328272877983
3624,362.30724599999996,5.104109430886126
3625,362.40724800000004,5.193415683456426
3626,362.50725,5.033016241535093
3627,362.60725199999996,5.067431674316967
3628,362.70725400000003,5.097318577796892
3629,362.807256,5.058404081036463
3630,362.907258,5.183682527427895
3631,363.00726000000003,4.96441805350237
3632,363.107262,5.1652905810439975
3633,363.207264,5.030836151629697
3634,363.307266,5.2325103370246175
3635,363.407268,5.086484600083735
3636,363.50727,5.220550660565757
3637,363.607272,5.248520947519433
3638,363.70727400000004,5.065747733689559
3639,363.807276,5.3179211353064275
3640,363.907278,5.259032454062099
3641,364.00728000000004,5.432104098827635
3642,364.107282,5.330540186566515
3643,364.20728399999996,5.058763065098337
3644,364.30728600000003,5.1109715088483725
3645,364.407288,5.257006526007376
3646,364.50728999999995,5.239116228584653
3647,364.60729200000003,4.975503633609694
3648,364.707294,5.025221428104367
3649,364.807296,5.029233599407633
3650,364.907298,5.218496124495871
3651,365.0073,5.194496611687828
3652,365.107302,5.102723322960586
3653,365.207304,5.116114246506509
3654,365.307306,5.243908734241978
3655,365.407308,5.154539608805067
3656,365.50731,5.077445197902892
3657,365.60731200000004,4.973099170866256
3658,365.707314,5.052445729788837
3659,365.807316,5.0818588193989465
3660,365.90731800000003,5.089493101390697
3661,366.00732,5.143243759224527
3662,366.107322,5.458845846719421
3663,366.207324,5.272327041242797
3664,366.307326,5.279602632180641
3665,366.407328,5.055365232522991
3666,366.50733,5.167097057499402
3667,366.607332,5.150624362589931
3668,366.70733400000006,5.0640044036875045
3669,366.807336,5.05552741945999
3670,366.907338,5.09127582142788
3671,367.00734,5.190070441021428
3672,367.107342,4.991906242285937
3673,367.207344,5.052305562542876
3674,367.307346,4.998161075058843
3675,367.407348,5.235784441227356
3676,367.50735000000003,5.094769976293126
3677,367.607352,5.0018831772480565
3678,367.707354,5.334087801853385
3679,367.807356,4.939531100237546
3680,367.907358,5.156879109374579
3681,368.00736,5.22458475549708
3682,368.107362,5.000868759298987
3683,368.207364,5.057372957926085
3684,368.307366,5.086965179492429
3685,368.407368,5.106478868801485
3686,368.50737,4.756338839882275
3687,368.60737200000005,4.784685119266168
3688,368.707374,5.221868300366376
3689,368.807376,4.993031987363113
3690,368.90737800000005,4.976290350380892
3691,369.00738,4.96332192840681
3692,369.107382,5.164954062236278
3693,369.20738400000005,5.1015207607595325
3694,369.307386,4.995206130197482
3695,369.407388,4.947966837002531
3696,369.50739,4.96868430323869
3697,369.607392,5.087899270008769
3698,369.707394,5.006595582537937
3699,369.807396,5.023472346905516
3700,369.907398,5.000993821464861
3701,370.0074,5.15309692861194
3702,370.107402,5.168167872527066
3703,370.207404,5.214439420463388
3704,370.307406,4.998675646369027
3705,370.407408,5.1694864924506065
3706,370.50741000000005,4.78154649614676
3707,370.607412,4.8402189003408775
3708,370.70741399999997,4.971992301238604
3709,370.80741600000005,5.201822421028863
3710,370.907418,4.944224173370846
3711,371.00741999999997,5.102379000189193
3712,371.10742200000004,5.11611388905481
3713,371.207424,5.140695394700154
3714,371.307426,4.832622128506351
3715,371.40742800000004,4.993043316522877
3716,371.50743,4.804463588179116
3717,371.607432,4.96812393891694
3718,371.70743400000003,4.697113630103178
3719,371.807436,4.833993663644626
3720,371.907438,4.980326357835447
3721,372.00744,5.008968408601695
3722,372.107442,5.107332409689922
3723,372.207444,4.722282811264884
3724,372.30744599999997,4.899004181570257
3725,372.40744800000004,4.8093600859880405
3726,372.50745,5.227816110275046
3727,372.60745199999997,5.319493367263828
3728,372.70745400000004,5.075452704706163
3729,372.807456,5.084107761274169
3730,372.90745799999996,5.139098138143791
3731,373.00746000000004,5.095003821768241
3732,373.107462,5.3261558074696715
3733,373.207464,4.942476349939828
3734,373.30746600000003,5.1346994496731035
3735,373.407468,5.099901018267448
3736,373.50747,5.127483329444665
3737,373.60747200000003,4.98951087352124
3738,373.707474,5.138601856411443
3739,373.807476,5.073746507716454
3740,373.907478,5.181271623557633
3741,374.00748,5.227033384506395
3742,374.107482,5.090406412296274
3743,374.207484,5.07948655027521
3744,374.30748600000004,5.134400967195965
3745,374.407488,4.944045805599714
3746,374.50749,4.858959426017259
3747,374.60749200000004,4.830902000217187
3748,374.707494,4.996194706330377
3749,374.80749599999996,4.86176287106118
3750,374.90749800000003,4.885911930477854
3751,375.0075,4.829823847349641
3752,375.107502,4.876391552994733
3753,375.20750400000003,4.842230747225387
3754,375.307506,4.768289625420659
3755,375.407508,4.836824942843205
3756,375.50751,4.828674505726154
3757,375.607512,4.660636084395921
3758,375.707514,4.975964072714983
3759,375.807516,4.538917847646873
3760,375.907518,4.670905685047345
3761,376.00752,4.689294898328709
3762,376.107522,4.77577328096204
3763,376.20752400000003,4.894064796098559
3764,376.307526,4.7589052401182945
3765,376.407528,4.793831744770781
3766,376.50753000000003,4.982768484255376
3767,376.607532,4.992749886151914
3768,376.707534,4.702892859582259
3769,376.807536,4.942365533729187
3770,376.907538,4.812767793467531
3771,377.00754,4.857000504193437
3772,377.107542,4.7548687143016055
3773,377.207544,4.756199862539008
3774,377.30754600000006,4.7326878624116135
3775,377.407548,5.120972405272489
3776,377.50755,4.990186354717124
3777,377.607552,5.003513156163643
3778,377.707554,4.926205630950121
3779,377.807556,4.626657556450315
3780,377.907558,4.384058001336663
3781,378.00756,4.503876368773527
3782,378.10756200000003,4.616587753651062
3783,378.207564,4.2321890856329
3784,378.307566,4.470281200440952
3785,378.407568,4.43573670543551
3786,378.50757,4.54306370528265
3787,378.607572,4.077145203501686
3788,378.707574,4.522025828246381
3789,378.807576,4.769797433051265
3790,378.907578,4.519232277581356
3791,379.00758,4.61901524212604
3792,379.107582,4.449712384743853
3793,379.20758400000005,4.193222154729032
3794,379.307586,4.041469375695979
3795,379.407588,4.704383612028919
3796,379.50759000000005,4.452445070362857
3797,379.607592,4.127957458505174
3798,379.707594,4.236370703754788
3799,379.80759600000005,4.186782364550053
3800,379.907598,4.3429426768095265
3801,380.0076,4.442192898088261
3802,380.107602,4.4881147515443445
3803,380.207604,4.269836493965951
3804,380.307606,4.304994758451026
3805,380.407608,4.513349046707854
3806,380.50761,4.677902695999175
3807,380.607612,4.4113165922186806
3808,380.707614,4.481386482217654
3809,380.807616,4.235600728371345
3810,380.907618,4.441342565547064
3811,381.00762,4.451459238883573
3812,381.10762200000005,4.259474177171602
3813,381.207624,4.7299540908018765
3814,381.30762599999997,4.611626096472258
3815,381.40762800000005,4.754470537357218
3816,381.50763,4.3581627129215965
3817,381.60763199999997,4.281273265991006
3818,381.70763400000004,4.034004973724604
3819,381.807636,4.444867883458583
3820,381.907638,4.3891711621982425
3821,382.00764000000004,4.805254145178032
3822,382.107642,4.140034201456431
3823,382.207644,4.165881309337913
3824,382.30764600000003,4.082514723182462
3825,382.407648,4.291080608289076
3826,382.50765,4.018688419707196
3827,382.60765200000003,4.2399479518060295
3828,382.707654,4.3157457337604095
3829,382.807656,3.9637521606430304
3830,382.90765799999997,4.3901595984641135
3831,383.00766000000004,4.198722370084832
3832,383.107662,4.41258745395833
3833,383.20766399999997,4.242765203635331
3834,383.30766600000004,4.259910512911222
3835,383.407668,4.745918657266022
3836,383.50766999999996,4.979879843275979
3837,383.60767200000004,4.541128671375628
3838,383.707674,4.682688477769849
3839,383.807676,4.530952655735121
3840,383.90767800000003,4.535024130396589
3841,384.00768,4.630821627039994
3842,384.107682,4.442395656003814
3843,384.20768400000003,4.73846991173478
3844,384.307686,4.354824692482195
3845,384.407688,4.402716945966481
3846,384.50769,4.508042760534043
3847,384.607692,4.7649386363790365
3848,384.707694,4.211958441021869
3849,384.807696,4.726372249816199
3850,384.90769800000004,4.531302093169355
3851,385.0077,4.527035544457556
3852,385.107702,4.693292044859162
3853,385.20770400000004,4.9139524375107095
3854,385.307706,4.7758467144115375
3855,385.40770799999996,5.106661640056534
3856,385.50771000000003,4.706865416845345
3857,385.607712,4.524413493774667
3858,385.707714,4.906597180974239
3859,385.807716,4.8205731653996375
3860,385.907718,4.455914757799588
3861,386.00772,4.899354655970353
3862,386.107722,4.8519174206097055
3863,386.207724,4.35196660333161
3864,386.307726,4.3479122230868885
3865,386.407728,4.610237445542965
3866,386.50773,4.856583580759864
3867,386.607732,4.5498191660627905
3868,386.707734,4.721527511802411
3869,386.80773600000003,4.406585311820562
3870,386.907738,4.372673097385336
3871,387.00774,4.5536061864784205
3872,387.10774200000003,4.866968323943077
3873,387.207744,5.243963148349651
3874,387.307746,4.708292726446078
3875,387.407748,4.799930131697357
3876,387.50775,4.687775289630287
3877,387.60775200000006,5.079923572595285
3878,387.707754,4.6331476381902315
3879,387.807756,4.993550130595654
3880,387.90775800000006,5.240542419880326
3881,388.00776,4.800298051962232
3882,388.107762,4.528564798130392
3883,388.207764,4.8548546671160056
3884,388.307766,4.5778873347542355
3885,388.407768,4.34374406390493
3886,388.50777,4.435888985558524
3887,388.607772,4.464102320405269
3888,388.70777400000003,4.370281890651692
3889,388.807776,4.298259384101874
3890,388.907778,4.436852580062177
3891,389.00778,4.35392041664258
3892,389.107782,4.418397542017007
3893,389.207784,4.454646091757294
3894,389.307786,4.420987539309068
3895,389.407788,4.366279872428274
3896,389.50779,4.865392373582421
3897,389.607792,4.393880133809337
3898,389.707794,4.6147304571683705
3899,389.80779600000005,4.238524241541794
3900,389.907798,4.832146806483098
3901,390.0078,4.71558097546817
3902,390.10780200000005,4.928051937940507
3903,390.207804,4.719390855169083
3904,390.30780599999997,4.660617769909495
3905,390.40780800000005,4.6263106347646
3906,390.50781,4.551126472481152
3907,390.607812,4.783073650667785
3908,390.707814,4.586901251183226
3909,390.807816,4.6487288765888195
3910,390.907818,4.510983742549689
3911,391.00782,4.511092430605726
3912,391.107822,4.489634090865533
3913,391.207824,4.675417110227535
3914,391.307826,4.390783489391178
3915,391.407828,4.527189068870462
3916,391.50783,4.816288576357003
3917,391.607832,4.5270920907686145
3918,391.70783400000005,4.630045987469674
3919,391.807836,4.666174909873993
3920,391.90783799999997,4.650292804493631
3921,392.00784000000004,4.717899854322435
3922,392.107842,4.936894493610972
3923,392.20784399999997,4.704780756319044
3924,392.30784600000004,4.920521469625492
3925,392.407848,4.528208318375216
3926,392.50785,4.871087090857686
3927,392.60785200000004,4.7103162815307495
3928,392.707854,4.637790901857043
3929,392.807856,4.699642320577844
3930,392.90785800000003,4.816504877316386
3931,393.00786,4.9246910844648655
3932,393.107862,4.793680409763171
3933,393.20786400000003,4.525332002963311
3934,393.307866,5.121897600413256
3935,393.407868,4.719736754541293
3936,393.50786999999997,5.024569572310661
3937,393.60787200000004,4.954619594266565
3938,393.707874,4.72528825610921
3939,393.80787599999996,4.392115426459269
3940,393.90787800000004,4.7232625635200485
3941,394.00788,4.495443691555001
3942,394.10788199999996,4.359836653050502
3943,394.20788400000004,4.459234330631492
3944,394.307886,4.87653780837599
3945,394.407888,4.824356547435639
3946,394.50789000000003,4.734624338533717
3947,394.607892,4.424730344153685
3948,394.707894,4.711352351550921
3949,394.807896,4.993545281812366
3950,394.907898,4.688150898267728
3951,395.0079,4.659410168921305
3952,395.107902,4.625689428645601
3953,395.207904,4.427667970984206
3954,395.307906,4.489299210440832
3955,395.407908,4.444245083347582
3956,395.50791000000004,4.661988048326013
3957,395.607912,4.750989676779219
3958,395.707914,4.586026745137375
3959,395.80791600000003,4.554144075455039
3960,395.907918,4.7863783736954435
3961,396.00791999999996,4.706641534150562
3962,396.10792200000003,4.8999218387536105
3963,396.207924,4.792109738923171
3964,396.307926,4.765376903774419
3965,396.407928,4.707091284660229
3966,396.50793,4.88682864078177
3967,396.607932,4.947942742923855
3968,396.707934,4.818506218749451
3969,396.807936,4.831809918566824
3970,396.907938,4.897499354330329
3971,397.00794,4.463230928373555
3972,397.107942,5.22751235702057
3973,397.207944,4.758753298476412
3974,397.307946,4.79334373023423
3975,397.40794800000003,4.499832342918297
3976,397.50795,4.630873961617536
3977,397.607952,4.270789004920461
3978,397.70795400000003,4.014983595674853
3979,397.807956,4.570201842723879
3980,397.907958,4.268443358853198
3981,398.00796,4.734469897534975
3982,398.107962,4.508906056394822
3983,398.20796400000006,4.3773725490906426
3984,398.307966,4.1795108443256765
3985,398.407968,4.026199405188153
3986,398.50797000000006,4.485642085091261
3987,398.607972,4.68297004521847
3988,398.707974,4.282022242699887
3989,398.807976,4.937761999193184
3990,398.907978,4.641910108213052
3991,399.00798,4.781961452159075
3992,399.107982,4.7440027411374
3993,399.207984,4.576724273437949
3994,399.307986,4.711021211001727
3995,399.407988,4.725266522149713
3996,399.50799,4.748671797694349
3997,399.607992,4.485069592333531
3998,399.707994,4.5317489496591525
3999,399.807996,4.22679407187174
4000,399.907998,4.496248200025753
4001,400.000014,4.6499606470535495
