Frame,Time (ns),RMSD
1,0.0,1.6001649927119655e-05
2,0.100002,2.562354015802065
3,0.200004,2.515066481147558
4,0.30000600000000005,3.4273552779118233
5,0.400008,4.55180595391013
6,0.50001,4.8356131420608754
7,0.6000120000000001,4.608456281574237
8,0.700014,3.822579890564356
9,0.800016,3.977136903334095
10,0.900018,4.2294059699610225
11,1.00002,3.8341903754848174
12,1.1000219999999998,3.4961209939113056
13,1.2000240000000002,3.6271845266568494
14,1.3000260000000001,3.4376674196451593
15,1.400028,3.0839902567460133
16,1.50003,3.317881699336696
17,1.600032,3.920795235342236
18,1.700034,3.8041916121857775
19,1.800036,3.3634525423357147
20,1.9000380000000001,2.6474642285661916
21,2.00004,3.474247989700531
22,2.1000419999999997,3.80495952965904
23,2.2000439999999997,3.8847335277645643
24,2.300046,3.626998991342712
25,2.4000480000000004,4.001525088832255
26,2.5000500000000003,4.218645112667092
27,2.6000520000000003,4.32143715390076
28,2.700054,4.2384070138791285
29,2.800056,4.850868980059968
30,2.900058,6.044074732528547
31,3.00006,5.919014951401074
32,3.100062,5.226156021834019
33,3.200064,5.044109507277374
34,3.300066,5.050892013461772
35,3.400068,4.213200035118748
36,3.50007,4.345780642319913
37,3.600072,4.953737319977852
38,3.700074,4.431797274801872
39,3.8000760000000002,3.4297418633496184
40,3.900078,3.865559244646538
41,4.00008,4.935377169438057
42,4.1000820000000004,3.949259178693262
43,4.2000839999999995,3.942741778118186
44,4.300086,5.052848179657587
45,4.400087999999999,4.593031505843832
46,4.50009,4.592118977577851
47,4.600092,4.363125942081212
48,4.700094,4.4525505043073075
49,4.800096000000001,4.7679544986581
50,4.900098,3.6619400117703145
51,5.000100000000001,3.7799219395313686
52,5.100102,4.258709197886143
53,5.2001040000000005,3.9860988007233784
54,5.3001059999999995,3.357978252460432
55,5.400108,4.132125610033098
56,5.500109999999999,3.7094039412125066
57,5.600112,3.8808536991050584
58,5.700114,3.233565921070722
59,5.800116,4.25022049741792
60,5.900118,4.718712669245695
61,6.00012,4.019997804683755
62,6.100122000000001,3.8013940477641714
63,6.200124,4.090158377804183
64,6.300126000000001,4.132659418904286
65,6.400128,4.795455046511666
66,6.50013,4.433057615557219
67,6.600132,5.237949810483909
68,6.700134,5.41059109236577
69,6.800136,5.388822492619833
70,6.900138,5.534734415843237
71,7.00014,5.364419093979855
72,7.100142,4.57950904643976
73,7.200144,6.459678139449849
74,7.300146,6.447088099392676
75,7.400148,6.023821708986972
76,7.5001500000000005,6.410786655633574
77,7.6001520000000005,5.590774852878553
78,7.700154,6.003401198978208
79,7.800156,6.551521052391598
80,7.900158,6.50205110046345
81,8.00016,5.984836795088766
82,8.100162000000001,5.939241860313468
83,8.200164000000001,6.1755155737408645
84,8.300166,6.24655955358806
85,8.400167999999999,5.588971493726841
86,8.50017,5.883823515071387
87,8.600172,6.492418407396903
88,8.700174,6.640831114433506
89,8.800175999999999,5.989935341401598
90,8.900178,6.438613631044065
91,9.00018,6.392358250106799
92,9.100182,6.69031101440382
93,9.200184,7.309184299639244
94,9.300186,7.641025448947517
95,9.400188,7.578568071752488
96,9.50019,6.848128383956318
97,9.600192000000002,6.50319228014388
98,9.700194,6.540910346172531
99,9.800196,6.266342731753399
100,9.900198,6.509498288190161
101,10.000200000000001,6.339011259504275
102,10.100202,6.135915788982693
103,10.200204,5.657836508809345
104,10.300206,5.086889888589887
105,10.400208000000001,5.092983371433891
106,10.500210000000001,5.279402028248707
107,10.600211999999999,5.425504856997398
108,10.700214,6.000708421666805
109,10.800216,6.017730994170969
110,10.900218,6.571604186961299
111,11.000219999999999,6.289972750307172
112,11.100222,6.015308004319186
113,11.200224,6.236586192310051
114,11.300226,5.180761562192351
115,11.400228,5.6142115085596105
116,11.50023,5.968054686035019
117,11.600232,6.008737638052858
118,11.700234,6.35014009400876
119,11.800236,7.240532669240136
120,11.900238,6.465702440009752
121,12.00024,5.665680999195581
122,12.100242,5.734365073024004
123,12.200244000000001,5.677096618761361
124,12.300246000000001,5.973604117845596
125,12.400248,7.1924203721440705
126,12.50025,6.849783028764466
127,12.600252000000001,7.198822617107011
128,12.700254000000001,7.3008475358020135
129,12.800256,6.967652700050657
130,12.900258,6.479468587863793
131,13.00026,7.027830405370116
132,13.100262,7.138503464176841
133,13.200264,6.973602432657614
134,13.300265999999999,6.106047846617859
135,13.400268,5.790682138715333
136,13.50027,6.31101214875566
137,13.600272,5.933750363729972
138,13.700274,6.615527465425433
139,13.800276,6.858944679125183
140,13.900278,6.289896108013886
141,14.00028,5.994458186738273
142,14.100282000000002,5.755159597864468
143,14.200284,5.462320259015806
144,14.300286,6.01807458115554
145,14.400288,5.835483948767141
146,14.500290000000001,5.921470076153005
147,14.600292,6.088934627269384
148,14.700294,6.208499894590554
149,14.800296,5.787378556423786
150,14.900298000000001,4.994193613529838
151,15.000300000000001,4.905464876112482
152,15.100302,5.401843495671394
153,15.200304000000001,5.509715983131853
154,15.300306,5.892263826181598
155,15.400308,5.623393427427937
156,15.500309999999999,5.528636371327131
157,15.600312,5.019248227237282
158,15.700314,5.929917312591303
159,15.800316,5.146514866024559
160,15.900318,4.701286618477597
161,16.00032,5.026838659407091
162,16.100322,5.593047008251757
163,16.200324000000002,5.736366439513584
164,16.300326000000002,5.551894427618971
165,16.400328000000002,5.422554005806769
166,16.50033,5.659207265028334
167,16.600332,6.436905611516388
168,16.700333999999998,5.395634122552714
169,16.800335999999998,4.485263585914182
170,16.900338,6.005764340332265
171,17.00034,4.66374086153024
172,17.100342,5.042142964856698
173,17.200344,5.219983860741066
174,17.300346,4.8447398212734045
175,17.400348,3.892843813677007
176,17.50035,4.635034567434186
177,17.600351999999997,5.224329343054605
178,17.700354,4.4332917837718915
179,17.800356,4.394178475982514
180,17.900358,4.483517660667679
181,18.00036,4.014566237799433
182,18.100362,4.720233618404601
183,18.200364,4.470473543026723
184,18.300366,5.301782222240991
185,18.400368,4.514658971140646
186,18.50037,3.989505536621812
187,18.600372,3.936458338891425
188,18.700374,4.502241038743825
189,18.800376,5.3525742284934585
190,18.900378,5.057918848562625
191,19.00038,5.145996862620196
192,19.100382,4.763522826910553
193,19.200384000000003,3.8751052568172697
194,19.300386,4.013387583288207
195,19.400388,3.596464033950573
196,19.50039,3.7344706217387302
197,19.600392,3.752448591369842
198,19.700394,3.8282587356642686
199,19.800396,3.6874951848614743
200,19.900398000000003,4.240501488666982
201,20.000400000000003,3.6046601594644634
202,20.100402000000003,4.450044447424241
203,20.200404,4.607085964714249
204,20.300406,3.936518990327641
205,20.400408,3.8809676695473403
206,20.50041,3.7606512309468623
207,20.600412,3.8267878296979703
208,20.700414000000002,3.953846728029996
209,20.800416000000002,3.9870459585492317
210,20.900418000000002,3.9776874373478743
211,21.000420000000002,3.987793385927973
212,21.100422,3.216714273603052
213,21.200423999999998,4.184449363719484
214,21.300425999999998,4.256112882987238
215,21.400428,4.371842012534451
216,21.50043,5.098336273114169
217,21.600432,5.652355989398616
218,21.700434,5.500912329617256
219,21.800436,5.713605540268495
220,21.900438,4.159135335316655
221,22.000439999999998,4.024408324930245
222,22.100441999999997,4.191069176110482
223,22.200444,4.325760544570435
224,22.300446,4.722216271193715
225,22.400448,4.76952669785017
226,22.50045,4.747245962042909
227,22.600452,3.92954305784639
228,22.700454,4.174165001271168
229,22.800456,4.167043672898693
230,22.900458,4.04438817829338
231,23.00046,4.299578243382146
232,23.100462,4.310078290824678
233,23.200464,4.066451981057319
234,23.300466,3.522793907082254
235,23.400468,3.6335086281233475
236,23.50047,3.8183882656350865
237,23.600472,3.4942242730746575
238,23.700474000000003,3.3872310249055753
239,23.800476,4.298025756783243
240,23.900478,3.8108606824802402
241,24.00048,3.9891872797646606
242,24.100482,3.5276553214934916
243,24.200484,3.411588975807227
244,24.300486,3.557445178678452
245,24.400488000000003,3.725682254646269
246,24.500490000000003,4.857884526043165
247,24.600492000000003,4.8877602717710475
248,24.700494,5.77407937814086
249,24.800496,4.141818308482536
250,24.900498,3.779022397644242
251,25.0005,3.92705284978566
252,25.100502,3.401103329381522
253,25.200504000000002,3.42329857105126
254,25.300506000000002,4.183374647404936
255,25.400508000000002,4.093098941493975
256,25.500510000000002,3.7255604509273597
257,25.600512,3.854658272702347
258,25.700514,3.8001315730793648
259,25.800516,3.9120306050556963
260,25.900518,3.424430484609409
261,26.00052,3.743429345853004
262,26.100522,3.238812476352999
263,26.200524,3.4745815483191276
264,26.300526,3.7221440923638602
265,26.400528,3.629787213580389
266,26.500529999999998,4.381488228744308
267,26.600531999999998,4.799693411991979
268,26.700534,5.217149457490432
269,26.800536,4.9177717972212545
270,26.900538,4.264059479816414
271,27.00054,4.012508393597156
272,27.100542,4.627312326855027
273,27.200544,4.072260229854021
274,27.300546,4.245279920283451
275,27.400548,4.446795053931802
276,27.50055,4.102971804213867
277,27.600552,4.091038251056439
278,27.700554,4.257250221413385
279,27.800556,4.268287721535418
280,27.900558,4.021354132382641
281,28.00056,4.292231480772685
282,28.100562,4.2886641997545745
283,28.200564000000004,3.9577609723278364
284,28.300566,3.9189389692020304
285,28.400568,3.9922273913975395
286,28.50057,4.425660096513189
287,28.600572,4.495265609591359
288,28.700574,3.916372977191295
289,28.800576,3.866877268872956
290,28.900578000000003,4.408933619620542
291,29.000580000000003,4.45804295232696
292,29.100582000000003,4.420082778472816
293,29.200584,4.919219249624473
294,29.300586,4.115862655285142
295,29.400588,3.398391194349739
296,29.50059,3.851877565395241
297,29.600592,3.7769478049939798
298,29.700594000000002,3.696645959285519
299,29.800596000000002,4.084010609929839
300,29.900598000000002,4.481469862771198
301,30.000600000000002,4.565616985011525
302,30.100602,4.505642262152285
303,30.200604,4.503991550175722
304,30.300606,4.573351916648545
305,30.400608000000002,4.223558559310396
306,30.50061,3.4767784456406154
307,30.600612,4.08662972905157
308,30.700614,4.108798777990645
309,30.800616,4.121410570190135
310,30.900618,4.108625378427671
311,31.000619999999998,3.7651043582611914
312,31.100621999999998,3.893938418475004
313,31.200624,4.289341217462315
314,31.300626,4.00635041252103
315,31.400628,3.982791419002488
316,31.50063,4.117172177983824
317,31.600632,4.660346121210303
318,31.700634,4.186983520905672
319,31.800636,4.205070009665288
320,31.900638,4.996083450143048
321,32.00064,4.171882484660311
322,32.100642,3.8124349077255584
323,32.200644,3.8301755122038768
324,32.300646,3.985922154928554
325,32.400648000000004,4.362538378248743
326,32.50065,4.147910740103009
327,32.600652000000004,3.9366264742196373
328,32.700654,3.6535668720583714
329,32.800656000000004,4.662144515499157
330,32.900658,4.894708450734738
331,33.00066,4.622294151478606
332,33.10066200000001,3.7609394361988966
333,33.200664,4.295933090681753
334,33.300666,4.5967909152229325
335,33.400667999999996,3.8691261687612966
336,33.50067,3.902203161644896
337,33.600671999999996,3.915545360287102
338,33.700674,4.640338128550902
339,33.800676,4.263784340201646
340,33.900678,4.137903515088486
341,34.00068,4.696573942471653
342,34.100682,5.163222147701219
343,34.200684,4.776993999954767
344,34.300686,4.726212413400344
345,34.400688,4.600720263920826
346,34.500690000000006,4.258678268695809
347,34.600692,4.926541683228267
348,34.700694000000006,5.078094088163966
349,34.800696,4.460301199307896
350,34.900698000000006,5.217016267368239
351,35.0007,5.180734029035243
352,35.100702,5.092711577163039
353,35.200703999999995,5.21464488675781
354,35.300706,4.763832547535405
355,35.400708,4.501853021409098
356,35.50071,4.685542532646429
357,35.600712,4.656500278007121
358,35.700714,4.426999644795036
359,35.800716,3.9103792842554
360,35.900718,4.5942660988928266
361,36.00072,4.7589453810749855
362,36.100722000000005,4.359165066032014
363,36.200724,4.479842917410153
364,36.300726000000004,3.644239514619034
365,36.400728,4.02845868433402
366,36.500730000000004,4.159136264030929
367,36.600732,4.752963214253766
368,36.700734000000004,4.704165637000996
369,36.800736,4.619716243842547
370,36.900738,4.914114052500673
371,37.00074,4.504566023011057
372,37.100742,4.255096998233911
373,37.200744,4.398023226645125
374,37.300746,4.1125119537892925
375,37.400748,4.553097516069969
376,37.50075,4.759106226764415
377,37.600752,5.417379016681516
378,37.700754,5.28257632564091
379,37.800756,4.606534955482679
380,37.900758,4.2503812868399224
381,38.00076,4.955562777108246
382,38.100762,4.570520734174284
383,38.200764,5.346521285827862
384,38.300766,5.076813175669346
385,38.40076800000001,5.507323159491421
386,38.50077,6.112280070513024
387,38.600772,5.414362495377559
388,38.700773999999996,4.71414948755982
389,38.800776,4.3477351554704
390,38.900777999999995,4.302889138450898
391,39.00078,3.9825594445144366
392,39.100782,4.5680401323381785
393,39.200784,4.548144577257109
394,39.300786,5.200767072572275
395,39.400788,4.765016694782786
396,39.50079,5.012370317829501
397,39.600792,3.9315765775157483
398,39.700794,3.9626293796635514
399,39.800796000000005,4.454004471708165
400,39.900798,3.893567837650458
401,40.000800000000005,4.409305761737332
402,40.100802,4.756569167440681
403,40.200804000000005,4.949233561616367
404,40.300806,4.647720836386571
405,40.400808,4.890155519551239
406,40.500809999999994,6.010363530936411
407,40.600812,5.9124838767141865
408,40.700814,5.278219453224907
409,40.800816,5.466184868700776
410,40.900818,4.474492244041677
411,41.00082,4.681670935298786
412,41.100822,5.5522279994042965
413,41.200824,4.999448094351182
414,41.300826,5.163542705181375
415,41.400828000000004,5.716059556676976
416,41.50083,5.779795858670933
417,41.600832000000004,5.624593966359071
418,41.700834,5.266065796297034
419,41.800836000000004,4.323298553859502
420,41.900838,5.102462123236126
421,42.000840000000004,5.558642391906175
422,42.10084200000001,5.634067008400331
423,42.200844,4.837632578365552
424,42.300846,4.334005010772233
425,42.400847999999996,4.316815592582
426,42.50085,3.9258779220832243
427,42.600851999999996,4.293849762785557
428,42.700854,4.215753546474199
429,42.800856,4.991685161031198
430,42.900858,5.087961016614422
431,43.00086,4.487652345671763
432,43.100862,4.545863902156972
433,43.200864,4.527874860870426
434,43.300866,4.6771081261432865
435,43.400868,4.572346244626171
436,43.500870000000006,4.887361079168474
437,43.600872,5.1108122376918335
438,43.700874000000006,5.323418115800094
439,43.800876,5.455524958355333
440,43.900878000000006,5.534351232715568
441,44.000879999999995,6.0886434707569075
442,44.100882,5.1349725728165305
443,44.200883999999995,4.753349808856896
444,44.300886,4.571100297516906
445,44.400888,4.905778127178728
446,44.50089,5.430410454585186
447,44.600892,4.825441264614413
448,44.700894,4.74743712182548
449,44.800896,3.889942386002068
450,44.900898,3.6315291170587125
451,45.0009,3.769229275595676
452,45.100902000000005,4.381517062637756
453,45.200904,4.675761748304224
454,45.300906000000005,5.491874432643805
455,45.400908,6.1455816197540205
456,45.500910000000005,5.818781134171416
457,45.600912,5.005688108306555
458,45.700914000000004,5.079086559146769
459,45.800916,4.913571611390135
460,45.900918,5.760790902970856
461,46.00092,5.794506963721322
462,46.100922,5.815793158514583
463,46.200924,5.062353477324349
464,46.300926,4.962622402202367
465,46.400928,5.581857115931666
466,46.50093,5.25843780136131
467,46.600932,5.219368560761635
468,46.700934000000004,5.079332515300667
469,46.800936,4.967687408589959
470,46.900938000000004,4.540697022847048
471,47.00094,4.178512195594438
472,47.100942,4.81364444319813
473,47.200944,5.052383724779993
474,47.300946,5.642743532697574
475,47.40094800000001,5.675528271114544
476,47.50095,5.672418349854709
477,47.600952,6.0458878241439855
478,47.700953999999996,5.73381296456811
479,47.800956,5.061161503209739
480,47.900957999999996,5.775245475626231
481,48.00096,5.473131951197725
482,48.100962,5.120822502206884
483,48.200964,4.9878037165091635
484,48.300966,5.253091798449008
485,48.400968,5.221899871115412
486,48.50097,5.238507097842129
487,48.600972,4.788668769717172
488,48.700974,4.557328663524935
489,48.800976000000006,4.905375843279068
490,48.900978,4.907373392185576
491,49.000980000000006,4.358241511233852
492,49.100982,4.4599792605236015
493,49.200984000000005,4.908790908272222
494,49.300986,5.468335297854913
495,49.400988,5.7401220966889595
496,49.500989999999994,5.050800412574872
497,49.600992,5.193402542237015
498,49.700994,5.070960413519689
499,49.800996,5.628768606044759
500,49.900998,4.933548081032016
501,50.001,5.504944836021481
502,50.101002,5.048011445323645
503,50.201004,5.229936863582673
504,50.301006,5.196810940515403
505,50.401008000000004,5.888637830652208
506,50.50101,5.97205157707602
507,50.601012000000004,5.109478985335896
508,50.701014,6.0463316154523845
509,50.801016000000004,6.205523973915294
510,50.901018,5.523181945418371
511,51.001020000000004,4.7108620481391235
512,51.10102200000001,5.2941562787699485
513,51.201024,4.5289182819705625
514,51.301026,4.845456149893666
515,51.401028,5.3265931752634526
516,51.50103,5.355439097520296
517,51.601032,4.663077193448912
518,51.701034,5.412271607620431
519,51.801036,5.039396486859237
520,51.901038,5.017927765477589
521,52.00104,4.562531443809127
522,52.101042,4.518993005422875
523,52.201044,4.585259548807374
524,52.301046,5.913813266830271
525,52.401048,4.373071219269943
526,52.501050000000006,4.4653035858905605
527,52.601052,4.4177071493266125
528,52.701054000000006,4.532542019709158
529,52.801056,3.941586130439246
530,52.901058000000006,4.334337819744834
531,53.001059999999995,4.773554615799487
532,53.101062,5.238518051827075
533,53.201063999999995,5.184249804537004
534,53.301066,4.985769737447239
535,53.401068,5.203173496548871
536,53.50107,4.683902911536536
537,53.601072,4.609117341905048
538,53.701074,4.000592981956113
539,53.801076,4.781444747486197
540,53.901078,4.60465958949343
541,54.00108,4.713373979723439
542,54.101082000000005,4.674069499014268
543,54.201084,4.419927819047696
544,54.301086000000005,4.681029929065926
545,54.401088,5.665125362584988
546,54.501090000000005,4.378852416127208
547,54.601092,4.214289470918421
548,54.701094000000005,5.099345907108803
549,54.801096,5.791501828717294
550,54.901098,5.556620502725692
551,55.0011,5.83350815341385
552,55.101102,5.816927850133918
553,55.201104,5.543214992174682
554,55.301106,5.830320657133684
555,55.401108,4.7495546427643625
556,55.50111,4.4852467969690455
557,55.601112,4.957081758439641
558,55.701114000000004,4.804335525142452
559,55.801116,4.307224918924674
560,55.901118000000004,3.7716875094407105
561,56.00112,4.190359085163693
562,56.101122000000004,4.321296136958657
563,56.201124,4.4607373235321095
564,56.301126000000004,5.041669580444487
565,56.40112800000001,5.445382812174903
566,56.50113,5.684877932100086
567,56.601132,5.179835443158018
568,56.701133999999996,4.90186637652483
569,56.801136,5.452375055878795
570,56.901137999999996,5.0556009777793856
571,57.00114,5.706157945729295
572,57.101142,6.052479308476903
573,57.201144,5.692929781899975
574,57.301146,5.622661430941235
575,57.401148,6.292264155227997
576,57.50115,5.507404539900724
577,57.601152,5.286778363695717
578,57.701154,5.414427266000635
579,57.801156000000006,5.608116906102533
580,57.901158,6.300993874309969
581,58.001160000000006,6.1110211844994105
582,58.101162,5.967516536071688
583,58.201164000000006,6.2401389687960425
584,58.301166,5.320913480122337
585,58.401168,5.708490892071938
586,58.501169999999995,5.261794239221992
587,58.601172,4.663174449059197
588,58.701174,5.421242267153994
589,58.801176,5.533902852973334
590,58.901178,5.47723708621342
591,59.00118,5.685881275056693
592,59.101182,5.553562086282837
593,59.201184,6.389149457143489
594,59.301186,6.449392506307451
595,59.401188000000005,5.623030667804893
596,59.50119,5.370079060280408
597,59.601192000000005,5.017720857202738
598,59.701194,4.94255951320767
599,59.801196000000004,5.4504803791845475
600,59.901198,5.20405143331231
601,60.001200000000004,4.964047702817948
602,60.10120200000001,5.541701423262727
603,60.201204,5.23971047918543
604,60.301206,5.922036616532033
605,60.401208,5.905777945511408
606,60.50121,5.909788818962906
607,60.601212,5.752652864729062
608,60.701214,6.060517311675974
609,60.801216000000004,5.789454255861017
610,60.901218,5.333113574294839
611,61.00122,5.784775425167291
612,61.101222,4.623603656732844
613,61.201224,4.881928533875945
614,61.301226,4.898601063810847
615,61.401228,5.756022354306152
616,61.50123000000001,5.626239615007577
617,61.601232,4.731139378225318
618,61.70123400000001,4.458642610371309
619,61.801236,4.289806910575704
620,61.901238000000006,4.688186990265731
621,62.001239999999996,5.345062441112532
622,62.101242,5.5228580988852265
623,62.201243999999996,5.25615628420847
624,62.301246,5.311273616038577
625,62.401248,4.890282922123087
626,62.50125,5.020229820062345
627,62.601252,4.766879300140686
628,62.701254,4.934737804633446
629,62.801256,4.700068920055762
630,62.901258,4.705320057770849
631,63.00126,5.081123906914634
632,63.101262000000006,5.654041807412307
633,63.201264,5.696397251589216
634,63.301266000000005,5.881419312888083
635,63.401268,6.208876067647081
636,63.501270000000005,4.812433546632823
637,63.601272,4.151707150739321
638,63.701274000000005,5.307978882957739
639,63.801276,4.79473020525551
640,63.901278,4.421322136100518
641,64.00128,4.581504124687802
642,64.101282,5.3253647124887475
643,64.201284,4.7630701871659085
644,64.301286,4.510687840956769
645,64.401288,4.899675041935237
646,64.50129,5.605136323967687
647,64.601292,5.9568884327696034
648,64.701294,5.493555474834872
649,64.80129600000001,5.199112474331797
650,64.901298,5.0019267518524
651,65.0013,4.5496941211339115
652,65.101302,4.680462561374253
653,65.20130400000001,5.042498067744882
654,65.30130600000001,4.942868941164967
655,65.401308,4.706092881855837
656,65.50131,4.404416137199837
657,65.60131200000001,4.4301400428454905
658,65.701314,4.021794545913983
659,65.801316,4.585867847201382
660,65.901318,5.294962515706082
661,66.00132,4.856625345137398
662,66.101322,4.407731734886251
663,66.20132400000001,4.577490639481475
664,66.301326,4.588912489642416
665,66.401328,4.614825072018756
666,66.50133,5.14926506677984
667,66.601332,4.925219457040069
668,66.701334,5.046096557810261
669,66.80133599999999,5.441787782110397
670,66.90133800000001,5.356733508806523
671,67.00134,5.149949194392657
672,67.101342,4.816520432110608
673,67.20134399999999,4.367293041959065
674,67.30134600000001,4.631752203184357
675,67.401348,5.374803132324778
676,67.50135,6.294469282145222
677,67.601352,5.984027299493145
678,67.70135400000001,5.962263850667737
679,67.801356,5.306679916664447
680,67.901358,5.382171695963914
681,68.00136,6.001690137626992
682,68.10136200000001,4.720290960320259
683,68.201364,4.902472258505784
684,68.301366,4.915737400045996
685,68.401368,4.926284754785871
686,68.50137,4.887711608764741
687,68.601372,5.253076845486268
688,68.701374,5.091962742968162
689,68.801376,4.983921152843531
690,68.901378,5.31975580126203
691,69.00138000000001,6.036639838891691
692,69.101382,5.6336892665809195
693,69.201384,5.846522593927897
694,69.301386,4.908034502114851
695,69.40138800000001,5.335723473004748
696,69.50139,5.837647173331457
697,69.601392,6.153241078997479
698,69.701394,5.296542390465265
699,69.80139600000001,4.960265271767356
700,69.901398,4.617239325639448
701,70.0014,4.183800658788968
702,70.10140200000001,5.309239918317827
703,70.201404,4.62869593401435
704,70.301406,5.07543647954764
705,70.40140799999999,4.966823197689228
706,70.50141,4.963065128092085
707,70.601412,4.694069204510916
708,70.701414,4.101628484406477
709,70.801416,4.7263157793741035
710,70.901418,4.801215857274486
711,71.00142,4.642834373446673
712,71.101422,4.968115682617409
713,71.201424,5.322923000029411
714,71.301426,5.58446734026257
715,71.401428,4.855674023170176
716,71.50143000000001,4.895980294539664
717,71.601432,5.291805546729805
718,71.701434,5.1710277108777785
719,71.801436,4.76241821093942
720,71.901438,5.014500533838646
721,72.00144,5.286720521821931
722,72.10144199999999,5.421870624146161
723,72.20144400000001,4.5073233387932605
724,72.301446,4.958148808867999
725,72.401448,4.5506947574175465
726,72.50144999999999,5.145236065023184
727,72.60145200000001,4.930640196958512
728,72.701454,5.227757820667014
729,72.801456,4.286998204088879
730,72.901458,4.221276074125688
731,73.00146000000001,3.708672695729444
732,73.101462,3.588002706470067
733,73.201464,4.225334479971928
734,73.301466,4.783363782000465
735,73.40146800000001,5.424468318270534
736,73.50147,5.211201055538848
737,73.601472,5.8039422591070124
738,73.701474,5.587513122999283
739,73.801476,5.97805204539921
740,73.901478,5.30301266609918
741,74.00148,5.448659561289995
742,74.101482,5.764791091351077
743,74.201484,5.690573086913268
744,74.30148600000001,6.169408640050532
745,74.401488,5.750886551724329
746,74.50149,5.439943812074281
747,74.601492,5.6341060229279
748,74.70149400000001,5.947615958667228
749,74.801496,7.298172919199826
750,74.901498,6.3956582485619045
751,75.0015,6.0389368220463595
752,75.10150200000001,4.856381617445134
753,75.201504,6.135405916880181
754,75.301506,5.04490363846872
755,75.401508,5.6495895341409526
756,75.50151,4.589618753782537
757,75.601512,4.350687640573529
758,75.70151399999999,4.485022995971183
759,75.801516,4.445639278184591
760,75.901518,5.209811508155265
761,76.00152,4.9006455450174045
762,76.101522,5.134075395903534
763,76.201524,4.957236491532611
764,76.301526,5.101233222317281
765,76.401528,5.072852870335163
766,76.50153,4.775364180373738
767,76.601532,5.137586515585452
768,76.701534,4.974416801888099
769,76.80153600000001,5.064170272844529
770,76.901538,4.976356199810403
771,77.00154,5.0972666988132005
772,77.101542,5.071792700690875
773,77.201544,4.8346270076825935
774,77.301546,5.0469312068475185
775,77.40154799999999,4.505303302939544
776,77.50155000000001,4.139607803934831
777,77.601552,4.1459840946666
778,77.701554,4.810018298292042
779,77.80155599999999,5.401021781102645
780,77.90155800000001,4.44323958803104
781,78.00156,4.349095926837272
782,78.101562,4.415023203269253
783,78.201564,4.445012606780271
784,78.30156600000001,4.566265704349809
785,78.401568,4.758803778083003
786,78.50157,4.732369107939939
787,78.601572,4.0740378262347745
788,78.70157400000001,4.128897609171076
789,78.801576,4.639351417663053
790,78.90157800000001,5.498717607957186
791,79.00158,5.927474369782369
792,79.101582,6.530588132951015
793,79.201584,4.888056909182202
794,79.301586,4.5021895176128375
795,79.401588,5.081939874864353
796,79.50159,4.64624155698581
797,79.60159200000001,5.0251771175254625
798,79.701594,4.962127096853572
799,79.801596,4.838209913845648
800,79.90159799999999,5.089488977884503
801,80.00160000000001,4.3731325307520175
802,80.101602,5.121947890026593
803,80.201604,4.670974936978109
804,80.301606,4.115284284211393
805,80.40160800000001,5.006987051277687
806,80.50161,4.874254277940504
807,80.601612,4.267288705007367
808,80.701614,5.307336592394509
809,80.801616,4.929942949781522
810,80.901618,5.825996666534405
811,81.00161999999999,5.170684499716457
812,81.101622,4.544638176023386
813,81.201624,4.78941239870228
814,81.301626,4.728209465410915
815,81.401628,4.625615862605132
816,81.50163,4.888673499963489
817,81.601632,4.877489663527616
818,81.701634,4.955871617469671
819,81.801636,4.7415042174994255
820,81.901638,4.059846844208761
821,82.00164,4.697250262714154
822,82.10164200000001,4.374372516949692
823,82.201644,5.257016983487592
824,82.301646,5.140620357341775
825,82.401648,5.516699927745649
826,82.50165000000001,5.187572462612684
827,82.601652,5.995912837650412
828,82.70165399999999,5.843124547371769
829,82.80165600000001,6.140052390615459
830,82.901658,5.653513869653437
831,83.00166,5.304184212587195
832,83.10166199999999,5.584183515833985
833,83.20166400000001,5.3943716932840005
834,83.301666,4.575065928317452
835,83.401668,5.074624817630099
836,83.50167,5.6563813676679935
837,83.60167200000001,5.102681472548887
838,83.701674,5.246584950202046
839,83.801676,5.668428009385471
840,83.901678,5.063011931851291
841,84.00168000000001,4.709315748305299
842,84.101682,5.005212376062791
843,84.20168400000001,4.926050966004962
844,84.301686,5.465540770583069
845,84.401688,5.442206964391815
846,84.50169,5.628127365020342
847,84.601692,5.192349208135838
848,84.701694,5.64370744687845
849,84.80169599999999,4.687437141066434
850,84.90169800000001,4.708047374627542
851,85.0017,5.037156940149524
852,85.101702,5.078512744681654
853,85.20170399999999,5.13590636725347
854,85.30170600000001,5.10708822464047
855,85.401708,5.709999684825627
856,85.50171,5.895838924684983
857,85.601712,5.277769267249747
858,85.70171400000001,6.138710538021341
859,85.801716,5.648041561632697
860,85.901718,5.348621497043205
861,86.00172,5.32358804847185
862,86.10172200000001,4.982346427294415
863,86.201724,4.585831875856668
864,86.301726,5.181169261705881
865,86.401728,4.208197130447667
866,86.50173,4.377650462888829
867,86.601732,4.527051060668686
868,86.701734,3.813864260565734
869,86.801736,3.454947930495333
870,86.901738,4.320143123870656
871,87.00174000000001,4.2244225530088535
872,87.101742,4.816663490247466
873,87.201744,4.728116719457197
874,87.301746,4.360541335602435
875,87.40174800000001,3.9960987438070843
876,87.50175,3.5939317999380327
877,87.601752,3.75918246065437
878,87.701754,4.034400287186375
879,87.80175600000001,4.064198569650551
880,87.901758,4.693286338472998
881,88.00175999999999,3.440699686456193
882,88.10176200000001,3.403410851196885
883,88.201764,3.69415845667615
884,88.301766,3.872901080487734
885,88.40176799999999,4.797142477225114
886,88.50177000000001,4.594789591390532
887,88.601772,4.655476972048266
888,88.701774,4.0594388424374515
889,88.801776,3.663126387569456
890,88.90177800000001,4.008566366208273
891,89.00178,4.065380805389461
892,89.101782,4.44834971470768
893,89.201784,4.894504359242703
894,89.301786,4.723853671859697
895,89.401788,4.214427374083972
896,89.50179000000001,4.236005240277258
897,89.601792,4.349717945581674
898,89.701794,4.446180986462026
899,89.801796,4.400415961836344
900,89.901798,4.566751124085443
901,90.0018,4.7175111175255235
902,90.10180199999999,4.496699074508538
903,90.20180400000001,4.828199773020098
904,90.301806,5.382221334218787
905,90.401808,4.679441930670612
906,90.50180999999999,4.374246658732137
907,90.60181200000001,4.1320933039615655
908,90.701814,3.8789230693880485
909,90.801816,4.170834063874325
910,90.901818,4.0983218376064094
911,91.00182000000001,4.329929425245263
912,91.101822,4.331049796320002
913,91.201824,4.966703690830654
914,91.301826,4.985036724137206
915,91.40182800000001,3.737291728375599
916,91.50183,3.8653828011304063
917,91.601832,3.1850803322594796
918,91.701834,3.955798227698487
919,91.801836,3.9059582655204736
920,91.901838,4.230895144162123
921,92.00184,3.945899269407624
922,92.101842,3.93994927165065
923,92.201844,4.43619228824277
924,92.30184600000001,4.750539801506738
925,92.401848,5.191541659045134
926,92.50185,4.892582278904923
927,92.601852,4.628401518451979
928,92.70185400000001,4.358460753751822
929,92.801856,5.087020444041755
930,92.901858,5.114032538718905
931,93.00186,4.480525962176028
932,93.10186200000001,4.78477693688112
933,93.201864,4.624131645561959
934,93.301866,5.459611119043367
935,93.40186800000001,5.384461451139194
936,93.50187,4.83561537133578
937,93.601872,4.654327573540699
938,93.70187399999999,4.250176696478181
939,93.80187600000001,3.722557371721572
940,93.901878,4.3339648363602405
941,94.00188,4.966735929594026
942,94.101882,4.553813959068102
943,94.201884,4.7444959716508714
944,94.301886,5.502142877286538
945,94.401888,4.784222081174632
946,94.50189,4.381635593931192
947,94.601892,4.88532842042073
948,94.701894,5.854869442541633
949,94.80189600000001,6.144912456118639
950,94.901898,5.00266618545369
951,95.0019,6.0427708338563715
952,95.101902,5.079882729294794
953,95.201904,5.7722026949659515
954,95.301906,5.127956042469405
955,95.40190799999999,6.1978306096525735
956,95.50191000000001,5.448726888479249
957,95.601912,5.109979607271134
958,95.701914,5.160275333737672
959,95.80191599999999,5.103949188467794
960,95.90191800000001,4.156812511109443
961,96.00192,4.561700514162718
962,96.101922,4.338676155058148
963,96.201924,3.834231133060887
964,96.30192600000001,3.866755939809597
965,96.401928,4.517346117328079
966,96.50193,4.623093230218165
967,96.601932,4.433417651247578
968,96.70193400000001,5.093575355706781
969,96.801936,5.060613309581061
970,96.90193800000002,5.604243785917007
971,97.00194,5.888356385372038
972,97.101942,5.808892703248653
973,97.201944,5.996415470424165
974,97.301946,4.942839143253301
975,97.401948,5.22579747986277
976,97.50195,5.203671233113591
977,97.60195200000001,5.3050568146292525
978,97.701954,5.643955874132798
979,97.801956,5.511820756225014
980,97.901958,4.657861301660695
981,98.00196000000001,6.083144746753326
982,98.101962,4.970870503075988
983,98.201964,4.513285754346897
984,98.30196600000001,4.717883895631272
985,98.40196800000001,5.401113021023029
986,98.50197,5.1206815039917695
987,98.601972,4.99271345110609
988,98.701974,4.603106308057806
989,98.801976,4.016936169615472
990,98.901978,4.594442022850753
991,99.00197999999999,4.437568470075159
992,99.101982,4.462962061938991
993,99.201984,4.978186653283037
994,99.301986,4.413559666043318
995,99.401988,4.593768758338943
996,99.50199,4.186015243896948
997,99.601992,4.396750279120636
998,99.701994,4.444550560599195
999,99.801996,4.173829999460898
1000,99.901998,4.945058455111296
1001,100.002,3.7468031398637014
1002,100.10200200000001,3.950996315037452
1003,100.202004,3.890893671502344
1004,100.302006,3.9838408985084093
1005,100.402008,3.6148062823742606
1006,100.50201000000001,3.9186735215894823
1007,100.602012,4.225997894182645
1008,100.70201399999999,4.3291112249455335
1009,100.80201600000001,4.0491758975707945
1010,100.902018,4.3681763550262245
1011,101.00202,5.1914527830332515
1012,101.10202199999999,4.97686184741295
1013,101.20202400000001,4.875891987719259
1014,101.302026,4.300931125475094
1015,101.402028,4.378287428546126
1016,101.50203,4.231575743316263
1017,101.60203200000001,4.197869172722103
1018,101.702034,4.486743442397135
1019,101.802036,5.030784821069718
1020,101.902038,4.552221131134449
1021,102.00204000000001,4.219592863905533
1022,102.102042,4.213365224192266
1023,102.20204400000001,4.762918524942909
1024,102.302046,4.596855043864817
1025,102.402048,3.7960908435449667
1026,102.50205,4.61709839834736
1027,102.602052,4.217788024876342
1028,102.702054,4.668721725615922
1029,102.802056,5.226636621198395
1030,102.90205800000001,4.617081510120488
1031,103.00206,4.901702128026054
1032,103.102062,4.583680473158328
1033,103.202064,5.14720303772946
1034,103.30206600000001,4.722247104195833
1035,103.402068,4.288993926824373
1036,103.50207,5.055767589870316
1037,103.602072,4.696480478854399
1038,103.70207400000001,4.20662035652332
1039,103.802076,4.261982451909518
1040,103.902078,3.9925962443153775
1041,104.00208,4.091317545567664
1042,104.10208200000001,3.724266525555511
1043,104.202084,5.012544115910552
1044,104.302086,4.065113898481703
1045,104.402088,4.07866115874869
1046,104.50209,4.520512328210121
1047,104.602092,4.2165769161851445
1048,104.702094,4.297519214524765
1049,104.802096,4.864578940541001
1050,104.902098,5.1093311634456775
1051,105.00210000000001,4.336375310522682
1052,105.102102,5.134917766354067
1053,105.202104,4.731586846784972
1054,105.302106,4.843275743767033
1055,105.40210800000001,5.046161654357796
1056,105.50211,5.2957207070774714
1057,105.602112,5.076680243879093
1058,105.702114,4.801211433428351
1059,105.80211600000001,5.165851333371486
1060,105.902118,4.561538128875945
1061,106.00211999999999,4.278756354453288
1062,106.10212200000001,4.810752559319564
1063,106.202124,4.729854461330649
1064,106.302126,4.301886152896051
1065,106.40212799999999,3.8127765726714147
1066,106.50213000000001,4.2936960863739975
1067,106.602132,4.073545696170581
1068,106.702134,3.6825300445563953
1069,106.802136,4.040467247807426
1070,106.90213800000001,4.632878771927992
1071,107.00214,4.2230477998378415
1072,107.102142,3.9047703754906533
1073,107.202144,3.931594866336202
1074,107.30214600000001,4.190164505957134
1075,107.402148,4.650441428643604
1076,107.50215000000001,4.850017603023462
1077,107.602152,4.527685221541414
1078,107.702154,4.184799761090533
1079,107.802156,4.829222573600317
1080,107.902158,4.444799965731917
1081,108.00216,4.863275092528521
1082,108.10216199999999,5.177070165411519
1083,108.20216400000001,4.582048159168256
1084,108.302166,4.236536626193753
1085,108.402168,4.118081894967071
1086,108.50216999999999,5.221898537271529
1087,108.60217200000001,4.725188286386777
1088,108.702174,4.709610205707381
1089,108.802176,4.863855209613231
1090,108.902178,4.32322783438641
1091,109.00218000000001,4.773770127058604
1092,109.102182,4.583463558310248
1093,109.202184,5.289728158899859
1094,109.302186,4.886391898754512
1095,109.40218800000001,5.558490364247473
1096,109.50219,4.628448820857221
1097,109.602192,4.973315764803431
1098,109.702194,5.87775085164738
1099,109.802196,5.4457841905138755
1100,109.902198,5.2986378463623405
1101,110.0022,5.081490437815931
1102,110.102202,4.998114653968063
1103,110.202204,5.675732933358236
1104,110.30220600000001,5.279199860211336
1105,110.402208,5.917921927137073
1106,110.50221,5.622753608404492
1107,110.602212,5.11587823820471
1108,110.70221400000001,4.179501396432039
1109,110.802216,4.479284856316856
1110,110.902218,5.967392304165421
1111,111.00222,6.2302554418150615
1112,111.10222200000001,5.66398512377336
1113,111.202224,5.938152006191579
1114,111.30222599999999,5.940094577277568
1115,111.40222800000001,6.159635176960296
1116,111.50223,5.808314501472874
1117,111.602232,4.954014964886409
1118,111.70223399999999,5.267537220645122
1119,111.80223600000001,4.868593717250755
1120,111.902238,5.0668648206580595
1121,112.00224,4.860414585861186
1122,112.102242,5.382058969704441
1123,112.20224400000001,4.7267699060014845
1124,112.302246,5.105031209964532
1125,112.402248,4.811229084106857
1126,112.50225,4.606077348109382
1127,112.60225200000001,4.9507120794395245
1128,112.702254,5.353137885143482
1129,112.80225600000001,4.920115935518214
1130,112.902258,4.405453410297831
1131,113.00226,4.714674414174285
1132,113.102262,4.370843014644335
1133,113.202264,4.925015452658411
1134,113.302266,4.451309082054968
1135,113.40226799999999,4.450059644946224
1136,113.50227000000001,4.380903678033406
1137,113.602272,3.947868391937835
1138,113.702274,4.394576323896306
1139,113.80227599999999,4.285975174016646
1140,113.90227800000001,5.1396838183887805
1141,114.00228,4.99437914363778
1142,114.102282,5.356692068539942
1143,114.202284,4.7702328605736755
1144,114.30228600000001,4.472879726223797
1145,114.402288,4.667714503703869
1146,114.50229,4.164283728433044
1147,114.602292,3.8097021924126713
1148,114.70229400000001,4.43581607896659
1149,114.802296,4.2563958270639795
1150,114.902298,3.9303025198547243
1151,115.0023,4.791727586094387
1152,115.102302,4.151024210723723
1153,115.202304,5.173642805490946
1154,115.302306,5.3443808087443125
1155,115.402308,5.390575110883694
1156,115.50231,5.21650509045829
1157,115.60231200000001,5.691865666165489
1158,115.702314,4.314517109102146
1159,115.802316,4.537088018877722
1160,115.902318,4.06441761506267
1161,116.00232000000001,5.046534227780922
1162,116.102322,4.6968350651027615
1163,116.202324,4.783077394263142
1164,116.30232600000001,4.690462627525171
1165,116.40232800000001,4.1123776496616475
1166,116.50233,4.602970241285355
1167,116.602332,4.628577183285476
1168,116.70233400000001,4.846169761165078
1169,116.802336,4.188669286561339
1170,116.902338,4.066397319210902
1171,117.00233999999999,3.9269236985589973
1172,117.10234200000001,4.821207507747277
1173,117.202344,4.170615597586088
1174,117.302346,4.447692995554687
1175,117.402348,4.892186596265698
1176,117.50235,4.503510589393778
1177,117.602352,4.74494952252121
1178,117.702354,5.066934333587004
1179,117.802356,4.501460177180279
1180,117.902358,4.515453725150562
1181,118.00236,4.5330855231594605
1182,118.10236200000001,4.759827026471696
1183,118.202364,4.348014366948988
1184,118.302366,4.305916905446406
1185,118.402368,5.352118704581179
1186,118.50237,5.176214607429158
1187,118.602372,5.010552735499181
1188,118.70237399999999,4.3805425154559385
1189,118.80237600000001,4.535921937794289
1190,118.902378,4.8295816508572
1191,119.00238,5.77759862881056
1192,119.10238199999999,6.346802834360773
1193,119.20238400000001,5.586525144560531
1194,119.302386,5.267829036327588
1195,119.402388,4.705725693704719
1196,119.50239,5.203380639865866
1197,119.60239200000001,5.1333502067032875
1198,119.702394,4.927345299467354
1199,119.802396,4.903516843893746
1200,119.902398,4.785484415135023
1201,120.00240000000001,4.348256186561727
1202,120.102402,5.887989064510424
1203,120.20240400000002,5.363281664519877
1204,120.302406,5.02036988780746
1205,120.402408,5.759094137480468
1206,120.50241,5.218558881760714
1207,120.602412,5.552588821318062
1208,120.702414,5.4108214175578935
1209,120.802416,5.299045906745794
1210,120.90241800000001,5.06517228438091
1211,121.00242,4.600552005753662
1212,121.102422,4.844590127224452
1213,121.202424,5.329187437276917
1214,121.30242600000001,5.42516963880681
1215,121.402428,5.442805463800501
1216,121.50243,4.9219550377637455
1217,121.60243200000001,5.109191005166892
1218,121.70243400000001,4.097623668045774
1219,121.802436,4.241956520239789
1220,121.902438,4.355843544016696
1221,122.00244,5.053830203924087
1222,122.102442,4.13058880030216
1223,122.202444,4.62573488529522
1224,122.302446,4.676518436891763
1225,122.402448,4.878059160560686
1226,122.50245,5.1520796604336505
1227,122.602452,4.856123556657396
1228,122.702454,4.776034593010898
1229,122.802456,4.668274099781246
1230,122.902458,5.3362041088475305
1231,123.00246000000001,5.85015462201921
1232,123.102462,5.721004206162808
1233,123.202464,5.639891030309314
1234,123.302466,5.648773199143296
1235,123.40246800000001,6.554704152691269
1236,123.50247,5.469433350423937
1237,123.602472,5.219304042931935
1238,123.702474,4.769695349398323
1239,123.80247600000001,4.691317298076579
1240,123.902478,4.821784370919361
1241,124.00247999999999,4.632003030867769
1242,124.10248200000001,4.497796829130032
1243,124.202484,4.644697084971782
1244,124.302486,5.736919047689583
1245,124.40248799999999,6.2082600254628355
1246,124.50249000000001,4.773829531113251
1247,124.602492,5.2992669229591005
1248,124.702494,4.918819045452541
1249,124.802496,5.079281756932826
1250,124.90249800000001,5.155004523979475
1251,125.0025,5.167419171788362
1252,125.102502,5.578232504920423
1253,125.202504,5.6847249500886665
1254,125.30250600000001,5.6838664954663765
1255,125.402508,5.7653661213200555
1256,125.50251000000002,5.402546146309887
1257,125.602512,4.28029256146328
1258,125.702514,4.591598352378842
1259,125.802516,4.619271041462707
1260,125.902518,5.496680663172594
1261,126.00252,5.128079216441551
1262,126.102522,5.28100616925541
1263,126.20252400000001,5.444237149922036
1264,126.302526,5.85880962218553
1265,126.402528,5.631229134991783
1266,126.50253,5.889104999522535
1267,126.60253200000001,5.165969219264157
1268,126.702534,4.5865470762067675
1269,126.802536,4.55631593436116
1270,126.902538,5.098325658761607
1271,127.00254000000001,4.728074826974996
1272,127.102542,4.979834987486911
1273,127.202544,4.416656456297856
1274,127.302546,4.474482305341404
1275,127.40254800000001,3.91598915934743
1276,127.50255,4.735001151094861
1277,127.602552,4.015597732258552
1278,127.702554,5.402016201098879
1279,127.802556,5.0217830109329755
1280,127.902558,5.42305945592485
1281,128.00256,5.554705533374489
1282,128.102562,5.348413856586567
1283,128.202564,4.992855425714444
1284,128.302566,4.522310481297657
1285,128.402568,5.8147136382438465
1286,128.50257000000002,5.056643808749045
1287,128.602572,5.7166460537271515
1288,128.702574,5.1064715879053
1289,128.802576,5.585105571417316
1290,128.902578,6.645919289181092
1291,129.00258,6.251768403381727
1292,129.102582,5.769521483959621
1293,129.202584,6.187039731005865
1294,129.302586,5.614845372250068
1295,129.402588,5.050408792031888
1296,129.50259,5.4980753553038015
1297,129.60259200000002,4.981543390350307
1298,129.702594,4.962666593978887
1299,129.802596,4.437563826129658
1300,129.902598,4.457440050627972
1301,130.0026,4.752325436777122
1302,130.102602,4.902173257351964
1303,130.202604,4.656722378618249
1304,130.302606,4.087324217474782
1305,130.40260800000001,3.9103340726425477
1306,130.50261,4.67219776334587
1307,130.60261200000002,4.557141496568795
1308,130.702614,5.052557728396066
1309,130.802616,4.966650274144154
1310,130.902618,5.132520208314549
1311,131.00262,4.399869642587063
1312,131.102622,4.1402077362162295
1313,131.20262400000001,5.399568255910872
1314,131.30262599999998,4.4098424773799625
1315,131.402628,5.314124654540633
1316,131.50263,5.50502541036231
1317,131.602632,5.2349516586854286
1318,131.702634,5.302351617063502
1319,131.802636,5.056421389561027
1320,131.902638,5.398776376543897
1321,132.00264,5.633757580677903
1322,132.102642,5.459498739085825
1323,132.202644,4.491520732709279
1324,132.302646,5.41847104756623
1325,132.40264800000003,5.476772067289302
1326,132.50265,4.7233640346183
1327,132.602652,5.2609382184399065
1328,132.702654,4.229233724542363
1329,132.802656,4.617118193707539
1330,132.902658,4.7627670052566655
1331,133.00266,4.808483148738986
1332,133.102662,5.279508828453048
1333,133.202664,5.34186800550161
1334,133.302666,4.993754251409662
1335,133.402668,4.871177584031453
1336,133.50267000000002,5.542569195678649
1337,133.60267199999998,5.245807743411731
1338,133.702674,5.981185581299247
1339,133.80267600000002,5.920177314707273
1340,133.902678,6.488559440257063
1341,134.00268,6.117634631241107
1342,134.102682,5.5983208377475195
1343,134.202684,5.605998469874064
1344,134.30268600000002,5.268116843653788
1345,134.40268799999998,4.460264215184151
1346,134.50269,4.655987648366099
1347,134.60269200000002,4.549974939663211
1348,134.70269399999998,4.954157242819449
1349,134.802696,4.430561336791169
1350,134.90269800000002,4.75660858807838
1351,135.0027,5.1041569136249265
1352,135.102702,4.944251232412418
1353,135.202704,5.564057951293695
1354,135.302706,5.6291335625888195
1355,135.40270800000002,5.750019390713746
1356,135.50270999999998,5.435409517331488
1357,135.602712,5.576203254993113
1358,135.70271400000001,5.61789583188621
1359,135.802716,5.55117575146735
1360,135.902718,5.6038745430557535
1361,136.00272,5.077161205658883
1362,136.102722,4.115143590268524
1363,136.20272400000002,5.1321676118286135
1364,136.302726,4.766635190944143
1365,136.402728,4.2545613250914425
1366,136.50273,4.552541377427545
1367,136.602732,4.42221862929701
1368,136.702734,4.425661939939513
1369,136.802736,5.4123654492908555
1370,136.902738,4.8683665326327015
1371,137.00274,4.762784416695207
1372,137.102742,4.515584758743724
1373,137.202744,5.65337315348269
1374,137.302746,4.995800017384768
1375,137.402748,5.360341503964339
1376,137.50275,4.742642758867767
1377,137.602752,5.513450587440514
1378,137.70275400000003,5.083498074169255
1379,137.802756,4.252306576319367
1380,137.902758,4.562713887483272
1381,138.00276000000002,5.214071500849823
1382,138.102762,4.5501921708198205
1383,138.202764,4.024577460593127
1384,138.302766,4.359669524142755
1385,138.402768,4.56165981975148
1386,138.50277,5.358154791840781
1387,138.602772,5.375998725462031
1388,138.702774,4.870132784310263
1389,138.80277600000002,5.2772542921169965
1390,138.90277799999998,4.406400511369099
1391,139.00278,5.128471220925726
1392,139.10278200000002,5.09418227716944
1393,139.202784,5.1937529624491034
1394,139.302786,4.304693702655057
1395,139.402788,4.450286692680253
1396,139.50279,3.8936820459200403
1397,139.60279200000002,4.44174125489319
1398,139.70279399999998,4.959061170222144
1399,139.802796,4.690705176250018
1400,139.90279800000002,4.86045095776808
1401,140.0028,4.993225926613707
1402,140.102802,4.95109846684445
1403,140.20280400000001,5.120323734074212
1404,140.302806,4.368060758648393
1405,140.402808,4.4900554216125785
1406,140.50281,5.095327666824862
1407,140.602812,4.573620162956567
1408,140.70281400000002,4.836214069600433
1409,140.80281599999998,4.811771583481319
1410,140.902818,5.135199007127092
1411,141.00282,4.919549900931026
1412,141.102822,5.435795180096525
1413,141.202824,5.11537842876456
1414,141.302826,5.01599538546485
1415,141.402828,5.016422889273532
1416,141.50283000000002,5.377132042674156
1417,141.602832,5.66260202970769
1418,141.702834,5.338990333613316
1419,141.802836,5.28399547185399
1420,141.902838,5.417339896198664
1421,142.00284,4.7736349696647125
1422,142.102842,4.508191973941319
1423,142.202844,4.417078136486115
1424,142.302846,4.755782925923199
1425,142.402848,4.431972443070022
1426,142.50285,5.006958646193646
1427,142.602852,4.812076577232707
1428,142.702854,4.9269461208590934
1429,142.802856,5.196192976308174
1430,142.902858,5.109863445047101
1431,143.00286000000003,5.065432520010448
1432,143.102862,5.409737913695614
1433,143.202864,5.09252800933173
1434,143.30286600000002,5.4855346629988935
1435,143.402868,5.104213191152526
1436,143.50287,5.277256120243492
1437,143.602872,4.654714173714775
1438,143.702874,4.442236907085683
1439,143.802876,5.309099953121668
1440,143.902878,6.11683139994734
1441,144.00288,5.269409005562879
1442,144.10288200000002,5.195558200197463
1443,144.20288399999998,4.898686794083129
1444,144.302886,5.130248415343928
1445,144.40288800000002,5.047842467483852
1446,144.50289,5.40255428681053
1447,144.602892,5.726393916400913
1448,144.702894,5.926633245803121
1449,144.802896,5.03843144383879
1450,144.90289800000002,4.583632423916431
1451,145.00289999999998,5.7529907347743805
1452,145.102902,4.815630454385899
1453,145.20290400000002,5.14212842348629
1454,145.302906,4.83371440872495
1455,145.402908,5.612473085504418
1456,145.50291,6.235780006425261
1457,145.602912,5.904577300826337
1458,145.702914,4.806630044101309
1459,145.802916,4.7388079839174235
1460,145.902918,4.370509265232568
1461,146.00292000000002,4.694504090559788
1462,146.10292199999998,4.398550588119063
1463,146.202924,4.798700640232685
1464,146.302926,5.087649512043851
1465,146.402928,4.99431014213407
1466,146.50293,4.736352519336665
1467,146.602932,4.559679741080757
1468,146.702934,4.381821574047599
1469,146.80293600000002,4.3705052279141015
1470,146.902938,4.508888236520935
1471,147.00294,4.725127543382403
1472,147.102942,5.234376689999854
1473,147.202944,5.861171619699157
1474,147.302946,4.672351495329847
1475,147.402948,5.301776292752756
1476,147.50295,4.890950640322478
1477,147.602952,4.517875884404237
1478,147.702954,5.200403226368404
1479,147.802956,4.318559354010241
1480,147.902958,4.144614363333975
1481,148.00296,4.0218584620119
1482,148.102962,5.21848155875256
1483,148.202964,4.699711722860524
1484,148.30296600000003,4.864904713901449
1485,148.402968,5.384831744960214
1486,148.50297,4.630361419462552
1487,148.60297200000002,4.8584675782139914
1488,148.702974,5.305101431743095
1489,148.802976,5.198585892515435
1490,148.902978,5.23527805400742
1491,149.00298,4.432671730422364
1492,149.102982,5.0172322915397976
1493,149.202984,4.529469263289431
1494,149.302986,4.4341080574264025
1495,149.40298800000002,4.629603182863252
1496,149.50298999999998,4.655435131908042
1497,149.602992,4.377821969212792
1498,149.70299400000002,4.267644929468132
1499,149.802996,4.729051947883998
1500,149.902998,4.829536108345833
1501,150.003,5.095636252936013
1502,150.103002,5.040908130730876
1503,150.20300400000002,4.408905662772899
1504,150.30300599999998,5.394492456006441
1505,150.403008,5.030345734894846
1506,150.50301000000002,4.696406470434581
1507,150.603012,5.613771438041443
1508,150.703014,5.890547754207331
1509,150.803016,5.701332593682783
1510,150.903018,6.37212920585375
1511,151.00302,6.244818961629467
1512,151.103022,5.869083127601104
1513,151.203024,5.777062049731532
1514,151.30302600000002,5.832704489998567
1515,151.40302799999998,5.381915650861928
1516,151.50303,4.8305516533179516
1517,151.603032,4.621312836396545
1518,151.703034,4.107258055511854
1519,151.803036,4.99406271275955
1520,151.903038,4.872996866995781
1521,152.00304,5.019019839113851
1522,152.10304200000002,5.413647609598872
1523,152.203044,5.483605413591824
1524,152.303046,5.076583762942576
1525,152.403048,4.783754742054457
1526,152.50305000000003,5.012528090491704
1527,152.603052,4.71871230755332
1528,152.703054,4.451457162524664
1529,152.803056,4.591125043275157
1530,152.903058,4.9690706110634
1531,153.00306,5.280112639732995
1532,153.103062,4.9055838317864024
1533,153.203064,5.308763206406734
1534,153.303066,6.1361517095639995
1535,153.403068,5.031672251029753
1536,153.50307,5.497563631685842
1537,153.60307200000003,4.938144670440414
1538,153.703074,5.49051850048337
1539,153.803076,5.1205098840751075
1540,153.90307800000002,4.865981545707904
1541,154.00308,4.789973101473148
1542,154.103082,4.545039310587091
1543,154.203084,5.08535472319721
1544,154.303086,4.925070510807317
1545,154.403088,4.4384454615088735
1546,154.50309,4.417624535803181
1547,154.603092,3.9598752502597425
1548,154.70309400000002,3.822080675984462
1549,154.80309599999998,4.15599141977025
1550,154.903098,4.063429539549359
1551,155.00310000000002,4.2601664457823745
1552,155.103102,4.661917489342137
1553,155.203104,4.835255713209636
1554,155.303106,4.699020396922092
1555,155.403108,4.650261766151739
1556,155.50311000000002,4.682468680371489
1557,155.60311199999998,4.8075771976301835
1558,155.703114,4.784821604088822
1559,155.80311600000002,4.586508484096839
1560,155.903118,4.981098012412107
1561,156.00312,5.413137912850129
1562,156.103122,5.343472850300516
1563,156.203124,5.752507643562495
1564,156.303126,5.1836749880758015
1565,156.403128,4.6863054648892515
1566,156.50313,5.522807593854674
1567,156.60313200000002,5.901081876868655
1568,156.70313399999998,5.408808105119264
1569,156.803136,6.013600841897299
1570,156.903138,6.6263684242335605
1571,157.00314,5.845563863673408
1572,157.103142,4.886770831808991
1573,157.203144,4.630830207058842
1574,157.303146,4.694401061287611
1575,157.40314800000002,4.4033989891885605
1576,157.50315,4.150726919949749
1577,157.603152,4.700018530979962
1578,157.703154,4.90664120362852
1579,157.80315600000003,4.821129982233872
1580,157.903158,5.14478896017951
1581,158.00316,5.783048556047127
1582,158.103162,5.156384042634293
1583,158.203164,5.215478642345404
1584,158.303166,5.0542089502655845
1585,158.403168,5.6885292334200015
1586,158.50317,5.429877483003766
1587,158.603172,5.411672734428848
1588,158.703174,4.727291495861372
1589,158.803176,4.8574028319452704
1590,158.90317800000003,4.726858404421131
1591,159.00318,4.9173831848940015
1592,159.103182,5.035135147968245
1593,159.20318400000002,5.396460902376861
1594,159.303186,4.716367519875264
1595,159.403188,5.595173833719034
1596,159.50319,5.113736753034009
1597,159.603192,4.391880563766841
1598,159.70319400000002,4.431637345604261
1599,159.80319599999999,4.34604836411182
1600,159.903198,4.848865537506986
1601,160.00320000000002,4.841049194285087
1602,160.10320199999998,5.729715005191881
1603,160.203204,4.579890551864904
1604,160.30320600000002,5.171408788767017
1605,160.403208,5.37559183938139
1606,160.50321,4.9972985931283604
1607,160.603212,5.046562720545137
1608,160.703214,5.166034894925859
1609,160.80321600000002,4.193637316963638
1610,160.90321799999998,4.010695532844836
1611,161.00322,3.819163303673883
1612,161.10322200000002,4.1245719492802175
1613,161.203224,4.585965174357624
1614,161.303226,4.611867523419237
1615,161.403228,4.8037548991678065
1616,161.50323,4.7523085689567655
1617,161.603232,4.855752366466304
1618,161.703234,4.463131591197894
1619,161.803236,4.605950081997696
1620,161.90323800000002,5.123774946605063
1621,162.00323999999998,5.0520828122258905
1622,162.103242,5.226619035313471
1623,162.203244,5.004846832217503
1624,162.303246,4.640922708800533
1625,162.403248,4.90269580709171
1626,162.50325,5.747626709941891
1627,162.603252,5.508401928254196
1628,162.70325400000002,5.24120736741137
1629,162.803256,4.788390040903605
1630,162.903258,5.9118147321691845
1631,163.00326,5.490099947322652
1632,163.10326200000003,4.892976779251459
1633,163.203264,4.798349845067753
1634,163.303266,5.0882446292025465
1635,163.403268,4.638911596099039
1636,163.50327,5.145068476020028
1637,163.603272,4.377533163128895
1638,163.703274,4.9055212398056085
1639,163.803276,4.713747652479347
1640,163.903278,5.483534079879771
1641,164.00328,5.401992437846304
1642,164.103282,4.580995036385896
1643,164.20328400000002,4.74621085248194
1644,164.30328599999999,5.44701656056202
1645,164.403288,5.1019626357527255
1646,164.50329000000002,4.6581028426826645
1647,164.603292,4.871641418265789
1648,164.703294,4.43330070549131
1649,164.803296,5.03536860128026
1650,164.903298,5.174516988685335
1651,165.00330000000002,5.898999274636112
1652,165.10330199999999,5.080156832643175
1653,165.203304,5.533797412314738
1654,165.30330600000002,4.815823099935385
1655,165.40330799999998,4.772555550870023
1656,165.50331,4.89548678746844
1657,165.60331200000002,4.911442600658373
1658,165.703314,4.569815078556208
1659,165.803316,4.603054830608646
1660,165.903318,4.398988170352429
1661,166.00332,4.686292720800036
1662,166.10332200000002,4.052373041074114
1663,166.20332399999998,4.249819029879217
1664,166.303326,4.535384539424473
1665,166.40332800000002,3.7589493598198183
1666,166.50333,4.097402331720328
1667,166.603332,3.948179540697034
1668,166.703334,4.062620748465282
1669,166.803336,4.034343706882348
1670,166.90333800000002,4.2580415902683555
1671,167.00334,4.597179747849415
1672,167.103342,4.91523038512239
1673,167.20334400000002,5.113458134445894
1674,167.30334599999998,4.122569839912313
1675,167.403348,4.115703153350165
1676,167.50335,4.528695062100004
1677,167.603352,4.149880048896087
1678,167.703354,3.5409695990567727
1679,167.803356,4.570186788214906
1680,167.903358,4.598007130937607
1681,168.00336000000001,4.946420397883596
1682,168.103362,5.901848528836608
1683,168.203364,5.655960776762161
1684,168.303366,5.1163736261596515
1685,168.40336800000003,4.2954483485340145
1686,168.50337,3.668994568818257
1687,168.603372,3.965127959978738
1688,168.703374,4.184010249228293
1689,168.803376,4.4929711669166315
1690,168.903378,4.472643775091321
1691,169.00338,4.4037172218023235
1692,169.103382,5.004885490597979
1693,169.203384,4.015793743379085
1694,169.303386,3.8952563604159587
1695,169.403388,4.326832952572533
1696,169.50339000000002,4.132649509888045
1697,169.60339199999999,4.416427334358224
1698,169.703394,4.68896444831394
1699,169.80339600000002,3.899590062529542
1700,169.903398,4.679865624749593
1701,170.0034,4.310113512517791
1702,170.103402,3.521482848875688
1703,170.203404,3.2137033146505627
1704,170.30340600000002,3.6915652375831884
1705,170.40340799999998,3.816449268864537
1706,170.50341,4.057293545648221
1707,170.60341200000002,3.8266193139974782
1708,170.70341399999998,4.2745380276365985
1709,170.803416,4.633695364751699
1710,170.90341800000002,5.6647311831375315
1711,171.00342,5.9945171661831615
1712,171.103422,5.661801914964873
1713,171.203424,5.442591568489711
1714,171.303426,5.171354317426503
1715,171.40342800000002,5.295189685011284
1716,171.50342999999998,5.255584249182538
1717,171.603432,4.479112370862694
1718,171.70343400000002,4.970527728306504
1719,171.803436,4.462682778461327
1720,171.903438,4.61407927353328
1721,172.00344,4.821107705860199
1722,172.103442,4.741012582026044
1723,172.20344400000002,5.648880742537272
1724,172.303446,4.427506421797311
1725,172.403448,5.305190048862038
1726,172.50345000000002,5.063715068497528
1727,172.603452,5.590796780765479
1728,172.703454,5.462267580416386
1729,172.803456,5.845778261014956
1730,172.903458,5.292703227608972
1731,173.00346,5.140443482537416
1732,173.103462,4.649884294164502
1733,173.203464,4.4824681969407445
1734,173.30346600000001,4.513130254641999
1735,173.403468,4.186718895004249
1736,173.50347,4.567079111260771
1737,173.603472,4.62971594970525
1738,173.70347400000003,4.770228113268627
1739,173.803476,5.242725085900667
1740,173.903478,4.320805444397982
1741,174.00348000000002,4.725824561532089
1742,174.103482,5.315005391930745
1743,174.203484,4.865329001322369
1744,174.303486,4.153048649172744
1745,174.403488,5.006679510187609
1746,174.50349,4.070817070371734
1747,174.603492,4.41533660624084
1748,174.703494,3.6487475345229825
1749,174.80349600000002,3.8486893005050353
1750,174.90349799999998,4.123931092614088
1751,175.0035,3.3558626611275457
1752,175.10350200000002,4.0797787071123714
1753,175.203504,4.246063587088716
1754,175.303506,4.789345591902507
1755,175.403508,5.1632236333995465
1756,175.50351,5.241297521614404
1757,175.60351200000002,4.793246429947117
1758,175.70351399999998,4.477365596406855
1759,175.803516,4.559105232112005
1760,175.90351800000002,4.753237696888887
1761,176.00351999999998,4.391087946468475
1762,176.103522,4.226540787715737
1763,176.20352400000002,3.7807871536441233
1764,176.303526,4.183209708264992
1765,176.403528,3.694032713683757
1766,176.50353,4.3682917594898205
1767,176.603532,4.9204970886366075
1768,176.70353400000002,5.523536199572042
1769,176.80353599999998,5.8127347135523255
1770,176.903538,4.9476857224919994
1771,177.00354000000002,5.070815387150083
1772,177.103542,4.825769918790401
1773,177.203544,5.104817361348163
1774,177.303546,4.699427693092849
1775,177.403548,5.3250776016009995
1776,177.50355000000002,5.7381171127656705
1777,177.603552,4.832850026521182
1778,177.703554,5.6952364869341565
1779,177.80355600000001,4.878557929799797
1780,177.903558,5.1121938233094255
1781,178.00356,3.901715629589505
1782,178.103562,3.892912063922888
1783,178.203564,4.098696291888597
1784,178.303566,4.788525105584378
1785,178.403568,4.087208586243689
1786,178.50357,4.013236422144943
1787,178.603572,4.045934392287308
1788,178.703574,4.674769913364014
1789,178.803576,4.558875163479345
1790,178.903578,4.739879566216452
1791,179.00358000000003,4.861998188208845
1792,179.103582,4.798319363007798
1793,179.203584,4.9735695218501625
1794,179.30358600000002,4.658137076006342
1795,179.403588,4.719649003268676
1796,179.50359,4.310205407862604
1797,179.603592,4.651196077970012
1798,179.703594,4.723116667585709
1799,179.803596,5.118629060833184
1800,179.903598,4.9532839592856055
1801,180.0036,4.733268383867109
1802,180.10360200000002,4.204398178276355
1803,180.20360399999998,4.43202894150827
1804,180.303606,3.943825742857766
1805,180.40360800000002,4.548261119745097
1806,180.50361,4.1737324378471765
1807,180.603612,4.637241834258981
1808,180.703614,3.7685824404327177
1809,180.803616,4.689070476718684
1810,180.90361800000002,4.236115169600498
1811,181.00361999999998,4.6117977603191616
1812,181.103622,4.529583375200127
1813,181.20362400000002,4.387151682527751
1814,181.30362599999998,4.7212174947968055
1815,181.403628,4.484094408765868
1816,181.50363000000002,4.280056686686519
1817,181.603632,4.692560557049989
1818,181.703634,5.002096211794519
1819,181.803636,4.655573723261667
1820,181.903638,4.828914403074898
1821,182.00364000000002,5.605597170168987
1822,182.10364199999998,4.811050892413781
1823,182.203644,4.695090724294276
1824,182.30364600000001,4.196027307012914
1825,182.403648,3.873348400796127
1826,182.50365,4.579324420271833
1827,182.603652,4.949596744449494
1828,182.703654,4.316541627572169
1829,182.80365600000002,4.988318582448375
1830,182.903658,4.307336377955702
1831,183.00366,4.675050496448062
1832,183.103662,4.391306403009972
1833,183.203664,4.598661359421912
1834,183.303666,4.291795457067363
1835,183.403668,4.6318740718630735
1836,183.50367,4.531488940038342
1837,183.603672,4.941759625053656
1838,183.703674,4.240130078537494
1839,183.803676,4.465677227310905
1840,183.903678,4.226093614225669
1841,184.00368,4.858638752613025
1842,184.103682,4.6696096496499315
1843,184.203684,4.608608488293465
1844,184.30368600000003,5.0450325640507785
1845,184.403688,4.391748029195981
1846,184.50369,4.291268352884993
1847,184.60369200000002,4.411818698359676
1848,184.703694,4.58616127458582
1849,184.803696,4.367022659170989
1850,184.903698,4.391041187887501
1851,185.0037,4.319361785032227
1852,185.103702,3.887025887042776
1853,185.203704,3.897562217367618
1854,185.303706,4.243673599440362
1855,185.40370800000002,5.2063444566202595
1856,185.50370999999998,4.734872152797839
1857,185.603712,4.636611185662031
1858,185.70371400000002,4.871440450156819
1859,185.803716,5.309346901257178
1860,185.903718,5.450739292318848
1861,186.00372,4.548814681982504
1862,186.103722,5.189019833314879
1863,186.20372400000002,5.560182693795017
1864,186.30372599999998,4.943976696364336
1865,186.403728,4.7425141092716085
1866,186.50373000000002,4.723913739454397
1867,186.603732,4.6807920479315905
1868,186.703734,5.098162629006276
1869,186.80373600000001,5.754046562917828
1870,186.903738,4.956824215616638
1871,187.00374,5.08552962503806
1872,187.103742,4.7846718572748586
1873,187.203744,5.318059374697683
1874,187.30374600000002,4.929468464860427
1875,187.40374799999998,4.399360908758919
1876,187.50375,4.865997717439516
1877,187.60375200000001,4.700615804618148
1878,187.703754,5.28097837846761
1879,187.803756,5.2085442837860985
1880,187.903758,5.924448961095759
1881,188.00376,5.53804437671952
1882,188.10376200000002,5.497029713932015
1883,188.203764,4.888039282276408
1884,188.303766,4.8550227751779325
1885,188.403768,4.7559077473586076
1886,188.50377,5.155621287412565
1887,188.603772,4.995525459780303
1888,188.703774,4.772111031006247
1889,188.803776,5.059811429730866
1890,188.903778,4.76467028012698
1891,189.00378,4.881813458094276
1892,189.103782,4.998806262528917
1893,189.203784,5.544505918139588
1894,189.303786,5.202408661070266
1895,189.403788,6.281179457020756
1896,189.50379,5.909798564141978
1897,189.60379200000003,6.151639739000486
1898,189.703794,6.008551223905902
1899,189.803796,5.569495107967426
1900,189.90379800000002,4.5516776620970125
1901,190.0038,3.9181506919096547
1902,190.103802,4.339068966429017
1903,190.203804,4.585343806663618
1904,190.303806,4.705120976440018
1905,190.403808,4.956430316434864
1906,190.50381,5.516662002134433
1907,190.603812,5.077512423487615
1908,190.70381400000002,5.512307032102739
1909,190.80381599999998,4.280072885355759
1910,190.903818,5.248965732282979
1911,191.00382000000002,4.757991423020564
1912,191.103822,5.517325416546705
1913,191.203824,5.154297613196591
1914,191.30382600000002,4.122763073185246
1915,191.403828,4.641212755722731
1916,191.50383000000002,5.359341422946621
1917,191.60383199999998,5.9134920705730085
1918,191.703834,5.51869106702589
1919,191.80383600000002,6.863970347497576
1920,191.903838,5.785148097129508
1921,192.00384,5.35141638442572
1922,192.10384200000001,5.177035211567975
1923,192.203844,4.4989024997844504
1924,192.303846,4.304023084870367
1925,192.403848,3.8893662315758752
1926,192.50385,3.877389282129083
1927,192.60385200000002,4.812662189968238
1928,192.70385399999998,4.927781505127034
1929,192.803856,4.31616533007166
1930,192.903858,4.878571747105872
1931,193.00386,4.382354421903044
1932,193.103862,4.504787469153815
1933,193.203864,4.72687722704811
1934,193.303866,4.132754044969055
1935,193.40386800000002,4.681116549115346
1936,193.50387,4.510908042022747
1937,193.603872,4.380842214515597
1938,193.703874,4.585646002051605
1939,193.80387600000003,3.9761911432027097
1940,193.903878,3.768796335528363
1941,194.00388,3.7053205761511347
1942,194.103882,3.994029639001747
1943,194.203884,4.445430698576755
1944,194.303886,4.809202721003804
1945,194.403888,5.068408053582159
1946,194.50389,5.049273602015724
1947,194.603892,4.977845223515474
1948,194.703894,5.24980935712893
1949,194.803896,5.535186640106046
1950,194.90389800000003,5.448204045494205
1951,195.0039,5.204152598833704
1952,195.103902,4.9434430433868854
1953,195.20390400000002,4.406362862625311
1954,195.303906,5.076181295663492
1955,195.403908,5.0106456871495695
1956,195.50391,4.452550115582098
1957,195.603912,4.577567514993349
1958,195.703914,3.871836383650333
1959,195.803916,4.5701035158760055
1960,195.903918,4.72215334058602
1961,196.00392000000002,4.926468348305083
1962,196.10392199999998,4.1947189399296905
1963,196.203924,4.4752598155901895
1964,196.30392600000002,3.9675634000298667
1965,196.403928,4.461435462563785
1966,196.50393,4.012228751391469
1967,196.60393200000001,4.129343135983873
1968,196.703934,4.447691455498312
1969,196.80393600000002,4.048347710638846
1970,196.90393799999998,3.830882547944023
1971,197.00394,4.306090294056878
1972,197.10394200000002,4.204943492351695
1973,197.203944,3.7959039920760493
1974,197.303946,3.8175650091986846
1975,197.403948,3.978157534437361
1976,197.50395,3.696941755771467
1977,197.603952,3.253986359041858
1978,197.703954,3.9273077808875
1979,197.803956,5.478740325432504
1980,197.90395800000002,5.428555065643269
1981,198.00395999999998,5.3278126717192364
1982,198.103962,4.863099776803066
1983,198.203964,4.707158338071559
1984,198.303966,4.442763038960227
1985,198.403968,4.530828607886271
1986,198.50397,4.064196943856449
1987,198.603972,4.610464749938998
1988,198.70397400000002,4.683918508051758
1989,198.803976,4.642616864552863
1990,198.903978,4.712668400603025
1991,199.00398,3.995490822346279
1992,199.10398200000003,4.621468682050956
1993,199.203984,4.584039903695114
1994,199.303986,4.605347693340524
1995,199.403988,4.564025263622742
1996,199.50399,3.879826368233371
1997,199.603992,4.384561223635632
1998,199.703994,4.356804582074805
1999,199.803996,4.2774461031593995
2000,199.903998,4.49534152719215
2001,200.004,4.010834935672209
2002,200.104002,4.695096270406927
2003,200.20400400000003,4.908642195249607
2004,200.304006,5.15328586530055
2005,200.404008,4.098839599288997
2006,200.50401000000002,4.179305732058107
2007,200.604012,4.548006094926263
2008,200.704014,4.278315712307996
2009,200.804016,4.669881280686938
2010,200.904018,4.848798786744226
2011,201.00402000000003,4.713523439178246
2012,201.104022,4.383527295861
2013,201.204024,4.295044579592897
2014,201.30402600000002,4.187505247538085
2015,201.40402799999998,4.580595953598014
2016,201.50403,4.444677246315051
2017,201.60403200000002,3.9822246988992176
2018,201.704034,4.181343987907332
2019,201.804036,3.9407225665630383
2020,201.904038,3.966490024836738
2021,202.00404,3.765803517824095
2022,202.10404200000002,3.5526409454044803
2023,202.20404399999998,3.7185317411360175
2024,202.304046,4.6152789720407545
2025,202.40404800000002,4.564006264322782
2026,202.50405,4.051074471734205
2027,202.604052,3.976967135890806
2028,202.704054,4.287597779146462
2029,202.804056,4.5614888002203555
2030,202.904058,4.73218121949425
2031,203.00406,4.476432843540086
2032,203.104062,4.834560855602663
2033,203.20406400000002,4.265379238930183
2034,203.30406599999998,4.4439767430538115
2035,203.404068,3.9852373617506074
2036,203.50407,4.472054834704556
2037,203.604072,4.286688058464327
2038,203.704074,4.377482331333217
2039,203.804076,3.9903096607437303
2040,203.904078,4.743214857860262
2041,204.00408000000002,3.816243821967974
2042,204.104082,4.737395042599743
2043,204.204084,5.24933013002115
2044,204.304086,6.145601006569037
2045,204.40408800000003,5.182366072470791
2046,204.50409,5.711441296817429
2047,204.604092,5.225923611510652
2048,204.704094,4.29750359935188
2049,204.804096,4.354730165723471
2050,204.904098,4.534701141982982
2051,205.0041,4.70503692079896
2052,205.104102,5.2038194290000925
2053,205.204104,4.533066674220679
2054,205.304106,4.53724149794336
2055,205.404108,4.862011921378565
2056,205.50411000000003,4.905311604952315
2057,205.604112,4.543931092836541
2058,205.704114,5.184113163319092
2059,205.80411600000002,5.525157083210591
2060,205.904118,5.154847553820601
2061,206.00412,4.827784370329388
2062,206.104122,4.550984498329446
2063,206.204124,4.258864044770568
2064,206.30412600000002,4.878768151116152
2065,206.404128,5.227582073335457
2066,206.50413,4.9327012026497945
2067,206.60413200000002,5.036765962759441
2068,206.70413399999998,5.577449911464256
2069,206.804136,5.933708685125308
2070,206.90413800000002,5.333691028406758
2071,207.00414,5.982989608118779
2072,207.104142,4.962225374972405
2073,207.204144,5.1146163419286035
2074,207.304146,5.544236481226022
2075,207.40414800000002,4.746425868578517
2076,207.50414999999998,4.694226436082523
2077,207.604152,4.8418106410212145
2078,207.70415400000002,5.022742799154293
2079,207.804156,4.514476443823838
2080,207.904158,4.608576991947454
2081,208.00416,5.223682608159525
2082,208.104162,5.680578398428568
2083,208.20416400000002,5.2510151201574065
2084,208.304166,4.672220830127556
2085,208.404168,4.366588361658561
2086,208.50417000000002,3.7015377339536575
2087,208.604172,4.599413942217583
2088,208.704174,4.53648304295294
2089,208.804176,3.9393596727560407
2090,208.904178,3.4426363609281774
2091,209.00418,3.8830772004649
2092,209.104182,4.156115484380562
2093,209.204184,4.37808026687459
2094,209.30418600000002,4.5934164719289905
2095,209.404188,4.597254395177747
2096,209.50419,4.760469086988856
2097,209.604192,5.530319613557651
2098,209.70419400000003,5.2614072722469905
2099,209.804196,5.4189083969605845
2100,209.904198,5.989578994438241
2101,210.00420000000003,5.21791443168798
2102,210.104202,5.235907047352967
2103,210.204204,5.1812705671296975
2104,210.304206,5.022370109163026
2105,210.404208,4.024395619170038
2106,210.50421,5.117056097670784
2107,210.604212,5.1968873264264435
2108,210.704214,4.603587862311324
2109,210.80421600000003,4.742420949314519
2110,210.904218,4.6922927876872595
2111,211.00422,4.390344373791193
2112,211.10422200000002,4.203459921046819
2113,211.204224,4.397934375805435
2114,211.304226,3.7884272484516504
2115,211.404228,3.298505806472624
2116,211.50423,3.889280109997196
2117,211.60423200000002,4.622643102188958
2118,211.70423399999999,4.208880780635346
2119,211.804236,3.9331270171549284
2120,211.90423800000002,4.168553519246163
2121,212.00423999999998,4.682555478165864
2122,212.104242,4.620892282038883
2123,212.20424400000002,4.318095221050358
2124,212.304246,4.245927610525832
2125,212.404248,3.4687643122653107
2126,212.50425,3.7061616186951896
2127,212.604252,4.625303529121253
2128,212.70425400000002,5.074669487172098
2129,212.80425599999998,4.540061806219115
2130,212.904258,4.200949275845622
2131,213.00426000000002,3.905244014236223
2132,213.104262,3.9701285550508807
2133,213.204264,4.425284010887118
2134,213.304266,3.873985925585857
2135,213.404268,4.322779986719751
2136,213.50427000000002,3.9275138687091253
2137,213.604272,3.45657042353058
2138,213.704274,3.921321063498487
2139,213.80427600000002,3.6138952357054963
2140,213.904278,3.795827183290436
2141,214.00428,3.581439323042464
2142,214.104282,3.846084956489355
2143,214.204284,4.519622730955604
2144,214.304286,4.951608202234362
2145,214.404288,4.217322589623604
2146,214.50429,4.522996631943738
2147,214.60429200000002,3.910270775399059
2148,214.704294,4.051122507495962
2149,214.804296,4.500030554479767
2150,214.904298,4.2746585416561125
2151,215.00430000000003,4.207581775142864
2152,215.104302,5.313483628972613
2153,215.204304,5.471746116063486
2154,215.30430600000003,4.6596110212482635
2155,215.404308,4.063200387538621
2156,215.50431,4.233112373760929
2157,215.604312,3.9066862205826354
2158,215.704314,3.2966052187247996
2159,215.804316,3.64917312555325
2160,215.904318,3.5464285743624413
2161,216.00432,4.409339088039422
2162,216.10432200000002,4.770248079138083
2163,216.20432399999999,5.21170831993808
2164,216.304326,4.900466597100233
2165,216.40432800000002,4.504746947761348
2166,216.50433,5.213489219539715
2167,216.604332,4.772767874750577
2168,216.704334,4.004260113797379
2169,216.804336,4.233485950011515
2170,216.90433800000002,4.432392696700902
2171,217.00433999999998,4.569362031450302
2172,217.104342,4.043491607472927
2173,217.20434400000002,4.229623437069087
2174,217.30434599999998,4.107652705387355
2175,217.404348,3.730940688797786
2176,217.50435000000002,3.7192744540808382
2177,217.604352,3.3462925870125755
2178,217.704354,3.8521976002346134
2179,217.804356,3.9340489646219767
2180,217.904358,3.772079058620216
2181,218.00436000000002,3.6335896191977457
2182,218.10436199999998,3.2878134865068587
2183,218.204364,3.8756902752916673
2184,218.30436600000002,3.7942994895802813
2185,218.404368,3.857315932726162
2186,218.50437,4.021030964629718
2187,218.604372,4.139462100631498
2188,218.704374,3.7656241478030976
2189,218.80437600000002,3.7629355826876374
2190,218.904378,4.386012339864316
2191,219.00438,4.2914276080098475
2192,219.10438200000002,4.587384489610739
2193,219.204384,4.249912780601818
2194,219.304386,4.086185620745204
2195,219.404388,3.788672367541958
2196,219.50439,3.98666909962086
2197,219.604392,3.92574185076176
2198,219.704394,3.639786347866569
2199,219.804396,4.474880151556052
2200,219.90439800000001,4.415124635801287
2201,220.0044,3.8863633590917486
2202,220.104402,4.156102690829559
2203,220.204404,4.074130780253661
2204,220.30440600000003,3.8999528597325317
2205,220.404408,4.835880112294568
2206,220.50441,4.46663075165832
2207,220.60441200000002,4.178698382810129
2208,220.704414,5.0867638999553355
2209,220.804416,5.261193084547474
2210,220.904418,5.085756227716472
2211,221.00442,4.737908083101598
2212,221.104422,4.385016115978324
2213,221.204424,4.258303968072253
2214,221.304426,4.549239802032996
2215,221.40442800000002,4.071478769579105
2216,221.50442999999999,3.914236048279085
2217,221.604432,3.983616595426219
2218,221.70443400000002,3.734118613232901
2219,221.804436,3.443481715227296
2220,221.904438,3.7166108374907716
2221,222.00444,3.9752100025972403
2222,222.104442,5.036980670852627
2223,222.20444400000002,5.2254771643226565
2224,222.30444599999998,4.664405970176901
2225,222.404448,4.801708403706638
2226,222.50445000000002,4.690097529940428
2227,222.60445199999998,4.390740842689165
2228,222.704454,4.530566138102042
2229,222.80445600000002,4.448681675254093
2230,222.904458,4.135004963685264
2231,223.00446,3.506727186559847
2232,223.104462,3.2495299065743963
2233,223.204464,3.667880818339311
2234,223.30446600000002,3.945304872956405
2235,223.40446799999998,4.3343704652157875
2236,223.50447,4.072542341041233
2237,223.60447200000002,4.5111624658069065
2238,223.704474,4.737439643882103
2239,223.804476,4.658855039319943
2240,223.904478,4.199269130865756
2241,224.00448,3.846144219222228
2242,224.10448200000002,3.892635894916874
2243,224.204484,3.9293803413466986
2244,224.304486,4.09831177349479
2245,224.40448800000001,4.1488309666272265
2246,224.50449,4.0668921484689005
2247,224.604492,3.6166477573715006
2248,224.704494,3.300017497143382
2249,224.804496,3.201549630361277
2250,224.904498,3.6799988984352834
2251,225.0045,4.528338428465935
2252,225.104502,4.103533057636668
2253,225.20450400000001,4.588243250164698
2254,225.304506,3.73376890072072
2255,225.404508,3.627813890720501
2256,225.50451,3.6795525399966658
2257,225.60451200000003,4.616342508025262
2258,225.704514,4.111076738933886
2259,225.804516,3.988423928841815
2260,225.90451800000002,3.926710241701714
2261,226.00452,3.312734350764588
2262,226.104522,3.802933588647581
2263,226.204524,3.732016139411772
2264,226.304526,3.659082012748264
2265,226.404528,3.7094679984468355
2266,226.50453,3.5850384928486507
2267,226.604532,3.698730945499326
2268,226.70453400000002,3.1801463849912124
2269,226.80453599999998,3.067418666896054
2270,226.904538,3.3511628769924817
2271,227.00454000000002,3.6285700211199474
2272,227.104542,3.716451236483392
2273,227.204544,3.8452212637621663
2274,227.30454600000002,3.9440552535586297
2275,227.404548,3.460123527977338
2276,227.50455000000002,3.380472567600683
2277,227.60455199999998,3.4336870674896787
2278,227.704554,3.305349802032127
2279,227.80455600000002,3.434215311598761
2280,227.904558,3.5504168692642897
2281,228.00456,3.405207473472841
2282,228.10456200000002,3.7110715114700517
2283,228.204564,2.914382065642009
2284,228.304566,3.270794216665264
2285,228.404568,3.6977127676837336
2286,228.50457,3.9152358497314275
2287,228.60457200000002,3.3849487438071533
2288,228.70457399999998,4.044269380443032
2289,228.804576,4.300335381716523
2290,228.90457800000001,4.119763479046786
2291,229.00458,4.2220058980960244
2292,229.104582,4.003207627714684
2293,229.204584,3.8203111106960463
2294,229.304586,3.9927002965725356
2295,229.40458800000002,3.8210573262203167
2296,229.50459,3.6149462612541923
2297,229.604592,3.5583564366943943
2298,229.70459400000001,3.1817646646758435
2299,229.804596,4.040834665327928
2300,229.904598,3.572273111245916
2301,230.0046,3.414847901405028
2302,230.104602,3.748399656408537
2303,230.204604,3.5015623556108078
2304,230.304606,3.258999232538258
2305,230.404608,3.601454511901299
2306,230.50461,4.044789708212163
2307,230.604612,3.8073603942817225
2308,230.704614,3.228921581050197
2309,230.804616,3.337924941144265
2310,230.90461800000003,2.916664332108037
2311,231.00462,2.874423126299723
2312,231.104622,3.377438289217566
2313,231.20462400000002,3.5764717406820896
2314,231.304626,3.4118737199649964
2315,231.404628,3.335941822164482
2316,231.50463,3.892486157563468
2317,231.604632,4.776638691210481
2318,231.704634,4.324461562264883
2319,231.804636,3.8042727271024965
2320,231.904638,3.8722389805969732
2321,232.00464000000002,4.204140691193298
2322,232.10464199999998,3.9268512660631876
2323,232.204644,4.29083031984922
2324,232.30464600000002,3.6316843994778742
2325,232.404648,3.665327091256133
2326,232.50465,4.295175067661828
2327,232.60465200000002,4.295293169507232
2328,232.704654,4.389638576464703
2329,232.80465600000002,4.4780354678038305
2330,232.90465799999998,4.396742785009007
2331,233.00466,4.609151519274541
2332,233.10466200000002,4.568491152888407
2333,233.204664,4.484886136252518
2334,233.304666,4.10517217316505
2335,233.40466800000002,4.5295354523464155
2336,233.50467,4.454503068245915
2337,233.604672,4.412774153247738
2338,233.704674,3.6222720616454738
2339,233.804676,3.7326618822546815
2340,233.90467800000002,3.9038679815748503
2341,234.00467999999998,3.817974393959069
2342,234.104682,3.313952228192831
2343,234.20468400000001,3.544469499342158
2344,234.304686,4.068515733121583
2345,234.404688,3.928708856032523
2346,234.50469,3.724209437540461
2347,234.604692,3.3098982615250145
2348,234.70469400000002,3.4483256206061155
2349,234.804696,4.374458238434723
2350,234.904698,3.9215747299196497
2351,235.0047,3.8016951958845127
2352,235.10470200000003,3.9398857933301117
2353,235.204704,3.922629354076081
2354,235.304706,3.505349574345221
2355,235.404708,3.434168353992206
2356,235.50471,3.7467967445256414
2357,235.604712,4.273327246765923
2358,235.704714,4.777168410959889
2359,235.804716,3.9384035407874527
2360,235.904718,4.434025325360564
2361,236.00472,4.2087389197158425
2362,236.104722,3.7845264533894043
2363,236.20472400000003,3.99450095196412
2364,236.304726,4.090457142846989
2365,236.404728,4.076441314313132
2366,236.50473000000002,4.003164914099782
2367,236.604732,3.8124346847568797
2368,236.704734,4.111113208433088
2369,236.804736,3.799966194183559
2370,236.904738,3.841319951056196
2371,237.00474,4.1876132384107025
2372,237.104742,4.236039696694907
2373,237.204744,3.8620886750347614
2374,237.30474600000002,3.557653894732217
2375,237.40474799999998,3.628431914865447
2376,237.50475,3.797867646759729
2377,237.60475200000002,3.539807071243166
2378,237.704754,3.985905832777386
2379,237.804756,4.177911322537639
2380,237.90475800000002,4.417382955172339
2381,238.00476,4.51454081232884
2382,238.10476200000002,3.7985137988102022
2383,238.20476399999998,3.82398380085093
2384,238.304766,3.742534634657271
2385,238.40476800000002,3.6277695867562585
2386,238.50477,3.3371042086716156
2387,238.604772,4.000726218691389
2388,238.70477400000001,3.634342304548053
2389,238.804776,3.127384421804121
2390,238.904778,3.6948177107385236
2391,239.00478,3.2399989430999225
2392,239.104782,2.9962298167924604
2393,239.20478400000002,3.2212967004542903
2394,239.30478599999998,3.0431099396255807
2395,239.404788,3.0846247673001113
2396,239.50479,3.417097644612535
2397,239.604792,3.459511552657303
2398,239.704794,3.284944238522347
2399,239.804796,3.957060964809819
2400,239.904798,3.9501145463053318
2401,240.00480000000002,3.8014059782806724
2402,240.104802,3.38017929303443
2403,240.204804,3.528482732393913
2404,240.304806,4.223366184497398
2405,240.40480800000003,3.7827691052654333
2406,240.50481,3.5806184835182786
2407,240.604812,3.3966115170392994
2408,240.704814,3.6182303102493396
2409,240.804816,3.169614099113419
2410,240.904818,4.4028233008781115
2411,241.00482,4.238458021161842
2412,241.104822,4.349949323127338
2413,241.204824,4.404733290380309
2414,241.304826,3.6964302629656145
2415,241.404828,4.087412080073593
2416,241.50483000000003,3.9346841496125733
2417,241.604832,3.812454621575691
2418,241.704834,3.8308804651450785
2419,241.80483600000002,4.093327675157802
2420,241.904838,3.610064469382065
2421,242.00484,3.569407358018274
2422,242.104842,3.9934381937253
2423,242.204844,3.7017728040315294
2424,242.30484600000003,3.702931678402279
2425,242.404848,3.376148817494675
2426,242.50485,3.4950123750110635
2427,242.60485200000002,3.3433303409380017
2428,242.70485399999998,3.6972455419243295
2429,242.804856,3.669103217886342
2430,242.90485800000002,3.6153292074307055
2431,243.00486,3.949113076990701
2432,243.104862,4.617950794445114
2433,243.20486400000001,3.767897656013157
2434,243.304866,4.174253347042868
2435,243.40486800000002,4.178041464474587
2436,243.50486999999998,4.058930266469113
2437,243.604872,4.211311053713794
2438,243.70487400000002,3.846737476008196
2439,243.804876,3.5582768395256577
2440,243.904878,4.133589796568097
2441,244.00488,3.4828193187129663
2442,244.104882,3.6796267329342363
2443,244.204884,4.423385828529301
2444,244.304886,4.801156804989256
2445,244.404888,4.029394198755948
2446,244.50489000000002,4.149669936921448
2447,244.604892,3.659687431652037
2448,244.704894,3.3854991198212243
2449,244.804896,3.1151528603012553
2450,244.904898,3.9013845066132653
2451,245.0049,4.04714006324727
2452,245.104902,3.5666724510159593
2453,245.204904,4.02607593382261
2454,245.30490600000002,4.18019808818967
2455,245.404908,4.15318544048188
2456,245.50491,4.068229518025434
2457,245.604912,4.953287157868738
2458,245.70491400000003,4.3668740300310125
2459,245.804916,5.193354441071208
2460,245.904918,4.943581834143996
2461,246.00492000000003,4.273971291850767
2462,246.104922,3.9559428108943484
2463,246.204924,5.08884256467195
2464,246.304926,5.345510700021625
2465,246.404928,4.891267255333601
2466,246.50493,4.963036047125242
2467,246.604932,5.018667549809831
2468,246.704934,4.481152337549419
2469,246.80493600000003,4.2077421756346505
2470,246.904938,3.75725771283821
2471,247.00494,3.77978441014477
2472,247.10494200000002,3.9540099879448793
2473,247.204944,4.408808947091361
2474,247.304946,3.7383825467795067
2475,247.404948,3.587373774923571
2476,247.50495,3.607821930241813
2477,247.60495200000003,4.094385511933604
2478,247.704954,3.4271436518375253
2479,247.804956,3.8349879067689554
2480,247.90495800000002,4.168072200851352
2481,248.00495999999998,3.6326931415863344
2482,248.104962,3.7875537567005466
2483,248.20496400000002,3.4971295076634985
2484,248.304966,3.704259774994016
2485,248.404968,3.705106073722819
2486,248.50497000000001,3.48734404794131
2487,248.604972,4.084129703980551
2488,248.70497400000002,4.158017802259404
2489,248.80497599999998,4.036819289999748
2490,248.904978,4.348481598942964
2491,249.00498000000002,3.820741472898814
2492,249.104982,4.1866765678711095
2493,249.204984,4.50874965269009
2494,249.304986,4.346437085195862
2495,249.404988,4.5167779117821425
2496,249.50499,4.169658608808229
2497,249.604992,3.998666596754907
2498,249.704994,3.7270827812070326
2499,249.80499600000002,3.7173819579458938
2500,249.904998,4.242419754926357
2501,250.005,4.183181275291082
2502,250.105002,4.549619446627487
2503,250.205004,4.493785707179122
2504,250.305006,5.118128685788161
2505,250.405008,4.913551144400666
2506,250.50501,5.283074058319863
2507,250.60501200000002,5.484404858816563
2508,250.705014,4.499606327416018
2509,250.805016,4.457799187816357
2510,250.905018,4.3838017778113585
2511,251.00502000000003,4.842042667156666
2512,251.105022,4.610188913515042
2513,251.205024,4.707085774311662
2514,251.30502600000003,5.165646584749723
2515,251.405028,5.207076769670468
2516,251.50503,5.300483799187228
2517,251.605032,5.001636451366301
2518,251.705034,4.78856712288348
2519,251.805036,4.838506153841162
2520,251.905038,4.3077104610155015
2521,252.00504,4.8042830944626145
2522,252.10504200000003,3.9723259641467115
2523,252.205044,3.8017733048939046
2524,252.305046,3.980389835079599
2525,252.40504800000002,4.388615062567597
2526,252.50505,4.100619864257416
2527,252.605052,4.634068920955032
2528,252.705054,4.691118848297102
2529,252.805056,4.826696176918778
2530,252.90505800000003,4.462840614151739
2531,253.00506,4.333599299771838
2532,253.105062,4.552604054754946
2533,253.20506400000002,4.097661158201542
2534,253.30506599999998,4.233289800926166
2535,253.405068,4.070644818508285
2536,253.50507000000002,3.9459593869716425
2537,253.605072,3.7315502225695507
2538,253.705074,3.9372470097612284
2539,253.805076,3.7065726833953425
2540,253.905078,3.9196226848263276
2541,254.00508000000002,4.57875560664908
2542,254.10508199999998,5.059708620170884
2543,254.205084,4.418569759791073
2544,254.30508600000002,3.9525275643550257
2545,254.405088,3.5687198395980455
2546,254.50509,4.195302044056941
2547,254.605092,4.556804911488282
2548,254.705094,3.8342131017305947
2549,254.80509600000002,3.847051612692236
2550,254.905098,3.8699118457432413
2551,255.0051,4.241393508077715
2552,255.10510200000002,4.837269794133682
2553,255.205104,4.52778750038705
2554,255.305106,4.279463631943855
2555,255.405108,4.362365946500028
2556,255.50511,5.386801828311189
2557,255.605112,4.012694408517774
2558,255.705114,4.210204409480081
2559,255.805116,3.94650401996333
2560,255.90511800000002,5.08339711455594
2561,256.00512,4.565724586262097
2562,256.105122,4.534599479440963
2563,256.205124,4.368183197603878
2564,256.30512600000003,4.540300724706358
2565,256.405128,4.342894160064266
2566,256.50513,4.1855553451642304
2567,256.605132,4.103370412617406
2568,256.705134,4.183290804842979
2569,256.805136,4.623858560508137
2570,256.905138,4.272595477475296
2571,257.00514000000004,4.507333806648734
2572,257.105142,4.80065399607393
2573,257.205144,5.252150014698105
2574,257.30514600000004,4.754701456836383
2575,257.405148,4.718146841855814
2576,257.50515,4.81453202941711
2577,257.605152,4.252563533271641
2578,257.705154,4.1472273127817365
2579,257.805156,4.225886237268251
2580,257.905158,4.207533963133315
2581,258.00516,3.8662432279764967
2582,258.105162,4.558072568332573
2583,258.205164,5.242510880615379
2584,258.305166,4.488374909206315
2585,258.405168,4.081095996460529
2586,258.50517,3.733314511853311
2587,258.605172,4.006591403990382
2588,258.705174,3.9792511201730174
2589,258.805176,4.035724984619653
2590,258.90517800000003,3.8655996544188898
2591,259.00518,4.219456418475421
2592,259.105182,4.275601820630242
2593,259.20518400000003,3.711777713202707
2594,259.305186,3.947441161702395
2595,259.405188,3.8458168169171087
2596,259.50519,3.9818256446795273
2597,259.605192,3.8880340845658137
2598,259.705194,4.555019499864956
2599,259.805196,4.978709047632332
2600,259.905198,4.804377096605933
2601,260.0052,4.59786374668932
2602,260.105202,4.107248246245342
2603,260.205204,4.4674178861453315
2604,260.305206,4.826321322034436
2605,260.405208,4.625430076689316
2606,260.50521,4.558916789964602
2607,260.605212,4.699537823491487
2608,260.705214,4.7234550856309445
2609,260.80521600000003,4.3761756649725
2610,260.905218,4.4204581728010846
2611,261.00522,3.7766565358909685
2612,261.105222,3.6310013908821164
2613,261.20522400000004,4.125451267186332
2614,261.305226,4.390139840088243
2615,261.405228,5.027757560336501
2616,261.50523,4.9125845871146
2617,261.605232,4.338743456791829
2618,261.705234,4.0769564920636725
2619,261.805236,3.9610551929858007
2620,261.905238,4.4487793634903285
2621,262.00524,4.913359472500728
2622,262.105242,4.137378901229283
2623,262.205244,5.604889197077451
2624,262.305246,6.32585440270294
2625,262.40524800000003,5.410524595600538
2626,262.50525,5.017798016088527
2627,262.60525199999995,5.398063942900712
2628,262.705254,5.272952542139214
2629,262.805256,5.436040174703661
2630,262.905258,4.675865590293879
2631,263.00526,4.761168440135825
2632,263.105262,3.9488867743455778
2633,263.205264,4.281280939395162
2634,263.305266,4.057433400751038
2635,263.405268,4.355052524666841
2636,263.50527,4.981762664691553
2637,263.605272,4.697048074441375
2638,263.70527400000003,4.712119858058525
2639,263.805276,4.765986381124316
2640,263.905278,4.813390737658094
2641,264.00528,4.165933825381903
2642,264.105282,3.7963634369628863
2643,264.205284,4.686155430177766
2644,264.305286,4.770347290396157
2645,264.405288,5.3512326443786415
2646,264.50529,5.541311875932069
2647,264.605292,5.568086944682596
2648,264.705294,5.596742290943631
2649,264.80529600000006,5.43821112663275
2650,264.905298,5.288340107012632
2651,265.0053,5.766899511175412
2652,265.10530200000005,4.975600163540881
2653,265.205304,4.920507039640302
2654,265.305306,5.451529529234271
2655,265.405308,4.836817963748845
2656,265.50531,5.361427663763919
2657,265.605312,4.738983822388389
2658,265.705314,4.863445693882236
2659,265.805316,5.050915317486865
2660,265.905318,5.210612485507484
2661,266.00532,4.954647177568631
2662,266.105322,4.918592339314948
2663,266.205324,4.496108112833917
2664,266.305326,4.547933856538708
2665,266.405328,4.180465881899241
2666,266.50533,4.610542674299759
2667,266.605332,4.733424065754477
2668,266.70533400000005,4.980632495759717
2669,266.805336,5.51258271538619
2670,266.905338,4.723474603436352
2671,267.00534000000005,4.882991309326817
2672,267.105342,4.847353475382985
2673,267.20534399999997,4.937216688580057
2674,267.30534600000004,5.108949058011516
2675,267.405348,5.7094422206506925
2676,267.50534999999996,5.267458886381612
2677,267.60535200000004,4.65405396162833
2678,267.705354,4.747046704812584
2679,267.805356,4.885919252524783
2680,267.90535800000004,5.561523447380222
2681,268.00536,4.620892516593258
2682,268.105362,4.912519491595257
2683,268.205364,4.632891863706841
2684,268.305366,4.871182167226508
2685,268.405368,5.0411758668896525
2686,268.50536999999997,4.472422278571178
2687,268.60537200000005,4.3978097244103
2688,268.705374,4.089970342481671
2689,268.80537599999997,4.41503892427349
2690,268.90537800000004,4.157741794367437
2691,269.00538,4.141057300595226
2692,269.10538199999996,4.514608100266766
2693,269.20538400000004,4.491795575665908
2694,269.305386,4.1418405187475384
2695,269.40538799999996,4.978814157984749
2696,269.50539000000003,4.907927017847931
2697,269.605392,4.766999140720421
2698,269.705394,5.41215050855484
2699,269.80539600000003,4.71409904895875
2700,269.905398,4.548355800209891
2701,270.0054,4.640657019852524
2702,270.105402,3.9031369914604706
2703,270.205404,4.324957874400136
2704,270.305406,4.556233050745587
2705,270.405408,4.691677099032824
2706,270.50541000000004,4.5104285767826156
2707,270.605412,4.453805931645839
2708,270.70541399999996,4.180322002610474
2709,270.80541600000004,3.775026983418244
2710,270.905418,3.908982388264733
2711,271.00541999999996,4.614179842714119
2712,271.10542200000003,4.671549016153438
2713,271.205424,4.022564208454356
2714,271.30542599999995,4.855505180578038
2715,271.40542800000003,5.0361309665793845
2716,271.50543,4.743113838714072
2717,271.605432,5.0838128037151735
2718,271.705434,4.913147646158578
2719,271.805436,5.0007513918882225
2720,271.905438,5.989336396662822
2721,272.00544,6.140308176810377
2722,272.105442,6.465982365650042
2723,272.205444,5.873319541446312
2724,272.305446,4.763931426107754
2725,272.40544800000004,4.829103608829052
2726,272.50545,4.883824710557802
2727,272.605452,4.4313659079219825
2728,272.70545400000003,5.148486766199809
2729,272.805456,4.726229068256864
2730,272.905458,5.3391811699128535
2731,273.00546,5.357109305765688
2732,273.105462,4.654011728613865
2733,273.205464,5.13241175381221
2734,273.305466,4.250232118028404
2735,273.405468,4.5228405646828875
2736,273.50547,5.049735939988755
2737,273.605472,4.952642906681559
2738,273.705474,5.336961321583958
2739,273.805476,4.988847606119991
2740,273.905478,4.91419601369505
2741,274.00548,4.167152166020264
2742,274.105482,4.617087484473813
2743,274.205484,3.952858088434324
2744,274.30548600000003,4.670316922232097
2745,274.405488,4.756295709936682
2746,274.50549,5.097077610452553
2747,274.605492,5.052786501289046
2748,274.705494,4.115956080808161
2749,274.805496,4.6852217195853
2750,274.905498,4.710589951092003
2751,275.0055,4.548048225697996
2752,275.105502,4.499394258588038
2753,275.205504,4.173512675016086
2754,275.305506,4.961105692489385
2755,275.40550800000005,5.277224675886089
2756,275.50551,4.988253649047059
2757,275.605512,4.139648348808185
2758,275.70551400000005,4.34267387363551
2759,275.805516,4.901245517220447
2760,275.905518,4.765687852351913
2761,276.00552000000005,5.257306078118263
2762,276.105522,5.4095703110749636
2763,276.205524,5.583198429056294
2764,276.305526,4.812028337907597
2765,276.405528,5.093371844051864
2766,276.50553,5.880518809146005
2767,276.605532,5.27592930707522
2768,276.705534,4.849062295860413
2769,276.805536,5.26225426144482
2770,276.905538,4.74447803274259
2771,277.00554,4.5570550173686835
2772,277.105542,4.129892109166559
2773,277.205544,4.433642990564663
2774,277.30554600000005,4.513700804454434
2775,277.405548,4.705286558287124
2776,277.50554999999997,4.02602317649291
2777,277.60555200000005,3.9459681851875787
2778,277.705554,4.1702434006283635
2779,277.80555599999997,4.3430263208777005
2780,277.90555800000004,4.22990624327911
2781,278.00556,4.230047246288761
2782,278.105562,4.291690905214909
2783,278.20556400000004,4.16880035405327
2784,278.305566,4.26224753234528
2785,278.405568,4.233096211797486
2786,278.50557000000003,4.345280200652729
2787,278.605572,4.052708541189224
2788,278.705574,3.5124027329146488
2789,278.805576,3.900919428317324
2790,278.905578,3.6887353832572924
2791,279.00558,3.559695347632124
2792,279.10558199999997,3.679741749501329
2793,279.20558400000004,3.595245963107693
2794,279.305586,4.317055306770654
2795,279.40558799999997,4.201078980416556
2796,279.50559000000004,4.173121026758575
2797,279.605592,4.290880716045903
2798,279.70559399999996,4.542752211314716
2799,279.80559600000004,3.6498931990375625
2800,279.905598,4.5785650983083706
2801,280.0056,4.542903822477992
2802,280.10560200000003,4.317808484695185
2803,280.205604,4.248715549861259
2804,280.305606,4.469314890091483
2805,280.40560800000003,5.32890354013494
2806,280.50561,4.309177483465158
2807,280.605612,5.565373323515562
2808,280.705614,5.41063889483808
2809,280.805616,4.772476933981012
2810,280.905618,4.512366201644612
2811,281.00562,4.4649001793588035
2812,281.10562200000004,4.380179626441697
2813,281.205624,4.302672540140202
2814,281.30562599999996,4.32925999133077
2815,281.40562800000004,4.107814616535055
2816,281.50563,4.403366449335984
2817,281.60563199999996,3.730009744023298
2818,281.70563400000003,4.448632272861554
2819,281.805636,3.792263373625412
2820,281.90563799999995,3.6143360146668977
2821,282.00564,4.150871087350056
2822,282.105642,4.292008840597976
2823,282.205644,4.210407441229326
2824,282.305646,5.57242564800988
2825,282.405648,4.939617122496784
2826,282.50565,4.175983694782684
2827,282.605652,4.263575096035818
2828,282.705654,5.024229314453566
2829,282.805656,5.351009045503077
2830,282.905658,4.368661281623917
2831,283.00566000000003,4.1085833356165935
2832,283.105662,3.7617609770806157
2833,283.205664,3.5838005757903386
2834,283.30566600000003,4.467666826213446
2835,283.405668,4.35530612213899
2836,283.50567,4.464258806948768
2837,283.605672,4.37386904036379
2838,283.705674,3.9459468202218546
2839,283.805676,4.178693340130922
2840,283.905678,3.7098495758328127
2841,284.00568,3.888409542094314
2842,284.105682,3.8818738982858276
2843,284.205684,3.8102098158567603
2844,284.305686,3.2957006441868457
2845,284.405688,3.2020833998505265
2846,284.50569,2.8452711205040453
2847,284.605692,3.3910784355031365
2848,284.705694,4.525683609454581
2849,284.805696,4.021574049790184
2850,284.90569800000003,4.359014988734329
2851,285.0057,4.355564681122719
2852,285.105702,4.896740632879828
2853,285.205704,4.868251088161176
2854,285.305706,4.631222876882148
2855,285.405708,5.090637770910998
2856,285.50571,4.3909662401236
2857,285.605712,5.213715433226134
2858,285.705714,4.914658332876463
2859,285.805716,4.63861583566304
2860,285.905718,4.308660334429887
2861,286.00572000000005,4.508924139355463
2862,286.105722,4.711513350691933
2863,286.205724,4.603615294242708
2864,286.30572600000005,4.720086230506018
2865,286.405728,4.449075363593084
2866,286.50572999999997,5.320193928813833
2867,286.60573200000005,5.25473692764167
2868,286.705734,4.9098988267660575
2869,286.805736,5.21860814241605
2870,286.905738,4.768385690653544
2871,287.00574,4.957190462806167
2872,287.105742,4.972847044384372
2873,287.205744,4.338151732613141
2874,287.305746,3.7403545648213075
2875,287.405748,4.103132066715926
2876,287.50575,4.022348936886846
2877,287.605752,4.054222958172693
2878,287.705754,4.022561138117889
2879,287.805756,3.9007295401434234
2880,287.90575800000005,4.6814162105939445
2881,288.00576,4.580848108213769
2882,288.10576199999997,4.196220240152029
2883,288.20576400000004,4.058417503772485
2884,288.305766,4.744296127476975
2885,288.40576799999997,3.566592936522986
2886,288.50577000000004,3.857894713285631
2887,288.605772,3.638030473063451
2888,288.705774,4.392579163650752
2889,288.80577600000004,3.8090202018478228
2890,288.905778,3.8782346268987022
2891,289.00578,3.2280558336946124
2892,289.10578200000003,3.6775001815326265
2893,289.205784,3.6978787785722242
2894,289.305786,4.028432378453402
2895,289.405788,4.093951890908979
2896,289.50579,4.145717310971181
2897,289.605792,3.792891497358763
2898,289.70579399999997,3.7663725536655015
2899,289.80579600000004,4.033233545106501
2900,289.905798,3.944576739820421
2901,290.00579999999997,3.4328387264698064
2902,290.10580200000004,3.1840298415560055
2903,290.205804,3.418007519477291
2904,290.30580599999996,3.467053379798262
2905,290.40580800000004,3.91112221044668
2906,290.50581,3.4608699387267885
2907,290.605812,3.4576816187388406
2908,290.70581400000003,3.577237521816792
2909,290.805816,3.768409852663145
2910,290.905818,3.7381727275501406
2911,291.00582,4.0670289215662185
2912,291.105822,4.3773040867491275
2913,291.205824,3.460180687795361
2914,291.305826,3.910673895719184
2915,291.405828,3.908088548687583
2916,291.50583,3.667046141170306
2917,291.605832,3.3994554910744994
2918,291.70583400000004,3.780330230025565
2919,291.805836,3.8027918864472463
2920,291.905838,4.075640371908546
2921,292.00584000000003,4.502128699427603
2922,292.105842,4.599796453925402
2923,292.20584399999996,4.127486072292561
2924,292.30584600000003,3.644687223587127
2925,292.405848,3.568513696046551
2926,292.50585,3.517445456858959
2927,292.605852,3.6069380722414004
2928,292.705854,4.265587574136592
2929,292.805856,3.8161981737911175
2930,292.905858,4.327485832584082
2931,293.00586,4.912593884017296
2932,293.105862,4.346490501392798
2933,293.205864,4.546335583371059
2934,293.305866,4.901374326169088
2935,293.405868,4.709166303375436
2936,293.50587,5.613176073845351
2937,293.60587200000003,4.451769013861887
2938,293.705874,5.14236188474931
2939,293.805876,3.7071891270632915
2940,293.90587800000003,3.1252836210822044
2941,294.00588,3.271378935904736
2942,294.105882,3.713293416568542
2943,294.205884,4.255886912417471
2944,294.305886,4.006992595163868
2945,294.405888,3.573016225971625
2946,294.50589,3.90520521040686
2947,294.605892,3.4103532324758907
2948,294.70589400000006,3.7844640484041845
2949,294.805896,2.9778397094983555
2950,294.905898,3.545331238285471
2951,295.0059,3.4568710415165063
2952,295.105902,3.046880825615842
2953,295.205904,3.246721156281597
2954,295.305906,3.231786445805328
2955,295.405908,3.438682383661734
2956,295.50591000000003,3.719652531589802
2957,295.605912,3.6763290617432856
2958,295.705914,4.107063954247494
2959,295.805916,4.263254434699564
2960,295.905918,4.57005527622523
2961,296.00592,5.442063217636696
2962,296.105922,4.219009594057962
2963,296.205924,3.44980505528126
2964,296.305926,3.9512164761174473
2965,296.405928,4.282979358444755
2966,296.50593,4.842969550931797
2967,296.60593200000005,5.123369011280608
2968,296.705934,4.2655436718458875
2969,296.805936,3.5509321062270076
2970,296.90593800000005,4.3724466528046735
2971,297.00594,4.760058099002963
2972,297.10594199999997,4.258888036294115
2973,297.20594400000004,3.9579271925743704
2974,297.305946,3.8518390193367185
2975,297.405948,4.143404703208194
2976,297.50595,3.9889442166397284
2977,297.605952,4.316860613736695
2978,297.705954,3.946625660868219
2979,297.805956,4.478486211326645
2980,297.905958,4.324631517117871
2981,298.00596,3.6568451083777975
2982,298.105962,4.143311610585566
2983,298.205964,4.308715111253697
2984,298.305966,3.613829831413697
2985,298.405968,4.250808484661279
2986,298.50597000000005,4.3891537473875255
2987,298.605972,5.048985686887978
2988,298.70597399999997,4.166263904816327
2989,298.80597600000004,3.8941200762590755
2990,298.905978,3.398910746782058
2991,299.00597999999997,3.42378148945066
2992,299.10598200000004,3.1623259075744805
2993,299.205984,3.4783890662880315
2994,299.305986,3.436870886713114
2995,299.40598800000004,3.262668865194131
2996,299.50599,3.5345716379193863
2997,299.605992,3.9159146945636603
2998,299.70599400000003,3.947583536367435
2999,299.805996,4.394397417920519
3000,299.905998,3.616908907466763
3001,300.006,3.786420531239514
3002,300.106002,3.6468630112260274
3003,300.206004,3.842898925448779
3004,300.30600599999997,3.6364465393892234
3005,300.40600800000004,3.6767823804640773
3006,300.50601,3.776683022961419
3007,300.60601199999996,4.300716804951415
3008,300.70601400000004,3.8326310180439074
3009,300.806016,4.021900945199918
3010,300.90601799999996,3.7064824824345504
3011,301.00602000000003,3.4638458965725913
3012,301.106022,4.016803843902057
3013,301.206024,3.7764587805716925
3014,301.30602600000003,4.34061881511842
3015,301.406028,4.871309959729391
3016,301.50603,3.8947750404983563
3017,301.606032,3.8644340147661773
3018,301.706034,4.191255964464665
3019,301.806036,3.784089418506162
3020,301.906038,3.755136801021314
3021,302.00604,3.8538465048577777
3022,302.106042,3.722201861126095
3023,302.206044,3.739903626606405
3024,302.30604600000004,3.5241502512947975
3025,302.406048,3.9929374088417116
3026,302.50605,4.237179131706955
3027,302.60605200000003,4.264848971669731
3028,302.706054,3.643037195044026
3029,302.80605599999996,4.091304392986499
3030,302.90605800000003,3.8887360209455455
3031,303.00606,4.055177907004471
3032,303.106062,4.694281926858144
3033,303.206064,3.7896563361102267
3034,303.306066,4.17198581991391
3035,303.406068,3.6020120725939706
3036,303.50607,3.9723545076915743
3037,303.606072,4.048299860174949
3038,303.706074,4.922167667556461
3039,303.806076,5.267003216377681
3040,303.906078,5.047718288717142
3041,304.00608,5.284957053062252
3042,304.106082,5.204104565604804
3043,304.20608400000003,4.920371551706056
3044,304.306086,4.399331910759378
3045,304.406088,3.896090402341681
3046,304.50609000000003,4.804762573129017
3047,304.606092,4.261996566742274
3048,304.706094,3.7810655193615292
3049,304.806096,4.214473214981553
3050,304.906098,3.8406295812407127
3051,305.00610000000006,4.431858247484392
3052,305.106102,4.898575201336078
3053,305.206104,5.664788800599116
3054,305.30610600000006,4.887337382246622
3055,305.406108,4.057996852245231
3056,305.50611,3.8407622551720064
3057,305.606112,3.7141175551798926
3058,305.706114,4.037304620094372
3059,305.806116,5.146915560107418
3060,305.906118,4.110582320869307
3061,306.00612,4.099497238105813
3062,306.106122,4.275751787228458
3063,306.206124,4.794458831766804
3064,306.306126,3.7905178588886677
3065,306.406128,4.711222640958154
3066,306.50613,4.119482041569382
3067,306.606132,4.5611768752517525
3068,306.706134,4.9504328417220504
3069,306.806136,5.043217881771492
3070,306.90613800000006,4.804102735350047
3071,307.00614,5.287888516719334
3072,307.106142,5.083532596663501
3073,307.20614400000005,4.418086735831241
3074,307.306146,4.327675461549764
3075,307.406148,4.6824147843618995
3076,307.50615000000005,5.015265244663453
3077,307.606152,5.0663773840828235
3078,307.70615399999997,4.616625200406034
3079,307.80615600000004,5.121826340290323
3080,307.906158,4.521003213714411
3081,308.00616,4.058634086350818
3082,308.106162,4.098558785320004
3083,308.206164,4.465718666864181
3084,308.306166,3.996403557650488
3085,308.406168,3.924526154804669
3086,308.50617,4.600656957464846
3087,308.606172,5.0188909651181755
3088,308.706174,4.169582615644493
3089,308.806176,4.4239095771544985
3090,308.906178,4.649336903795404
3091,309.00618,4.323160143035914
3092,309.10618200000005,3.7803041800575206
3093,309.206184,4.08355454951723
3094,309.30618599999997,3.6581211482041307
3095,309.40618800000004,3.7905816547056563
3096,309.50619,4.640385137110276
3097,309.60619199999996,4.705133821546223
3098,309.70619400000004,3.9845695989906154
3099,309.806196,4.367071120922017
3100,309.906198,4.500986116587555
3101,310.00620000000004,4.6457021011184425
3102,310.106202,3.7622560341288795
3103,310.206204,4.171876806556708
3104,310.30620600000003,3.80775033235431
3105,310.406208,3.9419317928421727
3106,310.50621,3.5994318296615693
3107,310.606212,3.2664011608767556
3108,310.706214,3.432529082300742
3109,310.806216,3.3670320336890573
3110,310.90621799999997,3.5458184446021086
3111,311.00622000000004,4.44188409681562
3112,311.106222,3.818717827486173
3113,311.20622399999996,4.108111449151016
3114,311.30622600000004,3.841799233326464
3115,311.406228,3.9113078455227694
3116,311.50622999999996,4.184863956878869
3117,311.60623200000003,3.9822867898694527
3118,311.706234,3.84670304891406
3119,311.806236,3.9016719743389467
3120,311.90623800000003,3.745832712949836
3121,312.00624,4.487800452648222
3122,312.106242,4.6823699236401914
3123,312.206244,3.990029692790799
3124,312.306246,4.041462608523894
3125,312.406248,4.054397771022694
3126,312.50625,3.696575631888488
3127,312.606252,3.880987633292283
3128,312.706254,4.075627983270936
3129,312.806256,4.446316156027914
3130,312.90625800000004,4.540497975867578
3131,313.00626,4.826784976223762
3132,313.106262,4.752595762358722
3133,313.20626400000003,5.221243014984331
3134,313.306266,4.666266748182927
3135,313.40626799999995,4.226135233807606
3136,313.50627000000003,4.624022048214843
3137,313.606272,4.479801560891407
3138,313.706274,4.870891509650789
3139,313.806276,4.3217714677932015
3140,313.906278,4.400715773150125
3141,314.00628,4.772171114737566
3142,314.106282,4.986118123576416
3143,314.206284,4.856467089136699
3144,314.306286,4.160095696738277
3145,314.406288,3.9312560359476816
3146,314.50629,4.200053200346529
3147,314.606292,4.200812622472849
3148,314.706294,4.911701828504703
3149,314.80629600000003,4.651835285590835
3150,314.906298,4.824204430147515
3151,315.0063,4.639764179891148
3152,315.106302,4.877224336475384
3153,315.206304,4.557517417889448
3154,315.306306,4.090339349107285
3155,315.406308,5.066493918471524
3156,315.50631,4.235944544370817
3157,315.60631200000006,4.024788750094612
3158,315.706314,4.152783920294304
3159,315.806316,4.792459309704722
3160,315.90631800000006,4.697724689404101
3161,316.00632,4.141918611682389
3162,316.106322,5.196053043448378
3163,316.206324,5.076762806718122
3164,316.306326,4.812792360787777
3165,316.406328,5.42281671657723
3166,316.50633,4.825644497357067
3167,316.606332,4.838255818116079
3168,316.706334,4.575472276319125
3169,316.806336,4.737094632005607
3170,316.906338,4.46635509379037
3171,317.00634,4.526900851301255
3172,317.106342,4.1661011424933765
3173,317.206344,3.96268216894706
3174,317.306346,4.97364518934966
3175,317.406348,4.413336775021154
3176,317.50635000000005,4.199113757519925
3177,317.606352,4.810115248632065
3178,317.706354,4.73169852244328
3179,317.80635600000005,4.7388458073537665
3180,317.906358,4.487726594606592
3181,318.00636,4.812840640457919
3182,318.10636200000005,4.490809870064945
3183,318.206364,4.341075042302265
3184,318.30636599999997,5.6162032308722045
3185,318.40636800000004,4.9308470733111855
3186,318.50637,3.8198442800254893
3187,318.606372,3.6102725072054014
3188,318.706374,3.192436263322767
3189,318.806376,4.251714777840276
3190,318.906378,4.434229245592531
3191,319.00638,4.489253438470074
3192,319.106382,5.027966523798493
3193,319.206384,5.012487425646402
3194,319.306386,5.605823251726061
3195,319.40638800000005,5.127121833145836
3196,319.50639,6.084889203976991
3197,319.60639199999997,5.203938914105268
3198,319.70639400000005,4.865211576050392
3199,319.806396,5.258333952373048
3200,319.90639799999997,4.93785981636121
3201,320.00640000000004,4.253200594436058
3202,320.106402,4.436387741829145
3203,320.20640399999996,4.474992011799385
3204,320.30640600000004,4.868165790174446
3205,320.406408,4.542112789286645
3206,320.50641,4.719752552618713
3207,320.60641200000003,4.366880508076868
3208,320.706414,4.422544063108574
3209,320.806416,4.452113645315955
3210,320.90641800000003,5.774178145064484
3211,321.00642,5.273145074724314
3212,321.106422,5.466911596608511
3213,321.206424,5.810653381818706
3214,321.306426,5.321547455030839
3215,321.406428,5.382430008102245
3216,321.50642999999997,5.383623573331993
3217,321.60643200000004,5.300583120685835
3218,321.706434,5.438432223522795
3219,321.80643599999996,5.587397217933647
3220,321.90643800000004,5.076064833157464
3221,322.00644,5.718542834222511
3222,322.10644199999996,5.881121425256042
3223,322.20644400000003,5.8329270502109125
3224,322.306446,5.491908473655866
3225,322.406448,5.017859431651215
3226,322.50645000000003,4.401177976443494
3227,322.606452,5.310207580719271
3228,322.706454,5.314174612115629
3229,322.806456,6.090325408665882
3230,322.906458,5.897192055066422
3231,323.00646,6.196807215369217
3232,323.106462,5.023643911904454
3233,323.206464,5.741348034521572
3234,323.306466,5.775359539684787
3235,323.406468,7.163979340951646
3236,323.50647000000004,6.575193971592834
3237,323.606472,6.7358874866992045
3238,323.706474,6.584243457079341
3239,323.80647600000003,7.007782063979612
3240,323.906478,6.061115330981844
3241,324.00647999999995,6.896561887363518
3242,324.106482,6.847697476661446
3243,324.206484,5.960211277505886
3244,324.306486,6.1420341285679365
3245,324.406488,5.828056238280074
3246,324.50649,6.809965213939429
3247,324.606492,6.861761003986468
3248,324.706494,6.1674243088181075
3249,324.806496,6.889496847829835
3250,324.906498,5.976274229565672
3251,325.0065,5.616952874679134
3252,325.106502,5.1618533179681805
3253,325.206504,5.099037519427266
3254,325.306506,4.90802977057474
3255,325.40650800000003,5.676323576707528
3256,325.50651,5.137816960151933
3257,325.606512,5.707994844089646
3258,325.706514,6.431062629802844
3259,325.806516,6.27684809740125
3260,325.906518,6.503900461006329
3261,326.00652,5.076428667295711
3262,326.106522,5.74846799307506
3263,326.20652400000006,6.595702022504113
3264,326.306526,6.0741033935910975
3265,326.406528,5.951932451770806
3266,326.50653000000005,5.045222235464496
3267,326.606532,5.834400742780929
3268,326.706534,6.649144170370641
3269,326.806536,6.353100481539919
3270,326.906538,5.96527930669434
3271,327.00654,6.2227869057395235
3272,327.106542,6.362073523424558
3273,327.206544,6.902081178601519
3274,327.306546,6.875866790469925
3275,327.406548,6.245556778540831
3276,327.50655,6.6168493683037495
3277,327.606552,6.5391257080614125
3278,327.706554,5.960934336743145
3279,327.806556,5.706669866606173
3280,327.906558,5.686180066726214
3281,328.00656,5.274768866996974
3282,328.10656200000005,4.891927433516864
3283,328.206564,4.7380040099142215
3284,328.306566,5.321588993001807
3285,328.40656800000005,6.480763048116707
3286,328.50657,6.17767296274476
3287,328.60657199999997,6.355540387889457
3288,328.70657400000005,5.917871768512857
3289,328.806576,5.852884004206748
3290,328.90657799999997,5.649797686319176
3291,329.00658000000004,6.269616619863468
3292,329.106582,7.12111146196009
3293,329.206584,6.3405626867599265
3294,329.30658600000004,6.359526906539734
3295,329.406588,6.5318458073182315
3296,329.50659,6.657477339729593
3297,329.606592,5.91223839094696
3298,329.706594,6.480338557732423
3299,329.806596,6.747733020232964
3300,329.906598,6.077840968107902
3301,330.00660000000005,6.651201523935847
3302,330.106602,6.859396680751496
3303,330.20660399999997,6.958131878309154
3304,330.30660600000004,6.721041364536001
3305,330.406608,6.937643640672429
3306,330.50660999999997,6.079536071795814
3307,330.60661200000004,6.448478814368988
3308,330.706614,4.883993381686202
3309,330.80661599999996,5.579516945504101
3310,330.90661800000004,5.326610355039703
3311,331.00662,5.000720882441223
3312,331.106622,5.0518993358688435
3313,331.20662400000003,5.405953623852203
3314,331.306626,5.1543525868736415
3315,331.406628,5.207608292950538
3316,331.50663000000003,4.632617642765614
3317,331.606632,5.683603135022886
3318,331.706634,5.013284170629109
3319,331.806636,4.242767637526267
3320,331.90663800000004,4.944297235320768
3321,332.00664,5.7109046063709865
3322,332.10664199999997,5.862807085219777
3323,332.20664400000004,4.767613754688145
3324,332.306646,5.411350853862277
3325,332.40664799999996,5.618844995886909
3326,332.50665000000004,5.190100295529215
3327,332.606652,5.289919629664591
3328,332.70665399999996,5.2764802080014155
3329,332.80665600000003,5.337613056910255
3330,332.906658,5.469752032203688
3331,333.00666,5.263753164918321
3332,333.10666200000003,5.996418323763479
3333,333.206664,5.0635888001463085
3334,333.306666,5.249746685714508
3335,333.406668,5.160576909817779
3336,333.50667,6.174136962572107
3337,333.606672,6.361289272914306
3338,333.706674,6.30172335635496
3339,333.80667600000004,5.429030386566993
3340,333.906678,5.176895450976792
3341,334.00668,4.32123977019261
3342,334.10668200000003,5.256552092534189
3343,334.206684,4.954251310162398
3344,334.306686,5.191204927021486
3345,334.40668800000003,5.882227754380259
3346,334.50669,5.22826234929094
3347,334.60669199999995,4.674601389520082
3348,334.706694,5.027353091703775
3349,334.806696,4.546162726934286
3350,334.906698,4.688201230081674
3351,335.0067,4.451988920891118
3352,335.106702,4.565881833522075
3353,335.206704,5.292547342023622
3354,335.306706,5.395505559521545
3355,335.406708,5.993352682118913
3356,335.50671,5.555709276455462
3357,335.606712,5.102932290920341
3358,335.706714,4.246628212304986
3359,335.806716,4.675556445359972
3360,335.906718,4.968849346606939
3361,336.00672000000003,4.3943626806086975
3362,336.106722,5.228917234754348
3363,336.206724,4.944361193585873
3364,336.306726,5.028216881176116
3365,336.406728,5.909706124109212
3366,336.50673,6.186363236266767
3367,336.606732,5.053210068705847
3368,336.706734,5.111356888253749
3369,336.80673600000006,5.495336173377411
3370,336.906738,5.448346204803137
3371,337.00674,5.692101527570802
3372,337.10674200000005,4.8287693151150215
3373,337.206744,4.394473494200229
3374,337.306746,5.14417047983571
3375,337.406748,5.990623701785909
3376,337.50675,5.458382103458799
3377,337.606752,6.01252574110178
3378,337.706754,6.20812426935353
3379,337.806756,4.793513503990031
3380,337.906758,4.8647082165487445
3381,338.00676,5.1055908503772995
3382,338.106762,5.018536880654456
3383,338.206764,5.030747769885472
3384,338.306766,5.434746060212125
3385,338.406768,5.423764966109739
3386,338.50677,5.243218578584061
3387,338.606772,4.2668306181588935
3388,338.70677400000005,4.328050022060604
3389,338.806776,4.653774914203881
3390,338.906778,5.014804571109145
3391,339.00678000000005,4.734165303092252
3392,339.106782,5.170667394238521
3393,339.20678399999997,4.826612619765085
3394,339.30678600000005,4.717130330584519
3395,339.406788,4.988520263274038
3396,339.50678999999997,4.925755265727105
3397,339.60679200000004,4.286318108397219
3398,339.706794,4.161956379957044
3399,339.806796,5.050692217871233
3400,339.90679800000004,5.274671300204972
3401,340.0068,4.790546884180473
3402,340.106802,4.821624411075037
3403,340.206804,5.584509158514051
3404,340.306806,5.660225406385925
3405,340.406808,4.123963640301325
3406,340.50681,4.750456215505539
3407,340.60681200000005,5.142356546626912
3408,340.706814,5.064879721150748
3409,340.80681599999997,4.885190037555251
3410,340.90681800000004,5.075308759304146
3411,341.00682,4.485933472226304
3412,341.10682199999997,4.205636547619679
3413,341.20682400000004,4.537528985098742
3414,341.306826,4.774686157067529
3415,341.40682799999996,4.24400008253493
3416,341.50683000000004,4.267853647170025
3417,341.606832,3.530330666843586
3418,341.706834,3.932419856356422
3419,341.80683600000003,3.7460175159482416
3420,341.906838,4.8302596209220985
3421,342.00684,5.616265274139313
3422,342.10684200000003,5.652258293463763
3423,342.206844,5.0819689811050734
3424,342.306846,5.274693493794018
3425,342.406848,4.979750485234644
3426,342.50685000000004,4.942912619564356
3427,342.606852,5.218181573728763
3428,342.70685399999996,5.676478266502637
3429,342.80685600000004,5.87200951453294
3430,342.906858,5.846490137789406
3431,343.00685999999996,6.770722232181643
3432,343.10686200000004,6.749515726735056
3433,343.206864,7.290366375285459
3434,343.30686599999996,7.024029341647902
3435,343.40686800000003,6.728496324688673
3436,343.50687,6.442704719981962
3437,343.606872,5.663031335372661
3438,343.706874,6.3766468418098
3439,343.806876,6.987495584011076
3440,343.906878,6.6900648838896455
3441,344.00688,6.218537223740839
3442,344.106882,6.507636592679939
3443,344.206884,6.469043215234154
3444,344.306886,6.6708217658252
3445,344.40688800000004,6.741659093939239
3446,344.50689,7.015883957085936
3447,344.606892,6.403657007287457
3448,344.70689400000003,6.088624347695941
3449,344.806896,6.2420503496669655
3450,344.906898,6.205757495899035
3451,345.00690000000003,6.278051924085228
3452,345.106902,5.228364030893402
3453,345.206904,5.20810419831107
3454,345.306906,5.361521272242502
3455,345.406908,5.446506121944377
3456,345.50691,5.808337371471684
3457,345.606912,6.065609739496718
3458,345.706914,5.78084153227014
3459,345.806916,5.769971900115378
3460,345.906918,4.826951195271887
3461,346.00692,5.383494876547132
3462,346.106922,6.005742033458463
3463,346.206924,5.891723461348923
3464,346.30692600000003,6.205122516826384
3465,346.406928,6.8488058688811035
3466,346.50693,6.453301333371425
3467,346.60693200000003,6.39151841238427
3468,346.706934,6.25355809093677
3469,346.806936,5.918200718523986
3470,346.906938,6.478283293355926
3471,347.00694,6.390064722575551
3472,347.106942,6.151047157562345
3473,347.206944,6.793854421974119
3474,347.306946,6.195024950700805
3475,347.40694800000006,5.912389656963476
3476,347.50695,5.997327621568265
3477,347.606952,6.439564040733865
3478,347.70695400000005,6.396716999571412
3479,347.806956,5.599729555400654
3480,347.906958,5.142306493689444
3481,348.00696000000005,5.515583394506218
3482,348.106962,5.419540731422652
3483,348.206964,5.0119214837357555
3484,348.306966,5.9428173921554865
3485,348.406968,6.075608165058406
3486,348.50697,5.419592420738502
3487,348.606972,5.573103895266684
3488,348.706974,5.532594810760391
3489,348.806976,5.521374015177017
3490,348.906978,5.663478235841292
3491,349.00698,5.863224289812869
3492,349.106982,5.56924286584513
3493,349.206984,5.983488084687584
3494,349.30698600000005,5.997929808504824
3495,349.406988,6.237146663175865
3496,349.50699,5.771171813491382
3497,349.60699200000005,6.011077910691971
3498,349.706994,5.879870059738603
3499,349.80699599999997,5.3812467017435
3500,349.90699800000004,6.25206666855677
3501,350.007,6.294031116428885
3502,350.10700199999997,7.336784755477874
3503,350.20700400000004,6.8816648343319455
3504,350.307006,6.839929955972326
3505,350.407008,6.555990575948008
3506,350.50701000000004,5.56495337217859
3507,350.607012,5.3877833596649936
3508,350.707014,6.2820695559706
3509,350.807016,6.892640376300285
3510,350.907018,6.344254544363127
3511,351.00702,6.1268437695452205
3512,351.107022,6.1031052340892655
3513,351.20702400000005,5.5758637099473365
3514,351.307026,6.842364316723655
3515,351.40702799999997,6.3054108328680005
3516,351.50703000000004,5.969899062881793
3517,351.607032,6.940888343939771
3518,351.70703399999996,6.082828291744623
3519,351.80703600000004,6.202630509321877
3520,351.907038,6.24777526033613
3521,352.00703999999996,5.230035836968553
3522,352.10704200000004,4.737831525650747
3523,352.207044,5.185914791433887
3524,352.307046,4.834218613773728
3525,352.40704800000003,4.844356506093981
3526,352.50705,5.753372482818478
3527,352.607052,5.158873106425031
3528,352.707054,5.354778133471809
3529,352.807056,4.595052648690913
3530,352.907058,4.784185625189893
3531,353.00706,4.724738348656061
3532,353.10706200000004,5.728199329352408
3533,353.207064,5.261334301194411
3534,353.30706599999996,5.379239862810158
3535,353.40706800000004,4.703258902947199
3536,353.50707,5.215791533570547
3537,353.60707199999996,5.645207407353961
3538,353.70707400000003,5.666687768354793
3539,353.807076,6.191090162234404
3540,353.90707799999996,5.860137733313311
3541,354.00708000000003,6.3497028557842485
3542,354.107082,7.253582009200731
3543,354.207084,6.102467635766877
3544,354.307086,6.412710111897694
3545,354.407088,6.52645832205949
3546,354.50709,5.9678099359285275
3547,354.607092,6.188528859929739
3548,354.707094,5.269585010424525
3549,354.807096,5.249035991199729
3550,354.907098,5.737341545779579
3551,355.00710000000004,5.064852148696679
3552,355.107102,4.938604622976774
3553,355.207104,5.829724295756635
3554,355.30710600000003,5.371128309136657
3555,355.407108,6.316535292976716
3556,355.50711,6.5283809157629165
3557,355.60711200000003,6.179664494192073
3558,355.707114,6.309965032089136
3559,355.807116,5.581716625230975
3560,355.907118,5.580654100293509
3561,356.00712,5.846492141429537
3562,356.107122,5.393146585854
3563,356.207124,5.846107690866625
3564,356.307126,6.744777016794671
3565,356.407128,6.356457002928004
3566,356.50713,6.718757859524276
3567,356.607132,6.3075242912351195
3568,356.707134,5.976727590772915
3569,356.807136,6.239415261015719
3570,356.90713800000003,6.16152571011471
3571,357.00714,5.331663555560784
3572,357.107142,5.358841382756901
3573,357.207144,5.546450987306097
3574,357.307146,5.871151460492685
3575,357.407148,6.228770726303556
3576,357.50715,6.353662909782267
3577,357.607152,6.443732346563965
3578,357.707154,6.9824482695941406
3579,357.807156,5.997696791360908
3580,357.907158,6.450943790179814
3581,358.00716000000006,6.139730746624356
3582,358.107162,5.7576979346249635
3583,358.207164,6.079920083990792
3584,358.30716600000005,5.3949582542297625
3585,358.407168,5.799528197704337
3586,358.50717,5.699076061797473
3587,358.60717200000005,6.001659689638986
3588,358.707174,7.023527170926672
3589,358.807176,6.646975963349356
3590,358.907178,6.48582561845271
3591,359.00718,6.176411530278426
3592,359.107182,5.783680380713876
3593,359.207184,5.860841140822479
3594,359.307186,7.158418586398965
3595,359.407188,6.207811596266528
3596,359.50719,6.931950278730329
3597,359.607192,6.702298518398453
3598,359.707194,7.026849267793569
3599,359.807196,7.156892791912365
3600,359.90719800000005,6.821419860746893
3601,360.0072,6.838142451416654
3602,360.107202,5.650179122667294
3603,360.20720400000005,5.586455314457848
3604,360.307206,5.843681646341054
3605,360.40720799999997,5.580288746050298
3606,360.50721000000004,4.862867848674368
3607,360.607212,5.470909456165173
3608,360.707214,5.499074592777071
3609,360.80721600000004,5.824738802641602
3610,360.907218,5.118881615115122
3611,361.00722,5.687724270851321
3612,361.10722200000004,5.7229397526215084
3613,361.207224,6.041324817147526
3614,361.307226,7.103532674014696
3615,361.407228,6.950716745574135
3616,361.50723,6.264160475640073
3617,361.607232,5.991713575138264
3618,361.70723399999997,4.798421616729455
3619,361.80723600000005,4.638214167163847
3620,361.907238,4.671765668228248
3621,362.00723999999997,4.265124593269518
3622,362.10724200000004,4.130572845775194
3623,362.207244,4.167388645330614
3624,362.30724599999996,3.87069816882698
3625,362.40724800000004,4.991667634683049
3626,362.50725,5.219303295916885
3627,362.60725199999996,5.282157040826355
3628,362.70725400000003,4.404895016169802
3629,362.807256,4.972322485709517
3630,362.907258,5.000878148872937
3631,363.00726000000003,5.490948020781995
3632,363.107262,5.6719198850723025
3633,363.207264,5.5212858843215695
3634,363.307266,5.280886327251733
3635,363.407268,5.411454662540298
3636,363.50727,5.033738486485491
3637,363.607272,5.849279441838089
3638,363.70727400000004,4.4409252629106035
3639,363.807276,5.001327424028499
3640,363.907278,5.315599413471076
3641,364.00728000000004,4.995930252869523
3642,364.107282,4.980744187964704
3643,364.20728399999996,4.867120642190245
3644,364.30728600000003,5.113012728818819
3645,364.407288,4.7696521137130095
3646,364.50728999999995,5.023367108343739
3647,364.60729200000003,5.619312178533511
3648,364.707294,5.769533746385919
3649,364.807296,6.097251988501285
3650,364.907298,4.980086217965202
3651,365.0073,5.2972394017634485
3652,365.107302,5.736534127437667
3653,365.207304,5.855968056705267
3654,365.307306,6.175359051033259
3655,365.407308,5.314735575797774
3656,365.50731,5.7251864538133646
3657,365.60731200000004,5.236562665976436
3658,365.707314,5.451274130515018
3659,365.807316,5.178083527629458
3660,365.90731800000003,4.934761568443421
3661,366.00732,5.353594590104354
3662,366.107322,5.244988725827156
3663,366.207324,4.886445690717604
3664,366.307326,5.653060185832608
3665,366.407328,5.047249046256768
3666,366.50733,4.708048586276925
3667,366.607332,4.872592260516275
3668,366.70733400000006,4.375274154586438
3669,366.807336,4.961602547588789
3670,366.907338,4.385806821971063
3671,367.00734,4.707044719421846
3672,367.107342,4.781881277573213
3673,367.207344,4.711344621549927
3674,367.307346,5.607242883526709
3675,367.407348,5.628300494764241
3676,367.50735000000003,4.758679892119688
3677,367.607352,4.390599651312739
3678,367.707354,4.499668618804937
3679,367.807356,4.1847450140269356
3680,367.907358,4.445107775132727
3681,368.00736,5.139984309771099
3682,368.107362,4.908844844111132
3683,368.207364,4.981055826980867
3684,368.307366,4.444941988361415
3685,368.407368,4.363798908471595
3686,368.50737,5.3013307599376605
3687,368.60737200000005,5.416443441952603
3688,368.707374,5.955758665299214
3689,368.807376,5.786670432398598
3690,368.90737800000005,6.126507926959908
3691,369.00738,5.587302295576153
3692,369.107382,5.6970673162043015
3693,369.20738400000005,5.210592630242241
3694,369.307386,4.76118845153689
3695,369.407388,4.747621420470822
3696,369.50739,4.661038812620493
3697,369.607392,5.093313406761615
3698,369.707394,4.56529175770606
3699,369.807396,5.683766578636669
3700,369.907398,5.245747311640599
3701,370.0074,4.845053065698159
3702,370.107402,4.9492416881145065
3703,370.207404,5.485673907742274
3704,370.307406,6.155337439789456
3705,370.407408,5.197051405689781
3706,370.50741000000005,5.339035498228595
3707,370.607412,6.07658674935239
3708,370.70741399999997,6.076574913956288
3709,370.80741600000005,5.493061164850074
3710,370.907418,6.199051762434709
3711,371.00741999999997,6.279852398291236
3712,371.10742200000004,6.886443854339489
3713,371.207424,7.109679506149536
3714,371.307426,5.889647343974046
3715,371.40742800000004,5.757820247067656
3716,371.50743,5.526072159554593
3717,371.607432,5.418354184090843
3718,371.70743400000003,6.110841245702335
3719,371.807436,6.037760235088412
3720,371.907438,6.4405502821335805
3721,372.00744,6.521809045547797
3722,372.107442,5.845975645006666
3723,372.207444,5.574746297937093
3724,372.30744599999997,5.920859826483354
3725,372.40744800000004,6.618700195186868
3726,372.50745,5.729214183737747
3727,372.60745199999997,5.312377751714684
3728,372.70745400000004,5.746937199764791
3729,372.807456,5.678023515404378
3730,372.90745799999996,6.714618064232438
3731,373.00746000000004,5.746771062689967
3732,373.107462,6.2871235607829625
3733,373.207464,5.998960539365048
3734,373.30746600000003,6.359538418871241
3735,373.407468,5.971923854794623
3736,373.50747,6.2462618391029645
3737,373.60747200000003,5.762189755435577
3738,373.707474,5.279755907055152
3739,373.807476,6.109255463001969
3740,373.907478,6.3888711993407155
3741,374.00748,6.562906990050258
3742,374.107482,6.044645497594153
3743,374.207484,5.988966655340965
3744,374.30748600000004,5.527998070302091
3745,374.407488,5.453498930090647
3746,374.50749,5.7665769614548
3747,374.60749200000004,6.051674057050944
3748,374.707494,5.860418488337626
3749,374.80749599999996,5.485154484829375
3750,374.90749800000003,5.57540667836107
3751,375.0075,5.31824325730344
3752,375.107502,6.147081110785695
3753,375.20750400000003,5.358115839925058
3754,375.307506,5.985485421492218
3755,375.407508,5.645042370043928
3756,375.50751,6.102567487697365
3757,375.607512,5.8961624685311484
3758,375.707514,5.576273245522591
3759,375.807516,5.457935514191769
3760,375.907518,5.129020113262497
3761,376.00752,5.576452074593787
3762,376.107522,4.810969987795318
3763,376.20752400000003,4.879751427762728
3764,376.307526,4.820108300761407
3765,376.407528,4.621291455694038
3766,376.50753000000003,4.7666245182762665
3767,376.607532,4.426838374187567
3768,376.707534,4.757586144805761
3769,376.807536,4.8028847307372455
3770,376.907538,4.5306934603519835
3771,377.00754,4.762883532519912
3772,377.107542,5.1059106989319
3773,377.207544,4.471253784990465
3774,377.30754600000006,5.094110403037841
3775,377.407548,4.949239074501007
3776,377.50755,4.924312675936195
3777,377.607552,4.668753136438979
3778,377.707554,5.3260384487343515
3779,377.807556,4.762396043148774
3780,377.907558,5.452533610194951
3781,378.00756,5.668910970648898
3782,378.10756200000003,5.256181838246437
3783,378.207564,5.331301330349788
3784,378.307566,5.851829249389106
3785,378.407568,5.848040839699437
3786,378.50757,5.453908530852286
3787,378.607572,4.902143862238184
3788,378.707574,5.365270825479272
3789,378.807576,5.710146757548936
3790,378.907578,4.623822697689549
3791,379.00758,4.898390220411983
3792,379.107582,5.1750187881946825
3793,379.20758400000005,5.59758719031197
3794,379.307586,4.761643140489331
3795,379.407588,4.548420485111959
3796,379.50759000000005,4.226479669580445
3797,379.607592,4.512856017227541
3798,379.707594,5.327238483789249
3799,379.80759600000005,5.275313516827887
3800,379.907598,4.8432916880892245
3801,380.0076,4.485481234122656
3802,380.107602,4.8554556523578265
3803,380.207604,4.91385004316724
3804,380.307606,4.636969124564821
3805,380.407608,4.641198669173047
3806,380.50761,4.153813976690342
3807,380.607612,4.268391800610157
3808,380.707614,4.4872632318198615
3809,380.807616,4.2922548788382295
3810,380.907618,5.197258425666557
3811,381.00762,4.82885599659518
3812,381.10762200000005,5.487541689400062
3813,381.207624,5.733934501272486
3814,381.30762599999997,5.186533193176678
3815,381.40762800000005,4.826837788931235
3816,381.50763,5.21237785769762
3817,381.60763199999997,5.371145564497192
3818,381.70763400000004,5.412911431329708
3819,381.807636,5.688412118604924
3820,381.907638,5.845030451987015
3821,382.00764000000004,6.345113861607063
3822,382.107642,5.464648854750922
3823,382.207644,6.059863971358681
3824,382.30764600000003,6.701762411523183
3825,382.407648,5.650941394735348
3826,382.50765,4.640758963625667
3827,382.60765200000003,5.237258232740393
3828,382.707654,5.467872438067971
3829,382.807656,5.316390736305745
3830,382.90765799999997,5.183024533854421
3831,383.00766000000004,4.680291556557646
3832,383.107662,5.712111164685451
3833,383.20766399999997,5.952741217514398
3834,383.30766600000004,6.000096652330839
3835,383.407668,5.489545036249572
3836,383.50766999999996,5.305167589781668
3837,383.60767200000004,5.624957993611795
3838,383.707674,5.5992634493407305
3839,383.807676,4.900758521466098
3840,383.90767800000003,3.9807850527671658
3841,384.00768,4.220087196745546
3842,384.107682,4.434788544713772
3843,384.20768400000003,4.92289436770739
3844,384.307686,4.466344330009527
3845,384.407688,4.086716474582653
3846,384.50769,4.504444176594683
3847,384.607692,4.637424658911668
3848,384.707694,5.246566607565011
3849,384.807696,4.8910199695909276
3850,384.90769800000004,5.117418593518809
3851,385.0077,5.312932957103898
3852,385.107702,5.0331255420778245
3853,385.20770400000004,5.906100920727491
3854,385.307706,5.5788027091478485
3855,385.40770799999996,5.003684238057353
3856,385.50771000000003,6.415962212366498
3857,385.607712,6.633997839473543
3858,385.707714,6.637189693052458
3859,385.807716,5.208673079639299
3860,385.907718,4.713482187315155
3861,386.00772,5.1803736217430085
3862,386.107722,5.212437436516749
3863,386.207724,4.457647628189044
3864,386.307726,3.9400927926448337
3865,386.407728,4.444497904177066
3866,386.50773,4.966807604887601
3867,386.607732,5.265018483036462
3868,386.707734,5.116252465125832
3869,386.80773600000003,4.959430192858873
3870,386.907738,5.584979167574702
3871,387.00774,5.772953332349624
3872,387.10774200000003,5.272049195264826
3873,387.207744,5.025562203118104
3874,387.307746,5.231838350997562
3875,387.407748,5.085019713153577
3876,387.50775,5.062424590621147
3877,387.60775200000006,5.120535164690892
3878,387.707754,5.4800924133767674
3879,387.807756,5.191405885967892
3880,387.90775800000006,4.8435411290704895
3881,388.00776,5.338983929385656
3882,388.107762,4.892727181687288
3883,388.207764,5.704974921880533
3884,388.307766,5.080860804607649
3885,388.407768,4.378082770564205
3886,388.50777,4.738885872552419
3887,388.607772,5.038641804430671
3888,388.70777400000003,5.154384925705216
3889,388.807776,4.7871130500222
3890,388.907778,4.303043616944363
3891,389.00778,4.927660446972203
3892,389.107782,4.858194201924079
3893,389.207784,4.8251203996617775
3894,389.307786,5.112609324215005
3895,389.407788,4.9542930794877575
3896,389.50779,4.971444186546963
3897,389.607792,5.552851802545501
3898,389.707794,5.15203031610161
3899,389.80779600000005,5.454644604469326
3900,389.907798,5.96025890894787
3901,390.0078,5.94139365817706
3902,390.10780200000005,6.7528346657236025
3903,390.207804,6.916261559071635
3904,390.30780599999997,7.198334155932741
3905,390.40780800000005,7.094389803868379
3906,390.50781,6.778006753072524
3907,390.607812,6.760463235322914
3908,390.707814,6.842804348724908
3909,390.807816,6.088690574757771
3910,390.907818,5.588503038830228
3911,391.00782,5.2995131766931305
3912,391.107822,4.943002911733716
3913,391.207824,5.2498380629353925
3914,391.307826,5.383323046190053
3915,391.407828,5.440450838467628
3916,391.50783,3.9834781370678107
3917,391.607832,4.546973425183372
3918,391.70783400000005,4.703541680723205
3919,391.807836,6.1737082489100885
3920,391.90783799999997,5.903892872267473
3921,392.00784000000004,5.481777484483968
3922,392.107842,5.278739472881176
3923,392.20784399999997,5.4036182545850595
3924,392.30784600000004,4.7606922004210785
3925,392.407848,4.870702745411712
3926,392.50785,4.992362259374962
3927,392.60785200000004,4.480092353922411
3928,392.707854,4.768035447626859
3929,392.807856,5.065978826875095
3930,392.90785800000003,5.035584815525874
3931,393.00786,5.131543010851426
3932,393.107862,5.208649100882984
3933,393.20786400000003,5.312490890076827
3934,393.307866,5.2503834187135325
3935,393.407868,5.994858086753613
3936,393.50786999999997,4.601048299561614
3937,393.60787200000004,4.513600562351198
3938,393.707874,5.83267825220934
3939,393.80787599999996,6.502921405422917
3940,393.90787800000004,5.196647451667464
3941,394.00788,5.456278686905071
3942,394.10788199999996,5.58324867421126
3943,394.20788400000004,5.606749984381912
3944,394.307886,5.133267847894095
3945,394.407888,6.161148448825663
3946,394.50789000000003,5.957672845919266
3947,394.607892,5.481725884860343
3948,394.707894,5.610482637565585
3949,394.807896,4.659077557812511
3950,394.907898,4.89565069819069
3951,395.0079,4.589111565443951
3952,395.107902,5.331826860256582
3953,395.207904,4.936887657726724
3954,395.307906,4.401976734296125
3955,395.407908,5.776792314547421
3956,395.50791000000004,5.133451398917884
3957,395.607912,6.157697583505839
3958,395.707914,6.365472175405758
3959,395.80791600000003,6.189607859885533
3960,395.907918,6.295948618883466
3961,396.00791999999996,5.242015337282094
3962,396.10792200000003,5.2301936068990695
3963,396.207924,5.096306123494049
3964,396.307926,5.4859841307342325
3965,396.407928,4.754819916537775
3966,396.50793,5.012041056523374
3967,396.607932,5.288159052398755
3968,396.707934,5.633470146576322
3969,396.807936,5.9808339782529565
3970,396.907938,6.443153639576584
3971,397.00794,5.495846384045167
3972,397.107942,4.910790694134439
3973,397.207944,5.7137384164730225
3974,397.307946,5.500957219278387
3975,397.40794800000003,5.889225354098894
3976,397.50795,4.927753308272385
3977,397.607952,5.308673937608663
3978,397.70795400000003,4.815617083170784
3979,397.807956,5.4597569618546835
3980,397.907958,5.703319825759104
3981,398.00796,5.684945967854201
3982,398.107962,5.172426197052812
3983,398.20796400000006,4.907813732845827
3984,398.307966,5.147583834284118
3985,398.407968,5.110676172738635
3986,398.50797000000006,5.417172887615262
3987,398.607972,5.205778110328001
3988,398.707974,5.042274746020091
3989,398.807976,5.155145947191426
3990,398.907978,4.721727701857705
3991,399.00798,5.091060310380146
3992,399.107982,4.534159520901451
3993,399.207984,4.548583931665622
3994,399.307986,4.29983107901516
3995,399.407988,4.415585958708006
3996,399.50799,4.32594611128112
3997,399.607992,5.340886579399711
3998,399.707994,4.86895962922352
3999,399.807996,5.350875499001774
4000,399.907998,5.1905452743413285
4001,400.000014,5.2087326397857785
