Frame,Time (ns),RMSD
1,0.0,6.765213192312151e-06
2,0.100002,2.407669277336806
3,0.200004,3.3192010827422456
4,0.30000600000000005,2.9290852455790035
5,0.400008,3.8016679631100034
6,0.50001,3.732790253014195
7,0.6000120000000001,3.2513423814645614
8,0.700014,4.476914931625671
9,0.800016,3.7045774256957498
10,0.900018,4.213580275850423
11,1.00002,3.8204694445630416
12,1.1000219999999998,3.8951631059187073
13,1.2000240000000002,4.603809729112526
14,1.3000260000000001,4.694710705495518
15,1.400028,4.444915442515124
16,1.50003,4.163254827700336
17,1.600032,4.4992934016710535
18,1.700034,4.459066620183574
19,1.800036,3.7972882651021407
20,1.9000380000000001,4.182454452844681
21,2.00004,4.490590196398451
22,2.1000419999999997,4.137075522007891
23,2.2000439999999997,3.9946187806880356
24,2.300046,3.69597929531298
25,2.4000480000000004,3.7972108513010854
26,2.5000500000000003,4.135285108327312
27,2.6000520000000003,4.517627397482481
28,2.700054,3.720634592107592
29,2.800056,3.8100113225028975
30,2.900058,3.760662509978527
31,3.00006,4.515428232948526
32,3.100062,4.345567031542106
33,3.200064,5.046898094594534
34,3.300066,3.9256904987841823
35,3.400068,3.046961260227413
36,3.50007,3.853562158373852
37,3.600072,4.647807573907136
38,3.700074,3.863944472730023
39,3.8000760000000002,3.711222784446954
40,3.900078,4.1988993281282285
41,4.00008,3.512670545064093
42,4.1000820000000004,4.204341338604084
43,4.2000839999999995,4.560168011907812
44,4.300086,4.254576710059342
45,4.400087999999999,3.9658145249600993
46,4.50009,3.080191429170507
47,4.600092,4.239687584855418
48,4.700094,3.866121892970094
49,4.800096000000001,3.6452905061806202
50,4.900098,4.235584674165135
51,5.000100000000001,4.030759120301184
52,5.100102,3.6129175549721877
53,5.2001040000000005,3.6130576504288845
54,5.3001059999999995,3.3748480061705326
55,5.400108,4.457818047628461
56,5.500109999999999,4.310216628744089
57,5.600112,3.957507542622779
58,5.700114,4.622206948023373
59,5.800116,4.660236455530695
60,5.900118,4.559040184636122
61,6.00012,4.661981998131194
62,6.100122000000001,4.3507223429539925
63,6.200124,4.531570269418417
64,6.300126000000001,4.188354334180905
65,6.400128,4.281463721167414
66,6.50013,4.767012083371274
67,6.600132,4.916535395846683
68,6.700134,3.5494995016118156
69,6.800136,4.590441498186804
70,6.900138,5.054310468457616
71,7.00014,5.097656021777546
72,7.100142,5.506825811370114
73,7.200144,5.054148514355693
74,7.300146,4.910759480278121
75,7.400148,5.7549214247105365
76,7.5001500000000005,4.954117263785739
77,7.6001520000000005,5.074286775482767
78,7.700154,5.029485062830004
79,7.800156,4.443315312740578
80,7.900158,4.918386142197929
81,8.00016,5.162666035349313
82,8.100162000000001,4.9311114793015465
83,8.200164000000001,5.95438412375032
84,8.300166,5.116260252156788
85,8.400167999999999,5.187805324274651
86,8.50017,4.688618111882598
87,8.600172,4.496469686548645
88,8.700174,4.187718862402255
89,8.800175999999999,4.370718280358068
90,8.900178,4.544563132273741
91,9.00018,4.301323525667245
92,9.100182,4.594021450997265
93,9.200184,4.980950500347702
94,9.300186,4.543440226152991
95,9.400188,5.277357352265444
96,9.50019,5.079295136877361
97,9.600192000000002,4.602000877225212
98,9.700194,4.251165923858165
99,9.800196,4.853755207772394
100,9.900198,3.926145109252261
101,10.000200000000001,3.495868714712851
102,10.100202,4.26018980641796
103,10.200204,4.72178120312795
104,10.300206,4.164148277380897
105,10.400208000000001,4.57377337198063
106,10.500210000000001,5.447244228311072
107,10.600211999999999,6.093988103217797
108,10.700214,6.558087643874003
109,10.800216,6.496928457745641
110,10.900218,6.150356962491133
111,11.000219999999999,5.7264265737203655
112,11.100222,6.3765336027993955
113,11.200224,6.02508359768088
114,11.300226,5.470481425072711
115,11.400228,5.3909087803916655
116,11.50023,5.475065588731401
117,11.600232,4.934683165864624
118,11.700234,4.870225898575042
119,11.800236,5.3344937308485845
120,11.900238,5.264100401580169
121,12.00024,5.1550031354217065
122,12.100242,5.069871151238061
123,12.200244000000001,5.047356058987422
124,12.300246000000001,6.189444998281517
125,12.400248,5.338546355345744
126,12.50025,5.012473781359837
127,12.600252000000001,5.154326744050673
128,12.700254000000001,5.715078926625675
129,12.800256,5.861548939425951
130,12.900258,5.6163317644131805
131,13.00026,5.277597066422429
132,13.100262,5.758381539142745
133,13.200264,5.067856691520382
134,13.300265999999999,5.08136724062431
135,13.400268,4.719318862609444
136,13.50027,5.621255839346012
137,13.600272,5.388923756698199
138,13.700274,5.144874075879028
139,13.800276,4.852922841521288
140,13.900278,5.308825968516659
141,14.00028,4.643895067509285
142,14.100282000000002,4.08091669386888
143,14.200284,4.525085451577717
144,14.300286,3.9953235517546237
145,14.400288,4.459851914118265
146,14.500290000000001,4.144854691892547
147,14.600292,4.758794841960271
148,14.700294,3.985117337807473
149,14.800296,4.082267089075194
150,14.900298000000001,3.8911497687925065
151,15.000300000000001,5.098030868335338
152,15.100302,4.1674458583434895
153,15.200304000000001,3.9089700826856317
154,15.300306,4.19505194488737
155,15.400308,4.633691211067035
156,15.500309999999999,4.043193285813059
157,15.600312,4.85709022602192
158,15.700314,5.637880365342336
159,15.800316,4.369085050903231
160,15.900318,4.146440953610229
161,16.00032,6.093271944701062
162,16.100322,4.7148769642177655
163,16.200324000000002,4.1210980114415685
164,16.300326000000002,3.729971485534897
165,16.400328000000002,4.325750332743476
166,16.50033,5.352459893859022
167,16.600332,5.020637538783724
168,16.700333999999998,4.679075015768277
169,16.800335999999998,6.379720634575123
170,16.900338,6.335577792839773
171,17.00034,6.269819674167718
172,17.100342,6.130381174097098
173,17.200344,5.371164944273102
174,17.300346,6.028300022941626
175,17.400348,5.4991513159360395
176,17.50035,5.470243911214341
177,17.600351999999997,5.26540244038277
178,17.700354,6.155396488853459
179,17.800356,6.449706752886165
180,17.900358,6.1266609724575
181,18.00036,6.080009028702958
182,18.100362,5.8342159498230854
183,18.200364,5.541255056409982
184,18.300366,6.295719590465351
185,18.400368,6.6730049016617805
186,18.50037,6.302480771846894
187,18.600372,6.349295453212824
188,18.700374,6.894130165340445
189,18.800376,6.327347375185933
190,18.900378,7.0798230247208735
191,19.00038,7.273586305548372
192,19.100382,5.982320005316585
193,19.200384000000003,6.393065065717081
194,19.300386,6.28571328668
195,19.400388,5.9834592196365
196,19.50039,6.640475552079627
197,19.600392,6.2200231623331
198,19.700394,6.2586798651823425
199,19.800396,6.675250904220803
200,19.900398000000003,6.969204369337937
201,20.000400000000003,5.770447778358955
202,20.100402000000003,5.606332062399176
203,20.200404,5.795158961162768
204,20.300406,5.863779766339231
205,20.400408,6.313117584750536
206,20.50041,6.444443157950387
207,20.600412,5.96805567832798
208,20.700414000000002,6.912577920174439
209,20.800416000000002,7.170767255908849
210,20.900418000000002,6.9544864600517435
211,21.000420000000002,7.23871638618381
212,21.100422,6.465271212508945
213,21.200423999999998,7.538398876022734
214,21.300425999999998,6.6000631467734925
215,21.400428,7.294049571191594
216,21.50043,7.531180766912958
217,21.600432,6.727662130032807
218,21.700434,6.619320666582268
219,21.800436,5.253812658255059
220,21.900438,4.972163855860019
221,22.000439999999998,6.126910020182298
222,22.100441999999997,5.519982407334208
223,22.200444,5.453100422281299
224,22.300446,5.372213996691674
225,22.400448,5.278453645930358
226,22.50045,5.055780944510075
227,22.600452,6.164884840504601
228,22.700454,5.740668137140464
229,22.800456,6.261425173076789
230,22.900458,5.098879573599054
231,23.00046,5.1375261460428625
232,23.100462,4.354896836124944
233,23.200464,4.117788200797289
234,23.300466,4.674404804844064
235,23.400468,4.533040900031614
236,23.50047,4.444682832311829
237,23.600472,5.1650556224581585
238,23.700474000000003,5.480981963286636
239,23.800476,5.814090600948613
240,23.900478,5.646497410030923
241,24.00048,7.1825396902217005
242,24.100482,5.876605099419307
243,24.200484,5.697913570209258
244,24.300486,4.491468800337195
245,24.400488000000003,4.191320699865115
246,24.500490000000003,3.9878725153558263
247,24.600492000000003,3.44011439435025
248,24.700494,3.7225104047114748
249,24.800496,3.9706580328363534
250,24.900498,3.502860664141219
251,25.0005,4.134297408119317
252,25.100502,3.9792549590390274
253,25.200504000000002,4.432133838409015
254,25.300506000000002,4.781738200252179
255,25.400508000000002,4.770638844114952
256,25.500510000000002,4.868679600532971
257,25.600512,5.186827196908056
258,25.700514,5.319708588357482
259,25.800516,4.641293303059113
260,25.900518,4.331386251962584
261,26.00052,5.57350170409159
262,26.100522,4.592428598967505
263,26.200524,4.341920116660331
264,26.300526,4.6912388072576645
265,26.400528,4.384268620912659
266,26.500529999999998,4.45756370205726
267,26.600531999999998,5.1657810907412625
268,26.700534,5.570469733285951
269,26.800536,4.574895243938538
270,26.900538,5.166184775376827
271,27.00054,5.348233145814538
272,27.100542,4.355060618379907
273,27.200544,4.006469551441701
274,27.300546,4.17435411012776
275,27.400548,3.789619449567433
276,27.50055,3.735156248617887
277,27.600552,3.838601925734567
278,27.700554,5.1205564424226395
279,27.800556,4.1015113005510795
280,27.900558,3.7185879369522814
281,28.00056,4.360712349744289
282,28.100562,4.24597959876928
283,28.200564000000004,4.323549392175804
284,28.300566,4.0043771070537675
285,28.400568,4.171261049492469
286,28.50057,4.130716350258237
287,28.600572,4.065874983697765
288,28.700574,4.117712903526384
289,28.800576,3.9664367798865303
290,28.900578000000003,4.986104121476223
291,29.000580000000003,5.236825147663453
292,29.100582000000003,4.644897988805663
293,29.200584,4.3185250567661155
294,29.300586,4.1110956088988955
295,29.400588,4.5767399229195975
296,29.50059,4.629174830044063
297,29.600592,4.654752033808961
298,29.700594000000002,5.4192178890821
299,29.800596000000002,5.289418841440307
300,29.900598000000002,5.580512830681543
301,30.000600000000002,5.965924697833474
302,30.100602,5.160000953919808
303,30.200604,5.7645220322661785
304,30.300606,4.879599004259654
305,30.400608000000002,3.5694550224835266
306,30.50061,3.8912023815427346
307,30.600612,4.937991959149525
308,30.700614,5.241401196409107
309,30.800616,4.983769414410837
310,30.900618,4.893374124919314
311,31.000619999999998,5.217454305203075
312,31.100621999999998,5.581172783990414
313,31.200624,4.720316563229183
314,31.300626,4.3361078150124035
315,31.400628,4.167232426936665
316,31.50063,4.068169516146735
317,31.600632,4.296581676409383
318,31.700634,4.602616678812794
319,31.800636,5.111812379322842
320,31.900638,4.008235201099869
321,32.00064,3.7038094834093163
322,32.100642,3.684276053595112
323,32.200644,4.262397259807491
324,32.300646,4.883895129266801
325,32.400648000000004,4.819621465793064
326,32.50065,3.9784365085619346
327,32.600652000000004,4.677120623763423
328,32.700654,4.019580480338231
329,32.800656000000004,4.848472883968449
330,32.900658,5.655025267867695
331,33.00066,5.7089497446796615
332,33.10066200000001,4.393661883188505
333,33.200664,4.388373556336704
334,33.300666,4.731520132432784
335,33.400667999999996,4.683344041527002
336,33.50067,5.252114439554852
337,33.600671999999996,4.500389383744553
338,33.700674,4.2014447464119735
339,33.800676,4.333269949425203
340,33.900678,4.511267996508558
341,34.00068,4.774354876657047
342,34.100682,4.810235634929538
343,34.200684,5.224530214036006
344,34.300686,5.244951440399265
345,34.400688,4.74627209938022
346,34.500690000000006,5.31829297462937
347,34.600692,5.504277239971182
348,34.700694000000006,5.500619560724706
349,34.800696,5.380203061014571
350,34.900698000000006,5.170535326205689
351,35.0007,5.471342661470522
352,35.100702,4.391604625530512
353,35.200703999999995,4.548118356995998
354,35.300706,4.409399223324636
355,35.400708,4.636807876096444
356,35.50071,5.031742521149971
357,35.600712,4.508613459106394
358,35.700714,3.9955323458101004
359,35.800716,4.210137315836755
360,35.900718,4.731613012317179
361,36.00072,4.897974959609788
362,36.100722000000005,4.245625755219829
363,36.200724,4.122273458693929
364,36.300726000000004,4.8495581406984725
365,36.400728,6.306325992338754
366,36.500730000000004,5.210850569642649
367,36.600732,4.778183702196669
368,36.700734000000004,4.680999922487333
369,36.800736,4.9217359498104
370,36.900738,4.896031424430346
371,37.00074,4.8205843323801245
372,37.100742,4.810966501943019
373,37.200744,5.1029361681872745
374,37.300746,5.908090980123871
375,37.400748,6.348837182946131
376,37.50075,5.496269830120226
377,37.600752,5.746222444836025
378,37.700754,5.4198631146584315
379,37.800756,5.373297155760469
380,37.900758,5.070584240678911
381,38.00076,4.630082929962245
382,38.100762,4.150892550039399
383,38.200764,5.040567103586307
384,38.300766,4.70855223116731
385,38.40076800000001,4.993971065067674
386,38.50077,4.611670209348984
387,38.600772,4.965468413695855
388,38.700773999999996,4.435164989183986
389,38.800776,4.318474302214747
390,38.900777999999995,4.923715430716527
391,39.00078,4.712277284106091
392,39.100782,4.112631083202611
393,39.200784,3.8183962988660367
394,39.300786,3.888610668082212
395,39.400788,4.386150094035732
396,39.50079,4.933170455148436
397,39.600792,4.558749627403145
398,39.700794,4.584655598091719
399,39.800796000000005,4.251097030822272
400,39.900798,4.553890871557994
401,40.000800000000005,4.238986206419494
402,40.100802,4.770206800577662
403,40.200804000000005,4.822496003605453
404,40.300806,4.8956126109776825
405,40.400808,5.247931445655463
406,40.500809999999994,4.39052448507543
407,40.600812,6.01048624855507
408,40.700814,5.491215861895745
409,40.800816,5.516017676320721
410,40.900818,4.539669765798972
411,41.00082,6.102515184359417
412,41.100822,5.442140514625094
413,41.200824,5.32263937028569
414,41.300826,4.630737446211597
415,41.400828000000004,4.324616150192112
416,41.50083,5.71772237078707
417,41.600832000000004,5.44757012053639
418,41.700834,5.129293426518329
419,41.800836000000004,5.77385312327548
420,41.900838,6.502612204717838
421,42.000840000000004,6.276678465513116
422,42.10084200000001,4.901777531769867
423,42.200844,4.753008240795273
424,42.300846,5.131155256413179
425,42.400847999999996,5.491667834000264
426,42.50085,6.202720881448405
427,42.600851999999996,6.281732309977176
428,42.700854,5.960348873322924
429,42.800856,6.800864609955993
430,42.900858,5.821107213168891
431,43.00086,5.9876497234867445
432,43.100862,5.576569784275418
433,43.200864,5.7001008883904625
434,43.300866,5.207795003203444
435,43.400868,5.705666905198581
436,43.500870000000006,5.170713627586441
437,43.600872,5.184874404860554
438,43.700874000000006,5.931917649026941
439,43.800876,6.4895625566177335
440,43.900878000000006,6.4390728984242624
441,44.000879999999995,6.268911055157344
442,44.100882,6.490284915363466
443,44.200883999999995,6.9268271429862
444,44.300886,6.894147599800678
445,44.400888,7.164785116039243
446,44.50089,6.468988435204009
447,44.600892,7.2743626826278724
448,44.700894,6.692136178883998
449,44.800896,7.207725768433188
450,44.900898,7.354563849972191
451,45.0009,7.652168924744232
452,45.100902000000005,7.108447976669614
453,45.200904,7.883389692571693
454,45.300906000000005,7.72801571352095
455,45.400908,7.694126605995968
456,45.500910000000005,7.455022886368594
457,45.600912,6.9760767382505415
458,45.700914000000004,7.734551812501841
459,45.800916,7.567468002702538
460,45.900918,8.168896804056775
461,46.00092,7.693057167106132
462,46.100922,7.752554054035733
463,46.200924,7.419565369654508
464,46.300926,7.724605524531203
465,46.400928,7.670731265618523
466,46.50093,7.193428703673454
467,46.600932,7.758904104503456
468,46.700934000000004,7.211872259643319
469,46.800936,6.857561699171156
470,46.900938000000004,6.879676866475547
471,47.00094,6.858296459501635
472,47.100942,6.982863415389389
473,47.200944,6.559619705087124
474,47.300946,6.204745798348962
475,47.40094800000001,5.814158810808832
476,47.50095,6.482160549903195
477,47.600952,6.999973467166145
478,47.700953999999996,7.344155195969412
479,47.800956,6.410997232297063
480,47.900957999999996,6.793241857184988
481,48.00096,6.224142305247571
482,48.100962,5.589775045388463
483,48.200964,6.373389792343651
484,48.300966,7.082859418587254
485,48.400968,6.952936644125692
486,48.50097,6.738122123622009
487,48.600972,6.412068669873033
488,48.700974,5.375869074816999
489,48.800976000000006,6.223857862979837
490,48.900978,5.84351391218762
491,49.000980000000006,6.371632162730111
492,49.100982,5.957229482660077
493,49.200984000000005,6.053606583670606
494,49.300986,6.424608247975786
495,49.400988,6.485025951540421
496,49.500989999999994,6.822012393570411
497,49.600992,6.554904597839359
498,49.700994,6.261903845282004
499,49.800996,6.431963770442994
500,49.900998,5.7489832082911505
501,50.001,6.662075927795293
502,50.101002,5.570781247659519
503,50.201004,5.546460938457342
504,50.301006,5.170153046864967
505,50.401008000000004,4.900418605626422
506,50.50101,5.0510893149614455
507,50.601012000000004,5.26505838082964
508,50.701014,5.862370607034918
509,50.801016000000004,5.405231632650857
510,50.901018,6.143293571671094
511,51.001020000000004,5.575555794316637
512,51.10102200000001,5.0241880422089675
513,51.201024,4.82756112273068
514,51.301026,5.203925675425941
515,51.401028,4.8067407070910555
516,51.50103,4.573964784683162
517,51.601032,5.589741295915928
518,51.701034,4.825908500457031
519,51.801036,4.814096900615194
520,51.901038,4.8061019035615935
521,52.00104,4.745544060713337
522,52.101042,4.5803699343194175
523,52.201044,4.695310293962442
524,52.301046,5.34603967633295
525,52.401048,5.398486294829989
526,52.501050000000006,5.02567440024565
527,52.601052,5.20371185983897
528,52.701054000000006,5.8069984009625655
529,52.801056,5.359432380047424
530,52.901058000000006,6.454701573912895
531,53.001059999999995,7.210621235760839
532,53.101062,6.298206951712436
533,53.201063999999995,6.666731772031615
534,53.301066,6.600304701480619
535,53.401068,6.454531845596911
536,53.50107,6.27350746475029
537,53.601072,6.384667671076439
538,53.701074,6.435478167021987
539,53.801076,5.755726624367528
540,53.901078,5.325863004741653
541,54.00108,5.5849913655254175
542,54.101082000000005,5.79741262468287
543,54.201084,5.5612246737945545
544,54.301086000000005,5.103074867336224
545,54.401088,4.699691231760954
546,54.501090000000005,5.140811053628979
547,54.601092,5.629346973782784
548,54.701094000000005,6.097458795105531
549,54.801096,4.8899574637582734
550,54.901098,5.023450701101953
551,55.0011,4.655523176569556
552,55.101102,4.37909917492932
553,55.201104,4.289738920867071
554,55.301106,4.448958492315992
555,55.401108,4.928653613508967
556,55.50111,4.751815663918198
557,55.601112,4.245313416301599
558,55.701114000000004,4.262826056561209
559,55.801116,4.718127269391855
560,55.901118000000004,4.649807899714761
561,56.00112,4.277476220399662
562,56.101122000000004,4.7298460585142985
563,56.201124,4.814609044302177
564,56.301126000000004,4.87557110565402
565,56.40112800000001,4.787995069820339
566,56.50113,4.261655293892822
567,56.601132,4.513472644810743
568,56.701133999999996,4.6842192914988345
569,56.801136,4.142495130884293
570,56.901137999999996,3.8380514441933404
571,57.00114,4.289733565257681
572,57.101142,3.6811990934393246
573,57.201144,4.351634355035537
574,57.301146,4.182146904326026
575,57.401148,4.279746745382228
576,57.50115,4.425930917295813
577,57.601152,4.911846662181415
578,57.701154,4.254097310565355
579,57.801156000000006,4.201959672888412
580,57.901158,4.422679993464429
581,58.001160000000006,4.786927402757842
582,58.101162,4.37098396858784
583,58.201164000000006,5.288934504449656
584,58.301166,4.688593026705364
585,58.401168,5.499245898504893
586,58.501169999999995,5.653122370931203
587,58.601172,5.785337668221621
588,58.701174,4.534062835052586
589,58.801176,5.359674188482595
590,58.901178,4.423871205327582
591,59.00118,4.943597869647147
592,59.101182,4.952388330526405
593,59.201184,5.835975802556108
594,59.301186,5.775236367203362
595,59.401188000000005,5.825365556398102
596,59.50119,5.943720484942153
597,59.601192000000005,5.700493681445399
598,59.701194,5.78983183246842
599,59.801196000000004,5.269778489091049
600,59.901198,5.604891188076489
601,60.001200000000004,5.461015420073208
602,60.10120200000001,5.50753976798651
603,60.201204,6.026118569916112
604,60.301206,5.414233832436226
605,60.401208,4.964660471417467
606,60.50121,4.895450882110538
607,60.601212,4.380936421728194
608,60.701214,4.07525154676921
609,60.801216000000004,4.8505128372593065
610,60.901218,4.267909930946615
611,61.00122,4.659538718361533
612,61.101222,4.2845588299708615
613,61.201224,4.709064373172461
614,61.301226,5.67082990485014
615,61.401228,5.250390431404062
616,61.50123000000001,4.796865676863845
617,61.601232,4.833616031088698
618,61.70123400000001,4.791628448916221
619,61.801236,5.334057638718069
620,61.901238000000006,4.655158113627657
621,62.001239999999996,3.9375091488745535
622,62.101242,4.207098418317666
623,62.201243999999996,3.6477526625958907
624,62.301246,3.7033571909144416
625,62.401248,4.376840891282938
626,62.50125,3.8748072128236015
627,62.601252,4.049325973023422
628,62.701254,4.491446020177409
629,62.801256,4.424418869368106
630,62.901258,4.737583494065505
631,63.00126,4.6537504559051435
632,63.101262000000006,4.883519975383857
633,63.201264,4.291576751209038
634,63.301266000000005,4.211382959998606
635,63.401268,4.149191300896298
636,63.501270000000005,4.486520829579677
637,63.601272,5.254129210515272
638,63.701274000000005,4.8486176795828255
639,63.801276,4.049460240941
640,63.901278,3.8142089302782463
641,64.00128,4.424220050177208
642,64.101282,4.145191678538359
643,64.201284,4.664184530441477
644,64.301286,4.405353968062638
645,64.401288,5.022568536891897
646,64.50129,4.981747760865199
647,64.601292,4.640227545710028
648,64.701294,4.368222800749944
649,64.80129600000001,4.817828185255999
650,64.901298,4.544854443076564
651,65.0013,4.05293089458065
652,65.101302,4.080964927278458
653,65.20130400000001,4.326046302503567
654,65.30130600000001,3.6179223825742417
655,65.401308,4.061526387233225
656,65.50131,4.295646812230111
657,65.60131200000001,4.740551520008837
658,65.701314,5.129953671427437
659,65.801316,4.753335166618853
660,65.901318,4.254454875687232
661,66.00132,4.979523118460174
662,66.101322,3.952555599862236
663,66.20132400000001,4.332934339618018
664,66.301326,4.5581371403698
665,66.401328,4.880179456529281
666,66.50133,5.237900194442911
667,66.601332,5.566258888047641
668,66.701334,5.699375411675109
669,66.80133599999999,5.199947776351845
670,66.90133800000001,5.957646014483748
671,67.00134,5.234739548599123
672,67.101342,5.451767112686709
673,67.20134399999999,5.459698783135017
674,67.30134600000001,5.747055774435768
675,67.401348,5.4660367782328105
676,67.50135,5.665447056464186
677,67.601352,5.766135697509737
678,67.70135400000001,7.073813208796607
679,67.801356,6.560887355952626
680,67.901358,7.2035863473711945
681,68.00136,6.334654349503439
682,68.10136200000001,6.5032266164386625
683,68.201364,6.228278462714751
684,68.301366,6.760460892670441
685,68.401368,5.515442905794396
686,68.50137,5.549969445737233
687,68.601372,5.48029675325044
688,68.701374,5.412893518189484
689,68.801376,6.432937632275588
690,68.901378,5.789939766569234
691,69.00138000000001,5.686697132353551
692,69.101382,6.095443879695757
693,69.201384,5.4068707168810795
694,69.301386,5.150159185085327
695,69.40138800000001,4.285712793392964
696,69.50139,4.050864905467713
697,69.601392,4.855460386435207
698,69.701394,4.3478682634543
699,69.80139600000001,4.642462789397878
700,69.901398,4.878244724130168
701,70.0014,4.657802871844871
702,70.10140200000001,5.497375777788003
703,70.201404,5.418618167189192
704,70.301406,4.638230421028124
705,70.40140799999999,5.48594459829675
706,70.50141,4.637368430804328
707,70.601412,5.023438133981289
708,70.701414,5.4291496521767915
709,70.801416,5.795395843442861
710,70.901418,5.538095420584132
711,71.00142,5.343191003353065
712,71.101422,5.241071427096438
713,71.201424,5.736988529893732
714,71.301426,5.881388678868393
715,71.401428,4.917135602236549
716,71.50143000000001,5.462422296018701
717,71.601432,5.794934777396085
718,71.701434,4.969720729458678
719,71.801436,4.879045180041197
720,71.901438,5.318873376691971
721,72.00144,4.941625872810375
722,72.10144199999999,5.057089308162555
723,72.20144400000001,5.087594975211513
724,72.301446,4.3702014445539215
725,72.401448,4.043587232375294
726,72.50144999999999,5.116022133361261
727,72.60145200000001,4.249515165345842
728,72.701454,5.438037346534702
729,72.801456,4.651807267015577
730,72.901458,5.793083338307561
731,73.00146000000001,5.1619595798125815
732,73.101462,4.575859341290894
733,73.201464,5.736698972416027
734,73.301466,5.7801759621782205
735,73.40146800000001,5.346553709030933
736,73.50147,4.811965271141004
737,73.601472,4.822859546453735
738,73.701474,4.9327417693904545
739,73.801476,4.850237358388991
740,73.901478,5.181378311918804
741,74.00148,5.782468699497999
742,74.101482,5.035393564657565
743,74.201484,4.922962493641961
744,74.30148600000001,5.258011280391179
745,74.401488,5.755949398790585
746,74.50149,5.184190723488341
747,74.601492,4.73202841976151
748,74.70149400000001,5.48920825050556
749,74.801496,4.273501178333896
750,74.901498,4.596829518829706
751,75.0015,5.086195514584833
752,75.10150200000001,5.022677982366042
753,75.201504,5.434096808882801
754,75.301506,4.851938364172988
755,75.401508,4.310104825769596
756,75.50151,5.287826627375341
757,75.601512,5.371811446897468
758,75.70151399999999,5.102144391857786
759,75.801516,5.677293473341081
760,75.901518,5.472477048697869
761,76.00152,5.246915709025843
762,76.101522,5.6967519967629485
763,76.201524,4.843655370934916
764,76.301526,5.180802414261995
765,76.401528,4.982619804864863
766,76.50153,4.910594147290696
767,76.601532,5.507921843420963
768,76.701534,5.0418164972363435
769,76.80153600000001,6.091266049032587
770,76.901538,5.415636992597528
771,77.00154,4.982816145107463
772,77.101542,5.203989447827402
773,77.201544,4.974466312763003
774,77.301546,4.573423537291138
775,77.40154799999999,5.496835450603883
776,77.50155000000001,5.907281000795023
777,77.601552,6.617144282521722
778,77.701554,5.188448437145372
779,77.80155599999999,5.604092774224275
780,77.90155800000001,5.472061913493499
781,78.00156,5.837855666353052
782,78.101562,5.246820090145627
783,78.201564,6.357290975116808
784,78.30156600000001,6.003648088794325
785,78.401568,6.081549973180815
786,78.50157,5.6908488541738995
787,78.601572,5.6535792723204565
788,78.70157400000001,5.386732574444848
789,78.801576,5.657821710564124
790,78.90157800000001,5.220602576907739
791,79.00158,5.919000065573192
792,79.101582,4.807745551849677
793,79.201584,5.429180253731686
794,79.301586,5.5140580940512764
795,79.401588,5.488533642221959
796,79.50159,6.384317908474642
797,79.60159200000001,5.472685522299604
798,79.701594,5.665609263308794
799,79.801596,5.7058716906896585
800,79.90159799999999,6.0531304889341255
801,80.00160000000001,5.874064345728569
802,80.101602,5.904074826903121
803,80.201604,5.276186428715787
804,80.301606,5.179916679292065
805,80.40160800000001,4.93398491967025
806,80.50161,5.41652266645192
807,80.601612,6.059860683895969
808,80.701614,6.226804015534924
809,80.801616,5.77807995106512
810,80.901618,5.387470671988653
811,81.00161999999999,5.6540153408141895
812,81.101622,6.494406142370036
813,81.201624,7.030911302529444
814,81.301626,6.846185590468133
815,81.401628,6.4863473470339335
816,81.50163,6.422373236489109
817,81.601632,6.743393186654375
818,81.701634,5.822927529556229
819,81.801636,6.318530163120467
820,81.901638,7.610986416327141
821,82.00164,6.970455517220263
822,82.10164200000001,6.573561082120717
823,82.201644,6.465304128660775
824,82.301646,7.08653981998309
825,82.401648,7.336439663481041
826,82.50165000000001,7.270367720690406
827,82.601652,6.405885255811356
828,82.70165399999999,7.547294510892948
829,82.80165600000001,7.375564633419298
830,82.901658,6.507079170248271
831,83.00166,6.853644339765582
832,83.10166199999999,6.665303856596307
833,83.20166400000001,6.970565339714588
834,83.301666,6.512936929079161
835,83.401668,5.495052309168386
836,83.50167,5.2420963071176825
837,83.60167200000001,5.493759097995956
838,83.701674,5.5828382770351705
839,83.801676,5.5407385386876635
840,83.901678,5.572284996678977
841,84.00168000000001,5.498140335933159
842,84.101682,6.012112563634444
843,84.20168400000001,5.812063235213824
844,84.301686,5.334778897445123
845,84.401688,5.147914887755519
846,84.50169,6.060038057699215
847,84.601692,6.00260301818507
848,84.701694,5.764114564635339
849,84.80169599999999,6.734543054036067
850,84.90169800000001,6.661520722375101
851,85.0017,5.751650525157634
852,85.101702,5.176617353908523
853,85.20170399999999,5.3517480448193515
854,85.30170600000001,5.016181594008706
855,85.401708,5.27559225430734
856,85.50171,7.3150543071567045
857,85.601712,5.5397766905328
858,85.70171400000001,5.876719386002295
859,85.801716,5.305904415321614
860,85.901718,5.931163357213731
861,86.00172,6.010588268396378
862,86.10172200000001,6.1483352943414635
863,86.201724,6.2434942779659215
864,86.301726,5.423883533696815
865,86.401728,6.597478294243929
866,86.50173,5.724703776629031
867,86.601732,5.653933157889991
868,86.701734,6.015653062287216
869,86.801736,5.956628177146231
870,86.901738,5.139738577798673
871,87.00174000000001,5.929730604497125
872,87.101742,6.270503788458595
873,87.201744,6.021087296674873
874,87.301746,7.300490628626732
875,87.40174800000001,6.600426554537121
876,87.50175,6.567134689855605
877,87.601752,5.486668100924862
878,87.701754,7.065379739790536
879,87.80175600000001,5.9941003531727315
880,87.901758,5.59603731409837
881,88.00175999999999,5.7490290505711235
882,88.10176200000001,5.940789321205852
883,88.201764,6.378905209209378
884,88.301766,5.787402333400404
885,88.40176799999999,6.190002937818022
886,88.50177000000001,6.059990706341926
887,88.601772,5.911043662463205
888,88.701774,6.5186571167062075
889,88.801776,6.5200452022686886
890,88.90177800000001,5.408291484822909
891,89.00178,5.317941116579105
892,89.101782,5.47950931169977
893,89.201784,4.629336347990412
894,89.301786,4.824473911368515
895,89.401788,4.765767100020083
896,89.50179000000001,5.346870646822742
897,89.601792,5.75230344256763
898,89.701794,5.909990379475503
899,89.801796,6.763507242780753
900,89.901798,6.362525309225142
901,90.0018,6.377553044423063
902,90.10180199999999,5.722581305153045
903,90.20180400000001,5.515833627322538
904,90.301806,6.543535355594865
905,90.401808,6.545856356556854
906,90.50180999999999,6.405193533886089
907,90.60181200000001,7.0411628253960075
908,90.701814,6.859875979345799
909,90.801816,5.990405025874077
910,90.901818,5.458178641611644
911,91.00182000000001,4.626364692289212
912,91.101822,4.285968759308912
913,91.201824,5.427433546235415
914,91.301826,4.927926626181377
915,91.40182800000001,5.176650346850306
916,91.50183,5.111984091553636
917,91.601832,5.828599240696913
918,91.701834,5.2873642741634255
919,91.801836,4.949945365104624
920,91.901838,4.671651922642108
921,92.00184,6.794465954080734
922,92.101842,5.616661267988784
923,92.201844,4.394838968559838
924,92.30184600000001,4.917543211833543
925,92.401848,5.129645443810843
926,92.50185,5.048443185080092
927,92.601852,5.155513176469703
928,92.70185400000001,5.565355778319793
929,92.801856,5.503157797609135
930,92.901858,5.82493963417988
931,93.00186,5.6156860324882105
932,93.10186200000001,5.829962627089539
933,93.201864,5.277756014066008
934,93.301866,5.580526214684766
935,93.40186800000001,5.499299399868239
936,93.50187,4.833602896513396
937,93.601872,4.63759852883641
938,93.70187399999999,4.319173555064646
939,93.80187600000001,4.159203026701379
940,93.901878,4.683746951865248
941,94.00188,4.708004916721737
942,94.101882,5.789259671134475
943,94.201884,6.555962914392714
944,94.301886,5.578902898285882
945,94.401888,5.842842074731369
946,94.50189,5.867865340775388
947,94.601892,4.902607547649682
948,94.701894,5.307143166611962
949,94.80189600000001,5.895289578062792
950,94.901898,5.692541783289733
951,95.0019,5.427336230437121
952,95.101902,6.640404635481972
953,95.201904,7.844491690570505
954,95.301906,7.885983487002413
955,95.40190799999999,6.779029407840705
956,95.50191000000001,7.040817072430306
957,95.601912,6.207196045565841
958,95.701914,5.983109214522547
959,95.80191599999999,5.8229919388559335
960,95.90191800000001,6.512773407412751
961,96.00192,5.616824094813541
962,96.101922,6.257459381630481
963,96.201924,5.521654073998102
964,96.30192600000001,6.08944921937101
965,96.401928,5.636991414393279
966,96.50193,6.349864484615278
967,96.601932,6.565946382832414
968,96.70193400000001,7.40067773190626
969,96.801936,5.696916642079289
970,96.90193800000002,4.859633140728019
971,97.00194,5.149201988859199
972,97.101942,6.489203906329344
973,97.201944,6.215755668310868
974,97.301946,6.030046140041178
975,97.401948,5.483767124302065
976,97.50195,4.833938529839992
977,97.60195200000001,5.383626530111886
978,97.701954,5.827629322268086
979,97.801956,6.110185117881025
980,97.901958,4.917546096802577
981,98.00196000000001,6.066412345593348
982,98.101962,6.180312998995988
983,98.201964,6.126010792275362
984,98.30196600000001,5.548240521498856
985,98.40196800000001,5.728048727692801
986,98.50197,5.995756419049589
987,98.601972,7.1552113809653894
988,98.701974,6.372348063924736
989,98.801976,5.648380261628382
990,98.901978,6.522721494058666
991,99.00197999999999,5.206350849244401
992,99.101982,6.083235074705107
993,99.201984,6.37300151988231
994,99.301986,6.3136655810373155
995,99.401988,7.196176278041105
996,99.50199,6.43123435771175
997,99.601992,5.868086203044396
998,99.701994,5.900846682706397
999,99.801996,5.555283524699809
1000,99.901998,4.895324980837823
1001,100.002,6.184450776868969
1002,100.10200200000001,6.508122467658902
1003,100.202004,6.530420927155455
1004,100.302006,6.63778241017748
1005,100.402008,6.929823387497853
1006,100.50201000000001,5.396627379266604
1007,100.602012,6.106044802896523
1008,100.70201399999999,5.535709205990875
1009,100.80201600000001,6.1277191681506
1010,100.902018,6.216877662581388
1011,101.00202,6.10242375634931
1012,101.10202199999999,5.878407531418959
1013,101.20202400000001,6.425683621063409
1014,101.302026,6.232067119473933
1015,101.402028,6.271762500814733
1016,101.50203,6.968861138037546
1017,101.60203200000001,6.7459998230062945
1018,101.702034,6.465672558046511
1019,101.802036,6.087069911969815
1020,101.902038,5.599895978089062
1021,102.00204000000001,5.670761518618161
1022,102.102042,6.343057800857117
1023,102.20204400000001,5.864424222049437
1024,102.302046,5.282518438092934
1025,102.402048,4.645177576357863
1026,102.50205,4.057106482920922
1027,102.602052,5.693477505052249
1028,102.702054,5.713502278640448
1029,102.802056,5.300916322105841
1030,102.90205800000001,5.242813352523643
1031,103.00206,5.433316886539986
1032,103.102062,5.131302923834113
1033,103.202064,5.708555074138881
1034,103.30206600000001,6.322774299514725
1035,103.402068,6.310165959702802
1036,103.50207,5.520634598487184
1037,103.602072,5.947161049002215
1038,103.70207400000001,6.794727336376271
1039,103.802076,5.69858175175603
1040,103.902078,6.586108906425198
1041,104.00208,5.832954367412087
1042,104.10208200000001,5.566865454478475
1043,104.202084,6.127040293331354
1044,104.302086,7.0347275812399905
1045,104.402088,6.652218416037141
1046,104.50209,6.758573361358581
1047,104.602092,7.140862723198194
1048,104.702094,7.157893359079147
1049,104.802096,7.102189879065001
1050,104.902098,6.2194602764790945
1051,105.00210000000001,6.812966521521778
1052,105.102102,7.3699734243348685
1053,105.202104,7.1832599502969074
1054,105.302106,6.810270001483784
1055,105.40210800000001,7.164113271622674
1056,105.50211,6.899666498846866
1057,105.602112,7.029663685037526
1058,105.702114,7.742101491076545
1059,105.80211600000001,8.965215839108676
1060,105.902118,8.73567084651165
1061,106.00211999999999,7.781928517038144
1062,106.10212200000001,6.719470884868078
1063,106.202124,7.206899666560843
1064,106.302126,8.250470949486738
1065,106.40212799999999,8.499133105575671
1066,106.50213000000001,8.182914206218536
1067,106.602132,7.584693094914692
1068,106.702134,7.4772535997210285
1069,106.802136,6.944238875011837
1070,106.90213800000001,7.170191001989199
1071,107.00214,7.5287405679217345
1072,107.102142,7.939786974964033
1073,107.202144,7.065677963333948
1074,107.30214600000001,6.478388493096636
1075,107.402148,6.238368054204785
1076,107.50215000000001,6.218619920688701
1077,107.602152,7.003312112501122
1078,107.702154,7.253601705813308
1079,107.802156,6.684635560122301
1080,107.902158,7.337292876046957
1081,108.00216,7.175965271637048
1082,108.10216199999999,7.266316584683182
1083,108.20216400000001,7.2631886734222455
1084,108.302166,7.211726433599922
1085,108.402168,6.677860660723628
1086,108.50216999999999,5.423707428042487
1087,108.60217200000001,6.783769197381316
1088,108.702174,7.511267008398357
1089,108.802176,7.325709605179751
1090,108.902178,7.397977479255628
1091,109.00218000000001,6.50420050509791
1092,109.102182,6.571241460965276
1093,109.202184,6.490369839014787
1094,109.302186,6.708162952032188
1095,109.40218800000001,6.273283590149025
1096,109.50219,5.839021965806294
1097,109.602192,6.030948092117497
1098,109.702194,6.4687187063096365
1099,109.802196,6.146464607643129
1100,109.902198,6.236458065390559
1101,110.0022,6.3789529884310525
1102,110.102202,6.134743682958688
1103,110.202204,5.882250832806106
1104,110.30220600000001,7.3645652394925385
1105,110.402208,6.140151667027099
1106,110.50221,7.143114815770457
1107,110.602212,5.8798516244546475
1108,110.70221400000001,5.895007381989066
1109,110.802216,5.151418160466704
1110,110.902218,6.402545494138789
1111,111.00222,6.085281094474238
1112,111.10222200000001,6.596549124584688
1113,111.202224,7.077797529271077
1114,111.30222599999999,7.3468299791739975
1115,111.40222800000001,7.566470660960881
1116,111.50223,7.316946129365002
1117,111.602232,6.655545821138606
1118,111.70223399999999,6.862818121867296
1119,111.80223600000001,6.701351870203027
1120,111.902238,6.345835807633475
1121,112.00224,5.802267988989292
1122,112.102242,5.210997358661838
1123,112.20224400000001,6.179063874343983
1124,112.302246,5.686741929434381
1125,112.402248,6.839384284271691
1126,112.50225,6.156697135665537
1127,112.60225200000001,5.967920909438794
1128,112.702254,6.112339185838838
1129,112.80225600000001,7.275371123853565
1130,112.902258,7.248653123144808
1131,113.00226,7.541514246609521
1132,113.102262,6.725812426171355
1133,113.202264,6.330354973874855
1134,113.302266,5.844984853785065
1135,113.40226799999999,5.647883586263425
1136,113.50227000000001,6.85006045694109
1137,113.602272,6.657444058010624
1138,113.702274,7.450428975613779
1139,113.80227599999999,6.495938449943895
1140,113.90227800000001,6.879450416420527
1141,114.00228,6.742058921682713
1142,114.102282,5.9016402201516724
1143,114.202284,5.967948139841045
1144,114.30228600000001,6.045157530051686
1145,114.402288,6.436170737829817
1146,114.50229,5.584698929561076
1147,114.602292,6.535424287842748
1148,114.70229400000001,7.003502887298927
1149,114.802296,6.289005543124322
1150,114.902298,6.316700328952285
1151,115.0023,6.077105719508009
1152,115.102302,6.478383860345743
1153,115.202304,6.422136376025391
1154,115.302306,6.766079600232287
1155,115.402308,6.408191899970152
1156,115.50231,6.919322617957225
1157,115.60231200000001,6.9679595575048765
1158,115.702314,6.460731654835786
1159,115.802316,5.6096386986962985
1160,115.902318,6.4263019263737275
1161,116.00232000000001,6.72490600826059
1162,116.102322,5.8518850475260615
1163,116.202324,5.335003175940994
1164,116.30232600000001,5.073211702627634
1165,116.40232800000001,5.326590408129419
1166,116.50233,5.852254640384052
1167,116.602332,5.681232907843403
1168,116.70233400000001,5.931168541197065
1169,116.802336,4.863418883682801
1170,116.902338,6.085224860246496
1171,117.00233999999999,5.641419200058458
1172,117.10234200000001,5.430165275367905
1173,117.202344,5.61793162563893
1174,117.302346,5.331234536806711
1175,117.402348,5.725338127509395
1176,117.50235,6.1861433517263125
1177,117.602352,5.526749759404186
1178,117.702354,5.005466238893687
1179,117.802356,4.7370111784804845
1180,117.902358,5.465590669093754
1181,118.00236,5.33284530243904
1182,118.10236200000001,6.044029246517379
1183,118.202364,6.46389516260218
1184,118.302366,6.288683262595584
1185,118.402368,7.37089558138642
1186,118.50237,6.011246050293351
1187,118.602372,5.953400727854066
1188,118.70237399999999,5.905140168555174
1189,118.80237600000001,6.340513192411792
1190,118.902378,5.493254001487924
1191,119.00238,7.086493907921805
1192,119.10238199999999,7.124866988919876
1193,119.20238400000001,6.0693871029576325
1194,119.302386,6.761940398578247
1195,119.402388,4.971362147731271
1196,119.50239,5.23395556762227
1197,119.60239200000001,5.845857933291279
1198,119.702394,6.443197548170926
1199,119.802396,5.642872035930094
1200,119.902398,5.962335213724409
1201,120.00240000000001,6.007944243790799
1202,120.102402,5.414951408234073
1203,120.20240400000002,5.677402804640946
1204,120.302406,5.931448750831551
1205,120.402408,6.426337561548366
1206,120.50241,6.142212750049298
1207,120.602412,6.65705154096898
1208,120.702414,5.758980601188811
1209,120.802416,5.606716209421162
1210,120.90241800000001,4.873339367113541
1211,121.00242,4.793472215280541
1212,121.102422,5.443845306246888
1213,121.202424,5.525013457684473
1214,121.30242600000001,6.0031473691052195
1215,121.402428,4.842407716321538
1216,121.50243,5.90289513249669
1217,121.60243200000001,6.305391929650519
1218,121.70243400000001,5.295938292699973
1219,121.802436,5.589802494747612
1220,121.902438,5.567824296116048
1221,122.00244,4.823335761195245
1222,122.102442,5.627254407779989
1223,122.202444,5.172261632580545
1224,122.302446,6.307605667441561
1225,122.402448,5.881856842907385
1226,122.50245,5.748174677141741
1227,122.602452,6.275926359142086
1228,122.702454,7.061619938246677
1229,122.802456,6.8190120913309
1230,122.902458,6.655696714233362
1231,123.00246000000001,6.0637750060755735
1232,123.102462,5.6459736097558695
1233,123.202464,6.393419829978341
1234,123.302466,4.974828854646591
1235,123.40246800000001,5.168257720354024
1236,123.50247,5.556203645027826
1237,123.602472,5.916898206619526
1238,123.702474,5.656063127992899
1239,123.80247600000001,6.061130271400972
1240,123.902478,6.975081937274039
1241,124.00247999999999,6.468253782079447
1242,124.10248200000001,7.011578610045572
1243,124.202484,6.170346107860543
1244,124.302486,6.567228297746949
1245,124.40248799999999,6.266935122182219
1246,124.50249000000001,5.782408001509956
1247,124.602492,7.296903256466992
1248,124.702494,6.767296231332946
1249,124.802496,6.626607260014433
1250,124.90249800000001,5.734294775459352
1251,125.0025,6.160144048203856
1252,125.102502,6.200042671689251
1253,125.202504,5.384596251356934
1254,125.30250600000001,5.992549385671348
1255,125.402508,5.395558529745259
1256,125.50251000000002,5.959322409874979
1257,125.602512,6.49579511306778
1258,125.702514,6.438083823551453
1259,125.802516,6.412502454185745
1260,125.902518,7.429540575538524
1261,126.00252,7.697625804270728
1262,126.102522,7.626611000391878
1263,126.20252400000001,6.6806116634466575
1264,126.302526,7.306423762914709
1265,126.402528,7.019713250142983
1266,126.50253,6.094643279806991
1267,126.60253200000001,6.950578345604509
1268,126.702534,7.56957650536134
1269,126.802536,7.609239138116167
1270,126.902538,7.097781333109256
1271,127.00254000000001,6.561903647006757
1272,127.102542,7.035625228007664
1273,127.202544,6.674021798682768
1274,127.302546,6.799563803716422
1275,127.40254800000001,7.313545466540249
1276,127.50255,7.396518827634043
1277,127.602552,7.601461982850401
1278,127.702554,6.801226121200122
1279,127.802556,6.610703094858422
1280,127.902558,6.630299620825371
1281,128.00256,7.210024066953212
1282,128.102562,6.853725395585263
1283,128.202564,6.392929734073272
1284,128.302566,6.761094512436598
1285,128.402568,6.500383763166393
1286,128.50257000000002,6.660844206082809
1287,128.602572,7.0324893766350325
1288,128.702574,7.006109293452429
1289,128.802576,6.461520551940407
1290,128.902578,5.94334428799322
1291,129.00258,5.82185644464462
1292,129.102582,6.483450228414154
1293,129.202584,5.8620244337777025
1294,129.302586,5.111614209100926
1295,129.402588,5.8056684128035405
1296,129.50259,5.752212546853787
1297,129.60259200000002,6.165085437491768
1298,129.702594,5.754214511514479
1299,129.802596,5.999607241865515
1300,129.902598,5.549670151704255
1301,130.0026,5.189547052003955
1302,130.102602,4.900082039494201
1303,130.202604,5.790150849005877
1304,130.302606,6.03779741992668
1305,130.40260800000001,6.407399114161603
1306,130.50261,5.982404581131806
1307,130.60261200000002,5.175673443108548
1308,130.702614,6.224726943904577
1309,130.802616,5.467330541274634
1310,130.902618,5.886468943946576
1311,131.00262,5.227861094843081
1312,131.102622,5.9432346546717
1313,131.20262400000001,5.300828673254428
1314,131.30262599999998,6.168529226980665
1315,131.402628,7.200558510339143
1316,131.50263,6.937634200820593
1317,131.602632,6.596547255970323
1318,131.702634,6.029850566092816
1319,131.802636,5.797343284139958
1320,131.902638,6.058966452521281
1321,132.00264,6.184083397913291
1322,132.102642,6.723259841058926
1323,132.202644,6.33723259932927
1324,132.302646,6.209418831386671
1325,132.40264800000003,6.055088110012222
1326,132.50265,5.8472772643615425
1327,132.602652,6.350804151983799
1328,132.702654,6.2759216983845745
1329,132.802656,6.234828813730962
1330,132.902658,6.3991860224630335
1331,133.00266,5.932610480992221
1332,133.102662,5.453646668137423
1333,133.202664,5.551901612338643
1334,133.302666,6.6333803557611075
1335,133.402668,5.659805461253948
1336,133.50267000000002,5.647699362768873
1337,133.60267199999998,5.451049814484027
1338,133.702674,7.131204629365063
1339,133.80267600000002,6.020329993118918
1340,133.902678,5.517081526192944
1341,134.00268,5.68747537413274
1342,134.102682,5.782473133321701
1343,134.202684,5.146600204432736
1344,134.30268600000002,5.496976429891971
1345,134.40268799999998,5.546169301695088
1346,134.50269,5.722949112823569
1347,134.60269200000002,5.5020997688782085
1348,134.70269399999998,5.349044519252931
1349,134.802696,5.873895526967286
1350,134.90269800000002,6.2250681589491705
1351,135.0027,6.767064489697437
1352,135.102702,6.29044808915919
1353,135.202704,5.992995991388743
1354,135.302706,5.60233192930181
1355,135.40270800000002,5.993976040887058
1356,135.50270999999998,6.667847006562695
1357,135.602712,6.258632243476509
1358,135.70271400000001,5.4528275125703445
1359,135.802716,6.342511501085021
1360,135.902718,5.877790512989061
1361,136.00272,6.331864618221307
1362,136.102722,7.0614379223513115
1363,136.20272400000002,5.826400000083446
1364,136.302726,5.032055632043752
1365,136.402728,5.119979711188608
1366,136.50273,6.438470829547257
1367,136.602732,5.127102560427093
1368,136.702734,5.270023873915656
1369,136.802736,4.4054921383785075
1370,136.902738,5.816106407233755
1371,137.00274,4.8827030107018095
1372,137.102742,5.596887164135193
1373,137.202744,5.7080629581249
1374,137.302746,5.38425025757913
1375,137.402748,5.830542316927163
1376,137.50275,6.179094574944789
1377,137.602752,5.588552804388405
1378,137.70275400000003,4.28822710923136
1379,137.802756,5.897570357775119
1380,137.902758,5.9226428404172315
1381,138.00276000000002,6.094325681923649
1382,138.102762,6.234045996973349
1383,138.202764,5.837183079295621
1384,138.302766,4.424754818557524
1385,138.402768,4.646758024242928
1386,138.50277,6.182514980428624
1387,138.602772,6.256628416778082
1388,138.702774,6.545665164271884
1389,138.80277600000002,7.267808437771569
1390,138.90277799999998,5.631693627754981
1391,139.00278,6.5327276829694245
1392,139.10278200000002,6.3523006856994115
1393,139.202784,7.128785149793313
1394,139.302786,6.745496186780705
1395,139.402788,6.672332082673716
1396,139.50279,7.316493456789126
1397,139.60279200000002,6.889784325012701
1398,139.70279399999998,6.368230271793625
1399,139.802796,7.184421188086711
1400,139.90279800000002,8.02115090122971
1401,140.0028,7.4139989054547835
1402,140.102802,7.189453624555174
1403,140.20280400000001,6.590462924738761
1404,140.302806,7.522839234472541
1405,140.402808,6.172041155872606
1406,140.50281,7.21237730281961
1407,140.602812,7.116369489944202
1408,140.70281400000002,6.428155369962865
1409,140.80281599999998,6.056430275812643
1410,140.902818,5.728141375004962
1411,141.00282,6.018366704545261
1412,141.102822,5.6341798719684295
1413,141.202824,6.1210824346636565
1414,141.302826,7.0010572942554345
1415,141.402828,6.3688897662345285
1416,141.50283000000002,6.126579030892739
1417,141.602832,5.114153819667149
1418,141.702834,5.336321046873504
1419,141.802836,5.501761697647589
1420,141.902838,5.917817755853207
1421,142.00284,5.512952322812791
1422,142.102842,6.8471510054768565
1423,142.202844,6.931821087267369
1424,142.302846,8.24346484469354
1425,142.402848,8.210278577089701
1426,142.50285,7.835691323929563
1427,142.602852,7.89914757664279
1428,142.702854,7.202169640356396
1429,142.802856,7.471851676504651
1430,142.902858,6.114381862178526
1431,143.00286000000003,7.126204787937115
1432,143.102862,7.006065735056377
1433,143.202864,6.755809824831592
1434,143.30286600000002,5.9724305135466045
1435,143.402868,5.762408863624637
1436,143.50287,6.447467073253084
1437,143.602872,6.065379530958736
1438,143.702874,6.276776368619287
1439,143.802876,6.68172275322272
1440,143.902878,7.316861052922361
1441,144.00288,7.114002552599423
1442,144.10288200000002,6.80232462959771
1443,144.20288399999998,6.938056460497163
1444,144.302886,7.3724642009070935
1445,144.40288800000002,8.09999365064922
1446,144.50289,7.666751838191616
1447,144.602892,6.6021870666617755
1448,144.702894,6.427895449826009
1449,144.802896,5.962168344110839
1450,144.90289800000002,6.154183105848897
1451,145.00289999999998,6.120257352399546
1452,145.102902,5.269318530657115
1453,145.20290400000002,5.635049322795196
1454,145.302906,5.713267440572269
1455,145.402908,6.06758007190121
1456,145.50291,6.245285948042013
1457,145.602912,6.495100194376158
1458,145.702914,6.938189260728052
1459,145.802916,7.431092274328005
1460,145.902918,7.0215325918268015
1461,146.00292000000002,6.584432039818021
1462,146.10292199999998,6.721245783097585
1463,146.202924,6.686995052700831
1464,146.302926,7.074429142158269
1465,146.402928,7.082885459193921
1466,146.50293,7.127593216161506
1467,146.602932,7.69535476045381
1468,146.702934,7.75656166749245
1469,146.80293600000002,7.603435265867469
1470,146.902938,8.005270552297317
1471,147.00294,7.736077484900746
1472,147.102942,7.575641372003161
1473,147.202944,8.095789765360326
1474,147.302946,7.002071029071314
1475,147.402948,7.232648175197376
1476,147.50295,7.443355648241824
1477,147.602952,8.052474769179598
1478,147.702954,7.927279239985004
1479,147.802956,7.003711198646943
1480,147.902958,7.88584373600857
1481,148.00296,8.234116279996863
1482,148.102962,7.91233359752711
1483,148.202964,8.313028428247387
1484,148.30296600000003,7.526633226601959
1485,148.402968,8.162504449318629
1486,148.50297,6.830108935914184
1487,148.60297200000002,7.7517509280554595
1488,148.702974,7.178739386305486
1489,148.802976,6.704663916879478
1490,148.902978,6.908238453131547
1491,149.00298,6.979612386886873
1492,149.102982,7.066147519062384
1493,149.202984,6.563568331361452
1494,149.302986,6.723868896471276
1495,149.40298800000002,7.046118187551757
1496,149.50298999999998,6.163992054192292
1497,149.602992,6.29938610784568
1498,149.70299400000002,7.280259941903757
1499,149.802996,7.801993638750588
1500,149.902998,6.659504434103389
1501,150.003,8.505727348758505
1502,150.103002,8.560634006853407
1503,150.20300400000002,8.129026399029936
1504,150.30300599999998,7.5171448804036824
1505,150.403008,7.470208127414558
1506,150.50301000000002,7.017451935513995
1507,150.603012,6.787601177943093
1508,150.703014,6.561730918068649
1509,150.803016,7.256882060820451
1510,150.903018,6.897383621863604
1511,151.00302,6.426786832941754
1512,151.103022,6.63984908951205
1513,151.203024,6.979644042167617
1514,151.30302600000002,7.26784579960102
1515,151.40302799999998,8.071631052700893
1516,151.50303,7.922954274486837
1517,151.603032,7.5285245117426705
1518,151.703034,7.815308438909804
1519,151.803036,7.499112344311099
1520,151.903038,7.350594521965753
1521,152.00304,7.109946171780337
1522,152.10304200000002,7.3379135199993595
1523,152.203044,6.97087048293327
1524,152.303046,7.465370638574281
1525,152.403048,8.070691420361628
1526,152.50305000000003,7.9825527318574965
1527,152.603052,8.088148276114099
1528,152.703054,7.046017443361202
1529,152.803056,7.973899581492134
1530,152.903058,8.32784496315669
1531,153.00306,8.587745108763777
1532,153.103062,8.214655437467774
1533,153.203064,7.417477698374671
1534,153.303066,7.067603588771425
1535,153.403068,7.864592852578909
1536,153.50307,7.701439180637554
1537,153.60307200000003,7.262349983135679
1538,153.703074,6.618449233779822
1539,153.803076,7.382593407278677
1540,153.90307800000002,7.959244203771636
1541,154.00308,8.49132929946574
1542,154.103082,8.196183282407688
1543,154.203084,7.971537020388777
1544,154.303086,8.04718340541693
1545,154.403088,8.165050049450134
1546,154.50309,7.42073664610952
1547,154.603092,7.224162979181122
1548,154.70309400000002,7.332681570093393
1549,154.80309599999998,6.766309556847645
1550,154.903098,6.87847592567749
1551,155.00310000000002,6.6921866598713615
1552,155.103102,7.173495170895587
1553,155.203104,7.353221351014161
1554,155.303106,7.846498024017739
1555,155.403108,7.781926469701681
1556,155.50311000000002,7.997844696128249
1557,155.60311199999998,8.337584238611857
1558,155.703114,7.690412327589683
1559,155.80311600000002,6.5312158678420005
1560,155.903118,7.164688899166216
1561,156.00312,7.771675853908217
1562,156.103122,8.166022959937683
1563,156.203124,8.064062369619103
1564,156.303126,8.278006386125988
1565,156.403128,8.253670025783444
1566,156.50313,6.6383287235188915
1567,156.60313200000002,7.350108745278499
1568,156.70313399999998,6.724979975438378
1569,156.803136,6.868674994930639
1570,156.903138,6.011915012246127
1571,157.00314,5.670389817527984
1572,157.103142,5.6941680196037145
1573,157.203144,6.657447760983221
1574,157.303146,6.574298992013804
1575,157.40314800000002,6.923155743627986
1576,157.50315,7.23116476445448
1577,157.603152,7.101184712837466
1578,157.703154,6.620034980555994
1579,157.80315600000003,7.51743900072878
1580,157.903158,7.221716102472581
1581,158.00316,7.73444436036416
1582,158.103162,8.019572955211599
1583,158.203164,8.51327018383821
1584,158.303166,8.492512479299249
1585,158.403168,7.028732506125556
1586,158.50317,6.808756950968593
1587,158.603172,7.371511226156422
1588,158.703174,6.950302685093983
1589,158.803176,7.507210159970097
1590,158.90317800000003,7.293969404545507
1591,159.00318,7.706646953884921
1592,159.103182,7.404708113038237
1593,159.20318400000002,7.839331391298677
1594,159.303186,8.061599573494107
1595,159.403188,7.991103745665918
1596,159.50319,7.331491824385582
1597,159.603192,6.799585260591507
1598,159.70319400000002,6.418999005419456
1599,159.80319599999999,7.476673126321399
1600,159.903198,7.369009859485462
1601,160.00320000000002,6.956324943830831
1602,160.10320199999998,5.637868203731481
1603,160.203204,5.7211179459948776
1604,160.30320600000002,6.329315514107853
1605,160.403208,7.153105931769176
1606,160.50321,6.640907425154818
1607,160.603212,7.261777619230081
1608,160.703214,7.327542694697769
1609,160.80321600000002,7.090500845870405
1610,160.90321799999998,7.015692824550385
1611,161.00322,7.747775958980063
1612,161.10322200000002,8.186858415252845
1613,161.203224,7.305708811436881
1614,161.303226,6.81685432457992
1615,161.403228,6.957552075651896
1616,161.50323,6.307127937457585
1617,161.603232,5.861132653726336
1618,161.703234,6.683565266645204
1619,161.803236,7.006786519457068
1620,161.90323800000002,6.813548684576585
1621,162.00323999999998,7.543209443117426
1622,162.103242,6.322089220603585
1623,162.203244,7.290093183077969
1624,162.303246,7.601796750641385
1625,162.403248,8.546168472199568
1626,162.50325,8.04395380441327
1627,162.603252,7.901386654064916
1628,162.70325400000002,7.3714328086191765
1629,162.803256,7.505448691861735
1630,162.903258,7.0053749163927135
1631,163.00326,8.042498496372447
1632,163.10326200000003,8.52273089674868
1633,163.203264,7.708992536174456
1634,163.303266,7.786822479155967
1635,163.403268,8.998703353053338
1636,163.50327,8.803058550047146
1637,163.603272,7.894945820671297
1638,163.703274,7.316185720489644
1639,163.803276,7.265827543856606
1640,163.903278,6.740335260477106
1641,164.00328,7.59516627417379
1642,164.103282,7.465724123385183
1643,164.20328400000002,7.2864259981595945
1644,164.30328599999999,6.837310539180945
1645,164.403288,7.1562956934207245
1646,164.50329000000002,8.141944684894966
1647,164.603292,8.569617346701477
1648,164.703294,8.907498177404088
1649,164.803296,8.81691220825176
1650,164.903298,8.838626469880728
1651,165.00330000000002,8.01155995837539
1652,165.10330199999999,8.071355750368578
1653,165.203304,8.055556822410235
1654,165.30330600000002,6.8383784584347485
1655,165.40330799999998,7.186558265749381
1656,165.50331,6.68284608098506
1657,165.60331200000002,7.346049152610618
1658,165.703314,8.140125850816919
1659,165.803316,7.155960503559632
1660,165.903318,6.601673233150671
1661,166.00332,7.468265872172968
1662,166.10332200000002,7.56376588321892
1663,166.20332399999998,7.763833643283358
1664,166.303326,8.528492515877574
1665,166.40332800000002,7.718389215558703
1666,166.50333,6.726461743407874
1667,166.603332,8.325958964472147
1668,166.703334,7.574294648074864
1669,166.803336,8.45004625278159
1670,166.90333800000002,6.706227280452476
1671,167.00334,8.001684554896753
1672,167.103342,7.529310450090985
1673,167.20334400000002,6.956610369840541
1674,167.30334599999998,8.204061760050172
1675,167.403348,8.289565528398539
1676,167.50335,8.122723972564621
1677,167.603352,7.9161628616549455
1678,167.703354,7.866242072268425
1679,167.803356,8.42561846195603
1680,167.903358,7.808098193993003
1681,168.00336000000001,7.418404294915607
1682,168.103362,6.811646070314603
1683,168.203364,7.255742507478416
1684,168.303366,7.132260906957571
1685,168.40336800000003,7.317922146195951
1686,168.50337,8.172983454243832
1687,168.603372,7.7952522712828465
1688,168.703374,7.593535354674457
1689,168.803376,6.846923622382925
1690,168.903378,6.5759675258685775
1691,169.00338,6.882562165562136
1692,169.103382,7.990425204873993
1693,169.203384,7.687313197347274
1694,169.303386,7.573894331667166
1695,169.403388,7.381553775236543
1696,169.50339000000002,7.778278586874778
1697,169.60339199999999,8.456383186314508
1698,169.703394,8.222525863915171
1699,169.80339600000002,7.933814280367628
1700,169.903398,8.266839127142154
1701,170.0034,8.361773193288464
1702,170.103402,7.973558144926392
1703,170.203404,7.907496393907604
1704,170.30340600000002,7.3898491379892635
1705,170.40340799999998,7.374648772934938
1706,170.50341,6.42983434226781
1707,170.60341200000002,6.354848302195718
1708,170.70341399999998,7.1446623368501045
1709,170.803416,7.804493413888602
1710,170.90341800000002,7.966398992273573
1711,171.00342,7.910837705967236
1712,171.103422,7.374705703231417
1713,171.203424,8.079815021755874
1714,171.303426,7.801835910476533
1715,171.40342800000002,6.8327906943172465
1716,171.50342999999998,6.465327433392364
1717,171.603432,6.158715918780953
1718,171.70343400000002,6.857016621355835
1719,171.803436,7.940773809065035
1720,171.903438,7.005179842062301
1721,172.00344,7.617092297515703
1722,172.103442,6.766977771412446
1723,172.20344400000002,6.871253855568602
1724,172.303446,6.8992184921539765
1725,172.403448,7.327650032270495
1726,172.50345000000002,7.317835085137335
1727,172.603452,7.541348811962227
1728,172.703454,7.39618895600504
1729,172.803456,6.969714000964524
1730,172.903458,7.51289018247592
1731,173.00346,6.557595695737115
1732,173.103462,7.076995670993442
1733,173.203464,7.484964919755896
1734,173.30346600000001,7.590403641225964
1735,173.403468,6.747368114132527
1736,173.50347,6.975644799872658
1737,173.603472,7.386726127299491
1738,173.70347400000003,7.755156270469679
1739,173.803476,7.1472437977990575
1740,173.903478,7.545244261036495
1741,174.00348000000002,7.065079994171196
1742,174.103482,7.604424894030809
1743,174.203484,7.715334655180389
1744,174.303486,7.373248336671297
1745,174.403488,6.752770384710277
1746,174.50349,6.314056523408044
1747,174.603492,6.8168914718482725
1748,174.703494,7.998985449781907
1749,174.80349600000002,7.872778440712405
1750,174.90349799999998,7.811605917269546
1751,175.0035,7.749858221590231
1752,175.10350200000002,7.904185158563645
1753,175.203504,7.061031402902084
1754,175.303506,7.09616549302461
1755,175.403508,7.840410198205429
1756,175.50351,7.273490459080533
1757,175.60351200000002,6.970750980281649
1758,175.70351399999998,7.143461361818623
1759,175.803516,7.069591930643358
1760,175.90351800000002,6.912808383693721
1761,176.00351999999998,6.616984806392476
1762,176.103522,6.961599544698908
1763,176.20352400000002,7.204945228024291
1764,176.303526,6.9532284078626345
1765,176.403528,6.43929147556981
1766,176.50353,5.090168726231381
1767,176.603532,6.100714482166362
1768,176.70353400000002,6.2131436627073064
1769,176.80353599999998,7.422756637295064
1770,176.903538,8.210340521349858
1771,177.00354000000002,7.374954855552296
1772,177.103542,7.824434339003265
1773,177.203544,8.06320818549462
1774,177.303546,6.156354871437663
1775,177.403548,6.815051395473922
1776,177.50355000000002,7.1628076134630385
1777,177.603552,7.44619203036212
1778,177.703554,7.700195992304421
1779,177.80355600000001,8.138179416809706
1780,177.903558,7.564742918403747
1781,178.00356,6.9652001764255935
1782,178.103562,7.046490833118017
1783,178.203564,6.828193946705353
1784,178.303566,7.27442701532984
1785,178.403568,6.881935765828508
1786,178.50357,7.302255682734198
1787,178.603572,7.151873211167643
1788,178.703574,6.800037774280665
1789,178.803576,6.353836482264553
1790,178.903578,7.095563432057051
1791,179.00358000000003,6.819495575933785
1792,179.103582,7.513968701041163
1793,179.203584,7.713951725143439
1794,179.30358600000002,7.380832507241109
1795,179.403588,8.11548642220441
1796,179.50359,8.056745096918492
1797,179.603592,7.31790483276859
1798,179.703594,7.779375138216181
1799,179.803596,7.593291787200456
1800,179.903598,6.694012602476628
1801,180.0036,6.71503690234165
1802,180.10360200000002,5.923416999575047
1803,180.20360399999998,5.7960089327488005
1804,180.303606,6.391621147943311
1805,180.40360800000002,5.594085245780295
1806,180.50361,6.8722461424831005
1807,180.603612,6.989411134138161
1808,180.703614,6.480210607972867
1809,180.803616,6.040724307209758
1810,180.90361800000002,6.3017474122305845
1811,181.00361999999998,5.255772402373785
1812,181.103622,5.4669489562905715
1813,181.20362400000002,5.352463617423234
1814,181.30362599999998,5.194161050758705
1815,181.403628,5.509273405239379
1816,181.50363000000002,6.481956700950422
1817,181.603632,6.5981155373122276
1818,181.703634,6.623217400845394
1819,181.803636,6.252053547783201
1820,181.903638,6.514401598836016
1821,182.00364000000002,6.221332940605464
1822,182.10364199999998,5.315591223986477
1823,182.203644,5.11760068825117
1824,182.30364600000001,5.637346639909256
1825,182.403648,4.919955651697622
1826,182.50365,5.477124930815966
1827,182.603652,6.006748042557633
1828,182.703654,5.470701552304566
1829,182.80365600000002,5.990573119789423
1830,182.903658,5.708313115623288
1831,183.00366,5.9661053479989
1832,183.103662,5.724015082420449
1833,183.203664,6.089858408147973
1834,183.303666,6.3175067265655125
1835,183.403668,6.475588279342625
1836,183.50367,6.729390690330726
1837,183.603672,6.867400295483405
1838,183.703674,6.340487648743555
1839,183.803676,5.496528151764328
1840,183.903678,6.159425504292799
1841,184.00368,7.042471368619652
1842,184.103682,6.2786159537957
1843,184.203684,6.410766864194373
1844,184.30368600000003,6.917379909802756
1845,184.403688,6.649610002018121
1846,184.50369,6.445320487481453
1847,184.60369200000002,5.824034474414776
1848,184.703694,4.703307483863093
1849,184.803696,5.084340453832494
1850,184.903698,5.215112122229127
1851,185.0037,5.463786562748302
1852,185.103702,5.53738977288225
1853,185.203704,4.955230529945574
1854,185.303706,5.820693068925474
1855,185.40370800000002,6.00727359478336
1856,185.50370999999998,5.501751362366732
1857,185.603712,6.089471351591128
1858,185.70371400000002,5.934024753541699
1859,185.803716,6.748911919876977
1860,185.903718,5.699716788415128
1861,186.00372,5.583032141217667
1862,186.103722,6.660080688245033
1863,186.20372400000002,6.5622601067627935
1864,186.30372599999998,6.234897798988713
1865,186.403728,5.418642242627227
1866,186.50373000000002,6.550525070505569
1867,186.603732,6.1029662226800845
1868,186.703734,6.372306135551029
1869,186.80373600000001,6.105927343629787
1870,186.903738,6.036934624827012
1871,187.00374,6.595183858306971
1872,187.103742,5.726822309260876
1873,187.203744,6.059786703084761
1874,187.30374600000002,5.50794724478575
1875,187.40374799999998,5.683515108669897
1876,187.50375,5.020513065206771
1877,187.60375200000001,5.684959680219704
1878,187.703754,5.520918469732342
1879,187.803756,5.720048268337268
1880,187.903758,6.180503040040156
1881,188.00376,5.918896769253714
1882,188.10376200000002,6.648862716401478
1883,188.203764,5.404228848550514
1884,188.303766,6.181293198359487
1885,188.403768,5.742533204559858
1886,188.50377,5.413100331195253
1887,188.603772,6.123910683655012
1888,188.703774,6.402904956443671
1889,188.803776,6.828957899515012
1890,188.903778,5.727373513447828
1891,189.00378,5.821055215212102
1892,189.103782,5.483245091568906
1893,189.203784,6.715816206661848
1894,189.303786,6.035381786810872
1895,189.403788,6.467720646491368
1896,189.50379,5.682032197470993
1897,189.60379200000003,6.445758544311026
1898,189.703794,5.6653993593357495
1899,189.803796,5.6129742053774105
1900,189.90379800000002,4.787217249263194
1901,190.0038,5.1618413394046625
1902,190.103802,5.477465522879125
1903,190.203804,5.873067748615017
1904,190.303806,5.024848910064101
1905,190.403808,5.148036818425654
1906,190.50381,5.921247565544153
1907,190.603812,6.196935701399155
1908,190.70381400000002,5.2793120077198274
1909,190.80381599999998,5.958603128443157
1910,190.903818,5.59850313339005
1911,191.00382000000002,6.470107246010785
1912,191.103822,6.3464025384775455
1913,191.203824,6.407215303138689
1914,191.30382600000002,6.450726965779635
1915,191.403828,6.696847439171235
1916,191.50383000000002,6.187909943383587
1917,191.60383199999998,7.127780500328926
1918,191.703834,6.569626197262031
1919,191.80383600000002,5.334888906616599
1920,191.903838,5.915078792825423
1921,192.00384,5.426952231646746
1922,192.10384200000001,5.3528445459102265
1923,192.203844,5.2112007089069685
1924,192.303846,5.919818538435872
1925,192.403848,5.996479454742083
1926,192.50385,5.840052414827113
1927,192.60385200000002,4.745232036868419
1928,192.70385399999998,4.950509525543816
1929,192.803856,5.206707157851165
1930,192.903858,5.155351878501659
1931,193.00386,5.959363898016519
1932,193.103862,5.273805850960913
1933,193.203864,5.180860609591766
1934,193.303866,6.1194526696430165
1935,193.40386800000002,6.214236952401751
1936,193.50387,6.384567278052586
1937,193.603872,5.726339557617682
1938,193.703874,6.1830541915884085
1939,193.80387600000003,7.051797767627066
1940,193.903878,6.9725691856251455
1941,194.00388,5.949808499175751
1942,194.103882,6.67077030082682
1943,194.203884,7.301810702717498
1944,194.303886,7.13556601188919
1945,194.403888,7.804839250364336
1946,194.50389,7.158176279486645
1947,194.603892,8.414758764294103
1948,194.703894,8.386027857070022
1949,194.803896,8.044276966781815
1950,194.90389800000003,7.30110923005913
1951,195.0039,7.549274443206244
1952,195.103902,7.136335406681639
1953,195.20390400000002,7.477688969949645
1954,195.303906,7.61708419730126
1955,195.403908,7.648661968946416
1956,195.50391,6.703284615938772
1957,195.603912,7.3187522757754495
1958,195.703914,7.580193645284522
1959,195.803916,7.082143678198563
1960,195.903918,7.452911111782358
1961,196.00392000000002,7.418198253440873
1962,196.10392199999998,7.407096292231963
1963,196.203924,6.340535596257889
1964,196.30392600000002,5.438847683528689
1965,196.403928,5.611655434097555
1966,196.50393,5.838849336433236
1967,196.60393200000001,6.400328877847014
1968,196.703934,6.184876104445658
1969,196.80393600000002,5.551905160569885
1970,196.90393799999998,5.438073889171693
1971,197.00394,6.140768587186207
1972,197.10394200000002,6.517688203501827
1973,197.203944,5.371290141806632
1974,197.303946,6.086442449980818
1975,197.403948,6.441633977086239
1976,197.50395,5.667119668729782
1977,197.603952,6.227731276717444
1978,197.703954,6.942641765987418
1979,197.803956,7.136620869006556
1980,197.90395800000002,7.22094659063658
1981,198.00395999999998,6.321895258859655
1982,198.103962,6.577589519602106
1983,198.203964,6.227146260044671
1984,198.303966,5.814646142156625
1985,198.403968,6.148099090544746
1986,198.50397,6.5160275672927535
1987,198.603972,6.954324913471612
1988,198.70397400000002,5.443640757143165
1989,198.803976,5.19292968869734
1990,198.903978,5.894104402647976
1991,199.00398,6.968118109626525
1992,199.10398200000003,6.61064064078062
1993,199.203984,5.938304204418158
1994,199.303986,6.305957373022892
1995,199.403988,6.202883726715392
1996,199.50399,5.3406002178895715
1997,199.603992,5.95848768455647
1998,199.703994,6.768251193123204
1999,199.803996,6.358896623195829
2000,199.903998,7.503437063807642
2001,200.004,6.0894954571755004
2002,200.104002,6.045677723129898
2003,200.20400400000003,5.799365585372772
2004,200.304006,5.541685975769953
2005,200.404008,5.962760619961482
2006,200.50401000000002,6.866268462816486
2007,200.604012,5.724620368526056
2008,200.704014,5.589885220586426
2009,200.804016,6.1282612245295605
2010,200.904018,6.204112889079525
2011,201.00402000000003,6.095445918567054
2012,201.104022,5.817678361459378
2013,201.204024,5.652330132872388
2014,201.30402600000002,6.439398858439713
2015,201.40402799999998,6.292667627242178
2016,201.50403,6.132805774496048
2017,201.60403200000002,6.034538630252519
2018,201.704034,6.2018062749686464
2019,201.804036,5.2757014890005
2020,201.904038,5.625094454121362
2021,202.00404,5.596658101728447
2022,202.10404200000002,5.315213405555438
2023,202.20404399999998,4.775863039434293
2024,202.304046,5.514043102700063
2025,202.40404800000002,5.342854931398652
2026,202.50405,5.788702820470829
2027,202.604052,5.5651843921165876
2028,202.704054,6.0152279548268375
2029,202.804056,5.904779577686198
2030,202.904058,6.055284066675347
2031,203.00406,5.9239221168587175
2032,203.104062,4.859666216790354
2033,203.20406400000002,5.0561499797279215
2034,203.30406599999998,5.121975641112051
2035,203.404068,4.364204324163475
2036,203.50407,5.094479287977355
2037,203.604072,5.277434106666867
2038,203.704074,6.743523498014479
2039,203.804076,6.675223553194415
2040,203.904078,6.283000515356437
2041,204.00408000000002,6.787327195300839
2042,204.104082,6.603261241136673
2043,204.204084,6.562653579459362
2044,204.304086,7.030350396370292
2045,204.40408800000003,6.604878469606003
2046,204.50409,7.652364436445602
2047,204.604092,6.885040169672241
2048,204.704094,6.918279924380388
2049,204.804096,6.286121243568768
2050,204.904098,6.93062255118962
2051,205.0041,7.009688665964148
2052,205.104102,6.665569502165668
2053,205.204104,6.9629910276928815
2054,205.304106,7.045389019020896
2055,205.404108,6.767620873730226
2056,205.50411000000003,7.0897499119162
2057,205.604112,6.984028587781875
2058,205.704114,7.725803123611784
2059,205.80411600000002,7.308404029064129
2060,205.904118,7.610300684344691
2061,206.00412,7.527243823155898
2062,206.104122,6.37158579437414
2063,206.204124,6.930478312514597
2064,206.30412600000002,7.405412009586489
2065,206.404128,7.577159338075709
2066,206.50413,7.101802451991871
2067,206.60413200000002,6.636348549078103
2068,206.70413399999998,6.4040050816413485
2069,206.804136,6.72302813800576
2070,206.90413800000002,7.231221698285363
2071,207.00414,7.227027841481008
2072,207.104142,6.90148217776663
2073,207.204144,6.726631354342695
2074,207.304146,6.115922103915783
2075,207.40414800000002,6.512857173708777
2076,207.50414999999998,6.023155131548331
2077,207.604152,6.085802764096202
2078,207.70415400000002,6.8947021044464005
2079,207.804156,7.346756327536099
2080,207.904158,7.229053983281747
2081,208.00416,7.009387353879317
2082,208.104162,7.306277678612402
2083,208.20416400000002,7.180727939239403
2084,208.304166,7.455379948754115
2085,208.404168,6.650091246850344
2086,208.50417000000002,6.7201794076642525
2087,208.604172,6.692719325072261
2088,208.704174,5.872966815877266
2089,208.804176,5.61323826050336
2090,208.904178,6.13130824101567
2091,209.00418,6.275233015180611
2092,209.104182,5.7076639531983275
2093,209.204184,5.321301336461532
2094,209.30418600000002,5.793488439857014
2095,209.404188,6.431094434991901
2096,209.50419,5.7617424974309035
2097,209.604192,5.926305303397713
2098,209.70419400000003,5.997684056178041
2099,209.804196,7.132058184528083
2100,209.904198,7.387948453641266
2101,210.00420000000003,7.424893373149277
2102,210.104202,7.371792155108479
2103,210.204204,6.8212636961323145
2104,210.304206,6.731741378274995
2105,210.404208,6.327554145305435
2106,210.50421,6.631539265105534
2107,210.604212,7.2474826584569385
2108,210.704214,7.462999044708169
2109,210.80421600000003,6.845304502092303
2110,210.904218,7.057089293590226
2111,211.00422,8.172290483507892
2112,211.10422200000002,7.069908085636461
2113,211.204224,6.344057975253845
2114,211.304226,6.9080977954742675
2115,211.404228,6.178063843736578
2116,211.50423,6.156152325614602
2117,211.60423200000002,6.361370130441802
2118,211.70423399999999,6.458654508247892
2119,211.804236,5.501315161888755
2120,211.90423800000002,5.973381666446635
2121,212.00423999999998,6.316339853533651
2122,212.104242,6.610461109433672
2123,212.20424400000002,6.7612403657314095
2124,212.304246,5.880223002607125
2125,212.404248,5.9491779939699425
2126,212.50425,5.750255509801401
2127,212.604252,6.919278343326884
2128,212.70425400000002,6.647391138738626
2129,212.80425599999998,6.849694925708729
2130,212.904258,7.218595453367248
2131,213.00426000000002,7.820101071516531
2132,213.104262,7.280096572473206
2133,213.204264,7.396643444423417
2134,213.304266,6.998647726745841
2135,213.404268,8.160510912561325
2136,213.50427000000002,8.884160913942592
2137,213.604272,8.262398458365503
2138,213.704274,8.25030425565772
2139,213.80427600000002,7.165686838213614
2140,213.904278,6.962694684458122
2141,214.00428,6.9976912187894476
2142,214.104282,7.949493886844125
2143,214.204284,8.2007984397745
2144,214.304286,7.0820519039667955
2145,214.404288,6.7709257775179985
2146,214.50429,7.36743141867904
2147,214.60429200000002,6.522829815425594
2148,214.704294,6.426051581908423
2149,214.804296,6.7364890779005675
2150,214.904298,6.830276159288004
2151,215.00430000000003,7.0121488118104285
2152,215.104302,6.779919280811733
2153,215.204304,5.33551802344508
2154,215.30430600000003,6.207007313585842
2155,215.404308,6.737044953926737
2156,215.50431,7.214613886394816
2157,215.604312,7.3388628094064385
2158,215.704314,6.485234756889902
2159,215.804316,6.252821614804303
2160,215.904318,6.089087056051546
2161,216.00432,6.942552225570837
2162,216.10432200000002,6.8017350456143575
2163,216.20432399999999,6.449650275961988
2164,216.304326,6.2716782711581684
2165,216.40432800000002,7.324781877370292
2166,216.50433,6.722841855243511
2167,216.604332,6.373750131495837
2168,216.704334,6.360144363379437
2169,216.804336,5.663328377110591
2170,216.90433800000002,5.492847678458753
2171,217.00433999999998,6.177395104367037
2172,217.104342,5.268830121300263
2173,217.20434400000002,6.403003499870211
2174,217.30434599999998,5.9331465244254336
2175,217.404348,5.742666041615853
2176,217.50435000000002,6.040310857954545
2177,217.604352,6.0982359022573265
2178,217.704354,6.379432811841093
2179,217.804356,6.3140985143650505
2180,217.904358,6.032231660071061
2181,218.00436000000002,5.868735028184696
2182,218.10436199999998,5.558793168745864
2183,218.204364,6.441268537089568
2184,218.30436600000002,6.218062214609747
2185,218.404368,5.835076858502009
2186,218.50437,5.720515247858177
2187,218.604372,5.538989593317421
2188,218.704374,6.414809063294058
2189,218.80437600000002,6.722566641865637
2190,218.904378,7.089055489439391
2191,219.00438,7.246611740448422
2192,219.10438200000002,7.169318440718505
2193,219.204384,6.986822505698615
2194,219.304386,7.5100325532487195
2195,219.404388,7.834751948142127
2196,219.50439,8.826535888663283
2197,219.604392,8.727933278045892
2198,219.704394,8.968597541350679
2199,219.804396,8.418934476243956
2200,219.90439800000001,8.69300664114461
2201,220.0044,7.372181309900291
2202,220.104402,6.632008937920902
2203,220.204404,7.057777627758924
2204,220.30440600000003,6.618249898779988
2205,220.404408,6.817868927974472
2206,220.50441,6.974534259364436
2207,220.60441200000002,6.930773932486335
2208,220.704414,6.760097950142155
2209,220.804416,7.229612708793079
2210,220.904418,6.968330334055418
2211,221.00442,6.826589527825773
2212,221.104422,7.264876474706194
2213,221.204424,7.310319152225957
2214,221.304426,6.810675750134881
2215,221.40442800000002,7.86243494722995
2216,221.50442999999999,8.050321334096736
2217,221.604432,8.400869401887991
2218,221.70443400000002,7.989365736117762
2219,221.804436,8.240232098700345
2220,221.904438,7.877049561496656
2221,222.00444,8.352288853573924
2222,222.104442,7.958818476885202
2223,222.20444400000002,7.847182803658291
2224,222.30444599999998,8.240105135803004
2225,222.404448,7.477778727314477
2226,222.50445000000002,7.638722930884341
2227,222.60445199999998,8.711978012568135
2228,222.704454,8.080376734562597
2229,222.80445600000002,8.381997357587585
2230,222.904458,8.019383334687737
2231,223.00446,8.641753247612522
2232,223.104462,9.205054125982143
2233,223.204464,8.691839275419206
2234,223.30446600000002,9.107234667254941
2235,223.40446799999998,9.259079942229903
2236,223.50447,9.038128043917002
2237,223.60447200000002,9.183005500877258
2238,223.704474,8.812626400047082
2239,223.804476,8.214499036220811
2240,223.904478,8.478686813469512
2241,224.00448,8.537806070222166
2242,224.10448200000002,8.646869970040418
2243,224.204484,7.5112726013975974
2244,224.304486,7.133292479063245
2245,224.40448800000001,7.055265335334679
2246,224.50449,8.215438397260275
2247,224.604492,6.776631884451034
2248,224.704494,7.345402091830813
2249,224.804496,7.397475580675392
2250,224.904498,7.465494464257635
2251,225.0045,7.643080487944013
2252,225.104502,7.8361961835413245
2253,225.20450400000001,8.538676183285606
2254,225.304506,8.433849204546876
2255,225.404508,7.851671630657673
2256,225.50451,7.150056591490769
2257,225.60451200000003,8.07266291394106
2258,225.704514,7.827550241246528
2259,225.804516,7.207837963433147
2260,225.90451800000002,7.089110456620481
2261,226.00452,7.010568936872136
2262,226.104522,6.438015165247236
2263,226.204524,6.521383395460952
2264,226.304526,7.103183477142784
2265,226.404528,7.2010756684723685
2266,226.50453,7.370600670100463
2267,226.604532,6.188103417267804
2268,226.70453400000002,6.29131953850345
2269,226.80453599999998,6.2057459240037725
2270,226.904538,6.461857427731031
2271,227.00454000000002,6.573952925402298
2272,227.104542,7.139910634965765
2273,227.204544,7.309274230130048
2274,227.30454600000002,7.951577374113517
2275,227.404548,8.04567382849492
2276,227.50455000000002,7.900812315783367
2277,227.60455199999998,7.892233628200572
2278,227.704554,6.5898412671666025
2279,227.80455600000002,7.010862989197474
2280,227.904558,7.270836543958469
2281,228.00456,7.530206626517199
2282,228.10456200000002,7.457903344795668
2283,228.204564,6.722853174864053
2284,228.304566,6.642082299205036
2285,228.404568,6.293186045386687
2286,228.50457,6.143735311916518
2287,228.60457200000002,6.453805805130141
2288,228.70457399999998,6.121063099448617
2289,228.804576,5.500833908468608
2290,228.90457800000001,5.834524524886252
2291,229.00458,6.387671518650804
2292,229.104582,5.452889313784918
2293,229.204584,6.489584962626356
2294,229.304586,6.202316841924576
2295,229.40458800000002,7.0155322637082635
2296,229.50459,7.103200680645102
2297,229.604592,6.714696778539914
2298,229.70459400000001,6.287253590951676
2299,229.804596,6.989187572091688
2300,229.904598,7.6716125240861235
2301,230.0046,7.993969537912304
2302,230.104602,7.948770073026178
2303,230.204604,6.992237502488443
2304,230.304606,7.490273514010148
2305,230.404608,7.206303972404266
2306,230.50461,7.326333357899971
2307,230.604612,7.66204923099441
2308,230.704614,8.447152382223734
2309,230.804616,7.335163664427182
2310,230.90461800000003,7.338552546182541
2311,231.00462,6.72832963425879
2312,231.104622,7.11355124195369
2313,231.20462400000002,6.113358031285831
2314,231.304626,5.987853174965314
2315,231.404628,6.358472025104066
2316,231.50463,7.224572584863812
2317,231.604632,6.901207520894207
2318,231.704634,5.351912553709763
2319,231.804636,6.35307772124769
2320,231.904638,7.157316995783882
2321,232.00464000000002,7.086239211337001
2322,232.10464199999998,5.528260908584109
2323,232.204644,6.541824095286893
2324,232.30464600000002,6.833702808890221
2325,232.404648,7.486505400875326
2326,232.50465,6.426534282528332
2327,232.60465200000002,6.34813519155765
2328,232.704654,5.875884748813145
2329,232.80465600000002,5.572762141169482
2330,232.90465799999998,6.410634154141206
2331,233.00466,6.3290110183508945
2332,233.10466200000002,8.11455592061049
2333,233.204664,8.882486817391827
2334,233.304666,9.167009108895959
2335,233.40466800000002,8.273027521921703
2336,233.50467,7.994939957880936
2337,233.604672,7.943514054567257
2338,233.704674,7.500650373578975
2339,233.804676,8.105564745201107
2340,233.90467800000002,7.716018686054191
2341,234.00467999999998,8.611745933065436
2342,234.104682,8.594506050197534
2343,234.20468400000001,8.929303754687536
2344,234.304686,7.819389294472163
2345,234.404688,8.81417418321031
2346,234.50469,8.715512899305848
2347,234.604692,8.749623546413694
2348,234.70469400000002,8.15226097906595
2349,234.804696,8.486507167480635
2350,234.904698,8.518010698309189
2351,235.0047,7.809493215725599
2352,235.10470200000003,7.7515947042306905
2353,235.204704,8.29667466870992
2354,235.304706,8.225876010929422
2355,235.404708,8.845781439527226
2356,235.50471,8.301926867891527
2357,235.604712,7.9547747810440255
2358,235.704714,7.913073771460242
2359,235.804716,8.61753189483562
2360,235.904718,8.029326999473742
2361,236.00472,7.765192931595458
2362,236.104722,8.213575418031537
2363,236.20472400000003,7.869394393388106
2364,236.304726,7.2665051572641115
2365,236.404728,8.093776539204672
2366,236.50473000000002,7.801791766802846
2367,236.604732,8.591173900931995
2368,236.704734,8.624430843897127
2369,236.804736,8.50703116671901
2370,236.904738,8.754179874010017
2371,237.00474,8.905200479437172
2372,237.104742,8.675472218940323
2373,237.204744,8.395281033070484
2374,237.30474600000002,8.960882376502644
2375,237.40474799999998,8.601391577930805
2376,237.50475,8.560904648596512
2377,237.60475200000002,8.577641071233938
2378,237.704754,8.5488422076027
2379,237.804756,8.117481934687481
2380,237.90475800000002,8.031379819664636
2381,238.00476,7.967377555861038
2382,238.10476200000002,8.289154731808685
2383,238.20476399999998,8.292828263167815
2384,238.304766,7.9183070495236745
2385,238.40476800000002,7.581741083219889
2386,238.50477,7.9499432476630485
2387,238.604772,7.369209485509809
2388,238.70477400000001,8.103299915869755
2389,238.804776,7.973411386986577
2390,238.904778,8.03421187578281
2391,239.00478,7.687676873367503
2392,239.104782,7.768026262538667
2393,239.20478400000002,8.065519310377496
2394,239.30478599999998,6.7406145615952
2395,239.404788,7.107791964757915
2396,239.50479,7.526933637161535
2397,239.604792,7.848109035023597
2398,239.704794,8.141723285417124
2399,239.804796,8.310531575267508
2400,239.904798,7.6345200426323
2401,240.00480000000002,8.242812926570194
2402,240.104802,8.25403682979651
2403,240.204804,9.142830687776417
2404,240.304806,8.760060167726635
2405,240.40480800000003,7.61420819918377
2406,240.50481,7.358104703417211
2407,240.604812,7.936635325290235
2408,240.704814,8.227202568759976
2409,240.804816,8.249699144884984
2410,240.904818,7.408193411761928
2411,241.00482,7.813938987344419
2412,241.104822,7.278273785727595
2413,241.204824,7.454121806540055
2414,241.304826,6.741228409336791
2415,241.404828,7.4172279179028
2416,241.50483000000003,7.529982366704688
2417,241.604832,6.3224191386646105
2418,241.704834,6.157232014011507
2419,241.80483600000002,6.202687189683552
2420,241.904838,6.595623454283881
2421,242.00484,6.41756305152955
2422,242.104842,7.017299210276158
2423,242.204844,6.066283586607779
2424,242.30484600000003,7.048198469155627
2425,242.404848,6.894146712808143
2426,242.50485,7.438781976467776
2427,242.60485200000002,6.9741090587871675
2428,242.70485399999998,6.5952126559211655
2429,242.804856,6.8980002278289625
2430,242.90485800000002,7.240412956710616
2431,243.00486,6.87418994745112
2432,243.104862,7.093794908446235
2433,243.20486400000001,6.393018912909202
2434,243.304866,6.549755521137248
2435,243.40486800000002,7.3230602606365816
2436,243.50486999999998,7.027345681169802
2437,243.604872,6.802902573341067
2438,243.70487400000002,7.596644745093165
2439,243.804876,7.973951293892882
2440,243.904878,7.738554318543453
2441,244.00488,8.049819587305556
2442,244.104882,7.848711103189341
2443,244.204884,7.0787616976524355
2444,244.304886,6.646035627167824
2445,244.404888,6.804290891849027
2446,244.50489000000002,6.386145304818582
2447,244.604892,7.031889431749408
2448,244.704894,7.182685485864018
2449,244.804896,7.87401200845305
2450,244.904898,8.279037785839193
2451,245.0049,8.354249676456353
2452,245.104902,8.052182302331758
2453,245.204904,7.805783526889627
2454,245.30490600000002,8.366446119753103
2455,245.404908,8.07097279104572
2456,245.50491,8.730225090176065
2457,245.604912,8.786499935814593
2458,245.70491400000003,7.995439114265822
2459,245.804916,8.20455721457567
2460,245.904918,7.572511261415471
2461,246.00492000000003,7.331507608842349
2462,246.104922,7.499718782369034
2463,246.204924,7.840764715515398
2464,246.304926,8.029360926895832
2465,246.404928,7.271406427576896
2466,246.50493,7.467733108314121
2467,246.604932,7.8221199460959845
2468,246.704934,7.665301018491358
2469,246.80493600000003,6.45621585389482
2470,246.904938,6.640069767697496
2471,247.00494,6.241321139987553
2472,247.10494200000002,7.066392581741633
2473,247.204944,7.682734213844739
2474,247.304946,7.124708468148755
2475,247.404948,6.596119760155263
2476,247.50495,7.384797440888469
2477,247.60495200000003,7.664421852050758
2478,247.704954,6.849665907532493
2479,247.804956,7.267881732303842
2480,247.90495800000002,7.371315890231766
2481,248.00495999999998,7.296973893910373
2482,248.104962,6.068051430144121
2483,248.20496400000002,6.173837952846712
2484,248.304966,6.817860025275871
2485,248.404968,7.118365963545376
2486,248.50497000000001,6.989922886301927
2487,248.604972,6.636944161583424
2488,248.70497400000002,6.52846863932279
2489,248.80497599999998,7.672998153310788
2490,248.904978,7.639329712479478
2491,249.00498000000002,8.702426433877775
2492,249.104982,7.866417213362182
2493,249.204984,7.437628836897992
2494,249.304986,6.857465158470525
2495,249.404988,7.135219576149927
2496,249.50499,6.9193727238120175
2497,249.604992,7.152983756887582
2498,249.704994,5.94348633890856
2499,249.80499600000002,6.020292801003586
2500,249.904998,6.064967743926873
2501,250.005,5.7408916619844765
2502,250.105002,6.136669547586877
2503,250.205004,6.56118477468342
2504,250.305006,7.722500094396874
2505,250.405008,6.814104176681783
2506,250.50501,6.298492652161165
2507,250.60501200000002,6.123798308013368
2508,250.705014,5.9101017276506544
2509,250.805016,5.735118310428064
2510,250.905018,5.5665401981758285
2511,251.00502000000003,6.524547227783189
2512,251.105022,6.690331465207649
2513,251.205024,6.747892905326042
2514,251.30502600000003,7.3038057329283745
2515,251.405028,7.0241034405236205
2516,251.50503,6.700803080892425
2517,251.605032,7.577754246044905
2518,251.705034,6.54089419774673
2519,251.805036,6.750146455451456
2520,251.905038,6.406452633014461
2521,252.00504,6.029296782680889
2522,252.10504200000003,7.536045753693939
2523,252.205044,7.149406584096934
2524,252.305046,7.794127655413253
2525,252.40504800000002,8.090197949856078
2526,252.50505,7.435389212612314
2527,252.605052,6.632455512313536
2528,252.705054,6.94262679469055
2529,252.805056,6.394845762010591
2530,252.90505800000003,5.975539231382658
2531,253.00506,5.8369508996421064
2532,253.105062,6.670066214818149
2533,253.20506400000002,6.191864692296885
2534,253.30506599999998,6.74097234193139
2535,253.405068,6.75938484633044
2536,253.50507000000002,6.958403823443842
2537,253.605072,7.056429905946561
2538,253.705074,6.42219370085386
2539,253.805076,6.559766626514915
2540,253.905078,6.100366621396705
2541,254.00508000000002,6.707698810893887
2542,254.10508199999998,6.578227130034666
2543,254.205084,6.995462638827828
2544,254.30508600000002,7.038948019558758
2545,254.405088,6.534805759849565
2546,254.50509,6.862125712462283
2547,254.605092,7.128928490937877
2548,254.705094,6.681646861338116
2549,254.80509600000002,7.054333873479939
2550,254.905098,5.936815195472242
2551,255.0051,6.869725155531809
2552,255.10510200000002,6.8236811843163565
2553,255.205104,7.4197368602052025
2554,255.305106,6.493872987134621
2555,255.405108,6.835382294092202
2556,255.50511,7.076150360027381
2557,255.605112,6.595636268939801
2558,255.705114,7.016578768916155
2559,255.805116,8.143942129632967
2560,255.90511800000002,8.09912512223386
2561,256.00512,8.105852813236785
2562,256.105122,8.011667959784905
2563,256.205124,6.9698894479649445
2564,256.30512600000003,5.679872949965809
2565,256.405128,6.174113140379184
2566,256.50513,6.423153919823901
2567,256.605132,6.139790370066408
2568,256.705134,6.539551746208113
2569,256.805136,7.376425293164923
2570,256.905138,6.391972118651977
2571,257.00514000000004,6.208466782613657
2572,257.105142,6.054011691789453
2573,257.205144,7.372289949380972
2574,257.30514600000004,7.533071216927363
2575,257.405148,6.718617249099863
2576,257.50515,6.700650387260519
2577,257.605152,7.135818233868423
2578,257.705154,7.317956755241057
2579,257.805156,6.777645671516875
2580,257.905158,7.120020391664143
2581,258.00516,6.674922267807198
2582,258.105162,6.395999120974763
2583,258.205164,6.310619704316728
2584,258.305166,6.5911173846490305
2585,258.405168,7.080792616344114
2586,258.50517,7.4564500392560715
2587,258.605172,6.627300169423764
2588,258.705174,6.537403985628903
2589,258.805176,6.818762849849998
2590,258.90517800000003,6.757052818639113
2591,259.00518,6.75701736704089
2592,259.105182,7.979452627799792
2593,259.20518400000003,8.611570651854034
2594,259.305186,8.821775691181793
2595,259.405188,8.7703937270777
2596,259.50519,9.002514543483088
2597,259.605192,7.178545278248117
2598,259.705194,7.96951080102959
2599,259.805196,7.79806951972231
2600,259.905198,8.005149065496548
2601,260.0052,7.483703871607091
2602,260.105202,6.9604355564237546
2603,260.205204,7.560253528390349
2604,260.305206,8.022644923783583
2605,260.405208,9.281530180273107
2606,260.50521,8.431330010573484
2607,260.605212,8.149955151972126
2608,260.705214,7.934032236452711
2609,260.80521600000003,7.8276156417209455
2610,260.905218,8.835983858840468
2611,261.00522,8.864003756909389
2612,261.105222,8.602833875230946
2613,261.20522400000004,9.25039211563286
2614,261.305226,8.535366411830667
2615,261.405228,8.666171477804895
2616,261.50523,8.291172650516971
2617,261.605232,8.370737693660377
2618,261.705234,9.6367781999049
2619,261.805236,9.731120790586965
2620,261.905238,9.71297268239981
2621,262.00524,8.584078152724665
2622,262.105242,7.364653179487588
2623,262.205244,7.7002173490368735
2624,262.305246,7.387403551738997
2625,262.40524800000003,6.951496365931129
2626,262.50525,6.9002056400987595
2627,262.60525199999995,6.8949011201675905
2628,262.705254,6.919893867565078
2629,262.805256,6.63415309241861
2630,262.905258,7.314067003751981
2631,263.00526,6.9811352115477465
2632,263.105262,7.364361295197748
2633,263.205264,7.220833540457399
2634,263.305266,8.106511645657767
2635,263.405268,7.933762313824255
2636,263.50527,8.211548635547238
2637,263.605272,7.6739669446125465
2638,263.70527400000003,8.571750693434591
2639,263.805276,7.801280579714698
2640,263.905278,8.405106074015555
2641,264.00528,7.961633230343133
2642,264.105282,7.4877610475523255
2643,264.205284,8.534136726990543
2644,264.305286,7.985794040992112
2645,264.405288,8.14544506777274
2646,264.50529,8.447068449127446
2647,264.605292,8.560804463115856
2648,264.705294,7.34677497521642
2649,264.80529600000006,7.108219900020424
2650,264.905298,6.438860291983492
2651,265.0053,6.858329724603089
2652,265.10530200000005,6.975965559938794
2653,265.205304,6.829466716790728
2654,265.305306,7.8756754160569145
2655,265.405308,8.637466600051766
2656,265.50531,8.392242784210168
2657,265.605312,7.663657577337748
2658,265.705314,8.3662356516284
2659,265.805316,7.708638982828896
2660,265.905318,7.692795703202959
2661,266.00532,7.527126196372086
2662,266.105322,7.5721724497074865
2663,266.205324,7.193203245465515
2664,266.305326,6.347853029692497
2665,266.405328,6.3046681479928885
2666,266.50533,6.786978054587197
2667,266.605332,6.492916684504758
2668,266.70533400000005,6.48796929859455
2669,266.805336,6.145763662754475
2670,266.905338,6.409796061313378
2671,267.00534000000005,6.468397844425403
2672,267.105342,6.276208242035336
2673,267.20534399999997,6.577099740555036
2674,267.30534600000004,7.508691188868487
2675,267.405348,7.544925658551512
2676,267.50534999999996,7.753803261565079
2677,267.60535200000004,7.337523569233314
2678,267.705354,6.999835319482117
2679,267.805356,6.984076979810121
2680,267.90535800000004,7.435067513423634
2681,268.00536,7.874744128344424
2682,268.105362,6.473408831725261
2683,268.205364,6.556105553273343
2684,268.305366,7.292487954388343
2685,268.405368,7.9851549679974685
2686,268.50536999999997,7.6679763329021275
2687,268.60537200000005,7.121015204047336
2688,268.705374,7.316872346492142
2689,268.80537599999997,7.866931594247289
2690,268.90537800000004,7.856679489782521
2691,269.00538,8.29253514875778
2692,269.10538199999996,8.18659443688786
2693,269.20538400000004,7.677722560588123
2694,269.305386,6.990245785928366
2695,269.40538799999996,7.680825290730143
2696,269.50539000000003,8.409443293816565
2697,269.605392,7.564930298390357
2698,269.705394,7.5972510431568905
2699,269.80539600000003,7.506025246737156
2700,269.905398,7.759285532436165
2701,270.0054,7.533972385652634
2702,270.105402,6.817238149442778
2703,270.205404,6.474980897305017
2704,270.305406,7.663112038238711
2705,270.405408,7.0488414836001585
2706,270.50541000000004,7.020646888162743
2707,270.605412,6.594035057595617
2708,270.70541399999996,7.584763173409863
2709,270.80541600000004,7.114770175164756
2710,270.905418,7.7586818620369495
2711,271.00541999999996,7.785007366008106
2712,271.10542200000003,7.5943381432175645
2713,271.205424,7.704277937240029
2714,271.30542599999995,6.93176297662293
2715,271.40542800000003,6.667960246820552
2716,271.50543,6.920660218260938
2717,271.605432,6.310523588071672
2718,271.705434,5.738184946283211
2719,271.805436,6.374201527154782
2720,271.905438,6.242104860152455
2721,272.00544,6.477835008741818
2722,272.105442,5.521588235566851
2723,272.205444,6.048091200600578
2724,272.305446,6.555138898486502
2725,272.40544800000004,6.643310737261429
2726,272.50545,6.67731519383438
2727,272.605452,6.6882725610090406
2728,272.70545400000003,7.125057507483276
2729,272.805456,6.42674702439864
2730,272.905458,6.191568579527196
2731,273.00546,6.174426103374479
2732,273.105462,5.734611183132833
2733,273.205464,6.500433871717297
2734,273.305466,6.857082641220891
2735,273.405468,7.951248658038969
2736,273.50547,7.7322587503395885
2737,273.605472,8.197147024734909
2738,273.705474,7.878766115764425
2739,273.805476,8.196787246105457
2740,273.905478,7.245266995327116
2741,274.00548,7.203446219443744
2742,274.105482,7.636322445687934
2743,274.205484,7.319738884018398
2744,274.30548600000003,6.741367112037292
2745,274.405488,6.906287637712527
2746,274.50549,6.807336363215279
2747,274.605492,7.107542632494232
2748,274.705494,6.659970379740654
2749,274.805496,7.693242252574751
2750,274.905498,6.552510945716038
2751,275.0055,6.326903862957422
2752,275.105502,6.456525612312491
2753,275.205504,6.098040204843579
2754,275.305506,6.083093013625994
2755,275.40550800000005,6.384327401052252
2756,275.50551,6.541961593985346
2757,275.605512,6.198028513816723
2758,275.70551400000005,6.0120566779089
2759,275.805516,6.451329344984817
2760,275.905518,6.667396344197913
2761,276.00552000000005,6.355867247056857
2762,276.105522,6.049453340591095
2763,276.205524,5.974654004950952
2764,276.305526,5.447353292186125
2765,276.405528,5.961131617135564
2766,276.50553,5.964567529679709
2767,276.605532,6.158768196503765
2768,276.705534,5.536716628091398
2769,276.805536,6.019038934181093
2770,276.905538,5.811717579430484
2771,277.00554,5.592610551291422
2772,277.105542,6.091289000911641
2773,277.205544,6.191577396672416
2774,277.30554600000005,5.948642797930533
2775,277.405548,6.655833026095423
2776,277.50554999999997,7.0570315949407005
2777,277.60555200000005,7.0503789115872335
2778,277.705554,7.250527079224437
2779,277.80555599999997,6.725149159739936
2780,277.90555800000004,6.123979825601678
2781,278.00556,5.534910559213967
2782,278.105562,5.852294730228059
2783,278.20556400000004,5.673562995589737
2784,278.305566,5.737185016807152
2785,278.405568,5.905592178405868
2786,278.50557000000003,5.878443690023818
2787,278.605572,6.1261567897182525
2788,278.705574,7.256706404639082
2789,278.805576,6.954373388265267
2790,278.905578,6.645042294030578
2791,279.00558,6.735893218099654
2792,279.10558199999997,6.179647586628824
2793,279.20558400000004,6.079922481384805
2794,279.305586,5.70161976027724
2795,279.40558799999997,5.679103615120141
2796,279.50559000000004,5.726587457594942
2797,279.605592,5.810212053356305
2798,279.70559399999996,6.375016267626799
2799,279.80559600000004,7.232711197939987
2800,279.905598,6.756914631223701
2801,280.0056,6.864773210564374
2802,280.10560200000003,7.018368543905625
2803,280.205604,7.186786710576471
2804,280.305606,6.571192748109866
2805,280.40560800000003,7.538386590172195
2806,280.50561,8.007805798318387
2807,280.605612,9.026562524233318
2808,280.705614,7.659589002023678
2809,280.805616,6.913755675407653
2810,280.905618,6.880426135798135
2811,281.00562,8.230060177271156
2812,281.10562200000004,7.593825410840947
2813,281.205624,7.638319911830279
2814,281.30562599999996,7.349697428572432
2815,281.40562800000004,6.538067555360493
2816,281.50563,8.090513005525223
2817,281.60563199999996,7.728424914868243
2818,281.70563400000003,7.124271395076231
2819,281.805636,7.113183297800393
2820,281.90563799999995,6.878502926736069
2821,282.00564,6.813738780109505
2822,282.105642,6.134309648137327
2823,282.205644,6.461710536523755
2824,282.305646,5.8237696823998535
2825,282.405648,5.4306129125123315
2826,282.50565,5.459620757859861
2827,282.605652,6.958283463084476
2828,282.705654,6.577857564938198
2829,282.805656,6.64524745608423
2830,282.905658,6.065704931555693
2831,283.00566000000003,6.22208624852936
2832,283.105662,6.205541622126971
2833,283.205664,5.8750566565531415
2834,283.30566600000003,5.861460995658318
2835,283.405668,6.660681595808733
2836,283.50567,7.524080912404904
2837,283.605672,7.921959198457206
2838,283.705674,7.762600808134331
2839,283.805676,7.77240406119978
2840,283.905678,7.533245178949739
2841,284.00568,7.579453741914936
2842,284.105682,6.767332718361579
2843,284.205684,6.370640661321448
2844,284.305686,6.1589654333574195
2845,284.405688,6.68982570329745
2846,284.50569,7.2561624327680745
2847,284.605692,6.486801573538955
2848,284.705694,6.451167942232918
2849,284.805696,6.179115687183918
2850,284.90569800000003,6.405473906259478
2851,285.0057,6.259893085963474
2852,285.105702,6.132370298675798
2853,285.205704,5.468383001044677
2854,285.305706,6.020255205492233
2855,285.405708,5.466788285960643
2856,285.50571,5.914543034871927
2857,285.605712,6.745038097565838
2858,285.705714,6.259692706975885
2859,285.805716,6.205386320026923
2860,285.905718,6.184551789998738
2861,286.00572000000005,6.157635056102429
2862,286.105722,6.551483014000918
2863,286.205724,5.803134671619002
2864,286.30572600000005,6.195498498290637
2865,286.405728,6.157756182579273
2866,286.50572999999997,6.228144449972735
2867,286.60573200000005,6.164356367357816
2868,286.705734,5.993620789042057
2869,286.805736,5.325184068815277
2870,286.905738,5.668746978896598
2871,287.00574,6.375794932945864
2872,287.105742,5.6148495807538765
2873,287.205744,5.6553497171366764
2874,287.305746,6.036530396062733
2875,287.405748,5.381567129806502
2876,287.50575,6.265011561856953
2877,287.605752,6.868794068983722
2878,287.705754,7.002712937278641
2879,287.805756,6.360313164429766
2880,287.90575800000005,6.17490358269314
2881,288.00576,5.426902250265483
2882,288.10576199999997,4.977383511732689
2883,288.20576400000004,4.976525874453177
2884,288.305766,5.623891676448778
2885,288.40576799999997,4.972659424197061
2886,288.50577000000004,5.420152743734747
2887,288.605772,5.902772992259729
2888,288.705774,4.429503563848043
2889,288.80577600000004,5.321800237032429
2890,288.905778,5.362111171787566
2891,289.00578,4.430220872485342
2892,289.10578200000003,4.793247753584292
2893,289.205784,5.153178915903715
2894,289.305786,5.393613974091547
2895,289.405788,5.264795037611248
2896,289.50579,5.29412423784611
2897,289.605792,5.978058477439506
2898,289.70579399999997,5.7261608616125015
2899,289.80579600000004,6.689281938314022
2900,289.905798,5.541755906484247
2901,290.00579999999997,5.34567973762471
2902,290.10580200000004,5.467315664860759
2903,290.205804,5.096637694539203
2904,290.30580599999996,5.603933895983849
2905,290.40580800000004,6.413265458478504
2906,290.50581,6.911211173471365
2907,290.605812,6.819562257834375
2908,290.70581400000003,7.330874431199751
2909,290.805816,6.071032604157386
2910,290.905818,5.95446191050382
2911,291.00582,5.607521976001662
2912,291.105822,6.024549040926303
2913,291.205824,6.506012593919102
2914,291.305826,6.528124398621754
2915,291.405828,6.455074729262058
2916,291.50583,6.622072302586355
2917,291.605832,7.230265878626798
2918,291.70583400000004,6.871879441051884
2919,291.805836,7.056324174618003
2920,291.905838,7.5197673282370925
2921,292.00584000000003,7.2610995397548885
2922,292.105842,7.9906620506259785
2923,292.20584399999996,6.882304849954747
2924,292.30584600000003,6.995329799321843
2925,292.405848,7.009808785128219
2926,292.50585,6.231430068824873
2927,292.605852,6.672191488628747
2928,292.705854,6.614958219674432
2929,292.805856,6.602286538592596
2930,292.905858,7.736569712729609
2931,293.00586,8.135464387844545
2932,293.105862,7.256081469726522
2933,293.205864,6.715490198797657
2934,293.305866,5.76105728842485
2935,293.405868,5.990342256627158
2936,293.50587,5.842389422179882
2937,293.60587200000003,5.739979508634211
2938,293.705874,6.082711570094847
2939,293.805876,6.244845290034297
2940,293.90587800000003,6.683871635816937
2941,294.00588,6.818081059234887
2942,294.105882,6.202477189167743
2943,294.205884,5.995161473709935
2944,294.305886,6.234527032309888
2945,294.405888,5.702174881779657
2946,294.50589,7.524771419073393
2947,294.605892,6.671443259407604
2948,294.70589400000006,6.951627259207518
2949,294.805896,7.507077070574649
2950,294.905898,6.773496424083557
2951,295.0059,6.445093014665028
2952,295.105902,7.272684810794581
2953,295.205904,6.373544113850819
2954,295.305906,6.362497542392512
2955,295.405908,6.19457012049543
2956,295.50591000000003,6.16365490418121
2957,295.605912,5.845021817667544
2958,295.705914,5.353980475547874
2959,295.805916,5.374641965555679
2960,295.905918,5.693968943713711
2961,296.00592,6.021406342267984
2962,296.105922,7.052948081079561
2963,296.205924,7.042328892782452
2964,296.305926,7.110215330086695
2965,296.405928,5.964132440683686
2966,296.50593,6.033615072891735
2967,296.60593200000005,5.7143953131091125
2968,296.705934,5.7284387763266205
2969,296.805936,6.125072536545307
2970,296.90593800000005,6.061121693898216
2971,297.00594,5.928873541805602
2972,297.10594199999997,6.7374327198400445
2973,297.20594400000004,6.796253117204098
2974,297.305946,6.8787542961727395
2975,297.405948,6.0393808881667095
2976,297.50595,5.735176413850099
2977,297.605952,6.781820080559102
2978,297.705954,5.852954078184386
2979,297.805956,5.750475517985412
2980,297.905958,5.29220187731689
2981,298.00596,6.198289508958331
2982,298.105962,5.351798601287901
2983,298.205964,5.516598320916932
2984,298.305966,5.210638328606685
2985,298.405968,5.850051088427461
2986,298.50597000000005,5.783297283283405
2987,298.605972,6.915036151902162
2988,298.70597399999997,6.343917816545254
2989,298.80597600000004,6.611422195706911
2990,298.905978,6.864000871965035
2991,299.00597999999997,6.751340396232735
2992,299.10598200000004,6.405164216870217
2993,299.205984,5.9447168493031475
2994,299.305986,5.977068804966104
2995,299.40598800000004,5.293594832912118
2996,299.50599,6.042097762111784
2997,299.605992,5.38762732559974
2998,299.70599400000003,5.93143070215904
2999,299.805996,6.358664370237078
3000,299.905998,6.049402013966066
3001,300.006,6.062737634895011
3002,300.106002,6.5290660234064015
3003,300.206004,7.132346982518405
3004,300.30600599999997,6.667381424460026
3005,300.40600800000004,6.197441198428901
3006,300.50601,6.413968122961056
3007,300.60601199999996,6.652489986690735
3008,300.70601400000004,7.0377362469405
3009,300.806016,6.673204021100134
3010,300.90601799999996,5.5368985801182315
3011,301.00602000000003,6.149335764743859
3012,301.106022,5.9974270192907735
3013,301.206024,6.281849298334815
3014,301.30602600000003,5.534111468566631
3015,301.406028,4.5614005422208255
3016,301.50603,5.865836454134352
3017,301.606032,5.340218689181427
3018,301.706034,5.513343430211155
3019,301.806036,5.4774691553554025
3020,301.906038,6.861497524326197
3021,302.00604,6.4366848503373735
3022,302.106042,6.1594916630983985
3023,302.206044,6.455301401251202
3024,302.30604600000004,7.361404257465541
3025,302.406048,7.3639051873942405
3026,302.50605,6.457492500036425
3027,302.60605200000003,5.317029771921432
3028,302.706054,6.277538226459427
3029,302.80605599999996,5.066201600778865
3030,302.90605800000003,6.412949884373789
3031,303.00606,6.193210963922225
3032,303.106062,5.708082541069849
3033,303.206064,5.7768903055676235
3034,303.306066,6.275882325384991
3035,303.406068,6.212077630031504
3036,303.50607,6.964765779150702
3037,303.606072,6.1601832742500156
3038,303.706074,4.995475658306697
3039,303.806076,5.1348656706213776
3040,303.906078,6.246714842796263
3041,304.00608,5.647474031549534
3042,304.106082,5.342206600931924
3043,304.20608400000003,5.0978281616248475
3044,304.306086,5.625939263893767
3045,304.406088,6.073740365104323
3046,304.50609000000003,4.9431831379966535
3047,304.606092,5.502180118433766
3048,304.706094,5.567841723799148
3049,304.806096,4.950645090641757
3050,304.906098,4.895363767621596
3051,305.00610000000006,4.668851562950671
3052,305.106102,4.841749478865236
3053,305.206104,5.010623506774434
3054,305.30610600000006,5.528469227644872
3055,305.406108,5.305449484660895
3056,305.50611,5.172477658116125
3057,305.606112,5.259659611772293
3058,305.706114,5.608948011312372
3059,305.806116,6.244991826974893
3060,305.906118,6.172323810544854
3061,306.00612,5.171962217811953
3062,306.106122,5.288370268115908
3063,306.206124,4.411728122050026
3064,306.306126,5.319284076789488
3065,306.406128,5.465739254213369
3066,306.50613,5.469468200095781
3067,306.606132,5.692840369933577
3068,306.706134,5.071216908023914
3069,306.806136,5.138129582926074
3070,306.90613800000006,4.8861250487720485
3071,307.00614,4.663146731908276
3072,307.106142,4.590572454203179
3073,307.20614400000005,5.5448421609235705
3074,307.306146,5.677245544144651
3075,307.406148,5.531602925953943
3076,307.50615000000005,6.169103481907963
3077,307.606152,5.727483931140691
3078,307.70615399999997,6.695260919480231
3079,307.80615600000004,5.320015319947179
3080,307.906158,5.549611032590696
3081,308.00616,4.778488864529327
3082,308.106162,5.44334116147311
3083,308.206164,5.932840250412987
3084,308.306166,5.572651758385967
3085,308.406168,5.5499154888687015
3086,308.50617,5.273107846165741
3087,308.606172,5.40369050777913
3088,308.706174,5.378952920269509
3089,308.806176,5.742193884474137
3090,308.906178,5.222118132805823
3091,309.00618,5.305282427134791
3092,309.10618200000005,5.975417109823936
3093,309.206184,6.16905793516551
3094,309.30618599999997,5.552806597443666
3095,309.40618800000004,6.650874173991214
3096,309.50619,5.342717338884276
3097,309.60619199999996,5.305916294023921
3098,309.70619400000004,4.709212130120394
3099,309.806196,4.840025435649377
3100,309.906198,4.578384942712632
3101,310.00620000000004,5.829153490062369
3102,310.106202,4.990658933146555
3103,310.206204,5.85727895971319
3104,310.30620600000003,6.196857068135137
3105,310.406208,5.905542887545572
3106,310.50621,5.880474027993898
3107,310.606212,4.876627699827213
3108,310.706214,5.377170224664436
3109,310.806216,5.501752912032361
3110,310.90621799999997,5.800164014029313
3111,311.00622000000004,5.6616076138741
3112,311.106222,5.635199772493679
3113,311.20622399999996,6.0820908072926985
3114,311.30622600000004,6.5305580446005544
3115,311.406228,6.678017397430526
3116,311.50622999999996,6.734998829448046
3117,311.60623200000003,6.862316905093137
3118,311.706234,7.5688001451835465
3119,311.806236,6.318552137471912
3120,311.90623800000003,6.524584733488743
3121,312.00624,6.263498140484086
3122,312.106242,5.692461207070536
3123,312.206244,6.244031526097468
3124,312.306246,6.06345588035893
3125,312.406248,5.860153154194785
3126,312.50625,6.081676017385046
3127,312.606252,5.7012547171604915
3128,312.706254,5.46565572057288
3129,312.806256,5.7305782712741
3130,312.90625800000004,5.279232637828303
3131,313.00626,5.006682114068537
3132,313.106262,4.974662350270657
3133,313.20626400000003,5.482181868253756
3134,313.306266,6.052952007290145
3135,313.40626799999995,5.897301290118917
3136,313.50627000000003,6.514942286595231
3137,313.606272,6.019915306784234
3138,313.706274,6.572436477298144
3139,313.806276,7.060190707185419
3140,313.906278,6.085084124638587
3141,314.00628,7.103606243618026
3142,314.106282,6.444245345649397
3143,314.206284,6.354883033466927
3144,314.306286,5.243076707616599
3145,314.406288,6.07122535109965
3146,314.50629,6.283864213901631
3147,314.606292,6.638560808073552
3148,314.706294,5.614430038725757
3149,314.80629600000003,4.908618086412729
3150,314.906298,5.504397125924763
3151,315.0063,5.550192149648143
3152,315.106302,5.179226155785159
3153,315.206304,4.920600308655148
3154,315.306306,5.648483970153899
3155,315.406308,5.858751879354845
3156,315.50631,6.534300566150545
3157,315.60631200000006,6.452162071044131
3158,315.706314,6.630781048509971
3159,315.806316,6.175489578367045
3160,315.90631800000006,5.726747180949374
3161,316.00632,5.580155854937335
3162,316.106322,5.7228735757931
3163,316.206324,6.164193081158102
3164,316.306326,5.831909165988552
3165,316.406328,5.717682483208079
3166,316.50633,6.445653438042047
3167,316.606332,6.1800445541945255
3168,316.706334,7.085762182632875
3169,316.806336,6.523739857727908
3170,316.906338,6.32997560914095
3171,317.00634,6.330026467726891
3172,317.106342,7.189301805191206
3173,317.206344,7.350582027680304
3174,317.306346,7.3940417465821335
3175,317.406348,7.051798194008703
3176,317.50635000000005,6.546235463873703
3177,317.606352,6.989572995377813
3178,317.706354,4.921613733575645
3179,317.80635600000005,5.298157663750425
3180,317.906358,5.824875517011399
3181,318.00636,5.880282826022073
3182,318.10636200000005,5.969524979324289
3183,318.206364,5.521701418580656
3184,318.30636599999997,5.136827317719612
3185,318.40636800000004,5.677515605953172
3186,318.50637,6.064175875605688
3187,318.606372,6.054727072941973
3188,318.706374,5.883685899747045
3189,318.806376,5.664025560864142
3190,318.906378,5.90324728742967
3191,319.00638,5.894345916585299
3192,319.106382,5.591914079050426
3193,319.206384,5.837827142511666
3194,319.306386,5.23994205919498
3195,319.40638800000005,5.808724965324739
3196,319.50639,6.168748598969377
3197,319.60639199999997,6.197280892661518
3198,319.70639400000005,5.5379676601827414
3199,319.806396,5.78985403193072
3200,319.90639799999997,5.67254679581374
3201,320.00640000000004,5.881259101761017
3202,320.106402,6.074341033956036
3203,320.20640399999996,5.910210486412531
3204,320.30640600000004,6.416040314354583
3205,320.406408,6.786939311342197
3206,320.50641,7.269193324099447
3207,320.60641200000003,7.173157085685568
3208,320.706414,6.942201162626008
3209,320.806416,6.235822860931007
3210,320.90641800000003,5.776938627116058
3211,321.00642,6.534496352574587
3212,321.106422,5.576737447993892
3213,321.206424,5.409611735372144
3214,321.306426,5.848807364361376
3215,321.406428,5.6940712379742076
3216,321.50642999999997,5.852597226846818
3217,321.60643200000004,5.984234459872134
3218,321.706434,5.209007236464339
3219,321.80643599999996,5.458115296594055
3220,321.90643800000004,5.499520332468426
3221,322.00644,6.312923836370474
3222,322.10644199999996,6.254999710371819
3223,322.20644400000003,5.750763558169833
3224,322.306446,5.368306249169777
3225,322.406448,5.681403765186355
3226,322.50645000000003,5.032838650921134
3227,322.606452,4.636927438297906
3228,322.706454,4.47047255599658
3229,322.806456,4.2313680535624405
3230,322.906458,4.381251282627707
3231,323.00646,4.529168628974004
3232,323.106462,4.587404665867035
3233,323.206464,4.648353831531339
3234,323.306466,5.242220051575792
3235,323.406468,5.325748501637155
3236,323.50647000000004,5.1692680596545175
3237,323.606472,5.483385803881924
3238,323.706474,5.807375566238053
3239,323.80647600000003,5.881473975496
3240,323.906478,6.468509564377399
3241,324.00647999999995,5.707738919234666
3242,324.106482,5.778410314483429
3243,324.206484,4.865407840041172
3244,324.306486,5.003230765730332
3245,324.406488,4.7187280927981545
3246,324.50649,4.558697875014528
3247,324.606492,4.666047927774575
3248,324.706494,4.679372252688157
3249,324.806496,5.38129834730837
3250,324.906498,5.250756727756515
3251,325.0065,5.825030257798358
3252,325.106502,5.194092377820879
3253,325.206504,5.166879570933519
3254,325.306506,5.2312318480977975
3255,325.40650800000003,6.62664802777317
3256,325.50651,6.04950290868958
3257,325.606512,5.778119355848785
3258,325.706514,6.194701316386893
3259,325.806516,6.94653543605863
3260,325.906518,6.872533055347683
3261,326.00652,6.176491703276685
3262,326.106522,7.076060124941385
3263,326.20652400000006,5.753881565415553
3264,326.306526,6.370266382411247
3265,326.406528,6.436874027230179
3266,326.50653000000005,6.05814809339785
3267,326.606532,5.92193155174833
3268,326.706534,5.720394898486081
3269,326.806536,5.7111243389584985
3270,326.906538,6.136621064731708
3271,327.00654,5.4845410293615755
3272,327.106542,5.790303120456551
3273,327.206544,6.584346631739229
3274,327.306546,7.250497948596294
3275,327.406548,7.612840226054653
3276,327.50655,7.394518462587744
3277,327.606552,7.2702990537801355
3278,327.706554,7.262007652763604
3279,327.806556,5.849631911732636
3280,327.906558,7.46380793928203
3281,328.00656,6.473044805751606
3282,328.10656200000005,6.818093526194538
3283,328.206564,5.489878500900058
3284,328.306566,6.068072166844586
3285,328.40656800000005,6.200928691623061
3286,328.50657,6.68603734272006
3287,328.60657199999997,6.135796420610125
3288,328.70657400000005,5.979054208150377
3289,328.806576,5.948109330391768
3290,328.90657799999997,6.032722929365272
3291,329.00658000000004,5.88380210585007
3292,329.106582,5.5345701934524785
3293,329.206584,5.63095290274454
3294,329.30658600000004,5.777405279988482
3295,329.406588,5.96274672672776
3296,329.50659,5.552922422675486
3297,329.606592,5.242626990309876
3298,329.706594,4.875362123234107
3299,329.806596,5.321723243492255
3300,329.906598,5.708433334279178
3301,330.00660000000005,5.398291261488615
3302,330.106602,5.066148710580522
3303,330.20660399999997,5.32358740548704
3304,330.30660600000004,5.921628759974706
3305,330.406608,6.161833850478374
3306,330.50660999999997,5.9676276191860795
3307,330.60661200000004,5.782241634327634
3308,330.706614,6.360237761754784
3309,330.80661599999996,5.956151809981927
3310,330.90661800000004,6.457727650230114
3311,331.00662,6.360948917509205
3312,331.106622,5.5573189872683795
3313,331.20662400000003,5.252762705663993
3314,331.306626,5.8452999114778335
3315,331.406628,5.422026691023012
3316,331.50663000000003,5.230438438832708
3317,331.606632,6.097177847545589
3318,331.706634,6.31415414951034
3319,331.806636,5.911948295353716
3320,331.90663800000004,6.174392852662806
3321,332.00664,5.489587070895504
3322,332.10664199999997,5.018154864494311
3323,332.20664400000004,5.07011191210208
3324,332.306646,5.724253507269486
3325,332.40664799999996,5.0933398021610525
3326,332.50665000000004,6.003307943339808
3327,332.606652,7.098206044178376
3328,332.70665399999996,5.445074044197885
3329,332.80665600000003,6.252079125740858
3330,332.906658,5.886305342150863
3331,333.00666,6.561189438678697
3332,333.10666200000003,6.972942413988667
3333,333.206664,6.6800869889166385
3334,333.306666,6.931966578542645
3335,333.406668,6.847223676514122
3336,333.50667,5.71703531065794
3337,333.606672,5.816027625669363
3338,333.706674,6.525532105806371
3339,333.80667600000004,6.433957024693355
3340,333.906678,5.867466055363857
3341,334.00668,6.747095361842524
3342,334.10668200000003,6.821576567769061
3343,334.206684,5.8567272284477125
3344,334.306686,7.329654284752197
3345,334.40668800000003,6.053638825546441
3346,334.50669,6.035719129689368
3347,334.60669199999995,6.413051348667313
3348,334.706694,6.196497733565323
3349,334.806696,6.281419802727943
3350,334.906698,7.014237974926064
3351,335.0067,6.513491236931566
3352,335.106702,6.7326180942876235
3353,335.206704,5.48312115393103
3354,335.306706,5.160338092799844
3355,335.406708,6.152559296993162
3356,335.50671,5.337112576637868
3357,335.606712,6.26882641548048
3358,335.706714,5.942476582426998
3359,335.806716,5.842758877078193
3360,335.906718,6.1831326926498145
3361,336.00672000000003,6.6514331297743405
3362,336.106722,6.259620792362114
3363,336.206724,5.87361046772289
3364,336.306726,5.948307828890522
3365,336.406728,5.717481907986947
3366,336.50673,6.742694855894079
3367,336.606732,6.120110656394303
3368,336.706734,6.48766996204163
3369,336.80673600000006,5.996064229699023
3370,336.906738,6.701770496983716
3371,337.00674,6.206368409096207
3372,337.10674200000005,6.945268181925219
3373,337.206744,5.951327499607897
3374,337.306746,6.607906865918801
3375,337.406748,6.814402081730094
3376,337.50675,6.8982785516633625
3377,337.606752,7.1651511163118355
3378,337.706754,7.428804002840932
3379,337.806756,6.889489835153344
3380,337.906758,8.120433854943325
3381,338.00676,7.5711298136856415
3382,338.106762,7.975410146759295
3383,338.206764,7.742662632749496
3384,338.306766,7.9879132472461345
3385,338.406768,7.0558715357289055
3386,338.50677,7.984323477074485
3387,338.606772,7.472776886195116
3388,338.70677400000005,7.888919155407257
3389,338.806776,8.40513726222519
3390,338.906778,7.94726143137743
3391,339.00678000000005,7.1551174868182725
3392,339.106782,7.689316462869479
3393,339.20678399999997,8.60011494199193
3394,339.30678600000005,8.455138333012234
3395,339.406788,7.923494600640813
3396,339.50678999999997,8.132825384527113
3397,339.60679200000004,8.789780045676459
3398,339.706794,8.719798589872363
3399,339.806796,8.54091371952845
3400,339.90679800000004,8.29918057970988
3401,340.0068,8.135827062466253
3402,340.106802,8.258152067555816
3403,340.206804,8.20570087521293
3404,340.306806,6.538501238731929
3405,340.406808,6.804659063428898
3406,340.50681,7.331640709492093
3407,340.60681200000005,6.580407330001305
3408,340.706814,6.148281390862946
3409,340.80681599999997,6.175852001637365
3410,340.90681800000004,6.263662540600779
3411,341.00682,6.064601713217449
3412,341.10682199999997,6.223898931621452
3413,341.20682400000004,6.32165569333249
3414,341.306826,6.332056410827231
3415,341.40682799999996,5.871023005247373
3416,341.50683000000004,6.556627059698468
3417,341.606832,5.551460494873005
3418,341.706834,5.923343754717331
3419,341.80683600000003,5.915296468637912
3420,341.906838,6.172794451382913
3421,342.00684,6.008933590604774
3422,342.10684200000003,7.3345617637984875
3423,342.206844,7.027878614436876
3424,342.306846,6.76510535599203
3425,342.406848,8.14971485646248
3426,342.50685000000004,7.686367840356732
3427,342.606852,8.078173932992723
3428,342.70685399999996,7.738658059429133
3429,342.80685600000004,7.700684118000105
3430,342.906858,7.218900165687661
3431,343.00685999999996,6.929402624798118
3432,343.10686200000004,6.803248509939205
3433,343.206864,6.247231516211212
3434,343.30686599999996,5.594897457896694
3435,343.40686800000003,5.9295254891230185
3436,343.50687,4.987899544752328
3437,343.606872,5.5242643113056715
3438,343.706874,5.818479677381335
3439,343.806876,5.6742559168446
3440,343.906878,6.71600262677094
3441,344.00688,5.769803492417161
3442,344.106882,6.197893563533877
3443,344.206884,5.866324658164702
3444,344.306886,5.913396492839331
3445,344.40688800000004,6.63862177110887
3446,344.50689,6.103205126570391
3447,344.606892,6.0319569966293525
3448,344.70689400000003,6.130942573252962
3449,344.806896,5.633839168749036
3450,344.906898,6.257145077175729
3451,345.00690000000003,6.680080795763728
3452,345.106902,6.044124826964279
3453,345.206904,5.725071556632713
3454,345.306906,6.024575966405768
3455,345.406908,5.856332647565249
3456,345.50691,5.354666577705799
3457,345.606912,6.245879193924417
3458,345.706914,5.739097884381706
3459,345.806916,6.443980420085985
3460,345.906918,6.038815271745714
3461,346.00692,5.821220955802126
3462,346.106922,6.805904091387041
3463,346.206924,6.525118398443599
3464,346.30692600000003,5.671341494253152
3465,346.406928,6.816721356182902
3466,346.50693,6.093087133489252
3467,346.60693200000003,5.8654326452909356
3468,346.706934,6.037488616756429
3469,346.806936,6.344741044074306
3470,346.906938,6.387422343295456
3471,347.00694,6.636640259457332
3472,347.106942,6.789550179746677
3473,347.206944,5.879299374382902
3474,347.306946,6.725178954702996
3475,347.40694800000006,5.589295808127069
3476,347.50695,6.967461758337036
3477,347.606952,6.552771569109949
3478,347.70695400000005,6.828524251845234
3479,347.806956,6.044105513251615
3480,347.906958,5.693460927731848
3481,348.00696000000005,5.839483670992699
3482,348.106962,6.339377375689154
3483,348.206964,6.675237269493193
3484,348.306966,5.9434370632172575
3485,348.406968,6.043451020684531
3486,348.50697,6.110972822966051
3487,348.606972,6.227718049633593
3488,348.706974,5.645758520231398
3489,348.806976,5.796435948845215
3490,348.906978,5.483467760646174
3491,349.00698,5.9596789799628915
3492,349.106982,5.550165933026261
3493,349.206984,5.838556389475684
3494,349.30698600000005,5.73900627636882
3495,349.406988,5.862783727884451
3496,349.50699,5.450238647960516
3497,349.60699200000005,5.176056803495049
3498,349.706994,5.563183673895393
3499,349.80699599999997,4.466687912816877
3500,349.90699800000004,4.671516003200612
3501,350.007,5.190440182154922
3502,350.10700199999997,4.6701686445167425
3503,350.20700400000004,4.97713657550704
3504,350.307006,5.588431306819215
3505,350.407008,5.498998738847516
3506,350.50701000000004,6.192296719130926
3507,350.607012,5.221990157390943
3508,350.707014,5.334310923613652
3509,350.807016,5.777899126554553
3510,350.907018,5.628281896485211
3511,351.00702,5.932150051294398
3512,351.107022,6.058626877256495
3513,351.20702400000005,6.291193909134778
3514,351.307026,5.930035362020972
3515,351.40702799999997,6.99360197265077
3516,351.50703000000004,7.00145533391222
3517,351.607032,6.612926183263994
3518,351.70703399999996,6.3753050626331245
3519,351.80703600000004,6.203370160807758
3520,351.907038,5.870714156894878
3521,352.00703999999996,6.380204722549214
3522,352.10704200000004,6.572703090017941
3523,352.207044,5.793705110384627
3524,352.307046,5.422970186813079
3525,352.40704800000003,5.756382842650212
3526,352.50705,5.9354398113489175
3527,352.607052,6.126000448124788
3528,352.707054,6.209157068564567
3529,352.807056,6.326522435712315
3530,352.907058,6.399686423539029
3531,353.00706,6.849463289961863
3532,353.10706200000004,6.721003171696621
3533,353.207064,6.967416860033839
3534,353.30706599999996,6.324582410097108
3535,353.40706800000004,7.369340354801461
3536,353.50707,7.136078240431352
3537,353.60707199999996,7.064606701320758
3538,353.70707400000003,7.347868470004926
3539,353.807076,6.628100183659341
3540,353.90707799999996,6.904462754293253
3541,354.00708000000003,7.645370177309758
3542,354.107082,6.974502932500695
3543,354.207084,5.9504665955755325
3544,354.307086,6.467067055571914
3545,354.407088,6.305777217751625
3546,354.50709,6.201962085310861
3547,354.607092,7.00537774974225
3548,354.707094,7.8068434393633135
3549,354.807096,7.6702226293503335
3550,354.907098,7.731115013313534
3551,355.00710000000004,7.337162557066795
3552,355.107102,6.786927084301238
3553,355.207104,6.665635810649025
3554,355.30710600000003,7.658281732233191
3555,355.407108,7.973019227735593
3556,355.50711,7.2629268905794815
3557,355.60711200000003,7.172197682724046
3558,355.707114,6.9375183862333305
3559,355.807116,6.612259047778069
3560,355.907118,6.264470753210303
3561,356.00712,6.310076425800597
3562,356.107122,7.451001297634582
3563,356.207124,7.06636498083904
3564,356.307126,7.803670142910907
3565,356.407128,7.097190083605512
3566,356.50713,7.544678439928995
3567,356.607132,7.000599256169431
3568,356.707134,6.468049478686062
3569,356.807136,7.400565991626841
3570,356.90713800000003,6.455261802623095
3571,357.00714,6.538686748720426
3572,357.107142,7.001530915471836
3573,357.207144,6.803969081709493
3574,357.307146,6.691677910495416
3575,357.407148,6.394473347492006
3576,357.50715,6.9960062075269
3577,357.607152,7.477040421403247
3578,357.707154,7.138126914052519
3579,357.807156,7.1896661951114424
3580,357.907158,6.021239640976956
3581,358.00716000000006,6.371384996575765
3582,358.107162,6.634647130674698
3583,358.207164,6.560948799598905
3584,358.30716600000005,6.43781119963655
3585,358.407168,6.386344958666549
3586,358.50717,6.224490088596949
3587,358.60717200000005,6.173000862503476
3588,358.707174,6.105916724856225
3589,358.807176,6.0929279783933135
3590,358.907178,6.709481471904971
3591,359.00718,6.084600151181015
3592,359.107182,6.86645611976241
3593,359.207184,6.556568948138589
3594,359.307186,5.717793803520279
3595,359.407188,6.290308861844833
3596,359.50719,6.763969705491548
3597,359.607192,4.74224703362687
3598,359.707194,5.084534478304076
3599,359.807196,4.915557632912036
3600,359.90719800000005,5.980385067197514
3601,360.0072,6.12352297194609
3602,360.107202,6.086629589370356
3603,360.20720400000005,6.408664003615666
3604,360.307206,6.695383752069096
3605,360.40720799999997,7.239174195521882
3606,360.50721000000004,6.939883254647103
3607,360.607212,6.835026203090758
3608,360.707214,7.05079773324498
3609,360.80721600000004,7.461530622179302
3610,360.907218,6.86818709829835
3611,361.00722,7.026963635276443
3612,361.10722200000004,6.849740137603745
3613,361.207224,7.8221556153940295
3614,361.307226,7.449007850093289
3615,361.407228,6.353971583800711
3616,361.50723,6.423328251887444
3617,361.607232,6.416381176944006
3618,361.70723399999997,6.502731741778318
3619,361.80723600000005,7.097759995403427
3620,361.907238,6.6957995923011016
3621,362.00723999999997,7.316546421580547
3622,362.10724200000004,7.221178615057376
3623,362.207244,7.869557393757932
3624,362.30724599999996,7.238942348843382
3625,362.40724800000004,7.219717786491627
3626,362.50725,7.320433746936362
3627,362.60725199999996,6.671613673750736
3628,362.70725400000003,6.661036302295937
3629,362.807256,6.5140431678889765
3630,362.907258,6.349123281911227
3631,363.00726000000003,6.96433288376606
3632,363.107262,7.367816227107766
3633,363.207264,6.616538340158472
3634,363.307266,6.850168648241857
3635,363.407268,7.8921161013533885
3636,363.50727,7.971649352531089
3637,363.607272,7.183226767487469
3638,363.70727400000004,7.0055820913625455
3639,363.807276,7.308229473543277
3640,363.907278,7.578078314919605
3641,364.00728000000004,6.541877742160633
3642,364.107282,6.804159322981047
3643,364.20728399999996,6.698764336475576
3644,364.30728600000003,6.426906608114342
3645,364.407288,6.669409351093774
3646,364.50728999999995,7.550508406474249
3647,364.60729200000003,7.505343311686578
3648,364.707294,7.89580416000027
3649,364.807296,7.559211267725985
3650,364.907298,7.075209132156211
3651,365.0073,6.464628934112893
3652,365.107302,7.160119265508973
3653,365.207304,7.6264919317530095
3654,365.307306,7.106868923395255
3655,365.407308,7.180611042192994
3656,365.50731,7.242646125120512
3657,365.60731200000004,6.296359211136321
3658,365.707314,6.391301489385409
3659,365.807316,6.920068188927815
3660,365.90731800000003,5.98769930539197
3661,366.00732,6.001056035792343
3662,366.107322,5.791197826614906
3663,366.207324,6.859625350225268
3664,366.307326,6.932514577704414
3665,366.407328,6.167132323902836
3666,366.50733,6.391656434374228
3667,366.607332,6.8696059913105305
3668,366.70733400000006,6.636648847842959
3669,366.807336,6.7145212337858995
3670,366.907338,6.591420219750913
3671,367.00734,6.605852362264304
3672,367.107342,6.039299221140857
3673,367.207344,5.741239191306598
3674,367.307346,6.702404037318114
3675,367.407348,5.74346137896664
3676,367.50735000000003,5.770326226382567
3677,367.607352,7.0058581869318255
3678,367.707354,6.297920626888801
3679,367.807356,7.536281105515414
3680,367.907358,6.494636687284061
3681,368.00736,6.826867585998248
3682,368.107362,6.062989395503862
3683,368.207364,7.277752377256354
3684,368.307366,6.974146052539926
3685,368.407368,7.290449346499154
3686,368.50737,7.751033549982773
3687,368.60737200000005,7.48788328172978
3688,368.707374,6.932372589826032
3689,368.807376,7.199985235815517
3690,368.90737800000005,7.592501988323063
3691,369.00738,7.818540444459657
3692,369.107382,7.633637407463889
3693,369.20738400000005,6.694254698307738
3694,369.307386,6.7246812878997275
3695,369.407388,7.493973387837024
3696,369.50739,6.366880339415567
3697,369.607392,6.146813116436169
3698,369.707394,6.090289791582501
3699,369.807396,6.107790313704612
3700,369.907398,6.281189052745915
3701,370.0074,6.334273588551483
3702,370.107402,6.871206685548063
3703,370.207404,6.171962343099312
3704,370.307406,6.1292349684863865
3705,370.407408,5.6655970678233825
3706,370.50741000000005,6.681775035873896
3707,370.607412,6.408208590298101
3708,370.70741399999997,6.801509612825128
3709,370.80741600000005,6.277011682714258
3710,370.907418,6.5862104295360835
3711,371.00741999999997,6.286806213397362
3712,371.10742200000004,6.447218569304449
3713,371.207424,5.909935585560561
3714,371.307426,5.917242599966028
3715,371.40742800000004,6.514123312692767
3716,371.50743,6.339985468715085
3717,371.607432,6.378299807498294
3718,371.70743400000003,6.683119019419234
3719,371.807436,5.727893104776318
3720,371.907438,5.865713842035093
3721,372.00744,6.330485719752156
3722,372.107442,5.745492418585668
3723,372.207444,5.951317477452224
3724,372.30744599999997,5.5374503852059025
3725,372.40744800000004,5.773326500420556
3726,372.50745,5.797628785169176
3727,372.60745199999997,5.50752476714458
3728,372.70745400000004,6.301551331004738
3729,372.807456,6.021393393519312
3730,372.90745799999996,6.1282335856778944
3731,373.00746000000004,5.687799636322122
3732,373.107462,6.2582329044864355
3733,373.207464,6.284342555191478
3734,373.30746600000003,6.471679665724862
3735,373.407468,6.773192295199576
3736,373.50747,6.1849354299768535
3737,373.60747200000003,6.242407125116837
3738,373.707474,6.86000272750598
3739,373.807476,6.294845371682754
3740,373.907478,6.7111777089583144
3741,374.00748,7.091612103747053
3742,374.107482,7.497048741540556
3743,374.207484,7.062505901420405
3744,374.30748600000004,7.508169275868088
3745,374.407488,7.033136274887664
3746,374.50749,6.4384424318808335
3747,374.60749200000004,6.038829453435242
3748,374.707494,5.9291474575728005
3749,374.80749599999996,6.955711753918202
3750,374.90749800000003,7.383023820002081
3751,375.0075,7.57298352461377
3752,375.107502,7.163424263736168
3753,375.20750400000003,6.883612549661442
3754,375.307506,6.86583418344577
3755,375.407508,6.469990783090246
3756,375.50751,6.0176450096577465
3757,375.607512,5.958731792490906
3758,375.707514,6.083975548899308
3759,375.807516,7.017116597365311
3760,375.907518,6.8571906518273495
3761,376.00752,6.953430413212771
3762,376.107522,6.467841727408473
3763,376.20752400000003,6.902340132923133
3764,376.307526,7.1161137096554565
3765,376.407528,7.153056956454169
3766,376.50753000000003,7.00711895379079
3767,376.607532,7.245569364178582
3768,376.707534,7.752100610623068
3769,376.807536,7.191025964441524
3770,376.907538,7.5745115177701
3771,377.00754,6.972711642926752
3772,377.107542,7.555628339225192
3773,377.207544,7.053403684250633
3774,377.30754600000006,7.417472872339263
3775,377.407548,7.366516883820198
3776,377.50755,6.250565094248509
3777,377.607552,6.415228006195644
3778,377.707554,6.977780116371612
3779,377.807556,6.753789869287088
3780,377.907558,6.727517119057014
3781,378.00756,7.491890454753097
3782,378.10756200000003,7.07948423389591
3783,378.207564,6.818167140181489
3784,378.307566,7.244423554309475
3785,378.407568,6.954886212534455
3786,378.50757,6.761109883594877
3787,378.607572,7.518598198691477
3788,378.707574,6.985114900311686
3789,378.807576,6.837996123237593
3790,378.907578,6.2200222906573694
3791,379.00758,5.946445176016062
3792,379.107582,6.672418976442061
3793,379.20758400000005,7.040673594533543
3794,379.307586,6.832573596084836
3795,379.407588,5.629392126983877
3796,379.50759000000005,5.271298431918198
3797,379.607592,6.079388167996257
3798,379.707594,7.529142162216177
3799,379.80759600000005,6.843519003915832
3800,379.907598,6.964526585456019
3801,380.0076,6.813397400254342
3802,380.107602,6.800782166640786
3803,380.207604,6.216000847133726
3804,380.307606,5.943529890158179
3805,380.407608,5.619336103507481
3806,380.50761,5.737771695721392
3807,380.607612,6.666927167840119
3808,380.707614,7.101956908594496
3809,380.807616,7.257136218541183
3810,380.907618,6.192828138989418
3811,381.00762,7.202273363835247
3812,381.10762200000005,6.107304013811019
3813,381.207624,5.28192633366727
3814,381.30762599999997,6.136315495782647
3815,381.40762800000005,5.712343907226239
3816,381.50763,6.729571137988028
3817,381.60763199999997,5.958435808696359
3818,381.70763400000004,5.793768949241693
3819,381.807636,5.008694869535108
3820,381.907638,5.367962751694192
3821,382.00764000000004,5.588293774285817
3822,382.107642,6.251081771436125
3823,382.207644,5.638776082379148
3824,382.30764600000003,5.953719420785281
3825,382.407648,5.825038894685065
3826,382.50765,6.117594377778195
3827,382.60765200000003,6.424248181231102
3828,382.707654,5.947835063639151
3829,382.807656,6.135158856741002
3830,382.90765799999997,5.643615292933389
3831,383.00766000000004,6.57428153382789
3832,383.107662,7.094639894822372
3833,383.20766399999997,5.938063928153979
3834,383.30766600000004,6.207987440481074
3835,383.407668,6.222982063952051
3836,383.50766999999996,6.249096659701594
3837,383.60767200000004,5.892024817238033
3838,383.707674,7.37064064537449
3839,383.807676,7.300203469862919
3840,383.90767800000003,6.377382050352294
3841,384.00768,6.386299621753423
3842,384.107682,5.4771919650677505
3843,384.20768400000003,6.503977853970181
3844,384.307686,6.07967684089596
3845,384.407688,6.589314581135104
3846,384.50769,5.62739964682212
3847,384.607692,6.267306079668594
3848,384.707694,5.614841987557987
3849,384.807696,5.85111279527929
3850,384.90769800000004,5.63117543174524
3851,385.0077,6.178803756296038
3852,385.107702,6.576124535709898
3853,385.20770400000004,6.559738305491334
3854,385.307706,6.440843374670378
3855,385.40770799999996,6.579479491494743
3856,385.50771000000003,7.248153459431661
3857,385.607712,6.779566845395235
3858,385.707714,6.463834001832147
3859,385.807716,6.03310664561396
3860,385.907718,6.192460312618689
3861,386.00772,6.300160912418246
3862,386.107722,5.736611185827416
3863,386.207724,6.079329653421015
3864,386.307726,6.359793102657055
3865,386.407728,4.571741421906511
3866,386.50773,5.728475770970049
3867,386.607732,5.61610102617601
3868,386.707734,6.165697800505603
3869,386.80773600000003,5.795812806106394
3870,386.907738,6.0393739514233795
3871,387.00774,6.318384937867732
3872,387.10774200000003,5.411371513881846
3873,387.207744,5.328104814677839
3874,387.307746,6.1486274570948805
3875,387.407748,5.8511613800440765
3876,387.50775,6.124022654174047
3877,387.60775200000006,6.258468068131151
3878,387.707754,5.947937112562777
3879,387.807756,6.5347879386519185
3880,387.90775800000006,6.9933674194508635
3881,388.00776,6.057951846526007
3882,388.107762,6.157787727058127
3883,388.207764,6.067409255804823
3884,388.307766,5.41541689790056
3885,388.407768,5.541095198994978
3886,388.50777,4.863266972203694
3887,388.607772,6.001519109895284
3888,388.70777400000003,6.473678686048364
3889,388.807776,5.871984292530176
3890,388.907778,6.53026338533749
3891,389.00778,6.610829305356169
3892,389.107782,7.158562526652041
3893,389.207784,6.524490420566292
3894,389.307786,7.0051697651831315
3895,389.407788,5.878090002285049
3896,389.50779,5.7888374328445265
3897,389.607792,7.053800682354634
3898,389.707794,6.710101457600131
3899,389.80779600000005,6.226733329623189
3900,389.907798,6.368194529554304
3901,390.0078,6.600416071296263
3902,390.10780200000005,6.708015905914503
3903,390.207804,6.053303320817648
3904,390.30780599999997,6.624132955942719
3905,390.40780800000005,6.4735225958999925
3906,390.50781,6.937900373960118
3907,390.607812,7.167109895531402
3908,390.707814,7.0508114650501055
3909,390.807816,6.935835308018557
3910,390.907818,6.964010327466162
3911,391.00782,7.223321634932003
3912,391.107822,6.361946122009942
3913,391.207824,6.805913445915673
3914,391.307826,7.630057865237409
3915,391.407828,7.645782018274196
3916,391.50783,7.801854748607814
3917,391.607832,6.792164778415139
3918,391.70783400000005,6.936704315560697
3919,391.807836,7.203767702308196
3920,391.90783799999997,6.98574682668131
3921,392.00784000000004,7.415403656255482
3922,392.107842,6.82125146680112
3923,392.20784399999997,6.978927840383139
3924,392.30784600000004,6.800173467271217
3925,392.407848,5.8805075842473755
3926,392.50785,6.724575138244802
3927,392.60785200000004,7.110298130531886
3928,392.707854,7.542215077869423
3929,392.807856,7.582494474696188
3930,392.90785800000003,6.863506176788665
3931,393.00786,7.119356981603769
3932,393.107862,6.918446597730166
3933,393.20786400000003,6.884601363678589
3934,393.307866,6.234004577785172
3935,393.407868,6.752791432210794
3936,393.50786999999997,6.886569747503273
3937,393.60787200000004,7.094964816651276
3938,393.707874,6.9558886722293
3939,393.80787599999996,6.863834903392232
3940,393.90787800000004,6.756129230204061
3941,394.00788,6.707071227579775
3942,394.10788199999996,6.337775038792018
3943,394.20788400000004,7.01435955476883
3944,394.307886,6.878107420549092
3945,394.407888,7.198111944447386
3946,394.50789000000003,6.2803233840353245
3947,394.607892,6.103178413515833
3948,394.707894,6.672506975791544
3949,394.807896,6.8220134140414315
3950,394.907898,6.778409924097667
3951,395.0079,7.077192837487803
3952,395.107902,7.33795498625975
3953,395.207904,6.173084024632761
3954,395.307906,6.856045313127529
3955,395.407908,6.474457995427835
3956,395.50791000000004,7.74988210561379
3957,395.607912,7.079630966262189
3958,395.707914,6.964682305166137
3959,395.80791600000003,6.786063375244861
3960,395.907918,6.997308987283837
3961,396.00791999999996,7.2158582944982035
3962,396.10792200000003,7.560316227270328
3963,396.207924,6.751032765010852
3964,396.307926,8.066123824860906
3965,396.407928,7.936630000805685
3966,396.50793,8.365066527106055
3967,396.607932,7.884767276805413
3968,396.707934,7.774990907116983
3969,396.807936,7.249712689060382
3970,396.907938,7.509329274077703
3971,397.00794,7.97191512895132
3972,397.107942,7.521885812051378
3973,397.207944,6.968898967453752
3974,397.307946,8.048170860776853
3975,397.40794800000003,8.136178851123189
3976,397.50795,8.309224249399332
3977,397.607952,6.87985516855123
3978,397.70795400000003,6.973657961334207
3979,397.807956,7.458766906114661
3980,397.907958,7.958758305399785
3981,398.00796,7.26368649840865
3982,398.107962,7.0153963531145465
3983,398.20796400000006,6.5800951939939765
3984,398.307966,6.300526013316059
3985,398.407968,5.343172002507716
3986,398.50797000000006,6.346672921073023
3987,398.607972,6.338918515159341
3988,398.707974,7.333688442596341
3989,398.807976,6.798233911173357
3990,398.907978,6.81997709443973
3991,399.00798,5.580896266587143
3992,399.107982,6.468292709840232
3993,399.207984,7.627442367004398
3994,399.307986,6.933282109314119
3995,399.407988,6.705421694593808
3996,399.50799,7.245306423058624
3997,399.607992,6.208714819861572
3998,399.707994,6.876583785810648
3999,399.807996,7.8047715878478465
4000,399.907998,8.007400022797935
4001,400.000014,8.389552664993035
