Frame,Time (ns),RMSD
1,0.0,1.9652211854165742e-05
2,0.100002,1.8432472185110127
3,0.200004,1.95594920851884
4,0.30000600000000005,2.7273827801346844
5,0.400008,3.2519302875328653
6,0.50001,2.760270737163505
7,0.6000120000000001,3.7704280315560945
8,0.700014,3.933928995491709
9,0.800016,3.93278954798331
10,0.900018,3.8123007841568324
11,1.00002,4.7065440381783885
12,1.1000219999999998,4.787984324446058
13,1.2000240000000002,4.123366779897638
14,1.3000260000000001,5.085935707430892
15,1.400028,5.429084551360543
16,1.50003,5.624541065673038
17,1.600032,5.452985753770515
18,1.700034,5.847218062046497
19,1.800036,5.665087848623505
20,1.9000380000000001,4.724559237034098
21,2.00004,5.610237357121502
22,2.1000419999999997,5.169969905638558
23,2.2000439999999997,5.829730835465727
24,2.300046,5.406385966621409
25,2.4000480000000004,5.600950543238568
26,2.5000500000000003,5.69971417727842
27,2.6000520000000003,5.435434075119968
28,2.700054,5.338233313379011
29,2.800056,5.38032529589914
30,2.900058,5.562721799358603
31,3.00006,5.70003190686539
32,3.100062,5.621076078085154
33,3.200064,5.595260400487006
34,3.300066,5.250410717016267
35,3.400068,5.295507647200847
36,3.50007,5.000252788580117
37,3.600072,5.2787887604694275
38,3.700074,5.493904196561286
39,3.8000760000000002,5.750086544975784
40,3.900078,5.807510947039659
41,4.00008,5.547050154092031
42,4.1000820000000004,5.746468398253517
43,4.2000839999999995,5.3486985738834525
44,4.300086,5.555669592567068
45,4.400087999999999,5.361977240407311
46,4.50009,5.530948758993181
47,4.600092,5.267281258314644
48,4.700094,5.576743451337814
49,4.800096000000001,5.441600436227325
50,4.900098,5.122424001043888
51,5.000100000000001,5.360594410164776
52,5.100102,5.172059232615534
53,5.2001040000000005,5.147694432522152
54,5.3001059999999995,4.970301810884221
55,5.400108,5.576928586092342
56,5.500109999999999,5.207416904946003
57,5.600112,4.647868610220716
58,5.700114,4.45935132093081
59,5.800116,4.556015440059478
60,5.900118,4.4583069213651205
61,6.00012,4.6321349978524315
62,6.100122000000001,4.77683434618107
63,6.200124,5.140758265365892
64,6.300126000000001,5.3818183376601985
65,6.400128,5.269879641794479
66,6.50013,5.5636080546179
67,6.600132,5.33285397280496
68,6.700134,5.284763126828206
69,6.800136,5.602362364257102
70,6.900138,5.0661200294384665
71,7.00014,5.113180534080685
72,7.100142,5.299743159710289
73,7.200144,5.363753281032476
74,7.300146,4.6088378234570495
75,7.400148,4.304356868454954
76,7.5001500000000005,4.680269980251942
77,7.6001520000000005,4.830450411631877
78,7.700154,5.067210786718684
79,7.800156,4.33815373182231
80,7.900158,4.725591498159313
81,8.00016,4.864788993963727
82,8.100162000000001,5.181222077096609
83,8.200164000000001,5.119861154658806
84,8.300166,5.044128137761495
85,8.400167999999999,5.206652603485025
86,8.50017,5.104973463578108
87,8.600172,5.231028004825383
88,8.700174,4.580822047305097
89,8.800175999999999,4.735879569767421
90,8.900178,4.7663963765532
91,9.00018,4.81193342189279
92,9.100182,4.721887039598902
93,9.200184,4.896221058141581
94,9.300186,4.374405138163408
95,9.400188,4.570350381242306
96,9.50019,4.424112780496524
97,9.600192000000002,4.390766777021472
98,9.700194,4.294462286687629
99,9.800196,4.315064747637452
100,9.900198,4.4862083226229155
101,10.000200000000001,4.572001147557735
102,10.100202,4.488849651143805
103,10.200204,4.6976228325313425
104,10.300206,5.258245580726017
105,10.400208000000001,4.991951810030439
106,10.500210000000001,5.586670400635785
107,10.600211999999999,5.382237002016108
108,10.700214,5.650448637469769
109,10.800216,6.336901138694764
110,10.900218,6.071399613444438
111,11.000219999999999,6.601547887066302
112,11.100222,6.3021796315345915
113,11.200224,6.4661513733051414
114,11.300226,6.20640642201097
115,11.400228,5.610397530821374
116,11.50023,6.066040503687984
117,11.600232,6.2387994884102564
118,11.700234,6.545278143117735
119,11.800236,6.402808020648472
120,11.900238,6.558767957264785
121,12.00024,6.688627745085971
122,12.100242,6.78743267121885
123,12.200244000000001,6.693860283243782
124,12.300246000000001,6.566656426277899
125,12.400248,6.5659905996337775
126,12.50025,6.832438292605794
127,12.600252000000001,6.479108611584299
128,12.700254000000001,6.235497185307287
129,12.800256,6.768157078839595
130,12.900258,6.397633109790703
131,13.00026,6.39556604642689
132,13.100262,5.909182533287299
133,13.200264,5.962018982545677
134,13.300265999999999,6.687525306302734
135,13.400268,6.568563639505333
136,13.50027,6.319460992436354
137,13.600272,6.330234373337452
138,13.700274,6.467070019163438
139,13.800276,6.307491618608983
140,13.900278,6.607922882511832
141,14.00028,6.64036526440211
142,14.100282000000002,6.6975588258958485
143,14.200284,6.881911907823527
144,14.300286,6.291504661949777
145,14.400288,7.032142560364246
146,14.500290000000001,6.7723134723793414
147,14.600292,7.24115621518357
148,14.700294,7.027993838598958
149,14.800296,7.174302796453018
150,14.900298000000001,7.602914595676471
151,15.000300000000001,7.239341603105013
152,15.100302,7.439865647222952
153,15.200304000000001,7.238343275861183
154,15.300306,7.3148948332366315
155,15.400308,7.16436334306962
156,15.500309999999999,7.507582411821055
157,15.600312,7.362100504870584
158,15.700314,7.361774238214032
159,15.800316,7.13133197803163
160,15.900318,7.747557252428968
161,16.00032,7.68749806700333
162,16.100322,7.793475666602035
163,16.200324000000002,7.476251891553254
164,16.300326000000002,7.94121788762586
165,16.400328000000002,7.87781588181963
166,16.50033,7.4040263294114705
167,16.600332,7.3885677474572224
168,16.700333999999998,7.209251076226983
169,16.800335999999998,7.88671507787264
170,16.900338,7.73724175634527
171,17.00034,7.946114443307212
172,17.100342,7.628123320051603
173,17.200344,7.6780964026272285
174,17.300346,7.4577667800279785
175,17.400348,7.677931157970627
176,17.50035,7.721793164240092
177,17.600351999999997,7.640633895718139
178,17.700354,7.222835744843885
179,17.800356,6.704719394928321
180,17.900358,7.421235445970765
181,18.00036,7.466102051722823
182,18.100362,7.643715177237713
183,18.200364,7.841332490820708
184,18.300366,7.96337878116823
185,18.400368,7.9696480895848865
186,18.50037,7.643357563222114
187,18.600372,7.859141171050196
188,18.700374,7.9145976113262115
189,18.800376,7.6101848555318465
190,18.900378,7.339200113672763
191,19.00038,7.267465142413799
192,19.100382,7.874050309279825
193,19.200384000000003,7.591529826155554
194,19.300386,7.674162502462349
195,19.400388,7.85195644124499
196,19.50039,7.522990496919709
197,19.600392,7.408815317222198
198,19.700394,7.567848970518143
199,19.800396,7.542371752239454
200,19.900398000000003,7.369252681321128
201,20.000400000000003,7.307007575348242
202,20.100402000000003,7.6769382226971645
203,20.200404,7.551533447866729
204,20.300406,7.645509729690945
205,20.400408,7.762111231647257
206,20.50041,7.681321033902644
207,20.600412,7.838576669706432
208,20.700414000000002,7.813580311798321
209,20.800416000000002,7.609111652460947
210,20.900418000000002,7.855467198796731
211,21.000420000000002,7.6976165525265206
212,21.100422,7.523530092767622
213,21.200423999999998,7.833047792891478
214,21.300425999999998,8.059875973602225
215,21.400428,7.819036118279568
216,21.50043,7.86775617728721
217,21.600432,7.781242231772745
218,21.700434,7.977909884424303
219,21.800436,7.710744365725101
220,21.900438,7.6587856974878425
221,22.000439999999998,7.867002784905612
222,22.100441999999997,7.59738597541254
223,22.200444,7.689335032124516
224,22.300446,7.889129944105314
225,22.400448,7.704359483711144
226,22.50045,7.497576857336115
227,22.600452,7.3051837654407255
228,22.700454,7.491205601022348
229,22.800456,7.561636052057093
230,22.900458,7.306944362534757
231,23.00046,7.698802799270925
232,23.100462,7.73092619283478
233,23.200464,7.432416218441411
234,23.300466,7.489955929810799
235,23.400468,7.46185273056836
236,23.50047,7.485771788588529
237,23.600472,7.638749701131824
238,23.700474000000003,7.4441740625894
239,23.800476,7.70204892327081
240,23.900478,7.656233174145653
241,24.00048,7.8855069188039275
242,24.100482,7.84254716054798
243,24.200484,7.583502565263391
244,24.300486,7.521166706884708
245,24.400488000000003,7.683476081281819
246,24.500490000000003,7.528669640226771
247,24.600492000000003,7.652478035373502
248,24.700494,7.705727649705538
249,24.800496,7.583244071476432
250,24.900498,7.680941211550973
251,25.0005,7.804647937479783
252,25.100502,7.839780808065859
253,25.200504000000002,7.755228521603205
254,25.300506000000002,7.3883308747503476
255,25.400508000000002,7.571011622441276
256,25.500510000000002,7.720408242831758
257,25.600512,7.86077349983769
258,25.700514,7.679475097443006
259,25.800516,7.573413889532652
260,25.900518,7.6774088497668975
261,26.00052,7.433620360553417
262,26.100522,7.921761955406478
263,26.200524,7.481338108721518
264,26.300526,7.588463897837547
265,26.400528,7.883690438965528
266,26.500529999999998,7.8107218433180154
267,26.600531999999998,8.047068133527993
268,26.700534,7.856536406316161
269,26.800536,7.70074652322793
270,26.900538,7.8155696849326555
271,27.00054,7.84894124966293
272,27.100542,7.888911089328724
273,27.200544,7.694886302426178
274,27.300546,7.531853338094944
275,27.400548,7.596761063530798
276,27.50055,7.735203192996376
277,27.600552,7.527018789945058
278,27.700554,7.911685869069914
279,27.800556,7.7610284165610155
280,27.900558,7.914127565509271
281,28.00056,7.686523303821992
282,28.100562,7.28326131353236
283,28.200564000000004,7.419080297079997
284,28.300566,7.64126671244913
285,28.400568,7.531855732674731
286,28.50057,7.747684710907905
287,28.600572,7.443168844324758
288,28.700574,7.206023868220582
289,28.800576,7.383464087113301
290,28.900578000000003,7.331010931304637
291,29.000580000000003,7.279056823029684
292,29.100582000000003,7.381606838491178
293,29.200584,7.322173976897088
294,29.300586,7.398760926235408
295,29.400588,7.350621750835416
296,29.50059,7.287581680406011
297,29.600592,7.139472155312924
298,29.700594000000002,7.497870330481641
299,29.800596000000002,7.477479125570155
300,29.900598000000002,7.694843798742305
301,30.000600000000002,7.740125687391605
302,30.100602,7.614775599065477
303,30.200604,7.387444509782433
304,30.300606,7.352693232354106
305,30.400608000000002,7.68993060346622
306,30.50061,7.80313012013637
307,30.600612,7.377641512956487
308,30.700614,7.231311435141003
309,30.800616,7.526897627188759
310,30.900618,7.509734413370126
311,31.000619999999998,7.647432832878761
312,31.100621999999998,7.48584875892143
313,31.200624,7.398254984952989
314,31.300626,7.598944137536988
315,31.400628,7.669924908717921
316,31.50063,7.378383135265985
317,31.600632,7.378104393553898
318,31.700634,7.76266949219014
319,31.800636,7.607472825162565
320,31.900638,7.560309830568578
321,32.00064,7.404678802044184
322,32.100642,7.811900302306888
323,32.200644,7.263000410886002
324,32.300646,7.499032009814444
325,32.400648000000004,7.602171265552622
326,32.50065,7.440381039487109
327,32.600652000000004,7.447000248124629
328,32.700654,7.504388393063083
329,32.800656000000004,7.723426589618342
330,32.900658,7.2761395672309295
331,33.00066,7.4494027662500075
332,33.10066200000001,7.489574802895327
333,33.200664,7.240474363896782
334,33.300666,7.498053390500279
335,33.400667999999996,7.429186533566322
336,33.50067,7.474077417098476
337,33.600671999999996,7.412905859845751
338,33.700674,7.510311837964153
339,33.800676,7.4594218668794925
340,33.900678,7.256069677059697
341,34.00068,7.745642581030506
342,34.100682,7.594170380288028
343,34.200684,7.454827327008731
344,34.300686,7.635835237070802
345,34.400688,7.398879753822004
346,34.500690000000006,7.4565428692527735
347,34.600692,7.800574977680175
348,34.700694000000006,7.669820166999265
349,34.800696,7.61011839041375
350,34.900698000000006,7.361714866637404
351,35.0007,7.639126004872269
352,35.100702,7.742192570579311
353,35.200703999999995,7.352005242617499
354,35.300706,7.7502483118435
355,35.400708,7.580827885540455
356,35.50071,7.412672419408069
357,35.600712,7.382262322899732
358,35.700714,7.473823975770434
359,35.800716,7.588602306831617
360,35.900718,7.572664582497784
361,36.00072,7.47845534621127
362,36.100722000000005,7.416054930923469
363,36.200724,7.525374673785787
364,36.300726000000004,7.45717594932608
365,36.400728,7.445696340257352
366,36.500730000000004,7.433307678416553
367,36.600732,7.5061342645230535
368,36.700734000000004,7.552149444656564
369,36.800736,7.63601038385531
370,36.900738,7.464417539631508
371,37.00074,7.814357655146184
372,37.100742,7.858197844858956
373,37.200744,7.589799866772594
374,37.300746,7.6719708920377
375,37.400748,7.841539130906675
376,37.50075,7.390929783068897
377,37.600752,7.624255403961055
378,37.700754,7.335895460436371
379,37.800756,7.35227847445942
380,37.900758,7.598644246271932
381,38.00076,7.1704718812229675
382,38.100762,7.454535900910726
383,38.200764,7.550800177703176
384,38.300766,7.886757051879857
385,38.40076800000001,7.617249723816663
386,38.50077,7.336496285832312
387,38.600772,7.958788703563697
388,38.700773999999996,8.255415302485494
389,38.800776,7.772660045984073
390,38.900777999999995,7.527288780810372
391,39.00078,7.53491903685003
392,39.100782,7.271487277690487
393,39.200784,7.50178402786965
394,39.300786,6.64423452649121
395,39.400788,7.109147652037639
396,39.50079,7.121133204680601
397,39.600792,6.930756759320503
398,39.700794,7.049333438698095
399,39.800796000000005,6.928483978643889
400,39.900798,7.061129833621306
401,40.000800000000005,6.87652096403895
402,40.100802,6.631103060269003
403,40.200804000000005,6.712895493736869
404,40.300806,7.1734742362825585
405,40.400808,7.341818490659126
406,40.500809999999994,6.928113598892578
407,40.600812,7.077171686169041
408,40.700814,7.257442091643562
409,40.800816,7.1004266337052115
410,40.900818,6.957092156295582
411,41.00082,7.034310621007459
412,41.100822,7.22511352485486
413,41.200824,7.295428551414342
414,41.300826,6.919723451356995
415,41.400828000000004,7.009223067361458
416,41.50083,7.342458802045098
417,41.600832000000004,7.334312240439104
418,41.700834,7.205270818021451
419,41.800836000000004,7.194016503323698
420,41.900838,7.189239873008949
421,42.000840000000004,7.014340647137083
422,42.10084200000001,7.345768456168165
423,42.200844,7.224163317839243
424,42.300846,7.0157887397432495
425,42.400847999999996,7.320914228139387
426,42.50085,7.45012641148264
427,42.600851999999996,7.1282955375703745
428,42.700854,6.798072394760536
429,42.800856,7.008417334790267
430,42.900858,7.050320480374225
431,43.00086,7.15155460857816
432,43.100862,7.15409856023526
433,43.200864,6.847535125421691
434,43.300866,6.9176200846001725
435,43.400868,7.145641783486434
436,43.500870000000006,7.002710014319336
437,43.600872,7.075289135778948
438,43.700874000000006,6.969229142925181
439,43.800876,6.792375271417259
440,43.900878000000006,6.983864588830623
441,44.000879999999995,6.966119920902911
442,44.100882,6.931926706830401
443,44.200883999999995,7.150408065239783
444,44.300886,7.178889292316076
445,44.400888,7.086021570036287
446,44.50089,7.049709288686536
447,44.600892,7.083050283838836
448,44.700894,7.067888284685726
449,44.800896,7.124923143761383
450,44.900898,7.069397746531583
451,45.0009,7.508371011502511
452,45.100902000000005,7.446316784764643
453,45.200904,7.2059676958682655
454,45.300906000000005,7.655560182829081
455,45.400908,7.604414625018118
456,45.500910000000005,7.397625872762377
457,45.600912,7.357632032799343
458,45.700914000000004,7.260869030392678
459,45.800916,7.286974158258397
460,45.900918,7.370028237516671
461,46.00092,7.41595377334125
462,46.100922,7.481681137657554
463,46.200924,6.9469275027253
464,46.300926,7.077262254914053
465,46.400928,7.0838295447400395
466,46.50093,6.985816531942624
467,46.600932,7.315749847297058
468,46.700934000000004,7.408657869805366
469,46.800936,6.981440910394243
470,46.900938000000004,6.9608424081004285
471,47.00094,7.063068392841196
472,47.100942,7.223767427401225
473,47.200944,7.028052988799437
474,47.300946,7.187111293119189
475,47.40094800000001,7.057811116158243
476,47.50095,7.121707519534199
477,47.600952,7.089282097863788
478,47.700953999999996,6.823136505229233
479,47.800956,7.000211544803194
480,47.900957999999996,7.204859730547698
481,48.00096,6.825306226936468
482,48.100962,7.395698841167726
483,48.200964,7.335612947571247
484,48.300966,7.246568858335207
485,48.400968,7.2809701285585655
486,48.50097,7.062659019748993
487,48.600972,7.015482533575019
488,48.700974,7.1468353350278315
489,48.800976000000006,7.145600792833729
490,48.900978,6.917062338287538
491,49.000980000000006,7.136137007074469
492,49.100982,7.67504671788191
493,49.200984000000005,7.219323808212073
494,49.300986,7.157105800888166
495,49.400988,7.279521590171456
496,49.500989999999994,7.06372157347987
497,49.600992,7.127978439077858
498,49.700994,7.034202424136723
499,49.800996,7.130611701298825
500,49.900998,7.187716679561324
501,50.001,7.362852379222599
502,50.101002,7.449708799650322
503,50.201004,7.109919192090238
504,50.301006,6.963325957971308
505,50.401008000000004,7.1925591872930985
506,50.50101,7.006810540831533
507,50.601012000000004,7.089850895120464
508,50.701014,7.457654885505066
509,50.801016000000004,7.818854482603432
510,50.901018,7.815220443323837
511,51.001020000000004,7.725523462114188
512,51.10102200000001,7.861186983577175
513,51.201024,7.497821741608745
514,51.301026,7.7104002605510775
515,51.401028,7.653456566847096
516,51.50103,7.618163537126655
517,51.601032,7.414977753288202
518,51.701034,7.380405122732028
519,51.801036,7.51569700795094
520,51.901038,7.165611933306715
521,52.00104,7.518755486800723
522,52.101042,7.624219880574288
523,52.201044,7.903381841894612
524,52.301046,7.673440029057405
525,52.401048,7.682720611930136
526,52.501050000000006,7.018480282236886
527,52.601052,6.945366358649025
528,52.701054000000006,7.145460421237119
529,52.801056,7.173411874643046
530,52.901058000000006,7.2442749826311585
531,53.001059999999995,7.403439258027721
532,53.101062,7.269774023003326
533,53.201063999999995,7.368339268743019
534,53.301066,7.099901611706826
535,53.401068,7.177026016668902
536,53.50107,7.4274144245341045
537,53.601072,7.683320995342162
538,53.701074,7.391598006214963
539,53.801076,7.371578340343836
540,53.901078,7.439540267622237
541,54.00108,7.128779721037378
542,54.101082000000005,7.340329355755802
543,54.201084,7.3543883247977995
544,54.301086000000005,7.196235646296977
545,54.401088,6.840608403417486
546,54.501090000000005,7.3003236076641596
547,54.601092,7.1818079871886535
548,54.701094000000005,7.137412570826458
549,54.801096,7.2589976376088705
550,54.901098,7.125910909348067
551,55.0011,7.035064474389047
552,55.101102,7.511260506958797
553,55.201104,7.3254529364924705
554,55.301106,6.906147006152784
555,55.401108,7.408869066668839
556,55.50111,7.240311095558026
557,55.601112,7.786981682214284
558,55.701114000000004,7.535908482548096
559,55.801116,7.046594218246412
560,55.901118000000004,7.480610699230343
561,56.00112,7.193819684822422
562,56.101122000000004,7.20908914838957
563,56.201124,7.426168086123672
564,56.301126000000004,7.448255500378568
565,56.40112800000001,7.426016465940953
566,56.50113,7.5474013478873605
567,56.601132,7.2559139344306
568,56.701133999999996,7.389320003033951
569,56.801136,7.053761922760371
570,56.901137999999996,7.382181842477791
571,57.00114,7.179421259771769
572,57.101142,7.345546307898724
573,57.201144,7.176074400319348
574,57.301146,7.022369329605029
575,57.401148,7.250427131940734
576,57.50115,7.39086840044803
577,57.601152,7.358076371094248
578,57.701154,6.877520409938398
579,57.801156000000006,7.148590467072713
580,57.901158,7.022267274834671
581,58.001160000000006,7.204216553301674
582,58.101162,7.187625260490146
583,58.201164000000006,7.278061869967421
584,58.301166,7.248128904903943
585,58.401168,7.2318266739427335
586,58.501169999999995,7.321733298773351
587,58.601172,7.444674222723574
588,58.701174,7.279182093302317
589,58.801176,7.099659802058266
590,58.901178,6.910506314556675
591,59.00118,7.410614628486708
592,59.101182,7.461927786965362
593,59.201184,7.537980417496108
594,59.301186,7.61034530926718
595,59.401188000000005,7.432109720438828
596,59.50119,7.399064223578601
597,59.601192000000005,7.224080652931329
598,59.701194,7.244098447025509
599,59.801196000000004,7.308874371114153
600,59.901198,7.0706444353959625
601,60.001200000000004,6.986854184461609
602,60.10120200000001,7.2192190311615585
603,60.201204,7.136679047071553
604,60.301206,7.203155094438575
605,60.401208,7.092475943518572
606,60.50121,7.432761974817184
607,60.601212,7.066558076315009
608,60.701214,7.43940697492127
609,60.801216000000004,7.659252808286562
610,60.901218,7.187570153242667
611,61.00122,7.0566921666491105
612,61.101222,6.842900986278619
613,61.201224,6.892215374011763
614,61.301226,7.3284177337992995
615,61.401228,7.063893365165251
616,61.50123000000001,6.974692252353541
617,61.601232,7.314786750521241
618,61.70123400000001,6.817592482953941
619,61.801236,7.1095451053609775
620,61.901238000000006,7.465447197037839
621,62.001239999999996,7.378248544991951
622,62.101242,7.288800251316862
623,62.201243999999996,6.992878198344939
624,62.301246,6.997078220199074
625,62.401248,6.7944331271686105
626,62.50125,6.888126429969019
627,62.601252,6.98084663605371
628,62.701254,6.959884782810933
629,62.801256,6.565142881246156
630,62.901258,6.657387936623328
631,63.00126,6.691260226697714
632,63.101262000000006,6.547049968847742
633,63.201264,6.289756899310016
634,63.301266000000005,6.220323433365814
635,63.401268,6.311081740173432
636,63.501270000000005,5.923853381911808
637,63.601272,6.525979312986403
638,63.701274000000005,6.387907920189923
639,63.801276,6.63665068042878
640,63.901278,6.877248881482329
641,64.00128,6.938792513947554
642,64.101282,6.524690450589692
643,64.201284,6.667490203094452
644,64.301286,6.703538803724307
645,64.401288,7.102919526697621
646,64.50129,6.899224872587732
647,64.601292,6.778758316800878
648,64.701294,6.2985172331505
649,64.80129600000001,6.74110095908801
650,64.901298,6.687779056225976
651,65.0013,6.618757153390382
652,65.101302,6.773584112812554
653,65.20130400000001,6.328188222918975
654,65.30130600000001,6.6805050279739175
655,65.401308,6.923167721561067
656,65.50131,6.711669519773989
657,65.60131200000001,6.894303576241152
658,65.701314,6.7312364714442685
659,65.801316,6.822461147246377
660,65.901318,7.12314940888146
661,66.00132,6.6607442250111335
662,66.101322,6.72647761732395
663,66.20132400000001,6.936662601404267
664,66.301326,6.814049677118103
665,66.401328,7.027867923401253
666,66.50133,6.892239464421388
667,66.601332,7.037997535491029
668,66.701334,6.938966918400053
669,66.80133599999999,7.131118533757816
670,66.90133800000001,7.235194335401299
671,67.00134,6.922472522876205
672,67.101342,7.2197927440718495
673,67.20134399999999,7.677890697958098
674,67.30134600000001,7.181650311112609
675,67.401348,6.961278515859825
676,67.50135,6.9077671701633
677,67.601352,6.655907299262578
678,67.70135400000001,6.724345154582911
679,67.801356,6.250992643785045
680,67.901358,6.598667241358859
681,68.00136,6.325240191346571
682,68.10136200000001,6.431508014733644
683,68.201364,6.474142760340048
684,68.301366,6.19763936262372
685,68.401368,6.551162904274381
686,68.50137,6.50025462990151
687,68.601372,7.138470949146429
688,68.701374,6.882800483146798
689,68.801376,6.857977711334148
690,68.901378,6.998768374269547
691,69.00138000000001,6.928804320012618
692,69.101382,7.095071982222376
693,69.201384,7.3669874951599414
694,69.301386,7.174120477237737
695,69.40138800000001,6.728336932477243
696,69.50139,7.085095400737403
697,69.601392,6.644060242455192
698,69.701394,6.367574185549907
699,69.80139600000001,6.428451565734213
700,69.901398,6.522455441139289
701,70.0014,6.752375859275026
702,70.10140200000001,7.036738216761676
703,70.201404,6.8013615636626605
704,70.301406,7.055562409810145
705,70.40140799999999,6.654702341560976
706,70.50141,6.6411899593958985
707,70.601412,6.806445593902159
708,70.701414,6.59874507215972
709,70.801416,6.40422320030422
710,70.901418,6.260971102977816
711,71.00142,6.619170804771292
712,71.101422,6.969927109027314
713,71.201424,6.6305117062529435
714,71.301426,7.248099638131852
715,71.401428,6.690184691621863
716,71.50143000000001,6.510741184161605
717,71.601432,7.012081787975896
718,71.701434,6.569377371773265
719,71.801436,6.631843200414708
720,71.901438,6.517272136791464
721,72.00144,6.350676909595565
722,72.10144199999999,6.9202825541785264
723,72.20144400000001,6.234985269791337
724,72.301446,6.126172638557007
725,72.401448,6.232285521191302
726,72.50144999999999,6.14164563574783
727,72.60145200000001,5.885501940784036
728,72.701454,6.529619598822324
729,72.801456,6.869569345989021
730,72.901458,6.851726230479989
731,73.00146000000001,6.826076635053404
732,73.101462,6.420989109459917
733,73.201464,6.393643620446999
734,73.301466,6.341701133950347
735,73.40146800000001,6.870539871582288
736,73.50147,6.272099318634675
737,73.601472,6.5141559161741736
738,73.701474,6.3747873663207155
739,73.801476,6.405014791679357
740,73.901478,6.505167941638855
741,74.00148,6.6395883504425015
742,74.101482,6.882330638317646
743,74.201484,6.6274234560220995
744,74.30148600000001,6.162075395546622
745,74.401488,6.519368054285145
746,74.50149,6.5922663692932115
747,74.601492,6.7589419887824995
748,74.70149400000001,6.655985380202729
749,74.801496,5.978477655141751
750,74.901498,6.030907109118642
751,75.0015,6.581117148606012
752,75.10150200000001,6.44419401383852
753,75.201504,7.188381043556089
754,75.301506,7.634236598532029
755,75.401508,7.768868419284669
756,75.50151,7.866261777746032
757,75.601512,8.503674376359063
758,75.70151399999999,7.704762084968795
759,75.801516,7.908395326592929
760,75.901518,7.725980489828145
761,76.00152,7.97965162457789
762,76.101522,7.889349783253082
763,76.201524,7.935613431483621
764,76.301526,7.781883212787137
765,76.401528,7.6149413786870355
766,76.50153,8.029758143380844
767,76.601532,8.724826504847005
768,76.701534,8.200324999456242
769,76.80153600000001,8.472927968194856
770,76.901538,8.302075740103273
771,77.00154,8.560499310551194
772,77.101542,8.546858077235017
773,77.201544,8.447673527250913
774,77.301546,8.649143907698829
775,77.40154799999999,8.452182121844478
776,77.50155000000001,8.334650994855686
777,77.601552,8.659142430175967
778,77.701554,8.209747637070892
779,77.80155599999999,8.24069156153404
780,77.90155800000001,8.741872518134175
781,78.00156,8.587246075581396
782,78.101562,8.468199025828783
783,78.201564,8.7700711232913
784,78.30156600000001,8.449152511063483
785,78.401568,8.458074520974517
786,78.50157,8.305291813564482
787,78.601572,8.408462787229515
788,78.70157400000001,8.639275264111117
789,78.801576,9.401338965846291
790,78.90157800000001,9.169230640041318
791,79.00158,8.76799581901506
792,79.101582,8.217090962704594
793,79.201584,8.439980683688836
794,79.301586,8.556649736660622
795,79.401588,7.702213722280884
796,79.50159,7.721778487934509
797,79.60159200000001,7.978912845622751
798,79.701594,8.164109688795316
799,79.801596,8.577443109188371
800,79.90159799999999,8.496144981397544
801,80.00160000000001,7.847727702803578
802,80.101602,9.158923433842029
803,80.201604,9.739782335396589
804,80.301606,9.007001109206493
805,80.40160800000001,9.31570069894164
806,80.50161,8.778519828688793
807,80.601612,9.073178181927291
808,80.701614,9.017591848450355
809,80.801616,8.117082794413042
810,80.901618,9.059245539137068
811,81.00161999999999,8.194154638206134
812,81.101622,8.577988467193213
813,81.201624,8.824181816314809
814,81.301626,7.823569110217892
815,81.401628,7.9590187853233845
816,81.50163,8.616591427853896
817,81.601632,7.651020120312897
818,81.701634,7.740729369243776
819,81.801636,8.116215532930028
820,81.901638,7.33821421113962
821,82.00164,7.566056073070707
822,82.10164200000001,7.633698827811046
823,82.201644,7.663520485543754
824,82.301646,7.773245340118779
825,82.401648,7.982374088299811
826,82.50165000000001,8.677100381526222
827,82.601652,8.990729855176527
828,82.70165399999999,9.258981028692821
829,82.80165600000001,8.636349731931297
830,82.901658,9.635166130824695
831,83.00166,9.213675958212857
832,83.10166199999999,7.660598131899748
833,83.20166400000001,7.655808982263178
834,83.301666,7.436217623000119
835,83.401668,7.2275684313006066
836,83.50167,7.865165451474251
837,83.60167200000001,8.137624962881711
838,83.701674,8.452140831526124
839,83.801676,9.107370876927265
840,83.901678,8.025375400691876
841,84.00168000000001,8.443911461506772
842,84.101682,8.80335303856006
843,84.20168400000001,8.64496244451966
844,84.301686,8.198736358116445
845,84.401688,8.321711980544654
846,84.50169,8.49518195963135
847,84.601692,8.471777764552495
848,84.701694,8.985021289612739
849,84.80169599999999,8.99223349188205
850,84.90169800000001,8.274143026138875
851,85.0017,8.01441079796682
852,85.101702,7.428592644679456
853,85.20170399999999,7.628020601363827
854,85.30170600000001,7.680114703404438
855,85.401708,7.922688998265252
856,85.50171,8.111834942669171
857,85.601712,7.680076577513224
858,85.70171400000001,7.244077373547093
859,85.801716,7.373039087330575
860,85.901718,8.433313222133792
861,86.00172,8.589921517810959
862,86.10172200000001,8.557921076329725
863,86.201724,8.325323941380281
864,86.301726,8.300540415915048
865,86.401728,7.914734297485418
866,86.50173,7.539552684549855
867,86.601732,7.015483520060963
868,86.701734,8.776571320504566
869,86.801736,9.81325992789016
870,86.901738,9.920433666921026
871,87.00174000000001,9.606393701547322
872,87.101742,9.305691581431322
873,87.201744,9.33305216703395
874,87.301746,9.842084189695026
875,87.40174800000001,9.232322560842812
876,87.50175,9.564774642972369
877,87.601752,9.900336110762924
878,87.701754,9.27481596226848
879,87.80175600000001,8.818702771681432
880,87.901758,9.482330182911502
881,88.00175999999999,9.625705281437085
882,88.10176200000001,9.681485295022739
883,88.201764,9.010501886580428
884,88.301766,9.354783412535241
885,88.40176799999999,10.036932213111617
886,88.50177000000001,9.717802118715886
887,88.601772,9.783359771607847
888,88.701774,9.32606115225718
889,88.801776,9.616474972899896
890,88.90177800000001,8.798959401800722
891,89.00178,9.344046985908657
892,89.101782,9.383352117901497
893,89.201784,10.030106409305553
894,89.301786,9.73903735739578
895,89.401788,9.320606154752435
896,89.50179000000001,9.442861278802695
897,89.601792,9.284866095702004
898,89.701794,9.807040262591817
899,89.801796,9.767299170142742
900,89.901798,9.883976140086068
901,90.0018,9.382054256838261
902,90.10180199999999,9.724296203249386
903,90.20180400000001,9.615751836108187
904,90.301806,10.052946382708539
905,90.401808,8.857467778345516
906,90.50180999999999,9.200905070051016
907,90.60181200000001,9.194529974797577
908,90.701814,9.349720338858969
909,90.801816,10.019737891095065
910,90.901818,9.278178457789359
911,91.00182000000001,9.770884381383572
912,91.101822,9.093806234222079
913,91.201824,9.99332937037086
914,91.301826,10.097004937139447
915,91.40182800000001,9.286246830276765
916,91.50183,10.043444869899563
917,91.601832,10.75956824448661
918,91.701834,9.783677521497975
919,91.801836,9.129336973321173
920,91.901838,9.351450379199532
921,92.00184,9.161017439190976
922,92.101842,8.517006390687586
923,92.201844,8.699150317788677
924,92.30184600000001,8.785855769163385
925,92.401848,8.161825453278599
926,92.50185,9.33130727743661
927,92.601852,9.564031714605656
928,92.70185400000001,8.414409918134817
929,92.801856,9.485153041620142
930,92.901858,9.204839299658415
931,93.00186,9.595619336077114
932,93.10186200000001,9.429283416439826
933,93.201864,9.378034803031134
934,93.301866,10.095083622295277
935,93.40186800000001,9.866918631956077
936,93.50187,9.21060430872667
937,93.601872,9.789818421666526
938,93.70187399999999,9.340987423229212
939,93.80187600000001,8.801664654109382
940,93.901878,8.05537982939561
941,94.00188,8.417482159936622
942,94.101882,8.557855579711724
943,94.201884,8.631767367713987
944,94.301886,8.727754034605274
945,94.401888,8.930101196103404
946,94.50189,8.431803578610173
947,94.601892,8.676858892052687
948,94.701894,9.162007226625711
949,94.80189600000001,8.931820227849759
950,94.901898,8.915466070633173
951,95.0019,8.81804057735355
952,95.101902,8.58986296196781
953,95.201904,8.618380797692035
954,95.301906,8.723907813848715
955,95.40190799999999,8.72225713316762
956,95.50191000000001,9.699680326411068
957,95.601912,10.374016510054087
958,95.701914,10.067636596176818
959,95.80191599999999,10.238343372295235
960,95.90191800000001,9.966024960782097
961,96.00192,9.858191509600081
962,96.101922,9.361168422249174
963,96.201924,9.4485600414794
964,96.30192600000001,9.075025274465373
965,96.401928,8.391435652672895
966,96.50193,8.80158566474714
967,96.601932,9.297259010485783
968,96.70193400000001,8.739655601847321
969,96.801936,9.431379872317182
970,96.90193800000002,9.066460882321703
971,97.00194,8.986878587189953
972,97.101942,8.667846141138533
973,97.201944,8.752566283200084
974,97.301946,8.841738317995935
975,97.401948,9.349973414880159
976,97.50195,9.105716993065274
977,97.60195200000001,9.748727538971204
978,97.701954,8.919858370548463
979,97.801956,9.206932589742536
980,97.901958,9.119736478527686
981,98.00196000000001,9.30758318557887
982,98.101962,9.514857986522278
983,98.201964,9.35462783479324
984,98.30196600000001,9.36291217025485
985,98.40196800000001,9.044814223711366
986,98.50197,9.546922037026828
987,98.601972,9.637078118354513
988,98.701974,10.138719823416425
989,98.801976,9.885019477658584
990,98.901978,9.969129620527772
991,99.00197999999999,9.73105000110253
992,99.101982,9.431870581416467
993,99.201984,9.313946511134924
994,99.301986,9.287821920285039
995,99.401988,9.2888870929801
996,99.50199,9.523404354065645
997,99.601992,9.464445118220228
998,99.701994,9.681790634566871
999,99.801996,9.77488013842008
1000,99.901998,9.630453557152345
1001,100.002,10.374358261132617
1002,100.10200200000001,9.300034107701403
1003,100.202004,9.931027480148005
1004,100.302006,9.694234431823753
1005,100.402008,9.619744603655409
1006,100.50201000000001,9.489949282744245
1007,100.602012,9.765696379222017
1008,100.70201399999999,9.606882302873466
1009,100.80201600000001,10.034995451347871
1010,100.902018,10.004129993654189
1011,101.00202,10.034942591044071
1012,101.10202199999999,10.128704790225692
1013,101.20202400000001,10.276057113094557
1014,101.302026,10.197692819272419
1015,101.402028,10.204026522910013
1016,101.50203,10.840919539916817
1017,101.60203200000001,10.556131789588118
1018,101.702034,10.054652121644672
1019,101.802036,10.34124479303311
1020,101.902038,9.963659959815136
1021,102.00204000000001,9.800529524143403
1022,102.102042,10.289282511875783
1023,102.20204400000001,10.242601373335459
1024,102.302046,10.16448190519339
1025,102.402048,9.988210986488095
1026,102.50205,10.31082998896183
1027,102.602052,9.77077705828324
1028,102.702054,10.117187754594763
1029,102.802056,10.333477844879813
1030,102.90205800000001,10.273591182107975
1031,103.00206,9.84203733590319
1032,103.102062,10.115705391792508
1033,103.202064,9.971191016363914
1034,103.30206600000001,9.663302409365611
1035,103.402068,10.046986457816176
1036,103.50207,9.892939172153872
1037,103.602072,9.966689817858066
1038,103.70207400000001,9.829231027957164
1039,103.802076,9.562573677543357
1040,103.902078,9.76848824857787
1041,104.00208,9.75374409546411
1042,104.10208200000001,9.827504916850812
1043,104.202084,10.405881351352571
1044,104.302086,10.13684246672983
1045,104.402088,10.113486728552568
1046,104.50209,10.489677668332963
1047,104.602092,9.621064850483577
1048,104.702094,9.584597315905073
1049,104.802096,9.599716595133
1050,104.902098,9.672882283865126
1051,105.00210000000001,9.833008660515713
1052,105.102102,9.812459509643121
1053,105.202104,9.584780856653108
1054,105.302106,9.892041411104152
1055,105.40210800000001,9.778638321150101
1056,105.50211,9.794396335503153
1057,105.602112,9.443761803945325
1058,105.702114,9.712587714725549
1059,105.80211600000001,9.350474683778542
1060,105.902118,9.255528403598229
1061,106.00211999999999,9.817870939316158
1062,106.10212200000001,10.038292124808924
1063,106.202124,10.212944545952691
1064,106.302126,10.368176553851546
1065,106.40212799999999,10.416406557974275
1066,106.50213000000001,10.3899778825498
1067,106.602132,10.120824215681198
1068,106.702134,10.27614509420755
1069,106.802136,10.282620139760239
1070,106.90213800000001,10.39845598152585
1071,107.00214,10.28055170996553
1072,107.102142,10.287071130837864
1073,107.202144,10.440368155438891
1074,107.30214600000001,10.572375619024605
1075,107.402148,10.237856342410806
1076,107.50215000000001,10.122849823536564
1077,107.602152,10.563603383064565
1078,107.702154,10.443158708586171
1079,107.802156,10.2429321050234
1080,107.902158,10.08920125771486
1081,108.00216,10.398353677985
1082,108.10216199999999,10.175718777539494
1083,108.20216400000001,10.302404702208364
1084,108.302166,10.088448577312722
1085,108.402168,10.252822770825622
1086,108.50216999999999,10.11912734994716
1087,108.60217200000001,10.254735559332161
1088,108.702174,10.44736484537871
1089,108.802176,10.309678371802958
1090,108.902178,10.43635125592353
1091,109.00218000000001,10.357317494607859
1092,109.102182,10.398305912069215
1093,109.202184,10.223814288448349
1094,109.302186,10.450109473056633
1095,109.40218800000001,10.123049648133508
1096,109.50219,10.425767825707204
1097,109.602192,10.393718142204316
1098,109.702194,10.043896730815488
1099,109.802196,10.205229784222558
1100,109.902198,10.48939087181235
1101,110.0022,10.113522087554442
1102,110.102202,10.595422759801941
1103,110.202204,10.481604639690653
1104,110.30220600000001,10.516395400437174
1105,110.402208,10.302021795627784
1106,110.50221,10.213703206441338
1107,110.602212,10.319330294778528
1108,110.70221400000001,10.362283562550035
1109,110.802216,10.494375686984396
1110,110.902218,10.429610296256332
1111,111.00222,10.477258218502667
1112,111.10222200000001,10.37008656780014
1113,111.202224,10.701972305602848
1114,111.30222599999999,10.101960747644304
1115,111.40222800000001,10.141020204021398
1116,111.50223,10.188131264643394
1117,111.602232,10.215637608634987
1118,111.70223399999999,10.260424504410324
1119,111.80223600000001,10.239032485790784
1120,111.902238,10.273665494102138
1121,112.00224,10.055817687980559
1122,112.102242,10.30851138056563
1123,112.20224400000001,10.240973036730349
1124,112.302246,10.227726021693899
1125,112.402248,10.028050595301318
1126,112.50225,10.133307764747272
1127,112.60225200000001,10.16283211122986
1128,112.702254,10.466139518133078
1129,112.80225600000001,10.03435144528034
1130,112.902258,10.28426630053642
1131,113.00226,10.179433801625747
1132,113.102262,9.883612569306662
1133,113.202264,9.983062578538247
1134,113.302266,9.608751175094929
1135,113.40226799999999,9.499324174212468
1136,113.50227000000001,9.845034482513109
1137,113.602272,10.013135537422771
1138,113.702274,10.346240971384804
1139,113.80227599999999,10.016706452419308
1140,113.90227800000001,10.040606411633847
1141,114.00228,10.001445995476042
1142,114.102282,9.790936594591415
1143,114.202284,9.672396241680184
1144,114.30228600000001,9.633182432729551
1145,114.402288,9.597994005613044
1146,114.50229,10.141924525314213
1147,114.602292,10.40594122800253
1148,114.70229400000001,9.791121730713682
1149,114.802296,10.283189051871219
1150,114.902298,10.316154066290654
1151,115.0023,10.096797029523842
1152,115.102302,9.969145118174723
1153,115.202304,9.870851306734446
1154,115.302306,9.882677426583008
1155,115.402308,10.123146246268105
1156,115.50231,9.787894451790939
1157,115.60231200000001,10.06267545473756
1158,115.702314,10.366204578766874
1159,115.802316,10.232434014043891
1160,115.902318,10.107456687517908
1161,116.00232000000001,9.936936385904318
1162,116.102322,9.972134209382796
1163,116.202324,10.32337416371106
1164,116.30232600000001,10.14492314057557
1165,116.40232800000001,10.124365321719306
1166,116.50233,10.223122124043218
1167,116.602332,10.397039054675034
1168,116.70233400000001,10.18718792402065
1169,116.802336,10.069120628254058
1170,116.902338,10.434601664598933
1171,117.00233999999999,10.501215906318425
1172,117.10234200000001,10.1576785722636
1173,117.202344,10.124917229293088
1174,117.302346,10.14427689639173
1175,117.402348,10.01587056591653
1176,117.50235,10.107952765414872
1177,117.602352,9.866993680570907
1178,117.702354,10.474373265825573
1179,117.802356,10.803764951584974
1180,117.902358,10.732916220614243
1181,118.00236,10.326434367510283
1182,118.10236200000001,10.365159542903838
1183,118.202364,10.381799887449924
1184,118.302366,10.282048702378033
1185,118.402368,10.55546643782637
1186,118.50237,10.372953999509736
1187,118.602372,10.034448488552766
1188,118.70237399999999,10.05174232282794
1189,118.80237600000001,9.972732784269125
1190,118.902378,9.992067616644242
1191,119.00238,10.382177165853415
1192,119.10238199999999,10.406550309592644
1193,119.20238400000001,10.145991782043664
1194,119.302386,10.401168329883493
1195,119.402388,10.182980122870974
1196,119.50239,10.193142908560835
1197,119.60239200000001,10.269550366238759
1198,119.702394,10.213179789125459
1199,119.802396,10.263538681906507
1200,119.902398,10.221593258485917
1201,120.00240000000001,10.202910005955603
1202,120.102402,10.17074384283696
1203,120.20240400000002,9.793445235108997
1204,120.302406,10.122368442384673
1205,120.402408,10.445165959716064
1206,120.50241,10.257955116157774
1207,120.602412,10.184733469574958
1208,120.702414,10.271569701645337
1209,120.802416,10.051836150018618
1210,120.90241800000001,10.203508215161271
1211,121.00242,10.50517291634589
1212,121.102422,10.359338622634835
1213,121.202424,10.278688366975244
1214,121.30242600000001,10.179100859860219
1215,121.402428,10.480045080927965
1216,121.50243,10.466022871827365
1217,121.60243200000001,10.786729299632622
1218,121.70243400000001,10.226974670295494
1219,121.802436,10.387334302375265
1220,121.902438,10.584600228801552
1221,122.00244,10.630154837998562
1222,122.102442,10.402534665715008
1223,122.202444,10.459352476740138
1224,122.302446,10.627747938654494
1225,122.402448,10.446698958665689
1226,122.50245,10.444478735478352
1227,122.602452,10.236902835318489
1228,122.702454,10.069442635615136
1229,122.802456,10.45072071661312
1230,122.902458,10.453122114847785
1231,123.00246000000001,10.493241809615338
1232,123.102462,10.315620206514208
1233,123.202464,10.240577965294193
1234,123.302466,10.469966922949366
1235,123.40246800000001,9.877862458221712
1236,123.50247,10.450138208466937
1237,123.602472,9.963797255989146
1238,123.702474,9.965867540630864
1239,123.80247600000001,10.406737030048292
1240,123.902478,10.150818048243488
1241,124.00247999999999,10.266289366539514
1242,124.10248200000001,10.187955369770387
1243,124.202484,10.490590152937763
1244,124.302486,10.310330490522842
1245,124.40248799999999,10.695735403796311
1246,124.50249000000001,10.483724558899484
1247,124.602492,10.31570629849522
1248,124.702494,10.579155174800745
1249,124.802496,10.518180820841184
1250,124.90249800000001,10.541141308442874
1251,125.0025,10.49092011154216
1252,125.102502,10.453732614126354
1253,125.202504,10.71305375246033
1254,125.30250600000001,10.563888736423293
1255,125.402508,10.575723140116775
1256,125.50251000000002,10.631013388699765
1257,125.602512,10.515773545344032
1258,125.702514,10.35454791222406
1259,125.802516,10.198792401380317
1260,125.902518,10.146770907457352
1261,126.00252,10.213662838603508
1262,126.102522,10.404088371700203
1263,126.20252400000001,10.451064040020144
1264,126.302526,10.682739512872898
1265,126.402528,10.730970582940568
1266,126.50253,10.526242021986288
1267,126.60253200000001,10.409362979356287
1268,126.702534,10.380632943384771
1269,126.802536,10.044886477797606
1270,126.902538,10.339933558558714
1271,127.00254000000001,10.442383725373768
1272,127.102542,10.513064429856168
1273,127.202544,10.725640468057033
1274,127.302546,10.62840832079227
1275,127.40254800000001,10.496720333860429
1276,127.50255,10.110273392772815
1277,127.602552,9.747399980248343
1278,127.702554,9.761192061321113
1279,127.802556,10.264127705417552
1280,127.902558,10.625993039926431
1281,128.00256,10.344879333489928
1282,128.102562,10.448511019378532
1283,128.202564,10.186761487925379
1284,128.302566,10.357451417335762
1285,128.402568,9.881649102822614
1286,128.50257000000002,10.1893250221007
1287,128.602572,10.196631983396248
1288,128.702574,10.208221933879065
1289,128.802576,9.626817861354786
1290,128.902578,9.875487262627653
1291,129.00258,9.867173319041301
1292,129.102582,9.901144777280177
1293,129.202584,9.733755067506022
1294,129.302586,9.900344304302127
1295,129.402588,9.912990799746606
1296,129.50259,9.649139868357045
1297,129.60259200000002,9.692842749872703
1298,129.702594,10.275368757175837
1299,129.802596,10.153025149853114
1300,129.902598,9.912053087858892
1301,130.0026,9.956923739035439
1302,130.102602,10.162267255280932
1303,130.202604,9.985006749935806
1304,130.302606,10.182786183306314
1305,130.40260800000001,10.41271966897364
1306,130.50261,10.206563309696458
1307,130.60261200000002,10.212121905304178
1308,130.702614,10.363939062113621
1309,130.802616,10.317480282593934
1310,130.902618,10.472367249141302
1311,131.00262,10.085001787971953
1312,131.102622,10.281532177838253
1313,131.20262400000001,10.11132716919028
1314,131.30262599999998,10.145010001157699
1315,131.402628,9.943301365256342
1316,131.50263,10.07177391481508
1317,131.602632,10.213280357208474
1318,131.702634,10.165045496013104
1319,131.802636,10.069626727471412
1320,131.902638,10.14071697693843
1321,132.00264,9.966169993151574
1322,132.102642,9.89816149115903
1323,132.202644,9.797546384289147
1324,132.302646,9.819435223833132
1325,132.40264800000003,9.911610220020556
1326,132.50265,10.284867060405215
1327,132.602652,10.070398591072612
1328,132.702654,9.83047508284863
1329,132.802656,9.740756958364155
1330,132.902658,9.660415912281275
1331,133.00266,10.022466750601993
1332,133.102662,9.89025922315426
1333,133.202664,9.646491086344657
1334,133.302666,9.645470705108417
1335,133.402668,9.648000470758056
1336,133.50267000000002,9.805940676025196
1337,133.60267199999998,9.67181221739698
1338,133.702674,9.35569610872717
1339,133.80267600000002,9.169965433483371
1340,133.902678,9.329973966635478
1341,134.00268,9.412624599725904
1342,134.102682,9.555648018460172
1343,134.202684,9.473192581443149
1344,134.30268600000002,9.428420773841417
1345,134.40268799999998,9.325615755710775
1346,134.50269,9.663389358877957
1347,134.60269200000002,9.528113922473263
1348,134.70269399999998,9.490129453062169
1349,134.802696,9.254008342212302
1350,134.90269800000002,9.508746390656148
1351,135.0027,9.420646481233593
1352,135.102702,9.458807006148081
1353,135.202704,9.342061878057265
1354,135.302706,9.564953184853147
1355,135.40270800000002,9.457082986853534
1356,135.50270999999998,9.437626901784633
1357,135.602712,9.512202815739963
1358,135.70271400000001,9.416874452340053
1359,135.802716,9.363429066545153
1360,135.902718,9.521947239461207
1361,136.00272,9.469740517355664
1362,136.102722,9.428148317608361
1363,136.20272400000002,9.428952441310011
1364,136.302726,9.702937042969749
1365,136.402728,9.59879562951409
1366,136.50273,9.401100887703448
1367,136.602732,9.628121217601628
1368,136.702734,9.715990205581642
1369,136.802736,9.585216214362537
1370,136.902738,9.691229626438858
1371,137.00274,9.638416359897477
1372,137.102742,9.905790688339408
1373,137.202744,9.891236009217893
1374,137.302746,9.897773706043548
1375,137.402748,9.611152553993202
1376,137.50275,9.853537639199613
1377,137.602752,9.794709670365258
1378,137.70275400000003,9.677990198549995
1379,137.802756,9.88030970263008
1380,137.902758,9.877716433464473
1381,138.00276000000002,9.7540016835609
1382,138.102762,9.674386471281004
1383,138.202764,9.727936079894269
1384,138.302766,10.273655075605213
1385,138.402768,9.930605725317045
1386,138.50277,9.76376439989868
1387,138.602772,9.580370916314749
1388,138.702774,9.793207211369381
1389,138.80277600000002,9.869584647388894
1390,138.90277799999998,9.655909276660408
1391,139.00278,9.804213263245366
1392,139.10278200000002,9.494389822414194
1393,139.202784,9.903644002053076
1394,139.302786,10.17363522424789
1395,139.402788,10.321577094248658
1396,139.50279,10.194235941736498
1397,139.60279200000002,9.537911229141065
1398,139.70279399999998,9.98441507354411
1399,139.802796,10.034131798833537
1400,139.90279800000002,9.836188396011417
1401,140.0028,9.805751464985224
1402,140.102802,9.852818222784801
1403,140.20280400000001,10.174366390709544
1404,140.302806,10.574887210500407
1405,140.402808,10.422445540849772
1406,140.50281,10.43898306226916
1407,140.602812,10.195795239968671
1408,140.70281400000002,10.092092090274182
1409,140.80281599999998,10.657459481823324
1410,140.902818,10.364702199334538
1411,141.00282,10.158502972589408
1412,141.102822,10.236716522972294
1413,141.202824,10.324509931738383
1414,141.302826,10.308602369298454
1415,141.402828,10.248745571336215
1416,141.50283000000002,10.600039227910234
1417,141.602832,10.43146243719806
1418,141.702834,10.566131709239658
1419,141.802836,10.5558989252396
1420,141.902838,10.602192844597603
1421,142.00284,10.411533968798253
1422,142.102842,10.091905756575397
1423,142.202844,10.199798567086791
1424,142.302846,10.371395444388853
1425,142.402848,10.175362850583042
1426,142.50285,10.031749584242178
1427,142.602852,9.921463006736719
1428,142.702854,9.84190177352619
1429,142.802856,10.15645984198014
1430,142.902858,10.125881937027215
1431,143.00286000000003,10.236733217706668
1432,143.102862,9.999824863441184
1433,143.202864,10.015819408044818
1434,143.30286600000002,9.884110256046766
1435,143.402868,10.319034723017564
1436,143.50287,10.682788875728756
1437,143.602872,10.29233954295852
1438,143.702874,10.542253048077463
1439,143.802876,10.13181917694573
1440,143.902878,9.708657677818094
1441,144.00288,9.804027040180666
1442,144.10288200000002,10.134107341560226
1443,144.20288399999998,10.430778842762985
1444,144.302886,10.035538246092935
1445,144.40288800000002,10.135634041436136
1446,144.50289,10.213485239352813
1447,144.602892,10.052821427071727
1448,144.702894,10.336994014359108
1449,144.802896,10.351835933262132
1450,144.90289800000002,10.109289916235715
1451,145.00289999999998,10.181703701354621
1452,145.102902,10.341476811660788
1453,145.20290400000002,9.912457278028079
1454,145.302906,10.01248864721696
1455,145.402908,9.998624373368953
1456,145.50291,9.882126374427509
1457,145.602912,10.038976143124367
1458,145.702914,9.897589721584762
1459,145.802916,9.810771118759693
1460,145.902918,9.925098867163776
1461,146.00292000000002,9.8096033318377
1462,146.10292199999998,9.752840692352734
1463,146.202924,9.450007269112211
1464,146.302926,9.442625620034663
1465,146.402928,9.928113173085388
1466,146.50293,9.698851787608255
1467,146.602932,9.964888019977439
1468,146.702934,9.985510945550816
1469,146.80293600000002,10.550496863513596
1470,146.902938,10.199330212814681
1471,147.00294,10.281967779931962
1472,147.102942,10.205356751171092
1473,147.202944,9.989963843736783
1474,147.302946,10.20770852213683
1475,147.402948,10.290092663204224
1476,147.50295,10.345536207001771
1477,147.602952,10.482722480620325
1478,147.702954,10.02568520400854
1479,147.802956,10.403570509297868
1480,147.902958,10.325315549271721
1481,148.00296,10.050389547106066
1482,148.102962,10.390370231632861
1483,148.202964,10.621106081109025
1484,148.30296600000003,9.95040124258793
1485,148.402968,10.131454907437107
1486,148.50297,9.815807035031744
1487,148.60297200000002,9.892803073618312
1488,148.702974,9.782524449487243
1489,148.802976,9.911430897740166
1490,148.902978,9.707253351277323
1491,149.00298,9.665644536160249
1492,149.102982,9.612716365987545
1493,149.202984,9.759062260934268
1494,149.302986,9.808208679045014
1495,149.40298800000002,9.8144637243251
1496,149.50298999999998,9.504898069024284
1497,149.602992,9.521282198463908
1498,149.70299400000002,9.380197947851297
1499,149.802996,9.445775984920635
1500,149.902998,9.548293329288505
1501,150.003,9.616643778789737
1502,150.103002,9.755986935058631
1503,150.20300400000002,9.340314680034535
1504,150.30300599999998,9.308750076509584
1505,150.403008,9.387385514033955
1506,150.50301000000002,9.29796772697863
1507,150.603012,9.535533474071556
1508,150.703014,9.342675078381438
1509,150.803016,9.60651544975983
1510,150.903018,9.589120461793428
1511,151.00302,9.789446034288698
1512,151.103022,9.847208697402385
1513,151.203024,9.684813862445555
1514,151.30302600000002,9.909625668530404
1515,151.40302799999998,9.605657857924381
1516,151.50303,9.710873084909242
1517,151.603032,9.780747489275601
1518,151.703034,9.505611901905997
1519,151.803036,10.322571646438211
1520,151.903038,9.847894498558428
1521,152.00304,9.973636069526277
1522,152.10304200000002,10.177728586465843
1523,152.203044,10.123988996018896
1524,152.303046,10.219981965881786
1525,152.403048,9.946001768016723
1526,152.50305000000003,9.829843742282861
1527,152.603052,10.10073976617353
1528,152.703054,10.038561430517733
1529,152.803056,9.931438456894664
1530,152.903058,10.000903794611977
1531,153.00306,10.081625170638805
1532,153.103062,9.845292984076334
1533,153.203064,9.98990546613023
1534,153.303066,10.089794115491388
1535,153.403068,9.982586677321398
1536,153.50307,10.008533069299139
1537,153.60307200000003,10.063002453360163
1538,153.703074,10.046417807119033
1539,153.803076,10.350495161978598
1540,153.90307800000002,10.094231394778964
1541,154.00308,10.1734227089681
1542,154.103082,10.108792906084624
1543,154.203084,10.00468010346963
1544,154.303086,9.77795148683889
1545,154.403088,9.823338195174612
1546,154.50309,9.80631737911388
1547,154.603092,9.828879076293502
1548,154.70309400000002,10.151435121361756
1549,154.80309599999998,9.899902039672591
1550,154.903098,9.704650683715712
1551,155.00310000000002,9.882994663686425
1552,155.103102,9.920048111176794
1553,155.203104,10.090159544871305
1554,155.303106,10.044529733255223
1555,155.403108,10.098281474251657
1556,155.50311000000002,10.184920387290237
1557,155.60311199999998,10.1831907522463
1558,155.703114,10.205813676792227
1559,155.80311600000002,9.904290511197578
1560,155.903118,10.059194904944368
1561,156.00312,9.89706324033452
1562,156.103122,9.977626863230977
1563,156.203124,10.037952442574165
1564,156.303126,9.793955639606025
1565,156.403128,9.880361468109017
1566,156.50313,9.875097009054373
1567,156.60313200000002,9.569650453059072
1568,156.70313399999998,10.122143959062454
1569,156.803136,9.94140790974619
1570,156.903138,9.866340442908236
1571,157.00314,10.050653298639668
1572,157.103142,10.169668427365554
1573,157.203144,9.913962325246253
1574,157.303146,9.906049535879196
1575,157.40314800000002,10.10229653037847
1576,157.50315,9.978062175144853
1577,157.603152,10.162383205736578
1578,157.703154,10.099724840245234
1579,157.80315600000003,10.280140239936445
1580,157.903158,9.956396595378875
1581,158.00316,10.1015979477139
1582,158.103162,10.001874076252491
1583,158.203164,10.091460001512857
1584,158.303166,10.220248377906293
1585,158.403168,10.137115468797536
1586,158.50317,9.965214356390808
1587,158.603172,10.213547262495615
1588,158.703174,9.89293697331059
1589,158.803176,10.191802294167664
1590,158.90317800000003,10.43052359332542
1591,159.00318,10.060570812841403
1592,159.103182,10.34297727128208
1593,159.20318400000002,10.138323989354394
1594,159.303186,10.263342263968168
1595,159.403188,10.163154038690353
1596,159.50319,10.320855995826486
1597,159.603192,9.870612307572472
1598,159.70319400000002,10.246377079334493
1599,159.80319599999999,10.574237377181968
1600,159.903198,10.515969717956855
1601,160.00320000000002,10.476599824641536
1602,160.10320199999998,10.214941615311949
1603,160.203204,10.31812097466854
1604,160.30320600000002,10.405522334866793
1605,160.403208,10.198723877820614
1606,160.50321,10.347172660528232
1607,160.603212,10.572727635998211
1608,160.703214,10.315548988918557
1609,160.80321600000002,9.557007427237902
1610,160.90321799999998,10.396427745110934
1611,161.00322,11.078917366015752
1612,161.10322200000002,10.012987505641401
1613,161.203224,10.28797695026312
1614,161.303226,9.919746410140958
1615,161.403228,10.127834733168015
1616,161.50323,9.86235826002656
1617,161.603232,10.690124948058799
1618,161.703234,9.626446911902946
1619,161.803236,10.32385893394013
1620,161.90323800000002,10.149290374096937
1621,162.00323999999998,9.995254166981036
1622,162.103242,9.73607399237099
1623,162.203244,9.915603342500551
1624,162.303246,9.704410569346328
1625,162.403248,9.411753142687468
1626,162.50325,9.256785023776573
1627,162.603252,9.948480329079425
1628,162.70325400000002,10.344832648411796
1629,162.803256,10.232845214713947
1630,162.903258,10.340137440599248
1631,163.00326,10.07219737356706
1632,163.10326200000003,10.019478640025019
1633,163.203264,10.072104138939334
1634,163.303266,10.167704065449819
1635,163.403268,10.23759274431162
1636,163.50327,10.148575880680566
1637,163.603272,10.279140172326057
1638,163.703274,9.841040712668535
1639,163.803276,10.442972973016632
1640,163.903278,10.23832814742939
1641,164.00328,9.950136076966597
1642,164.103282,10.009839554635374
1643,164.20328400000002,9.606210147481123
1644,164.30328599999999,9.862127222012788
1645,164.403288,9.963781858341582
1646,164.50329000000002,9.98838248839243
1647,164.603292,10.07590650232179
1648,164.703294,10.370059078179676
1649,164.803296,10.151594395652696
1650,164.903298,10.727289436497399
1651,165.00330000000002,9.71119033349391
1652,165.10330199999999,9.670647992545382
1653,165.203304,10.219300236618372
1654,165.30330600000002,10.228506379558636
1655,165.40330799999998,10.509087348267283
1656,165.50331,10.314705536825658
1657,165.60331200000002,10.431557056073512
1658,165.703314,9.714173357604963
1659,165.803316,10.099190422902447
1660,165.903318,9.531414763071153
1661,166.00332,9.922641800768481
1662,166.10332200000002,10.001407765830038
1663,166.20332399999998,9.478724654135608
1664,166.303326,9.905692096514185
1665,166.40332800000002,9.770048751790927
1666,166.50333,10.113180434537908
1667,166.603332,9.70292208553386
1668,166.703334,9.840092369273437
1669,166.803336,9.700485147265377
1670,166.90333800000002,10.504612693274568
1671,167.00334,9.947660637537517
1672,167.103342,9.814012699641932
1673,167.20334400000002,9.66600835429001
1674,167.30334599999998,9.48509901501655
1675,167.403348,9.411236799022507
1676,167.50335,9.426320894968574
1677,167.603352,9.609106206282567
1678,167.703354,9.72950002441343
1679,167.803356,9.837927924628039
1680,167.903358,9.93625541371002
1681,168.00336000000001,10.242127039480401
1682,168.103362,10.175912679827398
1683,168.203364,10.57116722265587
1684,168.303366,10.253823695498475
1685,168.40336800000003,10.028563266259598
1686,168.50337,9.79883226003082
1687,168.603372,9.95340987829804
1688,168.703374,9.501884232021071
1689,168.803376,10.23068478120622
1690,168.903378,10.635569816609602
1691,169.00338,10.421408348330091
1692,169.103382,9.877763596385936
1693,169.203384,10.276338075843364
1694,169.303386,10.662720929934993
1695,169.403388,10.398764226874333
1696,169.50339000000002,9.865971411855726
1697,169.60339199999999,9.930095117678913
1698,169.703394,10.486223614536641
1699,169.80339600000002,10.138398193609556
1700,169.903398,11.130202355800257
1701,170.0034,10.921406578336896
1702,170.103402,9.444363839389087
1703,170.203404,10.139514960921703
1704,170.30340600000002,10.349779306974337
1705,170.40340799999998,10.711316287276457
1706,170.50341,10.044671854637198
1707,170.60341200000002,9.911169315024791
1708,170.70341399999998,10.03640672563501
1709,170.803416,10.0340862859196
1710,170.90341800000002,9.518543721838357
1711,171.00342,9.875733686401889
1712,171.103422,9.689868212434524
1713,171.203424,10.160361530119907
1714,171.303426,9.794448641852934
1715,171.40342800000002,9.992385068746385
1716,171.50342999999998,10.059691726121589
1717,171.603432,10.403109584069115
1718,171.70343400000002,10.470696436801436
1719,171.803436,9.929810462625394
1720,171.903438,9.899383531113276
1721,172.00344,9.800058497180832
1722,172.103442,9.571091534948582
1723,172.20344400000002,9.822408276560562
1724,172.303446,9.733714215552746
1725,172.403448,10.253840491840757
1726,172.50345000000002,9.97480414836168
1727,172.603452,9.614305689715673
1728,172.703454,9.654642949499666
1729,172.803456,9.084495464353216
1730,172.903458,9.621161179521433
1731,173.00346,9.114851478721642
1732,173.103462,9.16482820933305
1733,173.203464,9.145145231996484
1734,173.30346600000001,9.10174287620921
1735,173.403468,8.807021164787631
1736,173.50347,9.122069775303073
1737,173.603472,8.688901403343763
1738,173.70347400000003,9.104409807068313
1739,173.803476,8.660032626581415
1740,173.903478,9.030138084277086
1741,174.00348000000002,9.180461752162545
1742,174.103482,9.828306530035142
1743,174.203484,10.042517538492552
1744,174.303486,9.635454025571189
1745,174.403488,10.083786889284784
1746,174.50349,9.667041260584824
1747,174.603492,9.15696187958266
1748,174.703494,9.446451117185275
1749,174.80349600000002,9.539669509466515
1750,174.90349799999998,9.786975673339978
1751,175.0035,8.719216823850651
1752,175.10350200000002,9.006230353304797
1753,175.203504,9.116199229322525
1754,175.303506,8.549938928561712
1755,175.403508,8.708123876980562
1756,175.50351,9.184534060148009
1757,175.60351200000002,8.987129268720137
1758,175.70351399999998,9.284348720948072
1759,175.803516,9.324796193765991
1760,175.90351800000002,9.21886917168956
1761,176.00351999999998,9.334152167040031
1762,176.103522,9.371073743711982
1763,176.20352400000002,9.323770439826204
1764,176.303526,9.563097321413021
1765,176.403528,9.367096557068006
1766,176.50353,9.065035610656125
1767,176.603532,9.506851075294719
1768,176.70353400000002,9.603413192012644
1769,176.80353599999998,9.770544435757525
1770,176.903538,9.71378782943413
1771,177.00354000000002,8.946278844306446
1772,177.103542,8.193585520678061
1773,177.203544,8.432105580395207
1774,177.303546,8.920388153655804
1775,177.403548,9.317946099984344
1776,177.50355000000002,9.494342915636166
1777,177.603552,9.819484907245364
1778,177.703554,8.979475730547232
1779,177.80355600000001,9.096066585651698
1780,177.903558,9.803672811511728
1781,178.00356,9.597091034046635
1782,178.103562,9.830840440093667
1783,178.203564,10.281506175348989
1784,178.303566,9.97239627917526
1785,178.403568,10.324318433462176
1786,178.50357,9.937918923290757
1787,178.603572,9.657345494783183
1788,178.703574,10.26519403674699
1789,178.803576,9.683330031052842
1790,178.903578,8.994929266356426
1791,179.00358000000003,9.219638164736324
1792,179.103582,10.320119780225847
1793,179.203584,9.554992723187807
1794,179.30358600000002,9.082456647258132
1795,179.403588,9.206494303611366
1796,179.50359,9.773675220407089
1797,179.603592,10.161089493490115
1798,179.703594,9.910963865480406
1799,179.803596,8.989614903899465
1800,179.903598,9.195997575579659
1801,180.0036,8.365443180834331
1802,180.10360200000002,8.446427047609408
1803,180.20360399999998,8.476147429901722
1804,180.303606,8.284954849014843
1805,180.40360800000002,9.046405386112859
1806,180.50361,8.760736828239358
1807,180.603612,8.714885209660983
1808,180.703614,9.185675941343757
1809,180.803616,9.26429010503828
1810,180.90361800000002,9.006797377892537
1811,181.00361999999998,8.118733084342407
1812,181.103622,8.202198955376362
1813,181.20362400000002,8.164502508027466
1814,181.30362599999998,7.702544765819717
1815,181.403628,7.191047899121909
1816,181.50363000000002,7.052304282946256
1817,181.603632,7.218974060229399
1818,181.703634,7.26063045956502
1819,181.803636,6.544555195465299
1820,181.903638,6.935918943731815
1821,182.00364000000002,6.962148703511706
1822,182.10364199999998,7.391735700503558
1823,182.203644,7.115836164059976
1824,182.30364600000001,6.844431796778055
1825,182.403648,7.712374248850606
1826,182.50365,6.930156207380415
1827,182.603652,6.884978799623912
1828,182.703654,7.304618855165426
1829,182.80365600000002,7.3612099851312625
1830,182.903658,7.8234575906762895
1831,183.00366,7.721620187383952
1832,183.103662,8.582997495888643
1833,183.203664,8.413473249054418
1834,183.303666,8.986278346030053
1835,183.403668,8.026378256870752
1836,183.50367,7.681350433313132
1837,183.603672,7.968952344393131
1838,183.703674,8.617886880600924
1839,183.803676,9.243580900978989
1840,183.903678,9.082699611795334
1841,184.00368,8.119890336098415
1842,184.103682,7.839951434892236
1843,184.203684,8.500266375592194
1844,184.30368600000003,8.977995090823384
1845,184.403688,7.891362883115989
1846,184.50369,8.253042883281468
1847,184.60369200000002,8.442350834518965
1848,184.703694,8.2482358898238
1849,184.803696,7.632080159405102
1850,184.903698,8.185952384664278
1851,185.0037,8.056420494825774
1852,185.103702,8.10144114117429
1853,185.203704,8.36360602716964
1854,185.303706,8.435307253500483
1855,185.40370800000002,8.694704537324382
1856,185.50370999999998,8.698269263145328
1857,185.603712,8.407821631553976
1858,185.70371400000002,8.203105304069298
1859,185.803716,7.449754977695836
1860,185.903718,7.705968052531989
1861,186.00372,8.123437576778043
1862,186.103722,8.391995845917428
1863,186.20372400000002,8.950437457833665
1864,186.30372599999998,7.709765292696932
1865,186.403728,8.541630458809868
1866,186.50373000000002,8.63942829247435
1867,186.603732,9.209710789242877
1868,186.703734,10.477295379331927
1869,186.80373600000001,10.025711326091153
1870,186.903738,9.950790101754231
1871,187.00374,9.628709626551315
1872,187.103742,9.320620773457556
1873,187.203744,8.706590191694495
1874,187.30374600000002,8.94098152158224
1875,187.40374799999998,9.164609416199783
1876,187.50375,9.833419489253222
1877,187.60375200000001,9.281496114890318
1878,187.703754,9.767508574318592
1879,187.803756,10.349804081176027
1880,187.903758,10.084229293487786
1881,188.00376,9.420812665918572
1882,188.10376200000002,9.674327824813973
1883,188.203764,9.502466329095032
1884,188.303766,9.487376509067813
1885,188.403768,8.931413261919637
1886,188.50377,8.855853333535737
1887,188.603772,9.062414763562952
1888,188.703774,8.947546216102696
1889,188.803776,8.870974888037209
1890,188.903778,9.08571752154512
1891,189.00378,8.527571707624059
1892,189.103782,8.867518132132698
1893,189.203784,8.902853868923813
1894,189.303786,9.194654394205335
1895,189.403788,9.544592641210658
1896,189.50379,9.538927513889938
1897,189.60379200000003,9.279989880936327
1898,189.703794,9.640832692456899
1899,189.803796,10.16083398536706
1900,189.90379800000002,9.585209688593926
1901,190.0038,8.901179087657864
1902,190.103802,9.598209932231104
1903,190.203804,9.553452377135091
1904,190.303806,9.278670791267244
1905,190.403808,9.445101677467264
1906,190.50381,9.502958868306475
1907,190.603812,10.014241528813805
1908,190.70381400000002,10.253860345823226
1909,190.80381599999998,10.127088671476614
1910,190.903818,10.055493635394424
1911,191.00382000000002,10.826019863673348
1912,191.103822,10.05065625315325
1913,191.203824,10.079817846042447
1914,191.30382600000002,10.160774129613927
1915,191.403828,10.355382435471435
1916,191.50383000000002,9.248245011721073
1917,191.60383199999998,9.284184939296004
1918,191.703834,8.855312168538859
1919,191.80383600000002,9.383817415130814
1920,191.903838,8.952553388555167
1921,192.00384,9.572219646267
1922,192.10384200000001,9.585487641922418
1923,192.203844,9.09932472037128
1924,192.303846,9.09030262614887
1925,192.403848,9.67164078468797
1926,192.50385,9.813158094174863
1927,192.60385200000002,9.150049196989858
1928,192.70385399999998,10.208358894588814
1929,192.803856,10.018302581289698
1930,192.903858,9.610329711534671
1931,193.00386,9.2766146795102
1932,193.103862,10.318611550510637
1933,193.203864,10.021582440140174
1934,193.303866,10.459331142605185
1935,193.40386800000002,9.922951137383516
1936,193.50387,8.953929094230855
1937,193.603872,9.179885757279067
1938,193.703874,9.772539520252243
1939,193.80387600000003,10.17800448770826
1940,193.903878,9.483673273969629
1941,194.00388,9.04359634482106
1942,194.103882,8.806357247000138
1943,194.203884,9.234744453652342
1944,194.303886,9.44793051161892
1945,194.403888,9.396999948320733
1946,194.50389,9.550915364985094
1947,194.603892,9.410088375828632
1948,194.703894,9.267570580679847
1949,194.803896,9.2859495096348
1950,194.90389800000003,9.18288148498939
1951,195.0039,9.265456689875775
1952,195.103902,9.23814127153399
1953,195.20390400000002,9.335689892107366
1954,195.303906,9.24916492391815
1955,195.403908,9.020879175429462
1956,195.50391,8.990026720347622
1957,195.603912,9.253832972434518
1958,195.703914,8.546273801328102
1959,195.803916,8.798943269066976
1960,195.903918,8.999295560364192
1961,196.00392000000002,8.789391133296341
1962,196.10392199999998,9.099331283517156
1963,196.203924,9.10265830133078
1964,196.30392600000002,8.567690040342793
1965,196.403928,8.963975002244906
1966,196.50393,8.67275506618778
1967,196.60393200000001,8.949103087222168
1968,196.703934,8.79017002537169
1969,196.80393600000002,9.481713996735893
1970,196.90393799999998,9.60105534947766
1971,197.00394,9.541839060121614
1972,197.10394200000002,9.33942632498979
1973,197.203944,9.737500849841537
1974,197.303946,10.241889334712221
1975,197.403948,9.759145435078194
1976,197.50395,10.271964737915805
1977,197.603952,10.238852420111032
1978,197.703954,11.2383166530935
1979,197.803956,10.740734331273162
1980,197.90395800000002,10.673241175192882
1981,198.00395999999998,11.022418892002005
1982,198.103962,11.17651943210337
1983,198.203964,10.74114849743466
1984,198.303966,11.317217672845608
1985,198.403968,11.010295806138457
1986,198.50397,10.408387752465579
1987,198.603972,10.678563911405154
1988,198.70397400000002,10.751689613414056
1989,198.803976,10.641670097882056
1990,198.903978,10.435003337308533
1991,199.00398,9.486795859322157
1992,199.10398200000003,9.692534281628717
1993,199.203984,8.812690201079404
1994,199.303986,9.40733068025368
1995,199.403988,9.411883610333195
1996,199.50399,8.250993355766198
1997,199.603992,9.660312071846782
1998,199.703994,9.324288231719866
1999,199.803996,9.01903807720842
2000,199.903998,8.897033891682712
2001,200.004,8.583880167305669
2002,200.104002,9.489313356032582
2003,200.20400400000003,8.69334597758196
2004,200.304006,8.816090639371577
2005,200.404008,8.404145707143753
2006,200.50401000000002,8.959593226051414
2007,200.604012,9.444785786340404
2008,200.704014,9.434161447731448
2009,200.804016,8.725146096030928
2010,200.904018,9.276801895299814
2011,201.00402000000003,9.933731513133855
2012,201.104022,10.071803569701123
2013,201.204024,10.16735370543913
2014,201.30402600000002,9.867400191044535
2015,201.40402799999998,10.016200587514613
2016,201.50403,10.253656877570936
2017,201.60403200000002,10.448065110506255
2018,201.704034,9.475320917444105
2019,201.804036,9.451482937151978
2020,201.904038,10.259394710793412
2021,202.00404,10.30461274905076
2022,202.10404200000002,11.239450953584448
2023,202.20404399999998,11.219162197681952
2024,202.304046,11.668747654203196
2025,202.40404800000002,10.925025100318067
2026,202.50405,10.290453701356247
2027,202.604052,11.075210090127772
2028,202.704054,10.665950288533063
2029,202.804056,9.992483003828909
2030,202.904058,9.933537725322187
2031,203.00406,10.387170384712075
2032,203.104062,10.170657363069225
2033,203.20406400000002,9.466905878765154
2034,203.30406599999998,9.496613218460855
2035,203.404068,10.371378605020352
2036,203.50407,9.969125423211294
2037,203.604072,9.864201331749708
2038,203.704074,9.787634770391616
2039,203.804076,9.639476927333664
2040,203.904078,10.219928931375373
2041,204.00408000000002,9.897387749252758
2042,204.104082,10.046409159570226
2043,204.204084,9.547861076543617
2044,204.304086,9.550778241717675
2045,204.40408800000003,9.319534177163444
2046,204.50409,8.968874322261746
2047,204.604092,7.950966965882001
2048,204.704094,8.440054802740406
2049,204.804096,7.6954447326623585
2050,204.904098,9.731243115450777
2051,205.0041,8.912198116270632
2052,205.104102,8.239985228939975
2053,205.204104,8.686835370591547
2054,205.304106,8.170160823147276
2055,205.404108,8.18919532796638
2056,205.50411000000003,8.159746697740234
2057,205.604112,8.338663250338692
2058,205.704114,8.620062250056005
2059,205.80411600000002,8.532589162510371
2060,205.904118,8.601975984910151
2061,206.00412,9.182136253926776
2062,206.104122,9.243919668730326
2063,206.204124,9.857239544541738
2064,206.30412600000002,9.291736127494442
2065,206.404128,8.950756891716058
2066,206.50413,9.400680818278337
2067,206.60413200000002,9.152969188507445
2068,206.70413399999998,8.841527224639995
2069,206.804136,9.78955416004051
2070,206.90413800000002,10.202914102995889
2071,207.00414,10.895717769021978
2072,207.104142,11.085296498084654
2073,207.204144,10.145123107022977
2074,207.304146,9.4541162396909
2075,207.40414800000002,9.223068763746195
2076,207.50414999999998,9.044163962365356
2077,207.604152,10.682004315647813
2078,207.70415400000002,9.901930217597899
2079,207.804156,9.262644626207743
2080,207.904158,9.210223350098161
2081,208.00416,9.443507137353915
2082,208.104162,9.311271181135574
2083,208.20416400000002,9.115331711679332
2084,208.304166,9.05533724465153
2085,208.404168,8.858567650215743
2086,208.50417000000002,9.087272274571792
2087,208.604172,9.188159224487357
2088,208.704174,9.187000701493579
2089,208.804176,9.102181517415861
2090,208.904178,8.911928822758409
2091,209.00418,8.51971945844166
2092,209.104182,8.7593309917592
2093,209.204184,9.516713603964021
2094,209.30418600000002,9.853908663880029
2095,209.404188,9.884175730519772
2096,209.50419,9.710150418223108
2097,209.604192,10.073291431157024
2098,209.70419400000003,9.979772462438435
2099,209.804196,9.837612311009483
2100,209.904198,9.83622761579423
2101,210.00420000000003,9.342143669281269
2102,210.104202,9.1137199312736
2103,210.204204,9.814494979870574
2104,210.304206,9.789482084240417
2105,210.404208,9.460969814563697
2106,210.50421,8.911300464045597
2107,210.604212,8.801078445798451
2108,210.704214,8.641677814213368
2109,210.80421600000003,8.83434630718387
2110,210.904218,9.405759964687439
2111,211.00422,10.000201879764118
2112,211.10422200000002,9.663953651399716
2113,211.204224,10.241933447114516
2114,211.304226,9.128498900521386
2115,211.404228,8.930791403684
2116,211.50423,9.056353512963339
2117,211.60423200000002,9.01706456828684
2118,211.70423399999999,9.511389948831571
2119,211.804236,9.081060072072924
2120,211.90423800000002,9.044269719889693
2121,212.00423999999998,9.284294238374283
2122,212.104242,9.196643510036212
2123,212.20424400000002,8.963330163110125
2124,212.304246,8.84792420097452
2125,212.404248,9.404392611266422
2126,212.50425,8.953450539855153
2127,212.604252,8.578808744159593
2128,212.70425400000002,8.396550195885654
2129,212.80425599999998,8.949765365026414
2130,212.904258,9.096112850953892
2131,213.00426000000002,8.683339997554103
2132,213.104262,8.394785404509904
2133,213.204264,8.468499243274978
2134,213.304266,8.683195825972453
2135,213.404268,9.020690419845629
2136,213.50427000000002,8.913138901384466
2137,213.604272,9.316286283032182
2138,213.704274,9.579962424599472
2139,213.80427600000002,9.509752769804718
2140,213.904278,10.668175102789043
2141,214.00428,10.082343763555434
2142,214.104282,10.209266631883008
2143,214.204284,10.354010386533824
2144,214.304286,10.09236779930584
2145,214.404288,9.8913291272534
2146,214.50429,10.112193937270554
2147,214.60429200000002,9.813406037760878
2148,214.704294,10.679809084878318
2149,214.804296,10.685849948575807
2150,214.904298,11.032903128385572
2151,215.00430000000003,10.153687681550757
2152,215.104302,10.699770627656976
2153,215.204304,10.915494266646983
2154,215.30430600000003,10.474828104645253
2155,215.404308,10.683481183551406
2156,215.50431,10.951740762497923
2157,215.604312,10.537900020182908
2158,215.704314,10.761810711735235
2159,215.804316,11.605732083175884
2160,215.904318,11.224610656483007
2161,216.00432,11.247620940718573
2162,216.10432200000002,10.812368303074203
2163,216.20432399999999,10.592120888930628
2164,216.304326,10.717483144145879
2165,216.40432800000002,11.494312082202555
2166,216.50433,11.164314199222462
2167,216.604332,10.463817767001517
2168,216.704334,10.529230898433857
2169,216.804336,9.934398194779883
2170,216.90433800000002,9.547994314297682
2171,217.00433999999998,9.683092922330712
2172,217.104342,9.950401626420362
2173,217.20434400000002,10.050014072496834
2174,217.30434599999998,10.250970974123964
2175,217.404348,10.380285101701807
2176,217.50435000000002,9.798433208943992
2177,217.604352,9.79655934663284
2178,217.704354,9.30334672634752
2179,217.804356,9.721540088965353
2180,217.904358,9.37177830167077
2181,218.00436000000002,9.53641483729441
2182,218.10436199999998,9.498689285402044
2183,218.204364,9.351129316522588
2184,218.30436600000002,9.340251210572191
2185,218.404368,9.201325249937469
2186,218.50437,9.100566740924071
2187,218.604372,9.284882242403507
2188,218.704374,9.2960059010951
2189,218.80437600000002,9.369764215234262
2190,218.904378,9.264848353614726
2191,219.00438,9.388400855205488
2192,219.10438200000002,9.412977337336079
2193,219.204384,9.212865855988928
2194,219.304386,9.029845617087242
2195,219.404388,9.178220443895224
2196,219.50439,9.196784324604826
2197,219.604392,9.192724470100405
2198,219.704394,9.2478287466998
2199,219.804396,9.109627523810351
2200,219.90439800000001,9.026997797157932
2201,220.0044,9.022119769726269
2202,220.104402,9.241490501885972
2203,220.204404,9.161124984441216
2204,220.30440600000003,9.29245932439076
2205,220.404408,9.341138963126053
2206,220.50441,9.177973061806542
2207,220.60441200000002,9.497592004196573
2208,220.704414,9.516419720563169
2209,220.804416,9.442012069094647
2210,220.904418,9.450572101862539
2211,221.00442,10.03829248515941
2212,221.104422,9.761344288351085
2213,221.204424,9.895365333555965
2214,221.304426,9.76804865592743
2215,221.40442800000002,9.546636519191695
2216,221.50442999999999,9.298861301240148
2217,221.604432,9.783149620401176
2218,221.70443400000002,9.313688702552334
2219,221.804436,9.068419916410999
2220,221.904438,9.156321996316588
2221,222.00444,9.192354732468079
2222,222.104442,9.920207362872926
2223,222.20444400000002,9.69315099533742
2224,222.30444599999998,10.198918634031342
2225,222.404448,9.809655409700492
2226,222.50445000000002,9.870006398052487
2227,222.60445199999998,10.19806515338468
2228,222.704454,10.124206712194225
2229,222.80445600000002,9.844095730231366
2230,222.904458,9.979904119298832
2231,223.00446,9.91233049265249
2232,223.104462,9.819342007342794
2233,223.204464,9.839957509163977
2234,223.30446600000002,9.705809320924512
2235,223.40446799999998,9.851555854117612
2236,223.50447,9.806042718904454
2237,223.60447200000002,9.736227441025765
2238,223.704474,9.82615308576829
2239,223.804476,10.056104608876634
2240,223.904478,9.885035151165123
2241,224.00448,9.812972841403457
2242,224.10448200000002,9.902664132275012
2243,224.204484,9.94523975381612
2244,224.304486,9.773243539018784
2245,224.40448800000001,9.767285044039951
2246,224.50449,9.682338440746179
2247,224.604492,9.668551465265985
2248,224.704494,9.913657219804831
2249,224.804496,10.13770414329584
2250,224.904498,10.187164127761443
2251,225.0045,10.156136153467559
2252,225.104502,10.202591936586513
2253,225.20450400000001,10.28786193179254
2254,225.304506,10.126299105054063
2255,225.404508,9.963217221554906
2256,225.50451,10.05862143080139
2257,225.60451200000003,9.977075268443388
2258,225.704514,9.945917731711724
2259,225.804516,9.910836215513692
2260,225.90451800000002,9.734535064719461
2261,226.00452,9.919324307121013
2262,226.104522,9.997090894780754
2263,226.204524,9.927051592406256
2264,226.304526,9.67078117264948
2265,226.404528,10.028689327982866
2266,226.50453,10.002946020029643
2267,226.604532,9.719277432611138
2268,226.70453400000002,10.004127597996007
2269,226.80453599999998,9.947986110071238
2270,226.904538,9.650078538265985
2271,227.00454000000002,9.658375398452295
2272,227.104542,9.695097093719838
2273,227.204544,9.707665411780093
2274,227.30454600000002,9.84226315033748
2275,227.404548,9.864547899438877
2276,227.50455000000002,9.978673294009324
2277,227.60455199999998,9.816923615392081
2278,227.704554,9.879770206307468
2279,227.80455600000002,9.927637773665204
2280,227.904558,9.824913828920193
2281,228.00456,9.836839002508249
2282,228.10456200000002,10.185204499397164
2283,228.204564,10.104720114374564
2284,228.304566,10.12334940691783
2285,228.404568,10.216800710059506
2286,228.50457,10.639997543033132
2287,228.60457200000002,10.569214798054489
2288,228.70457399999998,10.36832916205836
2289,228.804576,10.35225815488844
2290,228.90457800000001,10.133274882565855
2291,229.00458,10.697623721214926
2292,229.104582,10.74053725096668
2293,229.204584,10.79068032558397
2294,229.304586,10.67706552386535
2295,229.40458800000002,10.506434233609943
2296,229.50459,9.914370994682445
2297,229.604592,10.217786765173765
2298,229.70459400000001,10.37227730629436
2299,229.804596,10.331510621572999
2300,229.904598,10.134678558008405
2301,230.0046,9.993142677475289
2302,230.104602,9.933193164559455
2303,230.204604,9.846452373611365
2304,230.304606,10.140523926204704
2305,230.404608,10.24639403132716
2306,230.50461,10.091040237014536
2307,230.604612,9.938360766927723
2308,230.704614,9.925222536252443
2309,230.804616,10.306086544143206
2310,230.90461800000003,10.33098658554563
2311,231.00462,10.195975983550815
2312,231.104622,10.294851149747172
2313,231.20462400000002,10.292541333857525
2314,231.304626,10.110032376617315
2315,231.404628,9.987286116350678
2316,231.50463,9.707704899033551
2317,231.604632,10.150157885838402
2318,231.704634,9.975857008959116
2319,231.804636,9.831167992337583
2320,231.904638,10.344234245952197
2321,232.00464000000002,10.45358872533243
2322,232.10464199999998,10.313213740607315
2323,232.204644,10.144988574877345
2324,232.30464600000002,9.839381122842227
2325,232.404648,9.825608551505464
2326,232.50465,9.773891956330054
2327,232.60465200000002,9.59471838068094
2328,232.704654,9.354632368698445
2329,232.80465600000002,9.531501584349934
2330,232.90465799999998,10.541076859519633
2331,233.00466,10.161956976658859
2332,233.10466200000002,10.292852602900656
2333,233.204664,9.792585407689183
2334,233.304666,9.977717500513146
2335,233.40466800000002,9.7811235472297
2336,233.50467,9.676482271062413
2337,233.604672,9.724988533614852
2338,233.704674,9.767386748146766
2339,233.804676,9.95800230323438
2340,233.90467800000002,10.145682420052095
2341,234.00467999999998,9.817197909417365
2342,234.104682,9.959981506988843
2343,234.20468400000001,10.162794288752924
2344,234.304686,10.211613072915362
2345,234.404688,10.049593765440633
2346,234.50469,10.138697572892243
2347,234.604692,10.10159638808414
2348,234.70469400000002,9.971789542919065
2349,234.804696,10.279794286690057
2350,234.904698,10.42526118930249
2351,235.0047,10.131221905237242
2352,235.10470200000003,10.068998801172876
2353,235.204704,9.931302234265514
2354,235.304706,10.000031130658263
2355,235.404708,10.092677333236473
2356,235.50471,9.870574201849237
2357,235.604712,10.003783652679303
2358,235.704714,9.625315805390201
2359,235.804716,9.742701631018985
2360,235.904718,10.051165317469504
2361,236.00472,9.7073986818565
2362,236.104722,9.572407026123583
2363,236.20472400000003,9.645013045638663
2364,236.304726,9.775768287183519
2365,236.404728,9.67620106887707
2366,236.50473000000002,9.718176329750564
2367,236.604732,9.93761537019361
2368,236.704734,9.989193333762039
2369,236.804736,9.731800155332863
2370,236.904738,9.954556171030095
2371,237.00474,10.18040592084038
2372,237.104742,10.266386605447167
2373,237.204744,10.10355382590754
2374,237.30474600000002,10.202166513002746
2375,237.40474799999998,10.097407074867236
2376,237.50475,9.47675773971057
2377,237.60475200000002,9.494621506843279
2378,237.704754,9.68024327242154
2379,237.804756,9.829316069138587
2380,237.90475800000002,9.367119828127468
2381,238.00476,9.741686810852535
2382,238.10476200000002,9.95919445947774
2383,238.20476399999998,9.441714819732901
2384,238.304766,9.518967686765269
2385,238.40476800000002,9.484898989195045
2386,238.50477,9.471939582853455
2387,238.604772,9.70541371162558
2388,238.70477400000001,9.527500147946652
2389,238.804776,9.507253030041324
2390,238.904778,9.364913310711822
2391,239.00478,9.486668307515169
2392,239.104782,9.4648159100554
2393,239.20478400000002,9.73149396296645
2394,239.30478599999998,9.605175905515495
2395,239.404788,9.634955855619884
2396,239.50479,9.728875768210273
2397,239.604792,9.497596617095278
2398,239.704794,9.607881719789564
2399,239.804796,9.636138275077442
2400,239.904798,9.57183568514099
2401,240.00480000000002,9.775833529256255
2402,240.104802,9.662005820831109
2403,240.204804,9.64388861531263
2404,240.304806,10.324825144023162
2405,240.40480800000003,10.211509460463345
2406,240.50481,10.009722403472155
2407,240.604812,10.107999458118382
2408,240.704814,9.91641259647593
2409,240.804816,9.765301970803813
2410,240.904818,9.722412544235583
2411,241.00482,9.74723424522244
2412,241.104822,9.786021590201143
2413,241.204824,9.83005766479324
2414,241.304826,9.944621498975778
2415,241.404828,10.037361589019577
2416,241.50483000000003,9.709628894406071
2417,241.604832,9.798399600424561
2418,241.704834,9.691524626583112
2419,241.80483600000002,9.95307798126276
2420,241.904838,10.08880526426227
2421,242.00484,9.55554483089298
2422,242.104842,9.484740487646368
2423,242.204844,9.842022140420374
2424,242.30484600000003,9.694842136328965
2425,242.404848,9.674405231889537
2426,242.50485,9.533462807397234
2427,242.60485200000002,9.502039532549665
2428,242.70485399999998,9.442489477669971
2429,242.804856,9.662846138758615
2430,242.90485800000002,9.774102626559452
2431,243.00486,10.138856859734501
2432,243.104862,10.10375423663965
2433,243.20486400000001,10.159237113052297
2434,243.304866,9.800422153775404
2435,243.40486800000002,9.647800100073157
2436,243.50486999999998,9.619160070205417
2437,243.604872,10.20362913518643
2438,243.70487400000002,9.976759950798806
2439,243.804876,9.605291833243719
2440,243.904878,9.603604958756964
2441,244.00488,9.734756538126252
2442,244.104882,9.583527741706975
2443,244.204884,9.627493730822367
2444,244.304886,9.202740526992466
2445,244.404888,9.184913530635283
2446,244.50489000000002,8.974287324131225
2447,244.604892,8.980910646250768
2448,244.704894,9.250325823241653
2449,244.804896,9.431014836090192
2450,244.904898,9.060857290206872
2451,245.0049,9.086273208611539
2452,245.104902,9.384920443525235
2453,245.204904,9.709836598936336
2454,245.30490600000002,9.911584560925766
2455,245.404908,9.832586432057285
2456,245.50491,9.533190698721203
2457,245.604912,9.726109486403343
2458,245.70491400000003,9.682618492504956
2459,245.804916,9.374831351155771
2460,245.904918,9.488886372675637
2461,246.00492000000003,9.419929812266652
2462,246.104922,9.148814594387561
2463,246.204924,9.32372532604629
2464,246.304926,9.25995277326324
2465,246.404928,9.33581311435959
2466,246.50493,9.56247363310068
2467,246.604932,9.606175659173477
2468,246.704934,9.321827249811264
2469,246.80493600000003,9.109669046653345
2470,246.904938,9.193523867543036
2471,247.00494,9.282278434509992
2472,247.10494200000002,9.256618573594526
2473,247.204944,9.097322905505962
2474,247.304946,9.167971340553075
2475,247.404948,9.242293789664291
2476,247.50495,9.281564823870387
2477,247.60495200000003,9.132510500363301
2478,247.704954,9.413942669651238
2479,247.804956,9.226346308919023
2480,247.90495800000002,9.530730288619221
2481,248.00495999999998,9.631014425294406
2482,248.104962,9.174874605638431
2483,248.20496400000002,8.873273813718441
2484,248.304966,9.19024599338443
2485,248.404968,9.162673019736667
2486,248.50497000000001,9.212840578783238
2487,248.604972,9.098436628130976
2488,248.70497400000002,9.103545364880844
2489,248.80497599999998,9.316975869622365
2490,248.904978,9.423198305764279
2491,249.00498000000002,9.209116750061407
2492,249.104982,9.106374132169599
2493,249.204984,9.154411147398017
2494,249.304986,9.300572149898635
2495,249.404988,9.166497000437982
2496,249.50499,9.517615903638655
2497,249.604992,9.149377228478329
2498,249.704994,9.158085778300375
2499,249.80499600000002,9.373886484900563
2500,249.904998,9.2661848848497
2501,250.005,9.299062249631259
2502,250.105002,9.373855008656015
2503,250.205004,9.26093889639955
2504,250.305006,9.266808255843852
2505,250.405008,9.425047864553875
2506,250.50501,9.291005832493981
2507,250.60501200000002,9.331326415441069
2508,250.705014,9.317067119394585
2509,250.805016,9.31701741218868
2510,250.905018,8.994243200067956
2511,251.00502000000003,8.917605962797444
2512,251.105022,8.918514036946672
2513,251.205024,9.123595783878434
2514,251.30502600000003,8.841308649365425
2515,251.405028,9.009857396567787
2516,251.50503,8.955066984762745
2517,251.605032,9.452420550200866
2518,251.705034,9.255291194610413
2519,251.805036,9.402527505539618
2520,251.905038,9.18749377985736
2521,252.00504,9.349263755265447
2522,252.10504200000003,9.465691570616345
2523,252.205044,9.194179778689772
2524,252.305046,9.13824728796927
2525,252.40504800000002,9.075603057075071
2526,252.50505,9.246905258736676
2527,252.605052,9.361521823214293
2528,252.705054,9.379336709556943
2529,252.805056,9.259953652586223
2530,252.90505800000003,9.29358967392934
2531,253.00506,9.186193405944316
2532,253.105062,9.149565551574808
2533,253.20506400000002,9.287471077077072
2534,253.30506599999998,9.073139210150046
2535,253.405068,9.153078699788676
2536,253.50507000000002,9.16668756525344
2537,253.605072,9.181703182710754
2538,253.705074,9.257129942066287
2539,253.805076,9.154586632112636
2540,253.905078,9.222030669913526
2541,254.00508000000002,9.247929217045481
2542,254.10508199999998,9.107002922297179
2543,254.205084,9.134762914964366
2544,254.30508600000002,9.236780741190096
2545,254.405088,9.201482353404929
2546,254.50509,9.114545148742623
2547,254.605092,9.267272379672937
2548,254.705094,9.184318878182138
2549,254.80509600000002,9.197343433242999
2550,254.905098,9.213098636393338
2551,255.0051,9.145671851048492
2552,255.10510200000002,9.147959452764761
2553,255.205104,9.009947209267867
2554,255.305106,8.978774958066904
2555,255.405108,8.91193852582735
2556,255.50511,8.909987616401914
2557,255.605112,9.215972479322325
2558,255.705114,9.258275215779786
2559,255.805116,9.331579683303316
2560,255.90511800000002,9.107611872037397
2561,256.00512,9.072124097557346
2562,256.105122,9.073837442523873
2563,256.205124,9.07572503135232
2564,256.30512600000003,9.132476875493422
2565,256.405128,9.300952648912705
2566,256.50513,9.300155377056814
2567,256.605132,9.046284986039058
2568,256.705134,9.327849118101684
2569,256.805136,9.335127255193527
2570,256.905138,9.341593330254904
2571,257.00514000000004,9.229653149792327
2572,257.105142,9.327746438157044
2573,257.205144,9.337854448995845
2574,257.30514600000004,9.356186290949925
2575,257.405148,9.340732860788558
2576,257.50515,9.4220150785133
2577,257.605152,9.283213313017638
2578,257.705154,9.341698394994953
2579,257.805156,9.282933017471649
2580,257.905158,9.159416202819907
2581,258.00516,9.15181914179474
2582,258.105162,9.28463856656947
2583,258.205164,9.092672839988929
2584,258.305166,8.98288362427913
2585,258.405168,9.071615215857525
2586,258.50517,9.187145246321261
2587,258.605172,9.10029292789121
2588,258.705174,9.055902990461243
2589,258.805176,9.158889936231878
2590,258.90517800000003,9.33403890549918
2591,259.00518,9.186605400338792
2592,259.105182,9.191855623018379
2593,259.20518400000003,9.149960153404905
2594,259.305186,9.105954463982496
2595,259.405188,9.112226149764583
2596,259.50519,9.285279560716873
2597,259.605192,9.246860644248427
2598,259.705194,9.247326404126653
2599,259.805196,9.097362859237283
2600,259.905198,9.044951184495055
2601,260.0052,9.034756229189
2602,260.105202,9.50980176325036
2603,260.205204,9.37821213378226
2604,260.305206,9.239357052515311
2605,260.405208,9.270354439859434
2606,260.50521,9.161872606962193
2607,260.605212,9.110236163439714
2608,260.705214,9.290718279343986
2609,260.80521600000003,9.224002531214836
2610,260.905218,9.234070075415065
2611,261.00522,9.409494915853683
2612,261.105222,9.18905006215077
2613,261.20522400000004,9.305045083922842
2614,261.305226,9.175856453913465
2615,261.405228,9.177035617050775
2616,261.50523,8.948342681386668
2617,261.605232,8.989095625031279
2618,261.705234,9.168990619139148
2619,261.805236,9.07877458360668
2620,261.905238,9.442154677180444
2621,262.00524,9.384708660242003
2622,262.105242,9.22734241464123
2623,262.205244,9.3570615847317
2624,262.305246,9.144751377307598
2625,262.40524800000003,9.219185258503552
2626,262.50525,9.181355397498914
2627,262.60525199999995,8.972683833862678
2628,262.705254,9.128126381028437
2629,262.805256,9.155460609484454
2630,262.905258,9.045979735584513
2631,263.00526,9.207410015414402
2632,263.105262,9.17986317209444
2633,263.205264,9.172837763555027
2634,263.305266,9.191923642420841
2635,263.405268,9.541511975645223
2636,263.50527,9.275503649699465
2637,263.605272,9.002411740894797
2638,263.70527400000003,9.175069334671488
2639,263.805276,9.222654645144733
2640,263.905278,9.352296599965905
2641,264.00528,9.277873035721509
2642,264.105282,9.307350991190322
2643,264.205284,9.278124443923312
2644,264.305286,9.135717410861888
2645,264.405288,9.30576529911153
2646,264.50529,9.333565668133401
2647,264.605292,9.156022203965643
2648,264.705294,9.301471987773036
2649,264.80529600000006,9.2028036897497
2650,264.905298,9.342094564433292
2651,265.0053,9.32653043774673
2652,265.10530200000005,9.436639264905809
2653,265.205304,9.126691738525478
2654,265.305306,9.259983134824633
2655,265.405308,9.204327576480475
2656,265.50531,9.214632406483465
2657,265.605312,9.486146734278751
2658,265.705314,9.40230193656512
2659,265.805316,9.3671315604855
2660,265.905318,9.165361461915456
2661,266.00532,9.078100812686525
2662,266.105322,8.979956619067073
2663,266.205324,8.910168891536483
2664,266.305326,9.249554959151668
2665,266.405328,9.226070087302448
2666,266.50533,8.91886961749752
2667,266.605332,8.93422591461102
2668,266.70533400000005,8.943755307198131
2669,266.805336,9.165277174188432
2670,266.905338,8.969185548617796
2671,267.00534000000005,9.203508196458731
2672,267.105342,9.019551207472377
2673,267.20534399999997,9.075557077842015
2674,267.30534600000004,8.979793866552786
2675,267.405348,8.97080244378214
2676,267.50534999999996,8.889131483140558
2677,267.60535200000004,9.119833220070824
2678,267.705354,9.078085621053646
2679,267.805356,8.920181308220457
2680,267.90535800000004,8.656975418027285
2681,268.00536,8.989825449892983
2682,268.105362,8.791391793987529
2683,268.205364,8.768054225269932
2684,268.305366,8.79947685744804
2685,268.405368,8.877628182949904
2686,268.50536999999997,8.796476725671127
2687,268.60537200000005,8.836895845847712
2688,268.705374,9.00092085658847
2689,268.80537599999997,8.911747630186149
2690,268.90537800000004,8.894011888212205
2691,269.00538,8.997297219505747
2692,269.10538199999996,9.163458627440773
2693,269.20538400000004,9.352141149676905
2694,269.305386,9.119678710867074
2695,269.40538799999996,9.066604284136531
2696,269.50539000000003,9.041863155156337
2697,269.605392,9.115142389299798
2698,269.705394,9.110895768940802
2699,269.80539600000003,9.142814318313814
2700,269.905398,8.95944661749537
2701,270.0054,9.075765198668082
2702,270.105402,8.929081970205942
2703,270.205404,8.789679028182146
2704,270.305406,8.939480899540257
2705,270.405408,8.964035927317983
2706,270.50541000000004,8.966173585348288
2707,270.605412,9.052410701705371
2708,270.70541399999996,9.117818181621258
2709,270.80541600000004,8.966360258356856
2710,270.905418,9.078279919627287
2711,271.00541999999996,8.897449605821029
2712,271.10542200000003,9.062370935018293
2713,271.205424,8.92258451498582
2714,271.30542599999995,9.015918522572717
2715,271.40542800000003,9.025075651439982
2716,271.50543,9.129234094398406
2717,271.605432,8.954385826676104
2718,271.705434,8.947021371284704
2719,271.805436,8.87141137604565
2720,271.905438,9.115448389533963
2721,272.00544,8.944470552773563
2722,272.105442,9.23342615996863
2723,272.205444,9.088249169360974
2724,272.305446,8.930389642786789
2725,272.40544800000004,9.200669761188726
2726,272.50545,9.169452145799166
2727,272.605452,9.030195779982353
2728,272.70545400000003,9.256467602473217
2729,272.805456,9.467234136758485
2730,272.905458,9.243832423177633
2731,273.00546,9.45969988337181
2732,273.105462,9.29198671105725
2733,273.205464,9.263994076120152
2734,273.305466,9.594460915537608
2735,273.405468,9.542946046807472
2736,273.50547,9.659952865104701
2737,273.605472,9.595356258788499
2738,273.705474,9.466676924428377
2739,273.805476,9.399073067412365
2740,273.905478,9.55655504118643
2741,274.00548,9.672410961812
2742,274.105482,9.423834587033317
2743,274.205484,9.563405360114162
2744,274.30548600000003,9.539426593191559
2745,274.405488,9.680196533240686
2746,274.50549,9.783496155945635
2747,274.605492,9.57213761714214
2748,274.705494,9.620329908865425
2749,274.805496,9.771746671533322
2750,274.905498,9.556168284278272
2751,275.0055,9.947453297436118
2752,275.105502,9.65179643857204
2753,275.205504,9.576062086738531
2754,275.305506,9.560876803779243
2755,275.40550800000005,9.614404235509541
2756,275.50551,9.661446933264783
2757,275.605512,9.700674217325924
2758,275.70551400000005,9.760225131351318
2759,275.805516,9.96462249526065
2760,275.905518,9.97026863977187
2761,276.00552000000005,9.865571048745275
2762,276.105522,9.507148140318302
2763,276.205524,9.650443365076514
2764,276.305526,10.185585120635864
2765,276.405528,9.336478815514083
2766,276.50553,10.239386684552219
2767,276.605532,10.372259549862935
2768,276.705534,10.25379723723984
2769,276.805536,9.714148621004842
2770,276.905538,10.300367475763158
2771,277.00554,10.234482123305682
2772,277.105542,10.082086198556837
2773,277.205544,10.131825804940219
2774,277.30554600000005,10.0481044954935
2775,277.405548,10.179605772128685
2776,277.50554999999997,10.153660345210742
2777,277.60555200000005,9.927542993972391
2778,277.705554,9.909581426305374
2779,277.80555599999997,10.392619320788917
2780,277.90555800000004,10.387729118852588
2781,278.00556,9.994763999209681
2782,278.105562,10.357490183135269
2783,278.20556400000004,10.201186308071337
2784,278.305566,10.280378470658984
2785,278.405568,10.072372852375238
2786,278.50557000000003,9.955065378402534
2787,278.605572,9.895990262088489
2788,278.705574,9.784610324634569
2789,278.805576,9.828070163392535
2790,278.905578,9.682523080841417
2791,279.00558,9.651368472978623
2792,279.10558199999997,9.740130367796006
2793,279.20558400000004,9.708873939343349
2794,279.305586,9.665396439583908
2795,279.40558799999997,9.748036198728709
2796,279.50559000000004,10.263012095388971
2797,279.605592,10.18792105381541
2798,279.70559399999996,9.887110354483534
2799,279.80559600000004,9.8393430360877
2800,279.905598,10.056274903546239
2801,280.0056,9.934347358782478
2802,280.10560200000003,9.782434267048368
2803,280.205604,10.018813395987383
2804,280.305606,9.933569739649561
2805,280.40560800000003,9.775863036661296
2806,280.50561,10.13416236637381
2807,280.605612,10.10122802546413
2808,280.705614,9.77827604549295
2809,280.805616,9.743221345720622
2810,280.905618,9.919499397505044
2811,281.00562,10.068580406464148
2812,281.10562200000004,10.068631296572276
2813,281.205624,9.68025428780407
2814,281.30562599999996,9.843486431614837
2815,281.40562800000004,9.854965565025593
2816,281.50563,9.97787088619444
2817,281.60563199999996,9.716822849455838
2818,281.70563400000003,9.733732127673054
2819,281.805636,9.763194207136225
2820,281.90563799999995,9.961447606530477
2821,282.00564,9.79182985388792
2822,282.105642,9.911176981704784
2823,282.205644,9.760207156556302
2824,282.305646,9.801717551613716
2825,282.405648,9.706318823089052
2826,282.50565,9.817200391259359
2827,282.605652,9.860926039011119
2828,282.705654,9.795504047648642
2829,282.805656,9.941803238395961
2830,282.905658,9.793061214440764
2831,283.00566000000003,9.995726249739825
2832,283.105662,9.721950001013504
2833,283.205664,10.311249477974668
2834,283.30566600000003,10.144183315385689
2835,283.405668,9.942398430362879
2836,283.50567,10.131717903118089
2837,283.605672,10.317217934041285
2838,283.705674,10.42116504807884
2839,283.805676,9.461733077144588
2840,283.905678,9.867312275894594
2841,284.00568,9.92023859729253
2842,284.105682,10.01204805813609
2843,284.205684,9.70942636824249
2844,284.305686,10.006762940623288
2845,284.405688,10.021415473815429
2846,284.50569,9.586547942577898
2847,284.605692,9.76945314943855
2848,284.705694,9.848715760748455
2849,284.805696,9.909075598412564
2850,284.90569800000003,9.379559231360924
2851,285.0057,9.41992167463488
2852,285.105702,9.401763847805361
2853,285.205704,9.201835711785058
2854,285.305706,9.13610566166752
2855,285.405708,9.16488692014498
2856,285.50571,9.14050513290534
2857,285.605712,9.37675085678638
2858,285.705714,9.258450657104339
2859,285.805716,9.048792778526492
2860,285.905718,9.037747266217304
2861,286.00572000000005,8.98590927255014
2862,286.105722,9.046406587828999
2863,286.205724,9.147061356364249
2864,286.30572600000005,9.07241302006545
2865,286.405728,9.42179976624238
2866,286.50572999999997,9.338194481085537
2867,286.60573200000005,9.416756217270493
2868,286.705734,9.452199121298133
2869,286.805736,9.460563871482995
2870,286.905738,9.396390479920424
2871,287.00574,9.686156102061652
2872,287.105742,9.344343285602568
2873,287.205744,9.396335252944683
2874,287.305746,9.60152511428809
2875,287.405748,9.62621127022927
2876,287.50575,9.31229644965248
2877,287.605752,9.56369648793193
2878,287.705754,9.82518042827648
2879,287.805756,9.6266119582188
2880,287.90575800000005,9.634136357304415
2881,288.00576,9.754028006734574
2882,288.10576199999997,9.479116676497616
2883,288.20576400000004,9.30267183573764
2884,288.305766,9.247461057937993
2885,288.40576799999997,9.248464070732753
2886,288.50577000000004,9.196501631938734
2887,288.605772,9.250993498412178
2888,288.705774,9.226961762612232
2889,288.80577600000004,9.196615299595335
2890,288.905778,9.300912102096897
2891,289.00578,9.20979578054214
2892,289.10578200000003,9.211879842234888
2893,289.205784,9.190653787196329
2894,289.305786,9.005874653930954
2895,289.405788,9.21761642374069
2896,289.50579,9.215832115250386
2897,289.605792,9.046250612872305
2898,289.70579399999997,9.133857793735311
2899,289.80579600000004,9.337333680007356
2900,289.905798,9.247209878509276
2901,290.00579999999997,9.186512659467576
2902,290.10580200000004,9.016870916724967
2903,290.205804,9.156611001093381
2904,290.30580599999996,9.023747541518567
2905,290.40580800000004,9.073627209453656
2906,290.50581,9.258348217376199
2907,290.605812,9.044622786379367
2908,290.70581400000003,9.275689214721265
2909,290.805816,9.156956228935652
2910,290.905818,9.318649218694958
2911,291.00582,9.512332740574475
2912,291.105822,9.188652255590402
2913,291.205824,9.263623248359071
2914,291.305826,9.129071064718179
2915,291.405828,9.398934491463695
2916,291.50583,9.195129281494136
2917,291.605832,9.381705349057107
2918,291.70583400000004,9.100207480392815
2919,291.805836,9.09266233155771
2920,291.905838,9.42707354932216
2921,292.00584000000003,9.1519760958853
2922,292.105842,9.26687367873771
2923,292.20584399999996,9.129129517469707
2924,292.30584600000003,9.258393744341657
2925,292.405848,9.2935757110223
2926,292.50585,9.07614545500339
2927,292.605852,9.2530236200418
2928,292.705854,9.233492897358518
2929,292.805856,8.987256610495047
2930,292.905858,9.198653794164457
2931,293.00586,9.181929131631765
2932,293.105862,9.195884207024708
2933,293.205864,9.298970527758689
2934,293.305866,9.08504878951044
2935,293.405868,9.32906048215441
2936,293.50587,9.395406548223528
2937,293.60587200000003,9.192205741944568
2938,293.705874,9.02443079995933
2939,293.805876,9.322628245410398
2940,293.90587800000003,9.259784412550392
2941,294.00588,9.294921282277496
2942,294.105882,9.177335996959721
2943,294.205884,9.100889808572914
2944,294.305886,9.016768948881648
2945,294.405888,8.915671841719048
2946,294.50589,9.009285265580962
2947,294.605892,9.031711100675716
2948,294.70589400000006,9.06001373761095
2949,294.805896,9.210906964048016
2950,294.905898,9.173412397823657
2951,295.0059,9.266394021000298
2952,295.105902,9.166353232220475
2953,295.205904,9.317022623165057
2954,295.305906,9.23378836565153
2955,295.405908,9.08401690023364
2956,295.50591000000003,9.239283901195565
2957,295.605912,9.23608010325992
2958,295.705914,9.14208893143413
2959,295.805916,9.119099673950636
2960,295.905918,9.193433336759467
2961,296.00592,9.176992318415461
2962,296.105922,9.197066089585547
2963,296.205924,9.10852501645507
2964,296.305926,9.28477299294008
2965,296.405928,9.30281641897069
2966,296.50593,9.3020776428233
2967,296.60593200000005,9.33864982067794
2968,296.705934,9.108097960977535
2969,296.805936,9.221151149714997
2970,296.90593800000005,9.146042260280622
2971,297.00594,8.98457815039815
2972,297.10594199999997,9.176096663425088
2973,297.20594400000004,9.285883472245176
2974,297.305946,9.412707135990617
2975,297.405948,9.172581304425634
2976,297.50595,9.259652383724239
2977,297.605952,9.293265408153239
2978,297.705954,9.114456462686826
2979,297.805956,9.000769096104337
2980,297.905958,9.207382132382689
2981,298.00596,9.347338537592709
2982,298.105962,9.17693788122532
2983,298.205964,9.26260706868399
2984,298.305966,9.16269616229267
2985,298.405968,9.198169278679526
2986,298.50597000000005,9.264249514383662
2987,298.605972,9.17811812282086
2988,298.70597399999997,9.169679168070493
2989,298.80597600000004,9.312542474294352
2990,298.905978,9.168935233817312
2991,299.00597999999997,9.195293008916089
2992,299.10598200000004,9.265106342760857
2993,299.205984,9.309005876554405
2994,299.305986,9.198912516224524
2995,299.40598800000004,9.18847649580845
2996,299.50599,9.368812450061496
2997,299.605992,9.245558639175698
2998,299.70599400000003,9.230524528378494
2999,299.805996,9.149857264870677
3000,299.905998,9.239482661672065
3001,300.006,9.273569075764321
3002,300.106002,9.220146499366118
3003,300.206004,9.10048034735705
3004,300.30600599999997,9.156000053837245
3005,300.40600800000004,9.15808809424259
3006,300.50601,9.007344900609608
3007,300.60601199999996,9.120842630763693
3008,300.70601400000004,9.331442478902044
3009,300.806016,9.371388038083674
3010,300.90601799999996,9.292406908822715
3011,301.00602000000003,9.31579629957321
3012,301.106022,9.130758365289308
3013,301.206024,9.215982468258835
3014,301.30602600000003,9.336226755899721
3015,301.406028,9.023208914920039
3016,301.50603,9.072376241677958
3017,301.606032,9.257137004549895
3018,301.706034,9.452726361685894
3019,301.806036,9.365414877090299
3020,301.906038,9.168558037748044
3021,302.00604,9.215170513111216
3022,302.106042,9.02844721545568
3023,302.206044,9.04583149291241
3024,302.30604600000004,9.412207656080001
3025,302.406048,9.347316031036224
3026,302.50605,9.226106281770063
3027,302.60605200000003,9.1568500328321
3028,302.706054,9.230954707343637
3029,302.80605599999996,9.26628123255112
3030,302.90605800000003,9.195071008098198
3031,303.00606,9.344806576533099
3032,303.106062,9.154113849242403
3033,303.206064,9.065370083126735
3034,303.306066,9.13442401663587
3035,303.406068,9.499422087459283
3036,303.50607,9.145455667463521
3037,303.606072,9.050964806130784
3038,303.706074,9.17461627045531
3039,303.806076,8.910314506145788
3040,303.906078,9.396131570148937
3041,304.00608,9.189578637524466
3042,304.106082,9.193490318945337
3043,304.20608400000003,9.422524733246279
3044,304.306086,9.288056496588437
3045,304.406088,9.015705652660605
3046,304.50609000000003,9.13815548327827
3047,304.606092,9.074385758490333
3048,304.706094,9.175901756986821
3049,304.806096,9.118720993327386
3050,304.906098,9.21634173883544
3051,305.00610000000006,9.237931702950434
3052,305.106102,9.519926782533247
3053,305.206104,9.23392745296554
3054,305.30610600000006,9.1432780845937
3055,305.406108,9.17952199803667
3056,305.50611,9.150175992337555
3057,305.606112,9.194695300791258
3058,305.706114,9.068820220502236
3059,305.806116,9.426599991158954
3060,305.906118,9.289259929030472
3061,306.00612,9.1172462030665
3062,306.106122,9.098782635896498
3063,306.206124,9.206849138739827
3064,306.306126,9.33215620551299
3065,306.406128,9.142240000503978
3066,306.50613,9.07094947002053
3067,306.606132,9.211618659331096
3068,306.706134,9.136104328538066
3069,306.806136,9.101456161320852
3070,306.90613800000006,9.121489391477029
3071,307.00614,9.264166662684744
3072,307.106142,9.093473338678923
3073,307.20614400000005,9.09469627546898
3074,307.306146,9.225242759143827
3075,307.406148,9.248048935987189
3076,307.50615000000005,9.359168587890885
3077,307.606152,9.201627887807351
3078,307.70615399999997,9.470496378076385
3079,307.80615600000004,9.382776355864966
3080,307.906158,9.110094123427475
3081,308.00616,9.141580949378202
3082,308.106162,9.216798909890185
3083,308.206164,9.249220877333864
3084,308.306166,9.25761500328375
3085,308.406168,9.23027305200125
3086,308.50617,9.22880938713051
3087,308.606172,9.190914461344546
3088,308.706174,9.214154433332729
3089,308.806176,9.20005335865909
3090,308.906178,9.308107360559159
3091,309.00618,9.167510514937339
3092,309.10618200000005,9.05521804347108
3093,309.206184,9.26632640548256
3094,309.30618599999997,9.265285732290831
3095,309.40618800000004,9.337390053926926
3096,309.50619,9.220207138459815
3097,309.60619199999996,9.178829473906568
3098,309.70619400000004,9.336157352295325
3099,309.806196,9.173446714613464
3100,309.906198,9.18257040523616
3101,310.00620000000004,9.180948920745104
3102,310.106202,9.155979423106649
3103,310.206204,9.270744973702586
3104,310.30620600000003,9.180030405715712
3105,310.406208,9.170133495305985
3106,310.50621,9.144245474130184
3107,310.606212,9.169326519237574
3108,310.706214,9.315767703628357
3109,310.806216,9.11953294440514
3110,310.90621799999997,9.16886155043692
3111,311.00622000000004,9.271897658894002
3112,311.106222,9.313363906545128
3113,311.20622399999996,9.319731691616536
3114,311.30622600000004,9.289557489626068
3115,311.406228,9.247942684637877
3116,311.50622999999996,9.258384767119685
3117,311.60623200000003,9.271896322820556
3118,311.706234,9.386668440096532
3119,311.806236,9.482157030197616
3120,311.90623800000003,9.55629964666623
3121,312.00624,9.377735985667034
3122,312.106242,9.495813829013558
3123,312.206244,9.367657456186878
3124,312.306246,9.082779271073795
3125,312.406248,9.137517135726348
3126,312.50625,9.075590234059465
3127,312.606252,9.114125937435734
3128,312.706254,9.04674040660174
3129,312.806256,9.130596100070239
3130,312.90625800000004,9.356288247861192
3131,313.00626,9.124417909733642
3132,313.106262,9.13085785821593
3133,313.20626400000003,9.249209219654269
3134,313.306266,9.279500815388861
3135,313.40626799999995,9.121051374341784
3136,313.50627000000003,9.137016623078857
3137,313.606272,9.246215854619441
3138,313.706274,9.051554247591033
3139,313.806276,9.167196560396007
3140,313.906278,9.126923382085119
3141,314.00628,9.157383358944536
3142,314.106282,9.0869976130339
3143,314.206284,9.155962192311003
3144,314.306286,9.123601966555276
3145,314.406288,9.070449480273624
3146,314.50629,9.18799291640632
3147,314.606292,9.06147162114993
3148,314.706294,9.025849066592338
3149,314.80629600000003,9.144210104330494
3150,314.906298,9.121862902953398
3151,315.0063,9.139243264054942
3152,315.106302,9.06599254120337
3153,315.206304,9.126386789677206
3154,315.306306,9.060772206370395
3155,315.406308,9.260312486153715
3156,315.50631,9.228994339316593
3157,315.60631200000006,9.225061005319665
3158,315.706314,9.20636136833947
3159,315.806316,9.224367125566278
3160,315.90631800000006,9.255113148111382
3161,316.00632,9.139660038286411
3162,316.106322,9.062105964821159
3163,316.206324,9.018972192557417
3164,316.306326,9.039434430877314
3165,316.406328,9.166725205568785
3166,316.50633,9.186699238922998
3167,316.606332,9.230704363929199
3168,316.706334,9.046287052516714
3169,316.806336,9.080740678078346
3170,316.906338,9.2052624208271
3171,317.00634,9.014152224299792
3172,317.106342,9.14227084375345
3173,317.206344,9.325940340710536
3174,317.306346,9.311611900282427
3175,317.406348,9.44214544494073
3176,317.50635000000005,9.36976846362196
3177,317.606352,9.160856733752787
3178,317.706354,9.218293900056077
3179,317.80635600000005,9.11888328364415
3180,317.906358,9.125916835625333
3181,318.00636,9.448464337119526
3182,318.10636200000005,9.454311164807836
3183,318.206364,9.319881563204575
3184,318.30636599999997,9.260111890868389
3185,318.40636800000004,9.116306730161849
3186,318.50637,9.332189132712545
3187,318.606372,9.311659887042506
3188,318.706374,9.280497379010468
3189,318.806376,9.16816516500656
3190,318.906378,9.345129934285186
3191,319.00638,9.243725481304025
3192,319.106382,9.470419365030388
3193,319.206384,9.37015120508556
3194,319.306386,9.287054652642171
3195,319.40638800000005,9.367597123877944
3196,319.50639,9.265631037169575
3197,319.60639199999997,9.303043339897847
3198,319.70639400000005,9.188492994328268
3199,319.806396,9.329646317606551
3200,319.90639799999997,9.175947948166348
3201,320.00640000000004,9.402990189736553
3202,320.106402,9.21930401396973
3203,320.20640399999996,9.3412935473125
3204,320.30640600000004,9.344289335924522
3205,320.406408,9.085056842403503
3206,320.50641,9.161507308212604
3207,320.60641200000003,9.252620009298537
3208,320.706414,9.13835721982214
3209,320.806416,9.456483679492228
3210,320.90641800000003,9.490386724417112
3211,321.00642,9.42063128728596
3212,321.106422,9.419019591544481
3213,321.206424,9.450342622628911
3214,321.306426,9.579292667196276
3215,321.406428,9.466842024033534
3216,321.50642999999997,9.64864738687175
3217,321.60643200000004,9.379716018228228
3218,321.706434,9.2917968497373
3219,321.80643599999996,9.555144277168946
3220,321.90643800000004,9.496917292618608
3221,322.00644,9.134254686437489
3222,322.10644199999996,9.093244150678922
3223,322.20644400000003,9.153885382173529
3224,322.306446,9.2117111683337
3225,322.406448,9.423620169260182
3226,322.50645000000003,9.170877333946475
3227,322.606452,9.208343663546843
3228,322.706454,9.512117011332705
3229,322.806456,9.656856754652232
3230,322.906458,9.468548739001193
3231,323.00646,9.478118211997836
3232,323.106462,9.440797019711168
3233,323.206464,9.369876516503755
3234,323.306466,9.477696977236164
3235,323.406468,9.60988451059792
3236,323.50647000000004,9.422826846863988
3237,323.606472,9.384085441218295
3238,323.706474,9.326687435211596
3239,323.80647600000003,9.213203053387318
3240,323.906478,9.241035080548869
3241,324.00647999999995,9.15859545268664
3242,324.106482,9.134578741164962
3243,324.206484,9.129166435965471
3244,324.306486,9.132749019135336
3245,324.406488,9.134781837806054
3246,324.50649,9.27359955537125
3247,324.606492,9.34417826933937
3248,324.706494,9.333286069489741
3249,324.806496,9.412186343167411
3250,324.906498,9.431385781796685
3251,325.0065,9.401078384321577
3252,325.106502,9.333887491031337
3253,325.206504,9.315801811507363
3254,325.306506,9.224015654817144
3255,325.40650800000003,9.448977959643512
3256,325.50651,9.401730209169159
3257,325.606512,9.402485306679088
3258,325.706514,9.255291527962559
3259,325.806516,9.43829893586143
3260,325.906518,9.420739391966068
3261,326.00652,9.231367641276298
3262,326.106522,9.19124882455678
3263,326.20652400000006,9.371222698490275
3264,326.306526,9.029853541100778
3265,326.406528,9.024233716068201
3266,326.50653000000005,8.976389291831977
3267,326.606532,9.12300829034945
3268,326.706534,9.020529788075054
3269,326.806536,8.879884948270774
3270,326.906538,9.043971065318082
3271,327.00654,9.02653343993414
3272,327.106542,8.959537140988704
3273,327.206544,8.729951457762926
3274,327.306546,8.903277305549784
3275,327.406548,8.79086586567675
3276,327.50655,8.947989664101772
3277,327.606552,8.862100759730572
3278,327.706554,8.860269510270479
3279,327.806556,9.059409782191215
3280,327.906558,8.887053238112225
3281,328.00656,9.04581400306682
3282,328.10656200000005,8.850203530333513
3283,328.206564,8.91974765433345
3284,328.306566,8.985860934353093
3285,328.40656800000005,8.877351376166336
3286,328.50657,8.875287974855826
3287,328.60657199999997,9.076457742405191
3288,328.70657400000005,9.003645527501998
3289,328.806576,9.093229972439818
3290,328.90657799999997,8.89830752416932
3291,329.00658000000004,8.958308186084386
3292,329.106582,8.864151626457119
3293,329.206584,8.87862356834838
3294,329.30658600000004,8.96029750001082
3295,329.406588,8.937375833052378
3296,329.50659,9.065815782757225
3297,329.606592,8.89523037385564
3298,329.706594,9.026900542802942
3299,329.806596,9.059914549320846
3300,329.906598,8.972226809975833
3301,330.00660000000005,8.96524799516146
3302,330.106602,8.804381329291141
3303,330.20660399999997,8.99597500321609
3304,330.30660600000004,8.885718097383144
3305,330.406608,9.007139024657636
3306,330.50660999999997,9.000681978762424
3307,330.60661200000004,8.901056836196528
3308,330.706614,9.05866675114684
3309,330.80661599999996,9.077934489919102
3310,330.90661800000004,9.109253905753938
3311,331.00662,9.015623656326813
3312,331.106622,9.050250534728173
3313,331.20662400000003,9.149241962166672
3314,331.306626,9.09858795677489
3315,331.406628,9.000362938664152
3316,331.50663000000003,8.947479019818628
3317,331.606632,9.142031751487211
3318,331.706634,8.970727483878443
3319,331.806636,8.960055919396483
3320,331.90663800000004,8.882199748506823
3321,332.00664,8.932241122601733
3322,332.10664199999997,8.977351769481212
3323,332.20664400000004,9.206920999194862
3324,332.306646,8.974255280964199
3325,332.40664799999996,9.178504977972137
3326,332.50665000000004,8.8688096669508
3327,332.606652,8.75894436973364
3328,332.70665399999996,8.979417905316623
3329,332.80665600000003,9.011215109337636
3330,332.906658,8.771448849738928
3331,333.00666,8.954421650154748
3332,333.10666200000003,8.939214132083677
3333,333.206664,8.887373963812761
3334,333.306666,9.049201409257062
3335,333.406668,8.839183290275281
3336,333.50667,8.840533529216193
3337,333.606672,8.808968353545922
3338,333.706674,8.888043605860291
3339,333.80667600000004,8.90613309549332
3340,333.906678,8.833786656712725
3341,334.00668,8.772079653402722
3342,334.10668200000003,8.706480909270608
3343,334.206684,8.748512639754896
3344,334.306686,8.721846200829813
3345,334.40668800000003,8.852724487753852
3346,334.50669,8.786937260442576
3347,334.60669199999995,9.032172710306366
3348,334.706694,8.920837047550602
3349,334.806696,8.943733443151038
3350,334.906698,8.870677466651978
3351,335.0067,8.920017989225235
3352,335.106702,8.742265579744426
3353,335.206704,8.973954001772366
3354,335.306706,8.953787037051347
3355,335.406708,8.97518116956431
3356,335.50671,8.943054076714263
3357,335.606712,8.715953763807535
3358,335.706714,8.8648177709419
3359,335.806716,8.794093034582412
3360,335.906718,9.034521118101896
3361,336.00672000000003,8.911179113845504
3362,336.106722,8.98599130478769
3363,336.206724,8.92188317757563
3364,336.306726,8.603578577558315
3365,336.406728,8.94202430116538
3366,336.50673,8.95124120980039
3367,336.606732,9.007498353550659
3368,336.706734,8.950849293909995
3369,336.80673600000006,9.048142614897577
3370,336.906738,8.779856387571405
3371,337.00674,8.745896456592797
3372,337.10674200000005,8.80388118701753
3373,337.206744,9.033120024673602
3374,337.306746,9.109494442051215
3375,337.406748,8.806975176367496
3376,337.50675,8.852492416572021
3377,337.606752,8.931511033149711
3378,337.706754,8.922655274921024
3379,337.806756,8.719685700274898
3380,337.906758,8.940559008827325
3381,338.00676,8.838489349169325
3382,338.106762,8.69811675213391
3383,338.206764,8.75777870802751
3384,338.306766,8.812027373655916
3385,338.406768,8.625454709118218
3386,338.50677,8.83425940416171
3387,338.606772,8.852187107019102
3388,338.70677400000005,8.830628205584638
3389,338.806776,8.793559147367553
3390,338.906778,8.80226636237847
3391,339.00678000000005,8.904149381602574
3392,339.106782,8.894631920560665
3393,339.20678399999997,9.023662236728272
3394,339.30678600000005,8.779945706088284
3395,339.406788,8.66368360749974
3396,339.50678999999997,8.936518961634542
3397,339.60679200000004,8.882587506759338
3398,339.706794,8.977243685987572
3399,339.806796,8.815673462281563
3400,339.90679800000004,8.947664927377353
3401,340.0068,8.74250322462108
3402,340.106802,8.85334068571817
3403,340.206804,8.869523460254143
3404,340.306806,8.801172914076082
3405,340.406808,8.940602651318576
3406,340.50681,8.760395330985626
3407,340.60681200000005,8.785032713259207
3408,340.706814,8.981264867229958
3409,340.80681599999997,8.769474487930855
3410,340.90681800000004,8.799852287595275
3411,341.00682,8.975652171268669
3412,341.10682199999997,8.975355422588555
3413,341.20682400000004,9.054482586298084
3414,341.306826,9.05218747594904
3415,341.40682799999996,9.037806100114723
3416,341.50683000000004,8.81333903157747
3417,341.606832,9.064369075502531
3418,341.706834,9.029843753053028
3419,341.80683600000003,8.895908565438177
3420,341.906838,8.84552740161498
3421,342.00684,8.787941074301793
3422,342.10684200000003,9.019576008028807
3423,342.206844,8.877611508403207
3424,342.306846,9.030263991888665
3425,342.406848,9.061790561350087
3426,342.50685000000004,9.201887680513153
3427,342.606852,9.162525557036767
3428,342.70685399999996,9.15102001127181
3429,342.80685600000004,9.089373617758719
3430,342.906858,9.085604265613984
3431,343.00685999999996,9.115779080729116
3432,343.10686200000004,9.02371972413329
3433,343.206864,9.12769209578183
3434,343.30686599999996,9.105641101037643
3435,343.40686800000003,9.07743746373015
3436,343.50687,9.057066425495861
3437,343.606872,9.090207277629952
3438,343.706874,9.11657071198758
3439,343.806876,9.077966324256023
3440,343.906878,9.052758622542209
3441,344.00688,9.027534724478642
3442,344.106882,9.061307927263673
3443,344.206884,8.965210161728454
3444,344.306886,8.937225325425024
3445,344.40688800000004,9.099517353724773
3446,344.50689,9.11217112684011
3447,344.606892,9.061894857223217
3448,344.70689400000003,8.924948079912017
3449,344.806896,8.840793771124638
3450,344.906898,8.788950827869277
3451,345.00690000000003,8.898821005581796
3452,345.106902,9.078934859632977
3453,345.206904,8.997782120434916
3454,345.306906,9.104858213850644
3455,345.406908,8.977675540773904
3456,345.50691,8.899702935248001
3457,345.606912,9.007359833365033
3458,345.706914,9.025114121274164
3459,345.806916,9.008006127156117
3460,345.906918,8.875191648455434
3461,346.00692,9.090556006235365
3462,346.106922,8.77766169242343
3463,346.206924,8.768911578565225
3464,346.30692600000003,8.907039818566696
3465,346.406928,8.818231255573341
3466,346.50693,8.74552599821551
3467,346.60693200000003,9.05566113455001
3468,346.706934,9.136558802438767
3469,346.806936,8.923429444224649
3470,346.906938,9.019673597230078
3471,347.00694,8.99569749633028
3472,347.106942,9.079695992965815
3473,347.206944,9.02732967423968
3474,347.306946,8.795012183736475
3475,347.40694800000006,8.780626957933114
3476,347.50695,9.058962284767173
3477,347.606952,8.924771339530322
3478,347.70695400000005,8.99074536390396
3479,347.806956,8.910419600901038
3480,347.906958,8.976897623623255
3481,348.00696000000005,8.957517027271088
3482,348.106962,8.794819285124051
3483,348.206964,8.859470326694472
3484,348.306966,9.086472741712427
3485,348.406968,9.216910068057874
3486,348.50697,9.018779930859674
3487,348.606972,9.00506572482345
3488,348.706974,8.99539249721338
3489,348.806976,9.104433398518884
3490,348.906978,9.013833493978952
3491,349.00698,9.121766241111352
3492,349.106982,9.267478552845498
3493,349.206984,9.308199146620183
3494,349.30698600000005,9.343228332439905
3495,349.406988,9.14344282187157
3496,349.50699,9.105091750836483
3497,349.60699200000005,9.274154586035056
3498,349.706994,9.085602338881184
3499,349.80699599999997,9.203551379889953
3500,349.90699800000004,9.143168307222862
3501,350.007,9.277314299465724
3502,350.10700199999997,9.081091745187305
3503,350.20700400000004,8.950984130004247
3504,350.307006,9.00415121534044
3505,350.407008,8.971338268751003
3506,350.50701000000004,8.933793460014655
3507,350.607012,8.911139253917234
3508,350.707014,8.928219829004696
3509,350.807016,8.749413027056404
3510,350.907018,9.070573482574224
3511,351.00702,8.960579404963791
3512,351.107022,8.85975620713166
3513,351.20702400000005,8.830927033470148
3514,351.307026,8.833143202522642
3515,351.40702799999997,8.860986736683305
3516,351.50703000000004,8.739830877263879
3517,351.607032,9.006705717798775
3518,351.70703399999996,9.079452077235736
3519,351.80703600000004,8.99249652617501
3520,351.907038,9.053457257708473
3521,352.00703999999996,9.083835757009663
3522,352.10704200000004,9.009033671697752
3523,352.207044,9.073519224543661
3524,352.307046,9.101112772311813
3525,352.40704800000003,9.110157072987768
3526,352.50705,9.102195018045379
3527,352.607052,8.994348150376675
3528,352.707054,9.018061594978095
3529,352.807056,8.953647841134691
3530,352.907058,9.113404902300116
3531,353.00706,9.177684094497371
3532,353.10706200000004,8.988756192025791
3533,353.207064,9.010732940119922
3534,353.30706599999996,8.993063240783524
3535,353.40706800000004,9.032098892472288
3536,353.50707,8.98270875620826
3537,353.60707199999996,8.934835567016899
3538,353.70707400000003,9.038055538525521
3539,353.807076,8.967277116469344
3540,353.90707799999996,9.03924837489238
3541,354.00708000000003,8.936589769922412
3542,354.107082,8.894281232804891
3543,354.207084,9.06734485524633
3544,354.307086,8.972641764724894
3545,354.407088,8.930680854317359
3546,354.50709,9.01642440117882
3547,354.607092,9.010646949607153
3548,354.707094,9.137289879127866
3549,354.807096,9.042782021195187
3550,354.907098,9.032877230037947
3551,355.00710000000004,9.068137558560597
3552,355.107102,8.973591858938583
3553,355.207104,9.015259488598007
3554,355.30710600000003,8.969842767190976
3555,355.407108,9.153419744365626
3556,355.50711,9.166306558493751
3557,355.60711200000003,9.113650506066254
3558,355.707114,9.338993806595592
3559,355.807116,8.923044686855308
3560,355.907118,8.957879148823906
3561,356.00712,8.995260535463869
3562,356.107122,9.12594039522508
3563,356.207124,9.040082636348847
3564,356.307126,8.950995742406851
3565,356.407128,8.952524839347896
3566,356.50713,8.859132556536954
3567,356.607132,9.022221402539017
3568,356.707134,9.141007189375575
3569,356.807136,8.926024480064932
3570,356.90713800000003,8.966358121587849
3571,357.00714,9.027337120054494
3572,357.107142,9.017802594970979
3573,357.207144,8.962892966330276
3574,357.307146,8.954621336244081
3575,357.407148,8.998351470844032
3576,357.50715,8.92327807478772
3577,357.607152,9.000811113943195
3578,357.707154,8.970397704606615
3579,357.807156,9.024746307947197
3580,357.907158,9.08884799628321
3581,358.00716000000006,8.883764725574018
3582,358.107162,9.08661184744511
3583,358.207164,9.213134669684909
3584,358.30716600000005,9.195118175476365
3585,358.407168,9.248026786471637
3586,358.50717,9.131904693964715
3587,358.60717200000005,9.14540540017269
3588,358.707174,9.172829986076955
3589,358.807176,9.108440804884475
3590,358.907178,9.24469635354523
3591,359.00718,9.019868643560145
3592,359.107182,9.162726060815462
3593,359.207184,9.045348422562475
3594,359.307186,8.994416692200367
3595,359.407188,8.97702321827753
3596,359.50719,8.983673971446407
3597,359.607192,8.985585677278186
3598,359.707194,9.045412320539514
3599,359.807196,9.36339209240671
3600,359.90719800000005,9.164769234255598
3601,360.0072,9.150133190433037
3602,360.107202,9.161636303407766
3603,360.20720400000005,8.987087837409845
3604,360.307206,9.017175324478703
3605,360.40720799999997,9.11719713772143
3606,360.50721000000004,9.078556328305584
3607,360.607212,8.982832467948718
3608,360.707214,9.10240949092961
3609,360.80721600000004,9.071825936225116
3610,360.907218,9.043665920391865
3611,361.00722,9.107948231369978
3612,361.10722200000004,9.154141031697975
3613,361.207224,9.108739236481306
3614,361.307226,9.148943352718698
3615,361.407228,9.108874198455249
3616,361.50723,9.029460961367729
3617,361.607232,8.98041964549608
3618,361.70723399999997,9.000350761061428
3619,361.80723600000005,8.995927389194346
3620,361.907238,8.985428688155075
3621,362.00723999999997,9.04081069921693
3622,362.10724200000004,9.072213698488266
3623,362.207244,9.080651576837871
3624,362.30724599999996,8.953589262816724
3625,362.40724800000004,9.045853901051984
3626,362.50725,9.175979514722433
3627,362.60725199999996,8.982355793299998
3628,362.70725400000003,9.076927223085892
3629,362.807256,8.97295099580285
3630,362.907258,9.084630671527275
3631,363.00726000000003,8.961570962122792
3632,363.107262,9.145838517613292
3633,363.207264,9.128886758871172
3634,363.307266,9.024552536645318
3635,363.407268,9.099058070481325
3636,363.50727,9.114435818659851
3637,363.607272,9.06469795392954
3638,363.70727400000004,9.171442824982988
3639,363.807276,9.007632319752876
3640,363.907278,8.929981791718435
3641,364.00728000000004,8.928706285637993
3642,364.107282,8.962661583423118
3643,364.20728399999996,8.996392265428788
3644,364.30728600000003,9.046812139448082
3645,364.407288,8.850730185693232
3646,364.50728999999995,8.967089570285815
3647,364.60729200000003,9.0976509719223
3648,364.707294,8.972894762874535
3649,364.807296,8.933841958304335
3650,364.907298,9.001815538190627
3651,365.0073,9.1309367864156
3652,365.107302,8.935540652588717
3653,365.207304,8.912552332879734
3654,365.307306,8.909083206821707
3655,365.407308,9.055007497865683
3656,365.50731,8.802887887754782
3657,365.60731200000004,8.949139843973406
3658,365.707314,9.131717222669714
3659,365.807316,8.876097216910061
3660,365.90731800000003,8.95042538005606
3661,366.00732,8.909450209459768
3662,366.107322,8.937299267882672
3663,366.207324,9.091978435748294
3664,366.307326,9.020944180021994
3665,366.407328,8.88743542568855
3666,366.50733,9.144918182371624
3667,366.607332,8.988678962218374
3668,366.70733400000006,8.746226313058658
3669,366.807336,8.884650592612063
3670,366.907338,8.837637846417092
3671,367.00734,8.879296571999873
3672,367.107342,9.09855873018036
3673,367.207344,8.97861240404094
3674,367.307346,9.008949491365081
3675,367.407348,9.03858969676112
3676,367.50735000000003,8.984100090163235
3677,367.607352,8.886547795500471
3678,367.707354,9.012007152794904
3679,367.807356,8.786902517225968
3680,367.907358,8.910230733688854
3681,368.00736,8.786760358088038
3682,368.107362,8.950376321482869
3683,368.207364,8.918903591549512
3684,368.307366,8.858167855167382
3685,368.407368,9.044834927677426
3686,368.50737,8.90639511143674
3687,368.60737200000005,8.799335553901487
3688,368.707374,8.991103702388322
3689,368.807376,8.944467055553037
3690,368.90737800000005,9.084053644275206
3691,369.00738,8.950621642730315
3692,369.107382,9.010496594530347
3693,369.20738400000005,8.95608598840449
3694,369.307386,9.055258569406295
3695,369.407388,9.0145753168613
3696,369.50739,9.045903576235935
3697,369.607392,9.040903798590623
3698,369.707394,8.83465668056839
3699,369.807396,8.98029778740294
3700,369.907398,8.964198378649797
3701,370.0074,8.8119537704117
3702,370.107402,8.953572300480017
3703,370.207404,9.042324345850906
3704,370.307406,8.81692394170624
3705,370.407408,8.792435864635758
3706,370.50741000000005,8.86689679073033
3707,370.607412,8.88914665035883
3708,370.70741399999997,8.901896254986005
3709,370.80741600000005,8.92479645452324
3710,370.907418,9.047841947931632
3711,371.00741999999997,8.868484309505554
3712,371.10742200000004,8.770601929693798
3713,371.207424,8.967082623544728
3714,371.307426,9.037246254076344
3715,371.40742800000004,9.086178817797705
3716,371.50743,8.920668451861475
3717,371.607432,8.956639484765583
3718,371.70743400000003,8.959463937067335
3719,371.807436,8.995356474897537
3720,371.907438,9.055951442686993
3721,372.00744,8.969479698380894
3722,372.107442,8.936838513498286
3723,372.207444,8.918712009370873
3724,372.30744599999997,8.812555337484113
3725,372.40744800000004,8.861810322811401
3726,372.50745,8.736702482200823
3727,372.60745199999997,9.129701488602656
3728,372.70745400000004,9.112732808847522
3729,372.807456,8.789758434803138
3730,372.90745799999996,8.890774873401744
3731,373.00746000000004,8.711935717310615
3732,373.107462,8.85288358922605
3733,373.207464,8.902505139107351
3734,373.30746600000003,8.867187001692601
3735,373.407468,8.923257684303367
3736,373.50747,8.969279434542992
3737,373.60747200000003,8.955301944499647
3738,373.707474,8.843106598195652
3739,373.807476,8.895903656598762
3740,373.907478,9.005402056239177
3741,374.00748,9.000685005947059
3742,374.107482,9.022573921109124
3743,374.207484,8.975346008513808
3744,374.30748600000004,9.072871289594051
3745,374.407488,8.92342206539842
3746,374.50749,9.069562988581056
3747,374.60749200000004,9.031563849630292
3748,374.707494,8.915578903216034
3749,374.80749599999996,8.856627462472344
3750,374.90749800000003,8.800663553042979
3751,375.0075,8.915898108306711
3752,375.107502,9.11028888081741
3753,375.20750400000003,9.205765871681004
3754,375.307506,9.26388321404489
3755,375.407508,9.23283271833578
3756,375.50751,9.2841959935405
3757,375.607512,9.29629067161072
3758,375.707514,9.120110554764219
3759,375.807516,9.0364076667219
3760,375.907518,9.055849855455003
3761,376.00752,8.983866593091747
3762,376.107522,9.106301846442642
3763,376.20752400000003,9.024263870672991
3764,376.307526,8.967105131237512
3765,376.407528,9.139311160896671
3766,376.50753000000003,9.039175693292476
3767,376.607532,8.999970031025436
3768,376.707534,9.018894778259817
3769,376.807536,9.101528128700402
3770,376.907538,8.948330207246359
3771,377.00754,8.858258600828197
3772,377.107542,8.891069671715803
3773,377.207544,9.002440851285671
3774,377.30754600000006,9.199105835874409
3775,377.407548,9.008391879621731
3776,377.50755,9.01671775791288
3777,377.607552,9.165354768716778
3778,377.707554,9.011724178356916
3779,377.807556,8.939451373442914
3780,377.907558,9.175078420115536
3781,378.00756,9.220846190573747
3782,378.10756200000003,9.274479281284755
3783,378.207564,9.392141838550366
3784,378.307566,9.20014908047243
3785,378.407568,9.200420336227427
3786,378.50757,9.078388426378268
3787,378.607572,9.180377560777465
3788,378.707574,9.145291384740588
3789,378.807576,9.100636987475966
3790,378.907578,9.06438897248618
3791,379.00758,9.265198240637606
3792,379.107582,9.12888793904996
3793,379.20758400000005,9.218554591520352
3794,379.307586,9.215806277227882
3795,379.407588,9.121861803872616
3796,379.50759000000005,9.058846343632265
3797,379.607592,9.059061301730674
3798,379.707594,9.242148443365906
3799,379.80759600000005,8.996914365495568
3800,379.907598,9.129210175192872
3801,380.0076,8.773163818654673
3802,380.107602,8.936831466224831
3803,380.207604,8.85127634694801
3804,380.307606,9.022831085082236
3805,380.407608,8.889246533177802
3806,380.50761,9.01168382933151
3807,380.607612,8.91355522262704
3808,380.707614,8.721272777869816
3809,380.807616,8.87175937109028
3810,380.907618,8.82909460679829
3811,381.00762,9.036194099913558
3812,381.10762200000005,8.877529548239215
3813,381.207624,8.871494042826487
3814,381.30762599999997,8.97036397714685
3815,381.40762800000005,8.895941190360118
3816,381.50763,8.646531935671414
3817,381.60763199999997,8.714756845350054
3818,381.70763400000004,8.797884915692912
3819,381.807636,8.76375437752241
3820,381.907638,8.747665749882461
3821,382.00764000000004,8.817661083332071
3822,382.107642,8.779095179152934
3823,382.207644,8.81363879963069
3824,382.30764600000003,8.7876848755311
3825,382.407648,8.927684016477293
3826,382.50765,8.851961564962808
3827,382.60765200000003,9.014568817124003
3828,382.707654,8.720501927365643
3829,382.807656,8.842132619259967
3830,382.90765799999997,8.862207269192645
3831,383.00766000000004,8.818166661265193
3832,383.107662,8.79123552695286
3833,383.20766399999997,8.845510907510256
3834,383.30766600000004,8.865706923248542
3835,383.407668,8.826128006019752
3836,383.50766999999996,8.836816738926986
3837,383.60767200000004,8.913242948150392
3838,383.707674,8.961511295865492
3839,383.807676,8.760166361018568
3840,383.90767800000003,8.862106787222121
3841,384.00768,8.829063207961353
3842,384.107682,8.832591465264061
3843,384.20768400000003,8.882669669055348
3844,384.307686,8.8757327071343
3845,384.407688,8.788749551786914
3846,384.50769,8.8205648321803
3847,384.607692,8.925281246227168
3848,384.707694,8.842542981806593
3849,384.807696,8.856103829374396
3850,384.90769800000004,8.87837497543166
3851,385.0077,8.884888236205928
3852,385.107702,8.858933676200762
3853,385.20770400000004,8.868995206503046
3854,385.307706,8.911108096981769
3855,385.40770799999996,8.98255729710998
3856,385.50771000000003,8.739819692719477
3857,385.607712,8.844339335968384
3858,385.707714,8.887616336082743
3859,385.807716,8.80251321123081
3860,385.907718,8.87555304826527
3861,386.00772,8.873476940721957
3862,386.107722,8.791034429964263
3863,386.207724,8.93613991434104
3864,386.307726,8.74817704557302
3865,386.407728,8.758926255071895
3866,386.50773,8.7735949501773
3867,386.607732,8.824210068623453
3868,386.707734,8.657382155897107
3869,386.80773600000003,8.660620940649036
3870,386.907738,8.77081133953118
3871,387.00774,8.817966700139594
3872,387.10774200000003,8.849790231254005
3873,387.207744,8.757118035836983
3874,387.307746,8.853835813169422
3875,387.407748,8.727822397595641
3876,387.50775,8.656842539516164
3877,387.60775200000006,8.902315409402108
3878,387.707754,8.985629397948854
3879,387.807756,8.765189060925008
3880,387.90775800000006,8.792559036851985
3881,388.00776,8.928359886742626
3882,388.107762,8.7123257542889
3883,388.207764,8.708204841342058
3884,388.307766,8.678273299638118
3885,388.407768,8.664873816076344
3886,388.50777,8.819234069872692
3887,388.607772,8.99086619175113
3888,388.70777400000003,8.761114851461798
3889,388.807776,8.77973003858974
3890,388.907778,8.820774977516733
3891,389.00778,8.767575918459404
3892,389.107782,8.83732381281805
3893,389.207784,8.676752556063471
3894,389.307786,8.782309565384779
3895,389.407788,8.763661895397961
3896,389.50779,8.972003242133459
3897,389.607792,8.967094863023558
3898,389.707794,8.738739048875193
3899,389.80779600000005,8.83143488931096
3900,389.907798,8.755979812731194
3901,390.0078,8.773779213534537
3902,390.10780200000005,8.806927556167233
3903,390.207804,8.763829409360975
3904,390.30780599999997,8.874658239115812
3905,390.40780800000005,8.642260378380776
3906,390.50781,8.77434114937625
3907,390.607812,8.865884655511834
3908,390.707814,8.793540491986963
3909,390.807816,8.823135056230283
3910,390.907818,8.762287483621071
3911,391.00782,8.890929685260964
3912,391.107822,8.705757969659743
3913,391.207824,8.810276632737548
3914,391.307826,8.73601541976402
3915,391.407828,8.904979489570438
3916,391.50783,8.941752545133609
3917,391.607832,8.818925533973268
3918,391.70783400000005,8.815684601013897
3919,391.807836,8.775996283623023
3920,391.90783799999997,8.879343188633609
3921,392.00784000000004,8.912497811902782
3922,392.107842,8.879971822493292
3923,392.20784399999997,9.051255019006508
3924,392.30784600000004,8.923796351372086
3925,392.407848,8.87662642448039
3926,392.50785,8.791247574311543
3927,392.60785200000004,8.864353868893954
3928,392.707854,8.837355120118515
3929,392.807856,8.877662219567824
3930,392.90785800000003,8.800570035292376
3931,393.00786,8.85997096004677
3932,393.107862,8.96990529503784
3933,393.20786400000003,8.75305785113064
3934,393.307866,8.875926319118806
3935,393.407868,8.983311774493288
3936,393.50786999999997,8.892909633685928
3937,393.60787200000004,8.741113808742396
3938,393.707874,8.794691561373119
3939,393.80787599999996,8.77954287796882
3940,393.90787800000004,8.80072175911042
3941,394.00788,8.844264049462195
3942,394.10788199999996,8.774208300305645
3943,394.20788400000004,8.815998917018227
3944,394.307886,8.85595726904872
3945,394.407888,8.935468575559076
3946,394.50789000000003,8.852378440589296
3947,394.607892,8.613891883561786
3948,394.707894,8.790477289389592
3949,394.807896,8.873860389643449
3950,394.907898,8.813997363940514
3951,395.0079,8.93839793643762
3952,395.107902,8.797152170528156
3953,395.207904,8.803195795686223
3954,395.307906,8.89983750003174
3955,395.407908,8.561727778048203
3956,395.50791000000004,8.858053055484248
3957,395.607912,8.797724615052532
3958,395.707914,8.80623352165537
3959,395.80791600000003,8.905382540268912
3960,395.907918,8.868830532013348
3961,396.00791999999996,8.766309658402506
3962,396.10792200000003,8.813345611460683
3963,396.207924,8.796679606864858
3964,396.307926,8.650814372317594
3965,396.407928,8.608696277316344
3966,396.50793,8.700998996398578
3967,396.607932,8.815773239802002
3968,396.707934,8.96707661756774
3969,396.807936,8.815422142091794
3970,396.907938,8.834727443740865
3971,397.00794,8.991883945648745
3972,397.107942,8.908180742324266
3973,397.207944,8.873667316262171
3974,397.307946,8.835327531774077
3975,397.40794800000003,8.84413937775702
3976,397.50795,9.056142720191279
3977,397.607952,8.954908824708916
3978,397.70795400000003,8.974346350459399
3979,397.807956,9.028338888950838
3980,397.907958,9.147669265480497
3981,398.00796,8.893593353032996
3982,398.107962,9.035382616726444
3983,398.20796400000006,8.894999283238908
3984,398.307966,8.90987703177086
3985,398.407968,9.003856669024502
3986,398.50797000000006,8.924986800137837
3987,398.607972,8.918283496884033
3988,398.707974,9.016947602910806
3989,398.807976,8.925178106736203
3990,398.907978,8.873522681458585
3991,399.00798,8.90240802764853
3992,399.107982,8.930670128038773
3993,399.207984,8.913664886545922
3994,399.307986,8.943672540789185
3995,399.407988,8.788626370251203
3996,399.50799,8.728803998548166
3997,399.607992,8.765775498032335
3998,399.707994,8.709458032490899
3999,399.807996,8.829536451442177
4000,399.907998,8.668757519730201
4001,400.000014,8.85383426466285
