Frame,Time (ns),RMSD
1,0.0,9.571310096306072e-06
2,0.100002,2.356387277640651
3,0.200004,2.938393446826623
4,0.30000600000000005,3.208590994670661
5,0.400008,3.709844641626917
6,0.50001,3.94591594341531
7,0.6000120000000001,4.040440313713294
8,0.700014,4.190396117457557
9,0.800016,4.267511801598396
10,0.900018,4.135981887939866
11,1.00002,4.051236077573653
12,1.1000219999999998,4.782237153970577
13,1.2000240000000002,4.670708373551456
14,1.3000260000000001,4.526077916876881
15,1.400028,4.956549629288498
16,1.50003,4.496610517027779
17,1.600032,4.72106586983458
18,1.700034,4.5296930677764164
19,1.800036,4.576003183674426
20,1.9000380000000001,5.3510557277339394
21,2.00004,5.279884020419369
22,2.1000419999999997,5.376867733121167
23,2.2000439999999997,5.592503656051017
24,2.300046,5.382804068962574
25,2.4000480000000004,5.3343610913647215
26,2.5000500000000003,5.482618087010232
27,2.6000520000000003,5.441857027834653
28,2.700054,5.216527814166704
29,2.800056,5.535796391769286
30,2.900058,5.299208595554198
31,3.00006,5.6910395608112205
32,3.100062,5.623640833111884
33,3.200064,5.723705449078332
34,3.300066,5.193122025656062
35,3.400068,5.114421841564152
36,3.50007,4.967356216532718
37,3.600072,5.243935050008863
38,3.700074,5.254231407769678
39,3.8000760000000002,5.278513619416758
40,3.900078,4.97967679758573
41,4.00008,4.928409077910738
42,4.1000820000000004,5.304200142407466
43,4.2000839999999995,5.250253321370906
44,4.300086,5.155131749898005
45,4.400087999999999,5.446037363604672
46,4.50009,5.56179781904801
47,4.600092,5.428369173666386
48,4.700094,5.429169706574405
49,4.800096000000001,5.145144700962113
50,4.900098,5.31199594150456
51,5.000100000000001,5.107124184119075
52,5.100102,5.269223844793116
53,5.2001040000000005,5.291471866559827
54,5.3001059999999995,5.487414438846897
55,5.400108,5.513443772324259
56,5.500109999999999,5.638387004758292
57,5.600112,5.517394668079545
58,5.700114,5.880460402103961
59,5.800116,5.71965818206685
60,5.900118,5.595695136180873
61,6.00012,5.905016661955929
62,6.100122000000001,5.500227896990779
63,6.200124,5.503981954409514
64,6.300126000000001,5.723450411065229
65,6.400128,5.510368807887569
66,6.50013,5.396731055230795
67,6.600132,5.661515543449561
68,6.700134,5.6328780792560496
69,6.800136,5.412752495343016
70,6.900138,5.468228147226929
71,7.00014,5.473363306558954
72,7.100142,5.452272286591055
73,7.200144,5.479422961478976
74,7.300146,5.718523665314747
75,7.400148,5.536749352899823
76,7.5001500000000005,5.489878807446798
77,7.6001520000000005,5.443786545474961
78,7.700154,5.594324898218401
79,7.800156,5.580583301352729
80,7.900158,5.367261944859968
81,8.00016,5.4672521397008245
82,8.100162000000001,5.778861232238961
83,8.200164000000001,5.998312420580548
84,8.300166,5.707541618875786
85,8.400167999999999,5.554743172442207
86,8.50017,5.502842846718383
87,8.600172,5.647331234416338
88,8.700174,5.9608448123272835
89,8.800175999999999,6.110961722551733
90,8.900178,5.990217249786443
91,9.00018,6.027967062728859
92,9.100182,6.069970379730632
93,9.200184,5.63125214663534
94,9.300186,5.729068879187173
95,9.400188,5.881315995611182
96,9.50019,5.871496916664942
97,9.600192000000002,5.814689548810778
98,9.700194,5.687439354610606
99,9.800196,5.539374541714706
100,9.900198,5.5665308543032594
101,10.000200000000001,6.719007536099256
102,10.100202,6.437592436400606
103,10.200204,6.613513387793973
104,10.300206,6.51305445922534
105,10.400208000000001,6.612779132834872
106,10.500210000000001,6.4580038755518085
107,10.600211999999999,6.371529793497046
108,10.700214,6.185305014040016
109,10.800216,6.1266937473133165
110,10.900218,5.767019678636941
111,11.000219999999999,5.721556239697019
112,11.100222,6.089063205482802
113,11.200224,5.6593349362412795
114,11.300226,5.7895422944778305
115,11.400228,6.181497166167082
116,11.50023,6.296358310483555
117,11.600232,6.2242376089863125
118,11.700234,6.1121279516766585
119,11.800236,6.071088364593058
120,11.900238,6.224764895052073
121,12.00024,6.0253099023849845
122,12.100242,5.812446873432891
123,12.200244000000001,5.729821488437645
124,12.300246000000001,5.620099382415278
125,12.400248,5.740878561798115
126,12.50025,5.374494638059313
127,12.600252000000001,5.676865753641495
128,12.700254000000001,5.946465377920468
129,12.800256,5.908551976254258
130,12.900258,5.922129025021529
131,13.00026,5.893175461561499
132,13.100262,6.315307745144508
133,13.200264,5.918502097348304
134,13.300265999999999,6.162562690041616
135,13.400268,6.259908331574626
136,13.50027,6.289419200254037
137,13.600272,6.574611716595399
138,13.700274,6.261596349613851
139,13.800276,6.252241116990947
140,13.900278,6.334533986989163
141,14.00028,6.209108067319678
142,14.100282000000002,6.490151084523962
143,14.200284,6.375226359084024
144,14.300286,6.058241491303345
145,14.400288,6.390619312864597
146,14.500290000000001,6.582414740420054
147,14.600292,6.807022345435466
148,14.700294,6.3680536478860255
149,14.800296,6.691025818250184
150,14.900298000000001,6.344845294855386
151,15.000300000000001,6.589239468507277
152,15.100302,6.661086137595685
153,15.200304000000001,6.272028366985203
154,15.300306,6.300437675992438
155,15.400308,6.412491741757385
156,15.500309999999999,6.325520716614747
157,15.600312,6.405900657087744
158,15.700314,6.312621410633044
159,15.800316,6.295742108463131
160,15.900318,5.984218109095793
161,16.00032,5.857422198917193
162,16.100322,6.369347980217445
163,16.200324000000002,6.007120977793983
164,16.300326000000002,6.144066961137288
165,16.400328000000002,6.287420522143501
166,16.50033,6.9402012701306415
167,16.600332,6.808532670777247
168,16.700333999999998,6.795498324793826
169,16.800335999999998,6.284103059696382
170,16.900338,6.136930215796516
171,17.00034,6.136563524551033
172,17.100342,6.243176652792144
173,17.200344,6.234659813201192
174,17.300346,6.3051892335068604
175,17.400348,6.287550382715625
176,17.50035,6.25504109995335
177,17.600351999999997,6.631728118616101
178,17.700354,6.33395994495661
179,17.800356,6.551905570973596
180,17.900358,6.700602940524392
181,18.00036,6.593809218565394
182,18.100362,6.6701487274186935
183,18.200364,6.704120574603911
184,18.300366,6.575263299037627
185,18.400368,6.4996723623976616
186,18.50037,6.538170828470063
187,18.600372,7.125857758403179
188,18.700374,6.722875239359373
189,18.800376,6.4970868972885505
190,18.900378,6.562119710875785
191,19.00038,6.591448744976339
192,19.100382,6.78120327344641
193,19.200384000000003,6.788575335946475
194,19.300386,6.625472809538613
195,19.400388,6.423231881417105
196,19.50039,6.588836117165868
197,19.600392,6.879868781284238
198,19.700394,6.6516528081817725
199,19.800396,6.547902016008849
200,19.900398000000003,6.457339689317421
201,20.000400000000003,6.818034649232606
202,20.100402000000003,6.603107769886346
203,20.200404,6.676896333241015
204,20.300406,6.847066927614053
205,20.400408,6.443479511104939
206,20.50041,6.4903101983343605
207,20.600412,6.5285072122798065
208,20.700414000000002,6.592451070326978
209,20.800416000000002,6.547467625063151
210,20.900418000000002,6.616633780871114
211,21.000420000000002,6.649927325409001
212,21.100422,6.624417316042071
213,21.200423999999998,6.566332651138555
214,21.300425999999998,6.562569185271492
215,21.400428,6.824285776088093
216,21.50043,6.189558550628971
217,21.600432,6.0350695375414
218,21.700434,6.186096797432138
219,21.800436,6.106708936503769
220,21.900438,6.206170738499306
221,22.000439999999998,6.162161199186957
222,22.100441999999997,5.8261510412726
223,22.200444,6.186345525342961
224,22.300446,6.227775600951678
225,22.400448,6.166501583977986
226,22.50045,6.1248688947505014
227,22.600452,6.076108360421606
228,22.700454,5.841803140934302
229,22.800456,6.178675064319991
230,22.900458,6.185529630222844
231,23.00046,5.7567683096573115
232,23.100462,6.113218487419163
233,23.200464,6.13500007781348
234,23.300466,5.997859573105255
235,23.400468,6.171997658770235
236,23.50047,6.177095205793143
237,23.600472,5.864193668930642
238,23.700474000000003,5.9130030446484145
239,23.800476,6.34049914987752
240,23.900478,5.878468482530193
241,24.00048,6.393791788812906
242,24.100482,6.052266907957878
243,24.200484,6.195028670035085
244,24.300486,5.949587237793022
245,24.400488000000003,5.993734061490882
246,24.500490000000003,6.058065628428359
247,24.600492000000003,6.009635695649547
248,24.700494,6.109482681743516
249,24.800496,6.105869395537907
250,24.900498,6.035116598778028
251,25.0005,6.091879971839662
252,25.100502,5.906889769300485
253,25.200504000000002,5.967137062256647
254,25.300506000000002,5.917382078172381
255,25.400508000000002,6.097216600532467
256,25.500510000000002,6.128577440932778
257,25.600512,6.294894842467808
258,25.700514,6.086679447404245
259,25.800516,6.248381488576194
260,25.900518,6.103208658567154
261,26.00052,6.34303289636904
262,26.100522,6.204310981234115
263,26.200524,6.058276001129086
264,26.300526,6.1013225746584565
265,26.400528,5.996140580549644
266,26.500529999999998,6.150028331465841
267,26.600531999999998,6.295691626898186
268,26.700534,6.31045704361531
269,26.800536,6.2806906844919075
270,26.900538,6.196860795151055
271,27.00054,5.934527598849178
272,27.100542,5.775702456499019
273,27.200544,6.059723621684888
274,27.300546,5.8133349576704605
275,27.400548,6.165246846432405
276,27.50055,6.162529626760294
277,27.600552,6.10106552377232
278,27.700554,6.179313663570596
279,27.800556,5.949484335673805
280,27.900558,6.079567062459694
281,28.00056,5.804537406763302
282,28.100562,5.86488577178942
283,28.200564000000004,5.829823183901518
284,28.300566,5.923502341946151
285,28.400568,6.044251042994935
286,28.50057,6.1687178403663925
287,28.600572,5.824812020858178
288,28.700574,5.838368637430327
289,28.800576,5.866087229357148
290,28.900578000000003,5.596402300119403
291,29.000580000000003,5.64148695537949
292,29.100582000000003,5.581209513265687
293,29.200584,5.798633817595445
294,29.300586,5.503309576717643
295,29.400588,5.7792883713026555
296,29.50059,5.533820951548382
297,29.600592,5.962648156509923
298,29.700594000000002,5.664935107635141
299,29.800596000000002,5.844831658515898
300,29.900598000000002,5.938803631754272
301,30.000600000000002,5.804014201614593
302,30.100602,5.759218008069862
303,30.200604,5.8060656440724205
304,30.300606,5.65230239490459
305,30.400608000000002,5.606058186719688
306,30.50061,5.427646458516279
307,30.600612,5.512544420222851
308,30.700614,5.847230740341491
309,30.800616,5.823504898619981
310,30.900618,5.807470036442414
311,31.000619999999998,5.921151328904068
312,31.100621999999998,5.772211128339622
313,31.200624,5.752162713675524
314,31.300626,5.737447060694249
315,31.400628,5.355354415766697
316,31.50063,5.959259884488336
317,31.600632,5.745868806845137
318,31.700634,6.096797907210294
319,31.800636,6.06890463284723
320,31.900638,5.8854669267731925
321,32.00064,5.738889372060977
322,32.100642,5.723862261801741
323,32.200644,5.668136456649932
324,32.300646,5.792908114965364
325,32.400648000000004,5.755596173597846
326,32.50065,5.626102673205634
327,32.600652000000004,5.840051742543496
328,32.700654,5.516546316246403
329,32.800656000000004,5.845275338035846
330,32.900658,5.7053476136292804
331,33.00066,5.942283619538773
332,33.10066200000001,5.789426573603165
333,33.200664,6.108525382429843
334,33.300666,6.286362703248017
335,33.400667999999996,6.1480745697101185
336,33.50067,6.201820296201478
337,33.600671999999996,6.296008184527483
338,33.700674,6.0390840501334075
339,33.800676,5.999091134199371
340,33.900678,5.77300899088102
341,34.00068,6.1201222537462865
342,34.100682,5.994184086744305
343,34.200684,6.056570750645433
344,34.300686,6.042577858712645
345,34.400688,5.6363453545961155
346,34.500690000000006,6.045856284294279
347,34.600692,6.236967995199596
348,34.700694000000006,6.1019890050946435
349,34.800696,6.141819672965918
350,34.900698000000006,5.846372870718095
351,35.0007,5.702024688207145
352,35.100702,5.519729840175665
353,35.200703999999995,6.0426090018985805
354,35.300706,5.838357321131407
355,35.400708,5.681365252609382
356,35.50071,5.882633413787579
357,35.600712,5.817236270953189
358,35.700714,5.997683392170934
359,35.800716,6.121070237550184
360,35.900718,5.786903217497325
361,36.00072,5.9775070489585005
362,36.100722000000005,6.091550173693612
363,36.200724,5.91470306183301
364,36.300726000000004,6.3326395687637405
365,36.400728,6.120149093232705
366,36.500730000000004,6.067433168144365
367,36.600732,6.265960818854689
368,36.700734000000004,6.106414052169782
369,36.800736,5.9758303923820035
370,36.900738,6.162947366419971
371,37.00074,5.845515101605135
372,37.100742,5.838756424324645
373,37.200744,6.0211643479052475
374,37.300746,6.074752710397535
375,37.400748,5.913419021541013
376,37.50075,5.887508729635453
377,37.600752,5.771601801561995
378,37.700754,5.921712005940798
379,37.800756,5.861481467896779
380,37.900758,5.954157889395332
381,38.00076,6.237003170446007
382,38.100762,5.945577388347665
383,38.200764,5.996914950411558
384,38.300766,5.878964619462506
385,38.40076800000001,6.15912254436106
386,38.50077,5.968729582791568
387,38.600772,5.8638003551678555
388,38.700773999999996,5.829589059776036
389,38.800776,6.138661674062791
390,38.900777999999995,6.363769451028872
391,39.00078,5.999290985503645
392,39.100782,6.127967017297117
393,39.200784,5.899292247616504
394,39.300786,5.9679083560034005
395,39.400788,5.659979029302183
396,39.50079,6.329913523611283
397,39.600792,6.087507414910815
398,39.700794,6.1770113257763475
399,39.800796000000005,6.065843835491866
400,39.900798,5.872073542949216
401,40.000800000000005,5.737155549674249
402,40.100802,6.4411935233317665
403,40.200804000000005,6.556846928303137
404,40.300806,6.710686003653712
405,40.400808,6.944824445311736
406,40.500809999999994,6.700341597382535
407,40.600812,6.822116170347183
408,40.700814,6.844837917718178
409,40.800816,6.862893151839044
410,40.900818,6.954568121398765
411,41.00082,6.997892408102149
412,41.100822,7.212435522720106
413,41.200824,6.72588697540662
414,41.300826,6.8249025406694095
415,41.400828000000004,7.116452253957005
416,41.50083,7.024894905678562
417,41.600832000000004,6.292990123224968
418,41.700834,6.531092604988928
419,41.800836000000004,6.3428567553805255
420,41.900838,6.501996442707546
421,42.000840000000004,6.974065386791607
422,42.10084200000001,6.39847243018507
423,42.200844,6.437950782680585
424,42.300846,6.527408483793575
425,42.400847999999996,6.47321939369046
426,42.50085,6.250879514353367
427,42.600851999999996,6.49116207322164
428,42.700854,7.371192006281771
429,42.800856,6.572735819958613
430,42.900858,7.020089856435512
431,43.00086,6.307674081269323
432,43.100862,6.508089691431226
433,43.200864,6.683057576574339
434,43.300866,6.268618055036097
435,43.400868,6.23037998483798
436,43.500870000000006,6.2856125208891225
437,43.600872,6.027809057680906
438,43.700874000000006,6.52439793489209
439,43.800876,6.210336789289538
440,43.900878000000006,6.483864380945008
441,44.000879999999995,6.184560713393718
442,44.100882,6.187042164748325
443,44.200883999999995,6.286532111012615
444,44.300886,6.313437622667099
445,44.400888,5.9441487331999605
446,44.50089,6.145622387197263
447,44.600892,6.224230615378207
448,44.700894,6.143136773370616
449,44.800896,5.931496715470249
450,44.900898,6.022722497043616
451,45.0009,6.1467962680787345
452,45.100902000000005,6.416759474053468
453,45.200904,6.26722577943084
454,45.300906000000005,6.3545469266273
455,45.400908,6.211768381603536
456,45.500910000000005,6.049152593338493
457,45.600912,6.041766732796357
458,45.700914000000004,6.017794295225199
459,45.800916,5.984207930887322
460,45.900918,6.538674621367515
461,46.00092,6.148741308165088
462,46.100922,6.285594679769343
463,46.200924,6.382912408991193
464,46.300926,6.58642006263228
465,46.400928,6.512745030558543
466,46.50093,6.306618301138729
467,46.600932,6.550311651509286
468,46.700934000000004,6.729811801265664
469,46.800936,6.905861069791581
470,46.900938000000004,7.406585276567196
471,47.00094,6.943929920330291
472,47.100942,6.638796624443326
473,47.200944,6.908193052028323
474,47.300946,7.131627078621116
475,47.40094800000001,7.00250997046265
476,47.50095,7.006737290020653
477,47.600952,6.682796950818455
478,47.700953999999996,6.613120048489002
479,47.800956,6.61064436798314
480,47.900957999999996,6.850840560768983
481,48.00096,6.662850093639558
482,48.100962,6.330093411324668
483,48.200964,6.522563213053115
484,48.300966,6.5876626412308
485,48.400968,6.703194843536961
486,48.50097,6.809188271000103
487,48.600972,6.880237833485119
488,48.700974,6.781317910207478
489,48.800976000000006,6.876723634272762
490,48.900978,6.929217091382577
491,49.000980000000006,7.131599273846191
492,49.100982,6.700601163752603
493,49.200984000000005,6.3481468911009244
494,49.300986,6.402625218920942
495,49.400988,6.599550698759281
496,49.500989999999994,6.556308533000178
497,49.600992,6.225682189884667
498,49.700994,6.383481834441553
499,49.800996,6.137609969896425
500,49.900998,6.549872812040664
501,50.001,6.370511376419188
502,50.101002,6.521107957066271
503,50.201004,6.625639608978408
504,50.301006,6.344732672605601
505,50.401008000000004,6.386328466697533
506,50.50101,6.536931319662249
507,50.601012000000004,6.647501456232571
508,50.701014,6.562954480616136
509,50.801016000000004,6.250450410345034
510,50.901018,6.289862463456855
511,51.001020000000004,6.081463256175185
512,51.10102200000001,6.083995128986102
513,51.201024,6.124422450635709
514,51.301026,6.26802588018468
515,51.401028,6.219135421264988
516,51.50103,5.743218891271445
517,51.601032,5.841949877957425
518,51.701034,5.840141200892422
519,51.801036,5.795381415090663
520,51.901038,5.877607048350978
521,52.00104,5.880636538905603
522,52.101042,6.023108300664523
523,52.201044,5.834323403508992
524,52.301046,5.667474703868443
525,52.401048,5.9416802689687245
526,52.501050000000006,5.995610495845964
527,52.601052,5.975933413398299
528,52.701054000000006,6.094268831130814
529,52.801056,5.868066691526485
530,52.901058000000006,6.105804231442274
531,53.001059999999995,5.949842786516238
532,53.101062,5.687427025805953
533,53.201063999999995,6.151213876553493
534,53.301066,6.11355645411819
535,53.401068,5.917722287663282
536,53.50107,5.773512718421627
537,53.601072,5.710170274217721
538,53.701074,5.895169795423001
539,53.801076,5.759500555322211
540,53.901078,5.60120786950804
541,54.00108,5.8788436162911015
542,54.101082000000005,5.850482450563331
543,54.201084,6.255421312116157
544,54.301086000000005,5.759845552874896
545,54.401088,5.755260849963873
546,54.501090000000005,5.858003812889134
547,54.601092,5.786363975527902
548,54.701094000000005,6.0943865212776736
549,54.801096,6.1100413004095655
550,54.901098,6.14313541965034
551,55.0011,6.117699925440204
552,55.101102,6.117318591658086
553,55.201104,6.339571954966116
554,55.301106,6.4027214813572915
555,55.401108,6.338744564110401
556,55.50111,6.729634401046967
557,55.601112,6.319861631034083
558,55.701114000000004,6.336525475182317
559,55.801116,6.181718567608172
560,55.901118000000004,6.202797873980816
561,56.00112,6.324481238435509
562,56.101122000000004,6.510983344742494
563,56.201124,6.191444964792883
564,56.301126000000004,6.363379212249673
565,56.40112800000001,6.346871773172571
566,56.50113,6.210514220095321
567,56.601132,6.326618307265162
568,56.701133999999996,6.311977893941649
569,56.801136,6.446033220585014
570,56.901137999999996,6.2402174689611645
571,57.00114,6.6250744907608325
572,57.101142,6.453003562159836
573,57.201144,6.2788846148665165
574,57.301146,6.407168564342058
575,57.401148,6.22721815285036
576,57.50115,6.3852549133262535
577,57.601152,6.243459688586359
578,57.701154,6.4773442609583025
579,57.801156000000006,6.3962997731357145
580,57.901158,6.661104529439278
581,58.001160000000006,6.653271487461034
582,58.101162,6.42530662562769
583,58.201164000000006,6.693061125101915
584,58.301166,6.463956967234732
585,58.401168,6.787634303276132
586,58.501169999999995,6.6688768742824855
587,58.601172,6.583598102392971
588,58.701174,6.827210682426186
589,58.801176,6.526729026323612
590,58.901178,6.480393813799956
591,59.00118,6.257410764374349
592,59.101182,6.429475185023827
593,59.201184,6.738785091621201
594,59.301186,6.31329617020189
595,59.401188000000005,6.422053989324967
596,59.50119,6.495785787021199
597,59.601192000000005,6.248964523551176
598,59.701194,6.361686805828375
599,59.801196000000004,6.453163633999212
600,59.901198,6.331042345708666
601,60.001200000000004,6.5045383246331205
602,60.10120200000001,6.299656953728203
603,60.201204,6.16115814008936
604,60.301206,6.096497577144682
605,60.401208,6.226772742753764
606,60.50121,6.281683500444143
607,60.601212,5.998079900490717
608,60.701214,6.208960705504234
609,60.801216000000004,6.090233126637099
610,60.901218,6.459499589996684
611,61.00122,6.245627150459415
612,61.101222,6.49549550473689
613,61.201224,6.583484161213526
614,61.301226,6.298106801328428
615,61.401228,6.435506478191596
616,61.50123000000001,6.222321806239272
617,61.601232,6.396563687496788
618,61.70123400000001,6.470630728332564
619,61.801236,6.408244984834211
620,61.901238000000006,6.404561837707465
621,62.001239999999996,6.492810108499682
622,62.101242,6.605659817841693
623,62.201243999999996,6.337451132271805
624,62.301246,6.508519014927823
625,62.401248,6.598523922173853
626,62.50125,6.6566000632314
627,62.601252,6.669430375676517
628,62.701254,6.515065478103069
629,62.801256,6.590349990538901
630,62.901258,6.494998899351146
631,63.00126,6.73212909794032
632,63.101262000000006,6.499921951918383
633,63.201264,6.690620062311845
634,63.301266000000005,6.723514868014608
635,63.401268,6.502018702641105
636,63.501270000000005,6.507074416620264
637,63.601272,6.264866776385802
638,63.701274000000005,6.305016064832872
639,63.801276,6.48575083756626
640,63.901278,6.635551890079002
641,64.00128,6.388130189990339
642,64.101282,6.320304120870659
643,64.201284,6.41959482140007
644,64.301286,6.40080903406953
645,64.401288,6.155711271486855
646,64.50129,6.177642163372044
647,64.601292,6.003391503612498
648,64.701294,6.246892631256943
649,64.80129600000001,6.168322077022804
650,64.901298,6.347218923001045
651,65.0013,6.251448724998517
652,65.101302,6.228626028532975
653,65.20130400000001,6.406470064948357
654,65.30130600000001,6.401933816978345
655,65.401308,6.325205090625355
656,65.50131,6.4960614530260505
657,65.60131200000001,6.5023445364516625
658,65.701314,6.52490418063417
659,65.801316,6.7567575893158205
660,65.901318,6.574487389759511
661,66.00132,6.53348370405538
662,66.101322,6.654209814146138
663,66.20132400000001,6.612702648037495
664,66.301326,6.320125250695563
665,66.401328,6.693350775058931
666,66.50133,6.465704913639175
667,66.601332,6.596159559786497
668,66.701334,6.773741251918558
669,66.80133599999999,6.572561777175621
670,66.90133800000001,6.700371299026734
671,67.00134,6.495857657771495
672,67.101342,6.668084706791302
673,67.20134399999999,6.562584562027924
674,67.30134600000001,6.529860320779448
675,67.401348,6.56384650187451
676,67.50135,6.565043579768861
677,67.601352,6.5138348398142325
678,67.70135400000001,6.270880824182414
679,67.801356,6.540680446573233
680,67.901358,6.236543706540683
681,68.00136,6.307074005298757
682,68.10136200000001,6.313001139497473
683,68.201364,6.382228703424263
684,68.301366,6.500148258894654
685,68.401368,6.630595913683638
686,68.50137,6.664896910719637
687,68.601372,6.711484901637213
688,68.701374,6.660735296469338
689,68.801376,6.625066367769548
690,68.901378,6.502182707192793
691,69.00138000000001,6.395281496958244
692,69.101382,6.409014138476681
693,69.201384,6.550638651700196
694,69.301386,6.7409641828013624
695,69.40138800000001,6.708196024006636
696,69.50139,6.769396371437142
697,69.601392,6.6811993773504605
698,69.701394,6.751697370124117
699,69.80139600000001,6.953201451496329
700,69.901398,6.897432543372164
701,70.0014,6.795087902544948
702,70.10140200000001,6.360141980932415
703,70.201404,6.765933229362106
704,70.301406,6.857734478806005
705,70.40140799999999,6.692816025627508
706,70.50141,6.872148520534048
707,70.601412,6.928212426212567
708,70.701414,6.989255957766593
709,70.801416,6.945561027834735
710,70.901418,6.7929921420085195
711,71.00142,6.762309206212712
712,71.101422,6.867463292484533
713,71.201424,6.726100517334656
714,71.301426,6.639536937738974
715,71.401428,6.567623544446044
716,71.50143000000001,6.775002183901389
717,71.601432,6.701195539413643
718,71.701434,6.732153185878361
719,71.801436,6.772567749951683
720,71.901438,6.755370357853618
721,72.00144,6.805321777227139
722,72.10144199999999,6.693969591361856
723,72.20144400000001,6.545493850969745
724,72.301446,6.594840150147064
725,72.401448,6.6509334087270195
726,72.50144999999999,6.749548926454451
727,72.60145200000001,6.684785871373085
728,72.701454,6.691141975259397
729,72.801456,6.729473316314657
730,72.901458,6.540084858993805
731,73.00146000000001,6.365899526829987
732,73.101462,6.425526791004781
733,73.201464,6.401922713865652
734,73.301466,6.2365754706963905
735,73.40146800000001,6.246102926802994
736,73.50147,6.339587116049365
737,73.601472,6.375041506938443
738,73.701474,6.833630382566297
739,73.801476,6.36356807319493
740,73.901478,6.392630302728463
741,74.00148,6.489465949183162
742,74.101482,6.528644118976046
743,74.201484,6.585254644821925
744,74.30148600000001,6.680785504992392
745,74.401488,6.543448208539291
746,74.50149,6.414047201637765
747,74.601492,6.631362786341499
748,74.70149400000001,6.628148528160255
749,74.801496,6.832222277624065
750,74.901498,6.648676767710754
751,75.0015,6.770321879682423
752,75.10150200000001,6.857093553307732
753,75.201504,6.996188772473112
754,75.301506,6.865887460350095
755,75.401508,7.0363999349121755
756,75.50151,6.791192209217836
757,75.601512,6.9338800539637075
758,75.70151399999999,7.0090687443840824
759,75.801516,6.59836009652958
760,75.901518,6.764442036651161
761,76.00152,6.6026812927633864
762,76.101522,6.487104873914404
763,76.201524,6.391496955812038
764,76.301526,6.490249143586247
765,76.401528,6.3613872164686205
766,76.50153,6.361024902668888
767,76.601532,6.189435430978258
768,76.701534,6.410624544719434
769,76.80153600000001,6.527402011504821
770,76.901538,6.603021010977235
771,77.00154,6.669351880824076
772,77.101542,6.275061342799946
773,77.201544,6.333499243256688
774,77.301546,6.352681867510769
775,77.40154799999999,6.337490356069881
776,77.50155000000001,6.525258985803926
777,77.601552,6.410074281450151
778,77.701554,6.332116640615735
779,77.80155599999999,6.465908668567469
780,77.90155800000001,6.606973358311239
781,78.00156,6.609094867526623
782,78.101562,6.229651436043905
783,78.201564,6.382510009381612
784,78.30156600000001,6.44001108701629
785,78.401568,6.290161909659174
786,78.50157,6.167690570443406
787,78.601572,6.373596992789154
788,78.70157400000001,6.260646021148972
789,78.801576,6.377276072739639
790,78.90157800000001,6.314682975665199
791,79.00158,6.831199089149015
792,79.101582,6.680257952772582
793,79.201584,6.740145621048845
794,79.301586,6.623360285726875
795,79.401588,6.698987643971222
796,79.50159,6.609311616622557
797,79.60159200000001,6.6650600072463355
798,79.701594,6.539726337171505
799,79.801596,6.155740007316009
800,79.90159799999999,6.480742992035408
801,80.00160000000001,6.523310858956836
802,80.101602,6.322025619607662
803,80.201604,6.185468545104472
804,80.301606,6.199822054246444
805,80.40160800000001,5.943351513781297
806,80.50161,6.237168405840692
807,80.601612,5.930738251154443
808,80.701614,5.929658565563097
809,80.801616,6.156255222105343
810,80.901618,5.900927071232958
811,81.00161999999999,5.92238440328363
812,81.101622,5.949515868538236
813,81.201624,5.841247297995598
814,81.301626,5.974498916785365
815,81.401628,6.116944705934785
816,81.50163,6.1452217831952005
817,81.601632,6.103761432668856
818,81.701634,5.967681363915062
819,81.801636,6.072715537729026
820,81.901638,6.253466726135243
821,82.00164,6.031823504261133
822,82.10164200000001,6.125694972963358
823,82.201644,6.066930078827105
824,82.301646,5.7817476647065265
825,82.401648,5.882142719103892
826,82.50165000000001,6.152183566630321
827,82.601652,6.07814780218214
828,82.70165399999999,5.919511033240247
829,82.80165600000001,5.931405403922987
830,82.901658,5.92160375881374
831,83.00166,6.167778918403439
832,83.10166199999999,5.996874194298776
833,83.20166400000001,6.162259149749375
834,83.301666,6.034278146212984
835,83.401668,5.991781143668867
836,83.50167,6.155733246228687
837,83.60167200000001,6.137940838585708
838,83.701674,6.332657149488649
839,83.801676,6.223568442966271
840,83.901678,6.526732243550924
841,84.00168000000001,6.125553965860319
842,84.101682,6.097911176487241
843,84.20168400000001,6.153126478010529
844,84.301686,6.356318728001306
845,84.401688,6.377068665867087
846,84.50169,6.155706409282304
847,84.601692,6.322187795470175
848,84.701694,6.394656482485171
849,84.80169599999999,6.292556581250966
850,84.90169800000001,6.248008533317302
851,85.0017,6.278050709674038
852,85.101702,6.347688830505194
853,85.20170399999999,6.241913546428881
854,85.30170600000001,6.444051569041322
855,85.401708,6.4372540637178135
856,85.50171,6.288084365628891
857,85.601712,6.315254544537745
858,85.70171400000001,6.330994246143933
859,85.801716,6.382942219465907
860,85.901718,6.221478986744487
861,86.00172,6.613417693585889
862,86.10172200000001,6.244307283251778
863,86.201724,6.029067196290345
864,86.301726,6.079375051036848
865,86.401728,6.191293123755287
866,86.50173,6.1781030975428335
867,86.601732,6.164440703958907
868,86.701734,6.136366881396867
869,86.801736,6.040760835103329
870,86.901738,6.047942185706198
871,87.00174000000001,5.93781082861806
872,87.101742,6.208156050158607
873,87.201744,6.0392628951296405
874,87.301746,6.2366660579330215
875,87.40174800000001,6.127759552504101
876,87.50175,6.04430849721245
877,87.601752,6.172502945090182
878,87.701754,6.068741643914316
879,87.80175600000001,6.030084069966583
880,87.901758,6.069628584864961
881,88.00175999999999,6.268423828890283
882,88.10176200000001,6.194339452985234
883,88.201764,6.028757415156917
884,88.301766,6.006031936660769
885,88.40176799999999,6.196172995610463
886,88.50177000000001,6.138962877051985
887,88.601772,6.320424679433688
888,88.701774,6.202463205594398
889,88.801776,6.092928289770376
890,88.90177800000001,6.26297310977224
891,89.00178,6.333611427498951
892,89.101782,6.290614640836432
893,89.201784,6.322741164543553
894,89.301786,6.195896097466477
895,89.401788,6.253785958977383
896,89.50179000000001,6.134060022426921
897,89.601792,6.1075494847444425
898,89.701794,6.250859630554814
899,89.801796,6.126467772476796
900,89.901798,6.050616246703209
901,90.0018,6.177518336953093
902,90.10180199999999,6.2500447410972235
903,90.20180400000001,6.438079999514083
904,90.301806,6.527868240240955
905,90.401808,6.229741575893341
906,90.50180999999999,6.026886962294686
907,90.60181200000001,6.291088427458266
908,90.701814,6.146420299840103
909,90.801816,6.179520018495436
910,90.901818,6.175059572401247
911,91.00182000000001,6.062139885317015
912,91.101822,6.262039661157617
913,91.201824,6.033778741058071
914,91.301826,6.442564708151257
915,91.40182800000001,6.380630825748173
916,91.50183,6.259539003736322
917,91.601832,6.25133939390286
918,91.701834,6.224598502572074
919,91.801836,6.361138694378326
920,91.901838,6.396361875604493
921,92.00184,6.3538860419419
922,92.101842,6.316218615943347
923,92.201844,6.193430760146751
924,92.30184600000001,6.186994752473983
925,92.401848,6.347432892291154
926,92.50185,6.133664829515758
927,92.601852,6.247102435177868
928,92.70185400000001,6.1606495541093516
929,92.801856,6.12256127722212
930,92.901858,6.088236188831803
931,93.00186,6.266859397859979
932,93.10186200000001,6.227286404911832
933,93.201864,6.175700271305516
934,93.301866,5.882512171350572
935,93.40186800000001,6.341189134178624
936,93.50187,6.179085636531577
937,93.601872,6.306181399785588
938,93.70187399999999,6.235778273103564
939,93.80187600000001,6.289325335350652
940,93.901878,6.22203393855497
941,94.00188,6.38042241590801
942,94.101882,6.478118098690074
943,94.201884,6.118862117740743
944,94.301886,6.424577208366495
945,94.401888,6.43653998964843
946,94.50189,6.125812863736913
947,94.601892,6.057993947165502
948,94.701894,6.218737488515907
949,94.80189600000001,6.140483155710838
950,94.901898,6.056240177946978
951,95.0019,6.20067153925517
952,95.101902,6.049405886123446
953,95.201904,6.193514207337323
954,95.301906,6.037484636967976
955,95.40190799999999,6.14898866433311
956,95.50191000000001,6.2573754203528384
957,95.601912,6.221459607125964
958,95.701914,6.174296515433244
959,95.80191599999999,6.080584813139242
960,95.90191800000001,6.304296987355109
961,96.00192,6.389870635963939
962,96.101922,6.374512888248617
963,96.201924,6.616100450151795
964,96.30192600000001,6.245600668914551
965,96.401928,6.393591226780783
966,96.50193,6.211170926578746
967,96.601932,6.478558728423617
968,96.70193400000001,6.1894548987584965
969,96.801936,6.168237417879265
970,96.90193800000002,6.310074895541287
971,97.00194,6.099996229364241
972,97.101942,5.962418116374853
973,97.201944,6.402414836231324
974,97.301946,6.2654087987936995
975,97.401948,6.290064297753207
976,97.50195,6.255481735183159
977,97.60195200000001,6.35975956533979
978,97.701954,6.4036474283606
979,97.801956,6.22987308755497
980,97.901958,6.200531605087762
981,98.00196000000001,6.29392715585041
982,98.101962,6.470211908700079
983,98.201964,6.250520430927828
984,98.30196600000001,6.013129920676664
985,98.40196800000001,6.132452615581668
986,98.50197,6.30313010247326
987,98.601972,6.360394172552013
988,98.701974,6.465146579904233
989,98.801976,6.588925271655844
990,98.901978,6.6469361849173945
991,99.00197999999999,6.597122117678116
992,99.101982,6.251749095760106
993,99.201984,6.101152525709424
994,99.301986,6.063466295410534
995,99.401988,5.98515667773894
996,99.50199,5.930253037626349
997,99.601992,5.95357347620601
998,99.701994,6.037752923625039
999,99.801996,6.14936630046431
1000,99.901998,6.059369886891618
1001,100.002,6.195859814358188
1002,100.10200200000001,6.030390124433348
1003,100.202004,6.051646251206029
1004,100.302006,6.217459103158888
1005,100.402008,5.99542561128829
1006,100.50201000000001,6.03537819971821
1007,100.602012,6.290938745050641
1008,100.70201399999999,6.157498311869872
1009,100.80201600000001,6.247685090865244
1010,100.902018,6.152697500264454
1011,101.00202,5.9437559898589125
1012,101.10202199999999,6.178030783224883
1013,101.20202400000001,6.229337272359939
1014,101.302026,5.988338057429381
1015,101.402028,6.005838341175418
1016,101.50203,6.093969294041906
1017,101.60203200000001,5.773649062772804
1018,101.702034,5.978160832453626
1019,101.802036,5.754164317480991
1020,101.902038,6.054015764969817
1021,102.00204000000001,5.657159951630825
1022,102.102042,5.804294672544224
1023,102.20204400000001,6.058710049097177
1024,102.302046,6.072927885734691
1025,102.402048,6.173950339443627
1026,102.50205,5.973312011453439
1027,102.602052,6.023894383771557
1028,102.702054,6.287448953147169
1029,102.802056,6.220120302702066
1030,102.90205800000001,6.0074280006173915
1031,103.00206,6.044214231669309
1032,103.102062,5.914368374226275
1033,103.202064,6.110116932060845
1034,103.30206600000001,6.242244239653831
1035,103.402068,6.538966048902223
1036,103.50207,6.382838390044545
1037,103.602072,6.33034227847961
1038,103.70207400000001,6.396582522823976
1039,103.802076,6.5233278713405145
1040,103.902078,6.425501732726537
1041,104.00208,6.399969521152831
1042,104.10208200000001,6.144165490531291
1043,104.202084,6.256474348240982
1044,104.302086,6.330355325540086
1045,104.402088,6.323014632135767
1046,104.50209,6.206431069738894
1047,104.602092,6.113808724034994
1048,104.702094,6.166149693670198
1049,104.802096,5.910278691948881
1050,104.902098,6.024559701384295
1051,105.00210000000001,6.111879206118427
1052,105.102102,6.022186589050402
1053,105.202104,5.9518581987687424
1054,105.302106,6.274657533649202
1055,105.40210800000001,6.07982441099588
1056,105.50211,5.810625994840013
1057,105.602112,5.875591422299363
1058,105.702114,6.135668065469622
1059,105.80211600000001,6.053919232071853
1060,105.902118,6.181137992667134
1061,106.00211999999999,5.874613419712118
1062,106.10212200000001,6.2231204336972015
1063,106.202124,6.203307121132106
1064,106.302126,5.986128606565747
1065,106.40212799999999,5.976936829314008
1066,106.50213000000001,6.317135669682612
1067,106.602132,5.962842912762252
1068,106.702134,5.893004607639192
1069,106.802136,6.125394994633215
1070,106.90213800000001,6.032558542848367
1071,107.00214,6.059285615077195
1072,107.102142,6.080998424310118
1073,107.202144,6.243437159570871
1074,107.30214600000001,6.001303751605707
1075,107.402148,5.988538031365066
1076,107.50215000000001,6.186280923583004
1077,107.602152,5.98421269037427
1078,107.702154,6.132628426709254
1079,107.802156,6.1448854070734695
1080,107.902158,6.1391446016115045
1081,108.00216,6.130567389211271
1082,108.10216199999999,6.221109073364149
1083,108.20216400000001,6.166851465654216
1084,108.302166,6.046985474280684
1085,108.402168,6.0089424918860646
1086,108.50216999999999,6.082406555241148
1087,108.60217200000001,6.1395817635856424
1088,108.702174,5.993156835285579
1089,108.802176,5.914463945518559
1090,108.902178,6.136335866183327
1091,109.00218000000001,6.11569879522586
1092,109.102182,6.092442264569625
1093,109.202184,6.017533163234378
1094,109.302186,6.03882907768129
1095,109.40218800000001,6.129911474908941
1096,109.50219,6.051298697922421
1097,109.602192,6.0055586479986385
1098,109.702194,6.1080059034651395
1099,109.802196,6.186859497365432
1100,109.902198,6.071615071177939
1101,110.0022,6.160105296565846
1102,110.102202,6.054625905109648
1103,110.202204,6.191080140461303
1104,110.30220600000001,6.042671322793408
1105,110.402208,6.148369403880433
1106,110.50221,6.217870066598611
1107,110.602212,6.146929182808891
1108,110.70221400000001,6.148405559528545
1109,110.802216,6.050508329733156
1110,110.902218,6.158161102744947
1111,111.00222,6.229202392918018
1112,111.10222200000001,6.150823962306714
1113,111.202224,6.190780369736937
1114,111.30222599999999,6.1570234531666275
1115,111.40222800000001,6.249534332535202
1116,111.50223,6.265421344608089
1117,111.602232,6.174967583536728
1118,111.70223399999999,6.05212580279178
1119,111.80223600000001,6.091353187964422
1120,111.902238,6.18631548463453
1121,112.00224,6.21178765064131
1122,112.102242,6.183320725054501
1123,112.20224400000001,6.076434524829727
1124,112.302246,5.9647411741688074
1125,112.402248,6.124357632806639
1126,112.50225,6.107076747875729
1127,112.60225200000001,6.085711921484825
1128,112.702254,6.102122211240629
1129,112.80225600000001,6.121634511884226
1130,112.902258,6.193179467822225
1131,113.00226,6.051880353180817
1132,113.102262,5.9951114211801615
1133,113.202264,6.036432235228656
1134,113.302266,5.967675117246752
1135,113.40226799999999,6.238943702405487
1136,113.50227000000001,6.039245473891496
1137,113.602272,6.087933645585765
1138,113.702274,6.26762238148965
1139,113.80227599999999,5.9702828349757056
1140,113.90227800000001,6.173525635837269
1141,114.00228,6.147063378989629
1142,114.102282,6.201749319255267
1143,114.202284,5.995911464405198
1144,114.30228600000001,6.237805133976007
1145,114.402288,6.147331792999486
1146,114.50229,6.167351748827138
1147,114.602292,6.320187170114744
1148,114.70229400000001,6.253848923298858
1149,114.802296,6.03137254846836
1150,114.902298,6.044842605255994
1151,115.0023,6.13767742355279
1152,115.102302,6.1386234456885145
1153,115.202304,6.202610395124768
1154,115.302306,6.1077428713192115
1155,115.402308,6.097867323556006
1156,115.50231,6.1935580415597835
1157,115.60231200000001,5.9451062053836905
1158,115.702314,6.0381995428580995
1159,115.802316,6.0821152588860175
1160,115.902318,6.308924803842215
1161,116.00232000000001,6.2317311804504145
1162,116.102322,6.584492334284133
1163,116.202324,6.5388479855215556
1164,116.30232600000001,6.443659902486641
1165,116.40232800000001,6.340094415813396
1166,116.50233,6.452280773738799
1167,116.602332,6.559428233178382
1168,116.70233400000001,6.531763720171302
1169,116.802336,6.525346498090874
1170,116.902338,6.399365249712973
1171,117.00233999999999,6.302325318334277
1172,117.10234200000001,6.60750925808935
1173,117.202344,6.365691994361955
1174,117.302346,6.325619559949316
1175,117.402348,6.227208923154735
1176,117.50235,6.421105009412033
1177,117.602352,6.455329270974083
1178,117.702354,6.353696506901573
1179,117.802356,6.3445509868130525
1180,117.902358,6.405414083120323
1181,118.00236,6.384308980584461
1182,118.10236200000001,6.3031079120721385
1183,118.202364,6.474747177508814
1184,118.302366,6.306601947232295
1185,118.402368,6.4290644139942925
1186,118.50237,6.237043591877509
1187,118.602372,6.383529399290444
1188,118.70237399999999,6.202548330568814
1189,118.80237600000001,6.149419867509417
1190,118.902378,6.252025753973883
1191,119.00238,6.230406195021565
1192,119.10238199999999,6.21383021235769
1193,119.20238400000001,6.033705052491863
1194,119.302386,5.964143458718131
1195,119.402388,5.975251627837919
1196,119.50239,6.433176409486798
1197,119.60239200000001,6.2234724360321385
1198,119.702394,5.920979512252987
1199,119.802396,6.08964363662371
1200,119.902398,6.033939039005544
1201,120.00240000000001,6.191819475240501
1202,120.102402,6.181068812176161
1203,120.20240400000002,6.142773775403877
1204,120.302406,6.114937434632054
1205,120.402408,6.156431209229212
1206,120.50241,6.006108196376134
1207,120.602412,6.092529424808871
1208,120.702414,6.221347870412011
1209,120.802416,6.066637678566035
1210,120.90241800000001,5.98201188621883
1211,121.00242,5.9307930880420825
1212,121.102422,5.940215082957074
1213,121.202424,6.14308108278504
1214,121.30242600000001,5.9985741757451345
1215,121.402428,6.026548030397342
1216,121.50243,6.016661937037108
1217,121.60243200000001,6.143105476049717
1218,121.70243400000001,6.238138658482422
1219,121.802436,6.068025965774966
1220,121.902438,6.02952442263873
1221,122.00244,6.168472652379562
1222,122.102442,6.300170627643658
1223,122.202444,6.033959311405079
1224,122.302446,6.048076514782416
1225,122.402448,6.195315522324396
1226,122.50245,6.207140666046051
1227,122.602452,6.224158868492081
1228,122.702454,6.290364798927901
1229,122.802456,6.351702024034557
1230,122.902458,6.101465150810867
1231,123.00246000000001,5.993306940817159
1232,123.102462,6.186203276684446
1233,123.202464,6.207646943206942
1234,123.302466,6.094150957734085
1235,123.40246800000001,6.184554067430164
1236,123.50247,6.383570522706213
1237,123.602472,6.225082539582061
1238,123.702474,6.193794678267498
1239,123.80247600000001,6.142129586528024
1240,123.902478,6.037898459838893
1241,124.00247999999999,6.040711824058366
1242,124.10248200000001,6.104896354469332
1243,124.202484,6.121895579664458
1244,124.302486,6.097706325692586
1245,124.40248799999999,6.272093159601442
1246,124.50249000000001,6.139004122571321
1247,124.602492,5.95448765059945
1248,124.702494,6.096614264901747
1249,124.802496,6.097543909690702
1250,124.90249800000001,6.011673912855096
1251,125.0025,5.955961615363632
1252,125.102502,5.8557556612143085
1253,125.202504,5.867773947722469
1254,125.30250600000001,6.01593669042548
1255,125.402508,6.2089818275068085
1256,125.50251000000002,6.271957042522966
1257,125.602512,6.22183373474532
1258,125.702514,6.339820144604339
1259,125.802516,6.423737363088255
1260,125.902518,6.267733406215996
1261,126.00252,6.020855375133036
1262,126.102522,6.226184150643239
1263,126.20252400000001,6.259294794397213
1264,126.302526,6.2033071679177665
1265,126.402528,6.184631336257186
1266,126.50253,6.1646479058151185
1267,126.60253200000001,6.242177267129144
1268,126.702534,6.311154206267826
1269,126.802536,6.323941683682432
1270,126.902538,6.450982739462452
1271,127.00254000000001,6.311834886092385
1272,127.102542,6.250340585819814
1273,127.202544,6.204695630696392
1274,127.302546,6.242497787030934
1275,127.40254800000001,6.307527402139639
1276,127.50255,6.215143863509554
1277,127.602552,6.304796701027716
1278,127.702554,6.196106018459457
1279,127.802556,6.199034493706862
1280,127.902558,6.196157315664096
1281,128.00256,6.272744403404225
1282,128.102562,6.175695220680788
1283,128.202564,5.986609165062619
1284,128.302566,6.193309826548021
1285,128.402568,6.14413193008338
1286,128.50257000000002,6.187276977516067
1287,128.602572,6.063578889969724
1288,128.702574,6.000328154889579
1289,128.802576,6.109165268371177
1290,128.902578,6.093018563026483
1291,129.00258,6.136840956264504
1292,129.102582,6.109242277525623
1293,129.202584,6.086229484379434
1294,129.302586,6.245175386682169
1295,129.402588,6.343399829244493
1296,129.50259,6.206009867055211
1297,129.60259200000002,6.207116258427651
1298,129.702594,6.106062363178189
1299,129.802596,6.1101898462943245
1300,129.902598,6.20725105532058
1301,130.0026,6.3392667587894005
1302,130.102602,6.225069065264188
1303,130.202604,6.22697965220525
1304,130.302606,6.28265551452341
1305,130.40260800000001,6.341694259569659
1306,130.50261,6.273389669082553
1307,130.60261200000002,6.215387164675558
1308,130.702614,6.321277715902146
1309,130.802616,6.30471207784937
1310,130.902618,6.451657768278199
1311,131.00262,6.244104314490188
1312,131.102622,6.4106525511778285
1313,131.20262400000001,6.204076957361282
1314,131.30262599999998,6.36642406316428
1315,131.402628,6.347343580735801
1316,131.50263,6.2139422533384625
1317,131.602632,6.38046699524858
1318,131.702634,6.404887148361329
1319,131.802636,6.2573920040557
1320,131.902638,6.32328471826545
1321,132.00264,6.461013700596825
1322,132.102642,6.417599822338983
1323,132.202644,6.363630987299419
1324,132.302646,6.236432141773903
1325,132.40264800000003,6.43261736822336
1326,132.50265,6.401870148210288
1327,132.602652,6.240439489620815
1328,132.702654,6.334687023893483
1329,132.802656,6.405613245392437
1330,132.902658,6.428590709544061
1331,133.00266,6.361558164624799
1332,133.102662,6.323580084478296
1333,133.202664,6.45235297582212
1334,133.302666,6.235296248167299
1335,133.402668,6.259296015961069
1336,133.50267000000002,6.24440133161119
1337,133.60267199999998,6.4190061174340824
1338,133.702674,6.229839276802281
1339,133.80267600000002,6.410867111468388
1340,133.902678,6.25417224413847
1341,134.00268,6.2565965280577975
1342,134.102682,6.324178871529675
1343,134.202684,6.271057941836642
1344,134.30268600000002,6.262812463449511
1345,134.40268799999998,6.002684009166196
1346,134.50269,6.148523244647764
1347,134.60269200000002,5.946276128335431
1348,134.70269399999998,6.079297172825888
1349,134.802696,6.050001119836666
1350,134.90269800000002,5.864427411856973
1351,135.0027,6.124212918190898
1352,135.102702,6.296325965783409
1353,135.202704,6.118253036156162
1354,135.302706,6.000956870131387
1355,135.40270800000002,6.158951246153589
1356,135.50270999999998,6.230760387858191
1357,135.602712,6.285582207082589
1358,135.70271400000001,6.111107897584906
1359,135.802716,6.098995874096002
1360,135.902718,6.312183373140011
1361,136.00272,6.334537103960706
1362,136.102722,6.238610097148814
1363,136.20272400000002,6.3625824160362905
1364,136.302726,6.286736262211943
1365,136.402728,6.31228269314412
1366,136.50273,6.399996314640924
1367,136.602732,6.334465128101325
1368,136.702734,6.125540372297942
1369,136.802736,6.387135957248609
1370,136.902738,6.4216958961979795
1371,137.00274,6.319893716468568
1372,137.102742,6.120142818743575
1373,137.202744,6.11543183135036
1374,137.302746,5.963033407953307
1375,137.402748,6.042945946904572
1376,137.50275,6.161793578830079
1377,137.602752,6.084620813565606
1378,137.70275400000003,5.973098667194241
1379,137.802756,5.939048928121635
1380,137.902758,5.941146812623676
1381,138.00276000000002,5.896245509670791
1382,138.102762,5.974665209244721
1383,138.202764,6.018938542072864
1384,138.302766,6.051052242125779
1385,138.402768,5.883652331263128
1386,138.50277,6.096079865963457
1387,138.602772,5.820601285822794
1388,138.702774,5.933250182205419
1389,138.80277600000002,5.89612412112939
1390,138.90277799999998,6.056355955244196
1391,139.00278,5.885756556790521
1392,139.10278200000002,6.00896480358199
1393,139.202784,5.944643111298364
1394,139.302786,5.9770402420679405
1395,139.402788,6.032684011521463
1396,139.50279,6.029239307537429
1397,139.60279200000002,6.061848207704652
1398,139.70279399999998,6.019843198375829
1399,139.802796,5.990342412190871
1400,139.90279800000002,6.095844795674224
1401,140.0028,5.914216585945586
1402,140.102802,6.226005345788877
1403,140.20280400000001,6.106550836867003
1404,140.302806,5.982437821643027
1405,140.402808,5.935309886988524
1406,140.50281,6.102534798678075
1407,140.602812,5.919561631757457
1408,140.70281400000002,6.182332603072256
1409,140.80281599999998,5.98748043077115
1410,140.902818,5.939137642894882
1411,141.00282,5.983540886260535
1412,141.102822,6.040797353529915
1413,141.202824,5.989491746066125
1414,141.302826,6.0989939557211015
1415,141.402828,5.949432321898121
1416,141.50283000000002,5.998952575362058
1417,141.602832,5.878087142691182
1418,141.702834,5.932343685848024
1419,141.802836,5.860827602391361
1420,141.902838,5.886635738851165
1421,142.00284,6.056890265466435
1422,142.102842,5.846487125174514
1423,142.202844,5.985843158109116
1424,142.302846,6.02815511025699
1425,142.402848,5.941960029735886
1426,142.50285,5.851205070350002
1427,142.602852,5.9542093861224314
1428,142.702854,6.063722083154471
1429,142.802856,5.946384018460304
1430,142.902858,6.120514539744389
1431,143.00286000000003,6.034977991327318
1432,143.102862,5.99637096206513
1433,143.202864,6.0890592496691776
1434,143.30286600000002,6.036201895157833
1435,143.402868,6.172345748182548
1436,143.50287,6.020122169319668
1437,143.602872,6.156970237775007
1438,143.702874,6.111805006054189
1439,143.802876,6.146202426386511
1440,143.902878,5.984085125958307
1441,144.00288,6.014415306975701
1442,144.10288200000002,5.94683745611157
1443,144.20288399999998,6.200368391211454
1444,144.302886,5.920795969164263
1445,144.40288800000002,5.967108632038639
1446,144.50289,6.056583482992734
1447,144.602892,6.028293855220966
1448,144.702894,6.028026224670882
1449,144.802896,6.045009850604995
1450,144.90289800000002,6.0861678023447485
1451,145.00289999999998,6.13734554834402
1452,145.102902,6.049711283828439
1453,145.20290400000002,6.017645002135003
1454,145.302906,6.056580046671843
1455,145.402908,6.139591834263404
1456,145.50291,6.449915934686676
1457,145.602912,6.11908913751373
1458,145.702914,6.17785685655077
1459,145.802916,6.022818381251826
1460,145.902918,6.370050475832179
1461,146.00292000000002,6.323638135256468
1462,146.10292199999998,6.276526233251571
1463,146.202924,6.3536099913432045
1464,146.302926,6.277527019353421
1465,146.402928,6.155819798177148
1466,146.50293,6.104668856743626
1467,146.602932,6.194567642382281
1468,146.702934,6.049136328307798
1469,146.80293600000002,6.058658229750535
1470,146.902938,6.112217908520144
1471,147.00294,6.187747071622274
1472,147.102942,6.0932373507571285
1473,147.202944,6.323788955040387
1474,147.302946,6.0681980105028055
1475,147.402948,6.092639519439184
1476,147.50295,6.0391128800365195
1477,147.602952,6.129485897078714
1478,147.702954,6.080706918774043
1479,147.802956,6.160643247260786
1480,147.902958,6.3328605846744574
1481,148.00296,6.102813368736093
1482,148.102962,6.090219724771907
1483,148.202964,6.056620790558824
1484,148.30296600000003,6.150977144954397
1485,148.402968,6.1338916826701455
1486,148.50297,6.155118454175873
1487,148.60297200000002,6.303465442056628
1488,148.702974,6.192809746178915
1489,148.802976,6.165835263684234
1490,148.902978,6.261315824203094
1491,149.00298,6.303096328449728
1492,149.102982,6.168333851228117
1493,149.202984,6.230674226775163
1494,149.302986,6.181015975846422
1495,149.40298800000002,6.100784836182868
1496,149.50298999999998,6.15145322533674
1497,149.602992,6.161769768768625
1498,149.70299400000002,6.007862101793547
1499,149.802996,6.345285857082204
1500,149.902998,6.225452134318768
1501,150.003,6.157625247188891
1502,150.103002,6.037690560740834
1503,150.20300400000002,6.197148025170833
1504,150.30300599999998,6.232598969221456
1505,150.403008,6.165174984883169
1506,150.50301000000002,6.159220776663518
1507,150.603012,6.134097012393058
1508,150.703014,6.258194900642579
1509,150.803016,6.405531108258651
1510,150.903018,6.392735840137096
1511,151.00302,6.212260212350061
1512,151.103022,6.244903219101409
1513,151.203024,6.171227268085758
1514,151.30302600000002,6.449090304945386
1515,151.40302799999998,6.216988779557309
1516,151.50303,6.416749495342672
1517,151.603032,6.28683673664374
1518,151.703034,6.356062083261921
1519,151.803036,6.45279985808277
1520,151.903038,6.341542698448123
1521,152.00304,6.34136652746234
1522,152.10304200000002,6.303997104332787
1523,152.203044,6.2326423836366445
1524,152.303046,6.474566365693543
1525,152.403048,6.4982619182492005
1526,152.50305000000003,6.574633401313963
1527,152.603052,6.25923925911495
1528,152.703054,6.2494429869786075
1529,152.803056,6.347920450212079
1530,152.903058,6.362660821368876
1531,153.00306,6.3427976180934245
1532,153.103062,6.261361203416351
1533,153.203064,6.306781873564386
1534,153.303066,6.417236481294895
1535,153.403068,6.43998949692945
1536,153.50307,6.508036209933174
1537,153.60307200000003,6.485391684184728
1538,153.703074,6.379625818470293
1539,153.803076,6.497463424418488
1540,153.90307800000002,6.37605502045659
1541,154.00308,6.454823907400956
1542,154.103082,6.566091441394773
1543,154.203084,6.392594538449151
1544,154.303086,6.418605108242082
1545,154.403088,6.42570829886146
1546,154.50309,6.504406350037083
1547,154.603092,6.425640431375744
1548,154.70309400000002,6.513853158498075
1549,154.80309599999998,6.497824415263536
1550,154.903098,6.3781685055425354
1551,155.00310000000002,6.3537619365967055
1552,155.103102,6.3707527440464204
1553,155.203104,6.499507448565338
1554,155.303106,6.376022537373041
1555,155.403108,6.3539290676409355
1556,155.50311000000002,6.425349716105196
1557,155.60311199999998,6.225502759520839
1558,155.703114,6.359926861194166
1559,155.80311600000002,6.447910618221158
1560,155.903118,6.340423784233192
1561,156.00312,6.289633211374699
1562,156.103122,6.432872622833447
1563,156.203124,6.549657211482132
1564,156.303126,6.373470301692654
1565,156.403128,6.280510979343003
1566,156.50313,6.3610376333712715
1567,156.60313200000002,6.267797122415029
1568,156.70313399999998,6.2092574451116285
1569,156.803136,6.119063843180696
1570,156.903138,6.271592496486771
1571,157.00314,6.068532716396075
1572,157.103142,6.206206454758789
1573,157.203144,5.8706649854905795
1574,157.303146,6.062592530559401
1575,157.40314800000002,5.921143807694386
1576,157.50315,5.8996126203355
1577,157.603152,6.072932356450164
1578,157.703154,6.280607558992057
1579,157.80315600000003,6.105378772749741
1580,157.903158,6.199615566640773
1581,158.00316,6.170105738855206
1582,158.103162,6.407014997415549
1583,158.203164,6.247983443588573
1584,158.303166,6.294611831514222
1585,158.403168,6.002641641485758
1586,158.50317,6.019308241093821
1587,158.603172,6.23949098467902
1588,158.703174,6.195842089206555
1589,158.803176,6.069741975706122
1590,158.90317800000003,6.40875941213995
1591,159.00318,6.309896134063438
1592,159.103182,6.273463223101733
1593,159.20318400000002,6.5249887266155735
1594,159.303186,6.432072491366278
1595,159.403188,6.394805806346194
1596,159.50319,6.628499850134051
1597,159.603192,6.285980514812581
1598,159.70319400000002,6.565486661438177
1599,159.80319599999999,6.587618850713146
1600,159.903198,6.430536167415522
1601,160.00320000000002,6.3535951902675345
1602,160.10320199999998,6.263298401827253
1603,160.203204,6.399235843444713
1604,160.30320600000002,6.39725144382123
1605,160.403208,6.424840379821523
1606,160.50321,6.394238178971616
1607,160.603212,6.389901192231453
1608,160.703214,6.481092675747964
1609,160.80321600000002,6.253276549865241
1610,160.90321799999998,6.332053220780684
1611,161.00322,6.333672603127821
1612,161.10322200000002,6.098126400098862
1613,161.203224,6.442698893407202
1614,161.303226,6.240271661081683
1615,161.403228,6.403782180710768
1616,161.50323,6.296207472032277
1617,161.603232,6.392520416837476
1618,161.703234,6.411975038140943
1619,161.803236,6.416359637802451
1620,161.90323800000002,6.514014809777355
1621,162.00323999999998,6.3376677716464584
1622,162.103242,6.272519217536886
1623,162.203244,6.374778552583336
1624,162.303246,6.320073329485881
1625,162.403248,6.531115580701177
1626,162.50325,6.550939682185408
1627,162.603252,6.487404069645896
1628,162.70325400000002,6.472270291194749
1629,162.803256,6.56875226881324
1630,162.903258,6.447608900928923
1631,163.00326,6.4782623831579365
1632,163.10326200000003,6.330261178669375
1633,163.203264,6.356124677410899
1634,163.303266,6.421105221955796
1635,163.403268,6.337586305262797
1636,163.50327,6.435054256011187
1637,163.603272,6.393945525393826
1638,163.703274,6.390539948247467
1639,163.803276,6.4063343734776765
1640,163.903278,6.282063214909202
1641,164.00328,6.168553419796216
1642,164.103282,6.35619510735973
1643,164.20328400000002,6.224997654282921
1644,164.30328599999999,6.264064478373916
1645,164.403288,6.232150209917802
1646,164.50329000000002,6.289616822466817
1647,164.603292,6.374286761770991
1648,164.703294,6.465185941808653
1649,164.803296,6.4323746383421785
1650,164.903298,6.492584948320038
1651,165.00330000000002,6.365260624006
1652,165.10330199999999,6.375123298808617
1653,165.203304,6.363718097829526
1654,165.30330600000002,6.412713900974993
1655,165.40330799999998,6.390880481412864
1656,165.50331,6.410353558113778
1657,165.60331200000002,6.378258373260189
1658,165.703314,6.064983292205086
1659,165.803316,6.128670723258605
1660,165.903318,6.052720279888564
1661,166.00332,6.293346340599013
1662,166.10332200000002,6.222183867029551
1663,166.20332399999998,6.25673690717653
1664,166.303326,6.456153437530154
1665,166.40332800000002,6.4013779127037065
1666,166.50333,6.308117658247616
1667,166.603332,6.203208092154206
1668,166.703334,6.131350889225591
1669,166.803336,6.032167458370004
1670,166.90333800000002,6.280568170528139
1671,167.00334,6.383689447884634
1672,167.103342,6.136446316247271
1673,167.20334400000002,6.187828053671329
1674,167.30334599999998,5.992104950389713
1675,167.403348,5.99814503868957
1676,167.50335,5.735279860105071
1677,167.603352,6.167595217393589
1678,167.703354,6.0370432383814014
1679,167.803356,5.951092513376276
1680,167.903358,5.8516701012841805
1681,168.00336000000001,6.0837067330915815
1682,168.103362,5.913386248108965
1683,168.203364,6.0355517399878185
1684,168.303366,6.253714873343085
1685,168.40336800000003,6.010806150846515
1686,168.50337,6.28875329770217
1687,168.603372,6.175841164136489
1688,168.703374,6.278644217472146
1689,168.803376,6.392943523425245
1690,168.903378,6.29654994774011
1691,169.00338,6.341485501308526
1692,169.103382,6.328045903946496
1693,169.203384,6.209614855787195
1694,169.303386,6.266156690063638
1695,169.403388,6.412074603535615
1696,169.50339000000002,6.2691718615462735
1697,169.60339199999999,6.173242125272372
1698,169.703394,6.392330190513657
1699,169.80339600000002,6.244325817753012
1700,169.903398,6.348939853464976
1701,170.0034,5.997862672057007
1702,170.103402,6.177870715111604
1703,170.203404,6.255952071896412
1704,170.30340600000002,6.2274977040001005
1705,170.40340799999998,6.1502893616620185
1706,170.50341,6.2534556492583455
1707,170.60341200000002,6.385716901977993
1708,170.70341399999998,6.296547493366328
1709,170.803416,6.362388923833036
1710,170.90341800000002,6.21145930207805
1711,171.00342,6.298977030632044
1712,171.103422,6.366739993394678
1713,171.203424,6.240711427316789
1714,171.303426,6.126821016788417
1715,171.40342800000002,6.327025564438335
1716,171.50342999999998,6.1820950838009665
1717,171.603432,6.240665198598222
1718,171.70343400000002,6.1175706242344345
1719,171.803436,6.18322398202095
1720,171.903438,6.208583558493975
1721,172.00344,6.106315735452905
1722,172.103442,6.136425694013336
1723,172.20344400000002,6.234340770157045
1724,172.303446,6.192872393304818
1725,172.403448,6.234845858093058
1726,172.50345000000002,6.16618349788449
1727,172.603452,6.106711961779602
1728,172.703454,6.123088437624811
1729,172.803456,6.178555842726312
1730,172.903458,6.154246408496316
1731,173.00346,6.161017543341347
1732,173.103462,6.313084037938329
1733,173.203464,6.255838690302078
1734,173.30346600000001,6.250805063157119
1735,173.403468,6.339201807013887
1736,173.50347,6.234992796290165
1737,173.603472,6.300266534815102
1738,173.70347400000003,6.219964385056586
1739,173.803476,6.1269358033392995
1740,173.903478,6.201175850205103
1741,174.00348000000002,6.231225415164026
1742,174.103482,6.192308957495495
1743,174.203484,6.331162457321086
1744,174.303486,6.077941369254557
1745,174.403488,6.315887176481998
1746,174.50349,6.195755283591601
1747,174.603492,6.369537542178338
1748,174.703494,6.201005272261725
1749,174.80349600000002,6.374762043238625
1750,174.90349799999998,6.134284781992173
1751,175.0035,6.086964856232878
1752,175.10350200000002,6.3367291314409435
1753,175.203504,6.209006638242147
1754,175.303506,6.396711566474781
1755,175.403508,6.174820428646173
1756,175.50351,6.173343154991039
1757,175.60351200000002,6.176835234930816
1758,175.70351399999998,6.071831795781593
1759,175.803516,6.0992181079230265
1760,175.90351800000002,6.227458749049464
1761,176.00351999999998,6.070877767736286
1762,176.103522,6.18020081888504
1763,176.20352400000002,6.148317905236696
1764,176.303526,6.272775026064277
1765,176.403528,6.348204407572498
1766,176.50353,6.156578159140717
1767,176.603532,6.304214430153015
1768,176.70353400000002,6.263814461199257
1769,176.80353599999998,6.171218592950229
1770,176.903538,6.274476393277087
1771,177.00354000000002,6.108052050672515
1772,177.103542,6.204011035317126
1773,177.203544,6.4017334780636315
1774,177.303546,6.134957221558834
1775,177.403548,6.254291941426153
1776,177.50355000000002,6.035517151959563
1777,177.603552,6.190900744140507
1778,177.703554,6.120307153750709
1779,177.80355600000001,5.851743425724579
1780,177.903558,5.962380366710618
1781,178.00356,6.212401102389832
1782,178.103562,6.2209588310674935
1783,178.203564,6.079303655610479
1784,178.303566,6.103595113627611
1785,178.403568,6.201923039869226
1786,178.50357,6.039493230379693
1787,178.603572,6.114494076390599
1788,178.703574,6.106114145445218
1789,178.803576,6.086292014493281
1790,178.903578,6.220246049300742
1791,179.00358000000003,6.148634982325955
1792,179.103582,6.08740637845034
1793,179.203584,6.1843263241505335
1794,179.30358600000002,6.327353363774083
1795,179.403588,6.112708509191458
1796,179.50359,6.050716285750385
1797,179.603592,6.158682315865274
1798,179.703594,6.079522994112135
1799,179.803596,6.165948262685057
1800,179.903598,6.003017177512852
1801,180.0036,6.0814260337606685
1802,180.10360200000002,6.0918504926604395
1803,180.20360399999998,6.081696539891845
1804,180.303606,6.116342237167057
1805,180.40360800000002,6.085675315219021
1806,180.50361,6.115373476227954
1807,180.603612,6.080086564020311
1808,180.703614,5.951698319358297
1809,180.803616,5.917940090042036
1810,180.90361800000002,6.0354997454613315
1811,181.00361999999998,6.102542426466041
1812,181.103622,5.9804187443237415
1813,181.20362400000002,5.864256417280763
1814,181.30362599999998,5.879437766508058
1815,181.403628,6.028556898452187
1816,181.50363000000002,5.9401458219369525
1817,181.603632,5.936815883771885
1818,181.703634,5.895727419046368
1819,181.803636,5.943992534487762
1820,181.903638,6.062153963855832
1821,182.00364000000002,6.069738758069264
1822,182.10364199999998,5.826226993969577
1823,182.203644,5.8879087487956765
1824,182.30364600000001,5.961713133473999
1825,182.403648,5.978068987980331
1826,182.50365,5.897406940227419
1827,182.603652,5.897224044728291
1828,182.703654,5.9566931574898305
1829,182.80365600000002,6.009069262773603
1830,182.903658,5.892777223353322
1831,183.00366,5.840689682315086
1832,183.103662,5.997232109991566
1833,183.203664,6.010882973328991
1834,183.303666,5.722493117706482
1835,183.403668,6.108109893193876
1836,183.50367,6.211377685305257
1837,183.603672,6.077710455751407
1838,183.703674,6.210326119709602
1839,183.803676,6.129821851010305
1840,183.903678,6.088361628653889
1841,184.00368,6.062036095426492
1842,184.103682,6.15098895869442
1843,184.203684,6.116220334409953
1844,184.30368600000003,6.077715278103738
1845,184.403688,6.209477112903298
1846,184.50369,6.002507856316661
1847,184.60369200000002,6.095926924004028
1848,184.703694,6.100520677465151
1849,184.803696,6.015755411350937
1850,184.903698,6.025779235720545
1851,185.0037,5.87163229082122
1852,185.103702,5.925467609647661
1853,185.203704,6.100446704586013
1854,185.303706,6.090036254937755
1855,185.40370800000002,5.83557625705713
1856,185.50370999999998,6.01619763552715
1857,185.603712,6.068963779280743
1858,185.70371400000002,6.100254446170581
1859,185.803716,6.219524766923674
1860,185.903718,6.251597621113044
1861,186.00372,6.150275235282368
1862,186.103722,5.961979767974102
1863,186.20372400000002,6.1243458829606165
1864,186.30372599999998,5.971470859718405
1865,186.403728,5.9811927739009265
1866,186.50373000000002,6.215653314010369
1867,186.603732,6.239923136122218
1868,186.703734,6.260983826902487
1869,186.80373600000001,6.205130702080035
1870,186.903738,6.141845164359326
1871,187.00374,6.247894230773993
1872,187.103742,6.277186111493187
1873,187.203744,6.218963390230923
1874,187.30374600000002,6.26867957428934
1875,187.40374799999998,6.200247249132039
1876,187.50375,6.223072853623506
1877,187.60375200000001,6.174110452727275
1878,187.703754,6.068730767017287
1879,187.803756,6.135549040672257
1880,187.903758,6.260121560795031
1881,188.00376,6.15777363922232
1882,188.10376200000002,6.326878284815009
1883,188.203764,6.169577192357284
1884,188.303766,6.257828782214609
1885,188.403768,6.2494711112429435
1886,188.50377,6.36590658756586
1887,188.603772,6.1183734056234025
1888,188.703774,6.115319192114008
1889,188.803776,6.16853411463008
1890,188.903778,6.093528456827633
1891,189.00378,6.145133854410795
1892,189.103782,6.208529560036303
1893,189.203784,6.22855546942172
1894,189.303786,5.98564655780402
1895,189.403788,6.059709352456687
1896,189.50379,6.143599472442598
1897,189.60379200000003,6.164971805062685
1898,189.703794,6.176913176608309
1899,189.803796,6.215769194572138
1900,189.90379800000002,6.300370052019016
1901,190.0038,6.274969278952861
1902,190.103802,6.196309529988233
1903,190.203804,6.21677198447636
1904,190.303806,6.045727217433216
1905,190.403808,6.149445324833993
1906,190.50381,6.045284195177217
1907,190.603812,5.96576350276569
1908,190.70381400000002,6.215649181385504
1909,190.80381599999998,6.117062529302227
1910,190.903818,5.936483073158473
1911,191.00382000000002,6.04992498261472
1912,191.103822,6.156849828552831
1913,191.203824,6.1225963242439985
1914,191.30382600000002,6.272408309647125
1915,191.403828,6.130898653907289
1916,191.50383000000002,6.062047339100817
1917,191.60383199999998,6.029528299655687
1918,191.703834,5.780794845851315
1919,191.80383600000002,6.141727491367619
1920,191.903838,6.177799844744795
1921,192.00384,5.992613395215245
1922,192.10384200000001,6.2175964280085925
1923,192.203844,6.08595616072934
1924,192.303846,5.996380429830106
1925,192.403848,6.048244908582109
1926,192.50385,6.079715270701778
1927,192.60385200000002,6.125802048068373
1928,192.70385399999998,6.12583291032671
1929,192.803856,6.140702316917247
1930,192.903858,6.090249900916877
1931,193.00386,6.118369507429763
1932,193.103862,6.064427132498305
1933,193.203864,6.093673226513307
1934,193.303866,6.233918939939978
1935,193.40386800000002,6.089033372124912
1936,193.50387,6.058578088965905
1937,193.603872,6.151042202747881
1938,193.703874,6.103760412884564
1939,193.80387600000003,6.091372775492249
1940,193.903878,6.21583619768895
1941,194.00388,5.953031297852668
1942,194.103882,6.259558708844217
1943,194.203884,6.241332088664022
1944,194.303886,6.157494387510552
1945,194.403888,6.029468340752994
1946,194.50389,5.970313217227801
1947,194.603892,6.193032625165463
1948,194.703894,6.241873872346196
1949,194.803896,6.395499895711799
1950,194.90389800000003,6.455156650148518
1951,195.0039,6.515204449888663
1952,195.103902,6.419122559609555
1953,195.20390400000002,6.569191991622537
1954,195.303906,6.4070924653693915
1955,195.403908,6.620303212801938
1956,195.50391,6.16894823185774
1957,195.603912,6.192153468392427
1958,195.703914,6.201157102947742
1959,195.803916,6.2080739573735615
1960,195.903918,6.282439067718367
1961,196.00392000000002,6.3422041106181055
1962,196.10392199999998,6.334995476954917
1963,196.203924,6.299539447618683
1964,196.30392600000002,6.277085693573771
1965,196.403928,6.466242336727748
1966,196.50393,6.4298333445288645
1967,196.60393200000001,6.433965971590569
1968,196.703934,6.371108975623132
1969,196.80393600000002,6.336204302810989
1970,196.90393799999998,6.356957755321725
1971,197.00394,6.349488983652338
1972,197.10394200000002,6.235900105498754
1973,197.203944,6.084981205526272
1974,197.303946,6.374484770315029
1975,197.403948,6.394547059877532
1976,197.50395,6.410564496986265
1977,197.603952,6.332283999908172
1978,197.703954,6.431345045397663
1979,197.803956,6.257873507302789
1980,197.90395800000002,6.396518791662057
1981,198.00395999999998,6.273151388519586
1982,198.103962,6.129342604740605
1983,198.203964,6.357343891425821
1984,198.303966,6.328201322743487
1985,198.403968,6.09971011944802
1986,198.50397,6.222861086790713
1987,198.603972,6.189501873346332
1988,198.70397400000002,5.959334853190643
1989,198.803976,6.250259794099132
1990,198.903978,6.14596196893161
1991,199.00398,6.256092687415105
1992,199.10398200000003,6.2778167046058835
1993,199.203984,6.396037210995404
1994,199.303986,6.260661985754358
1995,199.403988,6.256248984366861
1996,199.50399,6.1681792810684675
1997,199.603992,6.379887120131392
1998,199.703994,6.522954433058898
1999,199.803996,6.340692600983087
2000,199.903998,6.381041613151763
2001,200.004,6.494518236721892
2002,200.104002,6.3802501226853785
2003,200.20400400000003,6.365195392692906
2004,200.304006,6.283702367165301
2005,200.404008,6.4391033142300556
2006,200.50401000000002,6.439601718412038
2007,200.604012,6.3520249260361945
2008,200.704014,6.42600957529905
2009,200.804016,6.168249561613519
2010,200.904018,6.442933518246854
2011,201.00402000000003,6.445444473359854
2012,201.104022,6.418998923945995
2013,201.204024,6.411490205690811
2014,201.30402600000002,6.411492429344957
2015,201.40402799999998,6.3610231724109445
2016,201.50403,6.463055559556989
2017,201.60403200000002,6.4964136540124695
2018,201.704034,6.470367457636672
2019,201.804036,6.484016997146699
2020,201.904038,6.405130160974651
2021,202.00404,6.334985202605053
2022,202.10404200000002,6.296646203014314
2023,202.20404399999998,6.173536407333161
2024,202.304046,6.254150221796855
2025,202.40404800000002,6.344550921995879
2026,202.50405,6.520706202210747
2027,202.604052,6.515610354514544
2028,202.704054,6.393482927225004
2029,202.804056,6.393979337746885
2030,202.904058,6.473107228724257
2031,203.00406,6.482679059805659
2032,203.104062,6.456645949364927
2033,203.20406400000002,6.415836455731189
2034,203.30406599999998,6.513331394779156
2035,203.404068,6.540107538257573
2036,203.50407,6.423137432436308
2037,203.604072,6.47466431240921
2038,203.704074,6.610736617486963
2039,203.804076,6.41803129791417
2040,203.904078,6.556145947856339
2041,204.00408000000002,6.498212953610832
2042,204.104082,6.444658791119839
2043,204.204084,6.414769231118484
2044,204.304086,6.595918425804205
2045,204.40408800000003,6.430983172967414
2046,204.50409,6.413519367906535
2047,204.604092,6.341559676460652
2048,204.704094,6.398051701689046
2049,204.804096,6.499961494365816
2050,204.904098,6.60874761516143
2051,205.0041,6.520211394593384
2052,205.104102,6.5317287786102485
2053,205.204104,6.482999991460803
2054,205.304106,6.453980910606472
2055,205.404108,6.364707174514254
2056,205.50411000000003,6.4312557424319055
2057,205.604112,6.420280095215132
2058,205.704114,6.3959663665433855
2059,205.80411600000002,6.488014848338921
2060,205.904118,6.361183063886795
2061,206.00412,6.477177680508323
2062,206.104122,6.329193351790989
2063,206.204124,6.490599920681221
2064,206.30412600000002,6.5748204504067145
2065,206.404128,6.507085909413383
2066,206.50413,6.352399424768638
2067,206.60413200000002,6.614454031821317
2068,206.70413399999998,6.468402803642777
2069,206.804136,6.397201867155591
2070,206.90413800000002,6.384920075366644
2071,207.00414,6.238125847301216
2072,207.104142,6.549308122267036
2073,207.204144,6.5439606813483415
2074,207.304146,6.37139103928796
2075,207.40414800000002,6.552767715545644
2076,207.50414999999998,6.509220350275627
2077,207.604152,6.761415345816849
2078,207.70415400000002,6.260704099669434
2079,207.804156,6.302024334523736
2080,207.904158,6.5223307283182415
2081,208.00416,6.403744255218138
2082,208.104162,6.394434664628613
2083,208.20416400000002,6.346278222191727
2084,208.304166,6.322647007280443
2085,208.404168,6.570272370839493
2086,208.50417000000002,6.570195770899899
2087,208.604172,6.435417024932653
2088,208.704174,6.620754723275789
2089,208.804176,6.410113917095817
2090,208.904178,6.452472079003228
2091,209.00418,6.416534928847647
2092,209.104182,6.3178780698629105
2093,209.204184,6.3134972837958125
2094,209.30418600000002,6.499606618457793
2095,209.404188,6.449266655645158
2096,209.50419,6.4777295537823045
2097,209.604192,6.541566172847249
2098,209.70419400000003,6.479969955863941
2099,209.804196,6.365193176082602
2100,209.904198,6.501266945549252
2101,210.00420000000003,6.209880483576675
2102,210.104202,6.418936574970557
2103,210.204204,6.294386571037972
2104,210.304206,6.098283278886278
2105,210.404208,6.2498611543671885
2106,210.50421,6.431646045797097
2107,210.604212,6.490128117339048
2108,210.704214,6.5247298866119205
2109,210.80421600000003,6.4870918347717454
2110,210.904218,6.391753790249803
2111,211.00422,6.197700472670794
2112,211.10422200000002,6.206599909671389
2113,211.204224,6.341216801226213
2114,211.304226,6.245374315360085
2115,211.404228,6.234783944877567
2116,211.50423,6.39499176517203
2117,211.60423200000002,6.293737779833014
2118,211.70423399999999,6.307033609249109
2119,211.804236,6.2072255466747706
2120,211.90423800000002,6.35963560686901
2121,212.00423999999998,6.299537220793103
2122,212.104242,6.439097435305784
2123,212.20424400000002,6.376355834548272
2124,212.304246,6.322491824425581
2125,212.404248,6.267449958615334
2126,212.50425,6.367813615760811
2127,212.604252,6.5340044103730754
2128,212.70425400000002,6.441535701511006
2129,212.80425599999998,6.336954461594823
2130,212.904258,6.333387620113195
2131,213.00426000000002,6.354399332961514
2132,213.104262,6.187737914567051
2133,213.204264,6.5511408405114455
2134,213.304266,6.4803713237132765
2135,213.404268,6.5093164684545926
2136,213.50427000000002,6.4602871624200064
2137,213.604272,6.330085833403164
2138,213.704274,6.290631121036636
2139,213.80427600000002,6.426941300349778
2140,213.904278,6.321161922058602
2141,214.00428,6.2756786854442925
2142,214.104282,6.349815481574527
2143,214.204284,6.244808775029038
2144,214.304286,6.322648917382097
2145,214.404288,6.44238993603418
2146,214.50429,6.335626061980705
2147,214.60429200000002,6.421831913522694
2148,214.704294,6.410597440628298
2149,214.804296,6.388407772427889
2150,214.904298,6.253056416289932
2151,215.00430000000003,6.229916070934896
2152,215.104302,6.040987281393902
2153,215.204304,6.174217883538055
2154,215.30430600000003,6.1521287336930515
2155,215.404308,6.238927020343783
2156,215.50431,6.375904018591383
2157,215.604312,6.250035604503169
2158,215.704314,6.199013239536288
2159,215.804316,6.335143215186147
2160,215.904318,6.247978647041626
2161,216.00432,6.303471641339961
2162,216.10432200000002,6.332673227484292
2163,216.20432399999999,6.3010750161453055
2164,216.304326,6.340263481426074
2165,216.40432800000002,6.087480363038067
2166,216.50433,6.200014136103985
2167,216.604332,6.253591892319007
2168,216.704334,6.268588070179318
2169,216.804336,6.342073373713715
2170,216.90433800000002,6.330778003578183
2171,217.00433999999998,6.352374187335248
2172,217.104342,6.273025565934777
2173,217.20434400000002,6.259145925560391
2174,217.30434599999998,6.35409606016943
2175,217.404348,6.16095163233002
2176,217.50435000000002,6.036517816299134
2177,217.604352,6.049911636443149
2178,217.704354,5.960594162190085
2179,217.804356,5.987906284099545
2180,217.904358,6.129425319921182
2181,218.00436000000002,6.122662341017768
2182,218.10436199999998,6.182061608352073
2183,218.204364,5.730755615049405
2184,218.30436600000002,5.921975827284733
2185,218.404368,6.036402627743462
2186,218.50437,6.331881110712208
2187,218.604372,6.1705215831362334
2188,218.704374,6.251458330703972
2189,218.80437600000002,6.272827887573975
2190,218.904378,6.354284759647008
2191,219.00438,6.2966954809538205
2192,219.10438200000002,6.220953804224986
2193,219.204384,6.036426217004092
2194,219.304386,6.150312970930909
2195,219.404388,6.224946412426157
2196,219.50439,6.550667739197603
2197,219.604392,6.330310010323952
2198,219.704394,6.0766511500633085
2199,219.804396,6.085475858329774
2200,219.90439800000001,6.194743658203985
2201,220.0044,6.409556329215221
2202,220.104402,6.342389072865568
2203,220.204404,6.186484251137115
2204,220.30440600000003,6.265850274909656
2205,220.404408,6.342861979803102
2206,220.50441,6.295848847772332
2207,220.60441200000002,6.2807649500651115
2208,220.704414,6.298594813103322
2209,220.804416,6.001693288381611
2210,220.904418,6.190897700312596
2211,221.00442,6.2196850314479395
2212,221.104422,6.057034098161798
2213,221.204424,6.220725302747395
2214,221.304426,6.216352165512842
2215,221.40442800000002,6.23018929917791
2216,221.50442999999999,6.206845070075429
2217,221.604432,6.161990285806437
2218,221.70443400000002,6.114573181377893
2219,221.804436,6.234473251842724
2220,221.904438,6.2188163991295955
2221,222.00444,6.024513805833357
2222,222.104442,6.245363671684657
2223,222.20444400000002,6.171945307685705
2224,222.30444599999998,6.030028008754779
2225,222.404448,6.077058777567185
2226,222.50445000000002,6.116806141798511
2227,222.60445199999998,6.170971927489208
2228,222.704454,5.997547644118234
2229,222.80445600000002,6.198099842358539
2230,222.904458,6.227905441075526
2231,223.00446,6.321101744492143
2232,223.104462,6.363932788971339
2233,223.204464,6.246363889221531
2234,223.30446600000002,6.254590382774779
2235,223.40446799999998,6.320251808198548
2236,223.50447,6.343964790374182
2237,223.60447200000002,6.310389437475942
2238,223.704474,6.103152162549889
2239,223.804476,6.3211568026152145
2240,223.904478,6.44102299274909
2241,224.00448,6.188077674559385
2242,224.10448200000002,6.307100877270053
2243,224.204484,6.0898652202721815
2244,224.304486,6.208658188416629
2245,224.40448800000001,6.1243961976689025
2246,224.50449,6.2195804420542755
2247,224.604492,6.270910364106361
2248,224.704494,6.10489925815374
2249,224.804496,5.819186341042753
2250,224.904498,6.013241262444244
2251,225.0045,6.0911466715598195
2252,225.104502,6.063618295459622
2253,225.20450400000001,6.220805943659493
2254,225.304506,6.169813501143173
2255,225.404508,6.269062518444534
2256,225.50451,5.992873156611609
2257,225.60451200000003,6.327059673554523
2258,225.704514,6.123242233360066
2259,225.804516,6.296509676052333
2260,225.90451800000002,5.900226328145228
2261,226.00452,6.244921418205173
2262,226.104522,6.038452023655297
2263,226.204524,6.01678273071924
2264,226.304526,6.301698146171283
2265,226.404528,6.256712941683395
2266,226.50453,6.248442314327821
2267,226.604532,6.185082409080979
2268,226.70453400000002,5.9800455381818125
2269,226.80453599999998,6.152592988030267
2270,226.904538,6.152043294285023
2271,227.00454000000002,5.928725929404581
2272,227.104542,6.064515070493207
2273,227.204544,6.106390250256951
2274,227.30454600000002,6.190474200025713
2275,227.404548,6.285986629474556
2276,227.50455000000002,6.329288917308974
2277,227.60455199999998,6.22378065128993
2278,227.704554,5.95756341352443
2279,227.80455600000002,6.142873036209086
2280,227.904558,6.153969368031885
2281,228.00456,6.184770307281306
2282,228.10456200000002,6.061114921141873
2283,228.204564,6.09926811389842
2284,228.304566,6.086067403396405
2285,228.404568,6.170171816429036
2286,228.50457,6.268880089585975
2287,228.60457200000002,6.068267055612743
2288,228.70457399999998,6.1993778072057415
2289,228.804576,6.213383307465376
2290,228.90457800000001,6.241247782714729
2291,229.00458,6.3614106189690185
2292,229.104582,6.187601926288371
2293,229.204584,6.2466600746217456
2294,229.304586,6.336710390560285
2295,229.40458800000002,6.046400428407589
2296,229.50459,6.055777974771195
2297,229.604592,6.064370301250103
2298,229.70459400000001,6.1028639768515465
2299,229.804596,6.176110644862053
2300,229.904598,6.174047669189268
2301,230.0046,6.0815547025847065
2302,230.104602,6.071408033576686
2303,230.204604,6.104835612223289
2304,230.304606,6.096729479364522
2305,230.404608,6.262945284947121
2306,230.50461,6.115308590521434
2307,230.604612,6.216264970447081
2308,230.704614,5.981602665407919
2309,230.804616,6.121895842872734
2310,230.90461800000003,6.003835762072525
2311,231.00462,6.09206667786306
2312,231.104622,6.150373851340986
2313,231.20462400000002,6.1158534925006025
2314,231.304626,5.863276522323867
2315,231.404628,5.815783372741205
2316,231.50463,6.035794478297713
2317,231.604632,6.019799253409314
2318,231.704634,5.964247953520568
2319,231.804636,5.945462441052605
2320,231.904638,5.9069143056341655
2321,232.00464000000002,6.077401588637639
2322,232.10464199999998,6.1722178525284415
2323,232.204644,6.124293046204696
2324,232.30464600000002,6.1080649276263355
2325,232.404648,6.065278872777284
2326,232.50465,6.104439080672512
2327,232.60465200000002,6.247258381774008
2328,232.704654,6.143512125936483
2329,232.80465600000002,6.138489299825395
2330,232.90465799999998,6.205919840703867
2331,233.00466,6.158795763164724
2332,233.10466200000002,6.052376157217381
2333,233.204664,6.053117977691581
2334,233.304666,6.128008468777679
2335,233.40466800000002,5.987275232608455
2336,233.50467,6.156083618546495
2337,233.604672,6.108348087350274
2338,233.704674,6.155769325307389
2339,233.804676,6.114576709113857
2340,233.90467800000002,6.191177475831015
2341,234.00467999999998,6.065963835197716
2342,234.104682,6.239724718984711
2343,234.20468400000001,6.021705053218662
2344,234.304686,6.0696573459682925
2345,234.404688,5.97421518417209
2346,234.50469,6.255211274066305
2347,234.604692,6.301838273949981
2348,234.70469400000002,6.154666599744586
2349,234.804696,6.214960982590045
2350,234.904698,6.274081904379979
2351,235.0047,6.377548905152897
2352,235.10470200000003,6.401931337080063
2353,235.204704,6.471154010499003
2354,235.304706,6.263547939469187
2355,235.404708,6.443460666250611
2356,235.50471,6.634054436405615
2357,235.604712,6.433796889044066
2358,235.704714,6.25088934428925
2359,235.804716,6.13386512147186
2360,235.904718,6.18767543323956
2361,236.00472,6.466127172170603
2362,236.104722,6.328994691105977
2363,236.20472400000003,6.14162989964648
2364,236.304726,6.279547907736206
2365,236.404728,6.347377122143461
2366,236.50473000000002,6.218444187105688
2367,236.604732,6.228231484459768
2368,236.704734,6.141847704860138
2369,236.804736,6.217512223601105
2370,236.904738,6.3385825812150705
2371,237.00474,6.162763101366008
2372,237.104742,6.198774607095861
2373,237.204744,5.9208521024019145
2374,237.30474600000002,5.939579959059809
2375,237.40474799999998,6.055340621550518
2376,237.50475,6.001164898086355
2377,237.60475200000002,6.18097635302434
2378,237.704754,6.084627353011351
2379,237.804756,6.259727686859018
2380,237.90475800000002,6.396395580819118
2381,238.00476,6.413550796869287
2382,238.10476200000002,5.933823142019529
2383,238.20476399999998,6.019449139495286
2384,238.304766,5.948478002198535
2385,238.40476800000002,6.044239189876908
2386,238.50477,6.019210040578279
2387,238.604772,6.084169394621562
2388,238.70477400000001,6.096079452802911
2389,238.804776,6.034715713252632
2390,238.904778,6.075689814965616
2391,239.00478,6.017852270496279
2392,239.104782,6.105424587745508
2393,239.20478400000002,6.086158636984677
2394,239.30478599999998,5.946081507711139
2395,239.404788,5.869907642447549
2396,239.50479,6.333445582517787
2397,239.604792,6.28052400334768
2398,239.704794,6.339421849138932
2399,239.804796,6.258428661520445
2400,239.904798,6.217286233060438
2401,240.00480000000002,6.180409124115434
2402,240.104802,6.270560667865345
2403,240.204804,6.18704193116501
2404,240.304806,6.247742285628363
2405,240.40480800000003,6.358698433442853
2406,240.50481,6.209907563434147
2407,240.604812,6.29807687522176
2408,240.704814,6.3050112152498965
2409,240.804816,6.309624400866019
2410,240.904818,6.289503961043455
2411,241.00482,6.328524940468112
2412,241.104822,6.200591209121829
2413,241.204824,6.3754924428892235
2414,241.304826,6.3028624414459005
2415,241.404828,6.239878277908577
2416,241.50483000000003,6.494299799764941
2417,241.604832,6.338387854850782
2418,241.704834,6.199705056347501
2419,241.80483600000002,6.255720540979754
2420,241.904838,6.3376386440371215
2421,242.00484,6.093206986434743
2422,242.104842,6.378803826538726
2423,242.204844,6.493654384700472
2424,242.30484600000003,6.757835978400456
2425,242.404848,6.53672290895518
2426,242.50485,6.447406006671559
2427,242.60485200000002,6.343470990901658
2428,242.70485399999998,6.520540832226865
2429,242.804856,6.489084449027537
2430,242.90485800000002,6.360459941845965
2431,243.00486,6.304905646321064
2432,243.104862,6.262472773568097
2433,243.20486400000001,6.203307109103596
2434,243.304866,6.425797035643583
2435,243.40486800000002,6.41652929687023
2436,243.50486999999998,6.080513449923383
2437,243.604872,6.116678540811847
2438,243.70487400000002,6.316476718939584
2439,243.804876,6.408204936390104
2440,243.904878,6.495970807168366
2441,244.00488,6.4428813044202204
2442,244.104882,6.448210709948052
2443,244.204884,6.379244725123081
2444,244.304886,6.47753157191425
2445,244.404888,6.166302849192371
2446,244.50489000000002,6.176237451273862
2447,244.604892,6.156712538451488
2448,244.704894,6.09092114460599
2449,244.804896,6.103690499217236
2450,244.904898,6.048813347783895
2451,245.0049,6.245627913292594
2452,245.104902,6.209417826421764
2453,245.204904,6.223815254755989
2454,245.30490600000002,6.438212846165331
2455,245.404908,6.228678965376663
2456,245.50491,6.251923600767914
2457,245.604912,6.150070514895376
2458,245.70491400000003,6.256331411067441
2459,245.804916,6.3412686117186485
2460,245.904918,6.089422034721041
2461,246.00492000000003,6.073118227080939
2462,246.104922,6.377682096139547
2463,246.204924,6.142059271920497
2464,246.304926,6.11296039063555
2465,246.404928,6.22908075303285
2466,246.50493,6.2251512451146125
2467,246.604932,6.170553705803712
2468,246.704934,6.293443355870351
2469,246.80493600000003,6.2170864752432236
2470,246.904938,6.461933172840212
2471,247.00494,6.228669597029888
2472,247.10494200000002,6.257565768861873
2473,247.204944,6.419431488786921
2474,247.304946,6.119261991057705
2475,247.404948,6.194686099092396
2476,247.50495,6.234845218033623
2477,247.60495200000003,6.17884142692717
2478,247.704954,6.2935191024773465
2479,247.804956,6.097916817368487
2480,247.90495800000002,6.120378744528625
2481,248.00495999999998,6.1613851311570915
2482,248.104962,6.065649174313315
2483,248.20496400000002,6.2438599612590515
2484,248.304966,6.306739364839692
2485,248.404968,6.116478245918634
2486,248.50497000000001,6.149457133856935
2487,248.604972,6.287220422591212
2488,248.70497400000002,6.156756722202906
2489,248.80497599999998,6.279277185751084
2490,248.904978,6.158739894702888
2491,249.00498000000002,6.305401221550331
2492,249.104982,6.421960194581893
2493,249.204984,6.2117913155516895
2494,249.304986,6.13428850385599
2495,249.404988,6.324739420680361
2496,249.50499,6.0583802380795015
2497,249.604992,6.231949862337114
2498,249.704994,6.0854406563352015
2499,249.80499600000002,6.0211474095082735
2500,249.904998,6.148445217393135
2501,250.005,6.14903311817164
2502,250.105002,6.190963530709858
2503,250.205004,6.100014330530227
2504,250.305006,6.152752212520415
2505,250.405008,6.205136248370862
2506,250.50501,6.2612196056254295
2507,250.60501200000002,6.14013056674455
2508,250.705014,6.092184723968919
2509,250.805016,6.247142442399897
2510,250.905018,6.135632238270727
2511,251.00502000000003,6.171536988852918
2512,251.105022,6.143532742438455
2513,251.205024,6.008715598841957
2514,251.30502600000003,6.002560300641091
2515,251.405028,6.2914490499342985
2516,251.50503,6.215222649905169
2517,251.605032,6.276491721556633
2518,251.705034,6.433158298235893
2519,251.805036,6.165424719752906
2520,251.905038,6.112317284333917
2521,252.00504,6.140814286645554
2522,252.10504200000003,5.853679528325703
2523,252.205044,6.106650093513319
2524,252.305046,5.958811331707122
2525,252.40504800000002,6.288103056927265
2526,252.50505,6.065524600460408
2527,252.605052,6.1935273810291935
2528,252.705054,6.275417426612006
2529,252.805056,6.20109803291512
2530,252.90505800000003,5.974978707590772
2531,253.00506,6.1416627921308455
2532,253.105062,6.138029552652447
2533,253.20506400000002,6.085699008475456
2534,253.30506599999998,6.154286959989424
2535,253.405068,5.991414476611874
2536,253.50507000000002,6.496215904275884
2537,253.605072,6.264423601970327
2538,253.705074,6.327443704926051
2539,253.805076,6.1621538512277905
2540,253.905078,6.207794575591301
2541,254.00508000000002,6.291458826871685
2542,254.10508199999998,6.162515105138146
2543,254.205084,6.173640652000034
2544,254.30508600000002,6.225121128932496
2545,254.405088,6.09837806215056
2546,254.50509,6.0933011760629405
2547,254.605092,6.194635150315209
2548,254.705094,6.217907273872524
2549,254.80509600000002,6.358703253844029
2550,254.905098,6.22246074333096
2551,255.0051,6.083084786003487
2552,255.10510200000002,6.3166187804737595
2553,255.205104,6.384714948384282
2554,255.305106,6.110994310760044
2555,255.405108,6.237587875635118
2556,255.50511,6.100011415163727
2557,255.605112,6.068639916410806
2558,255.705114,6.127676242817077
2559,255.805116,6.207868070972837
2560,255.90511800000002,6.232146757068685
2561,256.00512,6.198116765510348
2562,256.105122,6.228754810396062
2563,256.205124,6.13596308200144
2564,256.30512600000003,6.259648979487042
2565,256.405128,6.279024454207922
2566,256.50513,6.202202071523199
2567,256.605132,6.327101078111532
2568,256.705134,6.255469894776872
2569,256.805136,6.315879454088452
2570,256.905138,6.0868022958581065
2571,257.00514000000004,6.218714639681528
2572,257.105142,6.389754414399041
2573,257.205144,6.142268859943431
2574,257.30514600000004,6.239411703052512
2575,257.405148,6.113026073789692
2576,257.50515,6.324676520385638
2577,257.605152,6.265944315019054
2578,257.705154,6.328003408134422
2579,257.805156,6.192514815828398
2580,257.905158,6.425278356499305
2581,258.00516,6.262862591556787
2582,258.105162,6.179911159505181
2583,258.205164,6.3785029542100675
2584,258.305166,6.342615430110242
2585,258.405168,6.350981057165665
2586,258.50517,6.386648054827149
2587,258.605172,6.220558768064899
2588,258.705174,6.370769666045005
2589,258.805176,6.301856402226614
2590,258.90517800000003,6.235332868136917
2591,259.00518,6.3348239353840805
2592,259.105182,6.357962714364096
2593,259.20518400000003,6.277376079958366
2594,259.305186,6.351356804713779
2595,259.405188,6.297012534468151
2596,259.50519,6.250243862785438
2597,259.605192,6.29894966382805
2598,259.705194,6.368084000713206
2599,259.805196,6.406739211058352
2600,259.905198,6.1174151731350435
2601,260.0052,6.201712896224385
2602,260.105202,6.2398866901787695
2603,260.205204,6.169518564472829
2604,260.305206,6.110025910469966
2605,260.405208,6.323786255056783
2606,260.50521,6.189961900230771
2607,260.605212,6.1763058826057655
2608,260.705214,6.174354844352997
2609,260.80521600000003,6.109752502652997
2610,260.905218,6.188181163633577
2611,261.00522,6.164845467681549
2612,261.105222,6.240397214486093
2613,261.20522400000004,6.369568953549357
2614,261.305226,6.141240256993415
2615,261.405228,6.167923944297488
2616,261.50523,6.2551305079710735
2617,261.605232,6.440622714444745
2618,261.705234,6.281283971210675
2619,261.805236,6.296927909782479
2620,261.905238,6.407021080012015
2621,262.00524,6.293422915819259
2622,262.105242,6.318628484357888
2623,262.205244,6.302749080497259
2624,262.305246,6.277320645646775
2625,262.40524800000003,6.354981162778236
2626,262.50525,6.228743370982511
2627,262.60525199999995,6.125309050575593
2628,262.705254,6.076882067365807
2629,262.805256,6.393687420790039
2630,262.905258,6.268328002107434
2631,263.00526,6.292073675575115
2632,263.105262,6.244194722215586
2633,263.205264,6.1512017583540395
2634,263.305266,6.100072053074932
2635,263.405268,6.2804240761429355
2636,263.50527,6.060785339095738
2637,263.605272,6.238785982039589
2638,263.70527400000003,6.408516135435735
2639,263.805276,6.328155167564755
2640,263.905278,6.181101662208496
2641,264.00528,6.531154855701537
2642,264.105282,6.218174822648181
2643,264.205284,6.171887023645002
2644,264.305286,6.169670229557245
2645,264.405288,6.238810366176189
2646,264.50529,6.324918705671987
2647,264.605292,6.2550786222004415
2648,264.705294,6.351777941371486
2649,264.80529600000006,6.1874549263029195
2650,264.905298,6.2145234903269255
2651,265.0053,6.064634659423189
2652,265.10530200000005,6.096517869812929
2653,265.205304,6.04802045186553
2654,265.305306,6.0396516087799546
2655,265.405308,5.911144782874198
2656,265.50531,5.990598063318302
2657,265.605312,6.015295074214477
2658,265.705314,5.931015537031935
2659,265.805316,6.165768328718489
2660,265.905318,5.80656159874415
2661,266.00532,5.8377413051436005
2662,266.105322,6.002385825253781
2663,266.205324,6.120593036745043
2664,266.305326,6.406489283875609
2665,266.405328,6.239055899702789
2666,266.50533,6.122123442707138
2667,266.605332,6.117544234667628
2668,266.70533400000005,6.2536742483982835
2669,266.805336,6.219020359477249
2670,266.905338,6.018529024956664
2671,267.00534000000005,6.037273323464217
2672,267.105342,6.150467090716781
2673,267.20534399999997,6.0886848118247165
2674,267.30534600000004,6.292085105512973
2675,267.405348,6.1399015569999635
2676,267.50534999999996,6.143999477291476
2677,267.60535200000004,6.268812532394825
2678,267.705354,6.406258059531526
2679,267.805356,6.005874014352242
2680,267.90535800000004,6.237757874062057
2681,268.00536,6.190301817460642
2682,268.105362,6.253665091442636
2683,268.205364,6.386097424353423
2684,268.305366,6.328908055387169
2685,268.405368,6.1384966855568175
2686,268.50536999999997,6.384488462111433
2687,268.60537200000005,6.282264561976992
2688,268.705374,6.418272659705321
2689,268.80537599999997,6.321526965112951
2690,268.90537800000004,6.138750387790374
2691,269.00538,6.406486742752069
2692,269.10538199999996,6.401563780349446
2693,269.20538400000004,6.231649585934867
2694,269.305386,6.129174310332766
2695,269.40538799999996,6.056532571787817
2696,269.50539000000003,6.078165909664284
2697,269.605392,6.164551908927886
2698,269.705394,6.032017052328644
2699,269.80539600000003,6.033335626136964
2700,269.905398,6.163146545857658
2701,270.0054,6.219862836390865
2702,270.105402,6.23492089911123
2703,270.205404,6.262907586668623
2704,270.305406,6.22114272961085
2705,270.405408,6.1359361922223625
2706,270.50541000000004,6.055540947583287
2707,270.605412,6.072693603994497
2708,270.70541399999996,6.070046129942343
2709,270.80541600000004,6.032356820471616
2710,270.905418,5.96380345138353
2711,271.00541999999996,6.049065452682496
2712,271.10542200000003,6.079087657526082
2713,271.205424,6.147835430287476
2714,271.30542599999995,6.171627290135857
2715,271.40542800000003,6.070858130312998
2716,271.50543,6.06630142816294
2717,271.605432,6.152581647783058
2718,271.705434,6.151375930044548
2719,271.805436,6.120055479906325
2720,271.905438,6.111793713648391
2721,272.00544,5.972103283779244
2722,272.105442,6.169511116494305
2723,272.205444,6.100056406760358
2724,272.305446,6.062348199524611
2725,272.40544800000004,6.219811162048792
2726,272.50545,6.093056317045888
2727,272.605452,6.070108154449714
2728,272.70545400000003,6.078532620345496
2729,272.805456,6.176749521732677
2730,272.905458,6.1877374314382125
2731,273.00546,6.190287669540737
2732,273.105462,6.17995991310418
2733,273.205464,5.933373062908458
2734,273.305466,6.263395436267886
2735,273.405468,6.261168597081102
2736,273.50547,6.207795956914585
2737,273.605472,6.1553417778808655
2738,273.705474,6.0536011356376145
2739,273.805476,6.1162080099390295
2740,273.905478,5.993525519577129
2741,274.00548,5.892410368522186
2742,274.105482,6.060849249114131
2743,274.205484,6.031795327384639
2744,274.30548600000003,6.13428357360604
2745,274.405488,6.145963554118025
2746,274.50549,6.2213780739542
2747,274.605492,6.1482595518461896
2748,274.705494,6.095742191425289
2749,274.805496,6.023245054367199
2750,274.905498,6.128088658789109
2751,275.0055,6.043008393728864
2752,275.105502,6.1980289285744234
2753,275.205504,6.037319532540128
2754,275.305506,5.92338602403785
2755,275.40550800000005,6.067173076120139
2756,275.50551,6.132349371730775
2757,275.605512,5.968096431287829
2758,275.70551400000005,6.248685445112574
2759,275.805516,6.044800180569418
2760,275.905518,6.018622056000062
2761,276.00552000000005,6.121650989036138
2762,276.105522,6.052308592594568
2763,276.205524,6.10107285349531
2764,276.305526,6.274898706863295
2765,276.405528,5.912382970015752
2766,276.50553,6.171765742575576
2767,276.605532,6.313780529340268
2768,276.705534,6.239952094789429
2769,276.805536,6.199034450437331
2770,276.905538,6.26178642794638
2771,277.00554,6.235006465683324
2772,277.105542,6.243202396280998
2773,277.205544,6.118864244271235
2774,277.30554600000005,6.245922104197295
2775,277.405548,6.286759150028881
2776,277.50554999999997,6.199213176329333
2777,277.60555200000005,6.436216219781138
2778,277.705554,6.452356268680514
2779,277.80555599999997,6.096630255897768
2780,277.90555800000004,6.092041021370898
2781,278.00556,6.087073586873291
2782,278.105562,6.303570805497948
2783,278.20556400000004,6.119690981888097
2784,278.305566,6.101434595696901
2785,278.405568,6.1021874817560855
2786,278.50557000000003,6.235669912101438
2787,278.605572,6.0037849289237
2788,278.705574,5.997032430466722
2789,278.805576,6.21588698687846
2790,278.905578,6.194306279294406
2791,279.00558,6.1794154205424
2792,279.10558199999997,6.123414751440626
2793,279.20558400000004,6.2533686863124744
2794,279.305586,5.961221918329675
2795,279.40558799999997,6.048652057836338
2796,279.50559000000004,6.186031374675666
2797,279.605592,6.318336718275779
2798,279.70559399999996,6.123573317715084
2799,279.80559600000004,6.04356552651354
2800,279.905598,6.303187194061269
2801,280.0056,6.16227034548784
2802,280.10560200000003,6.084826235635683
2803,280.205604,5.79977820430752
2804,280.305606,5.830914986206197
2805,280.40560800000003,6.074041193854921
2806,280.50561,6.01128187457426
2807,280.605612,5.989111429796496
2808,280.705614,5.9514489853376205
2809,280.805616,6.0518346312866225
2810,280.905618,5.731714676898531
2811,281.00562,5.819421760879725
2812,281.10562200000004,6.015960233356974
2813,281.205624,6.040180159664889
2814,281.30562599999996,6.037766936115682
2815,281.40562800000004,6.03473139739137
2816,281.50563,6.0126741455063994
2817,281.60563199999996,6.061049760383666
2818,281.70563400000003,6.104450146933405
2819,281.805636,6.148372330298146
2820,281.90563799999995,5.911283839983036
2821,282.00564,6.02526417597822
2822,282.105642,5.736155887308841
2823,282.205644,5.844301732239372
2824,282.305646,6.080936012977157
2825,282.405648,5.947390914640702
2826,282.50565,5.923495718913677
2827,282.605652,5.992137653448955
2828,282.705654,6.035756214743879
2829,282.805656,6.162358696520735
2830,282.905658,6.171699133032996
2831,283.00566000000003,6.222583563084387
2832,283.105662,6.102658628546815
2833,283.205664,6.044693779647367
2834,283.30566600000003,5.862330852148885
2835,283.405668,6.09299850924633
2836,283.50567,6.022337475336269
2837,283.605672,5.925480628720274
2838,283.705674,5.996015976225425
2839,283.805676,6.27840394449304
2840,283.905678,5.942340549538145
2841,284.00568,5.828251619747953
2842,284.105682,5.8875293948593495
2843,284.205684,5.936464509651167
2844,284.305686,5.775873058437631
2845,284.405688,5.936687619353449
2846,284.50569,5.961439051659414
2847,284.605692,6.044991495823643
2848,284.705694,6.084035629919753
2849,284.805696,6.112786779606741
2850,284.90569800000003,5.9958860978477215
2851,285.0057,6.1526798078388145
2852,285.105702,6.388033544581135
2853,285.205704,6.1543140505872245
2854,285.305706,6.146194255003294
2855,285.405708,6.230608835468185
2856,285.50571,6.273154434050724
2857,285.605712,6.450610298680456
2858,285.705714,6.268708008043653
2859,285.805716,6.405186645664967
2860,285.905718,6.334507432929662
2861,286.00572000000005,6.325875106480426
2862,286.105722,6.1327282101962695
2863,286.205724,6.219221229572782
2864,286.30572600000005,6.074553392544693
2865,286.405728,6.4112684931247435
2866,286.50572999999997,6.4321188271863825
2867,286.60573200000005,6.447837336203796
2868,286.705734,6.435706393269512
2869,286.805736,6.7202391769381835
2870,286.905738,6.460234565946322
2871,287.00574,6.275180495747498
2872,287.105742,6.242896007541804
2873,287.205744,6.001923579199934
2874,287.305746,6.157893750157951
2875,287.405748,6.467604885014397
2876,287.50575,6.015995914448804
2877,287.605752,6.172467673475539
2878,287.705754,6.2118170589870285
2879,287.805756,6.146910747820774
2880,287.90575800000005,6.247211346108705
2881,288.00576,6.106602362019903
2882,288.10576199999997,6.121587524953949
2883,288.20576400000004,6.10587563735351
2884,288.305766,6.358052907775286
2885,288.40576799999997,6.092876226439301
2886,288.50577000000004,6.161879330395338
2887,288.605772,6.065975153481179
2888,288.705774,5.984099053476938
2889,288.80577600000004,5.835232859632823
2890,288.905778,6.118012418839377
2891,289.00578,5.903260697851876
2892,289.10578200000003,5.833087896972034
2893,289.205784,5.927322206527367
2894,289.305786,6.223750082811747
2895,289.405788,6.172968621477537
2896,289.50579,6.359573814280359
2897,289.605792,6.11233486483408
2898,289.70579399999997,6.487589671192299
2899,289.80579600000004,6.113848251922219
2900,289.905798,6.198962567599696
2901,290.00579999999997,6.228677201163262
2902,290.10580200000004,6.177960804165422
2903,290.205804,6.077540892010664
2904,290.30580599999996,6.166792334935334
2905,290.40580800000004,6.09907964311404
2906,290.50581,6.085489506697533
2907,290.605812,6.149045160942603
2908,290.70581400000003,6.1312832821519665
2909,290.805816,6.030207662750027
2910,290.905818,6.189674880949291
2911,291.00582,6.157126663420254
2912,291.105822,6.36042047245246
2913,291.205824,6.117254641884874
2914,291.305826,6.2832218154216255
2915,291.405828,6.285528617819362
2916,291.50583,6.024217895316841
2917,291.605832,6.075615530914363
2918,291.70583400000004,5.811918574074614
2919,291.805836,6.0781536484838306
2920,291.905838,6.158068252407491
2921,292.00584000000003,6.100189488217077
2922,292.105842,6.141375718136336
2923,292.20584399999996,6.219817148557318
2924,292.30584600000003,6.1999998389188375
2925,292.405848,6.20063124172692
2926,292.50585,6.312108685339568
2927,292.605852,6.207316205925841
2928,292.705854,6.252045557044907
2929,292.805856,6.194494677668555
2930,292.905858,6.212978496291432
2931,293.00586,6.3103752174165715
2932,293.105862,6.130925931914376
2933,293.205864,6.194081515513196
2934,293.305866,6.214270537575593
2935,293.405868,6.151141203595162
2936,293.50587,6.036035018035297
2937,293.60587200000003,6.166348101557211
2938,293.705874,6.285459093419469
2939,293.805876,6.107864898409726
2940,293.90587800000003,6.154506995579209
2941,294.00588,6.060677413387357
2942,294.105882,6.155919603041502
2943,294.205884,6.076686145825912
2944,294.305886,6.343947558740465
2945,294.405888,6.091330639876506
2946,294.50589,5.983987772378859
2947,294.605892,6.161649991705327
2948,294.70589400000006,6.11611668201034
2949,294.805896,6.050282329986271
2950,294.905898,6.000284964796685
2951,295.0059,5.977630546842301
2952,295.105902,6.138914462041284
2953,295.205904,6.034726018272719
2954,295.305906,6.170813173861638
2955,295.405908,6.1941588732099575
2956,295.50591000000003,5.935677386513968
2957,295.605912,6.162467717561336
2958,295.705914,6.101144962306745
2959,295.805916,6.157830619632101
2960,295.905918,6.090073110783066
2961,296.00592,6.138342188800279
2962,296.105922,6.238815605766899
2963,296.205924,6.108597316955308
2964,296.305926,6.12427757648774
2965,296.405928,6.20412149234426
2966,296.50593,6.087415975250351
2967,296.60593200000005,6.015754099710364
2968,296.705934,6.073816326567165
2969,296.805936,6.082705607693608
2970,296.90593800000005,5.895077518847894
2971,297.00594,6.056332273798322
2972,297.10594199999997,5.922846015038313
2973,297.20594400000004,6.0237717290536565
2974,297.305946,5.915614405146347
2975,297.405948,6.224850996407025
2976,297.50595,5.985088861784652
2977,297.605952,6.271195375929953
2978,297.705954,6.019807253144803
2979,297.805956,6.063370712730468
2980,297.905958,5.672512754369835
2981,298.00596,6.03762860460813
2982,298.105962,5.921291066021018
2983,298.205964,6.1007382747467345
2984,298.305966,5.951539714049122
2985,298.405968,6.001483506329525
2986,298.50597000000005,5.7654525947349455
2987,298.605972,5.7479972994235355
2988,298.70597399999997,5.713219311488501
2989,298.80597600000004,5.788936507256628
2990,298.905978,6.173992566767115
2991,299.00597999999997,6.158406712147629
2992,299.10598200000004,6.119006030654324
2993,299.205984,6.300792426609209
2994,299.305986,6.123404523082648
2995,299.40598800000004,6.1061250613303395
2996,299.50599,6.054354645401521
2997,299.605992,6.198138279548706
2998,299.70599400000003,6.257213858767997
2999,299.805996,6.273003848049671
3000,299.905998,6.107683173031089
3001,300.006,6.200249156403263
3002,300.106002,6.178791114319388
3003,300.206004,6.147802862258773
3004,300.30600599999997,6.4241047200406864
3005,300.40600800000004,6.249772236584585
3006,300.50601,5.982505804488471
3007,300.60601199999996,6.202942116587267
3008,300.70601400000004,6.134993437227643
3009,300.806016,6.093652503210558
3010,300.90601799999996,5.869414866335124
3011,301.00602000000003,5.872683835226413
3012,301.106022,5.935618085826451
3013,301.206024,6.045125687702901
3014,301.30602600000003,6.067830085306179
3015,301.406028,6.051032049143977
3016,301.50603,5.883212950474612
3017,301.606032,6.097586037555746
3018,301.706034,5.823603207199412
3019,301.806036,5.8797443972589365
3020,301.906038,5.870748834736669
3021,302.00604,6.03398641993658
3022,302.106042,5.977063982758657
3023,302.206044,5.811290014729041
3024,302.30604600000004,5.922552147771378
3025,302.406048,5.897183626038348
3026,302.50605,5.898090030188356
3027,302.60605200000003,6.007845326594711
3028,302.706054,5.975167788113447
3029,302.80605599999996,6.060115269567304
3030,302.90605800000003,5.928259348276843
3031,303.00606,5.929024560775249
3032,303.106062,6.0165874810140085
3033,303.206064,6.043553770807314
3034,303.306066,5.957847284924107
3035,303.406068,6.119351726422136
3036,303.50607,5.94676797171675
3037,303.606072,5.881567980078866
3038,303.706074,5.913397279213956
3039,303.806076,5.8895525617503255
3040,303.906078,6.099314913388452
3041,304.00608,5.9235060439742595
3042,304.106082,5.853007911439636
3043,304.20608400000003,5.988133672236502
3044,304.306086,6.085115832687292
3045,304.406088,6.031710351983088
3046,304.50609000000003,5.938000363541331
3047,304.606092,5.783648594974674
3048,304.706094,5.945047431320742
3049,304.806096,5.962485021280067
3050,304.906098,5.969106972482348
3051,305.00610000000006,6.160684251065644
3052,305.106102,5.944646570097678
3053,305.206104,5.993032164723785
3054,305.30610600000006,5.881602774859119
3055,305.406108,6.005146306569194
3056,305.50611,6.0781337111108495
3057,305.606112,5.98259545070806
3058,305.706114,6.121293361516628
3059,305.806116,6.119493045826692
3060,305.906118,6.0409558993266765
3061,306.00612,6.006380895459516
3062,306.106122,6.081290596898127
3063,306.206124,5.980676481309042
3064,306.306126,5.915010767597367
3065,306.406128,6.071398674418706
3066,306.50613,6.031170570004371
3067,306.606132,5.978660924176364
3068,306.706134,6.07105248213347
3069,306.806136,6.086875169079806
3070,306.90613800000006,6.243251218468417
3071,307.00614,6.207038572713602
3072,307.106142,6.188431657998404
3073,307.20614400000005,6.114402490079368
3074,307.306146,6.111352771727603
3075,307.406148,6.051219564455603
3076,307.50615000000005,6.1833718976594545
3077,307.606152,6.172377106476082
3078,307.70615399999997,6.103641914785909
3079,307.80615600000004,6.1727717505871285
3080,307.906158,6.275253985984086
3081,308.00616,6.422586601096738
3082,308.106162,6.419553288785257
3083,308.206164,6.33523532530381
3084,308.306166,6.211194842943148
3085,308.406168,6.330056442632581
3086,308.50617,6.370022924831007
3087,308.606172,6.225960618976254
3088,308.706174,6.281097201274925
3089,308.806176,6.363215722783131
3090,308.906178,6.251485228889241
3091,309.00618,6.533702154943911
3092,309.10618200000005,6.547163592222387
3093,309.206184,6.410193630179554
3094,309.30618599999997,6.295676368938207
3095,309.40618800000004,6.312006688813931
3096,309.50619,6.425329945740007
3097,309.60619199999996,6.469211333260749
3098,309.70619400000004,6.125213275866353
3099,309.806196,6.172556092566954
3100,309.906198,6.357783916606397
3101,310.00620000000004,6.144557498041363
3102,310.106202,6.284055398825901
3103,310.206204,6.335955377627582
3104,310.30620600000003,6.400618247867809
3105,310.406208,6.230109166382019
3106,310.50621,6.472620519083893
3107,310.606212,6.233038340807189
3108,310.706214,6.3583336064342495
3109,310.806216,6.60278603709996
3110,310.90621799999997,6.462970960928279
3111,311.00622000000004,6.418838196131367
3112,311.106222,6.464958544398392
3113,311.20622399999996,6.437363938255005
3114,311.30622600000004,6.298010499425681
3115,311.406228,6.411981187423386
3116,311.50622999999996,6.505963859871203
3117,311.60623200000003,6.343182815959843
3118,311.706234,6.274891230966161
3119,311.806236,6.447823426015043
3120,311.90623800000003,6.431405268595385
3121,312.00624,6.554846757564982
3122,312.106242,6.6078357865891295
3123,312.206244,6.412926600551579
3124,312.306246,6.284021448140708
3125,312.406248,6.345350330633525
3126,312.50625,6.562358922395368
3127,312.606252,6.424060684945778
3128,312.706254,6.428623628005493
3129,312.806256,6.405529036079921
3130,312.90625800000004,6.309812482807439
3131,313.00626,6.127830737131663
3132,313.106262,6.289147754155404
3133,313.20626400000003,6.427912277323803
3134,313.306266,6.500126549505879
3135,313.40626799999995,6.387698633082172
3136,313.50627000000003,6.2857512484214775
3137,313.606272,6.21639899516834
3138,313.706274,5.9995295760188565
3139,313.806276,6.088521850519559
3140,313.906278,6.0374109220986085
3141,314.00628,6.113819279545531
3142,314.106282,6.099352829690328
3143,314.206284,6.127739291244911
3144,314.306286,5.966000598768887
3145,314.406288,6.046080116309634
3146,314.50629,5.995478933932143
3147,314.606292,5.887319268186016
3148,314.706294,6.064613132664233
3149,314.80629600000003,6.147325721538337
3150,314.906298,6.411231515208056
3151,315.0063,6.386482520022632
3152,315.106302,5.980267481021588
3153,315.206304,6.46852672196107
3154,315.306306,6.562711500323634
3155,315.406308,6.526949941612513
3156,315.50631,6.465149413629457
3157,315.60631200000006,6.544371678039182
3158,315.706314,6.705870961331264
3159,315.806316,6.449704697716124
3160,315.90631800000006,6.423587528115977
3161,316.00632,6.162918999497052
3162,316.106322,6.208069476808465
3163,316.206324,6.406075249885571
3164,316.306326,5.889828891935445
3165,316.406328,6.012764508471705
3166,316.50633,6.284744090971714
3167,316.606332,6.092384648564567
3168,316.706334,6.11639041545687
3169,316.806336,6.447768682021223
3170,316.906338,6.31932670150573
3171,317.00634,6.236981934510743
3172,317.106342,6.421598901861366
3173,317.206344,6.184431206220115
3174,317.306346,6.3214916176782
3175,317.406348,6.164577598868062
3176,317.50635000000005,6.179340631303112
3177,317.606352,6.1350683887840685
3178,317.706354,6.417158217612083
3179,317.80635600000005,6.339015106764527
3180,317.906358,6.142860915209185
3181,318.00636,6.262317325819594
3182,318.10636200000005,6.291482035144746
3183,318.206364,6.406957115502197
3184,318.30636599999997,6.430454382171857
3185,318.40636800000004,6.649681337614256
3186,318.50637,6.667659157548265
3187,318.606372,6.564908222051976
3188,318.706374,6.303314582154228
3189,318.806376,6.5252957236386715
3190,318.906378,6.478510666476113
3191,319.00638,6.458041920824887
3192,319.106382,6.344594747298673
3193,319.206384,6.480671458748556
3194,319.306386,6.621893362268714
3195,319.40638800000005,6.607284885105125
3196,319.50639,6.225516297141963
3197,319.60639199999997,6.458054292065347
3198,319.70639400000005,6.354745243397178
3199,319.806396,6.356049439164188
3200,319.90639799999997,6.5170945454165965
3201,320.00640000000004,6.211825425561252
3202,320.106402,6.080571527160112
3203,320.20640399999996,6.059693897369022
3204,320.30640600000004,6.304413005278254
3205,320.406408,6.262128813305968
3206,320.50641,6.370531427944388
3207,320.60641200000003,6.440342630685531
3208,320.706414,6.182050948578564
3209,320.806416,6.2136559879695605
3210,320.90641800000003,6.313016104279368
3211,321.00642,6.445203554833994
3212,321.106422,6.312246463129212
3213,321.206424,6.202590324914607
3214,321.306426,6.353458192465868
3215,321.406428,6.280881263235015
3216,321.50642999999997,6.441226320183423
3217,321.60643200000004,6.131715675750524
3218,321.706434,6.092477194156889
3219,321.80643599999996,6.445736737384129
3220,321.90643800000004,6.137563727554476
3221,322.00644,6.17582885926399
3222,322.10644199999996,6.248342915135115
3223,322.20644400000003,6.15189601923696
3224,322.306446,6.124682132309674
3225,322.406448,6.556069470838039
3226,322.50645000000003,6.610058717182338
3227,322.606452,6.618867616722939
3228,322.706454,6.71299297490488
3229,322.806456,6.75750814074865
3230,322.906458,6.385379593886207
3231,323.00646,6.402534201671579
3232,323.106462,6.489083482838609
3233,323.206464,6.098416296535579
3234,323.306466,6.0088546364046564
3235,323.406468,6.142239616385888
3236,323.50647000000004,6.429518358528281
3237,323.606472,6.392007816151894
3238,323.706474,6.602214828684899
3239,323.80647600000003,6.49062871114062
3240,323.906478,6.394241836295086
3241,324.00647999999995,6.1204785145162175
3242,324.106482,6.248542967682348
3243,324.206484,5.985211607051979
3244,324.306486,6.08346308006838
3245,324.406488,6.0167157070206985
3246,324.50649,6.266666222956358
3247,324.606492,5.649270159218924
3248,324.706494,5.8969253551527485
3249,324.806496,6.364530624111233
3250,324.906498,6.147433363820705
3251,325.0065,6.073543288992503
3252,325.106502,6.218306030829177
3253,325.206504,6.394690808396266
3254,325.306506,6.47410900692672
3255,325.40650800000003,6.461695393422842
3256,325.50651,5.742827046337957
3257,325.606512,5.818604306901017
3258,325.706514,5.967222825032697
3259,325.806516,5.981123067058043
3260,325.906518,6.0108744157108465
3261,326.00652,6.363407655406832
3262,326.106522,6.1713376859747395
3263,326.20652400000006,6.0565652764221225
3264,326.306526,6.08784837828276
3265,326.406528,6.162789614580579
3266,326.50653000000005,6.193604332549494
3267,326.606532,6.389979766855184
3268,326.706534,6.4727966001121535
3269,326.806536,6.250310446562522
3270,326.906538,6.429500480443284
3271,327.00654,6.410529093804595
3272,327.106542,6.542241516811788
3273,327.206544,6.453340011211432
3274,327.306546,6.39648824318672
3275,327.406548,6.148445028750051
3276,327.50655,6.095428192087523
3277,327.606552,6.1202426603602325
3278,327.706554,6.190169173674543
3279,327.806556,6.152970450953161
3280,327.906558,6.323867657491067
3281,328.00656,6.214488846353242
3282,328.10656200000005,5.960006780539961
3283,328.206564,6.07494621026932
3284,328.306566,5.967200512285312
3285,328.40656800000005,5.981844061422291
3286,328.50657,6.179034111297947
3287,328.60657199999997,5.910990827109649
3288,328.70657400000005,6.141295237822843
3289,328.806576,6.2433900466684165
3290,328.90657799999997,6.261878250541877
3291,329.00658000000004,6.224882574566914
3292,329.106582,5.654899000505965
3293,329.206584,5.971130834965712
3294,329.30658600000004,6.017848942410534
3295,329.406588,6.194771499793463
3296,329.50659,6.392880074606936
3297,329.606592,6.3673081127173745
3298,329.706594,6.229817675928122
3299,329.806596,6.452407912696704
3300,329.906598,6.250171270181146
3301,330.00660000000005,6.274315520968045
3302,330.106602,6.25984810419797
3303,330.20660399999997,6.217696299951065
3304,330.30660600000004,6.249947705560444
3305,330.406608,6.208598531230965
3306,330.50660999999997,6.1893950050383495
3307,330.60661200000004,6.391635533606092
3308,330.706614,6.122018851226565
3309,330.80661599999996,6.244863836771163
3310,330.90661800000004,6.253422344981639
3311,331.00662,6.4970863656623745
3312,331.106622,6.229035073742686
3313,331.20662400000003,6.334604738939638
3314,331.306626,6.276217895527481
3315,331.406628,6.1133282719572595
3316,331.50663000000003,6.198040563218709
3317,331.606632,5.988716124949034
3318,331.706634,6.235609488271443
3319,331.806636,6.355651504791387
3320,331.90663800000004,6.061163587368092
3321,332.00664,6.089830913651989
3322,332.10664199999997,6.053713784590966
3323,332.20664400000004,6.162540120550813
3324,332.306646,6.007663959432089
3325,332.40664799999996,6.425372406417208
3326,332.50665000000004,6.249602147751629
3327,332.606652,6.155117426123209
3328,332.70665399999996,6.0810912555235195
3329,332.80665600000003,6.184809422438916
3330,332.906658,6.1133005880266555
3331,333.00666,6.279455618393993
3332,333.10666200000003,6.124649025279732
3333,333.206664,6.22190252096595
3334,333.306666,6.251133429180751
3335,333.406668,6.348062390911803
3336,333.50667,6.638564958545989
3337,333.606672,6.390614986918354
3338,333.706674,6.458785732480596
3339,333.80667600000004,6.422076792521445
3340,333.906678,6.554676995345205
3341,334.00668,6.158864317126519
3342,334.10668200000003,6.493719977934919
3343,334.206684,6.6112110522495735
3344,334.306686,6.626890390531314
3345,334.40668800000003,6.278214412340633
3346,334.50669,6.6750368745045545
3347,334.60669199999995,6.583601368220863
3348,334.706694,6.706018992924564
3349,334.806696,6.503320377436458
3350,334.906698,6.729751335568651
3351,335.0067,6.670591422647552
3352,335.106702,6.595764872679921
3353,335.206704,6.327054593844666
3354,335.306706,6.0968215475667344
3355,335.406708,6.514698869180164
3356,335.50671,6.535776045022994
3357,335.606712,6.251445527146342
3358,335.706714,6.4125826106758375
3359,335.806716,6.313441813635053
3360,335.906718,6.442187692758382
3361,336.00672000000003,6.731714643601883
3362,336.106722,6.700689279702813
3363,336.206724,6.371088134894521
3364,336.306726,6.77811385236844
3365,336.406728,6.975295411853297
3366,336.50673,6.79565178386625
3367,336.606732,6.443619017005262
3368,336.706734,6.477609870187567
3369,336.80673600000006,6.4477351835600665
3370,336.906738,6.473625256786709
3371,337.00674,6.927037957559623
3372,337.10674200000005,6.856757961701926
3373,337.206744,6.618300439538882
3374,337.306746,6.566871681621253
3375,337.406748,6.8751945627633
3376,337.50675,6.77619328432008
3377,337.606752,6.994540525626631
3378,337.706754,6.484181597310076
3379,337.806756,5.928754744095364
3380,337.906758,6.106898001136487
3381,338.00676,5.957498914143761
3382,338.106762,6.242417734378317
3383,338.206764,6.021846696529641
3384,338.306766,5.714303668399209
3385,338.406768,5.732506263836841
3386,338.50677,5.93172894264497
3387,338.606772,6.020929061738846
3388,338.70677400000005,6.02548424520253
3389,338.806776,6.188969775425799
3390,338.906778,5.969481966240306
3391,339.00678000000005,6.1358831928082385
3392,339.106782,5.788722637821602
3393,339.20678399999997,6.0991809992295005
3394,339.30678600000005,6.533977986513275
3395,339.406788,6.1700865883973535
3396,339.50678999999997,6.107342687909094
3397,339.60679200000004,6.072482139631247
3398,339.706794,5.752185055998113
3399,339.806796,6.075052130736373
3400,339.90679800000004,6.042720197681346
3401,340.0068,6.035226467591435
3402,340.106802,5.8778187379182905
3403,340.206804,5.889736400434097
3404,340.306806,5.602823550531404
3405,340.406808,5.824196806572464
3406,340.50681,5.755260117949436
3407,340.60681200000005,5.833257667916379
3408,340.706814,5.666125405470913
3409,340.80681599999997,5.579754237531943
3410,340.90681800000004,5.640670426615305
3411,341.00682,5.804074738421299
3412,341.10682199999997,5.839628460146152
3413,341.20682400000004,5.766029779832203
3414,341.306826,6.081203221551701
3415,341.40682799999996,6.097968059508874
3416,341.50683000000004,6.299242547202908
3417,341.606832,6.180364465157616
3418,341.706834,6.092159529686335
3419,341.80683600000003,6.042721727608614
3420,341.906838,5.863132835515641
3421,342.00684,5.92515822000533
3422,342.10684200000003,6.128968609393103
3423,342.206844,6.099444498208679
3424,342.306846,6.123973091944246
3425,342.406848,6.2709220693818635
3426,342.50685000000004,6.276765454152272
3427,342.606852,6.1737612247404865
3428,342.70685399999996,5.820928274951878
3429,342.80685600000004,6.0853564024959095
3430,342.906858,6.359578638138639
3431,343.00685999999996,6.248208838761383
3432,343.10686200000004,6.255706870087984
3433,343.206864,6.333806281087759
3434,343.30686599999996,6.430812954719636
3435,343.40686800000003,6.251936376504798
3436,343.50687,6.329344705308289
3437,343.606872,6.422363165663478
3438,343.706874,6.337439886908615
3439,343.806876,6.317714285189958
3440,343.906878,6.443445755968878
3441,344.00688,6.417425444951065
3442,344.106882,6.426698063156802
3443,344.206884,6.309716536170147
3444,344.306886,6.200011698010239
3445,344.40688800000004,5.848792643305054
3446,344.50689,5.935101538394276
3447,344.606892,5.946575257340949
3448,344.70689400000003,6.123005217084756
3449,344.806896,6.11458691062882
3450,344.906898,6.304271052929749
3451,345.00690000000003,6.16609747305356
3452,345.106902,6.242036040411533
3453,345.206904,6.109126675643605
3454,345.306906,6.362137772717031
3455,345.406908,6.4734575312213645
3456,345.50691,6.561999528017203
3457,345.606912,6.57386240988038
3458,345.706914,6.130652281449085
3459,345.806916,6.267661011543579
3460,345.906918,6.0424588181163905
3461,346.00692,6.1943020080499664
3462,346.106922,6.315291064217034
3463,346.206924,6.440338490393747
3464,346.30692600000003,6.458379660465564
3465,346.406928,6.4228206754645445
3466,346.50693,6.296063810857043
3467,346.60693200000003,6.397919153303285
3468,346.706934,6.2605764199910885
3469,346.806936,6.458430643437167
3470,346.906938,6.327381848673942
3471,347.00694,6.6181037557207825
3472,347.106942,6.471303827565136
3473,347.206944,6.391009964830312
3474,347.306946,6.546221240582377
3475,347.40694800000006,6.052757475241328
3476,347.50695,6.0943517084869
3477,347.606952,6.196217507407445
3478,347.70695400000005,6.1117879301290525
3479,347.806956,6.153788799492878
3480,347.906958,6.1320612185356165
3481,348.00696000000005,6.0603361098408595
3482,348.106962,6.122644423663934
3483,348.206964,6.331964749145828
3484,348.306966,6.181634022546322
3485,348.406968,6.333188018132954
3486,348.50697,6.233261929592263
3487,348.606972,6.360619712898421
3488,348.706974,6.35537679183221
3489,348.806976,6.216947478188625
3490,348.906978,6.223468408673455
3491,349.00698,6.046507851004729
3492,349.106982,6.195359883320603
3493,349.206984,6.319490759559768
3494,349.30698600000005,6.112807043853522
3495,349.406988,6.263556857509584
3496,349.50699,6.149851108627463
3497,349.60699200000005,6.000523835152574
3498,349.706994,5.990514722721649
3499,349.80699599999997,5.960471985085388
3500,349.90699800000004,5.924400856413328
3501,350.007,5.958060932511774
3502,350.10700199999997,5.871703556191527
3503,350.20700400000004,6.035497692595367
3504,350.307006,5.768201799843834
3505,350.407008,5.8055697105817465
3506,350.50701000000004,6.109089450766796
3507,350.607012,5.954515359696875
3508,350.707014,5.758113542490438
3509,350.807016,6.175458513660007
3510,350.907018,5.898240758395433
3511,351.00702,5.911532180134723
3512,351.107022,5.913058960511241
3513,351.20702400000005,6.031708768148554
3514,351.307026,5.97979003747436
3515,351.40702799999997,6.243423496354882
3516,351.50703000000004,6.522369904504863
3517,351.607032,6.773686415315993
3518,351.70703399999996,6.7803976422205565
3519,351.80703600000004,6.647951756379681
3520,351.907038,6.719920568780727
3521,352.00703999999996,6.783293173965818
3522,352.10704200000004,6.509738024688623
3523,352.207044,6.381499758709725
3524,352.307046,6.764362345007626
3525,352.40704800000003,6.899107868377428
3526,352.50705,6.6897162644508015
3527,352.607052,6.533576371024717
3528,352.707054,6.543473966813257
3529,352.807056,6.312883423016805
3530,352.907058,5.985844091662031
3531,353.00706,6.079370169440954
3532,353.10706200000004,6.286297312845738
3533,353.207064,6.2776806613085405
3534,353.30706599999996,6.299218333874205
3535,353.40706800000004,6.3202601128713
3536,353.50707,6.115071493550959
3537,353.60707199999996,6.049607899134833
3538,353.70707400000003,6.081226433292738
3539,353.807076,6.129415884911778
3540,353.90707799999996,6.122877881076527
3541,354.00708000000003,6.35668754906425
3542,354.107082,6.195592324863389
3543,354.207084,6.216028145348608
3544,354.307086,6.2438211248898146
3545,354.407088,6.174734316277152
3546,354.50709,6.254687920298618
3547,354.607092,6.615937388545453
3548,354.707094,6.288336347377388
3549,354.807096,6.1784260035952485
3550,354.907098,6.373845947011238
3551,355.00710000000004,6.348133641318513
3552,355.107102,6.3587259841178545
3553,355.207104,6.3333383018405645
3554,355.30710600000003,6.168162349398299
3555,355.407108,6.194388698367311
3556,355.50711,6.150701061957606
3557,355.60711200000003,6.271279741049397
3558,355.707114,6.131399641407192
3559,355.807116,6.125178453150551
3560,355.907118,6.190334098375942
3561,356.00712,6.281639255053971
3562,356.107122,6.211332517889413
3563,356.207124,6.133489255458659
3564,356.307126,6.281039784161477
3565,356.407128,6.247298047670106
3566,356.50713,6.139797204760277
3567,356.607132,6.178112314921949
3568,356.707134,6.265417850218915
3569,356.807136,6.2664474941701425
3570,356.90713800000003,6.319558842780447
3571,357.00714,6.134637526250927
3572,357.107142,6.2118942420997705
3573,357.207144,6.169313522580613
3574,357.307146,6.4267069505216785
3575,357.407148,6.198191521298955
3576,357.50715,6.266927873164102
3577,357.607152,6.300713689448612
3578,357.707154,6.227235573963165
3579,357.807156,6.197653289179863
3580,357.907158,6.37305610772245
3581,358.00716000000006,6.232724571346954
3582,358.107162,6.160221191721908
3583,358.207164,6.095342420428836
3584,358.30716600000005,6.040167916561971
3585,358.407168,6.0961373288709915
3586,358.50717,5.986775590956857
3587,358.60717200000005,6.217920728760141
3588,358.707174,5.893745556353784
3589,358.807176,6.171430157347408
3590,358.907178,6.090187735968246
3591,359.00718,6.246726272860488
3592,359.107182,6.102742077492531
3593,359.207184,6.227911111361154
3594,359.307186,5.901915240413796
3595,359.407188,6.089709354386059
3596,359.50719,6.1048531938004995
3597,359.607192,5.977624487324217
3598,359.707194,6.003861479400645
3599,359.807196,6.067847344873595
3600,359.90719800000005,6.034330928824993
3601,360.0072,6.264198180903112
3602,360.107202,6.047175484277464
3603,360.20720400000005,6.220072677733144
3604,360.307206,6.319983793075389
3605,360.40720799999997,6.288963293957789
3606,360.50721000000004,6.276494032302944
3607,360.607212,6.199034859442121
3608,360.707214,5.875807215511129
3609,360.80721600000004,6.097147301265562
3610,360.907218,6.054731109360854
3611,361.00722,6.535986119038272
3612,361.10722200000004,6.61748136831183
3613,361.207224,6.427367432236035
3614,361.307226,6.402500484027549
3615,361.407228,6.428355486922832
3616,361.50723,6.271793326886532
3617,361.607232,6.2901085547176505
3618,361.70723399999997,6.432703462721497
3619,361.80723600000005,6.102672066961785
3620,361.907238,6.082073288792578
3621,362.00723999999997,6.031346546974144
3622,362.10724200000004,5.96798460614
3623,362.207244,5.918752411649024
3624,362.30724599999996,5.959054075324578
3625,362.40724800000004,6.13070829613785
3626,362.50725,6.350569273614456
3627,362.60725199999996,6.148949137854867
3628,362.70725400000003,6.338895198622848
3629,362.807256,6.3086974444222355
3630,362.907258,6.4202166902048825
3631,363.00726000000003,5.906178651197903
3632,363.107262,6.18456766941554
3633,363.207264,6.048734906635593
3634,363.307266,5.915237534650011
3635,363.407268,5.7475170532087425
3636,363.50727,5.772896464397495
3637,363.607272,5.765004350774885
3638,363.70727400000004,6.000209688927729
3639,363.807276,5.84084031646638
3640,363.907278,5.663805445557367
3641,364.00728000000004,5.75468997989975
3642,364.107282,5.949573226608467
3643,364.20728399999996,5.889887758382219
3644,364.30728600000003,5.928135261529461
3645,364.407288,6.052983847942465
3646,364.50728999999995,5.946899347720699
3647,364.60729200000003,5.727338003275069
3648,364.707294,5.866373836999379
3649,364.807296,5.826619604179173
3650,364.907298,5.911185584933473
3651,365.0073,5.966508197891888
3652,365.107302,6.0031091765646485
3653,365.207304,6.031409537621073
3654,365.307306,6.040486178561525
3655,365.407308,5.813269156208668
3656,365.50731,6.180843623774863
3657,365.60731200000004,5.9843210050084075
3658,365.707314,6.028873554494284
3659,365.807316,6.057365843004649
3660,365.90731800000003,6.002331319451853
3661,366.00732,6.148021614065458
3662,366.107322,5.8219480064684985
3663,366.207324,5.874256603210745
3664,366.307326,6.006820614694143
3665,366.407328,5.751286004755539
3666,366.50733,5.804173398109395
3667,366.607332,6.124918992310023
3668,366.70733400000006,5.6593838814667095
3669,366.807336,6.142448940850743
3670,366.907338,6.187613488751916
3671,367.00734,6.14137982477687
3672,367.107342,6.029785144207905
3673,367.207344,6.011537015876505
3674,367.307346,6.044050060342271
3675,367.407348,5.933042546695792
3676,367.50735000000003,5.79824880505657
3677,367.607352,6.015481024096567
3678,367.707354,6.294749302515664
3679,367.807356,6.254436666176934
3680,367.907358,6.28488279603534
3681,368.00736,6.304242093364291
3682,368.107362,6.266214015260177
3683,368.207364,6.466866281187641
3684,368.307366,6.400596249638039
3685,368.407368,6.234668226014909
3686,368.50737,5.985471047962744
3687,368.60737200000005,6.0363526781148655
3688,368.707374,6.350265379874802
3689,368.807376,6.088805541266089
3690,368.90737800000005,6.076717972996087
3691,369.00738,6.254334308670176
3692,369.107382,6.195469643260069
3693,369.20738400000005,6.553166639764867
3694,369.307386,6.370776767790039
3695,369.407388,6.400502125608623
3696,369.50739,6.186406579015877
3697,369.607392,6.0793129779852295
3698,369.707394,5.989139183161068
3699,369.807396,6.138905993573466
3700,369.907398,5.905024496019472
3701,370.0074,5.855139465558806
3702,370.107402,6.089704748172799
3703,370.207404,6.2097885544234614
3704,370.307406,6.452449701624298
3705,370.407408,6.32086546528538
3706,370.50741000000005,6.414551106075087
3707,370.607412,6.437707160026434
3708,370.70741399999997,6.060549444944279
3709,370.80741600000005,5.871845315471375
3710,370.907418,6.189320487149763
3711,371.00741999999997,6.339712212539001
3712,371.10742200000004,6.344447539128662
3713,371.207424,6.191903270641713
3714,371.307426,5.965419583060027
3715,371.40742800000004,6.27327480597314
3716,371.50743,6.124155607000576
3717,371.607432,6.389452323175246
3718,371.70743400000003,6.232752203234467
3719,371.807436,6.468112562593125
3720,371.907438,6.561499197043025
3721,372.00744,6.115197239178198
3722,372.107442,6.419559243468576
3723,372.207444,6.5624886563549785
3724,372.30744599999997,6.617895693983947
3725,372.40744800000004,6.806696003758994
3726,372.50745,6.72476683204157
3727,372.60745199999997,6.648474630943044
3728,372.70745400000004,6.445609975321929
3729,372.807456,6.681319048910164
3730,372.90745799999996,6.6423716469433565
3731,373.00746000000004,6.694150451861316
3732,373.107462,6.605741036324112
3733,373.207464,6.859172444831433
3734,373.30746600000003,6.812133192532156
3735,373.407468,6.846248389043164
3736,373.50747,6.743704292105409
3737,373.60747200000003,6.823739206106321
3738,373.707474,6.7589164395919665
3739,373.807476,6.690628289713247
3740,373.907478,6.537816464025319
3741,374.00748,6.811034005064345
3742,374.107482,6.82016904597667
3743,374.207484,6.572506672907894
3744,374.30748600000004,6.569963155214586
3745,374.407488,6.798577082828042
3746,374.50749,6.6773659364817135
3747,374.60749200000004,6.742327128226676
3748,374.707494,6.600269589028081
3749,374.80749599999996,6.521887238149499
3750,374.90749800000003,6.440454189232585
3751,375.0075,6.713253386114997
3752,375.107502,6.629878025490063
3753,375.20750400000003,6.505496959550539
3754,375.307506,6.5183517140590475
3755,375.407508,6.256495120929116
3756,375.50751,6.08567212958932
3757,375.607512,6.2435741694372995
3758,375.707514,6.3680645032082674
3759,375.807516,6.072658390482389
3760,375.907518,6.142532366514638
3761,376.00752,6.0256848013019875
3762,376.107522,6.3241874715969
3763,376.20752400000003,6.089568776706269
3764,376.307526,6.405864869082926
3765,376.407528,6.583120468379269
3766,376.50753000000003,6.742017948975318
3767,376.607532,6.741189400558647
3768,376.707534,6.5879784217862305
3769,376.807536,6.555630208406806
3770,376.907538,6.460816429835703
3771,377.00754,6.538603146260931
3772,377.107542,6.605047785815744
3773,377.207544,6.61111558847046
3774,377.30754600000006,6.289779434839006
3775,377.407548,6.416343370426751
3776,377.50755,6.389185760478977
3777,377.607552,6.607889158321665
3778,377.707554,6.932888476172987
3779,377.807556,6.410843349729892
3780,377.907558,6.476319112214913
3781,378.00756,6.770164826787389
3782,378.10756200000003,6.837406560822109
3783,378.207564,6.82183149160629
3784,378.307566,6.934763512775138
3785,378.407568,6.897694527751593
3786,378.50757,6.792714143302919
3787,378.607572,6.976515390242
3788,378.707574,6.877982523383642
3789,378.807576,6.683823887736037
3790,378.907578,6.549125554238411
3791,379.00758,6.553156861891324
3792,379.107582,6.451819825943575
3793,379.20758400000005,6.558765916672522
3794,379.307586,6.176935345468837
3795,379.407588,6.4792041286921815
3796,379.50759000000005,6.281923859821626
3797,379.607592,6.179888603115607
3798,379.707594,6.238484133562375
3799,379.80759600000005,6.500991520894056
3800,379.907598,6.916516072208889
3801,380.0076,6.848805714503971
3802,380.107602,6.541867630142866
3803,380.207604,6.731709459897341
3804,380.307606,6.703513523213555
3805,380.407608,6.7378522687762885
3806,380.50761,6.5227720483578
3807,380.607612,6.833454604943666
3808,380.707614,7.0113978623988364
3809,380.807616,6.509774423287561
3810,380.907618,6.776457211479276
3811,381.00762,6.575561124913297
3812,381.10762200000005,6.579486467946037
3813,381.207624,6.826990885387437
3814,381.30762599999997,6.628250571754429
3815,381.40762800000005,6.7410824937367675
3816,381.50763,6.708646378352546
3817,381.60763199999997,6.578854400769762
3818,381.70763400000004,6.879128713157737
3819,381.807636,6.532888414026944
3820,381.907638,6.387436728636489
3821,382.00764000000004,6.659985616677875
3822,382.107642,6.913470222666686
3823,382.207644,6.80438502912688
3824,382.30764600000003,6.715092027027836
3825,382.407648,6.6066392711269195
3826,382.50765,6.817806822026268
3827,382.60765200000003,6.619475698421467
3828,382.707654,6.708859936847769
3829,382.807656,7.020499494748402
3830,382.90765799999997,6.621712119506953
3831,383.00766000000004,6.4482561772186315
3832,383.107662,6.66266029594884
3833,383.20766399999997,6.478576896749778
3834,383.30766600000004,6.803273598105848
3835,383.407668,6.786739050114695
3836,383.50766999999996,7.020919793596727
3837,383.60767200000004,6.997872565319064
3838,383.707674,6.909476367077804
3839,383.807676,6.766934662648847
3840,383.90767800000003,6.819061168476373
3841,384.00768,6.949045060893841
3842,384.107682,6.580003392238907
3843,384.20768400000003,6.447307969111196
3844,384.307686,6.645757297912805
3845,384.407688,6.5150053940672175
3846,384.50769,6.589504989770882
3847,384.607692,6.844968999363094
3848,384.707694,6.739302886768226
3849,384.807696,6.515566916979668
3850,384.90769800000004,6.586670081638048
3851,385.0077,6.387874523231554
3852,385.107702,6.353265233277892
3853,385.20770400000004,6.5929692624694205
3854,385.307706,6.76337146020925
3855,385.40770799999996,6.54410134823651
3856,385.50771000000003,6.5276900485279254
3857,385.607712,6.58220890202776
3858,385.707714,6.438626420245498
3859,385.807716,6.660024302577537
3860,385.907718,6.343346924819407
3861,386.00772,6.306047668599991
3862,386.107722,6.460741241356605
3863,386.207724,6.40963716241449
3864,386.307726,6.341111844048352
3865,386.407728,6.620620300101726
3866,386.50773,6.56019286851936
3867,386.607732,6.749083654315438
3868,386.707734,6.584774153427994
3869,386.80773600000003,6.610473190426316
3870,386.907738,6.651203324030139
3871,387.00774,6.741179375454222
3872,387.10774200000003,6.540306613061813
3873,387.207744,6.497932217108815
3874,387.307746,6.670539113403367
3875,387.407748,6.681941788798452
3876,387.50775,6.613147492253615
3877,387.60775200000006,6.5622263389107
3878,387.707754,6.6176636613281685
3879,387.807756,6.633026392760461
3880,387.90775800000006,6.554233465409247
3881,388.00776,6.81801868892627
3882,388.107762,6.490943750323085
3883,388.207764,6.8051800193430125
3884,388.307766,6.536125074301113
3885,388.407768,6.599836077567008
3886,388.50777,6.817218897252702
3887,388.607772,6.858341113610891
3888,388.70777400000003,6.771860331430802
3889,388.807776,6.657712685001528
3890,388.907778,6.648262764337859
3891,389.00778,6.633929141703299
3892,389.107782,6.671276653868632
3893,389.207784,6.67281667800648
3894,389.307786,6.765777408727373
3895,389.407788,6.668273104910272
3896,389.50779,6.779236340435975
3897,389.607792,6.7386800778072695
3898,389.707794,6.9714505229269195
3899,389.80779600000005,6.910411861870496
3900,389.907798,6.626761083644232
3901,390.0078,6.766240293561711
3902,390.10780200000005,6.720327445682126
3903,390.207804,6.879177119090829
3904,390.30780599999997,6.771656829914853
3905,390.40780800000005,6.733837500930834
3906,390.50781,6.647969238220881
3907,390.607812,6.696915904637667
3908,390.707814,6.740408821909276
3909,390.807816,6.619771150239667
3910,390.907818,6.749724283686529
3911,391.00782,6.610037892338178
3912,391.107822,6.643747944773955
3913,391.207824,6.728789464054666
3914,391.307826,6.5650611077493775
3915,391.407828,6.722885698735052
3916,391.50783,6.7178220218561275
3917,391.607832,6.7606020302089975
3918,391.70783400000005,6.813140290088564
3919,391.807836,6.783796076356317
3920,391.90783799999997,6.686146997832719
3921,392.00784000000004,6.7227361874086995
3922,392.107842,6.681742824343386
3923,392.20784399999997,6.680054732523589
3924,392.30784600000004,6.5339455889666285
3925,392.407848,6.5040949434500845
3926,392.50785,6.4071205212084035
3927,392.60785200000004,6.453464737578872
3928,392.707854,6.631128363692376
3929,392.807856,6.301815832740198
3930,392.90785800000003,6.243207438939714
3931,393.00786,6.338751421165972
3932,393.107862,5.939587399828494
3933,393.20786400000003,5.555160464627388
3934,393.307866,5.974250908343163
3935,393.407868,5.906266222132934
3936,393.50786999999997,5.9945856154606805
3937,393.60787200000004,6.792581311750544
3938,393.707874,6.178184721944581
3939,393.80787599999996,6.137734665253553
3940,393.90787800000004,6.073575775975805
3941,394.00788,6.224959056925159
3942,394.10788199999996,6.5155237527119025
3943,394.20788400000004,6.493999425990393
3944,394.307886,6.6391791420818915
3945,394.407888,6.630176193593768
3946,394.50789000000003,6.5132111491756834
3947,394.607892,6.4685726557722605
3948,394.707894,6.541119847817337
3949,394.807896,6.455815705874149
3950,394.907898,6.613892459175768
3951,395.0079,6.560270612839242
3952,395.107902,6.732244414593155
3953,395.207904,6.644906367749667
3954,395.307906,6.570876141647725
3955,395.407908,6.339238020410685
3956,395.50791000000004,6.571102837223585
3957,395.607912,6.6750355440417115
3958,395.707914,6.926453206081497
3959,395.80791600000003,7.339177532781898
3960,395.907918,7.256807759763127
3961,396.00791999999996,7.299803356106132
3962,396.10792200000003,7.168575124247996
3963,396.207924,7.420441922208841
3964,396.307926,7.2683278869782795
3965,396.407928,7.432529493608995
3966,396.50793,7.621503689937767
3967,396.607932,7.282546704041663
3968,396.707934,7.324674377208571
3969,396.807936,7.2365524904759795
3970,396.907938,7.397041918444549
3971,397.00794,7.404333796406427
3972,397.107942,7.12223496087919
3973,397.207944,7.655653914724827
3974,397.307946,8.061595434560267
3975,397.40794800000003,8.13890197176827
3976,397.50795,8.167107785485332
3977,397.607952,7.920389635818648
3978,397.70795400000003,7.522222112213688
3979,397.807956,7.4303381347091415
3980,397.907958,7.798615532085286
3981,398.00796,8.15119009414823
3982,398.107962,7.887543016592054
3983,398.20796400000006,7.780263343086196
3984,398.307966,7.683362097194458
3985,398.407968,7.631682669393554
3986,398.50797000000006,7.685965873410256
3987,398.607972,7.707081212170525
3988,398.707974,7.887398253985568
3989,398.807976,7.618133067792338
3990,398.907978,7.847717332800431
3991,399.00798,7.922679742017563
3992,399.107982,7.844707045327424
3993,399.207984,7.91111330048638
3994,399.307986,8.006770954910614
3995,399.407988,7.971564138179876
3996,399.50799,7.867857762161467
3997,399.607992,7.726340298817419
3998,399.707994,7.8445778920152565
3999,399.807996,7.859239241857084
4000,399.907998,7.7503783363260075
4001,400.000014,7.857452810465357
