Frame,Time (ns),RMSD
1,0.0,7.3461462854800686e-06
2,0.100002,2.212203083700675
3,0.200004,2.5973517546032316
4,0.30000600000000005,2.516771958886925
5,0.400008,2.4809733267029093
6,0.50001,2.2924124227030207
7,0.6000120000000001,2.5903872301898305
8,0.700014,2.941638822014659
9,0.800016,2.498895016694978
10,0.900018,2.2679336171438633
11,1.00002,3.229391257411276
12,1.1000219999999998,3.042431255464448
13,1.2000240000000002,2.9971734361019595
14,1.3000260000000001,3.5606875446956123
15,1.400028,3.2587159553054783
16,1.50003,3.619236838225874
17,1.600032,3.6381659498353303
18,1.700034,3.998445603805548
19,1.800036,3.192694982638113
20,1.9000380000000001,3.0536791245235815
21,2.00004,3.2812274543597746
22,2.1000419999999997,3.2825320744791195
23,2.2000439999999997,3.870070760868502
24,2.300046,4.12732660178856
25,2.4000480000000004,4.267027542567364
26,2.5000500000000003,3.6944543438542032
27,2.6000520000000003,4.504723448109592
28,2.700054,3.9129142036903635
29,2.800056,3.532471018117006
30,2.900058,4.126711305924483
31,3.00006,3.4388479963043377
32,3.100062,3.7203138783120497
33,3.200064,4.251131858935555
34,3.300066,3.2932125044839786
35,3.400068,3.109113717705858
36,3.50007,3.7876743033532447
37,3.600072,3.6816944549011446
38,3.700074,3.455322149315094
39,3.8000760000000002,4.766837840594689
40,3.900078,4.128522936457088
41,4.00008,3.7825697726934826
42,4.1000820000000004,3.0527029269266595
43,4.2000839999999995,2.8527686861049157
44,4.300086,2.8643031380241033
45,4.400087999999999,2.9315537940028964
46,4.50009,3.0176247871597583
47,4.600092,3.0749325002663808
48,4.700094,3.449258578311383
49,4.800096000000001,3.0902129756497168
50,4.900098,3.1237656035939727
51,5.000100000000001,3.945449878345554
52,5.100102,3.246587908233395
53,5.2001040000000005,3.6207696989589424
54,5.3001059999999995,4.0458072536658305
55,5.400108,3.5537659337605882
56,5.500109999999999,3.6937649544056312
57,5.600112,4.251151571757387
58,5.700114,4.4819559338998305
59,5.800116,4.348997044421181
60,5.900118,4.432817981915527
61,6.00012,4.305176437019976
62,6.100122000000001,4.547620592001319
63,6.200124,4.499693603767705
64,6.300126000000001,4.556157804362261
65,6.400128,4.905019646441263
66,6.50013,4.32383051727199
67,6.600132,4.831687847304876
68,6.700134,4.745037977017638
69,6.800136,5.383917431296755
70,6.900138,5.0046094860319075
71,7.00014,4.9407668213897775
72,7.100142,4.531389435051491
73,7.200144,5.04252484272167
74,7.300146,4.337043909283925
75,7.400148,4.588258547744547
76,7.5001500000000005,4.036911401137802
77,7.6001520000000005,3.983139806120504
78,7.700154,4.126246019936276
79,7.800156,4.066380088019836
80,7.900158,5.298163858957754
81,8.00016,4.601041339991767
82,8.100162000000001,4.847503546979073
83,8.200164000000001,3.968821932644717
84,8.300166,4.198313661480031
85,8.400167999999999,4.492863077869934
86,8.50017,3.961096394957174
87,8.600172,4.346579279364589
88,8.700174,4.872719826825416
89,8.800175999999999,4.687829784345204
90,8.900178,4.46933390737166
91,9.00018,3.4535459524846313
92,9.100182,4.340879514413038
93,9.200184,5.023628874816406
94,9.300186,5.434064617585345
95,9.400188,4.59163728892436
96,9.50019,4.907415944870442
97,9.600192000000002,5.345501036239803
98,9.700194,5.337025765237424
99,9.800196,5.366511580197417
100,9.900198,5.9349333193919005
101,10.000200000000001,5.5829836019121215
102,10.100202,5.70757143942684
103,10.200204,4.719398394803221
104,10.300206,5.580572228287008
105,10.400208000000001,5.615359576381298
106,10.500210000000001,6.188435398745391
107,10.600211999999999,6.5004020413721095
108,10.700214,5.624583001970275
109,10.800216,5.826901007625459
110,10.900218,5.433295803436853
111,11.000219999999999,5.356012611639539
112,11.100222,4.569952403586111
113,11.200224,4.985961665139186
114,11.300226,4.883975996800135
115,11.400228,4.127987973229553
116,11.50023,4.6039853125274375
117,11.600232,5.26134769011625
118,11.700234,4.5247148054789434
119,11.800236,4.315273499202648
120,11.900238,4.779759848075664
121,12.00024,5.024824061778339
122,12.100242,4.82053933238994
123,12.200244000000001,4.9051407902801865
124,12.300246000000001,5.696036042061147
125,12.400248,5.5503585244237374
126,12.50025,4.9952709894324325
127,12.600252000000001,4.974680661970472
128,12.700254000000001,4.266843558151053
129,12.800256,4.660776489439597
130,12.900258,5.550012219202166
131,13.00026,5.352781305048001
132,13.100262,5.180445841824753
133,13.200264,5.497512025104508
134,13.300265999999999,5.453124739613974
135,13.400268,4.738290166113748
136,13.50027,5.268999838189462
137,13.600272,5.6152114639177855
138,13.700274,5.161598418715342
139,13.800276,5.036225855857576
140,13.900278,5.130472350562234
141,14.00028,5.4780697989866125
142,14.100282000000002,5.745844318351609
143,14.200284,5.945454047843263
144,14.300286,5.46094343276326
145,14.400288,5.410265842292233
146,14.500290000000001,5.719276895666751
147,14.600292,5.743721979702903
148,14.700294,5.195661006505088
149,14.800296,5.4193666892701025
150,14.900298000000001,5.821753910186372
151,15.000300000000001,5.9233120802286034
152,15.100302,5.96354445616701
153,15.200304000000001,5.459256116105161
154,15.300306,4.927337300196932
155,15.400308,4.7124410990460515
156,15.500309999999999,4.422364850384011
157,15.600312,4.459079440229549
158,15.700314,4.064947900469668
159,15.800316,4.54809739458841
160,15.900318,4.043647662033105
161,16.00032,4.6663996951475974
162,16.100322,4.734114406353485
163,16.200324000000002,4.303925281324357
164,16.300326000000002,5.3702861776079915
165,16.400328000000002,5.493602314386186
166,16.50033,4.902229782058554
167,16.600332,5.353957671541207
168,16.700333999999998,5.037878999783314
169,16.800335999999998,5.569480616791444
170,16.900338,5.851875646896322
171,17.00034,5.822673957350452
172,17.100342,5.14288342792581
173,17.200344,6.485156500687425
174,17.300346,5.325689973784725
175,17.400348,6.0068073976585925
176,17.50035,5.769651065131881
177,17.600351999999997,5.910109308487051
178,17.700354,5.314240099584032
179,17.800356,5.287525784701848
180,17.900358,5.704053371241499
181,18.00036,5.632544576255886
182,18.100362,5.012085752164142
183,18.200364,5.127906865221404
184,18.300366,5.320459566313047
185,18.400368,6.091577549898531
186,18.50037,6.005316534381978
187,18.600372,6.176944943152369
188,18.700374,5.86770193761193
189,18.800376,6.098634752952566
190,18.900378,5.924693877324658
191,19.00038,5.485982943533492
192,19.100382,5.000461482989485
193,19.200384000000003,5.752395260551274
194,19.300386,6.224563329100442
195,19.400388,6.500701618505557
196,19.50039,6.71526834358004
197,19.600392,6.691047472668714
198,19.700394,6.457173726433839
199,19.800396,5.427109426083672
200,19.900398000000003,6.030210603298697
201,20.000400000000003,6.463767592290277
202,20.100402000000003,5.793296824905851
203,20.200404,6.535689970122718
204,20.300406,5.9807592342263405
205,20.400408,6.699624686283965
206,20.50041,5.628360441402082
207,20.600412,6.184053784364264
208,20.700414000000002,6.338098633538698
209,20.800416000000002,6.170730134414024
210,20.900418000000002,6.523971009767772
211,21.000420000000002,6.550432138518839
212,21.100422,5.976668066421028
213,21.200423999999998,6.200393210164149
214,21.300425999999998,6.2296066144313995
215,21.400428,6.030884711535557
216,21.50043,5.881276102375644
217,21.600432,6.293663233042076
218,21.700434,6.210136179508273
219,21.800436,5.952160325371736
220,21.900438,6.158996208484679
221,22.000439999999998,5.889103587754155
222,22.100441999999997,5.53004362457473
223,22.200444,5.427248008372781
224,22.300446,6.196790724586511
225,22.400448,5.573383508724716
226,22.50045,5.803297884226277
227,22.600452,5.499984600063798
228,22.700454,5.823998158372091
229,22.800456,6.055888564509978
230,22.900458,6.373796160681605
231,23.00046,5.621581138809468
232,23.100462,5.948229454799848
233,23.200464,5.909028582095541
234,23.300466,5.969083877960287
235,23.400468,5.300248234683739
236,23.50047,6.138565019595022
237,23.600472,5.3175135773180395
238,23.700474000000003,5.438548624315707
239,23.800476,5.29882016161874
240,23.900478,5.474048649711172
241,24.00048,4.047646596389182
242,24.100482,4.342762937263316
243,24.200484,4.826112448445999
244,24.300486,5.589558663664851
245,24.400488000000003,4.675571782709301
246,24.500490000000003,4.636844655288178
247,24.600492000000003,5.447677603215823
248,24.700494,5.182524520447962
249,24.800496,5.476460782254215
250,24.900498,4.86253471561446
251,25.0005,4.774458872037927
252,25.100502,4.824144832650634
253,25.200504000000002,5.273618883421116
254,25.300506000000002,5.3060040593998625
255,25.400508000000002,5.320556837002796
256,25.500510000000002,5.243385529435999
257,25.600512,5.8883954476696125
258,25.700514,4.893636176368701
259,25.800516,4.551515527017402
260,25.900518,4.876723395324174
261,26.00052,5.755341396859026
262,26.100522,4.5281807838806305
263,26.200524,4.575491347251728
264,26.300526,4.806271965293204
265,26.400528,5.276560032015467
266,26.500529999999998,5.536944378696067
267,26.600531999999998,5.719899188679574
268,26.700534,5.375711672896971
269,26.800536,5.611629680667145
270,26.900538,6.2664175473752515
271,27.00054,5.067949494657847
272,27.100542,5.053441130272284
273,27.200544,5.321318519208504
274,27.300546,5.783602577015558
275,27.400548,5.390648593856357
276,27.50055,5.257813049813852
277,27.600552,4.421460643340823
278,27.700554,5.087691684545318
279,27.800556,4.692465582176042
280,27.900558,4.54166504246917
281,28.00056,5.132917632049061
282,28.100562,5.729079649225444
283,28.200564000000004,5.8897138007506005
284,28.300566,6.18306558808823
285,28.400568,5.3608957763214224
286,28.50057,5.758208828099038
287,28.600572,5.507801272075823
288,28.700574,5.305148012058875
289,28.800576,5.704036864050959
290,28.900578000000003,6.03922379597555
291,29.000580000000003,5.350428862114657
292,29.100582000000003,5.2504599021628495
293,29.200584,5.075829263766193
294,29.300586,4.427691229980068
295,29.400588,5.334117897288556
296,29.50059,5.36974466775794
297,29.600592,5.256122770160248
298,29.700594000000002,5.664653324498618
299,29.800596000000002,5.5711146301864645
300,29.900598000000002,5.6563262250924975
301,30.000600000000002,6.041454315116471
302,30.100602,5.697851404901682
303,30.200604,6.105862511704244
304,30.300606,5.757571241156067
305,30.400608000000002,5.874860893664911
306,30.50061,5.03321200250561
307,30.600612,6.8814200300435155
308,30.700614,5.698641160890898
309,30.800616,5.553641085017841
310,30.900618,4.6419976101767375
311,31.000619999999998,5.3140710222106735
312,31.100621999999998,5.813138412499251
313,31.200624,5.699062423841211
314,31.300626,5.40441775491163
315,31.400628,5.557140651652869
316,31.50063,4.760164435541945
317,31.600632,5.432873556413041
318,31.700634,5.753087791474028
319,31.800636,5.133357884147271
320,31.900638,4.99462597031341
321,32.00064,4.877280996422662
322,32.100642,6.064921266600774
323,32.200644,6.221409395644784
324,32.300646,5.89797093962251
325,32.400648000000004,5.417048218906592
326,32.50065,5.700379795383842
327,32.600652000000004,5.916857948206488
328,32.700654,5.745259750753352
329,32.800656000000004,5.9516332278189
330,32.900658,5.752807519814155
331,33.00066,6.260541666685177
332,33.10066200000001,5.465290379022985
333,33.200664,6.175055664576761
334,33.300666,6.303271554763816
335,33.400667999999996,5.953991316795552
336,33.50067,5.831221006053767
337,33.600671999999996,5.8507839214136155
338,33.700674,6.060276002735669
339,33.800676,5.830967366322743
340,33.900678,5.757362243584749
341,34.00068,5.785497076176266
342,34.100682,5.8065577306045615
343,34.200684,5.822469132697062
344,34.300686,5.709518417700107
345,34.400688,6.103558190378429
346,34.500690000000006,5.450861615854555
347,34.600692,5.542783683743731
348,34.700694000000006,5.937179979565473
349,34.800696,5.233230266358881
350,34.900698000000006,5.063823570894196
351,35.0007,5.63611924003989
352,35.100702,5.959207747617909
353,35.200703999999995,5.22199366284655
354,35.300706,5.9566548935901515
355,35.400708,5.796270172842269
356,35.50071,6.163668618287416
357,35.600712,6.227794238548225
358,35.700714,6.729312232818062
359,35.800716,6.332161916467009
360,35.900718,6.039547329250916
361,36.00072,5.850284223172048
362,36.100722000000005,6.4467769828142325
363,36.200724,5.922073095592965
364,36.300726000000004,5.567679026724754
365,36.400728,5.807261568101713
366,36.500730000000004,5.967770806646585
367,36.600732,6.3491171998837075
368,36.700734000000004,6.036198993218677
369,36.800736,5.750926653351244
370,36.900738,6.414280363930118
371,37.00074,6.585131134806121
372,37.100742,6.072573678235852
373,37.200744,6.385706696641451
374,37.300746,5.4880361605797905
375,37.400748,5.294663622065918
376,37.50075,5.926339175963424
377,37.600752,5.156626481405732
378,37.700754,5.3096764958007245
379,37.800756,5.157287560643958
380,37.900758,5.59660630459267
381,38.00076,5.453330651876646
382,38.100762,5.46745242258281
383,38.200764,6.088945497651464
384,38.300766,6.391981381899193
385,38.40076800000001,5.739801210115607
386,38.50077,6.074021379374457
387,38.600772,5.998738831647893
388,38.700773999999996,5.410608907323255
389,38.800776,4.919484383003824
390,38.900777999999995,4.479574621418448
391,39.00078,4.712912189036692
392,39.100782,4.915939761754944
393,39.200784,5.260754422826459
394,39.300786,5.260042292388708
395,39.400788,4.910306907728771
396,39.50079,4.6274343937563645
397,39.600792,4.553693515698492
398,39.700794,4.778028816377242
399,39.800796000000005,5.326635409500888
400,39.900798,5.116231399020364
401,40.000800000000005,5.7166627371792105
402,40.100802,6.021676805967626
403,40.200804000000005,5.734353906467267
404,40.300806,6.116656774550879
405,40.400808,5.48776385881647
406,40.500809999999994,5.86015678103351
407,40.600812,5.53456294745342
408,40.700814,6.083098525315932
409,40.800816,5.4506041593080825
410,40.900818,5.4207991901339145
411,41.00082,6.184751100637691
412,41.100822,5.8114733014658215
413,41.200824,6.239154611849629
414,41.300826,6.250201171678986
415,41.400828000000004,6.150975270672067
416,41.50083,5.426736967492941
417,41.600832000000004,5.503507582853864
418,41.700834,5.6029076413280094
419,41.800836000000004,5.1216460322373605
420,41.900838,5.55430172983902
421,42.000840000000004,5.71652161527852
422,42.10084200000001,5.415969955704122
423,42.200844,5.003416162642678
424,42.300846,4.791193486246917
425,42.400847999999996,4.683319604987424
426,42.50085,4.898238642335681
427,42.600851999999996,5.495857888300489
428,42.700854,5.644415333565938
429,42.800856,6.009977718011181
430,42.900858,5.635715015637335
431,43.00086,4.894363191971779
432,43.100862,4.83584957372798
433,43.200864,5.032641882656947
434,43.300866,5.937792876833042
435,43.400868,5.372841344317077
436,43.500870000000006,5.157432291761028
437,43.600872,4.998501918816153
438,43.700874000000006,4.436347728173416
439,43.800876,4.995202098649685
440,43.900878000000006,5.16795854926947
441,44.000879999999995,5.157897425605612
442,44.100882,5.530444472658344
443,44.200883999999995,5.088162954779382
444,44.300886,5.077977237024507
445,44.400888,5.881973449969432
446,44.50089,5.6170520714991
447,44.600892,5.325351457756895
448,44.700894,5.249486896159852
449,44.800896,5.386826288911978
450,44.900898,6.2272348005011535
451,45.0009,5.4410116973893565
452,45.100902000000005,4.997024040756935
453,45.200904,5.136409074510642
454,45.300906000000005,5.126677769243786
455,45.400908,5.069563177388223
456,45.500910000000005,6.063438362808259
457,45.600912,6.485982094844011
458,45.700914000000004,5.412515328066613
459,45.800916,5.563833376958334
460,45.900918,5.655997428378516
461,46.00092,6.1490897473486115
462,46.100922,6.086990236751319
463,46.200924,6.115143018816719
464,46.300926,4.9447451588739
465,46.400928,4.593125995267349
466,46.50093,5.091115010791574
467,46.600932,4.688536938894116
468,46.700934000000004,5.8129213506768656
469,46.800936,5.723972641257626
470,46.900938000000004,5.205273590437001
471,47.00094,5.5098349485109726
472,47.100942,6.257111550564061
473,47.200944,6.285624588832798
474,47.300946,6.353024495335222
475,47.40094800000001,6.823038055387224
476,47.50095,6.274320361313912
477,47.600952,6.149892345109901
478,47.700953999999996,5.834079325455553
479,47.800956,5.790995292306518
480,47.900957999999996,6.08080332764805
481,48.00096,6.513449723955853
482,48.100962,6.805024385616754
483,48.200964,7.312231003583239
484,48.300966,6.635463195075243
485,48.400968,5.6531656376223545
486,48.50097,5.911208920800673
487,48.600972,5.118221127109518
488,48.700974,6.319889430903343
489,48.800976000000006,6.243255383636379
490,48.900978,5.040569436183655
491,49.000980000000006,6.188693277939535
492,49.100982,5.564557438203758
493,49.200984000000005,6.011980075067189
494,49.300986,5.934037066244631
495,49.400988,6.112556827684656
496,49.500989999999994,6.215181901911489
497,49.600992,6.211472669268201
498,49.700994,6.071248817986169
499,49.800996,5.624900639459907
500,49.900998,5.483291185423631
501,50.001,5.9591159713277415
502,50.101002,6.1686578226666215
503,50.201004,5.834283474654002
504,50.301006,6.150263496435053
505,50.401008000000004,6.1823132927419895
506,50.50101,7.0298114177866715
507,50.601012000000004,7.085458279600979
508,50.701014,6.6663167261357215
509,50.801016000000004,7.049911804536523
510,50.901018,7.485386657661905
511,51.001020000000004,6.350861761923715
512,51.10102200000001,6.1941420292022995
513,51.201024,6.528108720158996
514,51.301026,6.170134714629978
515,51.401028,5.846126691133848
516,51.50103,6.287928570233344
517,51.601032,6.283635694366477
518,51.701034,6.005705225301638
519,51.801036,6.443667536069053
520,51.901038,6.904549632851591
521,52.00104,6.874448780523875
522,52.101042,6.897362261232618
523,52.201044,7.24465382606003
524,52.301046,7.441569380377547
525,52.401048,7.605555323150119
526,52.501050000000006,7.0400159927070645
527,52.601052,6.6482567216735795
528,52.701054000000006,5.730480254991514
529,52.801056,6.223701414274182
530,52.901058000000006,6.975750161677127
531,53.001059999999995,6.512690251343548
532,53.101062,6.27316643824831
533,53.201063999999995,6.31883777309474
534,53.301066,5.901064844383292
535,53.401068,6.000542794395553
536,53.50107,6.783154349819074
537,53.601072,6.3889096667393535
538,53.701074,6.489514095643592
539,53.801076,6.052024126910351
540,53.901078,5.778703229336109
541,54.00108,6.512867990085249
542,54.101082000000005,6.685505516199019
543,54.201084,6.519609263035628
544,54.301086000000005,6.6690559211045874
545,54.401088,6.907912736503188
546,54.501090000000005,7.034674153514853
547,54.601092,6.652514231442794
548,54.701094000000005,7.7969376958765775
549,54.801096,7.38162334547825
550,54.901098,6.734487271775884
551,55.0011,6.467718695942697
552,55.101102,6.888799088196161
553,55.201104,8.093921649343631
554,55.301106,7.6916395456126505
555,55.401108,7.330923256227698
556,55.50111,6.043280770170717
557,55.601112,5.678911996320437
558,55.701114000000004,6.018594248029971
559,55.801116,5.750712844454941
560,55.901118000000004,5.400365246477031
561,56.00112,6.067556450605492
562,56.101122000000004,6.525766620508973
563,56.201124,5.969965402311171
564,56.301126000000004,5.596367189669697
565,56.40112800000001,6.0602269078807725
566,56.50113,5.60122911408569
567,56.601132,5.751266993730253
568,56.701133999999996,5.710785256856713
569,56.801136,5.845138517498967
570,56.901137999999996,5.755522442496572
571,57.00114,5.442361767592548
572,57.101142,5.956335438429673
573,57.201144,6.46352126137302
574,57.301146,6.09124209715829
575,57.401148,6.634594111328003
576,57.50115,6.6728225921048505
577,57.601152,6.0108731973001
578,57.701154,6.552369132363594
579,57.801156000000006,6.501266066247323
580,57.901158,6.446642718864843
581,58.001160000000006,6.390313148162981
582,58.101162,6.69327996133628
583,58.201164000000006,6.909653839032772
584,58.301166,6.787700245839115
585,58.401168,7.509502350853365
586,58.501169999999995,6.398267677699141
587,58.601172,6.566837644267512
588,58.701174,6.803463235607049
589,58.801176,6.562792003608074
590,58.901178,6.651675629478261
591,59.00118,7.0591697250949235
592,59.101182,7.529353241351987
593,59.201184,6.974436996070126
594,59.301186,6.676935133790624
595,59.401188000000005,5.97444793681022
596,59.50119,6.486513188908992
597,59.601192000000005,5.427638368401951
598,59.701194,4.931979545473452
599,59.801196000000004,5.817186983840167
600,59.901198,6.144797836011262
601,60.001200000000004,6.0996987666338
602,60.10120200000001,6.311301263492221
603,60.201204,5.612162817208037
604,60.301206,5.752835783968664
605,60.401208,6.425272463574337
606,60.50121,7.363343447945976
607,60.601212,7.709706924770056
608,60.701214,7.391082404017947
609,60.801216000000004,6.809091774726012
610,60.901218,6.458128265384447
611,61.00122,7.021322535548545
612,61.101222,6.482429898418318
613,61.201224,6.440047500513548
614,61.301226,6.349498712266673
615,61.401228,6.863271516033564
616,61.50123000000001,6.426141780363191
617,61.601232,6.861449264636554
618,61.70123400000001,6.9958194206572415
619,61.801236,7.647323241129324
620,61.901238000000006,8.344282003742268
621,62.001239999999996,7.836366601772952
622,62.101242,7.820819922721503
623,62.201243999999996,7.5760990876658365
624,62.301246,6.953509131888998
625,62.401248,6.983307848263801
626,62.50125,7.790348327561571
627,62.601252,6.947366883112208
628,62.701254,6.984497496048454
629,62.801256,6.348964358286815
630,62.901258,6.408187551330177
631,63.00126,6.685444900529785
632,63.101262000000006,7.783306090133212
633,63.201264,7.820209586541795
634,63.301266000000005,8.056923526700333
635,63.401268,7.031559611294812
636,63.501270000000005,7.891965452612277
637,63.601272,8.460218015346133
638,63.701274000000005,7.770845221345915
639,63.801276,7.063399237235922
640,63.901278,6.536617294342484
641,64.00128,6.510811674810627
642,64.101282,6.0584968484325366
643,64.201284,6.10095819344339
644,64.301286,6.316908362077815
645,64.401288,6.30312981246567
646,64.50129,5.9372702457576345
647,64.601292,5.775100325084843
648,64.701294,6.082937757627233
649,64.80129600000001,6.806613564472742
650,64.901298,6.265480319367674
651,65.0013,6.6336534099830935
652,65.101302,6.854014286298158
653,65.20130400000001,6.52425064815322
654,65.30130600000001,6.4966777376626155
655,65.401308,6.538568717779957
656,65.50131,5.921836656729318
657,65.60131200000001,5.4787355173429875
658,65.701314,5.781111230569845
659,65.801316,5.749177353277866
660,65.901318,6.614836057714983
661,66.00132,6.276489194373279
662,66.101322,6.209652086675743
663,66.20132400000001,6.152493636244236
664,66.301326,5.913796969668577
665,66.401328,5.898899564831854
666,66.50133,6.67197664504305
667,66.601332,6.210246465173659
668,66.701334,5.9789785939739835
669,66.80133599999999,6.829119088924024
670,66.90133800000001,6.723503076905608
671,67.00134,7.986262014465008
672,67.101342,7.148782767723628
673,67.20134399999999,7.400366336994507
674,67.30134600000001,7.529779356608291
675,67.401348,7.55925205989123
676,67.50135,6.978060766124046
677,67.601352,7.555865395529172
678,67.70135400000001,7.0000376871319006
679,67.801356,6.497041710605293
680,67.901358,6.733055549492983
681,68.00136,6.9375199844256406
682,68.10136200000001,7.312126851421665
683,68.201364,5.92001726931135
684,68.301366,6.48587197780514
685,68.401368,5.406520981082627
686,68.50137,6.096691734600677
687,68.601372,5.480983744597038
688,68.701374,5.925414632958596
689,68.801376,6.900837708199423
690,68.901378,7.143729268081867
691,69.00138000000001,6.051141396900671
692,69.101382,6.620697404959271
693,69.201384,6.553096284584822
694,69.301386,6.529760420549181
695,69.40138800000001,6.6712051106661345
696,69.50139,7.133522705625625
697,69.601392,7.063380328095488
698,69.701394,7.031257097788634
699,69.80139600000001,7.525476924163894
700,69.901398,7.512554869004324
701,70.0014,8.71414058476589
702,70.10140200000001,8.772843530166863
703,70.201404,8.245135822741078
704,70.301406,7.258086436472073
705,70.40140799999999,7.025178587911754
706,70.50141,7.331853850370916
707,70.601412,6.111401981059806
708,70.701414,6.291440816528535
709,70.801416,6.504534950714657
710,70.901418,6.321805776629414
711,71.00142,6.128412400116297
712,71.101422,5.419063999891502
713,71.201424,4.556916094446323
714,71.301426,5.4264529676451145
715,71.401428,5.648399276467533
716,71.50143000000001,5.161848299498066
717,71.601432,5.242318597322244
718,71.701434,5.7286569240748735
719,71.801436,5.56966594249796
720,71.901438,6.195877828892392
721,72.00144,6.67120469346817
722,72.10144199999999,6.560515295730059
723,72.20144400000001,6.436192417448471
724,72.301446,7.198442540847252
725,72.401448,7.023948521441164
726,72.50144999999999,6.281508588557128
727,72.60145200000001,6.520804216228442
728,72.701454,6.7046662770321355
729,72.801456,6.140696839148286
730,72.901458,5.920871459493838
731,73.00146000000001,5.789684808796965
732,73.101462,5.4018430246810185
733,73.201464,5.600310632837433
734,73.301466,5.61916217556564
735,73.40146800000001,5.4924333466461155
736,73.50147,5.743467676845594
737,73.601472,6.14609566733539
738,73.701474,7.040167006013927
739,73.801476,6.278302938987962
740,73.901478,7.3414624197461436
741,74.00148,7.3845570704584125
742,74.101482,7.052310001180315
743,74.201484,6.962827548399027
744,74.30148600000001,6.542349618943719
745,74.401488,6.601810875504793
746,74.50149,6.540411048542826
747,74.601492,5.841724313694111
748,74.70149400000001,6.775219281897393
749,74.801496,7.533513867382085
750,74.901498,6.58967353789047
751,75.0015,6.315728500629321
752,75.10150200000001,6.398592510785695
753,75.201504,6.161805665001121
754,75.301506,6.246623614219707
755,75.401508,5.71761008748085
756,75.50151,6.118136798610403
757,75.601512,5.380579181806457
758,75.70151399999999,5.77694945745394
759,75.801516,5.152460095631484
760,75.901518,5.5993629137279175
761,76.00152,5.493977678425142
762,76.101522,5.453577804986881
763,76.201524,5.979063365627008
764,76.301526,5.888654235855201
765,76.401528,5.977729160481954
766,76.50153,5.867725804880559
767,76.601532,5.681736077972821
768,76.701534,5.67546906369132
769,76.80153600000001,6.960334911791556
770,76.901538,6.217706394069823
771,77.00154,6.763133733306636
772,77.101542,6.991984790124699
773,77.201544,6.830653637864593
774,77.301546,6.137473827510844
775,77.40154799999999,6.660676610857796
776,77.50155000000001,7.108504244353501
777,77.601552,7.243350682293525
778,77.701554,6.652144874020987
779,77.80155599999999,7.395492576134123
780,77.90155800000001,7.35938148117013
781,78.00156,7.983315921524583
782,78.101562,7.194701377915609
783,78.201564,7.515290891400499
784,78.30156600000001,6.672501629885721
785,78.401568,5.963647459118851
786,78.50157,5.915502142590224
787,78.601572,5.757088294730025
788,78.70157400000001,6.3766207338737475
789,78.801576,7.320582899737109
790,78.90157800000001,7.114801032763013
791,79.00158,7.004589691322455
792,79.101582,6.478860699469535
793,79.201584,7.1167585619626275
794,79.301586,7.541479973755705
795,79.401588,7.44293485306989
796,79.50159,6.985333974103394
797,79.60159200000001,6.545978565688068
798,79.701594,6.265326207037233
799,79.801596,6.675324630557781
800,79.90159799999999,7.04014993479893
801,80.00160000000001,7.614994806423769
802,80.101602,6.319007583890716
803,80.201604,6.3482874437275045
804,80.301606,7.344704503242798
805,80.40160800000001,7.120785870125815
806,80.50161,6.656469372310722
807,80.601612,7.500534118400188
808,80.701614,7.729334328720802
809,80.801616,7.595103063368664
810,80.901618,8.413083331313716
811,81.00161999999999,7.661076042060965
812,81.101622,8.121452101517436
813,81.201624,6.761382157743463
814,81.301626,5.995675277326541
815,81.401628,5.960402955189992
816,81.50163,6.325065929305064
817,81.601632,7.165311149326714
818,81.701634,6.346226485247831
819,81.801636,6.119920634249465
820,81.901638,6.248028809824796
821,82.00164,5.3012587975799565
822,82.10164200000001,6.11438450445946
823,82.201644,6.23643191085292
824,82.301646,6.841876697319635
825,82.401648,6.045088399210575
826,82.50165000000001,5.635396179064176
827,82.601652,5.7396101857782735
828,82.70165399999999,6.608785406845442
829,82.80165600000001,6.478340750252194
830,82.901658,7.083694434055864
831,83.00166,5.7449416170697996
832,83.10166199999999,5.646412444691107
833,83.20166400000001,6.150179995012927
834,83.301666,6.241338014156941
835,83.401668,6.1018960834992715
836,83.50167,6.758802022513948
837,83.60167200000001,6.592626939548103
838,83.701674,6.481632167834305
839,83.801676,6.049413576958988
840,83.901678,6.240361404344724
841,84.00168000000001,7.123881255121196
842,84.101682,5.669501999431399
843,84.20168400000001,6.329528295998076
844,84.301686,6.994981203403342
845,84.401688,6.364305448849136
846,84.50169,5.884522378382141
847,84.601692,5.989924846241348
848,84.701694,5.99389862726537
849,84.80169599999999,5.728483920880541
850,84.90169800000001,7.164563522325287
851,85.0017,6.907650514875974
852,85.101702,6.628552459978255
853,85.20170399999999,6.430033570868006
854,85.30170600000001,6.410325487415706
855,85.401708,5.946778657961725
856,85.50171,5.897315720599447
857,85.601712,6.324450287752402
858,85.70171400000001,6.202897505542796
859,85.801716,5.809537088473747
860,85.901718,5.745679278722333
861,86.00172,5.12312794735725
862,86.10172200000001,4.217697838960441
863,86.201724,4.3692925699883345
864,86.301726,5.477166253116065
865,86.401728,6.058443364962628
866,86.50173,6.7275409552521666
867,86.601732,6.580941157085711
868,86.701734,5.401303641649243
869,86.801736,5.659561039624944
870,86.901738,6.391378761269679
871,87.00174000000001,6.640377459957939
872,87.101742,6.129114196144872
873,87.201744,5.453796181441723
874,87.301746,5.900138716622214
875,87.40174800000001,6.365374325894486
876,87.50175,5.073043205065046
877,87.601752,6.7966787272811695
878,87.701754,6.851364399018371
879,87.80175600000001,5.7955398851026505
880,87.901758,6.002860493006376
881,88.00175999999999,7.112529056936613
882,88.10176200000001,6.704312848074731
883,88.201764,6.520576392685553
884,88.301766,6.5108573778494945
885,88.40176799999999,6.564213470814847
886,88.50177000000001,7.3574953350411745
887,88.601772,6.951043910687047
888,88.701774,6.6287587380006325
889,88.801776,6.28128026966724
890,88.90177800000001,6.212123282842422
891,89.00178,6.193258691090418
892,89.101782,5.875919633971708
893,89.201784,7.139126046003364
894,89.301786,6.285302710663653
895,89.401788,6.268479663439585
896,89.50179000000001,6.672838843616922
897,89.601792,7.085275895935868
898,89.701794,7.222368517157242
899,89.801796,6.798691160079627
900,89.901798,6.666865055749555
901,90.0018,6.807677231147261
902,90.10180199999999,6.20909987592361
903,90.20180400000001,6.879016407273109
904,90.301806,7.121826384708359
905,90.401808,5.586167983245207
906,90.50180999999999,5.9746156680364
907,90.60181200000001,6.344800842266298
908,90.701814,5.9419983297422005
909,90.801816,6.308182588447277
910,90.901818,6.512492675868007
911,91.00182000000001,6.235796768831662
912,91.101822,5.741344496320352
913,91.201824,6.47658099139807
914,91.301826,7.09238090108089
915,91.40182800000001,6.893012010579369
916,91.50183,7.683054300585276
917,91.601832,7.188799538810171
918,91.701834,7.579269013835314
919,91.801836,7.111985078774712
920,91.901838,7.467099863307773
921,92.00184,6.758934114847735
922,92.101842,5.9271307760231755
923,92.201844,6.275792106083477
924,92.30184600000001,6.163984604397384
925,92.401848,6.072577645511968
926,92.50185,6.202450288024714
927,92.601852,5.997914983550622
928,92.70185400000001,5.965730295340462
929,92.801856,4.495383350226999
930,92.901858,4.903553490044834
931,93.00186,4.369054020289141
932,93.10186200000001,4.390241305067016
933,93.201864,4.267788211355939
934,93.301866,4.6767158805515665
935,93.40186800000001,4.882063039350915
936,93.50187,5.1101830760729685
937,93.601872,5.845103570385525
938,93.70187399999999,5.3412111299776965
939,93.80187600000001,5.053435414601059
940,93.901878,5.622934725831978
941,94.00188,5.267824351173226
942,94.101882,5.936354349209709
943,94.201884,5.678852705646208
944,94.301886,5.743514404969837
945,94.401888,5.506061457739865
946,94.50189,6.218172366015568
947,94.601892,5.309768262539769
948,94.701894,5.583497928587004
949,94.80189600000001,6.223235266697817
950,94.901898,6.680506654178625
951,95.0019,6.275976493936965
952,95.101902,6.675179847698951
953,95.201904,6.56107768485242
954,95.301906,6.573024514810394
955,95.40190799999999,5.512521986415113
956,95.50191000000001,5.60525206236446
957,95.601912,5.08321930189936
958,95.701914,5.214957380944519
959,95.80191599999999,4.838822372481508
960,95.90191800000001,6.063409698994635
961,96.00192,6.673786099712755
962,96.101922,6.215806992221193
963,96.201924,6.174094631648349
964,96.30192600000001,5.868730182856297
965,96.401928,4.869333693939416
966,96.50193,5.342577197705889
967,96.601932,5.8729611543157585
968,96.70193400000001,4.807803607114262
969,96.801936,5.0784355059974065
970,96.90193800000002,4.470523657873388
971,97.00194,4.796521283269398
972,97.101942,4.811784491499693
973,97.201944,4.691405444652501
974,97.301946,4.876881233914739
975,97.401948,5.3769877202269925
976,97.50195,4.690006887778391
977,97.60195200000001,4.897764300451902
978,97.701954,4.952685404172302
979,97.801956,6.227020009811909
980,97.901958,5.25737459174717
981,98.00196000000001,4.234758821695424
982,98.101962,4.525366541177437
983,98.201964,4.168311851589248
984,98.30196600000001,4.613011401373854
985,98.40196800000001,5.322835730158274
986,98.50197,5.029900616993432
987,98.601972,5.36858362428072
988,98.701974,5.774492695903326
989,98.801976,5.566097997830535
990,98.901978,5.7646276241449605
991,99.00197999999999,5.688406540979088
992,99.101982,4.912461239694671
993,99.201984,5.0609782915234724
994,99.301986,5.390235971107016
995,99.401988,5.29387324134169
996,99.50199,4.509443147102787
997,99.601992,5.300134615632267
998,99.701994,5.992683852096547
999,99.801996,6.297565178261866
1000,99.901998,6.819666489673297
1001,100.002,6.222971984305199
1002,100.10200200000001,5.986252173044669
1003,100.202004,6.224792317192869
1004,100.302006,5.582664406232115
1005,100.402008,5.246318207124122
1006,100.50201000000001,5.69153147978482
1007,100.602012,5.210630524292396
1008,100.70201399999999,4.882673399354866
1009,100.80201600000001,4.857025904240876
1010,100.902018,5.377277724814858
1011,101.00202,5.757392602910438
1012,101.10202199999999,6.569782928486929
1013,101.20202400000001,5.4345442915727515
1014,101.302026,5.258033751342496
1015,101.402028,5.6400262603012115
1016,101.50203,5.513478661684676
1017,101.60203200000001,5.811804824387675
1018,101.702034,6.047251355791518
1019,101.802036,5.719732407073358
1020,101.902038,5.268824273962424
1021,102.00204000000001,5.992476520380833
1022,102.102042,5.378111237720459
1023,102.20204400000001,5.505424712388152
1024,102.302046,6.476672291360548
1025,102.402048,6.225467862106752
1026,102.50205,6.59039928441841
1027,102.602052,5.984446805258989
1028,102.702054,5.458907452162946
1029,102.802056,5.413148586276425
1030,102.90205800000001,5.97594642661526
1031,103.00206,5.8539122106782635
1032,103.102062,5.98202291861041
1033,103.202064,6.240534069087521
1034,103.30206600000001,5.906998061165926
1035,103.402068,6.255638125628386
1036,103.50207,6.594732461470465
1037,103.602072,6.460593232988141
1038,103.70207400000001,5.68574890556014
1039,103.802076,5.824208820845609
1040,103.902078,5.878841757449383
1041,104.00208,5.218676356152725
1042,104.10208200000001,5.192734879566232
1043,104.202084,6.6193586912848135
1044,104.302086,6.636995152538697
1045,104.402088,6.447985673051173
1046,104.50209,6.761422312975275
1047,104.602092,5.6155164703999745
1048,104.702094,5.7243023367254695
1049,104.802096,5.942849772781465
1050,104.902098,6.321544851334171
1051,105.00210000000001,6.384616977127576
1052,105.102102,5.987892970647286
1053,105.202104,5.437810043425015
1054,105.302106,5.954276825678378
1055,105.40210800000001,5.998463174732867
1056,105.50211,6.117031455812598
1057,105.602112,6.134966369866755
1058,105.702114,5.920052466090457
1059,105.80211600000001,6.397585318775728
1060,105.902118,5.743355767046944
1061,106.00211999999999,5.204071367741011
1062,106.10212200000001,5.1686558829337566
1063,106.202124,5.5676867117422715
1064,106.302126,5.397415035652251
1065,106.40212799999999,6.485511170205537
1066,106.50213000000001,5.982370005977991
1067,106.602132,6.565140668646156
1068,106.702134,5.575216119251887
1069,106.802136,5.60270317385913
1070,106.90213800000001,5.443826731913578
1071,107.00214,5.527806915824981
1072,107.102142,5.474956585603014
1073,107.202144,5.760746985841932
1074,107.30214600000001,6.1821495730248985
1075,107.402148,5.136173648388933
1076,107.50215000000001,6.505150080367075
1077,107.602152,5.764995841170611
1078,107.702154,5.728364972843835
1079,107.802156,5.705853281133455
1080,107.902158,6.595991875504599
1081,108.00216,6.529045510842606
1082,108.10216199999999,6.355461991146314
1083,108.20216400000001,5.853022593455199
1084,108.302166,6.108304339772167
1085,108.402168,5.631116587944128
1086,108.50216999999999,6.666960054685738
1087,108.60217200000001,6.429632814494456
1088,108.702174,5.267476730642616
1089,108.802176,5.394252697010731
1090,108.902178,5.690110024322169
1091,109.00218000000001,5.156829890390959
1092,109.102182,5.068316721599931
1093,109.202184,5.154234473875574
1094,109.302186,5.528468213235727
1095,109.40218800000001,5.469451326178661
1096,109.50219,5.424607764809128
1097,109.602192,5.8261558719545175
1098,109.702194,6.254592994618729
1099,109.802196,6.162368749855883
1100,109.902198,6.2085239520813404
1101,110.0022,5.811020855920097
1102,110.102202,5.571401970222796
1103,110.202204,4.7672728409228915
1104,110.30220600000001,5.35829636823367
1105,110.402208,5.349689001099768
1106,110.50221,5.753214919100133
1107,110.602212,5.09996738832084
1108,110.70221400000001,5.983073575074638
1109,110.802216,6.087282890949374
1110,110.902218,6.173753974480277
1111,111.00222,6.448305264339119
1112,111.10222200000001,6.356641984427289
1113,111.202224,6.336366994139616
1114,111.30222599999999,6.074302380456836
1115,111.40222800000001,5.917609087432427
1116,111.50223,5.254570867774711
1117,111.602232,5.554109029226188
1118,111.70223399999999,5.803292217943772
1119,111.80223600000001,6.451413021164552
1120,111.902238,6.604214092930877
1121,112.00224,6.605769751711808
1122,112.102242,6.32184104508393
1123,112.20224400000001,6.112469302565966
1124,112.302246,5.870674208288642
1125,112.402248,5.263470708579682
1126,112.50225,5.816578396590558
1127,112.60225200000001,5.751040136198701
1128,112.702254,5.831447999966892
1129,112.80225600000001,6.288428109082569
1130,112.902258,7.056022912747987
1131,113.00226,6.805427971515206
1132,113.102262,6.524823424969354
1133,113.202264,6.393253697081878
1134,113.302266,6.485846406896027
1135,113.40226799999999,7.748148678746194
1136,113.50227000000001,7.083130014803194
1137,113.602272,6.679730929789291
1138,113.702274,6.841082621062958
1139,113.80227599999999,6.35817476376812
1140,113.90227800000001,6.318505962819305
1141,114.00228,7.365979470536166
1142,114.102282,6.240733269914893
1143,114.202284,5.7219739690211995
1144,114.30228600000001,6.147752834370633
1145,114.402288,6.014209713912427
1146,114.50229,5.717128289154514
1147,114.602292,4.963321269994677
1148,114.70229400000001,5.721422923796963
1149,114.802296,5.778263534263835
1150,114.902298,5.026679946101508
1151,115.0023,5.168271279857272
1152,115.102302,4.437204699595437
1153,115.202304,4.273977284645589
1154,115.302306,4.3012172348240325
1155,115.402308,4.60052917736437
1156,115.50231,4.8519433030519545
1157,115.60231200000001,5.649648605806434
1158,115.702314,5.369998284986015
1159,115.802316,5.5945601601609045
1160,115.902318,5.525860642839926
1161,116.00232000000001,5.4481239362200125
1162,116.102322,5.538188444833904
1163,116.202324,5.150391648294795
1164,116.30232600000001,5.369859986679277
1165,116.40232800000001,4.525305062257174
1166,116.50233,4.537593621055253
1167,116.602332,4.567913018521671
1168,116.70233400000001,4.250441200599592
1169,116.802336,4.765058509962008
1170,116.902338,4.51588756244927
1171,117.00233999999999,4.841291242910016
1172,117.10234200000001,4.3952192008467135
1173,117.202344,4.691281608111548
1174,117.302346,4.601821119827108
1175,117.402348,4.850750453307219
1176,117.50235,4.487516489667565
1177,117.602352,5.0593033665071685
1178,117.702354,5.088811372594715
1179,117.802356,4.654299081647179
1180,117.902358,4.286749011161976
1181,118.00236,4.704951350886922
1182,118.10236200000001,4.681901788441579
1183,118.202364,4.230094238755493
1184,118.302366,4.088106327123255
1185,118.402368,4.392389741038155
1186,118.50237,4.407183848984689
1187,118.602372,3.9978087930192374
1188,118.70237399999999,4.722771077142883
1189,118.80237600000001,5.003389421777416
1190,118.902378,4.703901861979796
1191,119.00238,5.536302721113132
1192,119.10238199999999,5.189132864625684
1193,119.20238400000001,5.022734907472037
1194,119.302386,4.601418398331216
1195,119.402388,5.5609402004885204
1196,119.50239,4.902565142052105
1197,119.60239200000001,4.412843310667013
1198,119.702394,4.573915313460896
1199,119.802396,4.422724902981197
1200,119.902398,4.75482093376847
1201,120.00240000000001,5.159709437220981
1202,120.102402,5.354801369313149
1203,120.20240400000002,5.86876176952923
1204,120.302406,6.430475231640255
1205,120.402408,5.736915466127024
1206,120.50241,4.7810350218891005
1207,120.602412,4.641884419778516
1208,120.702414,3.8938207749213434
1209,120.802416,4.449808795713279
1210,120.90241800000001,4.811581340982427
1211,121.00242,4.266785595734456
1212,121.102422,3.82882549825616
1213,121.202424,4.9288223271717255
1214,121.30242600000001,4.911346245990144
1215,121.402428,4.7116402100201755
1216,121.50243,4.653734215284134
1217,121.60243200000001,5.0821803668896655
1218,121.70243400000001,5.1496796868677235
1219,121.802436,4.76388577966566
1220,121.902438,5.211598246826392
1221,122.00244,5.567352021701819
1222,122.102442,6.202405625221121
1223,122.202444,5.033458250319821
1224,122.302446,5.402554721711679
1225,122.402448,4.37473569993348
1226,122.50245,4.842345917206798
1227,122.602452,4.2654164309358364
1228,122.702454,5.287324793344336
1229,122.802456,5.138134042522112
1230,122.902458,5.23217096804924
1231,123.00246000000001,4.31603495110488
1232,123.102462,5.030098416880479
1233,123.202464,5.144614106293554
1234,123.302466,5.941770470066757
1235,123.40246800000001,5.187931618139149
1236,123.50247,4.263779196368724
1237,123.602472,4.171706525845015
1238,123.702474,3.921787627456039
1239,123.80247600000001,4.359851291866047
1240,123.902478,3.7344561076940233
1241,124.00247999999999,4.071415663982993
1242,124.10248200000001,4.355455848541185
1243,124.202484,4.283025734298972
1244,124.302486,4.625190935910551
1245,124.40248799999999,4.117831623859824
1246,124.50249000000001,3.8493499742947477
1247,124.602492,4.091450648117958
1248,124.702494,4.498371142923132
1249,124.802496,4.085008766469436
1250,124.90249800000001,4.619752576915891
1251,125.0025,5.085586540332181
1252,125.102502,4.849062431050267
1253,125.202504,5.2848878784402045
1254,125.30250600000001,4.822625127727299
1255,125.402508,4.32758847149362
1256,125.50251000000002,4.1427578885512
1257,125.602512,4.393271358081036
1258,125.702514,4.710310627026999
1259,125.802516,4.465827986538035
1260,125.902518,5.235303180680426
1261,126.00252,5.538129660985888
1262,126.102522,5.308261056515133
1263,126.20252400000001,4.887338987522317
1264,126.302526,4.152115820075069
1265,126.402528,4.947259396578525
1266,126.50253,4.4123154521265455
1267,126.60253200000001,4.293814887768692
1268,126.702534,4.2080320634316575
1269,126.802536,4.303882162774161
1270,126.902538,4.919026700504279
1271,127.00254000000001,5.5665292339919885
1272,127.102542,5.947419892191832
1273,127.202544,6.815656080116827
1274,127.302546,6.391451593132492
1275,127.40254800000001,5.6422950893436195
1276,127.50255,5.275024027386287
1277,127.602552,5.515418806507865
1278,127.702554,4.724454349343979
1279,127.802556,4.81745248924443
1280,127.902558,5.223823463173905
1281,128.00256,5.165949880866971
1282,128.102562,6.068971994736153
1283,128.202564,4.668498733053913
1284,128.302566,4.470614761698197
1285,128.402568,4.5338421068480015
1286,128.50257000000002,4.855433673688955
1287,128.602572,5.134602692932812
1288,128.702574,5.014356304492973
1289,128.802576,4.576414689925382
1290,128.902578,5.55196297862563
1291,129.00258,4.947209023026046
1292,129.102582,5.561277887102778
1293,129.202584,5.179588140398913
1294,129.302586,4.723181474364847
1295,129.402588,4.698088186317723
1296,129.50259,5.1690033585483794
1297,129.60259200000002,4.1365205112781975
1298,129.702594,3.9327524989955305
1299,129.802596,4.765046566424225
1300,129.902598,4.785326358571697
1301,130.0026,4.336363465536557
1302,130.102602,4.361598032623835
1303,130.202604,5.0188960338955555
1304,130.302606,4.643835068679129
1305,130.40260800000001,4.876203787524833
1306,130.50261,5.190361384288296
1307,130.60261200000002,4.3796846065497785
1308,130.702614,5.333472986237327
1309,130.802616,5.433005363548518
1310,130.902618,5.716748241272879
1311,131.00262,6.250122042761218
1312,131.102622,6.40076396079628
1313,131.20262400000001,5.563302463956092
1314,131.30262599999998,5.651012835934383
1315,131.402628,5.358165354891284
1316,131.50263,5.849063602696789
1317,131.602632,5.184812025323943
1318,131.702634,5.541174931782987
1319,131.802636,5.4894114881155325
1320,131.902638,5.152990882575407
1321,132.00264,6.2041011887542865
1322,132.102642,5.473313163953157
1323,132.202644,5.159019883104066
1324,132.302646,4.153868828698681
1325,132.40264800000003,3.8803923049338307
1326,132.50265,3.9404773104940025
1327,132.602652,4.516842487183391
1328,132.702654,5.2673514240739445
1329,132.802656,4.655422684110487
1330,132.902658,4.3830541341045866
1331,133.00266,3.962682840515913
1332,133.102662,5.1250915142270825
1333,133.202664,5.145219956312781
1334,133.302666,5.230577858944211
1335,133.402668,4.68046447904263
1336,133.50267000000002,5.419795042841283
1337,133.60267199999998,6.06697996535366
1338,133.702674,6.0080184805144885
1339,133.80267600000002,6.035089533879732
1340,133.902678,6.32226078641817
1341,134.00268,6.582487183585398
1342,134.102682,7.280531438968264
1343,134.202684,6.302817196275734
1344,134.30268600000002,5.655939718699419
1345,134.40268799999998,5.661170592743983
1346,134.50269,5.008955580533428
1347,134.60269200000002,5.228525698829532
1348,134.70269399999998,6.16588057436767
1349,134.802696,6.047157463952658
1350,134.90269800000002,6.100195332887803
1351,135.0027,5.709767168137168
1352,135.102702,6.453003636414693
1353,135.202704,6.387239221159789
1354,135.302706,6.68339766235745
1355,135.40270800000002,6.5456137760472055
1356,135.50270999999998,6.287675291341075
1357,135.602712,5.073782705080691
1358,135.70271400000001,5.190714233126498
1359,135.802716,4.64897315530416
1360,135.902718,4.01208405157546
1361,136.00272,4.1827822155777055
1362,136.102722,5.315291934013072
1363,136.20272400000002,4.482540628689845
1364,136.302726,4.061370180706237
1365,136.402728,4.524155474754656
1366,136.50273,5.6150981064212475
1367,136.602732,5.739860953266969
1368,136.702734,6.028726572967128
1369,136.802736,6.72181697435863
1370,136.902738,5.562978590611836
1371,137.00274,5.7410227277228385
1372,137.102742,6.970369287574796
1373,137.202744,6.665980916674014
1374,137.302746,6.41872499558873
1375,137.402748,5.873218101739631
1376,137.50275,5.748491410671603
1377,137.602752,5.814340164304875
1378,137.70275400000003,5.04885869272543
1379,137.802756,4.9949755650695025
1380,137.902758,5.375339758410238
1381,138.00276000000002,4.937947379669865
1382,138.102762,4.4396974257783794
1383,138.202764,4.600887397595518
1384,138.302766,4.861469375956016
1385,138.402768,4.656690584603046
1386,138.50277,5.070067049727177
1387,138.602772,4.68140246407786
1388,138.702774,4.650587361212233
1389,138.80277600000002,6.367188795842583
1390,138.90277799999998,6.000049825245926
1391,139.00278,5.515863262912318
1392,139.10278200000002,5.345521602710928
1393,139.202784,4.934119282286715
1394,139.302786,5.676161173488778
1395,139.402788,5.871030541251967
1396,139.50279,5.8215809742425675
1397,139.60279200000002,6.500472418369077
1398,139.70279399999998,6.0809981830774795
1399,139.802796,5.648484479008623
1400,139.90279800000002,5.082925715090792
1401,140.0028,5.127477726766198
1402,140.102802,5.218691236679933
1403,140.20280400000001,5.941224002551939
1404,140.302806,5.263267160835496
1405,140.402808,5.786036672378518
1406,140.50281,5.982827846585353
1407,140.602812,6.21719821858263
1408,140.70281400000002,6.33298144185125
1409,140.80281599999998,6.2298794002709315
1410,140.902818,6.741551174087428
1411,141.00282,6.854024746824655
1412,141.102822,7.530709248997633
1413,141.202824,6.9589278512218975
1414,141.302826,7.414024000254662
1415,141.402828,7.38045503125147
1416,141.50283000000002,7.064883549478648
1417,141.602832,6.767531229355596
1418,141.702834,7.745228216455951
1419,141.802836,6.944563048225777
1420,141.902838,6.915186881765994
1421,142.00284,6.129902856658887
1422,142.102842,6.2538094066462495
1423,142.202844,6.431068948805003
1424,142.302846,6.55851867009759
1425,142.402848,6.290823794431683
1426,142.50285,6.061771254806269
1427,142.602852,5.660029717941435
1428,142.702854,5.24329650733578
1429,142.802856,6.316889759862153
1430,142.902858,6.307660813095313
1431,143.00286000000003,6.8045080487870315
1432,143.102862,7.746138954091817
1433,143.202864,6.845686402651708
1434,143.30286600000002,7.155083458823564
1435,143.402868,6.4690873883103786
1436,143.50287,6.099125459858993
1437,143.602872,5.568985298191742
1438,143.702874,5.298234597455438
1439,143.802876,5.814792266847114
1440,143.902878,6.108543974551358
1441,144.00288,6.11626531615036
1442,144.10288200000002,5.786085246466061
1443,144.20288399999998,6.001952552708925
1444,144.302886,6.243355485462613
1445,144.40288800000002,6.313639208359801
1446,144.50289,7.053404055472116
1447,144.602892,8.07495734459189
1448,144.702894,7.345060332738841
1449,144.802896,8.233117753007363
1450,144.90289800000002,8.522867230044575
1451,145.00289999999998,8.535845071403937
1452,145.102902,7.566708719928272
1453,145.20290400000002,6.24455901889864
1454,145.302906,6.578634045040814
1455,145.402908,5.940217660817823
1456,145.50291,6.025574084478977
1457,145.602912,6.743473124537062
1458,145.702914,6.342540395960152
1459,145.802916,5.978807970089955
1460,145.902918,5.694669638051962
1461,146.00292000000002,5.828402970502795
1462,146.10292199999998,5.397047604734265
1463,146.202924,5.370162019453957
1464,146.302926,5.419146443956392
1465,146.402928,5.5966118320514875
1466,146.50293,5.946021758701228
1467,146.602932,5.903519514534947
1468,146.702934,5.318526104474341
1469,146.80293600000002,6.246446659235711
1470,146.902938,6.225515514034431
1471,147.00294,6.017355371219039
1472,147.102942,6.7512914616081545
1473,147.202944,5.992295384921733
1474,147.302946,6.194517218943469
1475,147.402948,6.640679837215557
1476,147.50295,7.3385876003546935
1477,147.602952,7.476265693884776
1478,147.702954,7.648919868866879
1479,147.802956,7.168706849506774
1480,147.902958,6.719458822427078
1481,148.00296,7.3607876739031015
1482,148.102962,6.7590621491366845
1483,148.202964,7.326739325804964
1484,148.30296600000003,7.959365453970106
1485,148.402968,7.722441694612127
1486,148.50297,7.316000889444818
1487,148.60297200000002,7.565929181117121
1488,148.702974,6.954071859273315
1489,148.802976,7.376749439119132
1490,148.902978,7.370383512246012
1491,149.00298,7.733455648320408
1492,149.102982,6.944882521625154
1493,149.202984,7.874299681160053
1494,149.302986,7.5163005844841955
1495,149.40298800000002,7.554899427839155
1496,149.50298999999998,7.6123223883739835
1497,149.602992,7.675496122745003
1498,149.70299400000002,7.8943191045015775
1499,149.802996,7.869743645477046
1500,149.902998,8.27572359241491
1501,150.003,8.360301565152316
1502,150.103002,7.924400239426855
1503,150.20300400000002,7.3597505936912
1504,150.30300599999998,7.138408514499609
1505,150.403008,7.198244657463845
1506,150.50301000000002,6.798420146441303
1507,150.603012,7.436440620768462
1508,150.703014,7.621890444300747
1509,150.803016,7.774402166149805
1510,150.903018,7.036680632358219
1511,151.00302,7.348025691893992
1512,151.103022,7.377885735264177
1513,151.203024,6.99997746881838
1514,151.30302600000002,7.379172322503191
1515,151.40302799999998,6.86910507111785
1516,151.50303,7.252528146078676
1517,151.603032,7.031401208694283
1518,151.703034,6.708908775946034
1519,151.803036,6.798235635785022
1520,151.903038,7.375360853643043
1521,152.00304,6.61291489592162
1522,152.10304200000002,7.151919298688425
1523,152.203044,7.960267533741621
1524,152.303046,6.866464342046425
1525,152.403048,8.097513152679957
1526,152.50305000000003,7.958534896742619
1527,152.603052,8.24260808182197
1528,152.703054,7.475076601251079
1529,152.803056,8.292351864407275
1530,152.903058,7.903173286434091
1531,153.00306,7.475084118332502
1532,153.103062,6.927645894823387
1533,153.203064,6.808233462134172
1534,153.303066,6.6918935453702515
1535,153.403068,7.491518741709066
1536,153.50307,6.67171253422167
1537,153.60307200000003,7.309143317496644
1538,153.703074,7.10416430692953
1539,153.803076,7.8813225177505215
1540,153.90307800000002,7.650743920649306
1541,154.00308,7.428001624168924
1542,154.103082,7.791063326941091
1543,154.203084,7.770612868128128
1544,154.303086,7.558066405154479
1545,154.403088,7.48717820715296
1546,154.50309,7.258726070953983
1547,154.603092,7.048925236628403
1548,154.70309400000002,7.379157717509045
1549,154.80309599999998,8.36197801809813
1550,154.903098,7.779125078731663
1551,155.00310000000002,7.018324635287237
1552,155.103102,7.6294664568034
1553,155.203104,7.0746007725500295
1554,155.303106,6.894778505218217
1555,155.403108,7.494457491713932
1556,155.50311000000002,8.183065500918891
1557,155.60311199999998,7.843991330046589
1558,155.703114,8.3398354432083
1559,155.80311600000002,7.653441609079737
1560,155.903118,7.1292198253199635
1561,156.00312,7.958397854652822
1562,156.103122,7.972340635659659
1563,156.203124,8.851124022185692
1564,156.303126,7.724244881970424
1565,156.403128,7.349664319390108
1566,156.50313,6.658695438269295
1567,156.60313200000002,7.180591388041399
1568,156.70313399999998,7.553646777290737
1569,156.803136,7.461106138187289
1570,156.903138,6.952507265152781
1571,157.00314,7.7289506232603475
1572,157.103142,6.992447323291309
1573,157.203144,7.383221379590653
1574,157.303146,7.432125609125898
1575,157.40314800000002,6.305582481405651
1576,157.50315,6.125570966808219
1577,157.603152,5.788740410996639
1578,157.703154,6.132944020709367
1579,157.80315600000003,6.4773050238518906
1580,157.903158,7.359685887442918
1581,158.00316,7.397308554497136
1582,158.103162,7.438820592843812
1583,158.203164,7.651798336387339
1584,158.303166,8.509281197984926
1585,158.403168,8.360475573479397
1586,158.50317,8.268197411456395
1587,158.603172,8.019091538631525
1588,158.703174,7.563186037360479
1589,158.803176,8.052116565711167
1590,158.90317800000003,8.440924880989975
1591,159.00318,7.853593159494263
1592,159.103182,8.660141658283079
1593,159.20318400000002,9.209948598521688
1594,159.303186,8.175244405333217
1595,159.403188,8.232809834454416
1596,159.50319,8.14493959597594
1597,159.603192,8.31959613392182
1598,159.70319400000002,7.453416077538851
1599,159.80319599999999,8.312801808200003
1600,159.903198,8.298487086611363
1601,160.00320000000002,8.329985009120701
1602,160.10320199999998,8.350467532177591
1603,160.203204,8.505120677623157
1604,160.30320600000002,8.202910859096177
1605,160.403208,8.256922312540848
1606,160.50321,7.108256861981241
1607,160.603212,7.775255309429139
1608,160.703214,6.9640140225385325
1609,160.80321600000002,7.034650650782991
1610,160.90321799999998,6.580528069970858
1611,161.00322,7.428225978724009
1612,161.10322200000002,7.467464720568727
1613,161.203224,7.627509037577529
1614,161.303226,7.145931872472452
1615,161.403228,7.597046039354149
1616,161.50323,7.585778454947877
1617,161.603232,7.512275255229697
1618,161.703234,7.450350020649898
1619,161.803236,7.135846717400159
1620,161.90323800000002,6.9905869693900105
1621,162.00323999999998,7.210172604909794
1622,162.103242,7.50126076918657
1623,162.203244,6.881873331956816
1624,162.303246,6.923071765837829
1625,162.403248,7.518104707718337
1626,162.50325,6.7611410951612445
1627,162.603252,7.392208675554602
1628,162.70325400000002,5.24780405495126
1629,162.803256,6.087142663601403
1630,162.903258,6.875683008908566
1631,163.00326,6.489653910401051
1632,163.10326200000003,6.596078518160777
1633,163.203264,6.293260702627942
1634,163.303266,4.652420154445777
1635,163.403268,5.787368923631759
1636,163.50327,6.310332882482107
1637,163.603272,6.0553601554854835
1638,163.703274,6.484780178855582
1639,163.803276,6.526356857659564
1640,163.903278,7.28311701576697
1641,164.00328,6.801796454691968
1642,164.103282,7.077961977898357
1643,164.20328400000002,7.439131833280869
1644,164.30328599999999,7.2720583452013585
1645,164.403288,7.640669627101197
1646,164.50329000000002,7.630087942476984
1647,164.603292,7.9617617541761705
1648,164.703294,7.108130493675475
1649,164.803296,7.784053463912082
1650,164.903298,7.7567397266848275
1651,165.00330000000002,8.280627694271573
1652,165.10330199999999,7.068785980092062
1653,165.203304,7.307101728946364
1654,165.30330600000002,7.117620275862785
1655,165.40330799999998,6.344517398007742
1656,165.50331,6.6393127708608235
1657,165.60331200000002,6.758594281602377
1658,165.703314,7.573915879837439
1659,165.803316,6.592318034098772
1660,165.903318,6.439831009615833
1661,166.00332,7.175812170048121
1662,166.10332200000002,6.776714256002078
1663,166.20332399999998,6.288147567104845
1664,166.303326,6.200055594147507
1665,166.40332800000002,5.78301534186227
1666,166.50333,5.65897165422398
1667,166.603332,7.423887527964221
1668,166.703334,7.760052890168339
1669,166.803336,7.738357975943326
1670,166.90333800000002,7.361274262499319
1671,167.00334,7.630237361118043
1672,167.103342,7.630986529879832
1673,167.20334400000002,7.587923835825891
1674,167.30334599999998,7.222086923989267
1675,167.403348,6.5847463925289915
1676,167.50335,6.328222985315886
1677,167.603352,6.799411445140679
1678,167.703354,7.221613963495179
1679,167.803356,7.29452489036865
1680,167.903358,8.117794411003532
1681,168.00336000000001,7.783101670626317
1682,168.103362,7.362231220558207
1683,168.203364,7.067142996793134
1684,168.303366,6.20801390627405
1685,168.40336800000003,6.656697491397473
1686,168.50337,7.654829003909395
1687,168.603372,7.713694693516142
1688,168.703374,7.4110361982243615
1689,168.803376,7.434701787267876
1690,168.903378,7.594907852194798
1691,169.00338,7.729574457375603
1692,169.103382,6.248025429086262
1693,169.203384,6.169951921165969
1694,169.303386,6.680199186041128
1695,169.403388,6.560665995048312
1696,169.50339000000002,6.1281986404865565
1697,169.60339199999999,5.4665806789807965
1698,169.703394,6.424135694974789
1699,169.80339600000002,7.123828299622461
1700,169.903398,6.5909777901819435
1701,170.0034,6.7344552508299085
1702,170.103402,6.86038065231151
1703,170.203404,6.966354205637915
1704,170.30340600000002,6.729183894489462
1705,170.40340799999998,7.1669906787542415
1706,170.50341,7.409285555819738
1707,170.60341200000002,7.320312427816946
1708,170.70341399999998,7.302022158719316
1709,170.803416,7.037466546315904
1710,170.90341800000002,7.04650991508113
1711,171.00342,6.499815683499101
1712,171.103422,6.384755538506048
1713,171.203424,6.434451474732268
1714,171.303426,6.715002854846107
1715,171.40342800000002,7.522486021117725
1716,171.50342999999998,6.582195508150757
1717,171.603432,6.796456670614495
1718,171.70343400000002,7.099581109710773
1719,171.803436,7.137786920716871
1720,171.903438,7.127689190263246
1721,172.00344,7.173598944676637
1722,172.103442,6.834322628111657
1723,172.20344400000002,7.490789155543451
1724,172.303446,7.323175197345131
1725,172.403448,7.825139329575906
1726,172.50345000000002,7.501532248821662
1727,172.603452,7.723375190827827
1728,172.703454,8.072057456932074
1729,172.803456,7.916695690093424
1730,172.903458,7.935858023814111
1731,173.00346,7.5256416380879285
1732,173.103462,7.060616291569744
1733,173.203464,6.789538909137942
1734,173.30346600000001,6.675181326406657
1735,173.403468,6.842050878314937
1736,173.50347,5.9408052880450555
1737,173.603472,6.4663881342084215
1738,173.70347400000003,6.859009858387156
1739,173.803476,6.2135997308260364
1740,173.903478,5.884559789021678
1741,174.00348000000002,6.3066852245092
1742,174.103482,6.768438234895887
1743,174.203484,6.585588000275499
1744,174.303486,6.8423703655522985
1745,174.403488,6.013955209598272
1746,174.50349,6.034289184301516
1747,174.603492,6.323213337333475
1748,174.703494,5.660854022719393
1749,174.80349600000002,5.972031504844156
1750,174.90349799999998,6.588141691612627
1751,175.0035,7.005110524802928
1752,175.10350200000002,7.3482937679220415
1753,175.203504,6.6988196393732045
1754,175.303506,7.618244713784512
1755,175.403508,7.538263156000104
1756,175.50351,6.916759591939158
1757,175.60351200000002,6.306557786634957
1758,175.70351399999998,7.048964638377986
1759,175.803516,7.2555722820716975
1760,175.90351800000002,6.389767025565978
1761,176.00351999999998,6.406883241025982
1762,176.103522,6.663533104491007
1763,176.20352400000002,6.436626544616312
1764,176.303526,6.000835186379392
1765,176.403528,6.712552424699588
1766,176.50353,6.7188186464159365
1767,176.603532,7.179838165672473
1768,176.70353400000002,6.86554632211399
1769,176.80353599999998,6.285893364862217
1770,176.903538,4.893909423741348
1771,177.00354000000002,6.3285848993783045
1772,177.103542,6.726769940803695
1773,177.203544,7.13655650339375
1774,177.303546,6.685956600626115
1775,177.403548,7.060112776690254
1776,177.50355000000002,6.7028215067037085
1777,177.603552,6.731522677985233
1778,177.703554,6.632593188127068
1779,177.80355600000001,5.8900875162111435
1780,177.903558,6.433926076284735
1781,178.00356,5.852223771054352
1782,178.103562,6.378219703480166
1783,178.203564,6.7551526455874145
1784,178.303566,7.0691453335040775
1785,178.403568,7.82868289088152
1786,178.50357,7.136150261323266
1787,178.603572,6.809382546370703
1788,178.703574,7.162754287104726
1789,178.803576,7.06322744826545
1790,178.903578,6.893490552770359
1791,179.00358000000003,6.493031840076202
1792,179.103582,6.642531999954322
1793,179.203584,6.590350505290055
1794,179.30358600000002,6.186713342865728
1795,179.403588,6.140406854319249
1796,179.50359,6.306444390055377
1797,179.603592,5.550001641496249
1798,179.703594,5.794195561281352
1799,179.803596,6.169407514192012
1800,179.903598,7.15759241569506
1801,180.0036,7.0033750736693605
1802,180.10360200000002,7.04238829980862
1803,180.20360399999998,7.10980327472123
1804,180.303606,7.351298877808785
1805,180.40360800000002,6.90990267917031
1806,180.50361,7.246601546097011
1807,180.603612,7.855704845405112
1808,180.703614,8.290005600851824
1809,180.803616,8.021451904187355
1810,180.90361800000002,7.5666776933357385
1811,181.00361999999998,7.9251523562382244
1812,181.103622,7.731143639135546
1813,181.20362400000002,8.181896038058877
1814,181.30362599999998,8.414912947382033
1815,181.403628,8.529823820815515
1816,181.50363000000002,8.873087121202328
1817,181.603632,8.380268256708618
1818,181.703634,8.494887682370488
1819,181.803636,8.398729963281351
1820,181.903638,8.54368021910505
1821,182.00364000000002,8.10122156742994
1822,182.10364199999998,8.519548898094262
1823,182.203644,8.44491549038054
1824,182.30364600000001,9.041772263039872
1825,182.403648,8.702667082271144
1826,182.50365,8.915569987726728
1827,182.603652,8.419043437531327
1828,182.703654,9.012733217451704
1829,182.80365600000002,9.466571013574928
1830,182.903658,9.703540231478797
1831,183.00366,9.181293615839936
1832,183.103662,8.3699795099951
1833,183.203664,8.203721179831643
1834,183.303666,8.595702256458106
1835,183.403668,8.062732767462736
1836,183.50367,8.61865358662522
1837,183.603672,8.61629832837466
1838,183.703674,8.711902127140148
1839,183.803676,8.31778678352626
1840,183.903678,8.07174797756111
1841,184.00368,8.18212484616019
1842,184.103682,8.32439307472108
1843,184.203684,7.555784402990472
1844,184.30368600000003,7.004392007096984
1845,184.403688,7.307975736055741
1846,184.50369,7.636370765267912
1847,184.60369200000002,7.639023496045814
1848,184.703694,8.356465543449334
1849,184.803696,8.207178648281621
1850,184.903698,7.120416474325178
1851,185.0037,7.477566715006444
1852,185.103702,7.848152775699
1853,185.203704,9.28284515393652
1854,185.303706,8.992718617834033
1855,185.40370800000002,9.441195959939671
1856,185.50370999999998,8.447254991130626
1857,185.603712,7.999650198354201
1858,185.70371400000002,8.786262960461114
1859,185.803716,8.065598626273193
1860,185.903718,8.559597675494421
1861,186.00372,8.224278008093332
1862,186.103722,8.300380541249348
1863,186.20372400000002,7.889505377547117
1864,186.30372599999998,8.582897218432045
1865,186.403728,7.918271309435593
1866,186.50373000000002,7.946451132229655
1867,186.603732,7.8485851060684455
1868,186.703734,8.476528633213785
1869,186.80373600000001,8.206672302708135
1870,186.903738,8.625492826677226
1871,187.00374,8.518228796707774
1872,187.103742,7.4368956647446245
1873,187.203744,8.375847185396234
1874,187.30374600000002,8.143237828917208
1875,187.40374799999998,8.3618737780662
1876,187.50375,7.580989133781042
1877,187.60375200000001,8.095430150908376
1878,187.703754,8.204951135348661
1879,187.803756,8.182797069117841
1880,187.903758,7.967948709454022
1881,188.00376,7.672207602536249
1882,188.10376200000002,7.732861010030387
1883,188.203764,7.720095339836644
1884,188.303766,7.663546194596256
1885,188.403768,7.95853333478893
1886,188.50377,8.108588206031992
1887,188.603772,8.620197097645496
1888,188.703774,8.490509857760724
1889,188.803776,8.647149761578362
1890,188.903778,7.773718471930312
1891,189.00378,8.705612244011405
1892,189.103782,8.857055399323787
1893,189.203784,9.064451218184022
1894,189.303786,9.024490213834694
1895,189.403788,9.037093642082834
1896,189.50379,8.878747288176115
1897,189.60379200000003,8.595397034531144
1898,189.703794,8.891851634027313
1899,189.803796,8.67083544803608
1900,189.90379800000002,8.71778199809308
1901,190.0038,8.687026998837947
1902,190.103802,9.028537961958422
1903,190.203804,9.386729230709149
1904,190.303806,7.7106962929416705
1905,190.403808,8.762526288514486
1906,190.50381,8.273139912865275
1907,190.603812,6.91113100095848
1908,190.70381400000002,7.179759598596394
1909,190.80381599999998,7.582641731112913
1910,190.903818,7.425866993070652
1911,191.00382000000002,7.69717177763404
1912,191.103822,8.10656737605255
1913,191.203824,7.893365249900627
1914,191.30382600000002,7.614228709864522
1915,191.403828,8.818561865620554
1916,191.50383000000002,9.352096623025638
1917,191.60383199999998,8.54105665884417
1918,191.703834,8.1512725182119
1919,191.80383600000002,8.005931678817307
1920,191.903838,7.573820725651231
1921,192.00384,7.054304660349142
1922,192.10384200000001,8.580540772954727
1923,192.203844,7.856532121795537
1924,192.303846,7.521192479981268
1925,192.403848,7.625976220077058
1926,192.50385,6.929497641887718
1927,192.60385200000002,7.130801478588203
1928,192.70385399999998,6.8896264279445845
1929,192.803856,6.8660203902481385
1930,192.903858,7.993041410110709
1931,193.00386,7.031559335955764
1932,193.103862,7.410710008746948
1933,193.203864,7.03037481905902
1934,193.303866,8.103243498282001
1935,193.40386800000002,8.228899740695919
1936,193.50387,8.028528190602737
1937,193.603872,8.059127877295008
1938,193.703874,7.758486038322476
1939,193.80387600000003,7.344242949259317
1940,193.903878,8.163389566687197
1941,194.00388,8.149226372629371
1942,194.103882,7.849622010808476
1943,194.203884,7.98896467145603
1944,194.303886,7.441741176020494
1945,194.403888,7.6615619213994
1946,194.50389,7.757040408155157
1947,194.603892,7.758997838977717
1948,194.703894,7.62312023783892
1949,194.803896,7.116955028243479
1950,194.90389800000003,7.97116113687808
1951,195.0039,8.279198419553863
1952,195.103902,8.537937197144089
1953,195.20390400000002,9.156576647091986
1954,195.303906,9.13135717652224
1955,195.403908,8.945626702834513
1956,195.50391,8.056017422210813
1957,195.603912,8.1273771055768
1958,195.703914,8.106254693303812
1959,195.803916,7.926982794099629
1960,195.903918,7.8697561807706515
1961,196.00392000000002,7.794827563894763
1962,196.10392199999998,7.639276638267177
1963,196.203924,8.147504769444524
1964,196.30392600000002,7.351795067268849
1965,196.403928,7.623363598712594
1966,196.50393,7.923097740782755
1967,196.60393200000001,7.854674271132088
1968,196.703934,7.212985993015721
1969,196.80393600000002,8.182578998395966
1970,196.90393799999998,8.735588316081998
1971,197.00394,8.478901317923873
1972,197.10394200000002,7.7456045533744415
1973,197.203944,8.226729325263099
1974,197.303946,8.171247646758419
1975,197.403948,8.174036452156958
1976,197.50395,8.468614108458278
1977,197.603952,7.711837861183634
1978,197.703954,8.087122117360037
1979,197.803956,7.377533085538689
1980,197.90395800000002,7.325718181362433
1981,198.00395999999998,7.736101510557551
1982,198.103962,7.6819650460541204
1983,198.203964,8.48076811252017
1984,198.303966,8.228361246123065
1985,198.403968,8.232114727885266
1986,198.50397,7.881660888159631
1987,198.603972,8.033125870787707
1988,198.70397400000002,8.706365224105623
1989,198.803976,8.579390867849725
1990,198.903978,7.72549133646377
1991,199.00398,7.742433928032588
1992,199.10398200000003,8.01529648677107
1993,199.203984,7.957862491113357
1994,199.303986,6.857047421439278
1995,199.403988,8.031140496761074
1996,199.50399,7.456437643381635
1997,199.603992,8.333662259952101
1998,199.703994,9.01427942311773
1999,199.803996,8.84617495218748
2000,199.903998,9.025062358465917
2001,200.004,8.47714902103654
2002,200.104002,8.45141851532011
2003,200.20400400000003,7.998307624715935
2004,200.304006,8.002784442505877
2005,200.404008,8.326039191124654
2006,200.50401000000002,8.342776738989992
2007,200.604012,9.04432042044117
2008,200.704014,8.787766746314638
2009,200.804016,9.061697562391219
2010,200.904018,8.953868467320873
2011,201.00402000000003,8.81105912893611
2012,201.104022,9.64673816051566
2013,201.204024,9.36489021737636
2014,201.30402600000002,9.121032776195266
2015,201.40402799999998,9.332758026731613
2016,201.50403,9.08611368587641
2017,201.60403200000002,8.463498607425755
2018,201.704034,9.025449040873
2019,201.804036,9.546704736429604
2020,201.904038,9.192793927115336
2021,202.00404,8.795947421047677
2022,202.10404200000002,9.260519651246032
2023,202.20404399999998,8.903743074355718
2024,202.304046,9.226363739356952
2025,202.40404800000002,8.623852363116226
2026,202.50405,8.877033866236447
2027,202.604052,8.57863764073573
2028,202.704054,8.58435988448892
2029,202.804056,8.685310127377875
2030,202.904058,8.307755133260985
2031,203.00406,9.36295764705814
2032,203.104062,8.629188192447995
2033,203.20406400000002,8.276877875312985
2034,203.30406599999998,8.771268683007577
2035,203.404068,8.65500049319735
2036,203.50407,9.216518621260274
2037,203.604072,9.11220085141413
2038,203.704074,8.560163426105948
2039,203.804076,8.462419781022021
2040,203.904078,8.864745525688411
2041,204.00408000000002,9.23173904634094
2042,204.104082,9.582215180088264
2043,204.204084,9.902659509536514
2044,204.304086,9.840484819498288
2045,204.40408800000003,9.095679967060432
2046,204.50409,9.132359232071657
2047,204.604092,9.25314055573696
2048,204.704094,8.67579307190836
2049,204.804096,8.67970334150103
2050,204.904098,8.447923917376581
2051,205.0041,8.71601257600466
2052,205.104102,8.15278855385211
2053,205.204104,7.66267449301557
2054,205.304106,7.455394577926439
2055,205.404108,8.2688472036035
2056,205.50411000000003,8.718043442602227
2057,205.604112,9.029511780257518
2058,205.704114,9.266345520440407
2059,205.80411600000002,9.532506667878463
2060,205.904118,8.841589937580626
2061,206.00412,9.689679517978854
2062,206.104122,9.442660990583244
2063,206.204124,9.353249997529755
2064,206.30412600000002,8.94713961625157
2065,206.404128,9.311626224976264
2066,206.50413,8.640476616160063
2067,206.60413200000002,8.639488101315496
2068,206.70413399999998,8.737815160985598
2069,206.804136,8.150910929171799
2070,206.90413800000002,9.025998471869228
2071,207.00414,8.833708995400022
2072,207.104142,8.497525993534355
2073,207.204144,8.925255517939963
2074,207.304146,8.192857927794332
2075,207.40414800000002,8.713218266601773
2076,207.50414999999998,8.53772719601922
2077,207.604152,8.125412295220473
2078,207.70415400000002,8.456013923239894
2079,207.804156,7.857450549498799
2080,207.904158,7.865063714158246
2081,208.00416,8.260261649662253
2082,208.104162,8.488589470863053
2083,208.20416400000002,7.622184612116212
2084,208.304166,7.444039520936489
2085,208.404168,7.31114292610566
2086,208.50417000000002,7.50286706677367
2087,208.604172,7.251240937723846
2088,208.704174,8.381985646622628
2089,208.804176,8.287805112538546
2090,208.904178,8.875614460049556
2091,209.00418,8.896541010703837
2092,209.104182,8.738838751324954
2093,209.204184,9.19119444759043
2094,209.30418600000002,8.884473212139264
2095,209.404188,9.149999133496188
2096,209.50419,9.30576302577628
2097,209.604192,9.055015249727733
2098,209.70419400000003,8.979661587631856
2099,209.804196,8.335663355454594
2100,209.904198,9.403130659078856
2101,210.00420000000003,8.299904937415514
2102,210.104202,8.733292217408787
2103,210.204204,9.095319016984895
2104,210.304206,8.203773461553325
2105,210.404208,8.89790862133771
2106,210.50421,8.6483477770748
2107,210.604212,8.479407560534119
2108,210.704214,9.299168649405663
2109,210.80421600000003,9.142663138784883
2110,210.904218,9.137019749318547
2111,211.00422,8.734242860863832
2112,211.10422200000002,9.020857533170837
2113,211.204224,8.344565688190825
2114,211.304226,8.766837149382253
2115,211.404228,7.912865340138766
2116,211.50423,7.288817661403042
2117,211.60423200000002,6.699564866515121
2118,211.70423399999999,6.864870669442183
2119,211.804236,7.449170255890661
2120,211.90423800000002,6.135167100652171
2121,212.00423999999998,6.61239852289702
2122,212.104242,6.590925041612228
2123,212.20424400000002,6.719210404426283
2124,212.304246,6.3948125249312024
2125,212.404248,7.026901616636492
2126,212.50425,7.532477893205976
2127,212.604252,7.968044738941967
2128,212.70425400000002,7.274983591048826
2129,212.80425599999998,6.452965385263099
2130,212.904258,6.45290301513293
2131,213.00426000000002,7.029022821456636
2132,213.104262,6.731819910859256
2133,213.204264,6.667822359452466
2134,213.304266,6.6734865350814365
2135,213.404268,8.005813037476461
2136,213.50427000000002,8.282679572685678
2137,213.604272,8.391654097023155
2138,213.704274,8.735678850450434
2139,213.80427600000002,8.094014793165991
2140,213.904278,8.381624008683906
2141,214.00428,7.096214850505872
2142,214.104282,7.278331760554842
2143,214.204284,7.314853250201684
2144,214.304286,7.51461045675615
2145,214.404288,7.480045023274889
2146,214.50429,8.073067500794753
2147,214.60429200000002,7.325428864234954
2148,214.704294,7.462607241168454
2149,214.804296,8.732955088695519
2150,214.904298,8.777782480245747
2151,215.00430000000003,9.374939047627093
2152,215.104302,8.53522964374598
2153,215.204304,8.641628370311208
2154,215.30430600000003,7.312824351627456
2155,215.404308,7.411364532394818
2156,215.50431,8.222314233213465
2157,215.604312,6.961585712861671
2158,215.704314,7.090680834393612
2159,215.804316,8.0831577405203
2160,215.904318,7.875350199514721
2161,216.00432,7.174044058461997
2162,216.10432200000002,6.559507505545599
2163,216.20432399999999,6.245676500257742
2164,216.304326,6.574032859798702
2165,216.40432800000002,5.493135214409483
2166,216.50433,5.475803024295318
2167,216.604332,6.237539960703257
2168,216.704334,5.29221430399582
2169,216.804336,6.5537111969749935
2170,216.90433800000002,6.4164273015547
2171,217.00433999999998,7.022521145313087
2172,217.104342,6.664070669704591
2173,217.20434400000002,7.134506784253746
2174,217.30434599999998,7.087845689313079
2175,217.404348,6.8984260215681825
2176,217.50435000000002,6.984860135824749
2177,217.604352,6.742353822544723
2178,217.704354,6.65774945262298
2179,217.804356,6.812828221708887
2180,217.904358,6.815005564939177
2181,218.00436000000002,7.267269694506477
2182,218.10436199999998,7.195282953248282
2183,218.204364,7.604410059744857
2184,218.30436600000002,6.869235321292605
2185,218.404368,6.6409696986224365
2186,218.50437,6.622108038483233
2187,218.604372,6.504717547961042
2188,218.704374,6.6870199885935815
2189,218.80437600000002,6.745335013453265
2190,218.904378,6.166634968687362
2191,219.00438,6.322064918977958
2192,219.10438200000002,6.805246783360907
2193,219.204384,6.845723140185481
2194,219.304386,7.527295293725109
2195,219.404388,6.527714015827872
2196,219.50439,6.362648150760299
2197,219.604392,6.093351177248202
2198,219.704394,5.961432617858076
2199,219.804396,6.265116635975221
2200,219.90439800000001,6.371361785501862
2201,220.0044,6.299214720216747
2202,220.104402,6.953482065382556
2203,220.204404,7.122208431070505
2204,220.30440600000003,7.062960195839834
2205,220.404408,7.652554197527416
2206,220.50441,7.110276076190677
2207,220.60441200000002,7.304546159724118
2208,220.704414,7.051394085775964
2209,220.804416,7.032701323558333
2210,220.904418,6.98643564511129
2211,221.00442,7.375990338616486
2212,221.104422,7.345878583693341
2213,221.204424,6.638652395966491
2214,221.304426,7.859866530549596
2215,221.40442800000002,6.873656538351141
2216,221.50442999999999,7.367219858651057
2217,221.604432,5.968078376003322
2218,221.70443400000002,6.883285459303415
2219,221.804436,7.591020570570993
2220,221.904438,7.2114073601827045
2221,222.00444,7.514862357914099
2222,222.104442,8.48967870032252
2223,222.20444400000002,7.912679724381992
2224,222.30444599999998,8.247679156863471
2225,222.404448,7.365148797179196
2226,222.50445000000002,6.733210271975349
2227,222.60445199999998,6.565503106449329
2228,222.704454,6.7146260021267326
2229,222.80445600000002,6.173105224622929
2230,222.904458,6.845437733340326
2231,223.00446,6.0890295213638606
2232,223.104462,5.908990060049624
2233,223.204464,5.864736958358714
2234,223.30446600000002,5.704134913599247
2235,223.40446799999998,6.105711459105882
2236,223.50447,5.9332199804202315
2237,223.60447200000002,6.130982180348689
2238,223.704474,6.177648271067866
2239,223.804476,6.247736659407574
2240,223.904478,5.874649191860757
2241,224.00448,5.569469285482372
2242,224.10448200000002,5.828667616908219
2243,224.204484,6.062186227191908
2244,224.304486,6.383876121439532
2245,224.40448800000001,5.932883580017068
2246,224.50449,5.846296867837599
2247,224.604492,6.108192729274752
2248,224.704494,5.6675554307937865
2249,224.804496,5.562281476998902
2250,224.904498,5.593308491803683
2251,225.0045,5.610839220386199
2252,225.104502,5.648796260376602
2253,225.20450400000001,5.180720773822831
2254,225.304506,5.969179616411105
2255,225.404508,6.490182984853232
2256,225.50451,6.02944649454222
2257,225.60451200000003,6.07218441261909
2258,225.704514,6.036864931173292
2259,225.804516,5.866839588998696
2260,225.90451800000002,5.885566631203004
2261,226.00452,6.2134343990318595
2262,226.104522,6.011710335670521
2263,226.204524,6.496916696905669
2264,226.304526,5.971034240821149
2265,226.404528,6.5610143368002305
2266,226.50453,6.809296532312461
2267,226.604532,7.709552167274837
2268,226.70453400000002,7.385151909445252
2269,226.80453599999998,6.307769865065505
2270,226.904538,6.169600696873142
2271,227.00454000000002,6.547677485397734
2272,227.104542,6.560570310000912
2273,227.204544,6.149861179736461
2274,227.30454600000002,6.052155911124898
2275,227.404548,6.657243108768919
2276,227.50455000000002,7.924534113336136
2277,227.60455199999998,7.538743585750022
2278,227.704554,6.7714717744528805
2279,227.80455600000002,6.852749641333244
2280,227.904558,6.0515829781159685
2281,228.00456,5.944229696078898
2282,228.10456200000002,6.625751729780341
2283,228.204564,6.235756467207861
2284,228.304566,6.887600481110683
2285,228.404568,7.080933131375259
2286,228.50457,6.565168631031282
2287,228.60457200000002,6.079569065215356
2288,228.70457399999998,6.738424878853691
2289,228.804576,6.562321707619897
2290,228.90457800000001,5.751953846356433
2291,229.00458,5.809919108669685
2292,229.104582,5.570530018553722
2293,229.204584,5.891494697176932
2294,229.304586,6.300416538567645
2295,229.40458800000002,6.613239804592562
2296,229.50459,7.60326657485859
2297,229.604592,7.58828892397195
2298,229.70459400000001,7.921871421996013
2299,229.804596,7.968534956014294
2300,229.904598,7.669065035926275
2301,230.0046,7.994565868066894
2302,230.104602,7.160968346613952
2303,230.204604,7.4073963518672
2304,230.304606,7.239541234389129
2305,230.404608,7.3042156504996605
2306,230.50461,7.828298863129472
2307,230.604612,8.407518257798483
2308,230.704614,8.188625511212663
2309,230.804616,7.572574995190526
2310,230.90461800000003,6.442400214541877
2311,231.00462,6.830842329593472
2312,231.104622,7.039276224543548
2313,231.20462400000002,6.11693122927119
2314,231.304626,4.979637072974793
2315,231.404628,5.401841652511003
2316,231.50463,6.516009008657137
2317,231.604632,6.81421333811766
2318,231.704634,6.92980310081356
2319,231.804636,7.028213139221697
2320,231.904638,7.404918448590136
2321,232.00464000000002,7.353801581575912
2322,232.10464199999998,7.507846333489522
2323,232.204644,7.4331806924164034
2324,232.30464600000002,7.831632386816693
2325,232.404648,7.296790189760254
2326,232.50465,7.014631812821041
2327,232.60465200000002,7.219101618358853
2328,232.704654,7.403196607174458
2329,232.80465600000002,7.719273922056036
2330,232.90465799999998,7.487835596838473
2331,233.00466,7.713106043726517
2332,233.10466200000002,6.82429340237145
2333,233.204664,6.978953463453843
2334,233.304666,6.801210465542688
2335,233.40466800000002,6.146166855821895
2336,233.50467,6.91611616318369
2337,233.604672,7.279704359776421
2338,233.704674,7.54100898648178
2339,233.804676,7.239520959268908
2340,233.90467800000002,7.222231532964735
2341,234.00467999999998,6.043185020946045
2342,234.104682,6.085973682184223
2343,234.20468400000001,6.4702263284661035
2344,234.304686,6.470484095304968
2345,234.404688,7.26343059967767
2346,234.50469,6.529536990526461
2347,234.604692,7.273801980896797
2348,234.70469400000002,6.582225979366202
2349,234.804696,7.025430401045802
2350,234.904698,6.7975080746377685
2351,235.0047,6.950865200484978
2352,235.10470200000003,6.540967562673769
2353,235.204704,6.93280090415877
2354,235.304706,6.977767987138614
2355,235.404708,7.415874189576718
2356,235.50471,7.527017161784295
2357,235.604712,6.877869120152848
2358,235.704714,5.8226294148661655
2359,235.804716,6.824012920299021
2360,235.904718,6.497997549370867
2361,236.00472,6.3622339224028135
2362,236.104722,6.37996970633797
2363,236.20472400000003,6.219110318590796
2364,236.304726,6.699931564932995
2365,236.404728,7.041953731993051
2366,236.50473000000002,6.7021210685231605
2367,236.604732,6.540580292754778
2368,236.704734,6.5678414983936495
2369,236.804736,6.723272478421052
2370,236.904738,6.967459642364472
2371,237.00474,6.412408184569473
2372,237.104742,6.6026763841651475
2373,237.204744,7.0147576020406195
2374,237.30474600000002,6.690973011178726
2375,237.40474799999998,5.9851412453491895
2376,237.50475,6.638531571239692
2377,237.60475200000002,6.642371753312408
2378,237.704754,7.692324223854002
2379,237.804756,7.4030882651722205
2380,237.90475800000002,7.176923765579007
2381,238.00476,7.06460325810036
2382,238.10476200000002,6.171147462694643
2383,238.20476399999998,5.658547910004424
2384,238.304766,6.232115006231702
2385,238.40476800000002,6.586430415101004
2386,238.50477,6.476745380271878
2387,238.604772,5.9663274606287295
2388,238.70477400000001,5.914336378301755
2389,238.804776,5.9464351846275845
2390,238.904778,6.088029494144036
2391,239.00478,5.8784283127651795
2392,239.104782,6.04008856082825
2393,239.20478400000002,6.693598427928237
2394,239.30478599999998,6.761370428501116
2395,239.404788,6.829016167819812
2396,239.50479,7.1434936166631395
2397,239.604792,6.230642198906428
2398,239.704794,6.598437649401994
2399,239.804796,6.3135470914010385
2400,239.904798,6.650935665109838
2401,240.00480000000002,6.184664376783478
2402,240.104802,5.673424482114276
2403,240.204804,5.865945457429749
2404,240.304806,5.859342405273465
2405,240.40480800000003,6.322330986840749
2406,240.50481,6.677969871295389
2407,240.604812,5.967033945573478
2408,240.704814,6.4229704378886545
2409,240.804816,6.631027740073871
2410,240.904818,6.2284494950199445
2411,241.00482,6.330237327423597
2412,241.104822,6.81593834860387
2413,241.204824,6.965438223062468
2414,241.304826,6.982999893499431
2415,241.404828,7.087840245278342
2416,241.50483000000003,7.058065975606865
2417,241.604832,6.4692756653512085
2418,241.704834,7.729451539124577
2419,241.80483600000002,7.102329911619653
2420,241.904838,7.022083766028357
2421,242.00484,7.039390542952426
2422,242.104842,6.913403480067033
2423,242.204844,6.970531151719138
2424,242.30484600000003,5.904779110765914
2425,242.404848,7.432651645946464
2426,242.50485,5.231334036084913
2427,242.60485200000002,5.476934921030998
2428,242.70485399999998,5.894399382987666
2429,242.804856,6.386888520052579
2430,242.90485800000002,5.93297355266981
2431,243.00486,5.856796507034143
2432,243.104862,6.480196100110681
2433,243.20486400000001,7.229106531711924
2434,243.304866,6.7930608202459535
2435,243.40486800000002,5.831942275821334
2436,243.50486999999998,5.603987982185218
2437,243.604872,6.90448047881334
2438,243.70487400000002,5.321682622022158
2439,243.804876,5.388232756281097
2440,243.904878,5.2058024284280044
2441,244.00488,5.378500876966727
2442,244.104882,5.7252130911245045
2443,244.204884,5.45908018728006
2444,244.304886,4.816182683317075
2445,244.404888,6.118707488855346
2446,244.50489000000002,6.341418846701987
2447,244.604892,5.658718458969763
2448,244.704894,6.290075086678974
2449,244.804896,6.3911695003002436
2450,244.904898,6.213834035669357
2451,245.0049,6.879535554978538
2452,245.104902,6.9307357091830415
2453,245.204904,6.216858192090187
2454,245.30490600000002,6.418127011287588
2455,245.404908,6.1779697704381356
2456,245.50491,7.1822620539213915
2457,245.604912,7.285950210852629
2458,245.70491400000003,7.057083180161325
2459,245.804916,8.080354438592583
2460,245.904918,6.959410120222446
2461,246.00492000000003,6.580778718104899
2462,246.104922,6.5563353631226935
2463,246.204924,6.823218034437266
2464,246.304926,6.767123975025006
2465,246.404928,6.308406288705999
2466,246.50493,6.961168830791782
2467,246.604932,7.672130670896501
2468,246.704934,7.5796481945679615
2469,246.80493600000003,7.516869764233514
2470,246.904938,6.93849088555257
2471,247.00494,7.484034041366147
2472,247.10494200000002,7.88782676617144
2473,247.204944,7.203774074914708
2474,247.304946,7.878653134541583
2475,247.404948,7.315765470872577
2476,247.50495,6.51813728380293
2477,247.60495200000003,6.262037453558217
2478,247.704954,6.5173269826070435
2479,247.804956,6.2119496924630315
2480,247.90495800000002,5.709395841147385
2481,248.00495999999998,5.384741952854171
2482,248.104962,5.420393027639938
2483,248.20496400000002,6.206808807176261
2484,248.304966,5.133332633606003
2485,248.404968,5.4401680927410805
2486,248.50497000000001,5.621902074533519
2487,248.604972,5.49681503112814
2488,248.70497400000002,6.104122457579053
2489,248.80497599999998,5.347764130590174
2490,248.904978,5.38151031902249
2491,249.00498000000002,5.613143495908634
2492,249.104982,5.855793700813793
2493,249.204984,6.147672442815611
2494,249.304986,5.9895949018438746
2495,249.404988,6.802150440641134
2496,249.50499,5.558654586835098
2497,249.604992,5.472964033540622
2498,249.704994,5.932849544512802
2499,249.80499600000002,6.330349153117242
2500,249.904998,7.142156844558931
2501,250.005,5.857112086135725
2502,250.105002,6.043060116887909
2503,250.205004,6.236414384167013
2504,250.305006,5.591812620522461
2505,250.405008,5.601433442048563
2506,250.50501,5.70305259942624
2507,250.60501200000002,6.149899515387539
2508,250.705014,6.362764759894468
2509,250.805016,5.718504148529263
2510,250.905018,5.333750943839102
2511,251.00502000000003,5.658717276832409
2512,251.105022,5.9706836288911775
2513,251.205024,5.341930551735161
2514,251.30502600000003,5.3601032583397545
2515,251.405028,5.4010611702500135
2516,251.50503,5.779185768944376
2517,251.605032,6.142603145056906
2518,251.705034,5.551576446320499
2519,251.805036,6.466861986686963
2520,251.905038,6.246323757286728
2521,252.00504,5.735649205120537
2522,252.10504200000003,6.0006755708203965
2523,252.205044,5.203798611235322
2524,252.305046,5.028623842582734
2525,252.40504800000002,5.2751996782355794
2526,252.50505,5.768751820346229
2527,252.605052,4.993889342300368
2528,252.705054,6.072296262219521
2529,252.805056,5.693892204017456
2530,252.90505800000003,5.255713863256117
2531,253.00506,5.676973456157193
2532,253.105062,5.082493019326101
2533,253.20506400000002,5.372545566714519
2534,253.30506599999998,5.010536920999861
2535,253.405068,5.895398363174132
2536,253.50507000000002,5.34465680302108
2537,253.605072,5.986240780935563
2538,253.705074,5.952087958385226
2539,253.805076,5.28855971135686
2540,253.905078,5.269162057990538
2541,254.00508000000002,5.217585487577858
2542,254.10508199999998,5.574265790929718
2543,254.205084,5.809278028013853
2544,254.30508600000002,5.397800171804265
2545,254.405088,5.520301906385906
2546,254.50509,5.022273085741289
2547,254.605092,5.234329768045729
2548,254.705094,4.9187994169766265
2549,254.80509600000002,5.295493980093774
2550,254.905098,5.1767672928118555
2551,255.0051,5.549305729715928
2552,255.10510200000002,5.5962307440836385
2553,255.205104,5.903322811360309
2554,255.305106,5.275648526190063
2555,255.405108,4.814898296638906
2556,255.50511,5.943854630809084
2557,255.605112,4.797446337154918
2558,255.705114,4.742978870026931
2559,255.805116,5.006800837191743
2560,255.90511800000002,5.469815362234819
2561,256.00512,4.829173647455715
2562,256.105122,5.224388974257761
2563,256.205124,4.665144896140182
2564,256.30512600000003,5.5203007910027715
2565,256.405128,5.241525066980644
2566,256.50513,5.3993992244670235
2567,256.605132,5.57136265147287
2568,256.705134,5.806038933609107
2569,256.805136,5.978432653338762
2570,256.905138,6.500789302961406
2571,257.00514000000004,6.153686931986468
2572,257.105142,6.166031729386958
2573,257.205144,6.304258320669026
2574,257.30514600000004,6.37499667045926
2575,257.405148,6.432951030847239
2576,257.50515,5.127935752141431
2577,257.605152,5.498444448021071
2578,257.705154,5.451608621151875
2579,257.805156,4.980544839598194
2580,257.905158,5.136784777047452
2581,258.00516,5.269177130659294
2582,258.105162,5.626675137877894
2583,258.205164,5.857369439870773
2584,258.305166,5.247430933363798
2585,258.405168,5.355027608041926
2586,258.50517,5.489086569956257
2587,258.605172,5.640555620280306
2588,258.705174,6.153734685609984
2589,258.805176,5.941113453974261
2590,258.90517800000003,5.481535621986261
2591,259.00518,5.489322293361339
2592,259.105182,6.573546389754881
2593,259.20518400000003,6.150333101910496
2594,259.305186,5.771881332686419
2595,259.405188,6.733147489720031
2596,259.50519,6.245974432888402
2597,259.605192,6.080532788115569
2598,259.705194,5.996323956115604
2599,259.805196,6.204629672358574
2600,259.905198,5.384507414190823
2601,260.0052,5.3974431807350065
2602,260.105202,5.891413473110538
2603,260.205204,6.144918409248472
2604,260.305206,6.921867555873805
2605,260.405208,6.0304443339905
2606,260.50521,5.592406998112278
2607,260.605212,5.91436807503503
2608,260.705214,4.920921009819631
2609,260.80521600000003,5.5333838510675895
2610,260.905218,4.649527953026072
2611,261.00522,3.992304201741432
2612,261.105222,4.70715299624866
2613,261.20522400000004,5.434208628067115
2614,261.305226,5.708571828656973
2615,261.405228,6.028631472898268
2616,261.50523,6.204264580111409
2617,261.605232,6.112980561534593
2618,261.705234,6.5229005421426
2619,261.805236,6.244016063500025
2620,261.905238,5.64224465335817
2621,262.00524,5.672422723103753
2622,262.105242,6.662788721458302
2623,262.205244,5.987641000962324
2624,262.305246,6.369669046941925
2625,262.40524800000003,5.746801326493415
2626,262.50525,5.3167310509674985
2627,262.60525199999995,5.97037240460439
2628,262.705254,6.230809573677428
2629,262.805256,6.133856005099378
2630,262.905258,5.212712482264317
2631,263.00526,5.7409595562441975
2632,263.105262,5.3286590715024085
2633,263.205264,5.7735581260459785
2634,263.305266,6.383278191472297
2635,263.405268,5.675143645237449
2636,263.50527,5.149555001174379
2637,263.605272,5.291423790830225
2638,263.70527400000003,5.65250818584282
2639,263.805276,4.801762606520647
2640,263.905278,4.776238003060769
2641,264.00528,5.999955070619405
2642,264.105282,6.210440037424438
2643,264.205284,6.242934522609424
2644,264.305286,6.258414989116957
2645,264.405288,5.874327481401372
2646,264.50529,4.75900288116215
2647,264.605292,4.451816623273307
2648,264.705294,4.430593602680106
2649,264.80529600000006,4.793621019527965
2650,264.905298,5.974832495299682
2651,265.0053,5.63312262677887
2652,265.10530200000005,4.56613690246525
2653,265.205304,4.62651507140187
2654,265.305306,4.653052401330363
2655,265.405308,5.337955109599833
2656,265.50531,5.889549946053755
2657,265.605312,6.43799591502573
2658,265.705314,5.872726771958082
2659,265.805316,5.284858226295583
2660,265.905318,5.145127344744
2661,266.00532,5.450787952126248
2662,266.105322,6.193958105012134
2663,266.205324,6.30523163694368
2664,266.305326,5.402355636374691
2665,266.405328,4.480245443796992
2666,266.50533,4.476070261688331
2667,266.605332,5.356602069163845
2668,266.70533400000005,4.962411942297022
2669,266.805336,4.683851941632429
2670,266.905338,4.694413949327871
2671,267.00534000000005,4.448606867188001
2672,267.105342,4.7411941372972155
2673,267.20534399999997,4.653271376623886
2674,267.30534600000004,4.655604116583656
2675,267.405348,4.283346363828163
2676,267.50534999999996,4.517205862211129
2677,267.60535200000004,4.587527538283448
2678,267.705354,4.092837905671774
2679,267.805356,4.112111529516827
2680,267.90535800000004,4.647236802952279
2681,268.00536,4.254038551363299
2682,268.105362,4.625957888202577
2683,268.205364,5.288371731779363
2684,268.305366,5.477149180741011
2685,268.405368,6.1130763494835705
2686,268.50536999999997,6.434064144293697
2687,268.60537200000005,5.913109945116822
2688,268.705374,6.4581478645852455
2689,268.80537599999997,5.463556703874442
2690,268.90537800000004,4.909826914528809
2691,269.00538,5.19129940330029
2692,269.10538199999996,5.935171833577649
2693,269.20538400000004,5.246339410289315
2694,269.305386,4.99493374428354
2695,269.40538799999996,4.609621690941391
2696,269.50539000000003,4.8380879100704774
2697,269.605392,5.450468732936095
2698,269.705394,5.666095602115868
2699,269.80539600000003,5.3714574295757895
2700,269.905398,4.893254864497765
2701,270.0054,5.181488101667822
2702,270.105402,5.320753022896407
2703,270.205404,5.516288373730795
2704,270.305406,5.467050557667247
2705,270.405408,6.077137641509131
2706,270.50541000000004,6.352461713418329
2707,270.605412,6.178124338980629
2708,270.70541399999996,4.919144467726619
2709,270.80541600000004,5.172720804958236
2710,270.905418,5.741260027264413
2711,271.00541999999996,5.017902235878557
2712,271.10542200000003,5.8255323237741425
2713,271.205424,5.35774078635765
2714,271.30542599999995,5.765219351123922
2715,271.40542800000003,5.437019616497318
2716,271.50543,5.376561681662725
2717,271.605432,6.199770599356623
2718,271.705434,5.37580363079227
2719,271.805436,5.984555601264698
2720,271.905438,5.86630501917072
2721,272.00544,6.007148634849802
2722,272.105442,5.874848887725138
2723,272.205444,6.239050115656008
2724,272.305446,6.308655560739432
2725,272.40544800000004,5.820012488006133
2726,272.50545,5.711939619044371
2727,272.605452,5.136864649821531
2728,272.70545400000003,5.577152612056148
2729,272.805456,5.262957335267803
2730,272.905458,5.435246498507531
2731,273.00546,5.750556332603072
2732,273.105462,4.734509308896816
2733,273.205464,4.5578003796991045
2734,273.305466,4.6968721069223855
2735,273.405468,5.063674129727821
2736,273.50547,4.4676336601833375
2737,273.605472,4.83782115493143
2738,273.705474,4.642867599225238
2739,273.805476,4.836973968491063
2740,273.905478,4.348275272074716
2741,274.00548,5.226363443152938
2742,274.105482,5.795661889910369
2743,274.205484,5.551564594364834
2744,274.30548600000003,6.074887844177445
2745,274.405488,5.346265998479065
2746,274.50549,5.649448576341429
2747,274.605492,5.992195882805661
2748,274.705494,7.1395422253932805
2749,274.805496,6.545943945676166
2750,274.905498,6.265843914629289
2751,275.0055,6.501450999019586
2752,275.105502,6.385427225310121
2753,275.205504,6.079259363441014
2754,275.305506,6.441317579213426
2755,275.40550800000005,6.326291552164235
2756,275.50551,5.887271225688834
2757,275.605512,5.56864765477089
2758,275.70551400000005,4.935997586222869
2759,275.805516,4.5628610524685405
2760,275.905518,5.097784487546299
2761,276.00552000000005,4.891351879244327
2762,276.105522,4.338514779185543
2763,276.205524,4.771984881762194
2764,276.305526,4.803774325234396
2765,276.405528,4.358675795238496
2766,276.50553,5.106107519180281
2767,276.605532,5.366436721600212
2768,276.705534,4.974676283461624
2769,276.805536,4.430832776050368
2770,276.905538,5.0833849513507605
2771,277.00554,4.810612337947646
2772,277.105542,4.9985061174844265
2773,277.205544,5.482293927366319
2774,277.30554600000005,5.627122591452679
2775,277.405548,5.954272783215017
2776,277.50554999999997,5.3773360152679945
2777,277.60555200000005,5.046780201608137
2778,277.705554,5.50326546674909
2779,277.80555599999997,5.602089302738377
2780,277.90555800000004,6.2747168579703345
2781,278.00556,6.511802458046077
2782,278.105562,6.046365346924012
2783,278.20556400000004,5.694311040664828
2784,278.305566,5.487001405531075
2785,278.405568,4.7298363474236575
2786,278.50557000000003,5.675961634570984
2787,278.605572,4.587983700316087
2788,278.705574,5.249578286693389
2789,278.805576,6.32019251712504
2790,278.905578,5.912882439801866
2791,279.00558,5.9311962779242275
2792,279.10558199999997,5.405910726288793
2793,279.20558400000004,6.241682187716694
2794,279.305586,6.537607386953364
2795,279.40558799999997,6.2846712458568055
2796,279.50559000000004,5.8707766144514695
2797,279.605592,5.953244228534534
2798,279.70559399999996,6.580527442417609
2799,279.80559600000004,6.483695235645502
2800,279.905598,6.7392336535478865
2801,280.0056,6.612268342528926
2802,280.10560200000003,6.548101619448287
2803,280.205604,7.254855039185281
2804,280.305606,6.476665698269014
2805,280.40560800000003,5.929015098752227
2806,280.50561,6.762212999712113
2807,280.605612,6.414484292786657
2808,280.705614,5.654976235640225
2809,280.805616,7.0285959243439455
2810,280.905618,6.6632907913396275
2811,281.00562,6.930518350703996
2812,281.10562200000004,7.517052021134467
2813,281.205624,6.803645898187202
2814,281.30562599999996,6.239587357234132
2815,281.40562800000004,6.363100715056494
2816,281.50563,6.381135593667969
2817,281.60563199999996,5.507898280625599
2818,281.70563400000003,5.569684465813372
2819,281.805636,5.627826049608527
2820,281.90563799999995,4.956064333806651
2821,282.00564,5.085719792147266
2822,282.105642,5.174898153155154
2823,282.205644,5.2823451353967386
2824,282.305646,6.011169463939793
2825,282.405648,6.3740892949682095
2826,282.50565,6.086556968633791
2827,282.605652,5.96409839125689
2828,282.705654,6.158562010578826
2829,282.805656,5.347594058532769
2830,282.905658,5.186271146622588
2831,283.00566000000003,4.620728346886594
2832,283.105662,5.244706415101325
2833,283.205664,5.842953591486149
2834,283.30566600000003,5.585662810288717
2835,283.405668,5.91477036991411
2836,283.50567,6.441173072365315
2837,283.605672,6.398672103470191
2838,283.705674,5.786208835102548
2839,283.805676,6.094821948620208
2840,283.905678,5.859639447688929
2841,284.00568,5.8525335375481555
2842,284.105682,5.841184098177259
2843,284.205684,6.488487826104858
2844,284.305686,6.254706886106352
2845,284.405688,5.284640499660891
2846,284.50569,5.842845736699704
2847,284.605692,6.194944189470963
2848,284.705694,6.530516194049547
2849,284.805696,6.054369499971948
2850,284.90569800000003,5.624684305314871
2851,285.0057,5.426774135532946
2852,285.105702,5.099947573460695
2853,285.205704,6.321643921581103
2854,285.305706,6.089806830928187
2855,285.405708,5.798650923470734
2856,285.50571,5.701176292838627
2857,285.605712,5.781036896678875
2858,285.705714,5.083962732838705
2859,285.805716,5.131783316092929
2860,285.905718,5.180561383981026
2861,286.00572000000005,5.117969842829623
2862,286.105722,5.806958207390581
2863,286.205724,5.458795415345833
2864,286.30572600000005,5.542612689765136
2865,286.405728,5.466747496310048
2866,286.50572999999997,5.173678021346141
2867,286.60573200000005,5.394536032411019
2868,286.705734,4.830812389755969
2869,286.805736,5.251838253805829
2870,286.905738,4.89454675518621
2871,287.00574,4.906648897568381
2872,287.105742,5.542565429086464
2873,287.205744,6.160107702296117
2874,287.305746,5.890890973153836
2875,287.405748,5.815915284204812
2876,287.50575,5.581840794752511
2877,287.605752,5.494880663818078
2878,287.705754,5.199654272334749
2879,287.805756,5.2853697078606965
2880,287.90575800000005,5.741419166243783
2881,288.00576,5.866820530052717
2882,288.10576199999997,5.526394052266058
2883,288.20576400000004,5.750384069834201
2884,288.305766,6.127930394618476
2885,288.40576799999997,4.4570650062446715
2886,288.50577000000004,4.454047049991515
2887,288.605772,5.81064604466459
2888,288.705774,5.259467055727073
2889,288.80577600000004,5.560472484943089
2890,288.905778,5.613218406766976
2891,289.00578,6.14006403183576
2892,289.10578200000003,5.7266895828673725
2893,289.205784,5.442983861000435
2894,289.305786,6.037519939513641
2895,289.405788,6.328601918106732
2896,289.50579,5.372937605818763
2897,289.605792,6.372006318934591
2898,289.70579399999997,6.043722255242615
2899,289.80579600000004,6.4997493141775005
2900,289.905798,5.784030608597493
2901,290.00579999999997,6.215757727263419
2902,290.10580200000004,6.451067059480564
2903,290.205804,6.008962991404087
2904,290.30580599999996,5.34306554114932
2905,290.40580800000004,5.105905504062748
2906,290.50581,5.460061591261618
2907,290.605812,5.9496051017413265
2908,290.70581400000003,5.63696654316552
2909,290.805816,5.619791948472061
2910,290.905818,4.782864237584833
2911,291.00582,4.435033902600223
2912,291.105822,4.655503214428274
2913,291.205824,5.420153059157388
2914,291.305826,5.253113027218012
2915,291.405828,4.422715316506603
2916,291.50583,4.601877619068701
2917,291.605832,4.878713498671845
2918,291.70583400000004,4.976457361288275
2919,291.805836,5.2135366251371345
2920,291.905838,5.705560401782728
2921,292.00584000000003,5.42525619044351
2922,292.105842,5.895900063381968
2923,292.20584399999996,5.232876449377917
2924,292.30584600000003,5.223697027018629
2925,292.405848,5.848408730440476
2926,292.50585,5.59707266442975
2927,292.605852,5.461024232399971
2928,292.705854,5.155911707313225
2929,292.805856,5.522014805509229
2930,292.905858,5.661570933248489
2931,293.00586,5.369321816768126
2932,293.105862,5.554579459342538
2933,293.205864,5.658641682082125
2934,293.305866,5.538534700515761
2935,293.405868,6.008911192925292
2936,293.50587,5.8539666736410885
2937,293.60587200000003,6.668688994504881
2938,293.705874,6.487164882797839
2939,293.805876,6.285616961250418
2940,293.90587800000003,6.4531115696044905
2941,294.00588,6.368520625660181
2942,294.105882,5.246564828232943
2943,294.205884,4.569505453271204
2944,294.305886,5.380108343866622
2945,294.405888,5.7484648434283425
2946,294.50589,5.857692563492558
2947,294.605892,5.97094975321335
2948,294.70589400000006,5.811062317079159
2949,294.805896,5.320161148086837
2950,294.905898,4.74928470432354
2951,295.0059,4.481077575507488
2952,295.105902,5.051263240826435
2953,295.205904,5.546027623671495
2954,295.305906,5.362812319341528
2955,295.405908,4.645778356417054
2956,295.50591000000003,5.227147998938479
2957,295.605912,5.696971300454815
2958,295.705914,5.203328448368835
2959,295.805916,5.453011295823597
2960,295.905918,5.1868643448266605
2961,296.00592,6.34963210521007
2962,296.105922,6.482396302360337
2963,296.205924,5.555590729902583
2964,296.305926,6.2718659261386485
2965,296.405928,5.075974443099978
2966,296.50593,5.055238317989171
2967,296.60593200000005,4.9831639008837145
2968,296.705934,4.879594310855709
2969,296.805936,5.492251383364438
2970,296.90593800000005,5.083017677338993
2971,297.00594,4.899313740993959
2972,297.10594199999997,4.10987653121772
2973,297.20594400000004,4.359746614588249
2974,297.305946,4.66969638885791
2975,297.405948,4.786746208323509
2976,297.50595,4.9394566724653615
2977,297.605952,5.22347951119393
2978,297.705954,5.368529912174133
2979,297.805956,5.492410045819657
2980,297.905958,5.711980034395883
2981,298.00596,5.571700455611114
2982,298.105962,4.8896537374952
2983,298.205964,5.343879048301433
2984,298.305966,5.290452219703
2985,298.405968,4.95294695260822
2986,298.50597000000005,5.313831667445459
2987,298.605972,4.878874924807397
2988,298.70597399999997,4.898822191412327
2989,298.80597600000004,5.102104656205085
2990,298.905978,4.654225761841766
2991,299.00597999999997,5.411920383376806
2992,299.10598200000004,5.28544982384563
2993,299.205984,5.519404498934388
2994,299.305986,5.053008893500736
2995,299.40598800000004,5.520284755437692
2996,299.50599,5.952668451943691
2997,299.605992,5.724403005468793
2998,299.70599400000003,5.211268555658323
2999,299.805996,4.578211455313932
3000,299.905998,5.133430433535951
3001,300.006,4.79949110098211
3002,300.106002,5.977904659745028
3003,300.206004,5.762707935523885
3004,300.30600599999997,5.783695276696528
3005,300.40600800000004,5.732074668197118
3006,300.50601,5.59873759825416
3007,300.60601199999996,5.345944329625133
3008,300.70601400000004,5.099849817074974
3009,300.806016,5.972136528608423
3010,300.90601799999996,6.233469709114902
3011,301.00602000000003,6.069310181610019
3012,301.106022,6.828203665902016
3013,301.206024,7.436948482443392
3014,301.30602600000003,6.39114534972857
3015,301.406028,6.08010744068264
3016,301.50603,6.308611121396195
3017,301.606032,6.41575340423137
3018,301.706034,6.029500429577725
3019,301.806036,6.355792762057946
3020,301.906038,5.484941582558686
3021,302.00604,4.743449360059281
3022,302.106042,4.68130946163639
3023,302.206044,4.2967604825407575
3024,302.30604600000004,3.9622697391394723
3025,302.406048,4.712771986481969
3026,302.50605,5.120414298967338
3027,302.60605200000003,5.369540312230351
3028,302.706054,5.571327795465322
3029,302.80605599999996,5.312787845700131
3030,302.90605800000003,5.167523715002582
3031,303.00606,5.472961221313791
3032,303.106062,5.263182774135187
3033,303.206064,6.065424667700959
3034,303.306066,5.535557364047501
3035,303.406068,6.127444453459114
3036,303.50607,5.84137734491005
3037,303.606072,5.432813808299083
3038,303.706074,5.861283479167925
3039,303.806076,6.357827168394845
3040,303.906078,5.779527497518501
3041,304.00608,5.103216060115653
3042,304.106082,4.652311194352477
3043,304.20608400000003,4.658967493571953
3044,304.306086,5.599855839879481
3045,304.406088,5.709128335325112
3046,304.50609000000003,6.611479169266745
3047,304.606092,6.632877084679075
3048,304.706094,5.915346334756738
3049,304.806096,5.53497507150057
3050,304.906098,5.002331372689623
3051,305.00610000000006,4.870544204991684
3052,305.106102,4.874296521774167
3053,305.206104,5.052865159179343
3054,305.30610600000006,5.107247879623077
3055,305.406108,5.549068146413868
3056,305.50611,5.072041913966073
3057,305.606112,4.690533468267964
3058,305.706114,5.103184438898701
3059,305.806116,5.449502996587086
3060,305.906118,5.780460455304629
3061,306.00612,5.632083473901124
3062,306.106122,5.983928312496772
3063,306.206124,5.420762551494478
3064,306.306126,5.02149753317336
3065,306.406128,4.719690642597247
3066,306.50613,4.728363932474177
3067,306.606132,4.259451113953699
3068,306.706134,4.408064240657774
3069,306.806136,4.126908151160338
3070,306.90613800000006,4.557146589348485
3071,307.00614,4.760971974257975
3072,307.106142,4.593713555145989
3073,307.20614400000005,4.716000041075793
3074,307.306146,5.307069497913837
3075,307.406148,5.905130021923011
3076,307.50615000000005,4.931746228011168
3077,307.606152,4.986069745194946
3078,307.70615399999997,5.337687663195131
3079,307.80615600000004,5.353060859075807
3080,307.906158,5.326489708373485
3081,308.00616,5.542795160509795
3082,308.106162,5.872127321955634
3083,308.206164,5.871539738534212
3084,308.306166,5.563692733916529
3085,308.406168,5.691883839912559
3086,308.50617,5.368910327071313
3087,308.606172,5.834553602554518
3088,308.706174,5.001556514975166
3089,308.806176,4.587462429099057
3090,308.906178,5.26785714989695
3091,309.00618,5.820858438382805
3092,309.10618200000005,5.235001011214504
3093,309.206184,5.373671539762668
3094,309.30618599999997,5.45289265601173
3095,309.40618800000004,5.308073253146894
3096,309.50619,4.882814139187784
3097,309.60619199999996,5.05369913365456
3098,309.70619400000004,5.44068184264042
3099,309.806196,5.191501558257605
3100,309.906198,4.533875090453138
3101,310.00620000000004,4.534224087360757
3102,310.106202,5.31081701451488
3103,310.206204,4.865772374152755
3104,310.30620600000003,5.234323296880687
3105,310.406208,4.512215751485532
3106,310.50621,4.842434949406871
3107,310.606212,4.752463718604578
3108,310.706214,5.0854951114301885
3109,310.806216,4.853027759076507
3110,310.90621799999997,5.03275228684496
3111,311.00622000000004,5.563977985810333
3112,311.106222,5.153280566351806
3113,311.20622399999996,5.569145483598224
3114,311.30622600000004,5.605717683994331
3115,311.406228,5.167262565478932
3116,311.50622999999996,5.592737481685099
3117,311.60623200000003,5.968887719040032
3118,311.706234,6.345037023162615
3119,311.806236,5.599897767029335
3120,311.90623800000003,6.449950357942366
3121,312.00624,5.862312950805864
3122,312.106242,5.5173609608815255
3123,312.206244,5.448680188023879
3124,312.306246,4.34573491593259
3125,312.406248,4.914162401110168
3126,312.50625,5.020217325930031
3127,312.606252,4.645403020934275
3128,312.706254,5.0493031763026766
3129,312.806256,4.95628306629084
3130,312.90625800000004,4.332844168063732
3131,313.00626,4.729448865544876
3132,313.106262,4.891915778826325
3133,313.20626400000003,4.001753247208255
3134,313.306266,5.071865511566152
3135,313.40626799999995,4.766640020535593
3136,313.50627000000003,4.740596627543664
3137,313.606272,5.122694316180128
3138,313.706274,5.747266936079405
3139,313.806276,5.525959152104016
3140,313.906278,6.588457914684474
3141,314.00628,6.319111846774098
3142,314.106282,5.810012998931086
3143,314.206284,5.808578142009653
3144,314.306286,6.057895092140784
3145,314.406288,5.823000996984863
3146,314.50629,5.891069912908052
3147,314.606292,6.415299645254598
3148,314.706294,6.484072437542114
3149,314.80629600000003,6.24613293840745
3150,314.906298,6.772631760953592
3151,315.0063,6.842487592765922
3152,315.106302,6.645480893415416
3153,315.206304,6.345540720853365
3154,315.306306,7.0383925824242235
3155,315.406308,6.911295662231487
3156,315.50631,6.078609535574626
3157,315.60631200000006,5.306251587186418
3158,315.706314,6.095693536406119
3159,315.806316,5.524560475546773
3160,315.90631800000006,5.256863428393962
3161,316.00632,6.4672386727830435
3162,316.106322,6.111703142586149
3163,316.206324,6.205921443205687
3164,316.306326,5.914974331382064
3165,316.406328,5.516141853917851
3166,316.50633,5.483026762456367
3167,316.606332,5.554247649515487
3168,316.706334,5.566005285580923
3169,316.806336,6.0124585497190335
3170,316.906338,5.685135084394669
3171,317.00634,5.93404822410187
3172,317.106342,5.67597410692918
3173,317.206344,5.946657452557453
3174,317.306346,5.621906487335231
3175,317.406348,5.613781385654789
3176,317.50635000000005,5.782530185742915
3177,317.606352,5.666047205874149
3178,317.706354,5.98734675781105
3179,317.80635600000005,5.7363563349833395
3180,317.906358,5.2033475001600795
3181,318.00636,5.1959808234380676
3182,318.10636200000005,5.417910480313063
3183,318.206364,5.155541771184163
3184,318.30636599999997,4.6593134672746945
3185,318.40636800000004,5.252122217915522
3186,318.50637,5.671521558289624
3187,318.606372,5.72928956853251
3188,318.706374,5.901142844979227
3189,318.806376,5.344953000733986
3190,318.906378,5.63810867744227
3191,319.00638,5.052159007898818
3192,319.106382,5.879961901013821
3193,319.206384,5.035492523523602
3194,319.306386,5.914434182343524
3195,319.40638800000005,6.258772122667956
3196,319.50639,6.031069387110924
3197,319.60639199999997,5.514990026711435
3198,319.70639400000005,5.069413691814572
3199,319.806396,5.090645384776244
3200,319.90639799999997,4.833740736510215
3201,320.00640000000004,5.127381013220033
3202,320.106402,5.501570630765835
3203,320.20640399999996,5.258307453407214
3204,320.30640600000004,5.10536686075492
3205,320.406408,5.6983731537706355
3206,320.50641,6.324589507950461
3207,320.60641200000003,6.721027493610303
3208,320.706414,7.026576113831472
3209,320.806416,6.630517382208646
3210,320.90641800000003,7.368811117861055
3211,321.00642,6.436286897567336
3212,321.106422,7.290393924604229
3213,321.206424,6.637439359278203
3214,321.306426,6.787645861785204
3215,321.406428,7.097058972162314
3216,321.50642999999997,6.644939217085385
3217,321.60643200000004,6.003916984627551
3218,321.706434,5.773286199429679
3219,321.80643599999996,5.022313535136549
3220,321.90643800000004,5.149604859189293
3221,322.00644,6.350261482690784
3222,322.10644199999996,6.064702418776435
3223,322.20644400000003,6.647210222133461
3224,322.306446,6.548858572170721
3225,322.406448,6.669023429624685
3226,322.50645000000003,6.6055808645197
3227,322.606452,5.9527436844079675
3228,322.706454,5.90462508383178
3229,322.806456,5.75434977883299
3230,322.906458,5.714876018018807
3231,323.00646,5.815687634069598
3232,323.106462,5.133043379979422
3233,323.206464,5.151752148893176
3234,323.306466,4.762986763582208
3235,323.406468,4.89148403015408
3236,323.50647000000004,5.544971544266155
3237,323.606472,5.767495251740702
3238,323.706474,5.307329166038585
3239,323.80647600000003,4.948567342834405
3240,323.906478,4.8301302654972
3241,324.00647999999995,5.358005750789146
3242,324.106482,5.263274687705996
3243,324.206484,5.561035234918523
3244,324.306486,5.701220923876173
3245,324.406488,5.134123885640733
3246,324.50649,5.562056803460818
3247,324.606492,5.6712159878121655
3248,324.706494,5.551270919384351
3249,324.806496,6.044029780645438
3250,324.906498,5.965608610766176
3251,325.0065,4.401513273606668
3252,325.106502,5.0775456432975
3253,325.206504,5.719340299699518
3254,325.306506,5.026281952618012
3255,325.40650800000003,5.071479199276158
3256,325.50651,5.2529749037707045
3257,325.606512,5.730562779575737
3258,325.706514,6.089354055826159
3259,325.806516,5.699463157682986
3260,325.906518,6.102241092232695
3261,326.00652,6.494819431612284
3262,326.106522,6.762480155293417
3263,326.20652400000006,6.452189762367159
3264,326.306526,6.886907190615902
3265,326.406528,7.168600156066164
3266,326.50653000000005,6.873170633233997
3267,326.606532,6.914624297651658
3268,326.706534,5.766410683982067
3269,326.806536,6.118815128594199
3270,326.906538,5.471620226395261
3271,327.00654,6.362510740727306
3272,327.106542,6.176241768602082
3273,327.206544,5.215320950257317
3274,327.306546,5.330179610302494
3275,327.406548,6.340107956505955
3276,327.50655,5.923453739080593
3277,327.606552,6.311253575889669
3278,327.706554,5.739557483016943
3279,327.806556,5.493387263184239
3280,327.906558,5.205031439126723
3281,328.00656,4.956394618716065
3282,328.10656200000005,5.703946265402017
3283,328.206564,6.152138461539024
3284,328.306566,5.510029346679935
3285,328.40656800000005,5.940250038013092
3286,328.50657,5.640398372134069
3287,328.60657199999997,5.26623731361302
3288,328.70657400000005,5.11521974682143
3289,328.806576,5.256387917747832
3290,328.90657799999997,4.917848090388544
3291,329.00658000000004,4.763534109534227
3292,329.106582,6.0573448733378825
3293,329.206584,6.134294247193964
3294,329.30658600000004,5.722253709048784
3295,329.406588,6.5924586765280875
3296,329.50659,5.702127702754773
3297,329.606592,5.3324676027615325
3298,329.706594,5.129081433796947
3299,329.806596,5.3729943739055335
3300,329.906598,5.305920633940793
3301,330.00660000000005,5.462477991050298
3302,330.106602,6.3137738470582105
3303,330.20660399999997,6.109483005323901
3304,330.30660600000004,5.798940024251052
3305,330.406608,6.42532020459573
3306,330.50660999999997,6.150003235064919
3307,330.60661200000004,5.653939638946958
3308,330.706614,5.968568432443513
3309,330.80661599999996,6.074642091710851
3310,330.90661800000004,5.94913167574111
3311,331.00662,5.046201524452968
3312,331.106622,5.729189512853078
3313,331.20662400000003,5.205042621186717
3314,331.306626,6.2223642561392065
3315,331.406628,5.256845333535234
3316,331.50663000000003,6.04927329227419
3317,331.606632,5.577991285661325
3318,331.706634,5.333589059605904
3319,331.806636,5.262700683903126
3320,331.90663800000004,4.688807760186642
3321,332.00664,4.81657717122914
3322,332.10664199999997,5.371885994280448
3323,332.20664400000004,4.15037090422645
3324,332.306646,4.937919865205079
3325,332.40664799999996,5.1500073516267
3326,332.50665000000004,5.848102529475585
3327,332.606652,5.543835036900191
3328,332.70665399999996,4.786814064065845
3329,332.80665600000003,5.2582268811870465
3330,332.906658,4.894178744505627
3331,333.00666,5.322289618057588
3332,333.10666200000003,5.756723114703488
3333,333.206664,5.027539312516766
3334,333.306666,5.4205180737492205
3335,333.406668,5.650526575124042
3336,333.50667,6.376627060112144
3337,333.606672,6.707740417149023
3338,333.706674,6.100860371811114
3339,333.80667600000004,7.447138811901044
3340,333.906678,7.253403312339321
3341,334.00668,6.003571267462166
3342,334.10668200000003,5.7781018941759354
3343,334.206684,6.781275084725481
3344,334.306686,6.53452088661323
3345,334.40668800000003,5.713329467472545
3346,334.50669,5.766235247119399
3347,334.60669199999995,5.112219262721123
3348,334.706694,5.938241512550594
3349,334.806696,5.81680262196146
3350,334.906698,5.905665965743655
3351,335.0067,5.178731744349943
3352,335.106702,5.953807357378967
3353,335.206704,4.922318523453969
3354,335.306706,5.080661923966952
3355,335.406708,4.9603720175342865
3356,335.50671,5.333276397720257
3357,335.606712,5.202269576354986
3358,335.706714,5.850621093914541
3359,335.806716,5.926903548115982
3360,335.906718,6.1021842203494145
3361,336.00672000000003,6.291147100232048
3362,336.106722,6.111036735826804
3363,336.206724,6.218953621476633
3364,336.306726,6.22065910046362
3365,336.406728,5.0173517153798395
3366,336.50673,5.682867302278771
3367,336.606732,5.181522550581664
3368,336.706734,4.278021575524759
3369,336.80673600000006,5.412317473234582
3370,336.906738,5.851807290440999
3371,337.00674,5.707289042164544
3372,337.10674200000005,4.991689356051452
3373,337.206744,5.487702488654373
3374,337.306746,5.829852203343261
3375,337.406748,6.383090656645151
3376,337.50675,6.513641199517652
3377,337.606752,6.0008506470439675
3378,337.706754,5.109421448881436
3379,337.806756,4.330970233622263
3380,337.906758,4.911015340085867
3381,338.00676,4.957645013984345
3382,338.106762,4.947397675724366
3383,338.206764,5.21122924019517
3384,338.306766,5.866810930897325
3385,338.406768,6.087672138030453
3386,338.50677,6.223645708403866
3387,338.606772,5.551408443885792
3388,338.70677400000005,6.099485722785103
3389,338.806776,6.004373745823957
3390,338.906778,5.902579860230699
3391,339.00678000000005,6.041913052575808
3392,339.106782,6.238365267191847
3393,339.20678399999997,6.038457587092614
3394,339.30678600000005,7.086045500169069
3395,339.406788,7.1514197548961995
3396,339.50678999999997,6.001877970538378
3397,339.60679200000004,5.7055487442527735
3398,339.706794,6.231535202558351
3399,339.806796,5.865728267116486
3400,339.90679800000004,6.008741655924036
3401,340.0068,6.600228307161401
3402,340.106802,7.140559769237099
3403,340.206804,6.512970377002471
3404,340.306806,6.122132666858987
3405,340.406808,5.876998260190001
3406,340.50681,6.298372157050944
3407,340.60681200000005,6.963354112830305
3408,340.706814,7.663673130004559
3409,340.80681599999997,7.383888645068387
3410,340.90681800000004,6.923844677089748
3411,341.00682,6.324679638126425
3412,341.10682199999997,6.787586525052787
3413,341.20682400000004,6.648191223697831
3414,341.306826,7.143801105979424
3415,341.40682799999996,6.7227020973251905
3416,341.50683000000004,7.232538859335305
3417,341.606832,7.313958560989194
3418,341.706834,6.576188243835716
3419,341.80683600000003,6.725309308175367
3420,341.906838,7.200274860014669
3421,342.00684,6.669050783912128
3422,342.10684200000003,6.882336657262416
3423,342.206844,6.90588344421672
3424,342.306846,6.792790073473532
3425,342.406848,6.874357158923625
3426,342.50685000000004,6.899851734303463
3427,342.606852,7.772164329699756
3428,342.70685399999996,6.960849357299481
3429,342.80685600000004,7.324914665570771
3430,342.906858,7.154020039811157
3431,343.00685999999996,6.9383302343383795
3432,343.10686200000004,7.194483120611221
3433,343.206864,7.04421014826987
3434,343.30686599999996,6.847806541794768
3435,343.40686800000003,7.044722221444298
3436,343.50687,7.189448192047763
3437,343.606872,7.292080190083996
3438,343.706874,7.8868921711102455
3439,343.806876,7.692670513595237
3440,343.906878,8.094278717137135
3441,344.00688,8.074228183819482
3442,344.106882,7.651327931461402
3443,344.206884,7.84984426310198
3444,344.306886,6.927171312251628
3445,344.40688800000004,7.160631568706008
3446,344.50689,7.027089132349701
3447,344.606892,8.228796135746773
3448,344.70689400000003,8.34674385981433
3449,344.806896,8.66825723667324
3450,344.906898,8.72254709733013
3451,345.00690000000003,8.541521578177079
3452,345.106902,8.35649146834181
3453,345.206904,7.561759116780463
3454,345.306906,8.41839120827822
3455,345.406908,7.198664254879442
3456,345.50691,7.3139026301180055
3457,345.606912,7.232297853312833
3458,345.706914,7.815909330463581
3459,345.806916,7.6073073447269595
3460,345.906918,7.192275603739417
3461,346.00692,7.051446991465544
3462,346.106922,7.687398640743244
3463,346.206924,7.017989938695976
3464,346.30692600000003,7.114084322718958
3465,346.406928,7.504908302897227
3466,346.50693,7.13983986373512
3467,346.60693200000003,7.403139686739879
3468,346.706934,7.632314902557689
3469,346.806936,7.252942234238033
3470,346.906938,7.359228846610748
3471,347.00694,6.399510054884792
3472,347.106942,5.889339957826513
3473,347.206944,5.674723029709968
3474,347.306946,5.1146251721126115
3475,347.40694800000006,5.119671821751494
3476,347.50695,5.027278845181977
3477,347.606952,5.126726036916633
3478,347.70695400000005,6.143834308628023
3479,347.806956,5.397177870002812
3480,347.906958,5.673117630693696
3481,348.00696000000005,5.93963865875864
3482,348.106962,5.435798274209767
3483,348.206964,4.938895375607513
3484,348.306966,4.808931953931663
3485,348.406968,4.774684723903979
3486,348.50697,4.306307763169742
3487,348.606972,4.560741293150659
3488,348.706974,5.068255068447456
3489,348.806976,5.368079789527382
3490,348.906978,4.811918008547676
3491,349.00698,5.081103767020049
3492,349.106982,4.745928848804757
3493,349.206984,4.949817512601289
3494,349.30698600000005,5.402968918410338
3495,349.406988,5.939447287178028
3496,349.50699,6.100514267997761
3497,349.60699200000005,6.090385168326073
3498,349.706994,5.705408341452611
3499,349.80699599999997,5.192533388332508
3500,349.90699800000004,5.099793434585706
3501,350.007,5.0967827573740445
3502,350.10700199999997,4.548172582864086
3503,350.20700400000004,5.118950073810725
3504,350.307006,4.655186649852878
3505,350.407008,5.374583325267882
3506,350.50701000000004,4.780384316800054
3507,350.607012,5.277568059827198
3508,350.707014,5.28284514824874
3509,350.807016,5.7301745434993885
3510,350.907018,5.356791478756713
3511,351.00702,6.138187542377606
3512,351.107022,5.610775327018804
3513,351.20702400000005,5.255843345549203
3514,351.307026,4.670233091744898
3515,351.40702799999997,5.55621449614282
3516,351.50703000000004,6.193387629139285
3517,351.607032,5.891083754008166
3518,351.70703399999996,6.492545958792191
3519,351.80703600000004,6.1828230219151985
3520,351.907038,5.796195051647235
3521,352.00703999999996,5.859534115175561
3522,352.10704200000004,6.491633176833507
3523,352.207044,5.7998830247310895
3524,352.307046,6.7595818417523965
3525,352.40704800000003,6.353490749675138
3526,352.50705,5.592066182870495
3527,352.607052,6.219605901680243
3528,352.707054,5.790625050244555
3529,352.807056,6.01360084447399
3530,352.907058,5.370263131049184
3531,353.00706,5.725116610283554
3532,353.10706200000004,5.9244538942323235
3533,353.207064,5.897394486569989
3534,353.30706599999996,6.082027885893525
3535,353.40706800000004,5.032705606331673
3536,353.50707,6.199474796864394
3537,353.60707199999996,5.594809729560426
3538,353.70707400000003,5.890764039361785
3539,353.807076,5.710142735339645
3540,353.90707799999996,5.5269691448648635
3541,354.00708000000003,5.679773050547494
3542,354.107082,5.8183705495278515
3543,354.207084,5.560197487952682
3544,354.307086,5.7048646553050775
3545,354.407088,6.137269107164411
3546,354.50709,6.049416028086598
3547,354.607092,5.825155906506255
3548,354.707094,6.048281504941753
3549,354.807096,6.651269740618987
3550,354.907098,7.784954358593634
3551,355.00710000000004,7.190809888297886
3552,355.107102,7.001055923173758
3553,355.207104,6.478962681324355
3554,355.30710600000003,6.025126244609459
3555,355.407108,6.612826185319113
3556,355.50711,6.504294152694074
3557,355.60711200000003,6.246258486471276
3558,355.707114,7.0543652229681975
3559,355.807116,5.983212451122892
3560,355.907118,6.638032557091506
3561,356.00712,5.712128306187146
3562,356.107122,6.038936715157497
3563,356.207124,5.848708419497511
3564,356.307126,5.939029484622651
3565,356.407128,5.51876148414133
3566,356.50713,7.113720680060893
3567,356.607132,6.788931537403919
3568,356.707134,6.018250509361015
3569,356.807136,6.591358552775413
3570,356.90713800000003,6.428350608106097
3571,357.00714,6.639153537961556
3572,357.107142,6.567540604526388
3573,357.207144,6.318760246698338
3574,357.307146,6.188009282020403
3575,357.407148,6.450466451735524
3576,357.50715,5.7867717248284976
3577,357.607152,5.526622543416573
3578,357.707154,5.96349017900084
3579,357.807156,5.8540211815848995
3580,357.907158,5.867539171877334
3581,358.00716000000006,5.413711599569152
3582,358.107162,5.065667549879494
3583,358.207164,4.801204717429882
3584,358.30716600000005,5.2461390534959875
3585,358.407168,5.678380609461391
3586,358.50717,5.85529659685212
3587,358.60717200000005,5.669335441410573
3588,358.707174,6.45687769505392
3589,358.807176,6.375741122731418
3590,358.907178,6.60595035683568
3591,359.00718,6.971580074650464
3592,359.107182,6.454127112239461
3593,359.207184,6.078362666688584
3594,359.307186,5.713588661893478
3595,359.407188,5.597805098477293
3596,359.50719,5.557572855918085
3597,359.607192,4.7407007774090335
3598,359.707194,5.314592055017199
3599,359.807196,5.615305042651489
3600,359.90719800000005,5.454012131342974
3601,360.0072,5.973531556902233
3602,360.107202,6.024259122739917
3603,360.20720400000005,5.191844218901155
3604,360.307206,6.1921507514528935
3605,360.40720799999997,5.301781525093878
3606,360.50721000000004,4.850948027128705
3607,360.607212,4.923980894188356
3608,360.707214,5.479638600252045
3609,360.80721600000004,4.941420119319974
3610,360.907218,5.176202703175093
3611,361.00722,5.502171115456439
3612,361.10722200000004,5.776778220883888
3613,361.207224,4.4358097731212105
3614,361.307226,5.143538494075451
3615,361.407228,4.401997847776915
3616,361.50723,4.582607940491592
3617,361.607232,5.169273142596822
3618,361.70723399999997,5.439873815833662
3619,361.80723600000005,5.492048298453308
3620,361.907238,5.2353111107036865
3621,362.00723999999997,5.63391040339397
3622,362.10724200000004,5.303635350961942
3623,362.207244,5.0181254313116765
3624,362.30724599999996,5.180778822639511
3625,362.40724800000004,5.7379691619196045
3626,362.50725,5.855400032216166
3627,362.60725199999996,6.07368852780356
3628,362.70725400000003,6.283997456402942
3629,362.807256,6.191061297289501
3630,362.907258,7.042053370762715
3631,363.00726000000003,6.568006483476954
3632,363.107262,6.207097582179394
3633,363.207264,6.762132131170333
3634,363.307266,6.3313745033678925
3635,363.407268,6.295139131824972
3636,363.50727,5.9625828917870685
3637,363.607272,4.992241875639895
3638,363.70727400000004,5.222484371011706
3639,363.807276,4.6794020725439145
3640,363.907278,4.939245264937031
3641,364.00728000000004,4.7197480291247995
3642,364.107282,4.55975515130185
3643,364.20728399999996,5.411365830248436
3644,364.30728600000003,4.973092398111325
3645,364.407288,5.342131925984995
3646,364.50728999999995,4.324820702854128
3647,364.60729200000003,4.796805982519901
3648,364.707294,3.9018539326203596
3649,364.807296,4.436161240905887
3650,364.907298,4.840122414938209
3651,365.0073,6.1428197530438355
3652,365.107302,5.510989188840683
3653,365.207304,5.3434528238465955
3654,365.307306,5.377605212389867
3655,365.407308,4.54626157013385
3656,365.50731,5.084201909499421
3657,365.60731200000004,4.944720031905537
3658,365.707314,5.026338601125619
3659,365.807316,4.92149518989089
3660,365.90731800000003,5.33260055377593
3661,366.00732,4.79515192229232
3662,366.107322,5.435839351542141
3663,366.207324,6.06703913605535
3664,366.307326,5.512000353997188
3665,366.407328,5.167223650929113
3666,366.50733,4.480382689402241
3667,366.607332,4.658906794121398
3668,366.70733400000006,4.747815556298604
3669,366.807336,5.277391389987771
3670,366.907338,5.245109104203818
3671,367.00734,5.2143225886587965
3672,367.107342,5.532545234089875
3673,367.207344,5.70031412622472
3674,367.307346,5.692891637331014
3675,367.407348,4.1485603703429526
3676,367.50735000000003,5.176678153382029
3677,367.607352,5.168755764790016
3678,367.707354,5.6081754059860955
3679,367.807356,5.8494217287750265
3680,367.907358,6.297751508455822
3681,368.00736,6.389628411421205
3682,368.107362,5.850972081791921
3683,368.207364,6.424690221760408
3684,368.307366,5.875350097802048
3685,368.407368,5.7874152848805265
3686,368.50737,5.767537796329337
3687,368.60737200000005,5.933772391136338
3688,368.707374,6.160609633289253
3689,368.807376,6.184656841485705
3690,368.90737800000005,5.140835523857464
3691,369.00738,5.462020703834645
3692,369.107382,5.710039195672695
3693,369.20738400000005,5.393330371633156
3694,369.307386,5.197604930608888
3695,369.407388,5.806822257014452
3696,369.50739,4.69362322364464
3697,369.607392,5.965296358653979
3698,369.707394,5.316088356103356
3699,369.807396,5.241287372310683
3700,369.907398,5.251321369265403
3701,370.0074,5.3283393255504015
3702,370.107402,5.202746640545457
3703,370.207404,4.90835097145438
3704,370.307406,5.477538939018025
3705,370.407408,5.342217760026212
3706,370.50741000000005,6.132683173321112
3707,370.607412,5.408669603746442
3708,370.70741399999997,5.4053789035602735
3709,370.80741600000005,5.5988008638138345
3710,370.907418,5.675552419044356
3711,371.00741999999997,5.575098624446408
3712,371.10742200000004,5.3297891378694775
3713,371.207424,5.174808151760964
3714,371.307426,4.969832024723159
3715,371.40742800000004,4.976516945870815
3716,371.50743,5.176335022196841
3717,371.607432,5.337766484915375
3718,371.70743400000003,5.4836967393680585
3719,371.807436,6.162474421737914
3720,371.907438,6.24693533633259
3721,372.00744,6.069505612469601
3722,372.107442,6.0421059553089576
3723,372.207444,6.213544261596309
3724,372.30744599999997,5.656392624698652
3725,372.40744800000004,6.193196124847798
3726,372.50745,6.253199110483334
3727,372.60745199999997,5.760727907396598
3728,372.70745400000004,6.3447311439849
3729,372.807456,5.755391565659085
3730,372.90745799999996,5.238414846849277
3731,373.00746000000004,5.49801076323658
3732,373.107462,5.310990496582454
3733,373.207464,5.392818987880228
3734,373.30746600000003,5.558049130860643
3735,373.407468,5.061258362919144
3736,373.50747,4.888524342928496
3737,373.60747200000003,5.252777175434907
3738,373.707474,5.422285041426038
3739,373.807476,5.4588502447390965
3740,373.907478,5.380201587722705
3741,374.00748,5.283183167968901
3742,374.107482,5.279753496029419
3743,374.207484,5.3261048795741175
3744,374.30748600000004,4.921048790376928
3745,374.407488,4.755908848279493
3746,374.50749,5.109972161732105
3747,374.60749200000004,5.565779659897022
3748,374.707494,5.626947997664717
3749,374.80749599999996,6.177280084161748
3750,374.90749800000003,6.099095248101792
3751,375.0075,5.657806942028051
3752,375.107502,5.524970159924065
3753,375.20750400000003,5.277138476266077
3754,375.307506,5.406116670269871
3755,375.407508,5.252706750140756
3756,375.50751,5.326549082439228
3757,375.607512,4.776356777194225
3758,375.707514,5.0707505302254985
3759,375.807516,5.036384725039458
3760,375.907518,5.025747602270021
3761,376.00752,5.075096716873653
3762,376.107522,5.26879317924429
3763,376.20752400000003,5.333590966444295
3764,376.307526,6.328661539942858
3765,376.407528,5.359233903726387
3766,376.50753000000003,5.545433374915506
3767,376.607532,4.791892332728203
3768,376.707534,5.620297556624027
3769,376.807536,5.91193556109752
3770,376.907538,5.769664640067917
3771,377.00754,5.357055033616791
3772,377.107542,5.013551278611135
3773,377.207544,5.169790713688109
3774,377.30754600000006,4.969070660723293
3775,377.407548,5.973773248970877
3776,377.50755,5.7569212005635695
3777,377.607552,4.9118427795490165
3778,377.707554,5.6835961783995
3779,377.807556,5.519640849981687
3780,377.907558,5.6600202657192105
3781,378.00756,5.089352143935227
3782,378.10756200000003,5.788226737660983
3783,378.207564,6.493470844653568
3784,378.307566,5.698036869620739
3785,378.407568,6.204630202388259
3786,378.50757,5.105819646446127
3787,378.607572,5.162513907338015
3788,378.707574,5.895966646903675
3789,378.807576,5.524884640504455
3790,378.907578,5.576729980849366
3791,379.00758,5.723359702038666
3792,379.107582,5.771731530474503
3793,379.20758400000005,5.572596974300075
3794,379.307586,4.836823987209434
3795,379.407588,4.4452082347191
3796,379.50759000000005,4.755682444077253
3797,379.607592,5.231102023508849
3798,379.707594,5.527215250768456
3799,379.80759600000005,5.958548759432533
3800,379.907598,5.766607521664207
3801,380.0076,5.487535118802486
3802,380.107602,6.510977074360136
3803,380.207604,5.826980540880935
3804,380.307606,5.863939863107854
3805,380.407608,5.413098979319576
3806,380.50761,5.486725387212978
3807,380.607612,5.456449527484576
3808,380.707614,5.850845111243617
3809,380.807616,5.850846076333876
3810,380.907618,5.49458799468656
3811,381.00762,5.26777757499728
3812,381.10762200000005,5.756318427250753
3813,381.207624,6.2177894071738145
3814,381.30762599999997,5.782906028350253
3815,381.40762800000005,6.068977241079947
3816,381.50763,5.469067238150397
3817,381.60763199999997,5.091093874555126
3818,381.70763400000004,5.342941190389183
3819,381.807636,5.750690264694858
3820,381.907638,4.790723314876382
3821,382.00764000000004,4.816413128010398
3822,382.107642,5.203054735812877
3823,382.207644,5.314254681231761
3824,382.30764600000003,5.298355771601217
3825,382.407648,5.337196427261018
3826,382.50765,5.9577220203215155
3827,382.60765200000003,5.3692657039667635
3828,382.707654,5.7804963475866185
3829,382.807656,6.332665987615467
3830,382.90765799999997,6.904251272487987
3831,383.00766000000004,6.477279493613254
3832,383.107662,5.965298487424156
3833,383.20766399999997,6.3004687478870975
3834,383.30766600000004,5.476053003187106
3835,383.407668,6.074445273144041
3836,383.50766999999996,5.829406839620069
3837,383.60767200000004,5.9267647067173215
3838,383.707674,5.731446253387367
3839,383.807676,6.313422714109454
3840,383.90767800000003,5.133277103191323
3841,384.00768,5.148424203207387
3842,384.107682,5.290656250573479
3843,384.20768400000003,5.6904631249560245
3844,384.307686,5.239164673078572
3845,384.407688,5.411625380726013
3846,384.50769,5.6718485722953815
3847,384.607692,6.0232427236722375
3848,384.707694,5.1551140649707925
3849,384.807696,5.855450558919806
3850,384.90769800000004,5.470362834079767
3851,385.0077,4.997679278934049
3852,385.107702,6.430053468080746
3853,385.20770400000004,6.376829945006015
3854,385.307706,6.074274620924282
3855,385.40770799999996,5.323409043866854
3856,385.50771000000003,4.930014821437315
3857,385.607712,5.49712456016122
3858,385.707714,5.574499454266433
3859,385.807716,5.43155851148304
3860,385.907718,5.007194974551906
3861,386.00772,3.6641576540332945
3862,386.107722,4.9258381426924975
3863,386.207724,5.145250834683865
3864,386.307726,4.486199301408738
3865,386.407728,4.378104843468434
3866,386.50773,4.567893395518426
3867,386.607732,4.663331960147955
3868,386.707734,4.406786522464013
3869,386.80773600000003,4.885556271645299
3870,386.907738,4.599501349975112
3871,387.00774,4.307325548653266
3872,387.10774200000003,4.7553899899602525
3873,387.207744,4.345345183873144
3874,387.307746,4.808923154630896
3875,387.407748,5.2157113417656324
3876,387.50775,5.628813649636123
3877,387.60775200000006,5.938191859631452
3878,387.707754,5.1948482466930646
3879,387.807756,5.386231667979406
3880,387.90775800000006,5.550318327712231
3881,388.00776,5.540231399065599
3882,388.107762,5.218560104432447
3883,388.207764,5.226930534970502
3884,388.307766,5.530129434830947
3885,388.407768,5.461304068806944
3886,388.50777,5.589633396154822
3887,388.607772,5.526021782505497
3888,388.70777400000003,5.452486951669497
3889,388.807776,6.740513309735396
3890,388.907778,6.430317630941052
3891,389.00778,6.2716150838107545
3892,389.107782,6.31106688527002
3893,389.207784,5.632527893192928
3894,389.307786,6.181369015798236
3895,389.407788,5.298674166156941
3896,389.50779,4.666615200987763
3897,389.607792,4.6049304843559025
3898,389.707794,5.066808628517496
3899,389.80779600000005,4.812395168257398
3900,389.907798,5.122344852146002
3901,390.0078,4.889051423316635
3902,390.10780200000005,5.260296188825196
3903,390.207804,5.9987326968305625
3904,390.30780599999997,5.661273229730003
3905,390.40780800000005,5.595658061824377
3906,390.50781,4.664298491787535
3907,390.607812,5.151807307573516
3908,390.707814,5.576538325448593
3909,390.807816,5.788331495593922
3910,390.907818,6.016545428250115
3911,391.00782,6.177044105772691
3912,391.107822,5.673640688658969
3913,391.207824,5.183833505369748
3914,391.307826,5.125300549614575
3915,391.407828,5.772002668052763
3916,391.50783,5.569586303229652
3917,391.607832,4.958511744933111
3918,391.70783400000005,5.21851708976696
3919,391.807836,5.810780326196722
3920,391.90783799999997,5.596598041767327
3921,392.00784000000004,5.781003749125558
3922,392.107842,6.627648973107105
3923,392.20784399999997,5.859941016602525
3924,392.30784600000004,5.713909222450735
3925,392.407848,5.6743318395527025
3926,392.50785,5.70155779782284
3927,392.60785200000004,6.678673481743805
3928,392.707854,6.162635135751157
3929,392.807856,5.937210843698193
3930,392.90785800000003,5.247264717265622
3931,393.00786,5.2195801117213625
3932,393.107862,5.404972902026982
3933,393.20786400000003,5.2165264977189825
3934,393.307866,5.793790390205557
3935,393.407868,5.697036109039494
3936,393.50786999999997,5.750524115193723
3937,393.60787200000004,5.727002186344961
3938,393.707874,6.431740029393216
3939,393.80787599999996,5.783949472172173
3940,393.90787800000004,5.325083967330347
3941,394.00788,5.392820061805502
3942,394.10788199999996,5.625977052306016
3943,394.20788400000004,4.96049014473534
3944,394.307886,5.960243516037372
3945,394.407888,5.33605723101641
3946,394.50789000000003,5.432777469454619
3947,394.607892,5.771051691338687
3948,394.707894,6.040519547775937
3949,394.807896,7.033475216630984
3950,394.907898,6.750747491476355
3951,395.0079,6.569699533334625
3952,395.107902,6.839327550119802
3953,395.207904,6.755870954038745
3954,395.307906,6.728546217028109
3955,395.407908,6.607969854080413
3956,395.50791000000004,6.736992724781861
3957,395.607912,6.930921540228661
3958,395.707914,6.3132801278456965
3959,395.80791600000003,6.105976397540473
3960,395.907918,6.2290698035264125
3961,396.00791999999996,6.291103772599883
3962,396.10792200000003,6.200898257043976
3963,396.207924,5.854301748843242
3964,396.307926,5.60066638538879
3965,396.407928,5.324706443342204
3966,396.50793,5.947819660049573
3967,396.607932,5.465287950208096
3968,396.707934,5.522334004847164
3969,396.807936,5.450999963629151
3970,396.907938,4.910231330442139
3971,397.00794,5.110902306848479
3972,397.107942,4.785840036782007
3973,397.207944,4.675720942536568
3974,397.307946,4.337467252478686
3975,397.40794800000003,4.9893659284200425
3976,397.50795,5.106719204904889
3977,397.607952,5.429686221378476
3978,397.70795400000003,6.24358659690244
3979,397.807956,5.607637953517065
3980,397.907958,5.318414478631042
3981,398.00796,5.472874475963849
3982,398.107962,5.628856225868059
3983,398.20796400000006,5.640520716049753
3984,398.307966,5.029243830029684
3985,398.407968,5.999636048733732
3986,398.50797000000006,6.469028925468739
3987,398.607972,6.293194310083657
3988,398.707974,6.012271321315704
3989,398.807976,4.815089969188227
3990,398.907978,5.844054038747533
3991,399.00798,5.348683225240301
3992,399.107982,5.247996978896865
3993,399.207984,5.569102133405683
3994,399.307986,5.555655047663399
3995,399.407988,5.299303549093516
3996,399.50799,5.845691447686021
3997,399.607992,6.813955919641943
3998,399.707994,6.491851442741073
3999,399.807996,6.1795100512158
4000,399.907998,6.24587199683419
4001,400.000014,6.226705990903355
