Frame,Time (ns),Solvent accessible surface area
1,0.0,26279.755291392394
2,0.100002,26592.828419085614
3,0.200004,26630.18443167143
4,0.30000600000000005,26312.244639197845
5,0.400008,26463.31876299352
6,0.50001,26201.98273565792
7,0.6000120000000001,26573.056843901213
8,0.700014,26624.875258302363
9,0.800016,26358.251991938756
10,0.900018,26806.615018210003
11,1.00002,26845.633023751758
12,1.1000219999999998,26786.398521440362
13,1.2000240000000002,26726.223314610863
14,1.3000260000000001,26683.56010867672
15,1.400028,26863.481109496737
16,1.50003,26719.797287983787
17,1.600032,26815.559481202137
18,1.700034,26953.036813090872
19,1.800036,27358.6430437651
20,1.9000380000000001,27294.18825027317
21,2.00004,27473.395045344223
22,2.1000419999999997,26795.3709614068
23,2.2000439999999997,26747.687032608148
24,2.300046,26888.971943514673
25,2.4000480000000004,27092.04132502083
26,2.5000500000000003,26879.031765859036
27,2.6000520000000003,26807.095856991287
28,2.700054,26513.59741158409
29,2.800056,26932.510425940385
30,2.900058,27284.016510073292
31,3.00006,26722.935179101576
32,3.100062,26801.904444656328
33,3.200064,27372.095919816802
34,3.300066,27634.942637924316
35,3.400068,27098.142324579236
36,3.50007,27204.454206353697
37,3.600072,27183.763410288775
38,3.700074,27190.027587767967
39,3.8000760000000002,26788.36684442942
40,3.900078,26632.554950983755
41,4.00008,26855.933165769104
42,4.1000820000000004,27120.24072378898
43,4.2000839999999995,27137.077394624077
44,4.300086,27355.343089110705
45,4.400087999999999,27108.856276273636
46,4.50009,26719.088645446267
47,4.600092,26958.71928118539
48,4.700094,27760.991501242563
49,4.800096000000001,27093.57209592806
50,4.900098,26937.720955772234
51,5.000100000000001,27035.97149924642
52,5.100102,27107.943583034237
53,5.2001040000000005,26831.007993670264
54,5.3001059999999995,26963.824255400177
55,5.400108,26673.288699315584
56,5.500109999999999,26918.482954487947
57,5.600112,26822.268964142168
58,5.700114,26706.524894514183
59,5.800116,26854.308315878945
60,5.900118,26942.715304091198
61,6.00012,26815.024006508724
62,6.100122000000001,26794.40548490158
63,6.200124,26759.36400808568
64,6.300126000000001,26783.220089837065
65,6.400128,26689.258582061215
66,6.50013,26758.371275055684
67,6.600132,26681.577095649827
68,6.700134,26647.31109631528
69,6.800136,26646.090100653204
70,6.900138,26939.96998018049
71,7.00014,26535.411707165375
72,7.100142,26463.060220270723
73,7.200144,26814.880841687584
74,7.300146,26931.168731993002
75,7.400148,26861.96030267552
76,7.5001500000000005,26664.789238730584
77,7.6001520000000005,26867.97861671339
78,7.700154,27066.57077893412
79,7.800156,26916.569125758484
80,7.900158,26951.597328575528
81,8.00016,26615.126977290478
82,8.100162000000001,26755.539631646196
83,8.200164000000001,26741.171843111653
84,8.300166,26711.868361894678
85,8.400167999999999,26915.63803748742
86,8.50017,27125.953312238806
87,8.600172,27491.668083435616
88,8.700174,27476.41760918146
89,8.800175999999999,27265.787456598147
90,8.900178,27033.11361257178
91,9.00018,27564.255892435314
92,9.100182,26861.976883536656
93,9.200184,27240.984245411986
94,9.300186,26952.051710581993
95,9.400188,27683.799823899044
96,9.50019,27342.203112070238
97,9.600192000000002,27422.302533746184
98,9.700194,27312.743259067774
99,9.800196,27227.01244499204
100,9.900198,27412.038403492304
101,10.000200000000001,27183.613826685134
102,10.100202,27170.88174731372
103,10.200204,27309.930278776894
104,10.300206,26751.15430997236
105,10.400208000000001,27090.775229728275
106,10.500210000000001,27228.92435662112
107,10.600211999999999,27091.768581411732
108,10.700214,27418.233273502356
109,10.800216,27147.199045944217
110,10.900218,26824.091362559
111,11.000219999999999,27283.20661002861
112,11.100222,27205.65282267199
113,11.200224,27010.92143118993
114,11.300226,27271.035394166294
115,11.400228,27294.488850182515
116,11.50023,26799.348084867488
117,11.600232,26941.092298781346
118,11.700234,26947.661556776842
119,11.800236,27262.7056357482
120,11.900238,27038.196155998077
121,12.00024,27430.08886671206
122,12.100242,27015.421820283416
123,12.200244000000001,26989.229806902382
124,12.300246000000001,27113.256215558744
125,12.400248,27480.59986025331
126,12.50025,27690.82698830861
127,12.600252000000001,27137.28411883264
128,12.700254000000001,27042.619048474146
129,12.800256,27239.604850586325
130,12.900258,27652.82974351185
131,13.00026,26889.883299724715
132,13.100262,26813.708654791666
133,13.200264,26919.384599525518
134,13.300265999999999,27261.77048304954
135,13.400268,27151.864578619745
136,13.50027,27118.689576341556
137,13.600272,26944.379853039118
138,13.700274,27380.668683979806
139,13.800276,27170.370873909436
140,13.900278,27254.821024675814
141,14.00028,26884.18081467518
142,14.100282000000002,27300.51561054891
143,14.200284,27093.173228651005
144,14.300286,27053.85045429628
145,14.400288,27331.621162689262
146,14.500290000000001,27351.641700333796
147,14.600292,27126.621501734517
148,14.700294,26613.157532997197
149,14.800296,26875.17170575127
150,14.900298000000001,26818.379190624422
151,15.000300000000001,26755.488378981452
152,15.100302,26642.125249085675
153,15.200304000000001,26846.178913058822
154,15.300306,26983.826229746042
155,15.400308,27183.040464127844
156,15.500309999999999,27083.891925336302
157,15.600312,27173.207200170633
158,15.700314,27159.09843771081
159,15.800316,26779.547995149645
160,15.900318,26383.60922911685
161,16.00032,26634.60775964206
162,16.100322,26842.85085838274
163,16.200324000000002,26504.397559786514
164,16.300326000000002,26640.652845174915
165,16.400328000000002,26531.21701670827
166,16.50033,26454.102309593785
167,16.600332,26770.978748236463
168,16.700333999999998,26380.152953244098
169,16.800335999999998,26757.180035164816
170,16.900338,26933.09907172542
171,17.00034,26896.28340915241
172,17.100342,26895.920577181594
173,17.200344,27046.98454858607
174,17.300346,26675.294869088553
175,17.400348,26608.697794238684
176,17.50035,26739.759900284458
177,17.600351999999997,26981.47035339808
178,17.700354,26599.75899748425
179,17.800356,26208.449023869583
180,17.900358,26555.635939825534
181,18.00036,26235.42837656227
182,18.100362,25921.676013904736
183,18.200364,26167.867961408872
184,18.300366,26555.796826434118
185,18.400368,26229.1104349702
186,18.50037,26389.306595698406
187,18.600372,26547.1467659271
188,18.700374,26344.653674862322
189,18.800376,26034.647927906208
190,18.900378,26324.14425492404
191,19.00038,26432.92064893857
192,19.100382,26600.866273263007
193,19.200384000000003,26243.21161068405
194,19.300386,26244.135410955652
195,19.400388,26049.020022748315
196,19.50039,25966.831484209735
197,19.600392,25911.83791638086
198,19.700394,25810.617441135146
199,19.800396,25843.510434727035
200,19.900398000000003,26074.71414896793
201,20.000400000000003,26314.744848623563
202,20.100402000000003,26556.694669128625
203,20.200404,26182.469476420407
204,20.300406,26428.455574974927
205,20.400408,26261.99903342995
206,20.50041,26215.00897431031
207,20.600412,26598.885923954367
208,20.700414000000002,26238.36190206408
209,20.800416000000002,26209.52899329083
210,20.900418000000002,26394.312984470595
211,21.000420000000002,26465.506663596483
212,21.100422,26294.73711567537
213,21.200423999999998,26285.895887028746
214,21.300425999999998,25979.957070854914
215,21.400428,26405.25856181782
216,21.50043,26645.725624505016
217,21.600432,26945.01282986994
218,21.700434,26803.607170202224
219,21.800436,26912.90786419162
220,21.900438,26897.334140597144
221,22.000439999999998,26429.958972432196
222,22.100441999999997,26386.62155407655
223,22.200444,26703.955722704366
224,22.300446,26622.661462067073
225,22.400448,26892.682384090494
226,22.50045,26587.13366196846
227,22.600452,26730.171957226794
228,22.700454,26630.521192760745
229,22.800456,26810.397183803736
230,22.900458,26372.117951450295
231,23.00046,26695.429997380113
232,23.100462,26885.030330732905
233,23.200464,26659.46745560617
234,23.300466,26266.35498684698
235,23.400468,26631.681597806775
236,23.50047,26506.47931304631
237,23.600472,26386.909769994265
238,23.700474000000003,26507.69165020819
239,23.800476,26583.72278979925
240,23.900478,26442.780563980312
241,24.00048,26162.89396903472
242,24.100482,26292.086474584314
243,24.200484,26529.54143716439
244,24.300486,26816.70698183112
245,24.400488000000003,26789.579250360082
246,24.500490000000003,26550.617988473747
247,24.600492000000003,26826.051493688952
248,24.700494,26514.486896142458
249,24.800496,26751.99523479646
250,24.900498,26835.95444071967
251,25.0005,26802.73670123193
252,25.100502,26363.791617100745
253,25.200504000000002,26786.870817864674
254,25.300506000000002,26564.873004907848
255,25.400508000000002,26761.780140705614
256,25.500510000000002,26586.080761223417
257,25.600512,26884.814870681108
258,25.700514,26827.56720586665
259,25.800516,26736.326798194666
260,25.900518,26555.448815943408
261,26.00052,26659.11924002509
262,26.100522,26701.75193004608
263,26.200524,26717.131711702787
264,26.300526,26807.805053089534
265,26.400528,26870.83651562317
266,26.500529999999998,26683.35706589702
267,26.600531999999998,26514.71977284976
268,26.700534,26685.70215485556
269,26.800536,26497.656668299795
270,26.900538,26925.20536793514
271,27.00054,26545.930603586123
272,27.100542,26571.29997209719
273,27.200544,26444.25058544302
274,27.300546,26531.277538742674
275,27.400548,26808.995864474764
276,27.50055,26613.03412535323
277,27.600552,26615.20276458203
278,27.700554,26421.65715956244
279,27.800556,26290.168941915083
280,27.900558,26476.85101499211
281,28.00056,26338.827761984554
282,28.100562,26809.16401033336
283,28.200564000000004,26335.77936373882
284,28.300566,26188.892439327075
285,28.400568,26624.53683404452
286,28.50057,26468.040625792
287,28.600572,26467.54202797957
288,28.700574,26420.064829663177
289,28.800576,26336.015480778686
290,28.900578000000003,26160.682271128033
291,29.000580000000003,26448.42704771186
292,29.100582000000003,26318.65693428279
293,29.200584,26786.54859011176
294,29.300586,26553.05074047535
295,29.400588,26278.525728208795
296,29.50059,26441.25377391082
297,29.600592,26152.873730571824
298,29.700594000000002,26697.84599463748
299,29.800596000000002,26313.57639458733
300,29.900598000000002,26307.915680602146
301,30.000600000000002,26504.827451429177
302,30.100602,26739.179475575293
303,30.200604,26064.074210490875
304,30.300606,26033.11706138542
305,30.400608000000002,26229.11840693722
306,30.50061,26754.869419471182
307,30.600612,26378.208852560223
308,30.700614,26405.18355037787
309,30.800616,26185.25728686489
310,30.900618,26483.66562772173
311,31.000619999999998,26478.605802296617
312,31.100621999999998,26548.869849812443
313,31.200624,26665.96605338981
314,31.300626,26475.24389738442
315,31.400628,26370.591536023734
316,31.50063,26227.71999507806
317,31.600632,26521.063567174264
318,31.700634,26369.903452362072
319,31.800636,26472.119435303393
320,31.900638,26521.257302017177
321,32.00064,26500.50374932274
322,32.100642,26354.886960371117
323,32.200644,26651.72298148561
324,32.300646,26516.233079648788
325,32.400648000000004,26526.501398889464
326,32.50065,26313.358784956625
327,32.600652000000004,26294.51618595215
328,32.700654,26506.79418547422
329,32.800656000000004,26564.368592006216
330,32.900658,26185.252461416956
331,33.00066,26360.44520567474
332,33.10066200000001,26450.27853675365
333,33.200664,26160.258708199606
334,33.300666,26593.809509274426
335,33.400667999999996,26471.622228253844
336,33.50067,26367.620752180275
337,33.600671999999996,26521.605758022513
338,33.700674,26412.665308714288
339,33.800676,26332.820699551892
340,33.900678,26401.86466323337
341,34.00068,26499.654133767315
342,34.100682,26372.355936280095
343,34.200684,26147.31272316736
344,34.300686,26481.641845661074
345,34.400688,26501.381855475545
346,34.500690000000006,26701.54699413906
347,34.600692,26670.747051132268
348,34.700694000000006,26264.040820770548
349,34.800696,26376.18713923409
350,34.900698000000006,26592.97376220724
351,35.0007,26272.095661988777
352,35.100702,26551.35597564702
353,35.200703999999995,26545.649819733735
354,35.300706,26945.955788663618
355,35.400708,26821.853705211874
356,35.50071,26368.67124364611
357,35.600712,26741.25693954198
358,35.700714,26790.37139926018
359,35.800716,26708.344790648625
360,35.900718,26605.616019275167
361,36.00072,26670.879644336328
362,36.100722000000005,26445.70131397248
363,36.200724,26502.533295163506
364,36.300726000000004,26050.56156686249
365,36.400728,26015.277222627163
366,36.500730000000004,26311.42686307568
367,36.600732,26625.362067544018
368,36.700734000000004,26636.49606611367
369,36.800736,26482.916820719627
370,36.900738,26540.65738830905
371,37.00074,26541.843691344464
372,37.100742,26749.08407351606
373,37.200744,26762.950007542524
374,37.300746,26845.906251338893
375,37.400748,26513.6544063321
376,37.50075,26289.827954684344
377,37.600752,26629.997815176688
378,37.700754,26361.204729000787
379,37.800756,26305.610437621115
380,37.900758,26040.422376070823
381,38.00076,26487.528530774456
382,38.100762,26639.686897080723
383,38.200764,26736.73269781189
384,38.300766,26820.339956692565
385,38.40076800000001,26798.724937173083
386,38.50077,26695.584072588874
387,38.600772,26704.631455223134
388,38.700773999999996,26644.90943260983
389,38.800776,26677.658003091172
390,38.900777999999995,26958.376313764376
391,39.00078,27178.900642038097
392,39.100782,27203.29138870566
393,39.200784,27167.41434828479
394,39.300786,26907.175743497624
395,39.400788,26926.735155392635
396,39.50079,27300.021264174993
397,39.600792,26887.571209174996
398,39.700794,26668.004332660294
399,39.800796000000005,26861.0546557987
400,39.900798,26760.947329840234
401,40.000800000000005,26521.45267067195
402,40.100802,26784.740259862607
403,40.200804000000005,26544.434794864264
404,40.300806,26476.029790722136
405,40.400808,26482.664951190327
406,40.500809999999994,26766.915651381034
407,40.600812,27099.703733568487
408,40.700814,26866.628206418707
409,40.800816,26714.261039325957
410,40.900818,26687.809091738134
411,41.00082,27241.666590773784
412,41.100822,26884.42513066982
413,41.200824,26761.868888169793
414,41.300826,27276.976513943755
415,41.400828000000004,27113.621376375537
416,41.50083,26892.79487686671
417,41.600832000000004,26700.924284642708
418,41.700834,26559.75344445094
419,41.800836000000004,26546.935525942492
420,41.900838,26441.870981380674
421,42.000840000000004,26550.207209357774
422,42.10084200000001,26494.306407695418
423,42.200844,26407.685643030334
424,42.300846,26668.240069410564
425,42.400847999999996,26520.56953453444
426,42.50085,26555.931754385398
427,42.600851999999996,26804.32515111716
428,42.700854,27092.564186061176
429,42.800856,26829.653376340582
430,42.900858,26771.477092846857
431,43.00086,27060.472650116964
432,43.100862,27008.760195255894
433,43.200864,27055.885131345414
434,43.300866,26980.068836769668
435,43.400868,26566.15591960111
436,43.500870000000006,26687.61587064739
437,43.600872,26484.216342091553
438,43.700874000000006,26765.00983091862
439,43.800876,26562.81833454996
440,43.900878000000006,26696.126752765653
441,44.000879999999995,26985.75701354095
442,44.100882,26443.454324915
443,44.200883999999995,26858.965110882997
444,44.300886,26473.37951193946
445,44.400888,26799.00393374061
446,44.50089,26682.634645100134
447,44.600892,26584.86962283541
448,44.700894,26680.635176503347
449,44.800896,26518.00386435546
450,44.900898,26660.254341604028
451,45.0009,26804.29572708644
452,45.100902000000005,26329.44241510202
453,45.200904,26436.489492341036
454,45.300906000000005,26450.04947136234
455,45.400908,26811.127929932918
456,45.500910000000005,26801.059708128578
457,45.600912,26743.368470231904
458,45.700914000000004,26679.57385340315
459,45.800916,26507.515281784137
460,45.900918,26756.006560389746
461,46.00092,27076.983813480758
462,46.100922,26871.961185288343
463,46.200924,27075.890144038498
464,46.300926,26831.12817594101
465,46.400928,26349.939445846918
466,46.50093,26651.112595032926
467,46.600932,26890.737519250924
468,46.700934000000004,27093.97534838444
469,46.800936,26797.569135262424
470,46.900938000000004,26637.61328146394
471,47.00094,26928.57575486741
472,47.100942,27196.292464202546
473,47.200944,26770.938590590627
474,47.300946,26577.202587499578
475,47.40094800000001,26930.32596492193
476,47.50095,26471.766489875554
477,47.600952,26642.073966241947
478,47.700953999999996,26909.62292424092
479,47.800956,27173.241987393325
480,47.900957999999996,26857.007468688807
481,48.00096,27193.478860716143
482,48.100962,26945.56025547809
483,48.200964,27078.527275477067
484,48.300966,27053.734910683426
485,48.400968,27124.3972986922
486,48.50097,26789.877983174683
487,48.600972,26614.633043591057
488,48.700974,26742.607000483404
489,48.800976000000006,26677.46013212517
490,48.900978,26756.78767392851
491,49.000980000000006,26720.638189323145
492,49.100982,27290.627175718404
493,49.200984000000005,26980.555317870472
494,49.300986,27022.92305641639
495,49.400988,26813.038187997972
496,49.500989999999994,26986.918681951898
497,49.600992,26672.701253042727
498,49.700994,26631.247269536798
499,49.800996,27163.534966389256
500,49.900998,27077.9703912527
501,50.001,27176.208921655172
502,50.101002,26866.317914093263
503,50.201004,26718.179039982566
504,50.301006,27013.783079001416
505,50.401008000000004,26426.566026934932
506,50.50101,26881.861126250817
507,50.601012000000004,26848.431026583272
508,50.701014,26850.286640993618
509,50.801016000000004,26986.42842323244
510,50.901018,27036.117048086675
511,51.001020000000004,26822.75800200393
512,51.10102200000001,26859.580551522205
513,51.201024,27345.17037288992
514,51.301026,27032.687520672505
515,51.401028,26984.344933191478
516,51.50103,26651.906329454923
517,51.601032,27168.88592342335
518,51.701034,26848.166899282365
519,51.801036,26979.068151576106
520,51.901038,26872.34024846609
521,52.00104,26985.66531448678
522,52.101042,26854.0059033139
523,52.201044,26684.939995350942
524,52.301046,26613.51216014153
525,52.401048,26818.744328635865
526,52.501050000000006,26942.860820233454
527,52.601052,26354.86502156042
528,52.701054000000006,26765.29582976175
529,52.801056,26389.233147783787
530,52.901058000000006,26365.801233420218
531,53.001059999999995,26600.942672272704
532,53.101062,26541.145284541068
533,53.201063999999995,26529.75037420998
534,53.301066,26704.990351126722
535,53.401068,26884.015501010606
536,53.50107,26975.370558915456
537,53.601072,26883.65462350625
538,53.701074,26897.580183850954
539,53.801076,27003.82896143175
540,53.901078,26707.146757085342
541,54.00108,26714.174917135577
542,54.101082000000005,27062.455283308078
543,54.201084,26742.792934815465
544,54.301086000000005,26323.60503386564
545,54.401088,26727.774286411335
546,54.501090000000005,27127.81447352089
547,54.601092,27037.185584998886
548,54.701094000000005,26888.85611831533
549,54.801096,26995.953484481448
550,54.901098,26756.68343585113
551,55.0011,26562.455208225867
552,55.101102,26901.663127297645
553,55.201104,27167.762459664722
554,55.301106,27155.071563896014
555,55.401108,26877.59036638787
556,55.50111,26884.970711747752
557,55.601112,27224.837296198297
558,55.701114000000004,26981.889519023018
559,55.801116,27165.324630544474
560,55.901118000000004,26831.297129186856
561,56.00112,27640.22010342751
562,56.101122000000004,26944.21346959584
563,56.201124,26784.23953855692
564,56.301126000000004,27091.218624918067
565,56.40112800000001,26997.871515222436
566,56.50113,26642.619011454684
567,56.601132,26833.036212246134
568,56.701133999999996,27031.17783873002
569,56.801136,27284.06569430913
570,56.901137999999996,27075.560470068333
571,57.00114,27251.392758299542
572,57.101142,26932.92763171178
573,57.201144,26893.101940369368
574,57.301146,27225.86842357328
575,57.401148,27062.503472515073
576,57.50115,27123.5321618871
577,57.601152,27064.60751653274
578,57.701154,26982.846884789345
579,57.801156000000006,26982.67371984899
580,57.901158,26872.122238466804
581,58.001160000000006,26862.854015016346
582,58.101162,26912.96804298633
583,58.201164000000006,26948.583734648862
584,58.301166,27289.254084693715
585,58.401168,27220.081008973357
586,58.501169999999995,27757.250013358484
587,58.601172,27232.05342517683
588,58.701174,27216.91169463927
589,58.801176,26836.10136058642
590,58.901178,26849.373106606574
591,59.00118,27300.62521480088
592,59.101182,26991.4086731342
593,59.201184,26922.828108057518
594,59.301186,27140.038009505064
595,59.401188000000005,26913.614661618925
596,59.50119,26690.987574816565
597,59.601192000000005,27033.916115770095
598,59.701194,27015.529386465987
599,59.801196000000004,26758.358191244897
600,59.901198,26936.276992946507
601,60.001200000000004,27141.448397131648
602,60.10120200000001,27210.272123366198
603,60.201204,26805.774303057275
604,60.301206,27103.977054336206
605,60.401208,26736.340350177437
606,60.50121,26647.165151349178
607,60.601212,26684.15261413418
608,60.701214,26640.8353718963
609,60.801216000000004,26933.47665288062
610,60.901218,26700.315903907136
611,61.00122,26488.24660731674
612,61.101222,26809.39652694716
613,61.201224,27016.882738591783
614,61.301226,26901.43556224129
615,61.401228,27039.892427232724
616,61.50123000000001,27105.943249774566
617,61.601232,27147.525582140443
618,61.70123400000001,27082.061192089684
619,61.801236,26947.320940882793
620,61.901238000000006,26521.32385724228
621,62.001239999999996,26539.93734542329
622,62.101242,27006.2335487041
623,62.201243999999996,26932.49860183168
624,62.301246,26996.489577138753
625,62.401248,27004.16713116041
626,62.50125,27133.390964405335
627,62.601252,26568.494784191622
628,62.701254,26812.622284279118
629,62.801256,26904.11383175173
630,62.901258,27132.462253695077
631,63.00126,27150.492839731258
632,63.101262000000006,27133.7950980059
633,63.201264,26833.837820273136
634,63.301266000000005,26945.19283483433
635,63.401268,27021.230882048494
636,63.501270000000005,26575.691750126058
637,63.601272,27062.561631467557
638,63.701274000000005,27105.242759069297
639,63.801276,26930.023718860262
640,63.901278,26758.44041162823
641,64.00128,26856.379074202396
642,64.101282,26794.721087099304
643,64.201284,26871.934669278282
644,64.301286,27165.949772143875
645,64.401288,26937.663732449702
646,64.50129,26544.404402451382
647,64.601292,26832.364396912086
648,64.701294,26465.768752543227
649,64.80129600000001,26787.13929092408
650,64.901298,26792.30458207615
651,65.0013,26913.231895115994
652,65.101302,26675.816172731214
653,65.20130400000001,26539.53205600422
654,65.30130600000001,26836.32298087998
655,65.401308,26968.840482702326
656,65.50131,26694.24762434945
657,65.60131200000001,26692.139280340125
658,65.701314,27098.000039114882
659,65.801316,26352.502497652542
660,65.901318,26852.549842863507
661,66.00132,27020.04398410488
662,66.101322,26545.554649134512
663,66.20132400000001,26650.883540796603
664,66.301326,26484.703405555632
665,66.401328,26476.89207769335
666,66.50133,26678.292337185376
667,66.601332,26863.02739188141
668,66.701334,26750.445790244776
669,66.80133599999999,26424.001698097876
670,66.90133800000001,26430.217447965442
671,67.00134,26441.58252992089
672,67.101342,26510.346035031973
673,67.20134399999999,26670.41495848725
674,67.30134600000001,26794.81172434469
675,67.401348,26696.817008881957
676,67.50135,26858.398183488567
677,67.601352,26750.021962855455
678,67.70135400000001,26689.153057346874
679,67.801356,27071.98349693342
680,67.901358,26596.566911681184
681,68.00136,26947.18306654666
682,68.10136200000001,26664.924138204657
683,68.201364,26570.792706721102
684,68.301366,26405.499647712215
685,68.401368,26504.394905965488
686,68.50137,26859.217723831152
687,68.601372,26759.29289774417
688,68.701374,26993.536144809514
689,68.801376,26834.85436882308
690,68.901378,26688.157531749643
691,69.00138000000001,26459.388626252763
692,69.101382,26853.693224445433
693,69.201384,26772.069584041896
694,69.301386,26738.227472965646
695,69.40138800000001,26928.923235866037
696,69.50139,26781.381480579705
697,69.601392,26754.038759329705
698,69.701394,26877.105456146393
699,69.80139600000001,26293.777709168255
700,69.901398,26473.860300319015
701,70.0014,26595.332544555775
702,70.10140200000001,26889.11169768594
703,70.201404,26446.93268677083
704,70.301406,26496.324720312292
705,70.40140799999999,27054.542189076838
706,70.50141,26475.500567998053
707,70.601412,26643.296697489477
708,70.701414,26916.3153712678
709,70.801416,26525.453669217186
710,70.901418,26729.40856181859
711,71.00142,26703.662662886578
712,71.101422,26610.561381973075
713,71.201424,26664.293305369432
714,71.301426,26792.267549902448
715,71.401428,26686.521953650386
716,71.50143000000001,26662.13648307312
717,71.601432,26837.13156310294
718,71.701434,26451.43355389803
719,71.801436,26638.87711697991
720,71.901438,26809.974034196483
721,72.00144,26916.71892622792
722,72.10144199999999,26709.385816927726
723,72.20144400000001,26628.401149477362
724,72.301446,26764.59665310824
725,72.401448,26766.867915138184
726,72.50144999999999,27019.235669296595
727,72.60145200000001,27314.378397324377
728,72.701454,27071.93683374134
729,72.801456,27075.65198861532
730,72.901458,27095.087732640797
731,73.00146000000001,26947.98952249925
732,73.101462,26910.15359588507
733,73.201464,26795.315899593683
734,73.301466,26514.932057840026
735,73.40146800000001,26489.092518964415
736,73.50147,26681.359741875964
737,73.601472,26474.204084762456
738,73.701474,26655.62970637102
739,73.801476,26943.09812320457
740,73.901478,26301.385724253025
741,74.00148,26457.41447467788
742,74.101482,26709.549889362133
743,74.201484,27014.540940468934
744,74.30148600000001,27087.302590492527
745,74.401488,27052.275039478118
746,74.50149,26661.284392004618
747,74.601492,26519.232091836464
748,74.70149400000001,26400.768594022014
749,74.801496,26982.7766462812
750,74.901498,26882.681248343724
751,75.0015,26442.642697139254
752,75.10150200000001,26633.419350888278
753,75.201504,26564.386230696797
754,75.301506,26715.84986801786
755,75.401508,26410.226173256306
756,75.50151,26748.613651048174
757,75.601512,26386.171840509818
758,75.70151399999999,26682.092812117902
759,75.801516,26998.807513657077
760,75.901518,26717.538162504352
761,76.00152,26555.6645114067
762,76.101522,26818.342203546556
763,76.201524,26707.260322151556
764,76.301526,26867.65311000488
765,76.401528,26576.20740045277
766,76.50153,26799.814028230667
767,76.601532,26591.21321786738
768,76.701534,26467.107581773827
769,76.80153600000001,26247.711203569077
770,76.901538,26593.06721452552
771,77.00154,26924.50472943431
772,77.101542,26784.381882463647
773,77.201544,26726.627014281683
774,77.301546,26746.13142019754
775,77.40154799999999,26433.087350377034
776,77.50155000000001,26621.293828860562
777,77.601552,26499.106047535864
778,77.701554,26680.25016846287
779,77.80155599999999,26453.938940465345
780,77.90155800000001,26477.178880076295
781,78.00156,26527.64724069879
782,78.101562,26205.228553633784
783,78.201564,26570.245449786336
784,78.30156600000001,26397.830082425706
785,78.401568,26352.474492019945
786,78.50157,26313.38572909651
787,78.601572,26736.5193653681
788,78.70157400000001,26800.08906669901
789,78.801576,26841.085182882365
790,78.90157800000001,26447.13089009401
791,79.00158,26892.939271214673
792,79.101582,26979.317158057187
793,79.201584,26873.0010076573
794,79.301586,26815.16668882175
795,79.401588,26671.76358380598
796,79.50159,27107.686992370916
797,79.60159200000001,27038.069109468415
798,79.701594,26973.0457635698
799,79.801596,26918.1640813805
800,79.90159799999999,26825.443343659706
801,80.00160000000001,27134.451218736645
802,80.101602,26760.69646146596
803,80.201604,26715.30177014145
804,80.301606,27093.490743879105
805,80.40160800000001,26720.86081552074
806,80.50161,26653.635288651407
807,80.601612,26413.756264471012
808,80.701614,27089.273337249404
809,80.801616,26942.924375473285
810,80.901618,26847.18211354422
811,81.00161999999999,27182.899088388076
812,81.101622,26534.43916357063
813,81.201624,26827.663123813643
814,81.301626,26477.307213659922
815,81.401628,26709.866986597077
816,81.50163,26738.215772650456
817,81.601632,26543.54988698686
818,81.701634,26686.46084863881
819,81.801636,26516.513417952898
820,81.901638,26496.052523282164
821,82.00164,26303.867229710115
822,82.10164200000001,26226.055482674386
823,82.201644,26445.39256558453
824,82.301646,26272.122406180148
825,82.401648,26381.299582546722
826,82.50165000000001,26295.631448691838
827,82.601652,26427.086638845594
828,82.70165399999999,26633.486489786847
829,82.80165600000001,26446.515438339564
830,82.901658,26467.453964201173
831,83.00166,26885.380887167903
832,83.10166199999999,26664.377687748187
833,83.20166400000001,26441.640844807283
834,83.301666,26590.779482283928
835,83.401668,26675.405263825825
836,83.50167,26757.960918605655
837,83.60167200000001,26799.73225078908
838,83.701674,26849.52039663526
839,83.801676,26642.498186728746
840,83.901678,26376.14626186507
841,84.00168000000001,26843.63882575251
842,84.101682,26777.854322277257
843,84.20168400000001,26572.029865506272
844,84.301686,26300.70682319831
845,84.401688,26523.83725256071
846,84.50169,26664.413046497466
847,84.601692,26699.633557760502
848,84.701694,26549.541700140697
849,84.80169599999999,26532.448286652118
850,84.90169800000001,26379.003674410877
851,85.0017,26835.15486892426
852,85.101702,26386.48791302628
853,85.20170399999999,26579.714676796382
854,85.30170600000001,26536.986288228047
855,85.401708,26561.515834665657
856,85.50171,26753.477566757585
857,85.601712,26166.48038420718
858,85.70171400000001,26572.409042421677
859,85.801716,26604.655765875515
860,85.901718,26934.737058144285
861,86.00172,26750.820088544853
862,86.10172200000001,26401.01267442594
863,86.201724,26741.761404185763
864,86.301726,26790.138671378303
865,86.401728,26537.220042359768
866,86.50173,26741.73799890369
867,86.601732,26344.76952200202
868,86.701734,26439.130821769206
869,86.801736,26301.633799400908
870,86.901738,26478.57663960063
871,87.00174000000001,26294.937957929294
872,87.101742,26558.457753797953
873,87.201744,26415.448289190328
874,87.301746,26289.70700786171
875,87.40174800000001,25900.60751206599
876,87.50175,26050.388329794117
877,87.601752,25738.08213873383
878,87.701754,26259.167556531673
879,87.80175600000001,26240.555502793562
880,87.901758,25935.938908065233
881,88.00175999999999,26157.388954783735
882,88.10176200000001,26234.7556630178
883,88.201764,26343.540805866345
884,88.301766,26561.82430166949
885,88.40176799999999,26398.63128791715
886,88.50177000000001,26654.801137692273
887,88.601772,26206.4035985262
888,88.701774,26019.88937242875
889,88.801776,26200.565104772893
890,88.90177800000001,26493.30531883344
891,89.00178,25970.971002017293
892,89.101782,26262.193818235664
893,89.201784,26247.978340692913
894,89.301786,26177.56917715309
895,89.401788,26538.458569521987
896,89.50179000000001,26174.873103697173
897,89.601792,26608.200905431757
898,89.701794,26721.189346155803
899,89.801796,26676.257963969
900,89.901798,26300.11834533209
901,90.0018,26486.455049573407
902,90.10180199999999,26235.4438391001
903,90.20180400000001,26439.49012409509
904,90.301806,26578.111057876922
905,90.401808,26187.0371283495
906,90.50180999999999,26294.97711832711
907,90.60181200000001,26206.891976635674
908,90.701814,26412.391363703224
909,90.801816,26274.67105780283
910,90.901818,26263.53313405704
911,91.00182000000001,26462.03973637381
912,91.101822,26420.276862109586
913,91.201824,26326.238501762546
914,91.301826,26232.89565047413
915,91.40182800000001,26249.75994002272
916,91.50183,25793.20417147206
917,91.601832,26475.93464415207
918,91.701834,26114.65464693759
919,91.801836,26287.291985980253
920,91.901838,26375.821770304636
921,92.00184,26283.69376809334
922,92.101842,26364.381422973333
923,92.201844,26297.46103149974
924,92.30184600000001,26204.28557057193
925,92.401848,26393.670069799882
926,92.50185,26466.03977842215
927,92.601852,26459.848266630157
928,92.70185400000001,26434.45064893393
929,92.801856,26721.60246227501
930,92.901858,26784.182851942332
931,93.00186,26142.57716207249
932,93.10186200000001,26311.6613337385
933,93.201864,26630.321879820953
934,93.301866,26577.840888692226
935,93.40186800000001,26178.50831385737
936,93.50187,26435.01847979284
937,93.601872,26830.07781124708
938,93.70187399999999,26307.555297561066
939,93.80187600000001,26430.48278101584
940,93.901878,26398.834821387263
941,94.00188,26364.596534340028
942,94.101882,26049.804167489914
943,94.201884,25949.832720591618
944,94.301886,25970.342191526106
945,94.401888,25909.297144984586
946,94.50189,26012.579530429222
947,94.601892,26158.74811751141
948,94.701894,25958.608672659753
949,94.80189600000001,26174.781879342838
950,94.901898,26079.06382074941
951,95.0019,26147.071891913067
952,95.101902,26186.500422716203
953,95.201904,25955.27512785892
954,95.301906,25786.748466331017
955,95.40190799999999,25923.43766420306
956,95.50191000000001,26484.895486564372
957,95.601912,26522.852412713484
958,95.701914,26289.999122119814
959,95.80191599999999,26322.432381127102
960,95.90191800000001,26440.268902008866
961,96.00192,26556.206679552328
962,96.101922,26553.906237316198
963,96.201924,26418.55244719678
964,96.30192600000001,26300.03352529553
965,96.401928,26444.370153119613
966,96.50193,26425.414613986155
967,96.601932,26584.655242844852
968,96.70193400000001,26474.569840400167
969,96.801936,26601.292466245723
970,96.90193800000002,26544.919457344018
971,97.00194,26473.424189611545
972,97.101942,26516.142056758283
973,97.201944,26505.24840736905
974,97.301946,26818.770315535414
975,97.401948,26768.2156008575
976,97.50195,26362.42677397529
977,97.60195200000001,26555.132949507493
978,97.701954,26610.776638767027
979,97.801956,26676.727267183458
980,97.901958,26567.253426271986
981,98.00196000000001,26642.245244825423
982,98.101962,26787.241039779205
983,98.201964,26540.0762348099
984,98.30196600000001,26493.91205458423
985,98.40196800000001,26385.14256262435
986,98.50197,26486.225288653266
987,98.601972,26370.18354764632
988,98.701974,26260.14730696219
989,98.801976,26403.03056390372
990,98.901978,26430.168018283952
991,99.00197999999999,26487.987049224128
992,99.101982,26692.355400970475
993,99.201984,26514.088048568727
994,99.301986,26557.851252879052
995,99.401988,26517.924660964916
996,99.50199,26335.274679045826
997,99.601992,26505.29297785942
998,99.701994,26317.5445802195
999,99.801996,26360.02536170339
1000,99.901998,26593.122830478012
1001,100.002,26831.72412915694
1002,100.10200200000001,26511.78467245179
1003,100.202004,26131.032870765037
1004,100.302006,26298.946630572755
1005,100.402008,26343.781581980234
1006,100.50201000000001,26532.413594777634
1007,100.602012,26392.487208493836
1008,100.70201399999999,26542.766760906594
1009,100.80201600000001,26341.86653280498
1010,100.902018,26564.65832621045
1011,101.00202,26535.027570454902
1012,101.10202199999999,26447.345410324473
1013,101.20202400000001,26323.492504112484
1014,101.302026,26320.240915215632
1015,101.402028,26346.3245120685
1016,101.50203,26348.169654616413
1017,101.60203200000001,26381.005311148518
1018,101.702034,26110.20240331368
1019,101.802036,26105.15587805078
1020,101.902038,26272.487745037262
1021,102.00204000000001,26061.757562557414
1022,102.102042,26177.42329878236
1023,102.20204400000001,26261.882010557267
1024,102.302046,26094.672244450478
1025,102.402048,26076.983424862832
1026,102.50205,26216.218459250576
1027,102.602052,26598.896504333286
1028,102.702054,26603.19072580437
1029,102.802056,26569.216936898367
1030,102.90205800000001,26314.624249911103
1031,103.00206,26269.83342407395
1032,103.102062,26487.21931377819
1033,103.202064,26552.517811749454
1034,103.30206600000001,26258.317459147496
1035,103.402068,26359.394592391047
1036,103.50207,26441.88675171206
1037,103.602072,26454.79064011073
1038,103.70207400000001,26413.591686618776
1039,103.802076,26137.523415196196
1040,103.902078,26309.248980448196
1041,104.00208,26514.87192662954
1042,104.10208200000001,26122.990404717584
1043,104.202084,26722.01073542623
1044,104.302086,26367.55253177906
1045,104.402088,26662.56923669719
1046,104.50209,26259.265249334014
1047,104.602092,26206.224092878227
1048,104.702094,26773.36997129003
1049,104.802096,26246.494542952143
1050,104.902098,26477.78888509725
1051,105.00210000000001,26135.358032097723
1052,105.102102,26012.861320930995
1053,105.202104,26169.839967780725
1054,105.302106,25889.939346969622
1055,105.40210800000001,26303.318830769036
1056,105.50211,25899.32700332625
1057,105.602112,26092.740550756123
1058,105.702114,26064.545625174866
1059,105.80211600000001,26318.524551772
1060,105.902118,26075.12294395323
1061,106.00211999999999,26073.549798396903
1062,106.10212200000001,26461.426557830564
1063,106.202124,25861.460211055477
1064,106.302126,26040.961447711612
1065,106.40212799999999,26147.397287447027
1066,106.50213000000001,25841.65167656398
1067,106.602132,25922.760656938957
1068,106.702134,26333.18571776282
1069,106.802136,26158.146409648893
1070,106.90213800000001,25763.557105416297
1071,107.00214,26089.842487206424
1072,107.102142,26043.40858694984
1073,107.202144,26063.007917756637
1074,107.30214600000001,26314.851228161657
1075,107.402148,26114.577121790222
1076,107.50215000000001,26136.904337223274
1077,107.602152,26060.216126444866
1078,107.702154,26134.17679032184
1079,107.802156,26186.411812762653
1080,107.902158,25917.424390127326
1081,108.00216,26229.65494005005
1082,108.10216199999999,26086.10307359537
1083,108.20216400000001,25881.768460846903
1084,108.302166,26042.495760026304
1085,108.402168,25802.192874998673
1086,108.50216999999999,25886.238148411
1087,108.60217200000001,26118.97904670234
1088,108.702174,26232.16753147047
1089,108.802176,25939.782061150934
1090,108.902178,26226.45868403413
1091,109.00218000000001,26156.992091875287
1092,109.102182,26361.25731478315
1093,109.202184,26402.57830830665
1094,109.302186,26387.29995410687
1095,109.40218800000001,26346.052898117443
1096,109.50219,26041.727624849264
1097,109.602192,26066.00020989867
1098,109.702194,25922.84488837092
1099,109.802196,26120.467850070378
1100,109.902198,25861.884926918457
1101,110.0022,26136.332326017353
1102,110.102202,25805.90377437222
1103,110.202204,26012.948700068373
1104,110.30220600000001,25804.106830383822
1105,110.402208,26103.585939803474
1106,110.50221,26106.28063839872
1107,110.602212,26152.690801643446
1108,110.70221400000001,26418.232606986436
1109,110.802216,26423.882889753135
1110,110.902218,26627.197619582024
1111,111.00222,26151.905521442695
1112,111.10222200000001,26058.58313378475
1113,111.202224,26461.99788844177
1114,111.30222599999999,26307.005267019045
1115,111.40222800000001,25977.59705117664
1116,111.50223,25937.437991504237
1117,111.602232,26136.983946640918
1118,111.70223399999999,25896.138994062057
1119,111.80223600000001,25937.19798963045
1120,111.902238,26395.012010819115
1121,112.00224,26159.05944437192
1122,112.102242,26088.914423425525
1123,112.20224400000001,26191.154212716443
1124,112.302246,26334.151267546073
1125,112.402248,26023.022909976662
1126,112.50225,26339.01964214947
1127,112.60225200000001,26377.78177596362
1128,112.702254,26353.920185782834
1129,112.80225600000001,26354.95308652195
1130,112.902258,26033.3185505085
1131,113.00226,26194.816799990625
1132,113.102262,26082.393491051043
1133,113.202264,26271.783615911838
1134,113.302266,26228.919762610203
1135,113.40226799999999,26050.149565566022
1136,113.50227000000001,26242.675077134692
1137,113.602272,26180.872549137825
1138,113.702274,25993.85850672829
1139,113.80227599999999,26394.82929919775
1140,113.90227800000001,26233.77784563927
1141,114.00228,25950.95672705381
1142,114.102282,26125.651999709553
1143,114.202284,26367.373593783286
1144,114.30228600000001,25840.477129548075
1145,114.402288,25571.73091137505
1146,114.50229,26004.912254724153
1147,114.602292,26103.561776988794
1148,114.70229400000001,25964.205767841748
1149,114.802296,25927.35016640781
1150,114.902298,25705.178633792762
1151,115.0023,26074.075535485154
1152,115.102302,26011.0153872701
1153,115.202304,26085.775558224745
1154,115.302306,26097.582941237262
1155,115.402308,26003.73705333248
1156,115.50231,26170.634415191776
1157,115.60231200000001,26052.12292178281
1158,115.702314,26200.07025391646
1159,115.802316,26120.45781475864
1160,115.902318,25809.17977365515
1161,116.00232000000001,25969.53618272055
1162,116.102322,25888.39323508852
1163,116.202324,26207.58557463677
1164,116.30232600000001,26022.128546612017
1165,116.40232800000001,26270.395801287737
1166,116.50233,26158.693592045685
1167,116.602332,26166.844478736522
1168,116.70233400000001,26011.348148731
1169,116.802336,25943.090652872484
1170,116.902338,26080.39191064981
1171,117.00233999999999,26353.48410845194
1172,117.10234200000001,26245.990001358605
1173,117.202344,26113.36593697254
1174,117.302346,26234.970183527013
1175,117.402348,26495.902903307324
1176,117.50235,26638.72554476739
1177,117.602352,26257.429241019843
1178,117.702354,26468.831670341082
1179,117.802356,25994.778439557744
1180,117.902358,26023.994005433615
1181,118.00236,26269.81130156868
1182,118.10236200000001,25842.603784657847
1183,118.202364,25854.921667936196
1184,118.302366,26077.026235405647
1185,118.402368,26093.427155026595
1186,118.50237,26092.62971328158
1187,118.602372,25888.15436622302
1188,118.70237399999999,25725.618630490626
1189,118.80237600000001,25888.76040121883
1190,118.902378,25952.424235329127
1191,119.00238,25975.62687384071
1192,119.10238199999999,26444.251567504736
1193,119.20238400000001,26347.115969464903
1194,119.302386,26088.91593461064
1195,119.402388,26087.202189201747
1196,119.50239,26248.074844872288
1197,119.60239200000001,25803.59776516482
1198,119.702394,26209.112033742458
1199,119.802396,26068.833783496964
1200,119.902398,26494.83664776422
1201,120.00240000000001,26263.48167419529
1202,120.102402,26316.426149315794
1203,120.20240400000002,26151.371062098202
1204,120.302406,26562.355375179526
1205,120.402408,26456.551867770846
1206,120.50241,26359.96912399329
1207,120.602412,26401.940838066494
1208,120.702414,26461.39095336964
1209,120.802416,26355.719416916592
1210,120.90241800000001,26645.577329168125
1211,121.00242,26198.36698301604
1212,121.102422,26174.92861728745
1213,121.202424,26206.97801000087
1214,121.30242600000001,26092.451142145062
1215,121.402428,25938.24272521249
1216,121.50243,25869.960405108955
1217,121.60243200000001,25787.198669027297
1218,121.70243400000001,25681.70074987882
1219,121.802436,26002.956072141296
1220,121.902438,26189.964927105357
1221,122.00244,26297.756918275452
1222,122.102442,25998.855492099894
1223,122.202444,26183.72003369276
1224,122.302446,25635.987041345208
1225,122.402448,26042.33498395204
1226,122.50245,26105.88253417635
1227,122.602452,26427.021224931865
1228,122.702454,26128.087504210213
1229,122.802456,26295.92595947292
1230,122.902458,26470.350322571812
1231,123.00246000000001,26143.87102987627
1232,123.102462,25996.467308093328
1233,123.202464,26011.626872901532
1234,123.302466,26193.08945388197
1235,123.40246800000001,26250.03790096952
1236,123.50247,25912.81165990853
1237,123.602472,26070.418065438294
1238,123.702474,26103.65129490499
1239,123.80247600000001,26038.23963213726
1240,123.902478,26153.54803674566
1241,124.00247999999999,25788.204627579547
1242,124.10248200000001,26145.505317889845
1243,124.202484,25949.827296849424
1244,124.302486,26176.892216575376
1245,124.40248799999999,26015.86823404127
1246,124.50249000000001,26506.288830977053
1247,124.602492,26035.276544752287
1248,124.702494,26312.022151020203
1249,124.802496,25884.02415157346
1250,124.90249800000001,26069.179597725528
1251,125.0025,25619.699395309795
1252,125.102502,26172.508563908123
1253,125.202504,26071.52062894304
1254,125.30250600000001,25851.825920837433
1255,125.402508,26019.468335320504
1256,125.50251000000002,25985.7748580368
1257,125.602512,25840.7630507926
1258,125.702514,25956.41988176171
1259,125.802516,26019.491640001957
1260,125.902518,25909.96358483499
1261,126.00252,25827.200416466494
1262,126.102522,26089.821401414338
1263,126.20252400000001,25891.785714609778
1264,126.302526,26379.97598914199
1265,126.402528,26144.25950692898
1266,126.50253,26146.556282352238
1267,126.60253200000001,26323.142791526167
1268,126.702534,26168.27851085791
1269,126.802536,26065.597498410156
1270,126.902538,26029.57178543466
1271,127.00254000000001,26000.014122069813
1272,127.102542,25823.917007685384
1273,127.202544,25946.25533199446
1274,127.302546,26014.278353908485
1275,127.40254800000001,26105.4816249379
1276,127.50255,26226.052009959618
1277,127.602552,26351.383798912302
1278,127.702554,26450.635039523106
1279,127.802556,26198.441153901094
1280,127.902558,26185.0653046197
1281,128.00256,26302.070351034152
1282,128.102562,26232.510964190562
1283,128.202564,25845.160742668555
1284,128.302566,26297.998522053855
1285,128.402568,26117.658101348006
1286,128.50257000000002,26250.157254691396
1287,128.602572,25906.85674632748
1288,128.702574,25885.558759258503
1289,128.802576,25722.241629579847
1290,128.902578,26267.9439700552
1291,129.00258,26118.658543062695
1292,129.102582,26135.626456985006
1293,129.202584,26385.43860091685
1294,129.302586,25991.264900069113
1295,129.402588,25778.41492101966
1296,129.50259,26181.82738705554
1297,129.60259200000002,25868.816625945074
1298,129.702594,25999.99241489351
1299,129.802596,25813.623534830895
1300,129.902598,26095.702424732026
1301,130.0026,25671.804414234335
1302,130.102602,26021.32366442812
1303,130.202604,26085.53440203459
1304,130.302606,25955.06491044109
1305,130.40260800000001,26081.714520073452
1306,130.50261,25776.651478611984
1307,130.60261200000002,26181.203559833153
1308,130.702614,25871.83795760945
1309,130.802616,25843.073115612176
1310,130.902618,26042.444081387468
1311,131.00262,26212.878951403825
1312,131.102622,25959.64394158311
1313,131.20262400000001,26187.5569215262
1314,131.30262599999998,26035.14532368534
1315,131.402628,26106.73051686619
1316,131.50263,25987.502492406165
1317,131.602632,26208.484179203242
1318,131.702634,26254.86677622988
1319,131.802636,26161.260470631354
1320,131.902638,25790.553911446626
1321,132.00264,26326.30994044886
1322,132.102642,26192.722755144787
1323,132.202644,25806.94480014495
1324,132.302646,25723.724054631726
1325,132.40264800000003,25803.956347308223
1326,132.50265,26117.030304481406
1327,132.602652,25834.016073768653
1328,132.702654,25632.816212568538
1329,132.802656,25701.72546256048
1330,132.902658,25939.62298029819
1331,133.00266,26318.93958619288
1332,133.102662,25756.242937525047
1333,133.202664,26285.284139811025
1334,133.302666,26068.758972359366
1335,133.402668,25943.00040839637
1336,133.50267000000002,26159.41214607915
1337,133.60267199999998,25897.431645520013
1338,133.702674,26108.140968642052
1339,133.80267600000002,26396.522933641936
1340,133.902678,26337.276176562144
1341,134.00268,26098.125939236368
1342,134.102682,26202.99099383687
1343,134.202684,25972.683096136105
1344,134.30268600000002,25976.822854641265
1345,134.40268799999998,26045.585346444288
1346,134.50269,25982.39935387539
1347,134.60269200000002,25743.869650307974
1348,134.70269399999998,25767.591465558966
1349,134.802696,25417.989490895376
1350,134.90269800000002,25712.267343852363
1351,135.0027,26103.98235359324
1352,135.102702,25945.97552772296
1353,135.202704,26182.019871939377
1354,135.302706,25959.87483510627
1355,135.40270800000002,25771.05825649794
1356,135.50270999999998,25868.67619214591
1357,135.602712,25874.20646422721
1358,135.70271400000001,26349.196796293687
1359,135.802716,26166.460519295157
1360,135.902718,25806.315266432874
1361,136.00272,25658.0914380098
1362,136.102722,25973.36868282829
1363,136.20272400000002,26149.81827564311
1364,136.302726,26156.35645336577
1365,136.402728,25970.842797100886
1366,136.50273,25949.043503489313
1367,136.602732,25859.02251667188
1368,136.702734,26133.71887595305
1369,136.802736,26604.18688808665
1370,136.902738,26171.75940563995
1371,137.00274,26191.672687143826
1372,137.102742,26268.161928756508
1373,137.202744,26198.224820113697
1374,137.302746,26194.122086467974
1375,137.402748,26340.774745939892
1376,137.50275,25785.250225582608
1377,137.602752,26005.462995735394
1378,137.70275400000003,26258.165630848038
1379,137.802756,26131.302400801313
1380,137.902758,25872.963483921016
1381,138.00276000000002,25990.687030744157
1382,138.102762,26284.349448123823
1383,138.202764,26288.018080968046
1384,138.302766,26118.008159870013
1385,138.402768,26206.376684227085
1386,138.50277,26419.872824393897
1387,138.602772,26216.558840523336
1388,138.702774,26354.752686499607
1389,138.80277600000002,26260.234555109473
1390,138.90277799999998,26366.756606203347
1391,139.00278,26146.381992930914
1392,139.10278200000002,26307.5002950317
1393,139.202784,26291.27159675882
1394,139.302786,26329.843879850934
1395,139.402788,26300.672496930263
1396,139.50279,25953.690366288807
1397,139.60279200000002,26486.810343667727
1398,139.70279399999998,26112.53319616259
1399,139.802796,26221.703835181648
1400,139.90279800000002,26112.233323629684
1401,140.0028,26027.179498326794
1402,140.102802,25940.826491987147
1403,140.20280400000001,26146.197255853098
1404,140.302806,25824.168178620024
1405,140.402808,25612.265370597375
1406,140.50281,25641.84290598333
1407,140.602812,25469.14577979445
1408,140.70281400000002,25979.037230123828
1409,140.80281599999998,25631.128202756317
1410,140.902818,26105.69074385421
1411,141.00282,26145.692781166857
1412,141.102822,26188.61360585992
1413,141.202824,26338.737916280144
1414,141.302826,26152.780030053313
1415,141.402828,26441.575719865774
1416,141.50283000000002,26289.253051921547
1417,141.602832,26585.070720796495
1418,141.702834,26506.9555678072
1419,141.802836,25941.402009571066
1420,141.902838,26106.479949276374
1421,142.00284,26243.607923050367
1422,142.102842,25984.113228339356
1423,142.202844,26376.81867163029
1424,142.302846,26203.565127926264
1425,142.402848,26283.45795795203
1426,142.50285,26170.85556653926
1427,142.602852,26474.41665750608
1428,142.702854,26239.464566271083
1429,142.802856,26512.239860033533
1430,142.902858,26244.66985071356
1431,143.00286000000003,26734.72095831315
1432,143.102862,26387.15974154134
1433,143.202864,26225.365177832693
1434,143.30286600000002,26557.792588147277
1435,143.402868,26517.465859887496
1436,143.50287,26464.542302091355
1437,143.602872,26076.368677015817
1438,143.702874,26207.05810326914
1439,143.802876,26440.954337117757
1440,143.902878,26356.761297131805
1441,144.00288,26223.763075717976
1442,144.10288200000002,26620.57043659598
1443,144.20288399999998,26334.809878085834
1444,144.302886,25990.384297525256
1445,144.40288800000002,26292.397713409948
1446,144.50289,26274.513757791356
1447,144.602892,26356.062565864624
1448,144.702894,26479.16511284115
1449,144.802896,26220.280239741613
1450,144.90289800000002,26217.606698080006
1451,145.00289999999998,26214.80906741065
1452,145.102902,26099.945451504922
1453,145.20290400000002,26345.2388551823
1454,145.302906,26529.486296779276
1455,145.402908,26176.052582896722
1456,145.50291,26117.01478792784
1457,145.602912,26223.2258398817
1458,145.702914,26116.412781833296
1459,145.802916,26153.91654657913
1460,145.902918,26062.961042643947
1461,146.00292000000002,26353.998752611005
1462,146.10292199999998,26283.33397455221
1463,146.202924,26313.578699566377
1464,146.302926,26352.943113023823
1465,146.402928,26242.659209973215
1466,146.50293,26126.71794249004
1467,146.602932,26468.624178646223
1468,146.702934,26247.966325120142
1469,146.80293600000002,25831.6905767034
1470,146.902938,25901.00568523823
1471,147.00294,26035.90770675765
1472,147.102942,26366.111590340708
1473,147.202944,26328.749416597664
1474,147.302946,26534.84434265377
1475,147.402948,26306.73919386283
1476,147.50295,26015.634143619627
1477,147.602952,26278.638764055442
1478,147.702954,26479.702579966306
1479,147.802956,26068.841787534213
1480,147.902958,25965.477461765913
1481,148.00296,26164.191543352008
1482,148.102962,25814.012768463996
1483,148.202964,25829.80011292187
1484,148.30296600000003,26049.24959634037
1485,148.402968,26165.52907199169
1486,148.50297,26233.673155098495
1487,148.60297200000002,26112.230342246407
1488,148.702974,25968.041871435482
1489,148.802976,26015.239805584315
1490,148.902978,26135.8410595769
1491,149.00298,26101.40282742097
1492,149.102982,25763.032247098396
1493,149.202984,26319.89238175425
1494,149.302986,26010.3197333629
1495,149.40298800000002,25814.786891923188
1496,149.50298999999998,25703.169735704898
1497,149.602992,26160.11398087695
1498,149.70299400000002,26527.060552805877
1499,149.802996,26043.740843615804
1500,149.902998,26137.22248437826
1501,150.003,26430.445390280536
1502,150.103002,26227.134561992523
1503,150.20300400000002,25769.890160239684
1504,150.30300599999998,26054.49183829596
1505,150.403008,26254.27726655469
1506,150.50301000000002,26293.39273792616
1507,150.603012,26626.549036284505
1508,150.703014,26205.357173123994
1509,150.803016,26191.24043988872
1510,150.903018,26324.28236949876
1511,151.00302,26499.033573738976
1512,151.103022,26398.08314390473
1513,151.203024,26532.544406886253
1514,151.30302600000002,26098.533947100266
1515,151.40302799999998,26618.443161807038
1516,151.50303,26448.34339285835
1517,151.603032,26269.642835373063
1518,151.703034,26517.40584520347
1519,151.803036,26592.19703028872
1520,151.903038,26545.694927856006
1521,152.00304,26515.218402276947
1522,152.10304200000002,26381.25244717584
1523,152.203044,26556.953101584135
1524,152.303046,26715.410721187476
1525,152.403048,26218.94154043797
1526,152.50305000000003,26229.94628649
1527,152.603052,26308.681768550265
1528,152.703054,26273.189056917832
1529,152.803056,26723.108336651832
1530,152.903058,26062.0106805972
1531,153.00306,26631.30186676298
1532,153.103062,26614.715736649643
1533,153.203064,26351.5622435268
1534,153.303066,26780.242959869174
1535,153.403068,26467.294392938864
1536,153.50307,26259.657236315088
1537,153.60307200000003,26364.806593061774
1538,153.703074,26227.668176576764
1539,153.803076,25715.5506190268
1540,153.90307800000002,26236.7305971565
1541,154.00308,25920.274679847946
1542,154.103082,25860.21314602386
1543,154.203084,26144.731027481255
1544,154.303086,26037.331890766367
1545,154.403088,26012.96040036358
1546,154.50309,25966.121938739776
1547,154.603092,26309.512517794417
1548,154.70309400000002,26190.24830742289
1549,154.80309599999998,26130.208628758675
1550,154.903098,26212.076354894976
1551,155.00310000000002,26178.893907623664
1552,155.103102,26209.20371464283
1553,155.203104,26293.175184469146
1554,155.303106,26157.6768304817
1555,155.403108,26576.008435584186
1556,155.50311000000002,26339.36039449987
1557,155.60311199999998,26343.37496487753
1558,155.703114,26272.42854712447
1559,155.80311600000002,26166.888109137282
1560,155.903118,26167.764865763478
1561,156.00312,26880.15231057342
1562,156.103122,26598.136609186364
1563,156.203124,26607.32811187306
1564,156.303126,26221.00188316406
1565,156.403128,25824.987818756596
1566,156.50313,26438.31734848715
1567,156.60313200000002,26050.27981400849
1568,156.70313399999998,26277.715573336285
1569,156.803136,26249.964536599033
1570,156.903138,26258.95907809806
1571,157.00314,26496.9315808583
1572,157.103142,26555.610108902623
1573,157.203144,25986.719235307035
1574,157.303146,26041.2654549724
1575,157.40314800000002,25831.39135756317
1576,157.50315,25911.258749530312
1577,157.603152,26033.95326255904
1578,157.703154,26202.056371572395
1579,157.80315600000003,25943.605714079025
1580,157.903158,26177.712854728747
1581,158.00316,26173.43585863988
1582,158.103162,26132.828956296726
1583,158.203164,26095.326259470257
1584,158.303166,26188.858174140572
1585,158.403168,26033.973938502397
1586,158.50317,25977.639430615433
1587,158.603172,25943.88487897328
1588,158.703174,25878.19745619176
1589,158.803176,26334.535938999165
1590,158.90317800000003,26182.984586042814
1591,159.00318,26264.940124546105
1592,159.103182,26169.312941639608
1593,159.20318400000002,26202.661451953958
1594,159.303186,25810.862819525504
1595,159.403188,26210.833013139698
1596,159.50319,26086.07529426675
1597,159.603192,26038.162876658316
1598,159.70319400000002,25846.35237786845
1599,159.80319599999999,26225.81409141976
1600,159.903198,26195.698102390044
1601,160.00320000000002,26089.869005011296
1602,160.10320199999998,25705.218565994048
1603,160.203204,26087.367161826725
1604,160.30320600000002,25827.965007809617
1605,160.403208,26088.278964911966
1606,160.50321,26089.55480271156
1607,160.603212,25980.951265164756
1608,160.703214,25822.115502699973
1609,160.80321600000002,26518.323996128387
1610,160.90321799999998,26203.493520709075
1611,161.00322,26176.23486288963
1612,161.10322200000002,26183.024497334467
1613,161.203224,26135.769254751587
1614,161.303226,25943.419614552167
1615,161.403228,26045.119837523624
1616,161.50323,26590.04372903899
1617,161.603232,26513.353891563045
1618,161.703234,26501.72554074046
1619,161.803236,26549.155959960473
1620,161.90323800000002,26883.70894969376
1621,162.00323999999998,26391.966968162793
1622,162.103242,26252.629893609024
1623,162.203244,26122.548662909263
1624,162.303246,26318.884595310134
1625,162.403248,26250.67106464656
1626,162.50325,26573.9964093049
1627,162.603252,26553.970609664313
1628,162.70325400000002,26591.82836944922
1629,162.803256,26348.5094842965
1630,162.903258,26158.67751843211
1631,163.00326,26079.388805153903
1632,163.10326200000003,26358.74852997201
1633,163.203264,26550.492938319432
1634,163.303266,26540.563159794732
1635,163.403268,26637.202499355426
1636,163.50327,26399.699188247752
1637,163.603272,26458.524644837336
1638,163.703274,26463.902129920523
1639,163.803276,26270.16372201286
1640,163.903278,26140.947103710718
1641,164.00328,25864.257705596036
1642,164.103282,25924.16099345019
1643,164.20328400000002,26395.646561570473
1644,164.30328599999999,26078.274329958433
1645,164.403288,26566.363260654904
1646,164.50329000000002,26145.745901470375
1647,164.603292,25851.087512248643
1648,164.703294,26466.532255369308
1649,164.803296,25838.851227890384
1650,164.903298,25758.31832355715
1651,165.00330000000002,26204.715768851067
1652,165.10330199999999,26139.445915811666
1653,165.203304,26177.36424168575
1654,165.30330600000002,26015.02523431193
1655,165.40330799999998,25830.572773752658
1656,165.50331,25873.315287168654
1657,165.60331200000002,26161.293579201123
1658,165.703314,26368.179561595414
1659,165.803316,26381.984511064795
1660,165.903318,26041.547392425735
1661,166.00332,25938.937071541935
1662,166.10332200000002,26288.56027222421
1663,166.20332399999998,26007.4842907649
1664,166.303326,26009.034412975343
1665,166.40332800000002,26306.247548623316
1666,166.50333,26716.20600546514
1667,166.603332,26483.505998587258
1668,166.703334,26147.938059875487
1669,166.803336,26194.183645856832
1670,166.90333800000002,26367.501792164356
1671,167.00334,25870.609212600444
1672,167.103342,25864.716607325834
1673,167.20334400000002,26127.10670651501
1674,167.30334599999998,26347.002862501984
1675,167.403348,26276.84031733279
1676,167.50335,26028.3546259142
1677,167.603352,26117.23462229527
1678,167.703354,26058.556992870654
1679,167.803356,25720.578732126178
1680,167.903358,25875.667561304213
1681,168.00336000000001,26162.21842696974
1682,168.103362,26358.31057607457
1683,168.203364,26392.656998215898
1684,168.303366,26619.56354101799
1685,168.40336800000003,26402.79900643839
1686,168.50337,26163.221206151644
1687,168.603372,26070.050278448085
1688,168.703374,26207.924360249235
1689,168.803376,26016.586426040936
1690,168.903378,25734.752990487108
1691,169.00338,25651.537280718163
1692,169.103382,26044.84124853675
1693,169.203384,26013.117822355987
1694,169.303386,25957.252000863336
1695,169.403388,26005.33890057201
1696,169.50339000000002,25947.703991601808
1697,169.60339199999999,25935.086452468087
1698,169.703394,25754.6607478568
1699,169.80339600000002,25558.053322165604
1700,169.903398,25764.18279961524
1701,170.0034,25484.03755368178
1702,170.103402,25642.151072891913
1703,170.203404,26001.66332065921
1704,170.30340600000002,26028.651307187753
1705,170.40340799999998,26197.25463196814
1706,170.50341,26502.375694462018
1707,170.60341200000002,26521.393131724395
1708,170.70341399999998,25946.534504799896
1709,170.803416,26181.27250532756
1710,170.90341800000002,25967.809487164715
1711,171.00342,25846.236228660786
1712,171.103422,25835.06012703247
1713,171.203424,25961.99265332167
1714,171.303426,26083.588199455648
1715,171.40342800000002,26063.750358513
1716,171.50342999999998,25862.356040844363
1717,171.603432,26232.96207225438
1718,171.70343400000002,26148.508920421857
1719,171.803436,26167.736900753556
1720,171.903438,26230.49144058005
1721,172.00344,26375.011086420145
1722,172.103442,25887.14061824962
1723,172.20344400000002,25864.012431493662
1724,172.303446,26119.400744996634
1725,172.403448,26029.77243730961
1726,172.50345000000002,25986.858389761157
1727,172.603452,26136.404256930073
1728,172.703454,25997.222409963582
1729,172.803456,26363.634792771503
1730,172.903458,26234.642048750156
1731,173.00346,26129.05319410853
1732,173.103462,26069.515143185337
1733,173.203464,25746.854066428383
1734,173.30346600000001,25790.976515723993
1735,173.403468,25675.172876029083
1736,173.50347,25696.30968122673
1737,173.603472,26088.64960064371
1738,173.70347400000003,26170.88953179322
1739,173.803476,25814.95377372925
1740,173.903478,25927.156538751475
1741,174.00348000000002,26027.02853081085
1742,174.103482,25965.23662558817
1743,174.203484,26054.22223107424
1744,174.303486,25722.29606583751
1745,174.403488,25801.287656307824
1746,174.50349,26066.928763950084
1747,174.603492,25899.90695012763
1748,174.703494,25891.417967604815
1749,174.80349600000002,25971.59606463855
1750,174.90349799999998,25711.732008493
1751,175.0035,25729.66617135303
1752,175.10350200000002,26198.07348090724
1753,175.203504,25864.821083699033
1754,175.303506,25924.23422778528
1755,175.403508,26262.943745168548
1756,175.50351,26124.689010833103
1757,175.60351200000002,26113.20266444082
1758,175.70351399999998,25895.32111485868
1759,175.803516,25978.542748619362
1760,175.90351800000002,25871.381170885077
1761,176.00351999999998,26242.19682474347
1762,176.103522,25991.67779094164
1763,176.20352400000002,26186.815185767173
1764,176.303526,26418.62586356533
1765,176.403528,26003.815871559174
1766,176.50353,26110.743427094145
1767,176.603532,26094.324687859615
1768,176.70353400000002,26514.844244727105
1769,176.80353599999998,26432.782549750933
1770,176.903538,26236.66991482753
1771,177.00354000000002,26056.561276294626
1772,177.103542,26059.57662513258
1773,177.203544,26300.89719932287
1774,177.303546,26049.258630513825
1775,177.403548,26052.994579296723
1776,177.50355000000002,26087.86434358663
1777,177.603552,26233.534046986577
1778,177.703554,26379.589429490894
1779,177.80355600000001,26627.94783731143
1780,177.903558,26018.796030660775
1781,178.00356,26266.959025002776
1782,178.103562,26123.37060189439
1783,178.203564,26178.94138906466
1784,178.303566,26209.82265693504
1785,178.403568,25730.50481587984
1786,178.50357,25807.767134806058
1787,178.603572,25825.339930539434
1788,178.703574,25832.88226048139
1789,178.803576,26001.580183652408
1790,178.903578,25709.25358071602
1791,179.00358000000003,25927.934654429784
1792,179.103582,26305.231830227352
1793,179.203584,26329.228363761536
1794,179.30358600000002,25944.552324320393
1795,179.403588,26188.16536449347
1796,179.50359,25753.742943878562
1797,179.603592,25816.634473677397
1798,179.703594,26053.032088009968
1799,179.803596,26133.34223515012
1800,179.903598,26284.163904715548
1801,180.0036,26101.249119369324
1802,180.10360200000002,25833.1767315083
1803,180.20360399999998,25952.27982594097
1804,180.303606,26003.67360262893
1805,180.40360800000002,26026.793954382483
1806,180.50361,25970.53528723434
1807,180.603612,25618.12750484921
1808,180.703614,26006.89562698116
1809,180.803616,25726.943640960857
1810,180.90361800000002,25685.81730532587
1811,181.00361999999998,26029.77077112037
1812,181.103622,25976.054185666493
1813,181.20362400000002,25866.854784451047
1814,181.30362599999998,25993.986802287283
1815,181.403628,25992.842790054558
1816,181.50363000000002,26034.322371429862
1817,181.603632,26126.019678376273
1818,181.703634,26023.827581323254
1819,181.803636,26089.304747914673
1820,181.903638,26261.47699417937
1821,182.00364000000002,26164.32540443655
1822,182.10364199999998,26186.549065771884
1823,182.203644,25952.549886086388
1824,182.30364600000001,25984.69230637164
1825,182.403648,25544.152430263337
1826,182.50365,25924.07104332645
1827,182.603652,25931.478823518035
1828,182.703654,25658.209144965174
1829,182.80365600000002,26076.394536289346
1830,182.903658,26078.249639878566
1831,183.00366,25815.38593501116
1832,183.103662,25813.45138900825
1833,183.203664,25674.719371685154
1834,183.303666,25934.108662474773
1835,183.403668,25969.809191713885
1836,183.50367,25745.300410509673
1837,183.603672,25987.605374731644
1838,183.703674,25824.469089204802
1839,183.803676,25963.907662007932
1840,183.903678,26116.559963770695
1841,184.00368,26211.608940246213
1842,184.103682,26195.632053629062
1843,184.203684,26077.31157342867
1844,184.30368600000003,26360.197384527295
1845,184.403688,26189.267911804985
1846,184.50369,26044.108328400787
1847,184.60369200000002,26147.14584705082
1848,184.703694,25719.08014870703
1849,184.803696,26144.713735471472
1850,184.903698,26344.475493119156
1851,185.0037,25935.93032657454
1852,185.103702,25799.753000583125
1853,185.203704,26014.97300043504
1854,185.303706,26104.610687600216
1855,185.40370800000002,26276.115241393465
1856,185.50370999999998,25910.629982302467
1857,185.603712,26001.119594183423
1858,185.70371400000002,26233.711114729485
1859,185.803716,26232.40936596395
1860,185.903718,26054.925907083853
1861,186.00372,25933.91565711487
1862,186.103722,25918.110124208317
1863,186.20372400000002,26024.47048229522
1864,186.30372599999998,26173.059710289428
1865,186.403728,26080.34345295142
1866,186.50373000000002,26206.63855033291
1867,186.603732,25754.512535830283
1868,186.703734,26000.40715098306
1869,186.80373600000001,25757.56328099589
1870,186.903738,25940.77582822897
1871,187.00374,26253.36390514786
1872,187.103742,26194.738659294573
1873,187.203744,25973.67695492264
1874,187.30374600000002,26149.662401351132
1875,187.40374799999998,26000.170445114727
1876,187.50375,26025.979821502246
1877,187.60375200000001,25697.03681383694
1878,187.703754,25653.45384954744
1879,187.803756,25965.157848562372
1880,187.903758,25648.207220701617
1881,188.00376,25958.569523992977
1882,188.10376200000002,25713.24801355781
1883,188.203764,26232.344350965097
1884,188.303766,26145.57416420573
1885,188.403768,26272.19713625287
1886,188.50377,26468.61248149114
1887,188.603772,26389.36179483596
1888,188.703774,26424.81888703831
1889,188.803776,26305.55277114449
1890,188.903778,26171.10032296635
1891,189.00378,26330.861271570608
1892,189.103782,26639.017625860015
1893,189.203784,26435.916758806365
1894,189.303786,26288.423136171077
1895,189.403788,26232.739231812368
1896,189.50379,26423.68088879533
1897,189.60379200000003,26351.96476188942
1898,189.703794,26658.555011506294
1899,189.803796,26185.72883531174
1900,189.90379800000002,26088.919726404085
1901,190.0038,26093.131524895387
1902,190.103802,25988.331893306742
1903,190.203804,26332.183021239598
1904,190.303806,26023.612441481506
1905,190.403808,25811.218366463385
1906,190.50381,26625.155233624097
1907,190.603812,26189.58603520331
1908,190.70381400000002,26299.43709076075
1909,190.80381599999998,26149.544860098344
1910,190.903818,26203.94206290062
1911,191.00382000000002,26515.231982799272
1912,191.103822,26383.059584953444
1913,191.203824,26294.874201206065
1914,191.30382600000002,26074.302714838435
1915,191.403828,25730.963188533813
1916,191.50383000000002,26190.732813497758
1917,191.60383199999998,26392.761044104827
1918,191.703834,26507.151937602655
1919,191.80383600000002,26525.231129014028
1920,191.903838,25752.536855119357
1921,192.00384,25928.98998565536
1922,192.10384200000001,26112.648286605476
1923,192.203844,26382.077277580138
1924,192.303846,26238.34523390043
1925,192.403848,26044.768910166185
1926,192.50385,26152.572234879895
1927,192.60385200000002,26100.22911516951
1928,192.70385399999998,26083.271766093396
1929,192.803856,26116.274613620582
1930,192.903858,26130.55482989694
1931,193.00386,26312.468669593527
1932,193.103862,26337.32746864902
1933,193.203864,26084.527023222923
1934,193.303866,26376.98927239136
1935,193.40386800000002,26402.585680969685
1936,193.50387,26476.70325638085
1937,193.603872,26576.9660251885
1938,193.703874,25868.344516872734
1939,193.80387600000003,25549.39684508749
1940,193.903878,25901.51963595568
1941,194.00388,25568.65239614283
1942,194.103882,26073.121446253026
1943,194.203884,26243.289157397976
1944,194.303886,26425.805993124814
1945,194.403888,25995.117182785267
1946,194.50389,25866.411441753567
1947,194.603892,26056.16052440934
1948,194.703894,26309.22009543615
1949,194.803896,25775.023333724355
1950,194.90389800000003,25843.873813652786
1951,195.0039,25734.464311408534
1952,195.103902,25458.90911242856
1953,195.20390400000002,25642.661437139457
1954,195.303906,25872.140953157596
1955,195.403908,25921.77934052791
1956,195.50391,25650.344884779053
1957,195.603912,25648.315353070968
1958,195.703914,25851.02808647053
1959,195.803916,25779.06496619336
1960,195.903918,25858.188647496445
1961,196.00392000000002,26176.915481620643
1962,196.10392199999998,25494.819312142416
1963,196.203924,25715.88244525426
1964,196.30392600000002,25735.339316624362
1965,196.403928,25760.233587259343
1966,196.50393,25410.20888095027
1967,196.60393200000001,25571.68707872388
1968,196.703934,25955.771860878125
1969,196.80393600000002,25782.90988573369
1970,196.90393799999998,25594.81748798277
1971,197.00394,26009.15824380812
1972,197.10394200000002,25919.602232479665
1973,197.203944,25613.67814510879
1974,197.303946,25759.361673140138
1975,197.403948,25628.799723417007
1976,197.50395,25850.36090124865
1977,197.603952,25948.43206909153
1978,197.703954,25710.48360190897
1979,197.803956,25863.480419761603
1980,197.90395800000002,26058.16799855539
1981,198.00395999999998,25766.140716728638
1982,198.103962,25410.490306753636
1983,198.203964,26076.858572569898
1984,198.303966,25951.244398935956
1985,198.403968,26008.646397557408
1986,198.50397,25801.110760499
1987,198.603972,25836.84894072994
1988,198.70397400000002,25732.454513319128
1989,198.803976,26228.69584333432
1990,198.903978,25763.77448213399
1991,199.00398,25908.968159202377
1992,199.10398200000003,25822.974304068488
1993,199.203984,25884.96477738257
1994,199.303986,25676.040869673503
1995,199.403988,25829.800550418742
1996,199.50399,26056.088956807558
1997,199.603992,25593.31038205245
1998,199.703994,25733.28285861997
1999,199.803996,25927.8370479002
2000,199.903998,25603.982548536955
2001,200.004,25948.759730115995
2002,200.104002,25866.165100247235
2003,200.20400400000003,25745.404002909483
2004,200.304006,25866.405154676722
2005,200.404008,25827.19000388492
2006,200.50401000000002,25732.607822992897
2007,200.604012,25816.058398971305
2008,200.704014,25693.0459196568
2009,200.804016,25789.244547191243
2010,200.904018,25784.52557217421
2011,201.00402000000003,25690.731964747956
2012,201.104022,26040.06282481275
2013,201.204024,25884.573606339178
2014,201.30402600000002,25943.766335883287
2015,201.40402799999998,26099.22196021001
2016,201.50403,26142.197984011545
2017,201.60403200000002,25898.922889492373
2018,201.704034,25869.941754901
2019,201.804036,26349.896940234557
2020,201.904038,25757.222876864842
2021,202.00404,25760.066585002493
2022,202.10404200000002,25904.83429943437
2023,202.20404399999998,25710.2974944702
2024,202.304046,25842.4516571953
2025,202.40404800000002,25656.76800713321
2026,202.50405,25941.499374517003
2027,202.604052,26004.686538348895
2028,202.704054,25795.036084204978
2029,202.804056,25640.834241459845
2030,202.904058,25688.03216460339
2031,203.00406,25672.918748809014
2032,203.104062,25721.2161948337
2033,203.20406400000002,25688.96637805584
2034,203.30406599999998,25821.65790745878
2035,203.404068,25802.96997542943
2036,203.50407,26113.322736388855
2037,203.604072,26075.625364005682
2038,203.704074,25619.951163619764
2039,203.804076,25953.335240403507
2040,203.904078,26050.41100720115
2041,204.00408000000002,25810.678499228823
2042,204.104082,26068.441791395097
2043,204.204084,26013.20320867283
2044,204.304086,26016.185414779786
2045,204.40408800000003,25501.314651494155
2046,204.50409,26037.06876555261
2047,204.604092,26118.639789495704
2048,204.704094,26028.95553246333
2049,204.804096,25765.581921774647
2050,204.904098,26133.31315774804
2051,205.0041,25763.72819723244
2052,205.104102,26050.11998071624
2053,205.204104,25859.09187738798
2054,205.304106,25999.9030710319
2055,205.404108,25748.435453360118
2056,205.50411000000003,26058.228663834496
2057,205.604112,25996.268504931988
2058,205.704114,26020.94970892615
2059,205.80411600000002,25695.09690949956
2060,205.904118,25985.36692909873
2061,206.00412,25902.200297144984
2062,206.104122,26158.43489037795
2063,206.204124,25943.29997668287
2064,206.30412600000002,26059.145230599013
2065,206.404128,26039.349372117085
2066,206.50413,26301.962132417273
2067,206.60413200000002,26612.21409801528
2068,206.70413399999998,26495.034831071847
2069,206.804136,26628.217225013716
2070,206.90413800000002,26270.189438840578
2071,207.00414,26324.01035068191
2072,207.104142,26830.416290518097
2073,207.204144,26247.093903901434
2074,207.304146,26692.11480920271
2075,207.40414800000002,26292.56389880889
2076,207.50414999999998,26501.735496764122
2077,207.604152,26645.405523235484
2078,207.70415400000002,26373.75533366526
2079,207.804156,26403.921156486038
2080,207.904158,26047.056801731855
2081,208.00416,26398.56510460395
2082,208.104162,26045.80046952497
2083,208.20416400000002,26308.69948835587
2084,208.304166,26293.78110342393
2085,208.404168,25986.75126322316
2086,208.50417000000002,26403.631903334448
2087,208.604172,26413.805746590755
2088,208.704174,25948.23744580016
2089,208.804176,26038.589947977365
2090,208.904178,25968.139471491082
2091,209.00418,25779.511482641137
2092,209.104182,25836.225243530396
2093,209.204184,26101.800410941694
2094,209.30418600000002,26430.940489141623
2095,209.404188,26199.71410377046
2096,209.50419,26314.712748280454
2097,209.604192,26211.94683655613
2098,209.70419400000003,25897.755488687915
2099,209.804196,26025.66501480813
2100,209.904198,25995.65322750966
2101,210.00420000000003,26186.098979476377
2102,210.104202,26077.30900615147
2103,210.204204,26360.856143051828
2104,210.304206,26380.509308629797
2105,210.404208,26126.03999309017
2106,210.50421,26151.841717077546
2107,210.604212,26272.578766932013
2108,210.704214,26461.238907793082
2109,210.80421600000003,26204.52132013812
2110,210.904218,26229.90161777087
2111,211.00422,26077.337462291714
2112,211.10422200000002,26419.575589671058
2113,211.204224,26537.665845141295
2114,211.304226,26528.365277420085
2115,211.404228,25915.356182100393
2116,211.50423,25979.57222698409
2117,211.60423200000002,25712.341367637837
2118,211.70423399999999,25813.575485064477
2119,211.804236,25657.081477021507
2120,211.90423800000002,26057.915106556684
2121,212.00423999999998,26352.36469635165
2122,212.104242,26246.549473459552
2123,212.20424400000002,26310.919477617612
2124,212.304246,26302.073735223235
2125,212.404248,26569.850127258043
2126,212.50425,26118.939387914543
2127,212.604252,26020.12889536962
2128,212.70425400000002,26228.520299056094
2129,212.80425599999998,26207.910567713316
2130,212.904258,26143.006106624794
2131,213.00426000000002,25939.28085105623
2132,213.104262,25809.908967376083
2133,213.204264,25971.25172303184
2134,213.304266,25928.07611216288
2135,213.404268,26194.709106593946
2136,213.50427000000002,25913.312096832367
2137,213.604272,26201.534832391353
2138,213.704274,26164.100867084646
2139,213.80427600000002,26005.53143746549
2140,213.904278,25847.7720059748
2141,214.00428,25840.19097477095
2142,214.104282,25957.116756193187
2143,214.204284,26200.72479088716
2144,214.304286,26102.762677427778
2145,214.404288,25796.532784856587
2146,214.50429,25955.469152787213
2147,214.60429200000002,25951.80992614329
2148,214.704294,25928.863476773025
2149,214.804296,26004.99289580037
2150,214.904298,26126.37449725459
2151,215.00430000000003,25916.97283500152
2152,215.104302,25866.2700569015
2153,215.204304,26455.343078418973
2154,215.30430600000003,26417.91102537747
2155,215.404308,25951.906656450905
2156,215.50431,26400.60596122599
2157,215.604312,26092.960750108803
2158,215.704314,25976.66677055772
2159,215.804316,26325.334399256786
2160,215.904318,26055.00811172493
2161,216.00432,25954.109794272128
2162,216.10432200000002,26139.34315517304
2163,216.20432399999999,25959.359975592954
2164,216.304326,26135.169667961847
2165,216.40432800000002,26143.678454967834
2166,216.50433,26018.483600845386
2167,216.604332,26217.5668869416
2168,216.704334,25982.741146441927
2169,216.804336,26249.225902983944
2170,216.90433800000002,26091.87845762531
2171,217.00433999999998,26429.84157619682
2172,217.104342,25937.608589891235
2173,217.20434400000002,25612.6040841288
2174,217.30434599999998,26017.17348208831
2175,217.404348,25895.13527037654
2176,217.50435000000002,25621.198146363906
2177,217.604352,25730.46814543828
2178,217.704354,25990.76543979645
2179,217.804356,26060.993885912783
2180,217.904358,25671.869771555143
2181,218.00436000000002,26133.046158036395
2182,218.10436199999998,25885.35419713331
2183,218.204364,25694.022880827288
2184,218.30436600000002,25978.74354845918
2185,218.404368,25630.903339675686
2186,218.50437,25551.621372532023
2187,218.604372,26217.880195630856
2188,218.704374,25928.378691539838
2189,218.80437600000002,26245.30978583417
2190,218.904378,25757.08280069591
2191,219.00438,25660.38784504126
2192,219.10438200000002,25680.930853952537
2193,219.204384,25690.36709935507
2194,219.304386,25908.408187832807
2195,219.404388,25546.27744650425
2196,219.50439,26062.52660385932
2197,219.604392,26285.74248449317
2198,219.704394,26446.84738510867
2199,219.804396,25919.81629729209
2200,219.90439800000001,25920.378650999643
2201,220.0044,26134.44485359165
2202,220.104402,25929.720912103683
2203,220.204404,26052.00388918795
2204,220.30440600000003,25970.89801285728
2205,220.404408,25870.979364141433
2206,220.50441,25575.599074615566
2207,220.60441200000002,25721.096246110184
2208,220.704414,25936.793390649877
2209,220.804416,26174.206099480354
2210,220.904418,25954.949165387712
2211,221.00442,25726.78065466512
2212,221.104422,25829.37379626506
2213,221.204424,25746.430018716354
2214,221.304426,25797.8282170636
2215,221.40442800000002,25911.964624473574
2216,221.50442999999999,26288.42258881508
2217,221.604432,26108.14488820167
2218,221.70443400000002,26065.423197370437
2219,221.804436,26092.55472796641
2220,221.904438,26019.728183949777
2221,222.00444,26003.915585217816
2222,222.104442,26188.98171223294
2223,222.20444400000002,26158.094588649616
2224,222.30444599999998,25800.297079102736
2225,222.404448,25709.837064997166
2226,222.50445000000002,25946.688911237692
2227,222.60445199999998,25833.18372902032
2228,222.704454,25511.7468847902
2229,222.80445600000002,25881.17874518345
2230,222.904458,26051.357182568398
2231,223.00446,25856.798909257966
2232,223.104462,25991.112166177183
2233,223.204464,26052.680339551465
2234,223.30446600000002,25944.779520868364
2235,223.40446799999998,25912.995194089868
2236,223.50447,26012.130492061937
2237,223.60447200000002,25793.21911764152
2238,223.704474,25980.843912684024
2239,223.804476,25775.307082924166
2240,223.904478,26172.188336468123
2241,224.00448,26192.80077948816
2242,224.10448200000002,26207.681374703938
2243,224.204484,26303.662450804688
2244,224.304486,26228.273185924103
2245,224.40448800000001,25651.81358651122
2246,224.50449,26240.684502978893
2247,224.604492,26358.663486750615
2248,224.704494,26248.34472856832
2249,224.804496,26034.09304492052
2250,224.904498,26392.542383211556
2251,225.0045,26398.30330126494
2252,225.104502,26147.221869659556
2253,225.20450400000001,26458.103145760084
2254,225.304506,26458.779476095056
2255,225.404508,26135.79670238027
2256,225.50451,26015.6166012414
2257,225.60451200000003,25921.347661815467
2258,225.704514,26202.62162456967
2259,225.804516,26190.100948730837
2260,225.90451800000002,26154.828656068177
2261,226.00452,26167.15381333431
2262,226.104522,25658.946877234477
2263,226.204524,25769.961409291453
2264,226.304526,26600.72035968713
2265,226.404528,26493.92234073431
2266,226.50453,26382.42214644558
2267,226.604532,26185.422240333028
2268,226.70453400000002,26289.375002754838
2269,226.80453599999998,26368.62365901205
2270,226.904538,26273.559796214922
2271,227.00454000000002,26096.795167121567
2272,227.104542,26554.727504604278
2273,227.204544,26249.061131923667
2274,227.30454600000002,26250.988023975544
2275,227.404548,26047.88470100866
2276,227.50455000000002,26005.358361938805
2277,227.60455199999998,25955.158665317453
2278,227.704554,26147.82929530155
2279,227.80455600000002,26196.56159100185
2280,227.904558,26166.44401052598
2281,228.00456,26048.508249862833
2282,228.10456200000002,26199.690278826038
2283,228.204564,26037.287898188006
2284,228.304566,26062.833166705117
2285,228.404568,26336.05180573217
2286,228.50457,26373.024248987058
2287,228.60457200000002,26705.434509958694
2288,228.70457399999998,26578.030082420926
2289,228.804576,26349.139051418195
2290,228.90457800000001,26606.02073676953
2291,229.00458,25971.807963895117
2292,229.104582,26099.74656189788
2293,229.204584,26121.28909585201
2294,229.304586,26147.85129041873
2295,229.40458800000002,26224.700768399704
2296,229.50459,26181.783663454502
2297,229.604592,26343.653164412743
2298,229.70459400000001,26406.328027872212
2299,229.804596,26064.901415327608
2300,229.904598,26218.471017818723
2301,230.0046,26112.453996959965
2302,230.104602,26100.879525623015
2303,230.204604,26286.820147918366
2304,230.304606,26255.735604328587
2305,230.404608,26253.69470654384
2306,230.50461,26063.728124474233
2307,230.604612,26321.032913198072
2308,230.704614,26276.88588597051
2309,230.804616,26199.719585558967
2310,230.90461800000003,26396.684716913387
2311,231.00462,26100.395668646022
2312,231.104622,26325.042869246743
2313,231.20462400000002,26200.862936708687
2314,231.304626,26214.244458392895
2315,231.404628,25919.95250677092
2316,231.50463,25961.239640933032
2317,231.604632,25936.45960905782
2318,231.704634,26073.289466699516
2319,231.804636,26281.794646265407
2320,231.904638,26336.03579425837
2321,232.00464000000002,26350.663748333467
2322,232.10464199999998,25916.200492268967
2323,232.204644,26168.517306143392
2324,232.30464600000002,26172.243758206754
2325,232.404648,26277.795132301042
2326,232.50465,26210.118968140767
2327,232.60465200000002,25993.206442315128
2328,232.704654,26117.40042485958
2329,232.80465600000002,26296.60957695088
2330,232.90465799999998,26783.343380680955
2331,233.00466,26336.39324279242
2332,233.10466200000002,26479.790699816716
2333,233.204664,26432.27628510238
2334,233.304666,25995.121847593004
2335,233.40466800000002,25818.544413562617
2336,233.50467,26334.567490229056
2337,233.604672,26095.876625988876
2338,233.704674,25757.18537026151
2339,233.804676,25703.25406382281
2340,233.90467800000002,25785.16633059933
2341,234.00467999999998,25789.63334950882
2342,234.104682,25765.66455723772
2343,234.20468400000001,26121.48487742366
2344,234.304686,25857.78470452161
2345,234.404688,26029.700407856122
2346,234.50469,25979.76456896366
2347,234.604692,25919.107947001805
2348,234.70469400000002,26361.562030820005
2349,234.804696,25948.82138397673
2350,234.904698,25786.86529099028
2351,235.0047,26135.053815386575
2352,235.10470200000003,25983.06359922191
2353,235.204704,25757.67710741925
2354,235.304706,25609.68857839673
2355,235.404708,26174.03136937055
2356,235.50471,25856.085861887703
2357,235.604712,26012.337549573112
2358,235.704714,26221.57354861962
2359,235.804716,26191.863397809026
2360,235.904718,26215.245328662386
2361,236.00472,25894.73595389508
2362,236.104722,26177.59163747751
2363,236.20472400000003,26102.472567955574
2364,236.304726,26117.977812556674
2365,236.404728,26192.87981344588
2366,236.50473000000002,26087.68449453138
2367,236.604732,26117.07399370552
2368,236.704734,26562.236003007914
2369,236.804736,25890.78991625624
2370,236.904738,26343.563222690962
2371,237.00474,26034.160569418404
2372,237.104742,26378.894497310845
2373,237.204744,26217.8586299793
2374,237.30474600000002,26047.728244535447
2375,237.40474799999998,26193.429633382504
2376,237.50475,25777.649661905805
2377,237.60475200000002,25997.37439494797
2378,237.704754,25957.320797043823
2379,237.804756,25999.527849215163
2380,237.90475800000002,26108.813350461223
2381,238.00476,25910.10067011384
2382,238.10476200000002,26188.782083677845
2383,238.20476399999998,25908.74552376329
2384,238.304766,26029.102764384115
2385,238.40476800000002,25966.350418873175
2386,238.50477,26002.08813827553
2387,238.604772,25903.686296438613
2388,238.70477400000001,25831.722519520194
2389,238.804776,26003.204501338965
2390,238.904778,26132.626673990246
2391,239.00478,25818.108546929954
2392,239.104782,25599.16350853401
2393,239.20478400000002,25486.000790706952
2394,239.30478599999998,25866.34640756685
2395,239.404788,25957.993722700565
2396,239.50479,25914.67188508089
2397,239.604792,25893.085947066098
2398,239.704794,25816.065604314183
2399,239.804796,25614.507975376644
2400,239.904798,25249.675757834135
2401,240.00480000000002,25725.079345197835
2402,240.104802,25317.104200513208
2403,240.204804,25472.02369210071
2404,240.304806,25390.478025672528
2405,240.40480800000003,25750.514250925014
2406,240.50481,25628.925857000122
2407,240.604812,25745.01740910885
2408,240.704814,25674.54146748952
2409,240.804816,25784.16690475531
2410,240.904818,25700.360589133463
2411,241.00482,25789.715320045903
2412,241.104822,25669.693917886143
2413,241.204824,25815.998125159156
2414,241.304826,25598.091920006133
2415,241.404828,25639.237548205358
2416,241.50483000000003,25634.533659215547
2417,241.604832,25622.086855428875
2418,241.704834,25613.162517475877
2419,241.80483600000002,25544.445767414843
2420,241.904838,25894.941904933326
2421,242.00484,25638.22539307896
2422,242.104842,25700.552907657293
2423,242.204844,25961.33484305299
2424,242.30484600000003,25628.664277121607
2425,242.404848,25344.159651951388
2426,242.50485,25377.173641207864
2427,242.60485200000002,25379.14905336565
2428,242.70485399999998,25824.749994769703
2429,242.804856,25664.03489630352
2430,242.90485800000002,26130.898773040364
2431,243.00486,26100.161709140975
2432,243.104862,26173.257089496117
2433,243.20486400000001,26310.758313878934
2434,243.304866,26313.986368447953
2435,243.40486800000002,26462.933266465065
2436,243.50486999999998,26640.144115014376
2437,243.604872,26197.712145270787
2438,243.70487400000002,26085.952188778487
2439,243.804876,26309.079406010755
2440,243.904878,26207.237577973407
2441,244.00488,26095.06212551619
2442,244.104882,25996.263221577534
2443,244.204884,26289.82699480013
2444,244.304886,26144.288720365603
2445,244.404888,25776.82855910781
2446,244.50489000000002,25929.116031379974
2447,244.604892,25857.648091224826
2448,244.704894,25925.416652363623
2449,244.804896,26011.274764166916
2450,244.904898,25891.54983347378
2451,245.0049,26391.694472536667
2452,245.104902,26111.569873359105
2453,245.204904,25768.213488034406
2454,245.30490600000002,26267.85245731244
2455,245.404908,26231.879350378094
2456,245.50491,26171.43167499207
2457,245.604912,25938.9864856524
2458,245.70491400000003,25999.63123376377
2459,245.804916,25951.751483039396
2460,245.904918,26288.521481243828
2461,246.00492000000003,26004.734413113572
2462,246.104922,26243.846369114857
2463,246.204924,26579.3755230162
2464,246.304926,26666.94093541459
2465,246.404928,26445.188544392968
2466,246.50493,26126.4511595645
2467,246.604932,26444.55888696682
2468,246.704934,25852.362813324176
2469,246.80493600000003,26480.438117986716
2470,246.904938,26365.754171692184
2471,247.00494,26386.71197083365
2472,247.10494200000002,25968.07766196092
2473,247.204944,25864.406113439873
2474,247.304946,26170.67033273194
2475,247.404948,25983.587181606454
2476,247.50495,26147.192663019472
2477,247.60495200000003,25967.47768526295
2478,247.704954,26049.40277906715
2479,247.804956,25542.952315460425
2480,247.90495800000002,25770.54550336706
2481,248.00495999999998,25742.773721823705
2482,248.104962,25716.918702109106
2483,248.20496400000002,25771.90779717322
2484,248.304966,25467.333022428964
2485,248.404968,25718.285830701432
2486,248.50497000000001,25406.311249292252
2487,248.604972,25432.81872367072
2488,248.70497400000002,25691.529904093342
2489,248.80497599999998,25727.582544576675
2490,248.904978,25733.062517111513
2491,249.00498000000002,25708.75709262661
2492,249.104982,25774.736809049333
2493,249.204984,25772.698561810652
2494,249.304986,25478.910095332463
2495,249.404988,25739.14639313047
2496,249.50499,25400.52883639123
2497,249.604992,25477.220368591847
2498,249.704994,25552.806419850218
2499,249.80499600000002,25602.490313731843
2500,249.904998,25757.001812589297
2501,250.005,25616.640652260267
2502,250.105002,25703.787407990407
2503,250.205004,25725.679418219974
2504,250.305006,25742.524595425843
2505,250.405008,26155.39320249478
2506,250.50501,26220.86307215807
2507,250.60501200000002,26223.516417170347
2508,250.705014,26190.558820284583
2509,250.805016,26087.53839039889
2510,250.905018,25702.05874993668
2511,251.00502000000003,25856.185590333225
2512,251.105022,25675.432762593566
2513,251.205024,25627.756955561705
2514,251.30502600000003,25928.716344076147
2515,251.405028,26237.758142485778
2516,251.50503,26061.912795530785
2517,251.605032,25598.127596503728
2518,251.705034,25897.369441421528
2519,251.805036,25935.67618637826
2520,251.905038,25978.73557086721
2521,252.00504,25792.909150518215
2522,252.10504200000003,25754.434001796646
2523,252.205044,25702.04329717804
2524,252.305046,26202.623509911507
2525,252.40504800000002,26207.932827489407
2526,252.50505,25917.805090485454
2527,252.605052,25812.381973449228
2528,252.705054,25937.5813894572
2529,252.805056,25956.204756852345
2530,252.90505800000003,25581.25879530354
2531,253.00506,25876.974681890035
2532,253.105062,26067.03486586165
2533,253.20506400000002,26284.462649329736
2534,253.30506599999998,26014.954767562293
2535,253.405068,26228.687164298783
2536,253.50507000000002,26028.829909231234
2537,253.605072,25742.182165224454
2538,253.705074,25826.914635931218
2539,253.805076,26082.125319743343
2540,253.905078,25971.188616634114
2541,254.00508000000002,25870.783112371886
2542,254.10508199999998,25923.595512149775
2543,254.205084,25984.072158405368
2544,254.30508600000002,25723.0909936134
2545,254.405088,25816.026349304015
2546,254.50509,25799.216671060905
2547,254.605092,25954.928078082332
2548,254.705094,25597.739430360034
2549,254.80509600000002,25737.038895531794
2550,254.905098,26148.625103711987
2551,255.0051,25887.4076524536
2552,255.10510200000002,26044.604462482872
2553,255.205104,25731.839670850593
2554,255.305106,26075.06473655607
2555,255.405108,26250.329767783653
2556,255.50511,26112.998083021463
2557,255.605112,25872.19223587071
2558,255.705114,25339.082343895545
2559,255.805116,25738.076587898504
2560,255.90511800000002,25627.615770060696
2561,256.00512,25805.681173582998
2562,256.105122,25757.58721315229
2563,256.205124,25909.557325369056
2564,256.30512600000003,25908.38570980353
2565,256.405128,25768.564158852176
2566,256.50513,25907.955035974886
2567,256.605132,25665.6806580884
2568,256.705134,26643.662785619443
2569,256.805136,26366.59877542906
2570,256.905138,26327.370501717047
2571,257.00514000000004,26420.914153966725
2572,257.105142,25937.94383687544
2573,257.205144,26111.347877734857
2574,257.30514600000004,26081.164296909803
2575,257.405148,26500.159447344155
2576,257.50515,26369.186219455463
2577,257.605152,26592.044174399907
2578,257.705154,26401.83725264133
2579,257.805156,26413.01156982436
2580,257.905158,25986.215094677158
2581,258.00516,25908.9454450585
2582,258.105162,26003.253039835738
2583,258.205164,26472.793023170387
2584,258.305166,26120.839116217983
2585,258.405168,26140.807938045476
2586,258.50517,25939.860019436896
2587,258.605172,25975.079838837413
2588,258.705174,25942.280790713372
2589,258.805176,26163.055221719565
2590,258.90517800000003,26472.85035731948
2591,259.00518,26063.927570485037
2592,259.105182,26045.552852450845
2593,259.20518400000003,26344.560189001073
2594,259.305186,26472.30892327516
2595,259.405188,26244.847512545413
2596,259.50519,26103.591149992568
2597,259.605192,25892.839647192017
2598,259.705194,25852.798099535114
2599,259.805196,26012.449868251126
2600,259.905198,26114.959034372725
2601,260.0052,26098.86243917381
2602,260.105202,25773.01451554115
2603,260.205204,25859.570969761746
2604,260.305206,26098.263210993493
2605,260.405208,26147.110346025667
2606,260.50521,25824.829191160894
2607,260.605212,26062.09108983399
2608,260.705214,25976.570358868823
2609,260.80521600000003,26225.632072599063
2610,260.905218,25945.616199283733
2611,261.00522,26290.917833864933
2612,261.105222,26017.31048578467
2613,261.20522400000004,26135.59494391769
2614,261.305226,26105.012716357
2615,261.405228,25753.399038269326
2616,261.50523,25843.011316441854
2617,261.605232,26607.665206869355
2618,261.705234,26396.916152600825
2619,261.805236,26381.952749120752
2620,261.905238,26065.30461815894
2621,262.00524,26580.40831663032
2622,262.105242,26287.568442759937
2623,262.205244,26145.471411574847
2624,262.305246,26622.248506150056
2625,262.40524800000003,26128.420643314857
2626,262.50525,26393.11268153827
2627,262.60525199999995,26370.889933236496
2628,262.705254,26417.080639887423
2629,262.805256,26092.92773959515
2630,262.905258,26237.355165186884
2631,263.00526,26137.05422931162
2632,263.105262,26066.43088939038
2633,263.205264,26073.9909549614
2634,263.305266,26450.438417161247
2635,263.405268,26236.951723166232
2636,263.50527,26190.675558941373
2637,263.605272,26588.297750009297
2638,263.70527400000003,26754.19046628989
2639,263.805276,26634.916080168867
2640,263.905278,26540.081381010044
2641,264.00528,26154.491227397146
2642,264.105282,26299.70340805813
2643,264.205284,26034.942415058205
2644,264.305286,25762.07111010143
2645,264.405288,26254.357693208363
2646,264.50529,26496.455879887075
2647,264.605292,26657.308474056306
2648,264.705294,26773.212736844787
2649,264.80529600000006,26522.776919034597
2650,264.905298,26131.63009748692
2651,265.0053,26459.400087371894
2652,265.10530200000005,26576.378478269886
2653,265.205304,26227.181835447092
2654,265.305306,26189.97902551192
2655,265.405308,26141.99725463162
2656,265.50531,26520.09039305654
2657,265.605312,26072.474996752622
2658,265.705314,26453.681994808398
2659,265.805316,26213.66772036006
2660,265.905318,25903.02843788934
2661,266.00532,26291.619063916976
2662,266.105322,26325.780741402556
2663,266.205324,26202.77747714565
2664,266.305326,26133.93002695902
2665,266.405328,26348.09973584619
2666,266.50533,26008.605531476675
2667,266.605332,26511.318964691345
2668,266.70533400000005,26640.517621440165
2669,266.805336,26384.59686336396
2670,266.905338,26291.967482952634
2671,267.00534000000005,26312.63661940254
2672,267.105342,26409.258894688784
2673,267.20534399999997,26353.749481035036
2674,267.30534600000004,25975.61126249728
2675,267.405348,26101.051879262817
2676,267.50534999999996,26469.867574419433
2677,267.60535200000004,26122.7974763817
2678,267.705354,25994.288333880624
2679,267.805356,26397.83875378141
2680,267.90535800000004,26490.292597626278
2681,268.00536,26134.011052318063
2682,268.105362,26107.380891923465
2683,268.205364,26119.559286670643
2684,268.305366,26017.208750936217
2685,268.405368,25913.03336999413
2686,268.50536999999997,25969.315922823545
2687,268.60537200000005,25700.853439537033
2688,268.705374,25874.90854907392
2689,268.80537599999997,26043.466344021865
2690,268.90537800000004,26037.185619390824
2691,269.00538,26152.271164762908
2692,269.10538199999996,26243.651505316408
2693,269.20538400000004,25878.555632275657
2694,269.305386,26256.18916113595
2695,269.40538799999996,26153.7279429526
2696,269.50539000000003,25998.567374893646
2697,269.605392,26204.788065951136
2698,269.705394,26284.511840327024
2699,269.80539600000003,26456.180890198844
2700,269.905398,26268.973883422514
2701,270.0054,26374.0892911439
2702,270.105402,25944.25453643627
2703,270.205404,26012.232506394408
2704,270.305406,25754.260917216372
2705,270.405408,25940.14070470289
2706,270.50541000000004,25710.227124202334
2707,270.605412,26223.33377588004
2708,270.70541399999996,25825.949321635882
2709,270.80541600000004,25893.986174287802
2710,270.905418,26141.3836270421
2711,271.00541999999996,25437.50093603789
2712,271.10542200000003,25672.5610465811
2713,271.205424,25794.496986173504
2714,271.30542599999995,25971.279379989035
2715,271.40542800000003,25862.33401184879
2716,271.50543,25941.80089618359
2717,271.605432,26022.762084434482
2718,271.705434,26086.795548525522
2719,271.805436,25908.66077860028
2720,271.905438,26260.028046928193
2721,272.00544,25846.4199430947
2722,272.105442,26059.329548983755
2723,272.205444,25778.08935772971
2724,272.305446,26261.37569783677
2725,272.40544800000004,25726.121288815488
2726,272.50545,25962.433209724048
2727,272.605452,26029.486251419457
2728,272.70545400000003,26079.850631417234
2729,272.805456,25833.974798307303
2730,272.905458,25607.89330835522
2731,273.00546,25808.35047380997
2732,273.105462,25282.159390504286
2733,273.205464,25691.97426058314
2734,273.305466,25608.07318988345
2735,273.405468,25271.51509419837
2736,273.50547,25688.105850555472
2737,273.605472,25464.541524478955
2738,273.705474,25690.51484665518
2739,273.805476,25411.989524446042
2740,273.905478,25890.640091219593
2741,274.00548,25461.144169343494
2742,274.105482,25580.33322150225
2743,274.205484,25702.33579318862
2744,274.30548600000003,25743.674499016204
2745,274.405488,25274.523916579532
2746,274.50549,25307.314170551806
2747,274.605492,25513.138038039848
2748,274.705494,25624.918781457392
2749,274.805496,25717.765295340694
2750,274.905498,25881.898620945674
2751,275.0055,25780.638168134337
2752,275.105502,25764.609190910098
2753,275.205504,26032.162779593516
2754,275.305506,25997.69300748066
2755,275.40550800000005,25991.666229594553
2756,275.50551,25888.715408276086
2757,275.605512,25811.91749606299
2758,275.70551400000005,26256.420328203814
2759,275.805516,26002.520769882314
2760,275.905518,26020.558193551096
2761,276.00552000000005,26351.227382760997
2762,276.105522,26238.719588733456
2763,276.205524,26111.63170451934
2764,276.305526,26291.725844950564
2765,276.405528,26276.125836401756
2766,276.50553,26538.170857951587
2767,276.605532,26208.72746873971
2768,276.705534,25902.474446637112
2769,276.805536,26150.274797771865
2770,276.905538,25954.751728921074
2771,277.00554,25952.057914897327
2772,277.105542,26046.16225779288
2773,277.205544,26263.83201997036
2774,277.30554600000005,26067.399673606065
2775,277.405548,26300.74454270757
2776,277.50554999999997,26217.863277464476
2777,277.60555200000005,26180.3472868446
2778,277.705554,26173.506728977256
2779,277.80555599999997,26257.953297863634
2780,277.90555800000004,26467.219392787396
2781,278.00556,26470.72107979874
2782,278.105562,26331.974105742443
2783,278.20556400000004,26421.566555119385
2784,278.305566,26539.04918905269
2785,278.405568,26279.76425243152
2786,278.50557000000003,26314.66518371716
2787,278.605572,26324.17061277494
2788,278.705574,25880.36975967731
2789,278.805576,25978.113691470808
2790,278.905578,25908.86033989893
2791,279.00558,25590.625536839012
2792,279.10558199999997,25916.523950205872
2793,279.20558400000004,25848.22320501731
2794,279.305586,25962.217174706362
2795,279.40558799999997,25936.148796556194
2796,279.50559000000004,26023.727020847127
2797,279.605592,26069.125995535604
2798,279.70559399999996,25733.21181660732
2799,279.80559600000004,25863.358545507213
2800,279.905598,26067.774529483922
2801,280.0056,26225.125849785843
2802,280.10560200000003,26334.664165172406
2803,280.205604,26098.666191915872
2804,280.305606,26046.73860970373
2805,280.40560800000003,26162.612469145242
2806,280.50561,26098.00681554926
2807,280.605612,26307.41451125731
2808,280.705614,26122.090548683977
2809,280.805616,26468.0877492584
2810,280.905618,26183.161087967346
2811,281.00562,26289.7730016605
2812,281.10562200000004,26324.980063713363
2813,281.205624,26351.35802111808
2814,281.30562599999996,26462.86480915946
2815,281.40562800000004,26176.10212434959
2816,281.50563,26423.510993611155
2817,281.60563199999996,26509.79202506786
2818,281.70563400000003,26355.688283005005
2819,281.805636,26190.60074261197
2820,281.90563799999995,26676.687933184978
2821,282.00564,26703.148189636868
2822,282.105642,26741.912855656738
2823,282.205644,26715.45491462352
2824,282.305646,26460.48554653925
2825,282.405648,26455.29606870837
2826,282.50565,26173.719656389647
2827,282.605652,26308.089177832968
2828,282.705654,26324.55324428002
2829,282.805656,26454.738859983387
2830,282.905658,26162.625945246647
2831,283.00566000000003,25897.39615667829
2832,283.105662,25925.13257426893
2833,283.205664,25909.557097099692
2834,283.30566600000003,26220.732456438545
2835,283.405668,25820.26489695765
2836,283.50567,26137.78901805703
2837,283.605672,26002.874174027627
2838,283.705674,25601.05632564079
2839,283.805676,25707.63166484855
2840,283.905678,26485.347179360826
2841,284.00568,26285.677357226225
2842,284.105682,26324.392613790325
2843,284.205684,26258.662908693048
2844,284.305686,26282.124671925252
2845,284.405688,26253.721466563202
2846,284.50569,26263.225732142702
2847,284.605692,26563.74482817297
2848,284.705694,25956.54547492748
2849,284.805696,26329.454193614965
2850,284.90569800000003,26536.989412427905
2851,285.0057,26586.02442452757
2852,285.105702,26085.912174428653
2853,285.205704,26242.57212506544
2854,285.305706,26050.054782693725
2855,285.405708,26268.500805567757
2856,285.50571,26197.856053339285
2857,285.605712,26017.274826148547
2858,285.705714,25940.00722592084
2859,285.805716,26400.045127982743
2860,285.905718,26415.95897721907
2861,286.00572000000005,26618.095355665875
2862,286.105722,26235.114491809705
2863,286.205724,26130.18300219913
2864,286.30572600000005,25995.96279542307
2865,286.405728,26417.232258168482
2866,286.50572999999997,26023.35628796618
2867,286.60573200000005,26227.388828139665
2868,286.705734,25494.58245534087
2869,286.805736,26527.40606834284
2870,286.905738,26256.80528101079
2871,287.00574,26081.979445342513
2872,287.105742,26000.12147586198
2873,287.205744,26341.992680453564
2874,287.305746,26140.941055282074
2875,287.405748,25646.02595639871
2876,287.50575,26394.42302338152
2877,287.605752,26041.0475939363
2878,287.705754,25980.73441693731
2879,287.805756,25975.314494583494
2880,287.90575800000005,25901.720779626703
2881,288.00576,25831.328407059456
2882,288.10576199999997,26074.87895228711
2883,288.20576400000004,26016.619905170293
2884,288.305766,26053.482301633077
2885,288.40576799999997,25874.641112361864
2886,288.50577000000004,25868.914177384264
2887,288.605772,26197.41268237663
2888,288.705774,25962.57524773872
2889,288.80577600000004,25757.8511898127
2890,288.905778,25751.6057903018
2891,289.00578,26117.703137122673
2892,289.10578200000003,25884.534458636983
2893,289.205784,25978.444816699932
2894,289.305786,25799.849018477555
2895,289.405788,25816.484509703645
2896,289.50579,26114.788577539257
2897,289.605792,25904.81551174402
2898,289.70579399999997,26171.058126465123
2899,289.80579600000004,25824.294865093092
2900,289.905798,26005.41982049593
2901,290.00579999999997,26388.733249016892
2902,290.10580200000004,26130.719355553676
2903,290.205804,26038.1633968746
2904,290.30580599999996,26332.26002001191
2905,290.40580800000004,26157.887523096317
2906,290.50581,26199.266853391902
2907,290.605812,26082.53028101663
2908,290.70581400000003,25802.618865153763
2909,290.805816,26017.236473699162
2910,290.905818,26035.32138373318
2911,291.00582,26587.069606658126
2912,291.105822,26365.109571861685
2913,291.205824,26279.20548771791
2914,291.305826,26329.260800031097
2915,291.405828,26194.573284592385
2916,291.50583,26271.920522026863
2917,291.605832,26152.093504187837
2918,291.70583400000004,26280.8702050306
2919,291.805836,26304.898283668525
2920,291.905838,26335.350920335557
2921,292.00584000000003,26765.790321326684
2922,292.105842,26747.62351411707
2923,292.20584399999996,26268.40345527077
2924,292.30584600000003,26370.53066925574
2925,292.405848,26677.362522439216
2926,292.50585,26551.82458215372
2927,292.605852,26097.250560798388
2928,292.705854,26320.306465894504
2929,292.805856,26192.529269505936
2930,292.905858,26175.60184292471
2931,293.00586,26425.3454435904
2932,293.105862,26288.0238624024
2933,293.205864,26429.70492658472
2934,293.305866,26116.015708523864
2935,293.405868,26120.77192051605
2936,293.50587,26076.21711280413
2937,293.60587200000003,26363.180866898714
2938,293.705874,26235.388744031177
2939,293.805876,26125.04348955655
2940,293.90587800000003,26405.453741967016
2941,294.00588,26509.413490451163
2942,294.105882,26325.422160488826
2943,294.205884,25991.24146135418
2944,294.305886,26372.09056311439
2945,294.405888,26206.041847366407
2946,294.50589,26211.026616453924
2947,294.605892,26354.311625319133
2948,294.70589400000006,26356.0297065182
2949,294.805896,26244.414984811432
2950,294.905898,26256.973259421167
2951,295.0059,26468.930006738
2952,295.105902,26310.324794467237
2953,295.205904,26280.908007309947
2954,295.305906,26275.86762096435
2955,295.405908,26592.604773838528
2956,295.50591000000003,26575.654873032738
2957,295.605912,26201.681631153588
2958,295.705914,25980.118489093224
2959,295.805916,26327.349797697498
2960,295.905918,26040.947063525084
2961,296.00592,26166.231922330982
2962,296.105922,26240.32637843763
2963,296.205924,26223.96669138926
2964,296.305926,25947.301793413844
2965,296.405928,26112.735926927744
2966,296.50593,25941.490351108296
2967,296.60593200000005,26290.164187763687
2968,296.705934,25936.619150882936
2969,296.805936,25666.616276679513
2970,296.90593800000005,26356.51334565229
2971,297.00594,26412.68299245267
2972,297.10594199999997,26126.487482195076
2973,297.20594400000004,26204.11865391745
2974,297.305946,26014.39518174865
2975,297.405948,25998.206288277368
2976,297.50595,25887.328328158284
2977,297.605952,25642.189410828752
2978,297.705954,26094.86693378242
2979,297.805956,25888.650790249987
2980,297.905958,26042.055912863067
2981,298.00596,25951.97785752755
2982,298.105962,25978.309155392348
2983,298.205964,26553.75154373929
2984,298.305966,26198.612897933264
2985,298.405968,25909.562347377356
2986,298.50597000000005,26182.719750196637
2987,298.605972,25896.294950655603
2988,298.70597399999997,25996.281035831216
2989,298.80597600000004,26107.214864712307
2990,298.905978,26316.689116695663
2991,299.00597999999997,25931.21853741407
2992,299.10598200000004,26127.825643202053
2993,299.205984,26640.15033560622
2994,299.305986,26027.29485917588
2995,299.40598800000004,26431.72843091113
2996,299.50599,26448.89937567312
2997,299.605992,26212.327421741473
2998,299.70599400000003,26160.678221345035
2999,299.805996,26370.812517627728
3000,299.905998,26414.272219269977
3001,300.006,26018.487433022692
3002,300.106002,26206.911288187053
3003,300.206004,26353.46494943469
3004,300.30600599999997,26076.50221172
3005,300.40600800000004,26147.672648748667
3006,300.50601,26422.757730472047
3007,300.60601199999996,26495.581461827096
3008,300.70601400000004,26069.89860414097
3009,300.806016,26160.948484453806
3010,300.90601799999996,25463.662797446294
3011,301.00602000000003,25972.771168893836
3012,301.106022,26198.82977574831
3013,301.206024,25992.680055653324
3014,301.30602600000003,26361.430702949565
3015,301.406028,26211.81485740393
3016,301.50603,26681.13115501703
3017,301.606032,26511.445107799824
3018,301.706034,26432.253500786905
3019,301.806036,26677.900692300558
3020,301.906038,26755.586424063735
3021,302.00604,26559.655734374493
3022,302.106042,26573.389232194026
3023,302.206044,26420.540811603998
3024,302.30604600000004,26445.83833514078
3025,302.406048,26463.42307179627
3026,302.50605,26600.474224975198
3027,302.60605200000003,26121.046320932433
3028,302.706054,26387.17560062324
3029,302.80605599999996,26512.097196590676
3030,302.90605800000003,26741.851005539767
3031,303.00606,26593.45270444774
3032,303.106062,26346.983004386042
3033,303.206064,26731.115860038597
3034,303.306066,26446.76446605473
3035,303.406068,26401.73931139993
3036,303.50607,26525.928159314695
3037,303.606072,26759.576946566493
3038,303.706074,26667.46983467764
3039,303.806076,26148.351532022585
3040,303.906078,26433.576512900476
3041,304.00608,26533.95049392128
3042,304.106082,26616.8323116267
3043,304.20608400000003,26837.04578250403
3044,304.306086,26873.406068125685
3045,304.406088,26715.416201816348
3046,304.50609000000003,26556.57915064126
3047,304.606092,26689.626842737976
3048,304.706094,26833.039974763044
3049,304.806096,26669.0132612521
3050,304.906098,26692.01478917418
3051,305.00610000000006,26375.698770056264
3052,305.106102,27054.088324170832
3053,305.206104,26525.69886214154
3054,305.30610600000006,26531.080766118226
3055,305.406108,26632.363802990465
3056,305.50611,26481.085720913055
3057,305.606112,26647.369352819318
3058,305.706114,26542.65252345403
3059,305.806116,26701.83466741015
3060,305.906118,26428.86243953322
3061,306.00612,26560.948228515237
3062,306.106122,26665.64262395874
3063,306.206124,26673.442574828758
3064,306.306126,26838.478105068676
3065,306.406128,26777.41789158626
3066,306.50613,26582.996764230244
3067,306.606132,26930.983257483633
3068,306.706134,26812.77150572649
3069,306.806136,26736.629529938178
3070,306.90613800000006,26909.980734422767
3071,307.00614,26745.16173010045
3072,307.106142,26458.837333135118
3073,307.20614400000005,27026.862313303474
3074,307.306146,26903.65480432767
3075,307.406148,27123.26046535044
3076,307.50615000000005,26884.160443279976
3077,307.606152,26499.331099327057
3078,307.70615399999997,26762.422633737046
3079,307.80615600000004,26443.81788919455
3080,307.906158,26403.21518628488
3081,308.00616,26520.861467720635
3082,308.106162,26420.332740289115
3083,308.206164,26226.7272094852
3084,308.306166,26313.9028369566
3085,308.406168,26562.940564449284
3086,308.50617,26485.780922387064
3087,308.606172,26670.32084390082
3088,308.706174,26890.931446288265
3089,308.806176,26769.70377551076
3090,308.906178,26839.72910531669
3091,309.00618,27121.84173514554
3092,309.10618200000005,26436.778514329028
3093,309.206184,26848.654112544114
3094,309.30618599999997,26711.59977482358
3095,309.40618800000004,26705.029687669045
3096,309.50619,26532.9105807371
3097,309.60619199999996,26291.12222348907
3098,309.70619400000004,26518.2499996312
3099,309.806196,26628.22671043116
3100,309.906198,26504.249972816055
3101,310.00620000000004,26475.769385788313
3102,310.106202,26547.696163305427
3103,310.206204,26217.08819357846
3104,310.30620600000003,26059.06345982005
3105,310.406208,26355.275643086377
3106,310.50621,26001.434635717833
3107,310.606212,26497.49542897699
3108,310.706214,26239.28061055976
3109,310.806216,26472.037617569036
3110,310.90621799999997,26055.20063921455
3111,311.00622000000004,26426.951911151147
3112,311.106222,26474.997401579192
3113,311.20622399999996,26526.16228672541
3114,311.30622600000004,25916.064780479308
3115,311.406228,26337.580186355586
3116,311.50622999999996,26330.331220038697
3117,311.60623200000003,26305.588731859807
3118,311.706234,26116.886419548657
3119,311.806236,26141.799108540654
3120,311.90623800000003,26080.10332127227
3121,312.00624,25776.564271199117
3122,312.106242,26289.38431192997
3123,312.206244,26487.88453039598
3124,312.306246,26351.319856675396
3125,312.406248,26135.84397502513
3126,312.50625,26501.284170155952
3127,312.606252,26220.331172085636
3128,312.706254,26430.764825125625
3129,312.806256,26526.05132639957
3130,312.90625800000004,26649.859020601238
3131,313.00626,26417.77713804597
3132,313.106262,26402.17208745037
3133,313.20626400000003,26696.84809819935
3134,313.306266,26853.17669478349
3135,313.40626799999995,26535.617928062515
3136,313.50627000000003,26410.332324927975
3137,313.606272,26439.555639013546
3138,313.706274,26198.1368001102
3139,313.806276,26274.31351848023
3140,313.906278,26245.97635191212
3141,314.00628,26249.564143093758
3142,314.106282,26132.398812479914
3143,314.206284,26059.11433921209
3144,314.306286,26536.90512750833
3145,314.406288,26445.394943961448
3146,314.50629,26457.71525827371
3147,314.606292,26556.371461808067
3148,314.706294,26538.631502945624
3149,314.80629600000003,26241.2944197769
3150,314.906298,26267.56275593838
3151,315.0063,26400.063921203033
3152,315.106302,26573.81252838524
3153,315.206304,26346.94922758713
3154,315.306306,26476.7099254191
3155,315.406308,26212.447944305717
3156,315.50631,26386.507714968833
3157,315.60631200000006,26268.212296662787
3158,315.706314,26389.18671480338
3159,315.806316,26286.35349016031
3160,315.90631800000006,26136.17856196075
3161,316.00632,26378.636231824603
3162,316.106322,26565.289716126652
3163,316.206324,26347.736986826574
3164,316.306326,26512.281475371088
3165,316.406328,26474.80271628988
3166,316.50633,26830.961997013146
3167,316.606332,26406.963560737793
3168,316.706334,26330.430972822298
3169,316.806336,26588.238166280782
3170,316.906338,26184.757041412504
3171,317.00634,26099.748164071363
3172,317.106342,26440.842958913636
3173,317.206344,26361.41892253903
3174,317.306346,26240.95476961431
3175,317.406348,26359.336658385295
3176,317.50635000000005,26676.351391065404
3177,317.606352,26513.968941722556
3178,317.706354,26670.293627076837
3179,317.80635600000005,26941.653686408124
3180,317.906358,26626.59050170734
3181,318.00636,26880.785260495722
3182,318.10636200000005,26596.028541851487
3183,318.206364,26727.795231949076
3184,318.30636599999997,26971.49978462954
3185,318.40636800000004,26447.558936153913
3186,318.50637,26478.522910696644
3187,318.606372,26614.879578346736
3188,318.706374,26478.784853838413
3189,318.806376,26872.033265189948
3190,318.906378,26431.60164572595
3191,319.00638,26780.427857773582
3192,319.106382,26708.496452012238
3193,319.206384,26666.33357673208
3194,319.306386,27009.66835550698
3195,319.40638800000005,26881.592121276233
3196,319.50639,27052.84871051691
3197,319.60639199999997,27177.78244736076
3198,319.70639400000005,26892.84329122518
3199,319.806396,26991.579021260524
3200,319.90639799999997,26927.296821710464
3201,320.00640000000004,26640.24570085512
3202,320.106402,26689.688304408795
3203,320.20640399999996,26419.890732141095
3204,320.30640600000004,26873.371097027026
3205,320.406408,26719.205623599217
3206,320.50641,26949.00983262874
3207,320.60641200000003,26968.650885559757
3208,320.706414,27257.299079284014
3209,320.806416,26767.629287297506
3210,320.90641800000003,26753.30010693784
3211,321.00642,26975.79937736913
3212,321.106422,26858.5512268179
3213,321.206424,26971.637086579398
3214,321.306426,26777.522499848234
3215,321.406428,26942.88343376665
3216,321.50642999999997,26902.51923755059
3217,321.60643200000004,26635.749445133333
3218,321.706434,27137.86358185153
3219,321.80643599999996,26700.441193289404
3220,321.90643800000004,26795.22301734688
3221,322.00644,27002.62725232269
3222,322.10644199999996,27219.695127360115
3223,322.20644400000003,27044.441235133472
3224,322.306446,26601.630929977728
3225,322.406448,26950.475436124758
3226,322.50645000000003,26796.212626578235
3227,322.606452,26465.154259302133
3228,322.706454,27037.43706725407
3229,322.806456,27044.241138060806
3230,322.906458,26743.25465149861
3231,323.00646,26805.71711796924
3232,323.106462,26707.59755894129
3233,323.206464,26750.00892380422
3234,323.306466,26662.905312323546
3235,323.406468,26967.68102178804
3236,323.50647000000004,26837.670754584335
3237,323.606472,27053.018665039668
3238,323.706474,27214.861715921408
3239,323.80647600000003,27516.194476253368
3240,323.906478,27598.097572077226
3241,324.00647999999995,27810.27496003974
3242,324.106482,27321.123778947036
3243,324.206484,26957.351297490568
3244,324.306486,27241.090802758034
3245,324.406488,27063.368325630898
3246,324.50649,26835.788354497214
3247,324.606492,27300.987752354744
3248,324.706494,27195.019796445653
3249,324.806496,27160.447645120752
3250,324.906498,26807.546921727877
3251,325.0065,26889.60002707118
3252,325.106502,27243.539611777887
3253,325.206504,26916.588225622963
3254,325.306506,27558.7699323793
3255,325.40650800000003,27397.069298541654
3256,325.50651,27098.310285124146
3257,325.606512,27254.456682923526
3258,325.706514,26874.721370670057
3259,325.806516,27123.020218528818
3260,325.906518,26932.50586937195
3261,326.00652,26765.800943647115
3262,326.106522,26902.17537641511
3263,326.20652400000006,27059.719677293604
3264,326.306526,26862.527358385538
3265,326.406528,26782.527995904064
3266,326.50653000000005,26739.216585553524
3267,326.606532,26904.470154428756
3268,326.706534,26896.434539225433
3269,326.806536,27087.459202732538
3270,326.906538,26812.478625662174
3271,327.00654,26686.9843580066
3272,327.106542,26899.917413856616
3273,327.206544,27008.930931352254
3274,327.306546,26851.952478550786
3275,327.406548,27229.90000638739
3276,327.50655,26835.656182173698
3277,327.606552,26977.77906253476
3278,327.706554,26876.723322456808
3279,327.806556,26764.029505330196
3280,327.906558,26772.87507636787
3281,328.00656,26774.94789647941
3282,328.10656200000005,26808.432530386086
3283,328.206564,26422.898583297505
3284,328.306566,26763.207053770584
3285,328.40656800000005,26796.50014011876
3286,328.50657,26574.46759282552
3287,328.60657199999997,26370.438833477627
3288,328.70657400000005,26467.95611547771
3289,328.806576,26402.196129895685
3290,328.90657799999997,26644.584778106546
3291,329.00658000000004,26335.90332046781
3292,329.106582,26297.251506832585
3293,329.206584,26546.856967550106
3294,329.30658600000004,26493.85548183259
3295,329.406588,26289.207877529654
3296,329.50659,26674.698033900564
3297,329.606592,26766.225789608845
3298,329.706594,26563.926553673264
3299,329.806596,26680.49858049893
3300,329.906598,26569.77059468503
3301,330.00660000000005,27090.442801128087
3302,330.106602,26904.39446749394
3303,330.20660399999997,26579.201569245186
3304,330.30660600000004,26499.371493841645
3305,330.406608,26909.126131092497
3306,330.50660999999997,26900.110905876874
3307,330.60661200000004,27465.698243542432
3308,330.706614,27425.043894453283
3309,330.80661599999996,27654.53109073019
3310,330.90661800000004,26724.37343363249
3311,331.00662,26973.244450875034
3312,331.106622,26957.83428339854
3313,331.20662400000003,26992.51559622493
3314,331.306626,27107.000438764066
3315,331.406628,27095.10711249023
3316,331.50663000000003,27040.413478301325
3317,331.606632,26969.065441556173
3318,331.706634,27004.470072165186
3319,331.806636,26812.860621300115
3320,331.90663800000004,27031.96762250146
3321,332.00664,27357.687274103148
3322,332.10664199999997,27064.973587028722
3323,332.20664400000004,27088.64819455331
3324,332.306646,26673.345240487044
3325,332.40664799999996,26766.06093048575
3326,332.50665000000004,26881.93245795287
3327,332.606652,27265.92110655439
3328,332.70665399999996,26795.166300293742
3329,332.80665600000003,26653.47605749271
3330,332.906658,26774.86937816082
3331,333.00666,26973.881209292533
3332,333.10666200000003,26540.214148456285
3333,333.206664,26518.01865743222
3334,333.306666,27059.127001720735
3335,333.406668,26713.60899715928
3336,333.50667,26787.412335015495
3337,333.606672,26911.80500354454
3338,333.706674,27121.3878460608
3339,333.80667600000004,27305.659293143955
3340,333.906678,26510.422830745156
3341,334.00668,27005.867313703566
3342,334.10668200000003,26957.546986464597
3343,334.206684,26835.62760764676
3344,334.306686,26791.993179837078
3345,334.40668800000003,26826.803410149838
3346,334.50669,26766.503112766317
3347,334.60669199999995,27145.780011845458
3348,334.706694,26947.92330894842
3349,334.806696,26911.167305593754
3350,334.906698,27009.834564652272
3351,335.0067,26937.14224243152
3352,335.106702,26530.895113718892
3353,335.206704,26494.325634116867
3354,335.306706,26382.396683262054
3355,335.406708,26357.893387143056
3356,335.50671,26178.03217312937
3357,335.606712,26419.4495349103
3358,335.706714,26841.764842010216
3359,335.806716,26775.665600713342
3360,335.906718,26797.239231536234
3361,336.00672000000003,26741.887463390674
3362,336.106722,26648.160617384663
3363,336.206724,26790.995801195204
3364,336.306726,26965.024714389077
3365,336.406728,27100.685749193737
3366,336.50673,26709.28344708553
3367,336.606732,26967.97875736003
3368,336.706734,26894.264280064494
3369,336.80673600000006,27126.517325340912
3370,336.906738,26522.82833651207
3371,337.00674,26585.018385857573
3372,337.10674200000005,26565.647698181547
3373,337.206744,26779.53398959499
3374,337.306746,27476.784848935276
3375,337.406748,26898.115216404287
3376,337.50675,27222.33634767646
3377,337.606752,27183.746911349248
3378,337.706754,27067.960652780912
3379,337.806756,26920.615783841786
3380,337.906758,27356.290814663735
3381,338.00676,27091.608162735076
3382,338.106762,26959.275714346757
3383,338.206764,27047.663980872265
3384,338.306766,27081.05842127411
3385,338.406768,26698.31813065854
3386,338.50677,27128.221634431484
3387,338.606772,26765.213084629104
3388,338.70677400000005,26995.53350880313
3389,338.806776,27184.141743953198
3390,338.906778,26964.19208924027
3391,339.00678000000005,26943.517329483515
3392,339.106782,27276.65373007621
3393,339.20678399999997,27067.10316666387
3394,339.30678600000005,27088.357281597422
3395,339.406788,26833.8704576815
3396,339.50678999999997,26870.153882434675
3397,339.60679200000004,26892.85750404069
3398,339.706794,26421.774250447717
3399,339.806796,26598.3858079936
3400,339.90679800000004,26987.33463497758
3401,340.0068,26743.370270947078
3402,340.106802,26884.270933181073
3403,340.206804,26829.630065047008
3404,340.306806,26523.53088078588
3405,340.406808,26371.221755713028
3406,340.50681,26486.28205049604
3407,340.60681200000005,26968.382583199756
3408,340.706814,26512.002690996585
3409,340.80681599999997,26486.461608386246
3410,340.90681800000004,26144.627760390802
3411,341.00682,26409.46778404963
3412,341.10682199999997,26173.13603801572
3413,341.20682400000004,26607.533993125366
3414,341.306826,26323.54497096532
3415,341.40682799999996,26315.107870669453
3416,341.50683000000004,26634.54554809605
3417,341.606832,26281.348339403245
3418,341.706834,26612.31536026227
3419,341.80683600000003,26513.652240527288
3420,341.906838,26453.389710097505
3421,342.00684,26610.48196046327
3422,342.10684200000003,26530.143336156576
3423,342.206844,26624.86576535707
3424,342.306846,26298.505323813766
3425,342.406848,26567.093804894455
3426,342.50685000000004,26803.779106551607
3427,342.606852,26768.93735212597
3428,342.70685399999996,26816.926363886727
3429,342.80685600000004,26729.10891905037
3430,342.906858,26321.580058270392
3431,343.00685999999996,26526.89629838478
3432,343.10686200000004,26763.301778211342
3433,343.206864,26703.4884711181
3434,343.30686599999996,26655.535808027875
3435,343.40686800000003,26471.431368892197
3436,343.50687,26458.88403318983
3437,343.606872,26826.109414116487
3438,343.706874,27127.684602024816
3439,343.806876,27003.259092205768
3440,343.906878,27061.547362218702
3441,344.00688,26615.43558139169
3442,344.106882,26498.675209893205
3443,344.206884,26549.476675759015
3444,344.306886,26528.69107302393
3445,344.40688800000004,26797.279889456146
3446,344.50689,26829.71104306247
3447,344.606892,26833.049437911515
3448,344.70689400000003,26588.520650321625
3449,344.806896,26449.02364659512
3450,344.906898,26677.930123284354
3451,345.00690000000003,26774.423105018046
3452,345.106902,26727.86316990419
3453,345.206904,26554.848695758603
3454,345.306906,26433.406723941007
3455,345.406908,26352.52043430109
3456,345.50691,26455.29780421254
3457,345.606912,26770.140929883444
3458,345.706914,26704.288994822597
3459,345.806916,26546.062652051325
3460,345.906918,26799.59892081105
3461,346.00692,26908.117368027393
3462,346.106922,26785.548418402697
3463,346.206924,26498.002027136536
3464,346.30692600000003,26740.836790708137
3465,346.406928,27031.878678988338
3466,346.50693,26941.886008610247
3467,346.60693200000003,27008.404160226324
3468,346.706934,27215.861555990294
3469,346.806936,27018.91888581737
3470,346.906938,26682.261897198205
3471,347.00694,26518.79144777176
3472,347.106942,26770.466826212003
3473,347.206944,26482.924549016472
3474,347.306946,26728.325283479477
3475,347.40694800000006,27055.082078649368
3476,347.50695,26588.683199103074
3477,347.606952,26611.48250428625
3478,347.70695400000005,27067.127862231202
3479,347.806956,26887.02831480114
3480,347.906958,26779.34465433853
3481,348.00696000000005,27120.224182074227
3482,348.106962,26960.003134035403
3483,348.206964,26847.85588480599
3484,348.306966,26885.149633932157
3485,348.406968,26960.90011618676
3486,348.50697,27056.330537225105
3487,348.606972,27291.537758456812
3488,348.706974,27233.07874306015
3489,348.806976,26957.97020111352
3490,348.906978,26962.605965311137
3491,349.00698,26942.042599493285
3492,349.106982,27060.94413924971
3493,349.206984,27246.64845676248
3494,349.30698600000005,27073.74754596883
3495,349.406988,27032.608665551114
3496,349.50699,26607.968804722634
3497,349.60699200000005,26861.604800813493
3498,349.706994,26923.58853045418
3499,349.80699599999997,26516.13239907633
3500,349.90699800000004,26943.225237559993
3501,350.007,26551.216592331893
3502,350.10700199999997,26552.604263892666
3503,350.20700400000004,26965.67571191544
3504,350.307006,27197.70717246048
3505,350.407008,27126.62610169259
3506,350.50701000000004,26708.331625218027
3507,350.607012,26989.221525316592
3508,350.707014,27264.54040516413
3509,350.807016,26772.929726069462
3510,350.907018,26276.95123960488
3511,351.00702,26709.8937907103
3512,351.107022,26517.640163008306
3513,351.20702400000005,26385.15436485837
3514,351.307026,26595.265934706385
3515,351.40702799999997,26818.253995352326
3516,351.50703000000004,26691.60891945258
3517,351.607032,26758.08627784404
3518,351.70703399999996,27124.17850842954
3519,351.80703600000004,27045.428865962673
3520,351.907038,26690.275690457514
3521,352.00703999999996,26817.880840056703
3522,352.10704200000004,26554.19003639786
3523,352.207044,27011.29137888173
3524,352.307046,26928.980434509085
3525,352.40704800000003,26492.64443595065
3526,352.50705,26538.41050742296
3527,352.607052,26370.55543683826
3528,352.707054,26346.761702004278
3529,352.807056,26515.55954000175
3530,352.907058,26678.83127545426
3531,353.00706,26646.520531893853
3532,353.10706200000004,26387.9599446671
3533,353.207064,26820.284475359833
3534,353.30706599999996,26426.273186239734
3535,353.40706800000004,26855.74376018558
3536,353.50707,26853.790922072276
3537,353.60707199999996,26628.88622372015
3538,353.70707400000003,26669.4167632891
3539,353.807076,26558.71293050366
3540,353.90707799999996,26602.84613880244
3541,354.00708000000003,26565.437989105394
3542,354.107082,26786.787106837644
3543,354.207084,26732.457064372622
3544,354.307086,26459.5605287009
3545,354.407088,26605.03123244486
3546,354.50709,26812.10020274689
3547,354.607092,26313.46799931562
3548,354.707094,26472.65652139111
3549,354.807096,26581.765476746757
3550,354.907098,26669.65356314411
3551,355.00710000000004,25845.50981540077
3552,355.107102,26318.516506794713
3553,355.207104,26471.00352415035
3554,355.30710600000003,26209.621677001884
3555,355.407108,26762.496891727085
3556,355.50711,26674.813804150235
3557,355.60711200000003,26302.02087705831
3558,355.707114,26537.43302671648
3559,355.807116,26464.46224337203
3560,355.907118,26383.45623535397
3561,356.00712,26384.641179744187
3562,356.107122,26626.30054229513
3563,356.207124,26230.48937400465
3564,356.307126,26739.172673754852
3565,356.407128,26671.155415474885
3566,356.50713,27136.745328659905
3567,356.607132,26719.893303121426
3568,356.707134,26950.383547685913
3569,356.807136,26539.201948627735
3570,356.90713800000003,26943.119236498867
3571,357.00714,27347.610137472
3572,357.107142,27024.43071161965
3573,357.207144,26674.930628961025
3574,357.307146,26776.38596786121
3575,357.407148,26836.821067435503
3576,357.50715,26951.72725324144
3577,357.607152,26675.038389894846
3578,357.707154,26787.79076190235
3579,357.807156,26590.744298080703
3580,357.907158,26378.963166334914
3581,358.00716000000006,26633.78943362674
3582,358.107162,27088.840325152873
3583,358.207164,26997.503170705313
3584,358.30716600000005,26688.988240765342
3585,358.407168,26704.88485831905
3586,358.50717,26757.82746902515
3587,358.60717200000005,26673.50841104656
3588,358.707174,26641.2621078747
3589,358.807176,26966.354011425887
3590,358.907178,26665.0362187632
3591,359.00718,26787.196533743983
3592,359.107182,26717.878719679582
3593,359.207184,26323.379009348948
3594,359.307186,26462.263026312416
3595,359.407188,26394.69105359659
3596,359.50719,26315.469207231723
3597,359.607192,26511.567423960623
3598,359.707194,26602.89477570771
3599,359.807196,26386.780160724582
3600,359.90719800000005,26290.781662811387
3601,360.0072,26490.619244330595
3602,360.107202,26434.909631776256
3603,360.20720400000005,26333.853771975835
3604,360.307206,26220.308107104713
3605,360.40720799999997,26632.52113682843
3606,360.50721000000004,26530.266313059852
3607,360.607212,26332.23982308491
3608,360.707214,26634.96371446006
3609,360.80721600000004,26680.168744468683
3610,360.907218,26721.491770395813
3611,361.00722,26617.485542595077
3612,361.10722200000004,26457.87697053499
3613,361.207224,26654.07526449734
3614,361.307226,26682.4205156696
3615,361.407228,26712.861514358927
3616,361.50723,26554.55799770951
3617,361.607232,26828.674105419577
3618,361.70723399999997,26249.919945695776
3619,361.80723600000005,26372.250840230947
3620,361.907238,26676.74881280999
3621,362.00723999999997,26549.735816831035
3622,362.10724200000004,26600.528836627556
3623,362.207244,26557.64489439767
3624,362.30724599999996,26477.447052659325
3625,362.40724800000004,26661.92178750708
3626,362.50725,26545.60115166471
3627,362.60725199999996,26735.77517340698
3628,362.70725400000003,26956.12093255216
3629,362.807256,26667.307982423925
3630,362.907258,26680.339491291514
3631,363.00726000000003,26721.812842603547
3632,363.107262,26547.043449857425
3633,363.207264,26644.455482709887
3634,363.307266,26706.731595009267
3635,363.407268,26940.12750854077
3636,363.50727,26294.568127470622
3637,363.607272,26183.024409181795
3638,363.70727400000004,26092.221572664334
3639,363.807276,26654.585413964967
3640,363.907278,26310.976922007525
3641,364.00728000000004,26333.044805417543
3642,364.107282,26770.88908344344
3643,364.20728399999996,26796.251141130975
3644,364.30728600000003,26435.494476844044
3645,364.407288,26590.30795782742
3646,364.50728999999995,26728.22182241609
3647,364.60729200000003,26995.47670484041
3648,364.707294,26677.31172240882
3649,364.807296,26553.833136153142
3650,364.907298,26585.087874684796
3651,365.0073,26675.67521113472
3652,365.107302,26501.562865097767
3653,365.207304,26818.659865998485
3654,365.307306,26645.79097258447
3655,365.407308,26893.75864371816
3656,365.50731,26960.976742605282
3657,365.60731200000004,26567.238425651805
3658,365.707314,26924.68618711495
3659,365.807316,26601.155706428723
3660,365.90731800000003,26352.72561800358
3661,366.00732,26604.353376607945
3662,366.107322,26715.46209560856
3663,366.207324,26718.086746773013
3664,366.307326,26848.16254363138
3665,366.407328,26905.384410119816
3666,366.50733,27046.279691754007
3667,366.607332,26793.21233578968
3668,366.70733400000006,26733.369324613162
3669,366.807336,26624.973604890474
3670,366.907338,26818.493052975155
3671,367.00734,26931.71655985023
3672,367.107342,26623.336932683866
3673,367.207344,26857.96095558713
3674,367.307346,26564.665228846792
3675,367.407348,26888.22902254431
3676,367.50735000000003,27031.460609454884
3677,367.607352,26937.83100467386
3678,367.707354,26524.56527741081
3679,367.807356,26496.31476385345
3680,367.907358,26532.155101188153
3681,368.00736,26471.521949630147
3682,368.107362,26507.9047408537
3683,368.207364,26399.749302748518
3684,368.307366,26587.04087234563
3685,368.407368,26563.39545372001
3686,368.50737,26073.195627687306
3687,368.60737200000005,26043.70303661034
3688,368.707374,26539.525978529935
3689,368.807376,26714.556150091783
3690,368.90737800000005,26537.00120941493
3691,369.00738,26719.659270664033
3692,369.107382,26836.255570091642
3693,369.20738400000005,26110.30700382845
3694,369.307386,26477.91038414675
3695,369.407388,26624.22750621107
3696,369.50739,26809.93462999145
3697,369.607392,26698.513986874754
3698,369.707394,26464.286641508184
3699,369.807396,26432.925963397432
3700,369.907398,26721.43052764293
3701,370.0074,26881.856612707154
3702,370.107402,27031.47565260468
3703,370.207404,26945.56892976842
3704,370.307406,26512.830789610143
3705,370.407408,26618.64686843974
3706,370.50741000000005,26397.496730521198
3707,370.607412,26765.166896429608
3708,370.70741399999997,26646.631634047655
3709,370.80741600000005,26291.1205007969
3710,370.907418,26060.27097238478
3711,371.00741999999997,26467.078321561305
3712,371.10742200000004,26214.78681250521
3713,371.207424,26234.66639169859
3714,371.307426,26457.514856887152
3715,371.40742800000004,26535.347505919628
3716,371.50743,26815.300750687562
3717,371.607432,26604.81050658665
3718,371.70743400000003,26612.924101320426
3719,371.807436,26598.777720785398
3720,371.907438,26710.36499941616
3721,372.00744,26885.81198358361
3722,372.107442,26559.74153616613
3723,372.207444,26867.37143735547
3724,372.30744599999997,26933.032374237155
3725,372.40744800000004,26624.002117465323
3726,372.50745,26513.802995630344
3727,372.60745199999997,26518.2378572489
3728,372.70745400000004,26298.968302630066
3729,372.807456,26560.967742323977
3730,372.90745799999996,26382.441196938576
3731,373.00746000000004,26469.079627838117
3732,373.107462,26165.275721066628
3733,373.207464,26784.502814342697
3734,373.30746600000003,26213.375558715277
3735,373.407468,26540.456608983113
3736,373.50747,26674.595944462675
3737,373.60747200000003,26368.326285907784
3738,373.707474,26218.800617794044
3739,373.807476,26123.277103948556
3740,373.907478,26246.81544209693
3741,374.00748,26076.225815879705
3742,374.107482,26329.385918787724
3743,374.207484,26590.640026972145
3744,374.30748600000004,26156.489014621893
3745,374.407488,26605.040042544028
3746,374.50749,26340.080813569064
3747,374.60749200000004,26794.825205577243
3748,374.707494,26697.746902202445
3749,374.80749599999996,26705.408873407243
3750,374.90749800000003,26707.57960134307
3751,375.0075,26385.660389947865
3752,375.107502,26702.087656333348
3753,375.20750400000003,26997.517079141333
3754,375.307506,26939.234118223983
3755,375.407508,26729.980277087074
3756,375.50751,26563.45738952504
3757,375.607512,26756.98119048467
3758,375.707514,26855.818559572257
3759,375.807516,26463.6397386543
3760,375.907518,26400.132218249306
3761,376.00752,26526.384671933054
3762,376.107522,26519.111305538583
3763,376.20752400000003,26609.70162129063
3764,376.307526,26535.46832526142
3765,376.407528,26751.274141090664
3766,376.50753000000003,26981.378116315405
3767,376.607532,26845.86151546839
3768,376.707534,26671.09467851084
3769,376.807536,26683.499514296098
3770,376.907538,26511.136861816958
3771,377.00754,26426.064050717203
3772,377.107542,26375.5679006927
3773,377.207544,26601.571149314612
3774,377.30754600000006,26455.71413271864
3775,377.407548,26818.644846096497
3776,377.50755,26551.65555236635
3777,377.607552,26991.937828838112
3778,377.707554,26474.740568970887
3779,377.807556,26729.945735966587
3780,377.907558,26423.085359976743
3781,378.00756,26575.7240625601
3782,378.10756200000003,26706.683822540057
3783,378.207564,26445.346995337786
3784,378.307566,26436.42228464902
3785,378.407568,26708.3340852117
3786,378.50757,26342.935803541342
3787,378.607572,26379.29675758218
3788,378.707574,26422.455155448726
3789,378.807576,26392.21368677253
3790,378.907578,26175.081900489186
3791,379.00758,26125.45029118043
3792,379.107582,26169.152498375213
3793,379.20758400000005,26335.99056521589
3794,379.307586,26040.891767351
3795,379.407588,26419.83536027083
3796,379.50759000000005,26307.823287120653
3797,379.607592,26331.049228444015
3798,379.707594,26359.7925694756
3799,379.80759600000005,26333.87868280326
3800,379.907598,26330.940151528557
3801,380.0076,26096.591247674456
3802,380.107602,26573.61454873347
3803,380.207604,26520.47871567298
3804,380.307606,26465.84261847068
3805,380.407608,26372.8675082415
3806,380.50761,26521.63798717685
3807,380.607612,26290.613929624462
3808,380.707614,26187.69297694115
3809,380.807616,26343.97583665685
3810,380.907618,26189.141288476447
3811,381.00762,26223.928402011716
3812,381.10762200000005,26390.256884706432
3813,381.207624,26260.535135229547
3814,381.30762599999997,25907.67052841673
3815,381.40762800000005,25961.20295303672
3816,381.50763,25997.133209147854
3817,381.60763199999997,25943.62982938051
3818,381.70763400000004,25927.97100086255
3819,381.807636,26249.637622787213
3820,381.907638,26124.337318243837
3821,382.00764000000004,26050.347862403654
3822,382.107642,26065.34074500168
3823,382.207644,26444.837584112942
3824,382.30764600000003,26321.395473696353
3825,382.407648,26052.323170332904
3826,382.50765,26167.565783229158
3827,382.60765200000003,26038.20129623092
3828,382.707654,25852.917904911996
3829,382.807656,26011.163180332118
3830,382.90765799999997,25698.65713583885
3831,383.00766000000004,25623.813838999522
3832,383.107662,26303.263114064684
3833,383.20766399999997,26014.82375730389
3834,383.30766600000004,26333.956464072162
3835,383.407668,26352.6221659981
3836,383.50766999999996,26365.840360313196
3837,383.60767200000004,26302.583947127237
3838,383.707674,26038.100016663295
3839,383.807676,26244.964602451408
3840,383.90767800000003,26396.050350049903
3841,384.00768,26192.16964879879
3842,384.107682,26004.656511596153
3843,384.20768400000003,26405.707454430154
3844,384.307686,26249.86925972279
3845,384.407688,26068.517309609804
3846,384.50769,26501.982975936582
3847,384.607692,26270.380649043997
3848,384.707694,26007.14934257658
3849,384.807696,26629.83149143779
3850,384.90769800000004,26333.879217918646
3851,385.0077,26163.83396173986
3852,385.107702,25954.80462093634
3853,385.20770400000004,25822.10835456809
3854,385.307706,26276.69042393369
3855,385.40770799999996,26063.70601765547
3856,385.50771000000003,25983.179783582444
3857,385.607712,26040.344490755026
3858,385.707714,26250.266388293836
3859,385.807716,26199.35948544465
3860,385.907718,26017.081681372933
3861,386.00772,26356.320751985102
3862,386.107722,26501.38143159709
3863,386.207724,26311.33562068122
3864,386.307726,25979.056394799787
3865,386.407728,26513.57408337455
3866,386.50773,26307.604925403917
3867,386.607732,26151.93554064874
3868,386.707734,25854.87063136175
3869,386.80773600000003,26218.755874937404
3870,386.907738,26602.00835290069
3871,387.00774,26276.213301495343
3872,387.10774200000003,26423.85153899516
3873,387.207744,26593.23262917305
3874,387.307746,26415.60541528821
3875,387.407748,26551.29290164649
3876,387.50775,26386.747227433025
3877,387.60775200000006,26282.277782689966
3878,387.707754,26410.063040274777
3879,387.807756,26465.9036849773
3880,387.90775800000006,26303.473182082897
3881,388.00776,26355.709663000343
3882,388.107762,26407.822257790485
3883,388.207764,26184.632988560636
3884,388.307766,26146.62445022626
3885,388.407768,26378.33308433098
3886,388.50777,26463.608351363302
3887,388.607772,26329.793054917933
3888,388.70777400000003,26127.02946715041
3889,388.807776,26043.61144490954
3890,388.907778,25957.362265780677
3891,389.00778,26322.42915757699
3892,389.107782,26473.71823911899
3893,389.207784,26226.937540237064
3894,389.307786,26052.585524903257
3895,389.407788,25935.211875220062
3896,389.50779,26235.34585884902
3897,389.607792,25973.70882663463
3898,389.707794,26392.439741806003
3899,389.80779600000005,26300.24184667766
3900,389.907798,26307.12440600047
3901,390.0078,26326.488726092768
3902,390.10780200000005,26011.981230523743
3903,390.207804,26341.976900166024
3904,390.30780599999997,25935.79010689331
3905,390.40780800000005,26326.127400957266
3906,390.50781,26082.477947907835
3907,390.607812,26187.719055990987
3908,390.707814,26034.494747147608
3909,390.807816,26322.861512617797
3910,390.907818,26440.040025546714
3911,391.00782,26543.197748025486
3912,391.107822,26377.079520005285
3913,391.207824,26398.277414094584
3914,391.307826,25975.54677284169
3915,391.407828,26057.51049875378
3916,391.50783,25983.028108502785
3917,391.607832,25924.277642577475
3918,391.70783400000005,25982.275521003947
3919,391.807836,25956.64534462901
3920,391.90783799999997,26109.336897376525
3921,392.00784000000004,26177.388205292693
3922,392.107842,26142.570464643213
3923,392.20784399999997,26277.034116315557
3924,392.30784600000004,26191.175376102612
3925,392.407848,26055.020704094895
3926,392.50785,25898.077110536346
3927,392.60785200000004,26376.813820302177
3928,392.707854,26007.728362868696
3929,392.807856,26470.847212951103
3930,392.90785800000003,26064.783652271548
3931,393.00786,26413.882403900385
3932,393.107862,26550.306994802057
3933,393.20786400000003,26004.68760359273
3934,393.307866,26205.646225112065
3935,393.407868,26133.798310023478
3936,393.50786999999997,26109.04260809752
3937,393.60787200000004,26063.72354574273
3938,393.707874,26013.551014823934
3939,393.80787599999996,25991.027780574765
3940,393.90787800000004,25943.25263770647
3941,394.00788,25892.762855967092
3942,394.10788199999996,25935.718886531256
3943,394.20788400000004,26166.657771463422
3944,394.307886,25993.530514247137
3945,394.407888,26251.796276952056
3946,394.50789000000003,26218.947203690834
3947,394.607892,26242.355734076187
3948,394.707894,26271.208405374666
3949,394.807896,26185.535493503623
3950,394.907898,26608.417386021687
3951,395.0079,26281.22433944495
3952,395.107902,26295.58790479356
3953,395.207904,26112.733593953566
3954,395.307906,26215.146119436296
3955,395.407908,26370.241047183838
3956,395.50791000000004,25788.086237922835
3957,395.607912,26293.719914206402
3958,395.707914,26072.659857448805
3959,395.80791600000003,26406.644276161114
3960,395.907918,26564.18432765748
3961,396.00791999999996,26666.680648555706
3962,396.10792200000003,26467.900670941675
3963,396.207924,26431.177451856176
3964,396.307926,26360.717850217326
3965,396.407928,26429.485945356464
3966,396.50793,26188.6999312611
3967,396.607932,26453.161195803248
3968,396.707934,26747.91170273451
3969,396.807936,26453.468136692387
3970,396.907938,26236.458719700746
3971,397.00794,25963.326394273
3972,397.107942,26118.61679072148
3973,397.207944,26170.038577453262
3974,397.307946,26355.860727317933
3975,397.40794800000003,26799.238545112403
3976,397.50795,26673.91132402285
3977,397.607952,26058.60154103654
3978,397.70795400000003,26333.157164320186
3979,397.807956,26419.62224325438
3980,397.907958,26023.3015493087
3981,398.00796,26230.063060835386
3982,398.107962,26377.362773718036
3983,398.20796400000006,26430.86711916066
3984,398.307966,26321.039720328023
3985,398.407968,26078.312661656186
3986,398.50797000000006,26289.508742405615
3987,398.607972,26393.24543280434
3988,398.707974,26176.491493889866
3989,398.807976,26058.922236618524
3990,398.907978,26123.800965624247
3991,399.00798,25935.04095897863
3992,399.107982,26143.463251221485
3993,399.207984,25928.773516144673
3994,399.307986,26180.723291999864
3995,399.407988,26162.84059689027
3996,399.50799,26170.18676375918
3997,399.607992,26210.64522141794
3998,399.707994,26357.691122962482
3999,399.807996,26305.845315368722
4000,399.907998,26272.175655924628
4001,400.000014,26543.620327020188
