Frame,Time (ns),Solvent accessible surface area
1,0.0,2182.3732738731924
2,0.100002,2317.877696046866
3,0.200004,2396.088120246314
4,0.30000600000000005,2456.614716285293
5,0.400008,2422.286619615807
6,0.50001,2331.958275748422
7,0.6000120000000001,2266.6526845326302
8,0.700014,2339.387644156129
9,0.800016,2401.354362249803
10,0.900018,2300.7755266678414
11,1.00002,2156.8305652299077
12,1.1000219999999998,2238.915620236676
13,1.2000240000000002,2282.6558201621633
14,1.3000260000000001,2263.05018899637
15,1.400028,2383.4005730654167
16,1.50003,2367.8679193979715
17,1.600032,2241.25388982174
18,1.700034,2323.7039717742477
19,1.800036,2295.090748386613
20,1.9000380000000001,2196.0449065796147
21,2.00004,2252.2927202910787
22,2.1000419999999997,2203.062577841444
23,2.2000439999999997,2145.807415730551
24,2.300046,2219.120826240632
25,2.4000480000000004,2210.9708760863805
26,2.5000500000000003,2193.619673493574
27,2.6000520000000003,2227.9515572670666
28,2.700054,2384.4327862232644
29,2.800056,2155.4627663282417
30,2.900058,2198.530393563965
31,3.00006,2306.3508313984375
32,3.100062,2240.708315718338
33,3.200064,2227.80934834232
34,3.300066,2263.557464441458
35,3.400068,2185.924903425042
36,3.50007,2202.337464182452
37,3.600072,2190.3752347362974
38,3.700074,2128.9132213611792
39,3.8000760000000002,2232.5350886562896
40,3.900078,2261.3534062973486
41,4.00008,2225.798768893255
42,4.1000820000000004,2212.954925593557
43,4.2000839999999995,2218.294647837201
44,4.300086,2316.9633384445083
45,4.400087999999999,2364.478074874552
46,4.50009,2341.083007795198
47,4.600092,2205.9377054466904
48,4.700094,2243.014269230466
49,4.800096000000001,2329.430169691421
50,4.900098,2279.0294331763776
51,5.000100000000001,2291.823116076072
52,5.100102,2268.517191039242
53,5.2001040000000005,2263.4249456868156
54,5.3001059999999995,2232.531239640347
55,5.400108,2093.240557106466
56,5.500109999999999,2238.502199418543
57,5.600112,2296.453242959511
58,5.700114,2165.0713117030064
59,5.800116,2268.2511559839613
60,5.900118,2292.9714992853187
61,6.00012,2108.7211071305524
62,6.100122000000001,2227.0238649540615
63,6.200124,2106.551873966146
64,6.300126000000001,2152.4096847751107
65,6.400128,2075.5473908654144
66,6.50013,2168.0520736678964
67,6.600132,2179.861721574597
68,6.700134,2116.9146750201785
69,6.800136,2045.5970543278875
70,6.900138,2031.37790736919
71,7.00014,2207.7263986882194
72,7.100142,2143.910016680458
73,7.200144,2143.1029250788906
74,7.300146,2163.165207594174
75,7.400148,2300.3506332571837
76,7.5001500000000005,2123.773962974685
77,7.6001520000000005,2215.0316484013792
78,7.700154,2178.1791200793095
79,7.800156,2196.044986419527
80,7.900158,2148.7347291869614
81,8.00016,2232.567950015052
82,8.100162000000001,2205.2143667202117
83,8.200164000000001,2195.6593070930007
84,8.300166,2279.6075875335914
85,8.400167999999999,2297.1422877310815
86,8.50017,2255.520112077683
87,8.600172,2356.181825768932
88,8.700174,2227.713699666783
89,8.800175999999999,2178.7713561708497
90,8.900178,2173.417126616194
91,9.00018,2337.9636620100428
92,9.100182,2214.7814821798365
93,9.200184,2215.871878781312
94,9.300186,2183.729038446254
95,9.400188,2177.3014084155866
96,9.50019,2147.1905006708776
97,9.600192000000002,2180.596013420039
98,9.700194,2178.666319449062
99,9.800196,2153.668236216028
100,9.900198,2040.084055088773
101,10.000200000000001,2124.132518595928
102,10.100202,2076.9939475013407
103,10.200204,2138.4051965492104
104,10.300206,2137.503905372827
105,10.400208000000001,2239.615859346041
106,10.500210000000001,2152.1409017914298
107,10.600211999999999,2232.769008324785
108,10.700214,2140.730782222719
109,10.800216,2294.3793775547324
110,10.900218,2144.1807160047842
111,11.000219999999999,2197.145872841419
112,11.100222,2107.973944440999
113,11.200224,2033.242511868265
114,11.300226,2126.6116749733133
115,11.400228,2204.6918763224876
116,11.50023,2434.520260963036
117,11.600232,2227.0739540471777
118,11.700234,2128.494699070205
119,11.800236,2157.000738560803
120,11.900238,2241.416444926813
121,12.00024,2221.1014899267734
122,12.100242,2210.0503055589115
123,12.200244000000001,2156.2889703911296
124,12.300246000000001,2129.456376154802
125,12.400248,2104.6343638102967
126,12.50025,2222.977265797688
127,12.600252000000001,2199.5386961834747
128,12.700254000000001,2222.7700972095377
129,12.800256,2203.9581554136894
130,12.900258,2197.6562525447825
131,13.00026,2367.950660115091
132,13.100262,2249.917027712371
133,13.200264,2337.1924827615953
134,13.300265999999999,2241.4238754126036
135,13.400268,2099.515828919878
136,13.50027,2034.6777816906845
137,13.600272,2115.3164232235554
138,13.700274,2142.3552958226032
139,13.800276,2221.5347546779944
140,13.900278,2131.7302537793225
141,14.00028,2242.773751391729
142,14.100282000000002,2164.773205979861
143,14.200284,2139.483136161614
144,14.300286,2278.211490550109
145,14.400288,2117.2305716103874
146,14.500290000000001,2192.8427790739684
147,14.600292,2094.859632832143
148,14.700294,2129.1916859511953
149,14.800296,2072.156585759168
150,14.900298000000001,2180.3972809756283
151,15.000300000000001,2078.717388533598
152,15.100302,2064.6573785783958
153,15.200304000000001,2226.4349980921165
154,15.300306,2154.108318778834
155,15.400308,2183.4372046483854
156,15.500309999999999,2071.9052129019015
157,15.600312,2167.66792008224
158,15.700314,2227.43575131988
159,15.800316,2202.1970084880013
160,15.900318,2182.3136398208067
161,16.00032,2300.605185530248
162,16.100322,2239.2627816678837
163,16.200324000000002,2176.0586930576474
164,16.300326000000002,2103.94861175668
165,16.400328000000002,2176.193654281292
166,16.50033,2335.586118926535
167,16.600332,2290.34221883052
168,16.700333999999998,2346.4871109810297
169,16.800335999999998,2165.961282098971
170,16.900338,2088.5860347786083
171,17.00034,2243.9990080820644
172,17.100342,2190.040146516078
173,17.200344,2127.603087900126
174,17.300346,2159.710048369638
175,17.400348,2168.47115250118
176,17.50035,2178.4709026557935
177,17.600351999999997,2285.3011224223947
178,17.700354,2116.4423536861254
179,17.800356,2156.3442848177315
180,17.900358,2367.0398701355916
181,18.00036,2292.297261068581
182,18.100362,2155.6878344930915
183,18.200364,2186.2133630999633
184,18.300366,2183.6907433670754
185,18.400368,2235.2914262802747
186,18.50037,2166.3049940285396
187,18.600372,2275.139141349779
188,18.700374,2304.183840702856
189,18.800376,2174.5229835858886
190,18.900378,2094.173049890496
191,19.00038,2166.6594825850343
192,19.100382,2167.029752866065
193,19.200384000000003,2206.0170595117834
194,19.300386,2151.744995964001
195,19.400388,2144.6357779137834
196,19.50039,2044.033813452165
197,19.600392,2205.4305605499976
198,19.700394,2235.570598799353
199,19.800396,2173.7074995525454
200,19.900398000000003,2144.497189985985
201,20.000400000000003,2023.5291952468704
202,20.100402000000003,2228.3809461991405
203,20.200404,2199.8387696956815
204,20.300406,2148.4673866375706
205,20.400408,2134.1660732843666
206,20.50041,2195.92614092342
207,20.600412,2173.463859326819
208,20.700414000000002,2139.462586336412
209,20.800416000000002,2083.2535075390933
210,20.900418000000002,2155.608917446328
211,21.000420000000002,2169.373293414835
212,21.100422,2163.79706336139
213,21.200423999999998,2196.3985295220696
214,21.300425999999998,2235.8838317768223
215,21.400428,2141.8818273617558
216,21.50043,2037.9554655341747
217,21.600432,2045.8980795432578
218,21.700434,2111.4339874919037
219,21.800436,2247.685228922774
220,21.900438,2062.652879561083
221,22.000439999999998,1947.5073122814597
222,22.100441999999997,2239.965859810416
223,22.200444,1966.8630232243518
224,22.300446,2020.6098386465228
225,22.400448,2080.3365747592693
226,22.50045,2155.439135247962
227,22.600452,2081.278517146848
228,22.700454,2091.7090172424632
229,22.800456,2027.4640456543868
230,22.900458,2063.061887533035
231,23.00046,2173.8031364305093
232,23.100462,2255.8424197028203
233,23.200464,2291.560842656795
234,23.300466,2293.4996365589473
235,23.400468,2283.8493632173218
236,23.50047,2282.8148145216246
237,23.600472,2156.2819306434853
238,23.700474000000003,2118.5508896518077
239,23.800476,2149.029909372766
240,23.900478,2219.3794470084736
241,24.00048,2149.1255555436305
242,24.100482,2039.1644360119028
243,24.200484,2009.8792518879268
244,24.300486,2100.331325579183
245,24.400488000000003,2192.8068360161524
246,24.500490000000003,2128.9627781464706
247,24.600492000000003,2152.8089437023887
248,24.700494,2106.3313616285177
249,24.800496,2090.890231238693
250,24.900498,2122.4062679582266
251,25.0005,2119.1608266484623
252,25.100502,2077.5201615031438
253,25.200504000000002,2205.6153425736375
254,25.300506000000002,2156.2188234762143
255,25.400508000000002,2199.0945817557626
256,25.500510000000002,2193.5902271217983
257,25.600512,2146.749127288344
258,25.700514,2157.072783512341
259,25.800516,2173.315845190231
260,25.900518,2161.612409941309
261,26.00052,2222.261971312586
262,26.100522,2117.6341343123104
263,26.200524,2223.076962347851
264,26.300526,2164.81622384642
265,26.400528,2173.1204684289123
266,26.500529999999998,2157.1920763237617
267,26.600531999999998,2131.784398886014
268,26.700534,2112.789706393429
269,26.800536,2139.40673031099
270,26.900538,2116.500820211075
271,27.00054,2161.8208494611267
272,27.100542,2158.0679293511653
273,27.200544,2066.6070958319674
274,27.300546,2091.2968168135812
275,27.400548,2234.144800090473
276,27.50055,2187.185832076371
277,27.600552,2158.9615971655035
278,27.700554,2159.0156731545894
279,27.800556,2111.66515544741
280,27.900558,2134.5283734201275
281,28.00056,2115.3367005144573
282,28.100562,2206.495136580718
283,28.200564000000004,2177.74631253526
284,28.300566,2014.2970326880986
285,28.400568,2066.806731626847
286,28.50057,2200.9621328792105
287,28.600572,2137.77783947889
288,28.700574,2127.828936293691
289,28.800576,2006.9212605326022
290,28.900578000000003,2071.8027409311426
291,29.000580000000003,2128.2208331102424
292,29.100582000000003,2096.738732219317
293,29.200584,1996.5792681989194
294,29.300586,2027.574628193745
295,29.400588,2038.4781055487088
296,29.50059,2080.633727575987
297,29.600592,2102.977138929034
298,29.700594000000002,2072.7207304748385
299,29.800596000000002,2135.241005004375
300,29.900598000000002,2095.3695198524365
301,30.000600000000002,2067.8964164304625
302,30.100602,2093.5409756634626
303,30.200604,2110.301672688557
304,30.300606,2020.7902280442377
305,30.400608000000002,2145.8552441204147
306,30.50061,2312.697244872182
307,30.600612,2261.4426800451724
308,30.700614,2242.6215966771206
309,30.800616,2311.2198700340327
310,30.900618,2454.8091225070348
311,31.000619999999998,2464.1093683457457
312,31.100621999999998,2309.9911114980355
313,31.200624,2365.306406476462
314,31.300626,2479.575659913993
315,31.400628,2533.477239294161
316,31.50063,2556.6083456151987
317,31.600632,2375.2036909548005
318,31.700634,2544.8707117393183
319,31.800636,2398.242329355803
320,31.900638,2464.502007945269
321,32.00064,2394.2923865775047
322,32.100642,2376.595631180782
323,32.200644,2513.2086674299785
324,32.300646,2500.70166173811
325,32.400648000000004,2572.8253850047226
326,32.50065,2472.2365492767885
327,32.600652000000004,2552.1881090503784
328,32.700654,2528.6016810610436
329,32.800656000000004,2403.8588595545625
330,32.900658,2478.3709205950727
331,33.00066,2420.60739584642
332,33.10066200000001,2335.6766758315375
333,33.200664,2254.9215131174365
334,33.300666,2237.5745387555776
335,33.400667999999996,2188.4356321088753
336,33.50067,2255.401404650602
337,33.600671999999996,2163.820496591944
338,33.700674,2132.166199116455
339,33.800676,2042.0724422181893
340,33.900678,2112.5022477126013
341,34.00068,2084.5585811720066
342,34.100682,2223.987694888932
343,34.200684,2163.8684836168977
344,34.300686,2171.518910200628
345,34.400688,2270.934891845131
346,34.500690000000006,2319.9823291829
347,34.600692,2336.914411085523
348,34.700694000000006,2254.5593990924913
349,34.800696,2342.7976117443914
350,34.900698000000006,2381.175709529584
351,35.0007,2228.8316051088173
352,35.100702,2234.4594507492684
353,35.200703999999995,2228.64767096414
354,35.300706,2322.471715234504
355,35.400708,2282.6904914262564
356,35.50071,2300.00914333839
357,35.600712,2422.411711757115
358,35.700714,2372.200522986119
359,35.800716,2361.6264856921757
360,35.900718,2313.187243171138
361,36.00072,2301.867796705552
362,36.100722000000005,2228.4784530969664
363,36.200724,2265.588380688531
364,36.300726000000004,2354.2716137186494
365,36.400728,2444.668430025075
366,36.500730000000004,2337.6031640330934
367,36.600732,2332.9956219781943
368,36.700734000000004,2553.660018759652
369,36.800736,2343.9552404918472
370,36.900738,2508.8308251793687
371,37.00074,2508.921077621564
372,37.100742,2350.004872231765
373,37.200744,2376.50756013238
374,37.300746,2257.5169964003953
375,37.400748,2304.040010511926
376,37.50075,2329.3857187452263
377,37.600752,2223.3928842866612
378,37.700754,2326.440517968211
379,37.800756,2345.448063620527
380,37.900758,2289.0535958629935
381,38.00076,2389.54779204106
382,38.100762,2281.0906894083632
383,38.200764,2369.094192694318
384,38.300766,2358.951784646155
385,38.40076800000001,2323.127948770271
386,38.50077,2388.6884157137324
387,38.600772,2531.143468800441
388,38.700773999999996,2516.3587073697863
389,38.800776,2382.7948413547924
390,38.900777999999995,2452.881204831394
391,39.00078,2530.8907681735104
392,39.100782,2421.926007267967
393,39.200784,2513.8088529469424
394,39.300786,2508.417121742659
395,39.400788,2459.0951131027746
396,39.50079,2252.010443228338
397,39.600792,2430.578470340675
398,39.700794,2403.8906857639386
399,39.800796000000005,2375.354933101038
400,39.900798,2435.76342199881
401,40.000800000000005,2324.162204570187
402,40.100802,2333.6581711837803
403,40.200804000000005,2333.4377564161273
404,40.300806,2232.311720579871
405,40.400808,2306.654957870189
406,40.500809999999994,2274.1273891500855
407,40.600812,2354.8945432934283
408,40.700814,2314.5715038571307
409,40.800816,2381.484283570942
410,40.900818,2308.1744407635174
411,41.00082,2370.675125658952
412,41.100822,2409.0473628533164
413,41.200824,2435.708437124086
414,41.300826,2441.0911620099982
415,41.400828000000004,2418.087848169487
416,41.50083,2439.983584665349
417,41.600832000000004,2367.3451486684316
418,41.700834,2288.789789035256
419,41.800836000000004,2379.818269799779
420,41.900838,2342.6257888021787
421,42.000840000000004,2431.396489991918
422,42.10084200000001,2380.1630421284235
423,42.200844,2238.6833641289463
424,42.300846,2241.8763523590846
425,42.400847999999996,2265.936984702965
426,42.50085,2320.5542763425033
427,42.600851999999996,2410.3891265438638
428,42.700854,2351.6603299114977
429,42.800856,2387.90073860633
430,42.900858,2346.546923623167
431,43.00086,2411.3768134394422
432,43.100862,2364.469407404729
433,43.200864,2460.7198959880157
434,43.300866,2379.258053555541
435,43.400868,2232.343051956122
436,43.500870000000006,2368.08372271253
437,43.600872,2373.215350315127
438,43.700874000000006,2474.5624983739785
439,43.800876,2385.852732718083
440,43.900878000000006,2353.714036496383
441,44.000879999999995,2395.146828323049
442,44.100882,2334.2946576077793
443,44.200883999999995,2322.49863975678
444,44.300886,2211.9813850385744
445,44.400888,2442.5928656782007
446,44.50089,2493.4350245957485
447,44.600892,2325.606819184867
448,44.700894,2249.6562619530605
449,44.800896,2335.9424788450715
450,44.900898,2444.15069632856
451,45.0009,2385.878854918561
452,45.100902000000005,2276.170300174818
453,45.200904,2420.0674428472407
454,45.300906000000005,2326.041569801354
455,45.400908,2307.647903386168
456,45.500910000000005,2347.2512036250196
457,45.600912,2417.278310905204
458,45.700914000000004,2374.206438162798
459,45.800916,2364.410380476217
460,45.900918,2294.5752951290388
461,46.00092,2341.741625051157
462,46.100922,2228.548939473887
463,46.200924,2274.6562016256003
464,46.300926,2330.7999956496737
465,46.400928,2121.617703095937
466,46.50093,2209.2814427608387
467,46.600932,2222.8188594161247
468,46.700934000000004,2253.1221964813903
469,46.800936,2227.1087336576534
470,46.900938000000004,2225.4553544286864
471,47.00094,2125.309922642617
472,47.100942,2274.982562893378
473,47.200944,2208.675006182006
474,47.300946,2294.162542604446
475,47.40094800000001,2191.087132814703
476,47.50095,2245.0267883214315
477,47.600952,2223.2284741826784
478,47.700953999999996,2296.4289600368065
479,47.800956,2347.475553574951
480,47.900957999999996,2213.738216362898
481,48.00096,2379.260136851773
482,48.100962,2413.1749457308197
483,48.200964,2372.444179686075
484,48.300966,2243.0521320732923
485,48.400968,2211.671478109331
486,48.50097,2198.8401315916876
487,48.600972,2252.6480882114815
488,48.700974,2408.628569999967
489,48.800976000000006,2515.6626943886176
490,48.900978,2332.469027555545
491,49.000980000000006,2433.4410565368903
492,49.100982,2676.371186576371
493,49.200984000000005,2530.3956985629384
494,49.300986,2474.208582668128
495,49.400988,2389.161672991181
496,49.500989999999994,2397.0002040249665
497,49.600992,2468.0887728171215
498,49.700994,2467.44779278243
499,49.800996,2470.9876717796124
500,49.900998,2434.542649136432
501,50.001,2393.3277221402814
502,50.101002,2463.7188355642243
503,50.201004,2469.773255013631
504,50.301006,2467.8474846384956
505,50.401008000000004,2395.5801032657887
506,50.50101,2326.556864462118
507,50.601012000000004,2532.691062580943
508,50.701014,2487.9250756406204
509,50.801016000000004,2589.443010964448
510,50.901018,2578.8575238214476
511,51.001020000000004,2579.3824956118374
512,51.10102200000001,2606.2859580665686
513,51.201024,2586.8811133906465
514,51.301026,2344.6912997211634
515,51.401028,2264.493506364892
516,51.50103,2342.1560327242146
517,51.601032,2358.2284514379185
518,51.701034,2255.0558078168488
519,51.801036,2352.109240701484
520,51.901038,2098.382404520173
521,52.00104,2133.6541859112326
522,52.101042,2239.0095008167104
523,52.201044,2243.943213756494
524,52.301046,2458.051777236834
525,52.401048,2294.3180231738056
526,52.501050000000006,2218.318447692959
527,52.601052,2299.4870641662387
528,52.701054000000006,2219.6630967085275
529,52.801056,2354.8719742933827
530,52.901058000000006,2316.418126435978
531,53.001059999999995,2349.8390775073426
532,53.101062,2389.708816482016
533,53.201063999999995,2333.967053218702
534,53.301066,2200.1635108389123
535,53.401068,2353.912623363008
536,53.50107,2426.948275743988
537,53.601072,2294.5619415900183
538,53.701074,2323.493355151338
539,53.801076,2378.014870696505
540,53.901078,2415.275114266348
541,54.00108,2344.2285484863155
542,54.101082000000005,2448.71641552456
543,54.201084,2417.9000990944287
544,54.301086000000005,2413.575105433218
545,54.401088,2363.9473362073236
546,54.501090000000005,2385.00480101718
547,54.601092,2527.7567154303247
548,54.701094000000005,2395.8127706116024
549,54.801096,2398.5376773767925
550,54.901098,2318.969127301887
551,55.0011,2200.847930400792
552,55.101102,2269.404167844917
553,55.201104,2264.1507927554594
554,55.301106,2306.377497995512
555,55.401108,2154.130744183561
556,55.50111,2277.672383578885
557,55.601112,2233.153276490647
558,55.701114000000004,2330.0423728323963
559,55.801116,2348.1740573255256
560,55.901118000000004,2402.20243793773
561,56.00112,2429.707516964499
562,56.101122000000004,2296.2275185691033
563,56.201124,2289.1048669702495
564,56.301126000000004,2355.3404291844386
565,56.40112800000001,2296.508993458796
566,56.50113,2398.8928308385016
567,56.601132,2279.52414785454
568,56.701133999999996,2391.978010208591
569,56.801136,2413.5319129141153
570,56.901137999999996,2389.1255514535283
571,57.00114,2351.4848813733306
572,57.101142,2413.010232493283
573,57.201144,2298.7140086382865
574,57.301146,2408.8749381205103
575,57.401148,2405.5336254398503
576,57.50115,2376.6025179288267
577,57.601152,2319.5839652877257
578,57.701154,2232.146019607446
579,57.801156000000006,2256.0321239226223
580,57.901158,2176.4025992523393
581,58.001160000000006,2254.4994924262055
582,58.101162,2279.5859732131103
583,58.201164000000006,2245.4811288208048
584,58.301166,2355.8680169243785
585,58.401168,2397.493329453238
586,58.501169999999995,2345.7598963907717
587,58.601172,2417.01753419295
588,58.701174,2383.2025196867353
589,58.801176,2363.4798517335817
590,58.901178,2234.119220572381
591,59.00118,2229.5384352198803
592,59.101182,2349.6908882329194
593,59.201184,2290.0272488820638
594,59.301186,2293.6743309744397
595,59.401188000000005,2156.455691076204
596,59.50119,2382.43488853502
597,59.601192000000005,2277.8728459058416
598,59.701194,2318.5622484440487
599,59.801196000000004,2395.202430456508
600,59.901198,2343.3860068214913
601,60.001200000000004,2412.3060135358646
602,60.10120200000001,2358.186816738482
603,60.201204,2255.0973424996128
604,60.301206,2293.8399614087502
605,60.401208,2270.9350660482596
606,60.50121,2393.2478955492184
607,60.601212,2306.371054071364
608,60.701214,2163.3053811276945
609,60.801216000000004,2303.8100268224694
610,60.901218,2219.6511194857158
611,61.00122,2283.236996022037
612,61.101222,2217.830732811354
613,61.201224,2271.3776746991166
614,61.301226,2337.412470774398
615,61.401228,2346.34353105332
616,61.50123000000001,2375.98094017625
617,61.601232,2393.092212830705
618,61.70123400000001,2343.066135677472
619,61.801236,2234.993868686243
620,61.901238000000006,2278.4351330627055
621,62.001239999999996,2402.1568307751645
622,62.101242,2184.9616530755166
623,62.201243999999996,2080.2862605123714
624,62.301246,2106.9103189223943
625,62.401248,2044.892942399161
626,62.50125,1957.9053168142764
627,62.601252,2105.4646680091323
628,62.701254,2100.9553488813485
629,62.801256,2188.437399044021
630,62.901258,2232.3734228984176
631,63.00126,2183.959467544683
632,63.101262000000006,2249.706985931357
633,63.201264,2222.940761420061
634,63.301266000000005,2316.183678117898
635,63.401268,2178.4981477999095
636,63.501270000000005,2239.503535797134
637,63.601272,2293.4415783485297
638,63.701274000000005,2239.055259985762
639,63.801276,2204.968667765839
640,63.901278,2184.13521925588
641,64.00128,2218.3061350375083
642,64.101282,2324.905481682812
643,64.201284,2275.1037688609167
644,64.301286,2276.63167561957
645,64.401288,2140.3939000943237
646,64.50129,2142.066724437632
647,64.601292,2224.33639462382
648,64.701294,1996.704992812771
649,64.80129600000001,2147.604002935819
650,64.901298,2102.4767524397357
651,65.0013,2055.0763056910423
652,65.101302,2080.374824558667
653,65.20130400000001,2214.762657267945
654,65.30130600000001,2147.2711951516735
655,65.401308,2345.0185941436716
656,65.50131,2297.0663837384077
657,65.60131200000001,2292.079887591744
658,65.701314,2205.736740372732
659,65.801316,2161.6589876963803
660,65.901318,2396.772870346569
661,66.00132,2277.7499173252036
662,66.101322,2350.975802972203
663,66.20132400000001,2067.19732218182
664,66.301326,2282.0395536854885
665,66.401328,2307.2893210544935
666,66.50133,2298.843741298016
667,66.601332,2072.3480953137646
668,66.701334,2053.069186337755
669,66.80133599999999,2141.621638201839
670,66.90133800000001,2090.8628911115384
671,67.00134,2031.1432341285822
672,67.101342,2103.5439706851616
673,67.20134399999999,1952.637061064843
674,67.30134600000001,1916.5346510167842
675,67.401348,2109.5671601490612
676,67.50135,2058.345723601352
677,67.601352,2054.715449454944
678,67.70135400000001,2309.5044682553475
679,67.801356,2117.708222837215
680,67.901358,2181.4088646674177
681,68.00136,2187.8658095670517
682,68.10136200000001,2126.1317701859343
683,68.201364,1980.7084186279044
684,68.301366,2026.0263695172828
685,68.401368,2233.5159398841847
686,68.50137,2224.4761332696107
687,68.601372,2195.2020995674316
688,68.701374,2193.101884357867
689,68.801376,2238.8439366859993
690,68.901378,2171.20081917666
691,69.00138000000001,2063.1862435612334
692,69.101382,2214.700624998517
693,69.201384,2052.6924898618836
694,69.301386,2047.2359770448854
695,69.40138800000001,2079.760205614073
696,69.50139,2082.2684513319055
697,69.601392,2016.202854171678
698,69.701394,2148.7691956262074
699,69.80139600000001,2056.8151472090854
700,69.901398,1876.6733068545848
701,70.0014,1990.9745090955228
702,70.10140200000001,2064.899315344277
703,70.201404,2006.4850540699667
704,70.301406,1939.0275139807875
705,70.40140799999999,1988.0147742313143
706,70.50141,1941.9022747521296
707,70.601412,1953.5966314908878
708,70.701414,1939.6312460390197
709,70.801416,1997.3183742773501
710,70.901418,1979.1453084166358
711,71.00142,1981.683340958046
712,71.101422,2023.323468762544
713,71.201424,1968.2063772334764
714,71.301426,2048.5525654824055
715,71.401428,2085.3300732959187
716,71.50143000000001,1971.7908856757126
717,71.601432,2005.7578169106848
718,71.701434,2024.4568040743957
719,71.801436,2124.0405685741457
720,71.901438,2138.399597037747
721,72.00144,2084.675231022667
722,72.10144199999999,2048.6241229104735
723,72.20144400000001,2091.1652599410622
724,72.301446,2110.0660861006927
725,72.401448,1960.580162316401
726,72.50144999999999,1996.9080807724013
727,72.60145200000001,1952.3617033497167
728,72.701454,2085.5110251478604
729,72.801456,2069.157058872605
730,72.901458,2262.7651784048803
731,73.00146000000001,2151.2870044938136
732,73.101462,2224.6835551725917
733,73.201464,2315.6651817954044
734,73.301466,2231.8864493930064
735,73.40146800000001,2434.881252096149
736,73.50147,2312.456741615581
737,73.601472,2276.907360932365
738,73.701474,2129.4002746553
739,73.801476,2185.551093313715
740,73.901478,2281.985602296847
741,74.00148,2241.8638181818496
742,74.101482,2204.923534439102
743,74.201484,2135.0457801452894
744,74.30148600000001,1997.6442346292497
745,74.401488,2076.5485265467273
746,74.50149,2095.8585702545033
747,74.601492,2038.0484743473755
748,74.70149400000001,2099.944155190245
749,74.801496,2074.020831609268
750,74.901498,2027.513793117936
751,75.0015,2024.4214543720623
752,75.10150200000001,1924.2954718558967
753,75.201504,1978.8327992670222
754,75.301506,1945.8142484902746
755,75.401508,2002.1544120885592
756,75.50151,2027.1707536940426
757,75.601512,2055.7468314163552
758,75.70151399999999,1971.5074999114377
759,75.801516,2013.684222175737
760,75.901518,2037.1006532095105
761,76.00152,1945.6028715283217
762,76.101522,2221.5062472784884
763,76.201524,2320.07260506379
764,76.301526,2281.8523356827764
765,76.401528,2221.7167276543196
766,76.50153,2124.983511137632
767,76.601532,2270.8987013854503
768,76.701534,2183.054261425938
769,76.80153600000001,2215.5944474482803
770,76.901538,2112.491945284842
771,77.00154,2180.1827083236576
772,77.101542,2271.987598135787
773,77.201544,2091.75003158874
774,77.301546,2047.430130780548
775,77.40154799999999,2196.0114057193164
776,77.50155000000001,2153.118649436045
777,77.601552,2052.571554729548
778,77.701554,2059.594992765843
779,77.80155599999999,2151.9436825911685
780,77.90155800000001,2086.984698651105
781,78.00156,2047.2739726789873
782,78.101562,2208.705175236695
783,78.201564,2254.3861113240605
784,78.30156600000001,2198.160355530458
785,78.401568,2166.243424712673
786,78.50157,2342.722728715235
787,78.601572,2289.187906346394
788,78.70157400000001,2230.5953405031873
789,78.801576,2177.353303980044
790,78.90157800000001,2199.645206345702
791,79.00158,2151.709469804141
792,79.101582,2142.910354786021
793,79.201584,2176.050314839551
794,79.301586,2114.584030838772
795,79.401588,2034.7263699590549
796,79.50159,2114.4986447509154
797,79.60159200000001,2093.8121385470613
798,79.701594,2101.894928696392
799,79.801596,2188.1235375750916
800,79.90159799999999,2153.7781797179236
801,80.00160000000001,2243.313701134574
802,80.101602,2134.7869593726596
803,80.201604,2109.4268994492486
804,80.301606,1975.3998554882105
805,80.40160800000001,2092.4996357490973
806,80.50161,2065.1547148368586
807,80.601612,2006.4518343277387
808,80.701614,2116.3549224233698
809,80.801616,2026.6596090064563
810,80.901618,2170.0603325914635
811,81.00161999999999,2046.1605746454736
812,81.101622,2040.6152237315582
813,81.201624,2043.1985915372081
814,81.301626,2037.2987967997465
815,81.401628,2031.8585332917614
816,81.50163,2029.470136278092
817,81.601632,1978.535316051945
818,81.701634,2084.990535794085
819,81.801636,1954.2014484932222
820,81.901638,2037.586550537564
821,82.00164,2058.7938897233266
822,82.10164200000001,1967.167018874645
823,82.201644,2054.294823383806
824,82.301646,2118.407975472042
825,82.401648,2029.1582174833552
826,82.50165000000001,2071.5158432454487
827,82.601652,2076.4821419504033
828,82.70165399999999,2057.3187357355887
829,82.80165600000001,2062.1559839593006
830,82.901658,2039.0611934054168
831,83.00166,2124.7923027381553
832,83.10166199999999,2039.3727860245408
833,83.20166400000001,2012.9979076197424
834,83.301666,1937.649406240234
835,83.401668,2040.6109460960217
836,83.50167,2012.203152163433
837,83.60167200000001,2065.165763838415
838,83.701674,2025.6792964123163
839,83.801676,2071.99390235985
840,83.901678,1951.9430566427911
841,84.00168000000001,2070.5390433402276
842,84.101682,1977.1977933367102
843,84.20168400000001,1936.98536790525
844,84.301686,1941.3487565075618
845,84.401688,1987.8937976754744
846,84.50169,2032.3167183941687
847,84.601692,2073.396024604777
848,84.701694,1920.1667007883916
849,84.80169599999999,1918.6509700412046
850,84.90169800000001,1913.5238370418872
851,85.0017,2049.5997633201832
852,85.101702,1972.010891628787
853,85.20170399999999,1985.318741851212
854,85.30170600000001,1995.3697879631825
855,85.401708,2103.666507384981
856,85.50171,2112.0120125881936
857,85.601712,1999.987752758109
858,85.70171400000001,1995.7435126116939
859,85.801716,2022.1237199386917
860,85.901718,1983.5316519457128
861,86.00172,1928.5601793663398
862,86.10172200000001,1980.9971233959664
863,86.201724,2001.3515998368796
864,86.301726,1901.55717634215
865,86.401728,1902.2359107074694
866,86.50173,1959.9222571195876
867,86.601732,2059.765933752062
868,86.701734,1929.2961953103295
869,86.801736,1951.5567226471333
870,86.901738,1918.6973480626073
871,87.00174000000001,2038.2989113928481
872,87.101742,1866.579281802434
873,87.201744,2019.092817956105
874,87.301746,1943.670730921548
875,87.40174800000001,2059.040038896429
876,87.50175,2099.660057894812
877,87.601752,2057.5037397486335
878,87.701754,2021.1292569009574
879,87.80175600000001,2088.0349920333874
880,87.901758,2034.8119410644558
881,88.00175999999999,2048.537735366795
882,88.10176200000001,1982.8858971400557
883,88.201764,2021.976694447406
884,88.301766,2059.204742129854
885,88.40176799999999,2026.1129097180174
886,88.50177000000001,2103.0535968507993
887,88.601772,2124.1711569538547
888,88.701774,2064.6788061212064
889,88.801776,2036.2193798260935
890,88.90177800000001,2110.9020819712846
891,89.00178,2061.325795238903
892,89.101782,2027.502663881366
893,89.201784,2132.2969171564914
894,89.301786,2161.7243279360487
895,89.401788,1957.9814369410212
896,89.50179000000001,2023.5151831081776
897,89.601792,2102.410454385317
898,89.701794,2101.960713245464
899,89.801796,2047.233889532943
900,89.901798,2011.3755143669384
901,90.0018,1990.3529784177726
902,90.10180199999999,2000.491875392894
903,90.20180400000001,1954.0557807241178
904,90.301806,1991.1322428839887
905,90.401808,2053.116918851539
906,90.50180999999999,1993.2190891465273
907,90.60181200000001,2090.735326510473
908,90.701814,2102.8428043244994
909,90.801816,2014.3626304698469
910,90.901818,1865.6805910628816
911,91.00182000000001,2012.70050497618
912,91.101822,2017.487735706747
913,91.201824,2038.5999703365396
914,91.301826,1957.34548983203
915,91.40182800000001,2045.9794588974598
916,91.50183,2022.002306947244
917,91.601832,2050.7013626099847
918,91.701834,1992.2556002121667
919,91.801836,1993.0268261963895
920,91.901838,2042.76835031118
921,92.00184,2077.5059333307026
922,92.101842,2007.3627549662228
923,92.201844,1971.414800396267
924,92.30184600000001,2020.3359450291375
925,92.401848,2098.282451159639
926,92.50185,2091.3785171982518
927,92.601852,2018.5099657925182
928,92.70185400000001,2039.277832389683
929,92.801856,1974.982781068346
930,92.901858,2049.227249754991
931,93.00186,2056.0738403948953
932,93.10186200000001,2101.155477487176
933,93.201864,1886.6947725574707
934,93.301866,2105.2685995940997
935,93.40186800000001,2057.434645196945
936,93.50187,2019.9982645678272
937,93.601872,1925.4552391465288
938,93.70187399999999,2013.6540176644771
939,93.80187600000001,1971.9355471376286
940,93.901878,1993.119335048766
941,94.00188,1998.162940273358
942,94.101882,1887.1387061633795
943,94.201884,2052.1533008084516
944,94.301886,1912.9346212640635
945,94.401888,2160.1991484251844
946,94.50189,2100.9471730811883
947,94.601892,2055.584437197831
948,94.701894,2055.856449012289
949,94.80189600000001,2071.8005394918855
950,94.901898,1940.1427018501504
951,95.0019,1975.182124311298
952,95.101902,2128.236284134372
953,95.201904,1919.199104908133
954,95.301906,2014.2354235131756
955,95.40190799999999,1899.740362324899
956,95.50191000000001,2060.5914052089747
957,95.601912,2123.1415944889427
958,95.701914,2087.9614730535864
959,95.80191599999999,2057.8746305439845
960,95.90191800000001,2098.948380589664
961,96.00192,2016.7940192978895
962,96.101922,2075.773945350004
963,96.201924,1950.0802629910247
964,96.30192600000001,1877.3964861558554
965,96.401928,1999.665871598482
966,96.50193,1968.8021363735468
967,96.601932,2114.0520189806484
968,96.70193400000001,2141.538142584865
969,96.801936,2109.7785064608447
970,96.90193800000002,2109.4056171872726
971,97.00194,2181.205431277462
972,97.101942,2156.1115239515157
973,97.201944,2162.8032179445095
974,97.301946,2153.2570777379624
975,97.401948,2235.9241685835486
976,97.50195,2148.5135631030626
977,97.60195200000001,2024.7008237577977
978,97.701954,2084.067077059693
979,97.801956,1891.473133583028
980,97.901958,1998.0327131505032
981,98.00196000000001,1832.0356373120226
982,98.101962,1942.7357602324453
983,98.201964,2004.2434190094586
984,98.30196600000001,2189.4738212982634
985,98.40196800000001,2200.613997869167
986,98.50197,2124.862451499908
987,98.601972,2122.1463471891293
988,98.701974,2128.1037475883177
989,98.801976,2048.572900120953
990,98.901978,2028.6706965664084
991,99.00197999999999,1985.3151404759356
992,99.101982,2087.886292675811
993,99.201984,2138.9618891035802
994,99.301986,2140.889784646731
995,99.401988,2194.827845181906
996,99.50199,2118.9575264946266
997,99.601992,2164.459658247649
998,99.701994,2012.331817381177
999,99.801996,2069.2127778141153
1000,99.901998,2189.3093527215237
1001,100.002,2116.4563398260125
1002,100.10200200000001,2060.7207187020736
1003,100.202004,2087.262200761529
1004,100.302006,2138.955784026219
1005,100.402008,2219.074747387971
1006,100.50201000000001,2046.3160493406926
1007,100.602012,2021.4298080629635
1008,100.70201399999999,2223.382279112686
1009,100.80201600000001,2001.8618602320244
1010,100.902018,2049.246945121699
1011,101.00202,2013.7745848774994
1012,101.10202199999999,2088.8790973274063
1013,101.20202400000001,1966.1106148489055
1014,101.302026,2016.006931817524
1015,101.402028,2118.2125981978247
1016,101.50203,2046.797236185091
1017,101.60203200000001,2264.541328304268
1018,101.702034,2178.769695283091
1019,101.802036,2122.8926900652687
1020,101.902038,2078.932852081667
1021,102.00204000000001,2128.916445773448
1022,102.102042,2093.761623777018
1023,102.20204400000001,2175.375960912386
1024,102.302046,2111.495406801171
1025,102.402048,2096.3712927546107
1026,102.50205,2103.8616153542594
1027,102.602052,2004.7562677392389
1028,102.702054,2035.6511235379867
1029,102.802056,2095.409157391089
1030,102.90205800000001,2232.3870715677426
1031,103.00206,2184.432907557022
1032,103.102062,2172.046260547454
1033,103.202064,2079.6048220481857
1034,103.30206600000001,2123.0269740049334
1035,103.402068,2089.3364460552284
1036,103.50207,2230.6507962087644
1037,103.602072,2052.375116995346
1038,103.70207400000001,2063.687351455007
1039,103.802076,2012.677548378505
1040,103.902078,2148.180650694665
1041,104.00208,2101.087353728008
1042,104.10208200000001,2121.2786253309364
1043,104.202084,2099.763201473847
1044,104.302086,2118.8425964929033
1045,104.402088,2155.910866226287
1046,104.50209,2185.513257442839
1047,104.602092,2105.5244094905365
1048,104.702094,2133.782378753715
1049,104.802096,2149.6037591329587
1050,104.902098,2076.5880954563954
1051,105.00210000000001,2068.3240675568754
1052,105.102102,2019.7042681693745
1053,105.202104,2041.390043145323
1054,105.302106,1965.446353991187
1055,105.40210800000001,1998.097168199449
1056,105.50211,2045.855482941927
1057,105.602112,2009.7195759476242
1058,105.702114,2003.3665699498158
1059,105.80211600000001,2065.5126964615156
1060,105.902118,2010.6328581674313
1061,106.00211999999999,2082.7718437532176
1062,106.10212200000001,2156.364461014124
1063,106.202124,1921.8241890652441
1064,106.302126,2128.355067329711
1065,106.40212799999999,2072.5293544672613
1066,106.50213000000001,1994.4662159683485
1067,106.602132,2121.0571627187114
1068,106.702134,2091.9122658024094
1069,106.802136,1998.8812216920423
1070,106.90213800000001,2068.644755386996
1071,107.00214,1986.2538266004492
1072,107.102142,2141.3002298499946
1073,107.202144,2122.089628004956
1074,107.30214600000001,2189.842782218822
1075,107.402148,2087.182383203375
1076,107.50215000000001,1976.1539595516774
1077,107.602152,1998.5788126352943
1078,107.702154,2033.2201744964993
1079,107.802156,2093.7471971140976
1080,107.902158,2015.0000511838095
1081,108.00216,1927.1280451772504
1082,108.10216199999999,2019.1388543554601
1083,108.20216400000001,1902.312190706164
1084,108.302166,1939.4898145071045
1085,108.402168,2059.5989559427285
1086,108.50216999999999,1989.4009189150916
1087,108.60217200000001,2008.5473718722633
1088,108.702174,2001.717908254769
1089,108.802176,1988.2296879532703
1090,108.902178,2000.8396677472213
1091,109.00218000000001,1976.6985710888728
1092,109.102182,2059.2684985265514
1093,109.202184,2057.934587583916
1094,109.302186,2145.198836499871
1095,109.40218800000001,2024.3922301178468
1096,109.50219,2092.582589884079
1097,109.602192,2158.452968650774
1098,109.702194,2056.3086197679318
1099,109.802196,2132.9760661425157
1100,109.902198,2027.2896306979612
1101,110.0022,1935.6287983140953
1102,110.102202,1947.0687541343407
1103,110.202204,2028.490113933884
1104,110.30220600000001,2003.2405855485267
1105,110.402208,2006.2447577327666
1106,110.50221,1998.7525772436663
1107,110.602212,2061.8601282469667
1108,110.70221400000001,2066.6010698527484
1109,110.802216,2003.845059062164
1110,110.902218,2101.6302688450237
1111,111.00222,2014.7612560449209
1112,111.10222200000001,1989.5725323231645
1113,111.202224,2019.1894114432264
1114,111.30222599999999,2139.186500158158
1115,111.40222800000001,1984.2653341091352
1116,111.50223,2055.3878698140334
1117,111.602232,1975.0846280875833
1118,111.70223399999999,2029.2160593669287
1119,111.80223600000001,2026.0839059372242
1120,111.902238,2019.82455950071
1121,112.00224,1953.8265362878487
1122,112.102242,2016.9599176078073
1123,112.20224400000001,1913.1309781064633
1124,112.302246,1943.7597149059359
1125,112.402248,2013.652863630099
1126,112.50225,1909.8586920195012
1127,112.60225200000001,1955.5743845617994
1128,112.702254,1920.814752708801
1129,112.80225600000001,1886.7849105327655
1130,112.902258,1837.2425904007282
1131,113.00226,1887.794231742656
1132,113.102262,1950.009887643067
1133,113.202264,1917.9140954300108
1134,113.302266,1954.363365238876
1135,113.40226799999999,1962.8218212191643
1136,113.50227000000001,2004.1895316730877
1137,113.602272,1968.0453941195392
1138,113.702274,1909.698530670456
1139,113.80227599999999,2059.782259981174
1140,113.90227800000001,1903.3239668090832
1141,114.00228,1907.3869784848937
1142,114.102282,1934.1457199358122
1143,114.202284,1871.0077378677602
1144,114.30228600000001,1930.7026801830773
1145,114.402288,1932.1304693747531
1146,114.50229,1976.4704060582253
1147,114.602292,1960.4672113254871
1148,114.70229400000001,2043.5289529884808
1149,114.802296,2009.3233501183397
1150,114.902298,1908.4350024890964
1151,115.0023,2000.0007669519803
1152,115.102302,2058.3355794809777
1153,115.202304,2064.2333685237513
1154,115.302306,1965.8884371742975
1155,115.402308,2116.6319408916033
1156,115.50231,1998.9432129903798
1157,115.60231200000001,2061.610026713082
1158,115.702314,2105.2619999728295
1159,115.802316,1989.0750452115656
1160,115.902318,2027.2292186130514
1161,116.00232000000001,2077.3721193028277
1162,116.102322,2040.6063914369126
1163,116.202324,2099.732075462728
1164,116.30232600000001,2045.5067131587577
1165,116.40232800000001,1963.3069100479113
1166,116.50233,2084.688827158749
1167,116.602332,2004.1383210260603
1168,116.70233400000001,1944.7490237611767
1169,116.802336,1921.842640451265
1170,116.902338,1950.0298952395456
1171,117.00233999999999,1908.6755048566251
1172,117.10234200000001,1992.9303898301425
1173,117.202344,1941.7626682212317
1174,117.302346,1958.5962536925551
1175,117.402348,2024.7087161143447
1176,117.50235,1979.3537102472583
1177,117.602352,1991.9018717195452
1178,117.702354,2077.286388207772
1179,117.802356,2014.873266196663
1180,117.902358,2033.5713656463072
1181,118.00236,2023.3445132315103
1182,118.10236200000001,2052.653301910827
1183,118.202364,2054.407285374904
1184,118.302366,2051.577478934153
1185,118.402368,2080.8233925278546
1186,118.50237,2069.1189112877023
1187,118.602372,2085.519839518659
1188,118.70237399999999,2036.1267218992652
1189,118.80237600000001,2073.6935067944646
1190,118.902378,2123.657236638961
1191,119.00238,2107.6212600950544
1192,119.10238199999999,2159.9259658082233
1193,119.20238400000001,1999.4300879978273
1194,119.302386,1965.7727635707452
1195,119.402388,2063.9581128652726
1196,119.50239,2053.1299806174447
1197,119.60239200000001,2020.1378713327174
1198,119.702394,2068.686389558308
1199,119.802396,1973.5186147598681
1200,119.902398,2034.3036822181148
1201,120.00240000000001,2031.094521320892
1202,120.102402,1874.0982238793717
1203,120.20240400000002,1988.4840514161165
1204,120.302406,2076.4265251446236
1205,120.402408,1984.127080669885
1206,120.50241,1985.248222618657
1207,120.602412,1987.0482739177994
1208,120.702414,1983.9117381724845
1209,120.802416,2032.6347906173944
1210,120.90241800000001,2020.3960100302236
1211,121.00242,1991.2391831388204
1212,121.102422,2007.7499003133162
1213,121.202424,1974.744233452576
1214,121.30242600000001,1976.2551115217698
1215,121.402428,1967.9600267183507
1216,121.50243,2075.3063776357453
1217,121.60243200000001,2007.5414825612154
1218,121.70243400000001,1940.3259608228075
1219,121.802436,2018.4329011217912
1220,121.902438,2023.9301336502958
1221,122.00244,1948.2153358151807
1222,122.102442,1967.1821084194848
1223,122.202444,2023.56193508777
1224,122.302446,2106.2888720852548
1225,122.402448,2091.757279719892
1226,122.50245,2030.1943288006485
1227,122.602452,1968.324869096431
1228,122.702454,2042.2054775902288
1229,122.802456,2077.9550664324875
1230,122.902458,1951.4733246075386
1231,123.00246000000001,1988.4354220334985
1232,123.102462,1972.0061838111083
1233,123.202464,1948.527372787512
1234,123.302466,2039.5733379813666
1235,123.40246800000001,2071.5967162594948
1236,123.50247,2156.242412565426
1237,123.602472,1967.087878632308
1238,123.702474,2029.1620047400409
1239,123.80247600000001,2048.4133235468103
1240,123.902478,1883.1813097340325
1241,124.00247999999999,1948.6401619655464
1242,124.10248200000001,1966.800101266197
1243,124.202484,1964.1466064156907
1244,124.302486,1995.743362058865
1245,124.40248799999999,2023.3072858694463
1246,124.50249000000001,2029.2000968016425
1247,124.602492,2063.4288973711023
1248,124.702494,1997.2966379790057
1249,124.802496,2034.0287977587072
1250,124.90249800000001,2082.2854076326516
1251,125.0025,2012.7039557337137
1252,125.102502,2038.8322765279881
1253,125.202504,2045.773324143196
1254,125.30250600000001,1970.7214881154844
1255,125.402508,1966.418563123048
1256,125.50251000000002,1979.8860768294003
1257,125.602512,1911.6639796774805
1258,125.702514,1865.645065486477
1259,125.802516,1967.6102492228379
1260,125.902518,1958.4074889084418
1261,126.00252,2001.8957830486825
1262,126.102522,2017.831770755174
1263,126.20252400000001,1954.8888235671225
1264,126.302526,1945.7832323170776
1265,126.402528,2028.9972317184665
1266,126.50253,1924.3091056657825
1267,126.60253200000001,1939.2312607192043
1268,126.702534,1917.0568528900797
1269,126.802536,1914.0736555032513
1270,126.902538,1940.2471805902462
1271,127.00254000000001,1883.793229445221
1272,127.102542,1933.280808205773
1273,127.202544,1920.3160442275066
1274,127.302546,1893.6583126868632
1275,127.40254800000001,1887.5568247442309
1276,127.50255,1905.3575646188378
1277,127.602552,1943.2079109470712
1278,127.702554,1930.861002395349
1279,127.802556,1998.4113819759816
1280,127.902558,1976.6285113073466
1281,128.00256,1893.6867578587458
1282,128.102562,2003.2945571388586
1283,128.202564,2015.4542790005182
1284,128.302566,2041.3613561968589
1285,128.402568,1915.399081241212
1286,128.50257000000002,1906.5376278117317
1287,128.602572,2111.1757781599927
1288,128.702574,1947.2686596677347
1289,128.802576,1761.7762995481999
1290,128.902578,1957.5072046024352
1291,129.00258,1942.3767934657142
1292,129.102582,1865.3545847771654
1293,129.202584,1976.6252574894204
1294,129.302586,1989.0002948424178
1295,129.402588,1986.6964561125026
1296,129.50259,1956.785473462494
1297,129.60259200000002,1901.6094265744016
1298,129.702594,1983.6026815910354
1299,129.802596,2006.7739368837617
1300,129.902598,2028.7470273656886
1301,130.0026,1984.8265568840784
1302,130.102602,2000.8311937943606
1303,130.202604,1987.8068774652968
1304,130.302606,1991.2579038852139
1305,130.40260800000001,1977.9322248475103
1306,130.50261,1867.4146604060077
1307,130.60261200000002,1891.804434811594
1308,130.702614,1976.4665821079745
1309,130.802616,1914.9015788129122
1310,130.902618,1907.776605013198
1311,131.00262,1906.203322627752
1312,131.102622,1860.6706393001277
1313,131.20262400000001,1891.1155502663237
1314,131.30262599999998,1889.2810324508098
1315,131.402628,1875.4817817188282
1316,131.50263,1879.4595411295395
1317,131.602632,1870.0591044669004
1318,131.702634,1959.7358390437732
1319,131.802636,1942.8641053463855
1320,131.902638,1968.1914197961214
1321,132.00264,1992.2694512174678
1322,132.102642,1852.5093490862089
1323,132.202644,1912.0092075385883
1324,132.302646,1996.0341866908752
1325,132.40264800000003,1910.6249955002663
1326,132.50265,2046.372596154039
1327,132.602652,1994.5897043366563
1328,132.702654,1999.1975189192867
1329,132.802656,1942.0186609139093
1330,132.902658,1922.9576612630624
1331,133.00266,1958.711707480338
1332,133.102662,1954.2863062718784
1333,133.202664,1956.6188006914786
1334,133.302666,1877.0008427670448
1335,133.402668,1907.2316432317955
1336,133.50267000000002,2101.7293552067754
1337,133.60267199999998,1928.0429639249485
1338,133.702674,1987.2159696285928
1339,133.80267600000002,2012.4869007972216
1340,133.902678,2037.3067749973711
1341,134.00268,2041.8736813208484
1342,134.102682,1974.756981725854
1343,134.202684,2004.2103071561817
1344,134.30268600000002,2018.3387906330577
1345,134.40268799999998,2033.0769920924831
1346,134.50269,1933.9926292889731
1347,134.60269200000002,2038.0995204615967
1348,134.70269399999998,2090.6867479469056
1349,134.802696,2024.0732303556601
1350,134.90269800000002,2145.1345724121616
1351,135.0027,2009.5527252998013
1352,135.102702,2079.2745593613517
1353,135.202704,2019.8285185838963
1354,135.302706,2137.8195483043246
1355,135.40270800000002,2182.5676278972846
1356,135.50270999999998,2145.6093255757223
1357,135.602712,2085.4762281820263
1358,135.70271400000001,2118.5126818536137
1359,135.802716,2177.4130527309057
1360,135.902718,2133.2689958476153
1361,136.00272,2089.92005969032
1362,136.102722,1989.6894734618036
1363,136.20272400000002,2028.70195060623
1364,136.302726,1877.7028276937872
1365,136.402728,1847.5177704885416
1366,136.50273,1974.7619688687364
1367,136.602732,2005.4169447846648
1368,136.702734,2021.1609194383107
1369,136.802736,2104.800380376096
1370,136.902738,2015.060320014134
1371,137.00274,2044.9553240171526
1372,137.102742,2066.373720225618
1373,137.202744,2135.9266259046744
1374,137.302746,1986.9874824981332
1375,137.402748,1910.2318545197688
1376,137.50275,1709.4992076937187
1377,137.602752,1914.5833955661144
1378,137.70275400000003,1894.0717430836257
1379,137.802756,1986.8150348375846
1380,137.902758,2060.802972274678
1381,138.00276000000002,2119.8506639806274
1382,138.102762,2043.9919691829537
1383,138.202764,2009.058785120897
1384,138.302766,2086.6135700152254
1385,138.402768,1999.0338119451224
1386,138.50277,2062.6438532179504
1387,138.602772,2109.1475101878405
1388,138.702774,2026.908192134565
1389,138.80277600000002,2034.8508220946383
1390,138.90277799999998,2001.201135524269
1391,139.00278,1994.9873562865685
1392,139.10278200000002,2025.548501832782
1393,139.202784,2109.6738637241137
1394,139.302786,2002.3955091685184
1395,139.402788,1855.8341824473869
1396,139.50279,1966.9109677884521
1397,139.60279200000002,1959.0626945568931
1398,139.70279399999998,1941.4863327246937
1399,139.802796,1958.4304169381421
1400,139.90279800000002,2060.102855481662
1401,140.0028,1983.2404022977498
1402,140.102802,1938.415286944489
1403,140.20280400000001,1932.45538635574
1404,140.302806,1963.2310449060042
1405,140.402808,2126.0945207609
1406,140.50281,2048.1328515294936
1407,140.602812,2108.0431869854206
1408,140.70281400000002,2117.128934790906
1409,140.80281599999998,2083.0748580091395
1410,140.902818,2024.294301087878
1411,141.00282,1982.0129021585192
1412,141.102822,1924.761872585556
1413,141.202824,2005.4535703125573
1414,141.302826,1998.0625616354996
1415,141.402828,2052.8563586311275
1416,141.50283000000002,2044.504447069132
1417,141.602832,2076.4897244476383
1418,141.702834,2080.6536690471485
1419,141.802836,2130.1350036879285
1420,141.902838,2070.0068068363225
1421,142.00284,2079.8492344802494
1422,142.102842,2015.4326758120994
1423,142.202844,2017.163928350345
1424,142.302846,2105.769336978693
1425,142.402848,1947.594119283938
1426,142.50285,2090.80212025833
1427,142.602852,1983.9933514360894
1428,142.702854,2002.8261506493702
1429,142.802856,2038.2442920958501
1430,142.902858,2081.2800384669295
1431,143.00286000000003,1963.8327437106584
1432,143.102862,2035.9016397311123
1433,143.202864,2058.9482191984007
1434,143.30286600000002,2037.8938612197346
1435,143.402868,1949.3356569501163
1436,143.50287,1948.9389625299118
1437,143.602872,2054.159064397247
1438,143.702874,2050.5320448773227
1439,143.802876,2043.6754860084764
1440,143.902878,2007.030823302671
1441,144.00288,2060.8078024196775
1442,144.10288200000002,1929.321832551828
1443,144.20288399999998,1992.743595542162
1444,144.302886,2026.445024795206
1445,144.40288800000002,1944.8344141665596
1446,144.50289,1879.5873961878842
1447,144.602892,1935.7918689553308
1448,144.702894,2011.6814633959134
1449,144.802896,2002.672728914791
1450,144.90289800000002,1892.1108673982985
1451,145.00289999999998,1893.4861826184035
1452,145.102902,2008.515478557077
1453,145.20290400000002,2054.7577331332013
1454,145.302906,2112.357704501871
1455,145.402908,2108.385164007239
1456,145.50291,1880.969294426396
1457,145.602912,2027.9890385807237
1458,145.702914,1979.4687750123073
1459,145.802916,2075.815110013887
1460,145.902918,1804.710008998642
1461,146.00292000000002,2033.6328686328714
1462,146.10292199999998,2052.876166208908
1463,146.202924,2049.8110449957303
1464,146.302926,1929.9541589459284
1465,146.402928,1952.7463058345204
1466,146.50293,2123.437992256087
1467,146.602932,2006.498116749294
1468,146.702934,1977.2760559331593
1469,146.80293600000002,1977.7788141416324
1470,146.902938,1909.5123288049779
1471,147.00294,1886.173734970709
1472,147.102942,1947.4793598666479
1473,147.202944,1932.6206901470619
1474,147.302946,1938.9468065377664
1475,147.402948,2030.702947982572
1476,147.50295,2054.099360631151
1477,147.602952,1937.449729641641
1478,147.702954,1873.9910442751727
1479,147.802956,1812.2662113486122
1480,147.902958,1908.376366771811
1481,148.00296,1982.458939742901
1482,148.102962,1973.2060213075351
1483,148.202964,1930.644394768236
1484,148.30296600000003,2023.0731666579625
1485,148.402968,1899.5827762146364
1486,148.50297,1883.9240737347607
1487,148.60297200000002,1983.9255691194799
1488,148.702974,2022.1808659250166
1489,148.802976,1917.420476983747
1490,148.902978,1910.7336456292
1491,149.00298,1952.8881320178693
1492,149.102982,2026.2494518553008
1493,149.202984,1994.7026557730583
1494,149.302986,1946.3320475120597
1495,149.40298800000002,1993.8375370382246
1496,149.50298999999998,1958.3586877619107
1497,149.602992,1957.0973296136904
1498,149.70299400000002,1984.9218225390587
1499,149.802996,1958.0275860065115
1500,149.902998,1953.4629844187705
1501,150.003,1891.5432257061882
1502,150.103002,1896.2253926036533
1503,150.20300400000002,1928.1254071802255
1504,150.30300599999998,1978.9759701479643
1505,150.403008,1960.87866030648
1506,150.50301000000002,1991.113782626123
1507,150.603012,1856.854306229682
1508,150.703014,1928.0514769350104
1509,150.803016,1958.4787106830836
1510,150.903018,1913.630483586794
1511,151.00302,1770.640051819263
1512,151.103022,1930.6321110360823
1513,151.203024,1890.5501772967632
1514,151.30302600000002,1936.3231205256795
1515,151.40302799999998,2042.547700900772
1516,151.50303,1975.0419075232605
1517,151.603032,1855.2458483849623
1518,151.703034,1866.1986400146243
1519,151.803036,1929.9479511908194
1520,151.903038,1855.6625539978427
1521,152.00304,1903.8496539650898
1522,152.10304200000002,1918.0629801885623
1523,152.203044,1974.4075674762637
1524,152.303046,1953.5301016380388
1525,152.403048,1889.947963839919
1526,152.50305000000003,1884.9075557161495
1527,152.603052,1890.2972915743228
1528,152.703054,1857.7615950233976
1529,152.803056,1852.9610055408061
1530,152.903058,1914.3382746959296
1531,153.00306,1862.2008125205377
1532,153.103062,1828.540079875974
1533,153.203064,1891.9318295632104
1534,153.303066,1847.4089839859514
1535,153.403068,1755.6586381092013
1536,153.50307,1831.7025286105154
1537,153.60307200000003,1745.9158781503088
1538,153.703074,1746.781558892619
1539,153.803076,1809.9646748966586
1540,153.90307800000002,1797.0387259087156
1541,154.00308,1805.8640082044842
1542,154.103082,1870.93457680781
1543,154.203084,1749.3696165082722
1544,154.303086,1799.5027609884528
1545,154.403088,1867.4903905939213
1546,154.50309,1807.9852193996594
1547,154.603092,1832.125775625812
1548,154.70309400000002,1876.0511831372864
1549,154.80309599999998,1858.771065387223
1550,154.903098,1809.660929441884
1551,155.00310000000002,1943.9097017535933
1552,155.103102,1879.7379449630087
1553,155.203104,1879.8751581394788
1554,155.303106,1825.6947046002688
1555,155.403108,1876.9075798074673
1556,155.50311000000002,1799.6801793285215
1557,155.60311199999998,1868.555653156079
1558,155.703114,1872.7184325958535
1559,155.80311600000002,1887.6075082636319
1560,155.903118,1836.1405339479213
1561,156.00312,1830.839708415231
1562,156.103122,2010.4041437390063
1563,156.203124,1938.98392721455
1564,156.303126,1929.603618266126
1565,156.403128,1908.9431143333034
1566,156.50313,1829.0242925623825
1567,156.60313200000002,1867.8178152836338
1568,156.70313399999998,1810.2241795982661
1569,156.803136,1915.3363102832895
1570,156.903138,2060.3044068176837
1571,157.00314,2035.7814908394048
1572,157.103142,1916.1009598061187
1573,157.203144,1805.6874584105633
1574,157.303146,1839.1352023841669
1575,157.40314800000002,1993.5214832794109
1576,157.50315,1920.5797970397962
1577,157.603152,1959.2812361768122
1578,157.703154,2018.5086811199171
1579,157.80315600000003,1949.341264916996
1580,157.903158,1958.8367734312314
1581,158.00316,1953.526447761721
1582,158.103162,1901.2869933097231
1583,158.203164,1936.0400442359703
1584,158.303166,1900.3015067093634
1585,158.403168,1987.3817723649213
1586,158.50317,1917.1938054685586
1587,158.603172,1904.9451111747242
1588,158.703174,1988.256765282891
1589,158.803176,2008.4517877135265
1590,158.90317800000003,1827.7656959570315
1591,159.00318,1990.581177569098
1592,159.103182,1921.9920297980327
1593,159.20318400000002,1816.164280483825
1594,159.303186,1784.152949221965
1595,159.403188,1947.9882424718057
1596,159.50319,1980.8451336414948
1597,159.603192,1929.42620903111
1598,159.70319400000002,1819.7029776319393
1599,159.80319599999999,1792.393552145789
1600,159.903198,1890.72436090617
1601,160.00320000000002,1917.6129086434644
1602,160.10320199999998,1821.663652726534
1603,160.203204,1896.8038398518977
1604,160.30320600000002,1893.2832354507284
1605,160.403208,1956.4143391928278
1606,160.50321,1975.699094422331
1607,160.603212,1981.12700852555
1608,160.703214,1901.896599682817
1609,160.80321600000002,1937.6778691808397
1610,160.90321799999998,1939.0231960351011
1611,161.00322,1939.858241849576
1612,161.10322200000002,1871.3970487623685
1613,161.203224,1907.915142974998
1614,161.303226,1897.749221325756
1615,161.403228,1974.486411114483
1616,161.50323,1917.350481186967
1617,161.603232,1955.2030568407688
1618,161.703234,1865.3775427750197
1619,161.803236,1835.4765700775038
1620,161.90323800000002,1847.276054971993
1621,162.00323999999998,1895.0601153421737
1622,162.103242,1868.2372543307845
1623,162.203244,1931.4152760457346
1624,162.303246,1868.654183243987
1625,162.403248,1907.6634723863542
1626,162.50325,1849.4663001202532
1627,162.603252,1953.5795346793327
1628,162.70325400000002,1803.2614414995153
1629,162.803256,1898.3729670302557
1630,162.903258,1933.657160217291
1631,163.00326,1875.763650452365
1632,163.10326200000003,1952.6153765162767
1633,163.203264,1936.1693664878926
1634,163.303266,1861.4951642737785
1635,163.403268,1862.877810295083
1636,163.50327,1848.2986321072644
1637,163.603272,1852.6438248597963
1638,163.703274,1881.5927638573264
1639,163.803276,1954.991699799905
1640,163.903278,1963.3817672264995
1641,164.00328,1920.4017448535603
1642,164.103282,1928.9175124606743
1643,164.20328400000002,1929.4558909995067
1644,164.30328599999999,1925.2083341257025
1645,164.403288,1929.2738952797451
1646,164.50329000000002,1923.2940865504474
1647,164.603292,1897.578576711554
1648,164.703294,1969.0355319768814
1649,164.803296,1890.6495464185257
1650,164.903298,1859.346350085518
1651,165.00330000000002,1923.6017409890296
1652,165.10330199999999,1864.2406331787702
1653,165.203304,1928.0028725492666
1654,165.30330600000002,1891.3495802623538
1655,165.40330799999998,2002.6775544629231
1656,165.50331,1928.7534685356677
1657,165.60331200000002,1904.1169223343036
1658,165.703314,1984.931364369684
1659,165.803316,1959.9300123189867
1660,165.903318,2000.9041069317832
1661,166.00332,1972.2788592969257
1662,166.10332200000002,2049.5048925606807
1663,166.20332399999998,2009.9497235740957
1664,166.303326,2044.768736300253
1665,166.40332800000002,1941.5827553380882
1666,166.50333,2055.9990621108495
1667,166.603332,2218.702299831929
1668,166.703334,2053.1699011634614
1669,166.803336,2058.6604857516318
1670,166.90333800000002,2070.135507406727
1671,167.00334,1974.328788536464
1672,167.103342,2006.6584434054632
1673,167.20334400000002,2033.8670431182024
1674,167.30334599999998,2058.0151421943947
1675,167.403348,1955.0929212976644
1676,167.50335,2047.4633739877158
1677,167.603352,2012.482506252748
1678,167.703354,1985.5260037586218
1679,167.803356,1997.5607236604794
1680,167.903358,2036.012066175972
1681,168.00336000000001,2063.8995311312
1682,168.103362,2054.9345949129784
1683,168.203364,1892.2206437114787
1684,168.303366,2007.822540057278
1685,168.40336800000003,2032.0109299452276
1686,168.50337,2068.372635383058
1687,168.603372,2050.118880623197
1688,168.703374,2039.3225073475207
1689,168.803376,2000.1109792939942
1690,168.903378,1963.2434186394764
1691,169.00338,2007.440849288171
1692,169.103382,1978.223060440533
1693,169.203384,1990.1176133443532
1694,169.303386,1946.8922529071592
1695,169.403388,1955.9047406603095
1696,169.50339000000002,1998.9690640928054
1697,169.60339199999999,1995.3438183108985
1698,169.703394,1930.5385113618472
1699,169.80339600000002,1902.8284321516282
1700,169.903398,1988.2520498709848
1701,170.0034,1987.8851668079774
1702,170.103402,1935.44589335724
1703,170.203404,1937.6593718420306
1704,170.30340600000002,1945.602917754374
1705,170.40340799999998,1990.7896532020957
1706,170.50341,1991.4563782456917
1707,170.60341200000002,1996.4209326956254
1708,170.70341399999998,1987.8992387647365
1709,170.803416,1992.8672567108117
1710,170.90341800000002,2008.4753443857744
1711,171.00342,1987.0503679270173
1712,171.103422,1930.3322194101645
1713,171.203424,1907.7015512298692
1714,171.303426,1916.0649097080684
1715,171.40342800000002,1967.5086164360753
1716,171.50342999999998,1987.299589359347
1717,171.603432,2023.1773789298131
1718,171.70343400000002,2045.2963188139431
1719,171.803436,2010.4430978884673
1720,171.903438,2027.1920856746708
1721,172.00344,2199.701064336568
1722,172.103442,2121.684522832647
1723,172.20344400000002,2037.2081484919895
1724,172.303446,2003.94533927762
1725,172.403448,2129.5545369888982
1726,172.50345000000002,1982.9518000999476
1727,172.603452,2027.454928107835
1728,172.703454,2124.9335070121965
1729,172.803456,2000.548077222061
1730,172.903458,1967.0338517863688
1731,173.00346,2007.987286565
1732,173.103462,2133.4268911503177
1733,173.203464,2032.1102816838354
1734,173.30346600000001,1897.6192201814176
1735,173.403468,2011.215397811473
1736,173.50347,1980.4264131235514
1737,173.603472,1936.411281307286
1738,173.70347400000003,2110.9532902769024
1739,173.803476,2005.392453078309
1740,173.903478,2030.8080019948254
1741,174.00348000000002,1995.9829760910986
1742,174.103482,2057.233614909883
1743,174.203484,1984.8552165066114
1744,174.303486,2036.4958501020549
1745,174.403488,1974.0101286386437
1746,174.50349,1941.146828295957
1747,174.603492,1941.4639256869486
1748,174.703494,2062.7479359447934
1749,174.80349600000002,1985.9839202641108
1750,174.90349799999998,1964.9086913004219
1751,175.0035,2102.0317865435572
1752,175.10350200000002,1909.054461322601
1753,175.203504,1967.6538201731564
1754,175.303506,1874.0640439377469
1755,175.403508,1990.345357859737
1756,175.50351,2018.9723352392346
1757,175.60351200000002,1918.9072715084806
1758,175.70351399999998,2001.8068532812254
1759,175.803516,1964.1040152567464
1760,175.90351800000002,2026.2197241874542
1761,176.00351999999998,2078.1712054486793
1762,176.103522,2061.410157517511
1763,176.20352400000002,1900.5578019663394
1764,176.303526,1920.3345078504485
1765,176.403528,1968.8834444427348
1766,176.50353,1957.825923456693
1767,176.603532,1930.135106869582
1768,176.70353400000002,1929.012100947025
1769,176.80353599999998,2017.8947227771403
1770,176.903538,2024.762071523687
1771,177.00354000000002,2078.3818224246447
1772,177.103542,1962.8846723198353
1773,177.203544,1961.9784548922712
1774,177.303546,1949.2534742908742
1775,177.403548,1873.3222750786558
1776,177.50355000000002,2059.0798240285967
1777,177.603552,1998.251570984728
1778,177.703554,1999.7453026809947
1779,177.80355600000001,2003.1516804392697
1780,177.903558,2054.5375814859226
1781,178.00356,1890.6469558813392
1782,178.103562,1966.3840071190268
1783,178.203564,2027.6858835830863
1784,178.303566,1979.9490411610416
1785,178.403568,2015.167948671001
1786,178.50357,2097.8804614817177
1787,178.603572,2016.6196785735012
1788,178.703574,1985.2645453005935
1789,178.803576,2002.5164654901507
1790,178.903578,2001.8631315425698
1791,179.00358000000003,2041.3316855807548
1792,179.103582,2085.9250553355323
1793,179.203584,2104.400994993863
1794,179.30358600000002,2031.2199866538776
1795,179.403588,1997.1532834610837
1796,179.50359,2075.9646072326195
1797,179.603592,2070.1767729837256
1798,179.703594,2098.4053954657793
1799,179.803596,1991.2487791277108
1800,179.903598,2066.139124416371
1801,180.0036,2030.2034892809027
1802,180.10360200000002,2050.8279702112795
1803,180.20360399999998,2081.1827122024483
1804,180.303606,2012.3013807489785
1805,180.40360800000002,2070.1979667704622
1806,180.50361,2081.9130014358366
1807,180.603612,1988.888152540433
1808,180.703614,2096.240333135919
1809,180.803616,2027.6437464069254
1810,180.90361800000002,1960.7486835797604
1811,181.00361999999998,2035.1647493635942
1812,181.103622,1933.153567626479
1813,181.20362400000002,1986.907719503048
1814,181.30362599999998,2210.511385714571
1815,181.403628,2088.107668778509
1816,181.50363000000002,2073.8492672619946
1817,181.603632,2138.508731194621
1818,181.703634,2128.4879460400725
1819,181.803636,2047.7952675960955
1820,181.903638,2036.5059077028309
1821,182.00364000000002,2090.012621265526
1822,182.10364199999998,2102.305503585125
1823,182.203644,2076.8821079670524
1824,182.30364600000001,2111.378367556658
1825,182.403648,2165.478871480597
1826,182.50365,2121.3594822267173
1827,182.603652,2029.9898248072632
1828,182.703654,2006.9652438568114
1829,182.80365600000002,2095.8261628292144
1830,182.903658,2101.871686767997
1831,183.00366,2167.2527198635394
1832,183.103662,2180.9686107511693
1833,183.203664,2161.114551325933
1834,183.303666,2126.4412901711903
1835,183.403668,2044.5773061113798
1836,183.50367,2040.6380031434026
1837,183.603672,2019.4211091102184
1838,183.703674,1986.5265012027962
1839,183.803676,1923.5807009454927
1840,183.903678,2085.5507028717957
1841,184.00368,2112.451071830209
1842,184.103682,1972.3344633102781
1843,184.203684,1945.9089943872175
1844,184.30368600000003,1933.2015700432364
1845,184.403688,1966.6193295188489
1846,184.50369,1998.0976459032827
1847,184.60369200000002,2077.267240339715
1848,184.703694,2044.3222008394857
1849,184.803696,2014.0112893044295
1850,184.903698,1932.0430910782086
1851,185.0037,2043.839259834491
1852,185.103702,2008.3751935642613
1853,185.203704,2069.455156318542
1854,185.303706,2091.766980299144
1855,185.40370800000002,2181.7231739646363
1856,185.50370999999998,1975.4604090087785
1857,185.603712,2002.6099338080412
1858,185.70371400000002,2025.0471043182436
1859,185.803716,2040.5088511533338
1860,185.903718,1960.3102082077264
1861,186.00372,1960.7110818857257
1862,186.103722,1897.1045734816616
1863,186.20372400000002,1996.7495185077703
1864,186.30372599999998,2004.283658443457
1865,186.403728,2097.1820715919457
1866,186.50373000000002,2074.8638211378684
1867,186.603732,1984.4408544721796
1868,186.703734,2038.5598002358017
1869,186.80373600000001,2032.916041994126
1870,186.903738,1931.0706182694516
1871,187.00374,1906.2075554370242
1872,187.103742,1932.2070381686156
1873,187.203744,1917.1145665139748
1874,187.30374600000002,1987.5503879999899
1875,187.40374799999998,1901.0216359641206
1876,187.50375,1899.5195259047755
1877,187.60375200000001,1917.748629255007
1878,187.703754,1962.3355165672992
1879,187.803756,1937.0821663000631
1880,187.903758,1832.6177830546014
1881,188.00376,1927.552991905223
1882,188.10376200000002,1943.0080919894322
1883,188.203764,2014.5585695516756
1884,188.303766,1954.1072615444252
1885,188.403768,1959.3358763706533
1886,188.50377,1981.3832344016055
1887,188.603772,2000.3934946201728
1888,188.703774,1904.4404465765278
1889,188.803776,1961.8095974904184
1890,188.903778,1994.953501225155
1891,189.00378,2018.5201717364644
1892,189.103782,1988.6217943420456
1893,189.203784,1990.42907339748
1894,189.303786,2038.7717784537351
1895,189.403788,1974.209257917682
1896,189.50379,1994.1672131135522
1897,189.60379200000003,1930.2019479439039
1898,189.703794,1914.0053745266732
1899,189.803796,1963.597360222104
1900,189.90379800000002,2011.4098573662375
1901,190.0038,1995.8796770483557
1902,190.103802,2069.706054095738
1903,190.203804,2049.3851484494403
1904,190.303806,2151.8698177248157
1905,190.403808,2052.4916820450585
1906,190.50381,2085.7115100634196
1907,190.603812,2024.8259856246696
1908,190.70381400000002,2044.5455767941992
1909,190.80381599999998,1952.5751804561205
1910,190.903818,1958.1480087751256
1911,191.00382000000002,1922.7407595341406
1912,191.103822,1902.4535398128683
1913,191.203824,1986.480847805953
1914,191.30382600000002,2076.076631776201
1915,191.403828,2074.8905559060086
1916,191.50383000000002,2059.313575208815
1917,191.60383199999998,2102.4745857605412
1918,191.703834,2049.759568722673
1919,191.80383600000002,2085.8472442064176
1920,191.903838,2032.087540933224
1921,192.00384,2106.891901826128
1922,192.10384200000001,2005.517102143888
1923,192.203844,2040.8020895748602
1924,192.303846,2098.0318677325095
1925,192.403848,2061.2073277295276
1926,192.50385,2063.330296019768
1927,192.60385200000002,2066.764543018609
1928,192.70385399999998,2000.1921081057176
1929,192.803856,1996.7113553060988
1930,192.903858,2017.6959181580542
1931,193.00386,2048.2075060127518
1932,193.103862,2014.452613362177
1933,193.203864,2003.8018465705006
1934,193.303866,1966.1826842126156
1935,193.40386800000002,2090.5634231093413
1936,193.50387,2009.2158670197762
1937,193.603872,2031.1510792918277
1938,193.703874,2026.464510452042
1939,193.80387600000003,1979.868303659946
1940,193.903878,2051.9091831397386
1941,194.00388,2069.7167937560334
1942,194.103882,2151.0447115617744
1943,194.203884,2099.379175588079
1944,194.303886,2304.710061008815
1945,194.403888,2158.9424876190437
1946,194.50389,2256.348837620839
1947,194.603892,2172.5536359736457
1948,194.703894,2181.6098462089903
1949,194.803896,2043.1814274535295
1950,194.90389800000003,2016.64525967668
1951,195.0039,2042.9344097377411
1952,195.103902,2185.3358734849025
1953,195.20390400000002,2057.4031600306294
1954,195.303906,2095.929666188535
1955,195.403908,2095.366501456433
1956,195.50391,2209.523156287076
1957,195.603912,2158.830724625785
1958,195.703914,2141.1447389333425
1959,195.803916,2061.111235583725
1960,195.903918,2078.3496053731824
1961,196.00392000000002,2006.433815901048
1962,196.10392199999998,2030.4067678412357
1963,196.203924,2026.4875415379586
1964,196.30392600000002,2021.683759929456
1965,196.403928,2005.1198530303307
1966,196.50393,2075.264420397831
1967,196.60393200000001,2031.3210420596095
1968,196.703934,1990.4087820673255
1969,196.80393600000002,1937.1127971759552
1970,196.90393799999998,2047.8931908136321
1971,197.00394,2005.676873816251
1972,197.10394200000002,2074.0910695560906
1973,197.203944,1970.3861533079278
1974,197.303946,1939.1653067013542
1975,197.403948,1976.1230327176218
1976,197.50395,2062.3453699782285
1977,197.603952,2102.6837360256472
1978,197.703954,2057.6187627164377
1979,197.803956,2078.683095744642
1980,197.90395800000002,2111.861060043964
1981,198.00395999999998,2031.9372133559157
1982,198.103962,2062.273861668747
1983,198.203964,1940.8367106314627
1984,198.303966,1973.056128913041
1985,198.403968,1981.4189766691902
1986,198.50397,2167.9503173052594
1987,198.603972,2071.233158865363
1988,198.70397400000002,2079.763173993019
1989,198.803976,1971.7660730486073
1990,198.903978,2058.1274565456647
1991,199.00398,2048.9070331092726
1992,199.10398200000003,2051.808168715976
1993,199.203984,2027.815590973748
1994,199.303986,1987.2334559829035
1995,199.403988,2044.0907985507338
1996,199.50399,2046.1012845442644
1997,199.603992,1957.139664864381
1998,199.703994,1939.1826184480879
1999,199.803996,1910.429786080498
2000,199.903998,1942.3405174154889
2001,200.004,2018.320696628153
2002,200.104002,1971.7403184435764
2003,200.20400400000003,1974.2637797154318
2004,200.304006,2005.3385876271982
2005,200.404008,2074.231528040475
2006,200.50401000000002,2036.595153539378
2007,200.604012,2043.415243513883
2008,200.704014,2071.514074905689
2009,200.804016,2154.9410114221073
2010,200.904018,2101.5479804032743
2011,201.00402000000003,1984.9992872563969
2012,201.104022,1972.5561299325987
2013,201.204024,1997.118699582281
2014,201.30402600000002,1989.2612852067978
2015,201.40402799999998,2056.519318936199
2016,201.50403,2057.144119268965
2017,201.60403200000002,1987.916487760914
2018,201.704034,1981.034916627529
2019,201.804036,2080.6022160483317
2020,201.904038,2132.5930114668777
2021,202.00404,2192.6453118872837
2022,202.10404200000002,2067.5000779646616
2023,202.20404399999998,2231.6151547948602
2024,202.304046,2003.4639576911127
2025,202.40404800000002,2016.146414192001
2026,202.50405,2064.2149101520336
2027,202.604052,2039.2960596957862
2028,202.704054,2034.102563910495
2029,202.804056,2030.6622304557538
2030,202.904058,2051.4257724179333
2031,203.00406,1955.4210202233446
2032,203.104062,2061.8443684594745
2033,203.20406400000002,2063.674246786501
2034,203.30406599999998,1910.26069295355
2035,203.404068,1940.5558002530895
2036,203.50407,2012.0508780990267
2037,203.604072,2010.9472864857523
2038,203.704074,1920.571240314195
2039,203.804076,2092.421196268359
2040,203.904078,1914.9447388787494
2041,204.00408000000002,1924.7613362235709
2042,204.104082,1946.9737934030377
2043,204.204084,1942.273383188983
2044,204.304086,1994.7950033075447
2045,204.40408800000003,2114.6685929276314
2046,204.50409,2094.1371470175445
2047,204.604092,2044.678237779867
2048,204.704094,2096.8219411116734
2049,204.804096,1865.602088643664
2050,204.904098,1956.5005477206337
2051,205.0041,1888.405802680935
2052,205.104102,1828.4396912534294
2053,205.204104,1911.7781864754347
2054,205.304106,1815.2266702975887
2055,205.404108,1952.3487463194606
2056,205.50411000000003,1901.4746764119136
2057,205.604112,2018.6261416943282
2058,205.704114,1962.0484487734734
2059,205.80411600000002,1953.0088436690637
2060,205.904118,2007.3280826093371
2061,206.00412,1976.4565050565654
2062,206.104122,2004.9821317612502
2063,206.204124,1922.5917318857212
2064,206.30412600000002,1824.0575748092708
2065,206.404128,1896.3786218764317
2066,206.50413,2010.153814500242
2067,206.60413200000002,1943.1991054520524
2068,206.70413399999998,1930.4173820431188
2069,206.804136,2063.99130149736
2070,206.90413800000002,1998.9278666365012
2071,207.00414,1975.1538805395617
2072,207.104142,2032.5568476504357
2073,207.204144,1985.5510260175015
2074,207.304146,2019.291921612982
2075,207.40414800000002,2068.445286260305
2076,207.50414999999998,2079.3016779951995
2077,207.604152,2032.1914920686152
2078,207.70415400000002,2144.62810169679
2079,207.804156,2006.9380433385502
2080,207.904158,1940.687335446265
2081,208.00416,1931.1014145825652
2082,208.104162,1997.676052237759
2083,208.20416400000002,1978.3249879942127
2084,208.304166,1987.5813676691737
2085,208.404168,1891.8265808516805
2086,208.50417000000002,1866.0086966156953
2087,208.604172,1953.1330102137038
2088,208.704174,1965.2317763534406
2089,208.804176,1890.901238690106
2090,208.904178,1903.79832358373
2091,209.00418,1987.3020148536514
2092,209.104182,2038.592975338468
2093,209.204184,1979.2016537195648
2094,209.30418600000002,2121.5886688869055
2095,209.404188,2058.4116731845043
2096,209.50419,2044.7214262656387
2097,209.604192,2001.0769734867874
2098,209.70419400000003,2119.917472738597
2099,209.804196,2034.6663622636765
2100,209.904198,2130.6657628274
2101,210.00420000000003,1936.3009711773855
2102,210.104202,2065.114671725728
2103,210.204204,2034.4651843468046
2104,210.304206,2075.9650825720682
2105,210.404208,2008.5027849840794
2106,210.50421,1965.3218264826437
2107,210.604212,1868.891482835269
2108,210.704214,1931.3074610257554
2109,210.80421600000003,2093.0425081110934
2110,210.904218,2065.8783295790545
2111,211.00422,1941.8223457076028
2112,211.10422200000002,1926.8534689004857
2113,211.204224,2029.2599821910244
2114,211.304226,1991.5591500282285
2115,211.404228,1981.551922585893
2116,211.50423,2051.6596260880906
2117,211.60423200000002,2045.7256733463364
2118,211.70423399999999,2010.0086014511203
2119,211.804236,2056.222225932757
2120,211.90423800000002,1999.5791370478519
2121,212.00423999999998,2059.8571808602173
2122,212.104242,2058.772888284512
2123,212.20424400000002,2029.6926081815845
2124,212.304246,2109.2093615295876
2125,212.404248,2093.3754540959508
2126,212.50425,2033.4237598937282
2127,212.604252,1978.5249185523624
2128,212.70425400000002,2024.2302587743975
2129,212.80425599999998,2092.8696445046126
2130,212.904258,1987.7838665578408
2131,213.00426000000002,2059.947395251687
2132,213.104262,2021.9470059104203
2133,213.204264,1918.0932431754259
2134,213.304266,2026.5188920198398
2135,213.404268,1890.3847847481823
2136,213.50427000000002,1913.4134393627671
2137,213.604272,2104.481198744391
2138,213.704274,2019.079429589722
2139,213.80427600000002,1985.3497629536885
2140,213.904278,2006.1007662506643
2141,214.00428,2050.6138243130886
2142,214.104282,1922.1717782888134
2143,214.204284,2022.2543094256282
2144,214.304286,1988.6143311206067
2145,214.404288,1889.929737801896
2146,214.50429,1964.00591437632
2147,214.60429200000002,2014.644044103879
2148,214.704294,1967.3368798307972
2149,214.804296,1984.8863474032446
2150,214.904298,2018.7928790885421
2151,215.00430000000003,1982.7947628713257
2152,215.104302,2093.948441706792
2153,215.204304,2049.5562733278366
2154,215.30430600000003,1909.2695363810722
2155,215.404308,2022.5715988508498
2156,215.50431,1884.2578410336394
2157,215.604312,1888.619944298618
2158,215.704314,1922.2194481288818
2159,215.804316,1887.913785253455
2160,215.904318,1967.9138335554871
2161,216.00432,1885.3965219563727
2162,216.10432200000002,1878.3502182173158
2163,216.20432399999999,1908.5426826716316
2164,216.304326,1965.5855292915828
2165,216.40432800000002,1972.7612899152996
2166,216.50433,2041.9238147089784
2167,216.604332,2064.0561997266377
2168,216.704334,1965.8220307451238
2169,216.804336,2100.935094802359
2170,216.90433800000002,1993.783093710672
2171,217.00433999999998,2071.4887100588935
2172,217.104342,2071.9204326638587
2173,217.20434400000002,1893.2498985146804
2174,217.30434599999998,2086.044274064995
2175,217.404348,2102.3097696519994
2176,217.50435000000002,1941.0489747050708
2177,217.604352,1988.4518571281199
2178,217.704354,2027.757790894808
2179,217.804356,1958.505097250045
2180,217.904358,2057.53854209606
2181,218.00436000000002,2044.877287215142
2182,218.10436199999998,2032.487104016071
2183,218.204364,2015.6768666788291
2184,218.30436600000002,2027.8016007584426
2185,218.404368,1950.178081380511
2186,218.50437,1944.861853464758
2187,218.604372,1943.8200276614018
2188,218.704374,1957.2608576244118
2189,218.80437600000002,1959.4253756784724
2190,218.904378,1958.9774916690365
2191,219.00438,1977.3190095526206
2192,219.10438200000002,2073.469396565998
2193,219.204384,2104.4626843013516
2194,219.304386,2068.379089670291
2195,219.404388,2136.5041896070015
2196,219.50439,2116.986461293759
2197,219.604392,2068.1306614469813
2198,219.704394,2093.9412015927796
2199,219.804396,2062.198480706579
2200,219.90439800000001,2075.2997300455854
2201,220.0044,2167.81917467771
2202,220.104402,2052.6402191841403
2203,220.204404,2112.1617477615764
2204,220.30440600000003,2051.78644578267
2205,220.404408,2106.6384887182385
2206,220.50441,2014.7147513212221
2207,220.60441200000002,2097.870938074034
2208,220.704414,2110.624410001329
2209,220.804416,2118.6345846507093
2210,220.904418,2109.3717939680478
2211,221.00442,2106.323477344042
2212,221.104422,2170.354784975077
2213,221.204424,2104.0352716806947
2214,221.304426,2198.1815612821088
2215,221.40442800000002,2106.282805381379
2216,221.50442999999999,2060.902476057912
2217,221.604432,2084.741035155053
2218,221.70443400000002,2117.894189142085
2219,221.804436,2079.977229964884
2220,221.904438,2086.0448353606225
2221,222.00444,2152.0703187202516
2222,222.104442,2058.9783160129405
2223,222.20444400000002,2161.7966843887516
2224,222.30444599999998,2058.4402381507634
2225,222.404448,2098.4876767533488
2226,222.50445000000002,2131.803569069967
2227,222.60445199999998,2067.7783373804596
2228,222.704454,2072.998086290564
2229,222.80445600000002,2064.030125390175
2230,222.904458,2115.4098404330066
2231,223.00446,2036.1765069864052
2232,223.104462,2105.753141311195
2233,223.204464,2049.5473706020975
2234,223.30446600000002,2054.3159097844164
2235,223.40446799999998,2068.1034279322644
2236,223.50447,2046.6931521772844
2237,223.60447200000002,2086.513380764376
2238,223.704474,2080.635394123821
2239,223.804476,1977.0351681345282
2240,223.904478,2008.8403516957019
2241,224.00448,1996.1020235539884
2242,224.10448200000002,2120.8932883983002
2243,224.204484,2135.361290360655
2244,224.304486,2241.6610558792904
2245,224.40448800000001,2200.2169480511084
2246,224.50449,2179.7345417212414
2247,224.604492,2257.33637057179
2248,224.704494,2266.1387073248006
2249,224.804496,2187.535996919551
2250,224.904498,2263.689572761472
2251,225.0045,2221.434130721897
2252,225.104502,2127.9702636308107
2253,225.20450400000001,2013.2028764075537
2254,225.304506,2162.5654618257995
2255,225.404508,2233.445744773794
2256,225.50451,2196.5100172962375
2257,225.60451200000003,2179.5489601725294
2258,225.704514,2215.953350539097
2259,225.804516,2181.7134198105095
2260,225.90451800000002,2207.6656320893644
2261,226.00452,2106.5974916088526
2262,226.104522,2215.463380779563
2263,226.204524,2164.819304236256
2264,226.304526,2030.4758138055045
2265,226.404528,2121.124068138778
2266,226.50453,2122.3542899977015
2267,226.604532,2080.4210987904567
2268,226.70453400000002,2216.2278408295347
2269,226.80453599999998,2152.6572633669703
2270,226.904538,2166.5072489332383
2271,227.00454000000002,2303.620248513121
2272,227.104542,2207.3785504120706
2273,227.204544,2033.3349657375984
2274,227.30454600000002,2088.643947642497
2275,227.404548,2117.713782234099
2276,227.50455000000002,2089.715634102719
2277,227.60455199999998,2095.3395950029444
2278,227.704554,2241.004387590874
2279,227.80455600000002,2189.42070774357
2280,227.904558,2126.4288401219187
2281,228.00456,2168.997218881597
2282,228.10456200000002,2056.6629884898375
2283,228.204564,2145.6801546401557
2284,228.304566,2190.4676755847927
2285,228.404568,2168.203569577192
2286,228.50457,2184.1520568416104
2287,228.60457200000002,2037.1183781793363
2288,228.70457399999998,2201.4351588205946
2289,228.804576,2237.501884669185
2290,228.90457800000001,2199.8067581398313
2291,229.00458,2200.05674287772
2292,229.104582,2154.628305022926
2293,229.204584,2233.3898586413156
2294,229.304586,2259.401845021334
2295,229.40458800000002,2327.7654048212994
2296,229.50459,2272.490332562506
2297,229.604592,2254.633205442731
2298,229.70459400000001,2234.4049634193793
2299,229.804596,2255.630672569035
2300,229.904598,2353.6813538560514
2301,230.0046,2325.680964144884
2302,230.104602,2192.6849935630044
2303,230.204604,2187.2460544166697
2304,230.304606,2216.9190487350256
2305,230.404608,2070.954219710369
2306,230.50461,2115.9780961273077
2307,230.604612,2254.746529185656
2308,230.704614,2140.3508739074828
2309,230.804616,2134.3220807894154
2310,230.90461800000003,2045.706429776906
2311,231.00462,2094.284236882919
2312,231.104622,2020.3473737454622
2313,231.20462400000002,2153.1774585737658
2314,231.304626,2070.21974094645
2315,231.404628,2134.8353252213724
2316,231.50463,2036.1266503628713
2317,231.604632,2083.806721049353
2318,231.704634,2090.5548565076488
2319,231.804636,1952.9549315311033
2320,231.904638,2020.269516616789
2321,232.00464000000002,2025.5071269841646
2322,232.10464199999998,2076.6885852694195
2323,232.204644,2024.9794546023377
2324,232.30464600000002,2035.422649238728
2325,232.404648,2010.5556463075284
2326,232.50465,1994.6437185246546
2327,232.60465200000002,1958.8228387650163
2328,232.704654,1991.0979297986498
2329,232.80465600000002,2017.1643310725603
2330,232.90465799999998,2052.049113403748
2331,233.00466,1999.6754265175657
2332,233.10466200000002,1947.0914688174994
2333,233.204664,1969.2873053441483
2334,233.304666,2064.6021456138515
2335,233.40466800000002,2025.015461247747
2336,233.50467,2058.3214724855684
2337,233.604672,2051.5275240268174
2338,233.704674,1967.438470667748
2339,233.804676,2081.813411731718
2340,233.90467800000002,2032.2251476313702
2341,234.00467999999998,2162.5317387294663
2342,234.104682,2106.010443368859
2343,234.20468400000001,2069.6527548424197
2344,234.304686,2016.132321842994
2345,234.404688,2082.67745682716
2346,234.50469,1999.9782210180356
2347,234.604692,2156.449785136756
2348,234.70469400000002,2158.2228134012325
2349,234.804696,1988.5156542340087
2350,234.904698,1985.0573492482138
2351,235.0047,1901.2452528221263
2352,235.10470200000003,1897.2161034251048
2353,235.204704,1837.3859892502237
2354,235.304706,2015.283494219719
2355,235.404708,1954.399104887231
2356,235.50471,1908.6879917714375
2357,235.604712,1982.7699022667757
2358,235.704714,2027.866171202131
2359,235.804716,1941.1123682511586
2360,235.904718,2032.79026386414
2361,236.00472,2059.9341320389635
2362,236.104722,2020.97586299029
2363,236.20472400000003,2038.5575594865913
2364,236.304726,1952.863021082081
2365,236.404728,1968.6809087769489
2366,236.50473000000002,2077.564672078355
2367,236.604732,2132.2107451523957
2368,236.704734,2131.176983495016
2369,236.804736,2122.4459843423447
2370,236.904738,2108.614633848302
2371,237.00474,2113.6713309454267
2372,237.104742,2165.292901675415
2373,237.204744,2084.643741754294
2374,237.30474600000002,2078.8441571325025
2375,237.40474799999998,2028.1933782228102
2376,237.50475,2079.108654300563
2377,237.60475200000002,1959.880471219781
2378,237.704754,2132.066473181656
2379,237.804756,2096.518365766201
2380,237.90475800000002,2086.3958847522995
2381,238.00476,2032.4284647394693
2382,238.10476200000002,2049.118964107178
2383,238.20476399999998,2060.730052732899
2384,238.304766,2102.5367795738716
2385,238.40476800000002,2141.9314581606463
2386,238.50477,2051.400522027902
2387,238.604772,2137.692407216083
2388,238.70477400000001,1994.611219085806
2389,238.804776,2005.2212801667001
2390,238.904778,2098.3592510431013
2391,239.00478,2077.0342915546166
2392,239.104782,1974.704707212654
2393,239.20478400000002,2046.6396143419333
2394,239.30478599999998,2200.0450606717595
2395,239.404788,2094.4588714495626
2396,239.50479,2087.207500551783
2397,239.604792,2066.573264935986
2398,239.704794,1967.5972361754325
2399,239.804796,1869.3478434649019
2400,239.904798,2109.5261162329716
2401,240.00480000000002,2021.6800908367725
2402,240.104802,1995.369947917278
2403,240.204804,1904.268074460176
2404,240.304806,1994.2022658316084
2405,240.40480800000003,1786.5976171140426
2406,240.50481,1919.7331136575597
2407,240.604812,1953.62908433616
2408,240.704814,2069.1498560833015
2409,240.804816,2091.8899607977596
2410,240.904818,2020.6862439878435
2411,241.00482,2102.535428637201
2412,241.104822,1970.463147597242
2413,241.204824,2025.242064796401
2414,241.304826,2065.074538391201
2415,241.404828,1994.7628918298092
2416,241.50483000000003,1927.0967109802095
2417,241.604832,2122.192454847788
2418,241.704834,1940.0249321269841
2419,241.80483600000002,2074.3313780353715
2420,241.904838,2105.878237501873
2421,242.00484,2027.9376433421248
2422,242.104842,2033.5763795811376
2423,242.204844,2064.22241085812
2424,242.30484600000003,1892.6164030314978
2425,242.404848,1973.9416779333285
2426,242.50485,2004.7258995219818
2427,242.60485200000002,2026.9529196791818
2428,242.70485399999998,2031.9309770898371
2429,242.804856,1992.199606553644
2430,242.90485800000002,2120.1597911194904
2431,243.00486,1987.8181440838873
2432,243.104862,1927.6787641209023
2433,243.20486400000001,2115.7987042897057
2434,243.304866,1911.7435824311024
2435,243.40486800000002,1969.2768833765726
2436,243.50486999999998,1946.81340968238
2437,243.604872,1837.5182110657313
2438,243.70487400000002,1869.8815236306143
2439,243.804876,1877.7271365596923
2440,243.904878,1898.4566519482312
2441,244.00488,2011.2880106901746
2442,244.104882,1976.4480551970894
2443,244.204884,2020.8468568604471
2444,244.304886,1913.516704955085
2445,244.404888,1919.8732021231415
2446,244.50489000000002,1957.1946760488336
2447,244.604892,1877.0315269789553
2448,244.704894,1977.472098134502
2449,244.804896,1981.2307460217266
2450,244.904898,2022.3873660482204
2451,245.0049,1922.520944876136
2452,245.104902,1873.559785300673
2453,245.204904,1831.8127148463204
2454,245.30490600000002,1984.6405464108868
2455,245.404908,1992.4035559409886
2456,245.50491,1966.4774527717698
2457,245.604912,2038.2406298437922
2458,245.70491400000003,1968.827478371492
2459,245.804916,1958.837274124713
2460,245.904918,1991.7716660793292
2461,246.00492000000003,1833.9349273012685
2462,246.104922,1922.078527923464
2463,246.204924,1903.2719876075162
2464,246.304926,1967.2144222268068
2465,246.404928,1865.5143058824788
2466,246.50493,1886.5874547502865
2467,246.604932,1960.2804836516707
2468,246.704934,1865.9226468499346
2469,246.80493600000003,1810.7978551062663
2470,246.904938,1926.3605478794523
2471,247.00494,1903.0907585617958
2472,247.10494200000002,1887.5030449907656
2473,247.204944,1969.8186031365371
2474,247.304946,2020.6783574478075
2475,247.404948,1990.868453224159
2476,247.50495,1947.6537634563913
2477,247.60495200000003,1938.1096218104965
2478,247.704954,1903.3154552657995
2479,247.804956,1959.7978203888922
2480,247.90495800000002,1985.699654419068
2481,248.00495999999998,1988.0383109856307
2482,248.104962,2090.7332729930763
2483,248.20496400000002,1915.2462531981892
2484,248.304966,2010.3739544787068
2485,248.404968,1919.2928837041732
2486,248.50497000000001,1958.9880869096628
2487,248.604972,1969.8505449315085
2488,248.70497400000002,1972.6069573539103
2489,248.80497599999998,2023.6520182501404
2490,248.904978,2027.9926759716147
2491,249.00498000000002,1949.1506097827667
2492,249.104982,2021.8918811564586
2493,249.204984,1973.7020208463507
2494,249.304986,1938.1549554496924
2495,249.404988,1970.0083207974744
2496,249.50499,2015.8837259298675
2497,249.604992,2012.7793762675217
2498,249.704994,1916.2390052468295
2499,249.80499600000002,2036.4138708497792
2500,249.904998,1971.9279074050771
2501,250.005,1928.3948834333803
2502,250.105002,2035.641460121126
2503,250.205004,1992.053694003581
2504,250.305006,2052.772778555012
2505,250.405008,1930.6253017766176
2506,250.50501,2014.5433841158545
2507,250.60501200000002,1952.5436386986664
2508,250.705014,2061.023756417752
2509,250.805016,2100.0536605400885
2510,250.905018,1928.3659267091255
2511,251.00502000000003,2100.787192701369
2512,251.105022,2025.8349171900268
2513,251.205024,1983.8075695789476
2514,251.30502600000003,1965.0834424776317
2515,251.405028,1997.3244788788697
2516,251.50503,1966.0055119461938
2517,251.605032,1956.1507089953748
2518,251.705034,2044.9822137947172
2519,251.805036,2048.5702563331192
2520,251.905038,1928.120302650219
2521,252.00504,1950.6734825097337
2522,252.10504200000003,1986.7393145947233
2523,252.205044,1941.6122984576234
2524,252.305046,2016.9272899107696
2525,252.40504800000002,1986.7507280926848
2526,252.50505,2061.191641993325
2527,252.605052,2069.9798133659096
2528,252.705054,2006.849304458489
2529,252.805056,2015.488080280936
2530,252.90505800000003,1957.4554180714465
2531,253.00506,2054.5308930962515
2532,253.105062,1966.8965322419974
2533,253.20506400000002,2075.7320851484697
2534,253.30506599999998,2014.5078502018378
2535,253.405068,2082.172965689735
2536,253.50507000000002,2011.9926331571148
2537,253.605072,2005.5475709548937
2538,253.705074,2047.4213175169366
2539,253.805076,2037.156612519204
2540,253.905078,1996.5378533233577
2541,254.00508000000002,2022.5901899080775
2542,254.10508199999998,2079.587480564426
2543,254.205084,2127.5988636109987
2544,254.30508600000002,2106.563275371405
2545,254.405088,2211.094390107584
2546,254.50509,2155.0290509991582
2547,254.605092,1919.7243339915537
2548,254.705094,2174.2832687515806
2549,254.80509600000002,2152.448591230618
2550,254.905098,2069.5693611254305
2551,255.0051,2107.0245677948797
2552,255.10510200000002,2002.2818873733638
2553,255.205104,2184.5767433434803
2554,255.305106,2067.468500718561
2555,255.405108,1950.6484657625551
2556,255.50511,2029.7723345116576
2557,255.605112,2099.8125855199896
2558,255.705114,2002.777972733016
2559,255.805116,2089.0358966816393
2560,255.90511800000002,1984.6420487012576
2561,256.00512,1944.3626117354559
2562,256.105122,1956.55258208018
2563,256.205124,1999.050755268312
2564,256.30512600000003,1991.8627017923325
2565,256.405128,1949.5092099862295
2566,256.50513,2028.2655352835284
2567,256.605132,2042.4306642760969
2568,256.705134,1875.3696632599392
2569,256.805136,1850.01953282703
2570,256.905138,1928.1187370566724
2571,257.00514000000004,1870.9746198676364
2572,257.105142,1892.4543223034934
2573,257.205144,2007.6497591764578
2574,257.30514600000004,1887.8596980364725
2575,257.405148,2020.3236814814825
2576,257.50515,1969.2510938812636
2577,257.605152,1961.1881852597548
2578,257.705154,1983.2978195140045
2579,257.805156,1965.5250073692953
2580,257.905158,1826.9450886313339
2581,258.00516,1871.4969884459051
2582,258.105162,2022.698870492698
2583,258.205164,1873.2034962703676
2584,258.305166,2054.515733402294
2585,258.405168,1888.360906402048
2586,258.50517,2062.280731349317
2587,258.605172,2053.272366713114
2588,258.705174,1955.2301152797293
2589,258.805176,1903.7487867964664
2590,258.90517800000003,1967.9729328601427
2591,259.00518,1962.01318541659
2592,259.105182,1759.1781163816258
2593,259.20518400000003,1875.779431794663
2594,259.305186,2001.0719665440038
2595,259.405188,1979.1368706615942
2596,259.50519,1876.2998186873438
2597,259.605192,1974.8413294684542
2598,259.705194,1928.3880930071564
2599,259.805196,2067.396052840663
2600,259.905198,2031.5007663159784
2601,260.0052,2071.9573190671213
2602,260.105202,2068.377258691429
2603,260.205204,1965.5785555191578
2604,260.305206,2016.2425534949
2605,260.405208,1878.4557590831503
2606,260.50521,1981.7134050309282
2607,260.605212,2052.115611316648
2608,260.705214,1958.588660678348
2609,260.80521600000003,1913.8273114910146
2610,260.905218,2062.9374356639737
2611,261.00522,1949.5632469179502
2612,261.105222,1900.43249569171
2613,261.20522400000004,1896.8630560572715
2614,261.305226,1907.566851389338
2615,261.405228,1964.4294729653413
2616,261.50523,1916.9271728213464
2617,261.605232,1970.888139750891
2618,261.705234,1958.3993080326297
2619,261.805236,1859.0356345799416
2620,261.905238,1904.1518116343714
2621,262.00524,1906.7087993405705
2622,262.105242,1821.7770672464799
2623,262.205244,1846.2611426620047
2624,262.305246,1788.8546045920089
2625,262.40524800000003,1966.902674427561
2626,262.50525,1896.9111107438991
2627,262.60525199999995,1886.6832571699156
2628,262.705254,1850.9818903083178
2629,262.805256,1983.6022505994636
2630,262.905258,1887.0823721595004
2631,263.00526,2016.7074920166094
2632,263.105262,2008.890029343632
2633,263.205264,1998.889226694916
2634,263.305266,1941.6782194927184
2635,263.405268,1928.4201399867786
2636,263.50527,1920.9907203058788
2637,263.605272,1994.7398333883082
2638,263.70527400000003,2022.842023955198
2639,263.805276,1997.3094300244206
2640,263.905278,1955.8531559130506
2641,264.00528,1978.6869870694256
2642,264.105282,1998.7757366187204
2643,264.205284,1955.2862453390019
2644,264.305286,1847.6315067131152
2645,264.405288,2005.2468854692445
2646,264.50529,1911.485834264615
2647,264.605292,1954.3183688165632
2648,264.705294,1997.6716047295504
2649,264.80529600000006,1981.7792726986106
2650,264.905298,1950.5397578173859
2651,265.0053,1923.8446796645167
2652,265.10530200000005,1946.0853338360998
2653,265.205304,1934.9726695939835
2654,265.305306,1870.3817585427284
2655,265.405308,1956.0756660123882
2656,265.50531,1963.001011654181
2657,265.605312,1953.1256729412785
2658,265.705314,1931.4177971647066
2659,265.805316,1892.4739460781927
2660,265.905318,1954.0733069832236
2661,266.00532,2025.8315535479464
2662,266.105322,1936.8670879547644
2663,266.205324,1942.3372463739415
2664,266.305326,1914.8365763172583
2665,266.405328,1874.886441346207
2666,266.50533,1994.9570211467285
2667,266.605332,1986.773604617077
2668,266.70533400000005,1972.8226137250272
2669,266.805336,2020.1186841361432
2670,266.905338,2087.9858443944263
2671,267.00534000000005,1931.8940862171587
2672,267.105342,2071.318912695779
2673,267.20534399999997,2081.460516785664
2674,267.30534600000004,1994.177155041593
2675,267.405348,1961.5338754148956
2676,267.50534999999996,2008.6084523002166
2677,267.60535200000004,2079.4252291164103
2678,267.705354,1954.3004362365284
2679,267.805356,1958.9429610935404
2680,267.90535800000004,2074.1564465333076
2681,268.00536,1925.8418861931866
2682,268.105362,2036.275525918989
2683,268.205364,2039.8826124423483
2684,268.305366,1985.6804516728039
2685,268.405368,2012.0140414330092
2686,268.50536999999997,1998.440693018053
2687,268.60537200000005,2031.581878157429
2688,268.705374,2005.2061256534625
2689,268.80537599999997,2009.3576740573826
2690,268.90537800000004,1988.400696898985
2691,269.00538,1929.666670916053
2692,269.10538199999996,1961.923586080295
2693,269.20538400000004,1978.4924591986055
2694,269.305386,1933.7018450318517
2695,269.40538799999996,1907.36199063225
2696,269.50539000000003,1978.197385481723
2697,269.605392,1931.8353913239432
2698,269.705394,1906.102840767905
2699,269.80539600000003,1919.5832636132416
2700,269.905398,2027.6172294635323
2701,270.0054,1871.6242005239742
2702,270.105402,1856.658845510579
2703,270.205404,1963.125484716986
2704,270.305406,1980.2909147076628
2705,270.405408,1914.7829980690985
2706,270.50541000000004,1951.871130436774
2707,270.605412,1949.2414979380846
2708,270.70541399999996,1924.1954871044034
2709,270.80541600000004,1950.4255316535664
2710,270.905418,1997.8187419594822
2711,271.00541999999996,1853.0400522067803
2712,271.10542200000003,1963.937119459414
2713,271.205424,1991.6875613332074
2714,271.30542599999995,2001.996033372001
2715,271.40542800000003,1879.7507111535294
2716,271.50543,1965.3930068086072
2717,271.605432,2006.0033221140643
2718,271.705434,2036.768374814834
2719,271.805436,1980.0046884282378
2720,271.905438,1884.6516374928938
2721,272.00544,1815.883192791338
2722,272.105442,1872.7168146708925
2723,272.205444,1918.9069726577623
2724,272.305446,1886.4813103699864
2725,272.40544800000004,1902.286426805097
2726,272.50545,1874.58975966841
2727,272.605452,1947.3407239100002
2728,272.70545400000003,1945.190055732594
2729,272.805456,1990.9664146612813
2730,272.905458,2016.9669999767295
2731,273.00546,1935.6244679225883
2732,273.105462,1939.0923187643934
2733,273.205464,2065.700879062951
2734,273.305466,1949.7975322942546
2735,273.405468,2007.4282808717012
2736,273.50547,1953.74221780823
2737,273.605472,2084.5298687487402
2738,273.705474,1949.9557299817563
2739,273.805476,1999.4733884327613
2740,273.905478,2092.803401927095
2741,274.00548,1966.9373589357403
2742,274.105482,1982.6641343404856
2743,274.205484,1981.795978533315
2744,274.30548600000003,1984.876201647787
2745,274.405488,1959.8247330792444
2746,274.50549,2001.6826302097165
2747,274.605492,2047.7229625860755
2748,274.705494,1993.001270213878
2749,274.805496,2074.8901034830997
2750,274.905498,2126.1699754214287
2751,275.0055,2018.7625919895322
2752,275.105502,2083.3834468485848
2753,275.205504,2065.6940007100425
2754,275.305506,2188.881563643371
2755,275.40550800000005,2154.530680299284
2756,275.50551,2217.3932096051
2757,275.605512,2310.154444605401
2758,275.70551400000005,2246.886277421505
2759,275.805516,2304.951529703964
2760,275.905518,2252.2779420491465
2761,276.00552000000005,2244.3380530171307
2762,276.105522,2131.174995707942
2763,276.205524,2118.7468968517596
2764,276.305526,2192.4728758405217
2765,276.405528,2024.770046800059
2766,276.50553,2209.0815781097626
2767,276.605532,2116.213929498237
2768,276.705534,2088.896369250823
2769,276.805536,2089.768343059474
2770,276.905538,2097.4134841591217
2771,277.00554,2021.483263133018
2772,277.105542,2114.890378465503
2773,277.205544,2142.379143565387
2774,277.30554600000005,2138.141875637928
2775,277.405548,2038.9121814957907
2776,277.50554999999997,2129.997065399285
2777,277.60555200000005,1982.0713103371886
2778,277.705554,2075.349629305977
2779,277.80555599999997,2233.2259001917623
2780,277.90555800000004,2049.774526182686
2781,278.00556,2135.5499395186243
2782,278.105562,2225.389535778662
2783,278.20556400000004,2272.3050179643756
2784,278.305566,2291.933213939811
2785,278.405568,2134.6409389771534
2786,278.50557000000003,2160.9782487660664
2787,278.605572,2226.3709179484645
2788,278.705574,2209.2733369939506
2789,278.805576,2227.543248258638
2790,278.905578,2187.2271124926356
2791,279.00558,2116.119200185287
2792,279.10558199999997,2174.4496172237987
2793,279.20558400000004,2156.28301093894
2794,279.305586,2253.312728973382
2795,279.40558799999997,1992.592290395061
2796,279.50559000000004,2222.31067161081
2797,279.605592,2020.9891093506608
2798,279.70559399999996,2058.654162200211
2799,279.80559600000004,2212.9213703648766
2800,279.905598,2163.1055795652683
2801,280.0056,2138.7279678739424
2802,280.10560200000003,2212.4767042579356
2803,280.205604,2258.255802079411
2804,280.305606,2306.817265236217
2805,280.40560800000003,2151.011536771904
2806,280.50561,2329.3853484104907
2807,280.605612,2329.9538073123936
2808,280.705614,2244.029262898853
2809,280.805616,2275.3374807661844
2810,280.905618,2377.6098988746453
2811,281.00562,2219.0363207706923
2812,281.10562200000004,2263.526456048268
2813,281.205624,2217.8352525942514
2814,281.30562599999996,2344.308312182568
2815,281.40562800000004,2158.335187233911
2816,281.50563,2212.2539722987894
2817,281.60563199999996,2275.3407940900047
2818,281.70563400000003,2212.884559817708
2819,281.805636,2154.298985952749
2820,281.90563799999995,2152.986783651279
2821,282.00564,2147.3064160174777
2822,282.105642,2147.5401184938505
2823,282.205644,2120.1124503703827
2824,282.305646,2209.340987171586
2825,282.405648,2174.634587549979
2826,282.50565,2193.4643931447226
2827,282.605652,2206.9222501419413
2828,282.705654,2150.9990943931934
2829,282.805656,2164.479838823462
2830,282.905658,2278.789623723016
2831,283.00566000000003,2178.2119830988277
2832,283.105662,2248.761268831138
2833,283.205664,2240.688068586527
2834,283.30566600000003,2289.0857599466935
2835,283.405668,2284.631700377617
2836,283.50567,2297.8223563404317
2837,283.605672,2246.241209314635
2838,283.705674,2355.1269718689446
2839,283.805676,2192.594630111921
2840,283.905678,2286.308578771817
2841,284.00568,2236.7306906067565
2842,284.105682,2159.672121657299
2843,284.205684,2313.838043767952
2844,284.305686,2308.0905207850965
2845,284.405688,2243.2069959263417
2846,284.50569,2228.8616672549815
2847,284.605692,2373.329774669445
2848,284.705694,2299.4640696709757
2849,284.805696,2153.8376786024414
2850,284.90569800000003,2394.270548060763
2851,285.0057,2384.0886446576947
2852,285.105702,2227.6571897840386
2853,285.205704,2301.6445686359557
2854,285.305706,2211.908834581136
2855,285.405708,2141.5542173162307
2856,285.50571,2251.2516279253628
2857,285.605712,2313.4650808065785
2858,285.705714,2295.100268540494
2859,285.805716,2158.6958309372776
2860,285.905718,2191.236276893402
2861,286.00572000000005,2250.8963505324396
2862,286.105722,2211.3440282591027
2863,286.205724,2313.5456419898815
2864,286.30572600000005,2190.9416684866037
2865,286.405728,2267.5846110155067
2866,286.50572999999997,2298.315397478614
2867,286.60573200000005,2363.3621750538114
2868,286.705734,2336.754664645202
2869,286.805736,2206.9442051217816
2870,286.905738,2247.129126673082
2871,287.00574,2229.683031267362
2872,287.105742,2245.509713059632
2873,287.205744,2154.8028727506244
2874,287.305746,2163.041984401188
2875,287.405748,2124.5963302638465
2876,287.50575,2215.8276724736947
2877,287.605752,2087.1733677454986
2878,287.705754,2129.0255107449043
2879,287.805756,2164.7838287745876
2880,287.90575800000005,2052.11792668565
2881,288.00576,2107.191667423477
2882,288.10576199999997,2146.241648531699
2883,288.20576400000004,2045.649621475888
2884,288.305766,2101.852338865076
2885,288.40576799999997,1962.0006509242264
2886,288.50577000000004,2003.8700170537065
2887,288.605772,1995.6828435205098
2888,288.705774,2106.356468118457
2889,288.80577600000004,2132.1223688161617
2890,288.905778,2198.106343849866
2891,289.00578,2111.9789420838106
2892,289.10578200000003,2118.735503986574
2893,289.205784,1998.819072252263
2894,289.305786,2080.9498740425647
2895,289.405788,2218.5535675061246
2896,289.50579,2369.748075987715
2897,289.605792,2257.6903454334047
2898,289.70579399999997,2241.978373293774
2899,289.80579600000004,2149.111922373641
2900,289.905798,2199.6959114702886
2901,290.00579999999997,2209.0892462958927
2902,290.10580200000004,2203.1707417341695
2903,290.205804,2180.3971203149936
2904,290.30580599999996,2273.4426450319015
2905,290.40580800000004,2225.2848227379336
2906,290.50581,2164.5472551688017
2907,290.605812,2112.5730603582133
2908,290.70581400000003,2189.4325556823583
2909,290.805816,2240.5844386699105
2910,290.905818,2198.049354665619
2911,291.00582,2164.889683914577
2912,291.105822,2164.266206679639
2913,291.205824,2218.308047309835
2914,291.305826,2183.8999984780635
2915,291.405828,2174.426206080772
2916,291.50583,2247.2216260444507
2917,291.605832,2173.954535883398
2918,291.70583400000004,2236.712370057196
2919,291.805836,2387.064433240119
2920,291.905838,2371.0325858297306
2921,292.00584000000003,2342.759310560444
2922,292.105842,2304.8643750262904
2923,292.20584399999996,2299.4671679113103
2924,292.30584600000003,2242.0278361159853
2925,292.405848,2088.0886429725338
2926,292.50585,2129.420781550266
2927,292.605852,2093.794267416072
2928,292.705854,2029.2895270994034
2929,292.805856,1997.8402470535261
2930,292.905858,2045.216880647734
2931,293.00586,2016.5079797539927
2932,293.105862,2006.9558245411738
2933,293.205864,2101.801070407864
2934,293.305866,2014.6905230692466
2935,293.405868,2126.6698573942763
2936,293.50587,2064.356672809593
2937,293.60587200000003,2055.9498317893353
2938,293.705874,2108.6131373417575
2939,293.805876,2083.207111511998
2940,293.90587800000003,2027.5664709954008
2941,294.00588,2084.5286775894874
2942,294.105882,1868.2482221551143
2943,294.205884,2076.5692788265924
2944,294.305886,2041.9366300787497
2945,294.405888,2035.98501005553
2946,294.50589,2033.068051957184
2947,294.605892,2054.176740006455
2948,294.70589400000006,2115.838038010119
2949,294.805896,2055.493193962184
2950,294.905898,2154.51488635617
2951,295.0059,2106.739147112493
2952,295.105902,2172.775068373585
2953,295.205904,2206.7745212282116
2954,295.305906,2293.2871250102635
2955,295.405908,2316.6929054823236
2956,295.50591000000003,2196.876398541616
2957,295.605912,2284.38593150821
2958,295.705914,2258.354097058407
2959,295.805916,2232.05893470969
2960,295.905918,2234.2044169217447
2961,296.00592,2257.4631612572052
2962,296.105922,2338.0927507424017
2963,296.205924,2176.346350683475
2964,296.305926,2165.539448802349
2965,296.405928,2016.0210455737742
2966,296.50593,2004.1470448909388
2967,296.60593200000005,2130.7488539542796
2968,296.705934,2134.755068318489
2969,296.805936,2083.5714351321412
2970,296.90593800000005,2126.4899159433744
2971,297.00594,2180.8732900066952
2972,297.10594199999997,2190.554558435952
2973,297.20594400000004,2175.01750988264
2974,297.305946,2165.122359367031
2975,297.405948,2176.9957920143675
2976,297.50595,2174.156607722453
2977,297.605952,2243.0449306450664
2978,297.705954,2196.721551181086
2979,297.805956,2296.4348052425653
2980,297.905958,2351.048199566949
2981,298.00596,2282.998031543172
2982,298.105962,2252.4462467108415
2983,298.205964,2306.001527971925
2984,298.305966,2258.9057084794613
2985,298.405968,2440.201721586177
2986,298.50597000000005,2273.6698163014044
2987,298.605972,2317.8266842693406
2988,298.70597399999997,2337.4547170148244
2989,298.80597600000004,2322.142541586332
2990,298.905978,2250.7603180474994
2991,299.00597999999997,2352.4641703249
2992,299.10598200000004,2380.170755749065
2993,299.205984,2281.4204541097397
2994,299.305986,2211.2577117726582
2995,299.40598800000004,2217.8561769394896
2996,299.50599,2190.4927662438454
2997,299.605992,2140.074825916186
2998,299.70599400000003,2140.3366440810278
2999,299.805996,2096.5232180888806
3000,299.905998,2135.8891822709215
3001,300.006,2163.3389377078197
3002,300.106002,2041.6638500724175
3003,300.206004,2003.0034375240941
3004,300.30600599999997,2115.475393799751
3005,300.40600800000004,2066.1519259066513
3006,300.50601,2157.905063179649
3007,300.60601199999996,2210.0983274869996
3008,300.70601400000004,2166.9058231683325
3009,300.806016,2229.4192807227373
3010,300.90601799999996,2190.2010726240037
3011,301.00602000000003,2346.0304884536363
3012,301.106022,2353.2967973677532
3013,301.206024,2235.312987112337
3014,301.30602600000003,2209.4935703544757
3015,301.406028,2196.9055477214542
3016,301.50603,2266.9501550262316
3017,301.606032,2230.8695509160775
3018,301.706034,2169.997744473718
3019,301.806036,2228.0149799780365
3020,301.906038,2249.5736334659596
3021,302.00604,2307.0910571814948
3022,302.106042,2284.2443055798744
3023,302.206044,2240.193568014601
3024,302.30604600000004,2207.0379439522144
3025,302.406048,2224.678007602483
3026,302.50605,2240.404881875195
3027,302.60605200000003,2203.4972610619443
3028,302.706054,2242.0437868161894
3029,302.80605599999996,2167.093418642961
3030,302.90605800000003,2263.915779006514
3031,303.00606,2220.8381198874768
3032,303.106062,2116.2246946382234
3033,303.206064,2193.3804329159666
3034,303.306066,2203.9961327424585
3035,303.406068,2234.2291702666407
3036,303.50607,2178.9672126079095
3037,303.606072,2210.1243268922526
3038,303.706074,2148.0599674964456
3039,303.806076,2215.407576849549
3040,303.906078,2179.1655753261434
3041,304.00608,2193.5989447618936
3042,304.106082,2200.400093248453
3043,304.20608400000003,2167.8675081817387
3044,304.306086,2218.2730941378645
3045,304.406088,2225.9516095782406
3046,304.50609000000003,2272.0168961110858
3047,304.606092,2258.7522515960277
3048,304.706094,2282.796706576209
3049,304.806096,2254.04841519544
3050,304.906098,2035.4526170621668
3051,305.00610000000006,2141.5163039824174
3052,305.106102,2223.3904538243446
3053,305.206104,2249.191615142085
3054,305.30610600000006,1993.7534609768213
3055,305.406108,2250.861209491803
3056,305.50611,2247.8767900774874
3057,305.606112,2226.9491504994276
3058,305.706114,2234.329254002573
3059,305.806116,2337.846636102093
3060,305.906118,2243.820963346929
3061,306.00612,2118.2697083428893
3062,306.106122,2183.771372567854
3063,306.206124,2182.1842292416654
3064,306.306126,2213.8041648504422
3065,306.406128,2272.2839487488923
3066,306.50613,2250.1204725916787
3067,306.606132,2264.771663852151
3068,306.706134,2290.386776715878
3069,306.806136,2298.9544716317005
3070,306.90613800000006,2203.6781340903603
3071,307.00614,2262.0527283372303
3072,307.106142,2216.8523804032907
3073,307.20614400000005,2258.259922289175
3074,307.306146,2309.2407428462725
3075,307.406148,2269.1189779326673
3076,307.50615000000005,2369.84383554135
3077,307.606152,2286.351062479688
3078,307.70615399999997,2237.557318720414
3079,307.80615600000004,2272.1206425244272
3080,307.906158,2266.9288417644175
3081,308.00616,2234.3241844806657
3082,308.106162,2289.971191548732
3083,308.206164,2292.97894582683
3084,308.306166,2253.4942237492683
3085,308.406168,2305.870220566166
3086,308.50617,2377.765753620365
3087,308.606172,2316.8328095852444
3088,308.706174,2126.1148004084675
3089,308.806176,2189.2526588977353
3090,308.906178,2295.609465956303
3091,309.00618,2246.640492647419
3092,309.10618200000005,2264.956985238184
3093,309.206184,2279.6303209177104
3094,309.30618599999997,2283.786244433872
3095,309.40618800000004,2089.992382115625
3096,309.50619,2275.528319358193
3097,309.60619199999996,2249.132949376674
3098,309.70619400000004,2286.9465036039555
3099,309.806196,2267.9662659849187
3100,309.906198,2372.9500740559447
3101,310.00620000000004,2380.0173996320323
3102,310.106202,2288.910443125502
3103,310.206204,2286.9752823932645
3104,310.30620600000003,2398.5859110663946
3105,310.406208,2342.957290126506
3106,310.50621,2298.931921495037
3107,310.606212,2341.6629598076443
3108,310.706214,2341.760804542043
3109,310.806216,2375.186013762665
3110,310.90621799999997,2218.293636546156
3111,311.00622000000004,2298.3187422488822
3112,311.106222,2303.6787759439285
3113,311.20622399999996,2101.397587239926
3114,311.30622600000004,2188.579778270089
3115,311.406228,2305.292466275199
3116,311.50622999999996,2310.822571420869
3117,311.60623200000003,2165.0696598152513
3118,311.706234,2195.959022662697
3119,311.806236,2203.8950953237277
3120,311.90623800000003,2200.049452993769
3121,312.00624,2125.5079360204404
3122,312.106242,2195.4174109955884
3123,312.206244,2121.8921282260867
3124,312.306246,2269.5998164218545
3125,312.406248,2360.735856977801
3126,312.50625,2393.950804708632
3127,312.606252,2249.6603132038663
3128,312.706254,2309.373426990579
3129,312.806256,2327.0155885823433
3130,312.90625800000004,2297.12971161372
3131,313.00626,2221.608345446326
3132,313.106262,2266.776639973697
3133,313.20626400000003,2054.215209805263
3134,313.306266,2161.9068567667323
3135,313.40626799999995,2204.516920455536
3136,313.50627000000003,2223.218472432733
3137,313.606272,2313.4234891405913
3138,313.706274,2369.1492756074417
3139,313.806276,2284.0017945874706
3140,313.906278,2330.262867315622
3141,314.00628,2369.4701029138023
3142,314.106282,2349.482376216414
3143,314.206284,2352.380331026419
3144,314.306286,2304.8046065619505
3145,314.406288,2328.5292303872393
3146,314.50629,2265.4055465699607
3147,314.606292,2320.263882410627
3148,314.706294,2290.6385027955766
3149,314.80629600000003,2292.7486186186825
3150,314.906298,2246.877627969634
3151,315.0063,2378.488635695157
3152,315.106302,2450.8132213417393
3153,315.206304,2458.8252395839872
3154,315.306306,2314.383166707874
3155,315.406308,2373.8571448334137
3156,315.50631,2258.51643058875
3157,315.60631200000006,2106.9293664241113
3158,315.706314,2131.3214115343703
3159,315.806316,2292.0166320095027
3160,315.90631800000006,2407.4819125662266
3161,316.00632,2444.087746527275
3162,316.106322,2348.9399641191562
3163,316.206324,2454.8217371519154
3164,316.306326,2367.3227658360925
3165,316.406328,2343.0646433177894
3166,316.50633,2296.668511467652
3167,316.606332,2293.8974726862702
3168,316.706334,2221.500580247354
3169,316.806336,2160.6367745940433
3170,316.906338,2171.9641404597164
3171,317.00634,2260.2290057248065
3172,317.106342,2321.6444108536994
3173,317.206344,2296.742979833172
3174,317.306346,2326.5327814392376
3175,317.406348,2267.591525202413
3176,317.50635000000005,2230.692900620548
3177,317.606352,2213.5969906421005
3178,317.706354,2286.4015859704527
3179,317.80635600000005,2279.482671819917
3180,317.906358,2176.5550006147814
3181,318.00636,2223.894685247738
3182,318.10636200000005,2242.635904563375
3183,318.206364,2242.7501850761587
3184,318.30636599999997,2352.6010175459173
3185,318.40636800000004,2292.7217143331004
3186,318.50637,2348.0420628737947
3187,318.606372,2254.7831544174596
3188,318.706374,2228.4189468696272
3189,318.806376,2188.3249996634618
3190,318.906378,2221.9703709422065
3191,319.00638,2211.4047636760033
3192,319.106382,2175.1834744111234
3193,319.206384,2324.227586139183
3194,319.306386,2243.415972011224
3195,319.40638800000005,2265.874213707838
3196,319.50639,2243.9580045164275
3197,319.60639199999997,2244.9201763211186
3198,319.70639400000005,2225.1261071120484
3199,319.806396,2291.6087102374336
3200,319.90639799999997,2246.9905960495066
3201,320.00640000000004,2215.6263879440976
3202,320.106402,2236.547067653041
3203,320.20640399999996,2270.5628554108566
3204,320.30640600000004,2233.1618546707714
3205,320.406408,2246.132976453588
3206,320.50641,2345.880244661254
3207,320.60641200000003,2228.246409164678
3208,320.706414,2273.342885533498
3209,320.806416,2190.620466402694
3210,320.90641800000003,2097.5293934647166
3211,321.00642,2228.6121381692333
3212,321.106422,2217.592542169017
3213,321.206424,2227.011753194213
3214,321.306426,2318.7231260781127
3215,321.406428,2230.52730075359
3216,321.50642999999997,2286.685533005391
3217,321.60643200000004,2319.854582738886
3218,321.706434,2396.5866361454223
3219,321.80643599999996,2428.3317415040005
3220,321.90643800000004,2396.237437483555
3221,322.00644,2345.7052847565938
3222,322.10644199999996,2351.4435340037894
3223,322.20644400000003,2339.533858485266
3224,322.306446,2324.3329305553125
3225,322.406448,2253.5762319443397
3226,322.50645000000003,2368.473220158498
3227,322.606452,2316.9447733859324
3228,322.706454,2359.4045840752933
3229,322.806456,2338.110848277223
3230,322.906458,2335.206932005883
3231,323.00646,2360.7265733405698
3232,323.106462,2462.650528413509
3233,323.206464,2572.420099561387
3234,323.306466,2398.4517037989062
3235,323.406468,2389.062104949956
3236,323.50647000000004,2648.269287277296
3237,323.606472,2510.5724718040237
3238,323.706474,2478.849449034995
3239,323.80647600000003,2488.46904238517
3240,323.906478,2550.611024506639
3241,324.00647999999995,2659.2171005146397
3242,324.106482,2637.880828849037
3243,324.206484,2683.0497781227104
3244,324.306486,2562.3514328974206
3245,324.406488,2545.595750819758
3246,324.50649,2638.567403605726
3247,324.606492,2583.155441588046
3248,324.706494,2590.590316438409
3249,324.806496,2551.3449175267647
3250,324.906498,2566.5559517296333
3251,325.0065,2613.8445318840163
3252,325.106502,2557.6386264369557
3253,325.206504,2607.9270335810447
3254,325.306506,2552.390173621992
3255,325.40650800000003,2553.038401757363
3256,325.50651,2819.0737387924737
3257,325.606512,2679.4078233125433
3258,325.706514,2688.067942457486
3259,325.806516,2777.6811779315817
3260,325.906518,2604.3172373583766
3261,326.00652,2592.524988508022
3262,326.106522,2531.776653607767
3263,326.20652400000006,2552.9024973596966
3264,326.306526,2446.6068119699853
3265,326.406528,2575.237436677089
3266,326.50653000000005,2603.0719865013725
3267,326.606532,2631.3548467866453
3268,326.706534,2632.3683437065124
3269,326.806536,2634.90262330344
3270,326.906538,2680.135178009723
3271,327.00654,2665.9250575081364
3272,327.106542,2546.7031662920426
3273,327.206544,2468.0688003997448
3274,327.306546,2440.627824419961
3275,327.406548,2527.221950429601
3276,327.50655,2518.794480289604
3277,327.606552,2617.2862337707975
3278,327.706554,2546.955625850577
3279,327.806556,2535.077974302647
3280,327.906558,2609.2856180377353
3281,328.00656,2645.73568812239
3282,328.10656200000005,2589.2932323033515
3283,328.206564,2632.6346195527417
3284,328.306566,2609.825091955971
3285,328.40656800000005,2651.9283145892887
3286,328.50657,2642.7344920608944
3287,328.60657199999997,2615.0872635235173
3288,328.70657400000005,2617.0579189183013
3289,328.806576,2640.4202134507623
3290,328.90657799999997,2574.4838621938684
3291,329.00658000000004,2614.530828976777
3292,329.106582,2664.570871825405
3293,329.206584,2613.2357786724397
3294,329.30658600000004,2734.2248424701156
3295,329.406588,2702.3400722032493
3296,329.50659,2607.181131122918
3297,329.606592,2601.5924772503436
3298,329.706594,2568.1428618991145
3299,329.806596,2440.3731476577045
3300,329.906598,2594.9672176647246
3301,330.00660000000005,2579.1695395637007
3302,330.106602,2529.458646270447
3303,330.20660399999997,2626.4353775839804
3304,330.30660600000004,2573.847524382839
3305,330.406608,2671.0227855348267
3306,330.50660999999997,2650.7692558911
3307,330.60661200000004,2570.041449435452
3308,330.706614,2607.8639203416155
3309,330.80661599999996,2513.8979287165444
3310,330.90661800000004,2633.126871672212
3311,331.00662,2513.314607988036
3312,331.106622,2441.3376035676415
3313,331.20662400000003,2595.0159446903494
3314,331.306626,2466.2745835690885
3315,331.406628,2577.255258545751
3316,331.50663000000003,2574.2664493035973
3317,331.606632,2478.855786623594
3318,331.706634,2493.6536607255334
3319,331.806636,2479.6531847385327
3320,331.90663800000004,2558.280973510193
3321,332.00664,2514.516310286769
3322,332.10664199999997,2547.401416036684
3323,332.20664400000004,2618.397378480374
3324,332.306646,2560.736837739158
3325,332.40664799999996,2566.6715656741503
3326,332.50665000000004,2381.152166991042
3327,332.606652,2477.155904648517
3328,332.70665399999996,2490.25128573474
3329,332.80665600000003,2540.314267193098
3330,332.906658,2569.460992589653
3331,333.00666,2582.029323412339
3332,333.10666200000003,2607.473273642277
3333,333.206664,2438.632867633137
3334,333.306666,2630.516053303982
3335,333.406668,2461.473899639541
3336,333.50667,2509.591794591742
3337,333.606672,2466.020695028117
3338,333.706674,2462.907973365366
3339,333.80667600000004,2617.3136631365865
3340,333.906678,2567.3840094467296
3341,334.00668,2522.8703442590804
3342,334.10668200000003,2368.9791816944544
3343,334.206684,2390.0472131046054
3344,334.306686,2446.080561976901
3345,334.40668800000003,2448.423710063983
3346,334.50669,2409.7409947725446
3347,334.60669199999995,2322.0035464164166
3348,334.706694,2435.99042313106
3349,334.806696,2448.8085845261357
3350,334.906698,2503.5461806072503
3351,335.0067,2479.125491131098
3352,335.106702,2486.573264320502
3353,335.206704,2470.3774823381905
3354,335.306706,2542.4993407754396
3355,335.406708,2767.5628460895086
3356,335.50671,2644.480645156734
3357,335.606712,2560.390380071184
3358,335.706714,2588.0587850230286
3359,335.806716,2540.853318255929
3360,335.906718,2390.1916223149283
3361,336.00672000000003,2390.885491746563
3362,336.106722,2361.050612938901
3363,336.206724,2601.7150908099966
3364,336.306726,2453.8509829780132
3365,336.406728,2290.62351097693
3366,336.50673,2470.3292920027798
3367,336.606732,2541.7933778256065
3368,336.706734,2644.4221154632164
3369,336.80673600000006,2524.5278703090567
3370,336.906738,2550.1682827944287
3371,337.00674,2628.4403954041836
3372,337.10674200000005,2687.429287929791
3373,337.206744,2678.206377480608
3374,337.306746,2704.4795256784523
3375,337.406748,2690.2055278456746
3376,337.50675,2607.2636996282986
3377,337.606752,2630.9014645994407
3378,337.706754,2812.787280714269
3379,337.806756,2763.1867483259557
3380,337.906758,2607.126697062257
3381,338.00676,2548.0780827007234
3382,338.106762,2489.6477616700035
3383,338.206764,2572.6980253937804
3384,338.306766,2705.838791886122
3385,338.406768,2703.6096492979495
3386,338.50677,2717.0397305975284
3387,338.606772,2526.6295051420743
3388,338.70677400000005,2538.2811214799476
3389,338.806776,2626.4058367688604
3390,338.906778,2507.0080660640447
3391,339.00678000000005,2664.441197573331
3392,339.106782,2497.233664293619
3393,339.20678399999997,2750.3561286764566
3394,339.30678600000005,2688.764091709933
3395,339.406788,2672.019830256728
3396,339.50678999999997,2514.4507505542456
3397,339.60679200000004,2375.1580081165525
3398,339.706794,2394.6011704291745
3399,339.806796,2273.7257221354002
3400,339.90679800000004,2238.0274327655598
3401,340.0068,2261.0390503144445
3402,340.106802,2285.1339930622717
3403,340.206804,2284.6747814048504
3404,340.306806,2317.7367844428577
3405,340.406808,2284.1812605526325
3406,340.50681,2257.0965786707397
3407,340.60681200000005,2378.7184949530324
3408,340.706814,2326.851277179465
3409,340.80681599999997,2388.450447269742
3410,340.90681800000004,2280.637682284729
3411,341.00682,2281.089900937813
3412,341.10682199999997,2436.8271536736165
3413,341.20682400000004,2342.9529194975466
3414,341.306826,2337.4470613213057
3415,341.40682799999996,2352.3960771204634
3416,341.50683000000004,2510.1168672780814
3417,341.606832,2421.3470364694513
3418,341.706834,2480.126323760149
3419,341.80683600000003,2397.612901885464
3420,341.906838,2302.50338705396
3421,342.00684,2469.95885900213
3422,342.10684200000003,2567.8164638692106
3423,342.206844,2554.5567291761513
3424,342.306846,2580.410108669022
3425,342.406848,2456.096770093912
3426,342.50685000000004,2457.735855086601
3427,342.606852,2457.820592310221
3428,342.70685399999996,2399.6527765227843
3429,342.80685600000004,2384.15512537801
3430,342.906858,2387.934222191958
3431,343.00685999999996,2305.9474547093805
3432,343.10686200000004,2468.617277764797
3433,343.206864,2444.6757736545924
3434,343.30686599999996,2339.7554002889415
3435,343.40686800000003,2325.435736378091
3436,343.50687,2219.4473723218593
3437,343.606872,2302.283647756448
3438,343.706874,2333.997826992367
3439,343.806876,2316.868348565272
3440,343.906878,2202.8870898187793
3441,344.00688,2232.9785003690113
3442,344.106882,2255.165030531521
3443,344.206884,2254.2770568432225
3444,344.306886,2322.3223225411957
3445,344.40688800000004,2202.7203268112467
3446,344.50689,2189.224976254228
3447,344.606892,2176.756124325207
3448,344.70689400000003,2309.496909810792
3449,344.806896,2323.5232463390157
3450,344.906898,2326.2693936024607
3451,345.00690000000003,2232.8131364654996
3452,345.106902,2248.919319006096
3453,345.206904,2170.116541694061
3454,345.306906,2102.7698984959534
3455,345.406908,2182.1119105109974
3456,345.50691,2160.553579882086
3457,345.606912,2165.92530972881
3458,345.706914,2290.4455284272854
3459,345.806916,2209.6231527215045
3460,345.906918,2241.6518100693706
3461,346.00692,2196.1761890663342
3462,346.106922,2231.3919144796605
3463,346.206924,2133.7272978364
3464,346.30692600000003,2186.4843841641173
3465,346.406928,2286.55471072349
3466,346.50693,2287.594957298652
3467,346.60693200000003,2477.858662142306
3468,346.706934,2308.3349474723286
3469,346.806936,2333.3801958328795
3470,346.906938,2301.6943372405453
3471,347.00694,2342.118658854185
3472,347.106942,2327.2430811781537
3473,347.206944,2325.1666934769246
3474,347.306946,2408.4216024976104
3475,347.40694800000006,2450.5033270176173
3476,347.50695,2521.684197048113
3477,347.606952,2425.188452630843
3478,347.70695400000005,2463.0028416129294
3479,347.806956,2401.0399735371097
3480,347.906958,2450.237084181386
3481,348.00696000000005,2506.9521341461723
3482,348.106962,2479.798991118722
3483,348.206964,2477.135008019233
3484,348.306966,2484.4254786381944
3485,348.406968,2547.818984104915
3486,348.50697,2370.578837215016
3487,348.606972,2497.2345991349316
3488,348.706974,2651.3522533426008
3489,348.806976,2545.124141310384
3490,348.906978,2547.8429803121094
3491,349.00698,2541.4759323410167
3492,349.106982,2514.301563980269
3493,349.206984,2647.1199708638756
3494,349.30698600000005,2574.4398988709167
3495,349.406988,2575.0941977092784
3496,349.50699,2504.961944160198
3497,349.60699200000005,2507.3575549631105
3498,349.706994,2486.4344705297544
3499,349.80699599999997,2525.603497310844
3500,349.90699800000004,2465.735173450653
3501,350.007,2472.8082808598797
3502,350.10700199999997,2423.6546278816263
3503,350.20700400000004,2506.180066962507
3504,350.307006,2441.4554187952176
3505,350.407008,2572.3707839221042
3506,350.50701000000004,2508.22100010076
3507,350.607012,2430.6296022287656
3508,350.707014,2492.4842972884494
3509,350.807016,2520.067001162932
3510,350.907018,2485.2503651605894
3511,351.00702,2495.762881862914
3512,351.107022,2443.7450983015224
3513,351.20702400000005,2372.4649795799164
3514,351.307026,2512.4219950207475
3515,351.40702799999997,2352.2005567111573
3516,351.50703000000004,2229.8701597693716
3517,351.607032,2190.2097221049466
3518,351.70703399999996,2369.318305035557
3519,351.80703600000004,2261.952115440638
3520,351.907038,2208.872822436109
3521,352.00703999999996,2276.8359869492674
3522,352.10704200000004,2252.136189079529
3523,352.207044,2347.6027218244435
3524,352.307046,2197.582947979197
3525,352.40704800000003,2197.097418355004
3526,352.50705,2115.505030241626
3527,352.607052,2310.000697135407
3528,352.707054,2244.3005575508687
3529,352.807056,2154.9811470762306
3530,352.907058,2107.087888031006
3531,353.00706,2211.6839778412877
3532,353.10706200000004,2033.1721658098318
3533,353.207064,2096.136162632205
3534,353.30706599999996,2110.8856600496674
3535,353.40706800000004,2282.075466063108
3536,353.50707,2145.1619092121728
3537,353.60707199999996,2158.5769256255703
3538,353.70707400000003,2276.2376109718184
3539,353.807076,2229.0506741730705
3540,353.90707799999996,2248.6019421099572
3541,354.00708000000003,2233.1512415401976
3542,354.107082,2109.8629613441476
3543,354.207084,2067.9209338240616
3544,354.307086,2156.8550472992483
3545,354.407088,2221.071221748704
3546,354.50709,2227.744861226957
3547,354.607092,2224.2676288195125
3548,354.707094,2151.9204440717326
3549,354.807096,2269.053457462969
3550,354.907098,2133.449960335138
3551,355.00710000000004,2098.5011031219547
3552,355.107102,2016.9225023184795
3553,355.207104,2076.867100274912
3554,355.30710600000003,2072.3976220951427
3555,355.407108,2133.5946745734645
3556,355.50711,2096.146491589632
3557,355.60711200000003,2107.264960235047
3558,355.707114,2131.7665408522353
3559,355.807116,2108.9095127822006
3560,355.907118,1891.3422695719705
3561,356.00712,2000.0991729690497
3562,356.107122,1998.943660727606
3563,356.207124,2035.4950896003736
3564,356.307126,1922.3199728216873
3565,356.407128,2020.1565577671156
3566,356.50713,1984.783285446579
3567,356.607132,1947.3478235950456
3568,356.707134,2052.9114435741585
3569,356.807136,2058.0895562048836
3570,356.90713800000003,1946.0667841580296
3571,357.00714,1957.6699646569693
3572,357.107142,2019.1023760511214
3573,357.207144,2156.5792018642164
3574,357.307146,2202.32452026624
3575,357.407148,2068.9462399783824
3576,357.50715,2001.7721599156343
3577,357.607152,2062.5260340470654
3578,357.707154,2138.188343430443
3579,357.807156,2095.546528421459
3580,357.907158,2027.9303496378348
3581,358.00716000000006,2074.454284500849
3582,358.107162,2129.2763320605072
3583,358.207164,2153.232294008736
3584,358.30716600000005,2144.0694366153325
3585,358.407168,2181.1894543861376
3586,358.50717,2110.8006065589752
3587,358.60717200000005,2041.4887683839993
3588,358.707174,2138.80753318206
3589,358.807176,2159.4777386541346
3590,358.907178,2078.5548604128016
3591,359.00718,2223.9843748900244
3592,359.107182,2027.4903264547017
3593,359.207184,2028.2635458595585
3594,359.307186,2078.4846477020324
3595,359.407188,2157.9924084709182
3596,359.50719,2083.0656653511746
3597,359.607192,2125.6807287596444
3598,359.707194,2180.009116575721
3599,359.807196,2081.6328644148216
3600,359.90719800000005,2280.1936478723896
3601,360.0072,2304.86466294528
3602,360.107202,2209.483043260522
3603,360.20720400000005,2096.525605603767
3604,360.307206,2020.4910463740232
3605,360.40720799999997,2064.328483800968
3606,360.50721000000004,2180.0178049590927
3607,360.607212,2254.7287876962564
3608,360.707214,2325.3586043026703
3609,360.80721600000004,2383.308205515756
3610,360.907218,2430.4350029289108
3611,361.00722,2426.0227404115994
3612,361.10722200000004,2416.0095027392153
3613,361.207224,2416.202599670237
3614,361.307226,2376.4285079752003
3615,361.407228,2297.393170755491
3616,361.50723,2396.459232500837
3617,361.607232,2314.556873140226
3618,361.70723399999997,2255.7793858990294
3619,361.80723600000005,2496.4472165342477
3620,361.907238,2373.4922028124556
3621,362.00723999999997,2283.196807005952
3622,362.10724200000004,2254.4495196339153
3623,362.207244,2359.498288705529
3624,362.30724599999996,2420.9572360403668
3625,362.40724800000004,2348.294597113479
3626,362.50725,2493.4102346375207
3627,362.60725199999996,2320.9408786032973
3628,362.70725400000003,2298.822560472423
3629,362.807256,2335.416624754184
3630,362.907258,2136.429525810872
3631,363.00726000000003,2303.1750549306307
3632,363.107262,2280.332414082967
3633,363.207264,2252.3396836870284
3634,363.307266,2320.931710160819
3635,363.407268,2532.1133440237995
3636,363.50727,2398.546292743775
3637,363.607272,2414.2211259453998
3638,363.70727400000004,2275.1579900667134
3639,363.807276,2479.0851490054292
3640,363.907278,2287.223157449473
3641,364.00728000000004,2467.987483513683
3642,364.107282,2264.739317795949
3643,364.20728399999996,2134.0135475708075
3644,364.30728600000003,2094.2426813182897
3645,364.407288,2056.4149998480557
3646,364.50728999999995,2077.368446499214
3647,364.60729200000003,2288.3401503307837
3648,364.707294,2125.4651502850325
3649,364.807296,2140.4106879188384
3650,364.907298,2262.341777011714
3651,365.0073,2149.307346996492
3652,365.107302,2267.427375582111
3653,365.207304,2267.4805412837404
3654,365.307306,2189.531732744328
3655,365.407308,2224.6024571840762
3656,365.50731,2189.488520584463
3657,365.60731200000004,2186.8800309650205
3658,365.707314,2210.311640112859
3659,365.807316,2202.8510761592433
3660,365.90731800000003,2330.012803017172
3661,366.00732,2219.397939222735
3662,366.107322,2321.2964864748737
3663,366.207324,2310.886566959482
3664,366.307326,2421.5448364992403
3665,366.407328,2377.9203804121985
3666,366.50733,2400.738504868196
3667,366.607332,2382.3029665191602
3668,366.70733400000006,2406.2884496337497
3669,366.807336,2386.7474646060186
3670,366.907338,2311.5310407309835
3671,367.00734,2493.2122944302755
3672,367.107342,2434.831216553716
3673,367.207344,2379.8473060370443
3674,367.307346,2343.736164352324
3675,367.407348,2387.7419409983245
3676,367.50735000000003,2446.8118810512406
3677,367.607352,2276.2923033021248
3678,367.707354,2412.6136613366384
3679,367.807356,2493.692565087263
3680,367.907358,2509.0834083129416
3681,368.00736,2307.417555668754
3682,368.107362,2463.95796785018
3683,368.207364,2406.2170931881037
3684,368.307366,2465.4127521413784
3685,368.407368,2275.4815464970866
3686,368.50737,2432.9911908276185
3687,368.60737200000005,2323.6119637260435
3688,368.707374,2404.1131197259906
3689,368.807376,2542.573468122202
3690,368.90737800000005,2378.526374714186
3691,369.00738,2322.028000813309
3692,369.107382,2394.0612196556685
3693,369.20738400000005,2215.858706999834
3694,369.307386,2145.262236519443
3695,369.407388,2136.675030631728
3696,369.50739,2236.9100863988842
3697,369.607392,2370.5856588462643
3698,369.707394,2350.9573781076956
3699,369.807396,2346.46999111138
3700,369.907398,2243.3439655577577
3701,370.0074,2451.6808689961517
3702,370.107402,2288.600402788984
3703,370.207404,2375.060504415846
3704,370.307406,2211.8489559782342
3705,370.407408,2395.569371524369
3706,370.50741000000005,2349.6547940219575
3707,370.607412,2313.637190228497
3708,370.70741399999997,2256.8560490698414
3709,370.80741600000005,2511.965435917392
3710,370.907418,2488.207923396078
3711,371.00741999999997,2393.7043757934093
3712,371.10742200000004,2313.340831401223
3713,371.207424,2334.2130358897575
3714,371.307426,2263.778920249525
3715,371.40742800000004,2334.030170687811
3716,371.50743,2361.8978724873596
3717,371.607432,2354.988027369983
3718,371.70743400000003,2211.4317367232916
3719,371.807436,2376.0793382610555
3720,371.907438,2548.928166985436
3721,372.00744,2616.0897391447706
3722,372.107442,2550.159162987729
3723,372.207444,2590.8999375731987
3724,372.30744599999997,2614.95529642216
3725,372.40744800000004,2591.600252337801
3726,372.50745,2537.6319390932745
3727,372.60745199999997,2487.4299378727674
3728,372.70745400000004,2508.5525174786035
3729,372.807456,2555.4757998036316
3730,372.90745799999996,2479.982430703949
3731,373.00746000000004,2516.752525553667
3732,373.107462,2433.6066811344936
3733,373.207464,2402.586635396932
3734,373.30746600000003,2356.377775383267
3735,373.407468,2473.606208961834
3736,373.50747,2388.5489984359074
3737,373.60747200000003,2441.420588719228
3738,373.707474,2428.240174691147
3739,373.807476,2427.4293509009008
3740,373.907478,2512.4787514305094
3741,374.00748,2415.424358651082
3742,374.107482,2467.906105115922
3743,374.207484,2467.0463710639465
3744,374.30748600000004,2454.948213656765
3745,374.407488,2517.54405538135
3746,374.50749,2601.177244384126
3747,374.60749200000004,2696.716196714878
3748,374.707494,2627.0506066198486
3749,374.80749599999996,2541.7128456011524
3750,374.90749800000003,2657.6628015059314
3751,375.0075,2586.4180652298637
3752,375.107502,2552.740156483872
3753,375.20750400000003,2507.0024872412814
3754,375.307506,2571.7887777996057
3755,375.407508,2650.7915751486776
3756,375.50751,2628.3198918025387
3757,375.607512,2536.042177547388
3758,375.707514,2506.240982318925
3759,375.807516,2506.9062128652067
3760,375.907518,2620.739075237422
3761,376.00752,2489.122576301595
3762,376.107522,2338.4614033195876
3763,376.20752400000003,2477.0888558284028
3764,376.307526,2503.2062470193855
3765,376.407528,2447.940365612541
3766,376.50753000000003,2403.173759573197
3767,376.607532,2477.6822869820194
3768,376.707534,2494.00302683031
3769,376.807536,2512.6478138068896
3770,376.907538,2510.337881830872
3771,377.00754,2489.2142601875025
3772,377.107542,2456.335945299549
3773,377.207544,2541.307813415092
3774,377.30754600000006,2311.815363712021
3775,377.407548,2490.274941211959
3776,377.50755,2512.02313577835
3777,377.607552,2638.310406902208
3778,377.707554,2591.6281317803036
3779,377.807556,2397.4867964333466
3780,377.907558,2473.318629193145
3781,378.00756,2558.8592169334274
3782,378.10756200000003,2394.115538189439
3783,378.207564,2428.973137562503
3784,378.307566,2551.458786444689
3785,378.407568,2506.354372643109
3786,378.50757,2557.960377735067
3787,378.607572,2463.440144510496
3788,378.707574,2528.4198629250395
3789,378.807576,2451.300164046825
3790,378.907578,2462.065405166679
3791,379.00758,2574.104866203381
3792,379.107582,2642.791924344177
3793,379.20758400000005,2547.5079884635056
3794,379.307586,2482.459385063794
3795,379.407588,2555.9389114610635
3796,379.50759000000005,2544.62166570522
3797,379.607592,2446.6662069340355
3798,379.707594,2489.6651470805505
3799,379.80759600000005,2497.5548775374687
3800,379.907598,2346.4548999403987
3801,380.0076,2412.216128319891
3802,380.107602,2285.7614993378393
3803,380.207604,2398.0533049175
3804,380.307606,2369.1304632834326
3805,380.407608,2392.1146820734807
3806,380.50761,2337.858352207973
3807,380.607612,2253.811450526305
3808,380.707614,2307.106985944642
3809,380.807616,2253.476918140169
3810,380.907618,2260.9979543657473
3811,381.00762,2464.7442536680155
3812,381.10762200000005,2497.8054604706626
3813,381.207624,2454.9153756458545
3814,381.30762599999997,2510.758522035063
3815,381.40762800000005,2426.6178030476153
3816,381.50763,2411.412329643668
3817,381.60763199999997,2470.340804676253
3818,381.70763400000004,2558.4756935626124
3819,381.807636,2419.4604591362677
3820,381.907638,2372.4631259951425
3821,382.00764000000004,2508.3292605608926
3822,382.107642,2510.23401381824
3823,382.207644,2495.305683603526
3824,382.30764600000003,2340.5295482846655
3825,382.407648,2314.6034616304805
3826,382.50765,2337.946593287139
3827,382.60765200000003,2279.8051258291966
3828,382.707654,2529.552393511685
3829,382.807656,2544.923767045077
3830,382.90765799999997,2545.016535663003
3831,383.00766000000004,2456.7943168194956
3832,383.107662,2365.905197957364
3833,383.20766399999997,2340.2673461000795
3834,383.30766600000004,2378.1774065877134
3835,383.407668,2360.647136844571
3836,383.50766999999996,2425.2258660517587
3837,383.60767200000004,2584.527986651278
3838,383.707674,2376.3462636714858
3839,383.807676,2452.5554092777993
3840,383.90767800000003,2377.995848455068
3841,384.00768,2524.343241184818
3842,384.107682,2351.75580028476
3843,384.20768400000003,2407.606961709211
3844,384.307686,2467.188552650732
3845,384.407688,2424.7993255177225
3846,384.50769,2618.9336046479325
3847,384.607692,2263.2000216539277
3848,384.707694,2262.2062945181087
3849,384.807696,2519.268535065122
3850,384.90769800000004,2390.92616286827
3851,385.0077,2552.823126209183
3852,385.107702,2450.457833216154
3853,385.20770400000004,2315.104254401626
3854,385.307706,2515.9160976665034
3855,385.40770799999996,2375.5572928016572
3856,385.50771000000003,2383.70292481357
3857,385.607712,2415.8491393831955
3858,385.707714,2355.9478605518357
3859,385.807716,2389.1215625865684
3860,385.907718,2390.486244206253
3861,386.00772,2425.182063899687
3862,386.107722,2663.3268889019178
3863,386.207724,2613.05118567124
3864,386.307726,2668.781045336469
3865,386.407728,2520.946246416864
3866,386.50773,2563.3805578772826
3867,386.607732,2469.6878231647174
3868,386.707734,2385.472905924471
3869,386.80773600000003,2360.2301542696864
3870,386.907738,2446.0374298179045
3871,387.00774,2482.0671126025704
3872,387.10774200000003,2405.9297009471243
3873,387.207744,2476.6071081962436
3874,387.307746,2499.018485980847
3875,387.407748,2356.1023586808346
3876,387.50775,2439.3848225548263
3877,387.60775200000006,2403.413840471851
3878,387.707754,2383.602222217745
3879,387.807756,2493.3532625176617
3880,387.90775800000006,2412.853857612979
3881,388.00776,2428.928538258107
3882,388.107762,2358.9419906537732
3883,388.207764,2569.4148516642995
3884,388.307766,2504.1643845544622
3885,388.407768,2472.680985497599
3886,388.50777,2411.781322535785
3887,388.607772,2485.077391642124
3888,388.70777400000003,2482.1714928052384
3889,388.807776,2388.7444643477525
3890,388.907778,2348.728467539652
3891,389.00778,2238.4695731099455
3892,389.107782,2390.3446184310883
3893,389.207784,2410.292401935033
3894,389.307786,2411.5517104730898
3895,389.407788,2303.464094112703
3896,389.50779,2362.3542068943684
3897,389.607792,2399.172597209644
3898,389.707794,2373.5413660674435
3899,389.80779600000005,2227.7454566450842
3900,389.907798,2244.9892626105084
3901,390.0078,2271.700888146072
3902,390.10780200000005,2345.046095080373
3903,390.207804,2333.124886145904
3904,390.30780599999997,2347.562619487629
3905,390.40780800000005,2306.9309871423684
3906,390.50781,2349.28592608694
3907,390.607812,2327.454384330701
3908,390.707814,2214.9000167010795
3909,390.807816,2292.677528118723
3910,390.907818,2265.416186887894
3911,391.00782,2298.4952362021286
3912,391.107822,2377.936757985763
3913,391.207824,2358.967825014754
3914,391.307826,2249.323165840901
3915,391.407828,2296.610603277506
3916,391.50783,2346.6547483746303
3917,391.607832,2357.7683635657486
3918,391.70783400000005,2354.859964544959
3919,391.807836,2303.595896430733
3920,391.90783799999997,2263.1556169567266
3921,392.00784000000004,2383.6069452932343
3922,392.107842,2398.6281589777177
3923,392.20784399999997,2315.790170903446
3924,392.30784600000004,2318.6770312101357
3925,392.407848,2336.78580764991
3926,392.50785,2341.3405209927464
3927,392.60785200000004,2226.6528190208187
3928,392.707854,2423.0886238882504
3929,392.807856,2464.4296075023703
3930,392.90785800000003,2462.6431628640235
3931,393.00786,2460.7268534612317
3932,393.107862,2625.796283866578
3933,393.20786400000003,2524.624789730778
3934,393.307866,2542.61308476626
3935,393.407868,2726.826723782592
3936,393.50786999999997,2658.4604969608
3937,393.60787200000004,2788.8497710422034
3938,393.707874,2736.146939330145
3939,393.80787599999996,2527.7427629174426
3940,393.90787800000004,2465.980057218862
3941,394.00788,2510.742121133843
3942,394.10788199999996,2255.8637239672385
3943,394.20788400000004,2181.145376703844
3944,394.307886,2143.007516471485
3945,394.407888,2088.8647356724096
3946,394.50789000000003,2157.511326111647
3947,394.607892,2146.0995551995884
3948,394.707894,2338.1586334904964
3949,394.807896,2257.7917493158225
3950,394.907898,2137.523684856908
3951,395.0079,2229.0392817703096
3952,395.107902,2300.483897305641
3953,395.207904,2218.724275729371
3954,395.307906,2326.7271367728454
3955,395.407908,2375.2748600652317
3956,395.50791000000004,2348.8297170869287
3957,395.607912,2413.337125059243
3958,395.707914,2406.7402553872507
3959,395.80791600000003,2494.3262663207975
3960,395.907918,2576.0817660753714
3961,396.00791999999996,2665.160251306144
3962,396.10792200000003,2490.3739933782617
3963,396.207924,2435.5446322272974
3964,396.307926,2457.849453769497
3965,396.407928,2568.139520893319
3966,396.50793,2439.7639651319896
3967,396.607932,2462.9043941392397
3968,396.707934,2676.592179803066
3969,396.807936,2599.196321719588
3970,396.907938,2426.4494497968285
3971,397.00794,2534.2628819890783
3972,397.107942,2683.099391159564
3973,397.207944,2944.920709799245
3974,397.307946,2798.437699653636
3975,397.40794800000003,2669.710673378922
3976,397.50795,2745.651035557373
3977,397.607952,2592.120285155214
3978,397.70795400000003,2498.2623479028503
3979,397.807956,2726.0834865979928
3980,397.907958,2275.197270931225
3981,398.00796,2401.5733597345825
3982,398.107962,2472.460337302689
3983,398.20796400000006,2443.0483863363943
3984,398.307966,2456.027608210503
3985,398.407968,2270.326837693393
3986,398.50797000000006,2416.2918747548974
3987,398.607972,2415.39475238575
3988,398.707974,2488.7005402070367
3989,398.807976,2433.8320661703005
3990,398.907978,2387.9836035957023
3991,399.00798,2285.919238655623
3992,399.107982,2372.0549199719812
3993,399.207984,2387.4450263402755
3994,399.307986,2373.30914538535
3995,399.407988,2400.8403089387257
3996,399.50799,2285.884279377888
3997,399.607992,2320.720605973405
3998,399.707994,2321.5499113574747
3999,399.807996,2318.4099016428577
4000,399.907998,2290.8638861798836
4001,400.000014,2380.06996149073
