Frame,Time (ns),Radius of Gyration
1,0.0,23.456411393716152
2,0.100002,23.50857243290413
3,0.200004,23.35620532852172
4,0.30000600000000005,23.52318625652139
5,0.400008,23.649680163660822
6,0.50001,23.574274452717507
7,0.6000120000000001,23.535573967151816
8,0.700014,23.28958821873973
9,0.800016,23.978636386281526
10,0.900018,23.953281265882655
11,1.00002,23.545252311742285
12,1.1000219999999998,23.86344879346105
13,1.2000240000000002,23.850331083100066
14,1.3000260000000001,23.513468360783406
15,1.400028,23.83949190952523
16,1.50003,23.56776755364612
17,1.600032,24.10452111776011
18,1.700034,23.9364377847974
19,1.800036,24.10837768886721
20,1.9000380000000001,24.680588813304823
21,2.00004,24.187899771961742
22,2.1000419999999997,24.152004288117084
23,2.2000439999999997,23.599298055390783
24,2.300046,24.418880411387015
25,2.4000480000000004,24.148185154604928
26,2.5000500000000003,24.11893460635322
27,2.6000520000000003,24.255675453551337
28,2.700054,23.90109555582412
29,2.800056,23.961520908157926
30,2.900058,23.73916789952526
31,3.00006,23.77291791316045
32,3.100062,23.639029533386726
33,3.200064,23.645113473162436
34,3.300066,23.60181238100473
35,3.400068,23.627705723981766
36,3.50007,24.06842889268634
37,3.600072,23.818161913068973
38,3.700074,23.77046147771795
39,3.8000760000000002,24.053171655720753
40,3.900078,23.572525997422577
41,4.00008,23.536435248801684
42,4.1000820000000004,24.187023620045473
43,4.2000839999999995,24.18840465092409
44,4.300086,23.59633316447222
45,4.400087999999999,23.554716573364402
46,4.50009,23.90653409639194
47,4.600092,23.92920710817645
48,4.700094,23.937246018349096
49,4.800096000000001,23.819978243786256
50,4.900098,23.833647302786137
51,5.000100000000001,23.971441035128052
52,5.100102,23.72382527270726
53,5.2001040000000005,23.854725814778405
54,5.3001059999999995,23.928122855325725
55,5.400108,24.131020769961882
56,5.500109999999999,23.912510407186694
57,5.600112,24.276893335977313
58,5.700114,24.171049837904235
59,5.800116,23.936157421153858
60,5.900118,24.352691625960826
61,6.00012,24.15646257167102
62,6.100122000000001,24.456570141291774
63,6.200124,24.376108767719177
64,6.300126000000001,24.23730903954471
65,6.400128,24.37043999668198
66,6.50013,23.9632721216597
67,6.600132,23.633178178587908
68,6.700134,23.556361166491186
69,6.800136,23.29419655720904
70,6.900138,23.095474473513498
71,7.00014,22.966855771242805
72,7.100142,22.86192508119739
73,7.200144,23.311802696426913
74,7.300146,23.24116362737151
75,7.400148,23.296744377096317
76,7.5001500000000005,23.029556751014375
77,7.6001520000000005,23.54736148975858
78,7.700154,23.779965810231296
79,7.800156,23.578269055675708
80,7.900158,23.618834034791625
81,8.00016,23.410640688940703
82,8.100162000000001,23.312742576975424
83,8.200164000000001,23.718261762247575
84,8.300166,23.15898234090796
85,8.400167999999999,23.528695141931657
86,8.50017,23.926551433465264
87,8.600172,24.06176150792089
88,8.700174,23.66815216784498
89,8.800175999999999,24.007851507988654
90,8.900178,23.343681293949466
91,9.00018,23.700274508452924
92,9.100182,23.60763371101005
93,9.200184,23.383680022874966
94,9.300186,23.609515430660394
95,9.400188,23.653577545315695
96,9.50019,23.4839585530741
97,9.600192000000002,23.431347618620865
98,9.700194,24.007314818864543
99,9.800196,23.684575926192966
100,9.900198,23.646912099842165
101,10.000200000000001,23.554640747469264
102,10.100202,23.670438443266047
103,10.200204,23.664228488871213
104,10.300206,23.59011117517506
105,10.400208000000001,23.8203124934187
106,10.500210000000001,23.63637600560609
107,10.600211999999999,23.585169838530632
108,10.700214,23.72970757654488
109,10.800216,23.96401497791558
110,10.900218,23.601808647003722
111,11.000219999999999,23.769813437919737
112,11.100222,23.40658206879444
113,11.200224,23.850789328818482
114,11.300226,23.66015372423582
115,11.400228,23.493175716974466
116,11.50023,23.63470145783797
117,11.600232,23.405827186584574
118,11.700234,23.869396132039437
119,11.800236,24.486535360298245
120,11.900238,24.621171851494935
121,12.00024,24.50977439346855
122,12.100242,24.433601539039927
123,12.200244000000001,24.552843113145094
124,12.300246000000001,24.234488566185682
125,12.400248,24.52521418667887
126,12.50025,24.481933932530684
127,12.600252000000001,23.866692511032053
128,12.700254000000001,24.882071425166775
129,12.800256,24.23556273614589
130,12.900258,24.070907259220935
131,13.00026,24.257545297614033
132,13.100262,24.25523170357018
133,13.200264,24.10781016996493
134,13.300265999999999,23.799152764785926
135,13.400268,23.875107190489413
136,13.50027,24.110846292736653
137,13.600272,24.041993208587932
138,13.700274,24.138702723366226
139,13.800276,23.774273238700548
140,13.900278,23.932521793368153
141,14.00028,24.01533749882199
142,14.100282000000002,24.53800725778528
143,14.200284,24.524075312835958
144,14.300286,24.201471822084937
145,14.400288,23.78868876868201
146,14.500290000000001,24.045494861080638
147,14.600292,24.06955503006338
148,14.700294,23.975844798751474
149,14.800296,23.76787138785002
150,14.900298000000001,24.351037783881626
151,15.000300000000001,24.077920860543117
152,15.100302,23.934505404913555
153,15.200304000000001,23.500142762696264
154,15.300306,23.69119755285512
155,15.400308,23.986964984810804
156,15.500309999999999,23.932393593143914
157,15.600312,24.027956794558293
158,15.700314,23.96376613826868
159,15.800316,24.122737711558102
160,15.900318,24.53720401552443
161,16.00032,24.586000239589396
162,16.100322,24.65156368791871
163,16.200324000000002,24.191167704789418
164,16.300326000000002,24.246153226939885
165,16.400328000000002,24.57518983059572
166,16.50033,24.249071940252225
167,16.600332,24.30423772822052
168,16.700333999999998,24.2684191376941
169,16.800335999999998,24.047029489598888
170,16.900338,24.585848942378107
171,17.00034,24.236882320954443
172,17.100342,24.25948834066208
173,17.200344,24.193660573327787
174,17.300346,24.297019717544092
175,17.400348,24.7289530184878
176,17.50035,24.68277205218736
177,17.600351999999997,24.064918380414863
178,17.700354,24.04236515312633
179,17.800356,23.93020983927239
180,17.900358,24.001204127862668
181,18.00036,23.99496899407066
182,18.100362,23.893591486156847
183,18.200364,24.065177159723806
184,18.300366,23.898593188338094
185,18.400368,23.715662313205684
186,18.50037,24.009758605849626
187,18.600372,24.055078076097008
188,18.700374,23.8214276339066
189,18.800376,23.778527963416355
190,18.900378,24.073197701185762
191,19.00038,24.265000013739506
192,19.100382,23.995408079333153
193,19.200384000000003,23.74847531161497
194,19.300386,24.064690098623306
195,19.400388,24.32337338277447
196,19.50039,24.062399717397675
197,19.600392,23.765001570683495
198,19.700394,24.702267315259654
199,19.800396,24.415602286878176
200,19.900398000000003,24.189771141136816
201,20.000400000000003,24.405081175533617
202,20.100402000000003,23.67285277411378
203,20.200404,23.86143907966955
204,20.300406,23.340657728415792
205,20.400408,23.704140316432916
206,20.50041,23.716571068974716
207,20.600412,24.114330327167945
208,20.700414000000002,24.491507176243545
209,20.800416000000002,25.114100603377604
210,20.900418000000002,24.275645158568746
211,21.000420000000002,24.308170677054477
212,21.100422,24.648740512298854
213,21.200423999999998,24.336228959478955
214,21.300425999999998,24.46091336066331
215,21.400428,25.019566763898567
216,21.50043,25.011939643002663
217,21.600432,25.24891161640873
218,21.700434,24.89241678156668
219,21.800436,24.769932815398523
220,21.900438,24.495083086064643
221,22.000439999999998,24.363118900105327
222,22.100441999999997,24.37426546948042
223,22.200444,24.43093238838974
224,22.300446,24.488445117588903
225,22.400448,24.49571547036447
226,22.50045,24.55586174630075
227,22.600452,24.48572712990999
228,22.700454,24.841444371252347
229,22.800456,24.72041210551911
230,22.900458,24.49522610369586
231,23.00046,24.92517368792992
232,23.100462,25.91694217547768
233,23.200464,25.354962946937476
234,23.300466,25.196528010800204
235,23.400468,25.181912773405994
236,23.50047,24.526772537925332
237,23.600472,24.505958273557102
238,23.700474000000003,25.057036564131348
239,23.800476,25.03736824623697
240,23.900478,24.864096074870055
241,24.00048,24.81028570550807
242,24.100482,24.637074232796014
243,24.200484,24.327923008300345
244,24.300486,24.45691502103578
245,24.400488000000003,25.127262714054073
246,24.500490000000003,25.181863024693445
247,24.600492000000003,25.024376684147462
248,24.700494,25.084876606631656
249,24.800496,24.872149206007464
250,24.900498,25.0018022752081
251,25.0005,25.60859814948944
252,25.100502,25.69875492596019
253,25.200504000000002,25.33737263533637
254,25.300506000000002,26.16580293973781
255,25.400508000000002,26.321444130428926
256,25.500510000000002,26.4756117556633
257,25.600512,25.982587716891917
258,25.700514,25.247801780391853
259,25.800516,26.274386958874388
260,25.900518,26.02884858556913
261,26.00052,25.13505306034543
262,26.100522,24.476172619945874
263,26.200524,24.341279255935458
264,26.300526,23.92084603024737
265,26.400528,24.052774810959605
266,26.500529999999998,23.325608359683518
267,26.600531999999998,23.317083504971738
268,26.700534,23.638074197385986
269,26.800536,23.34245617185629
270,26.900538,23.11410105410211
271,27.00054,23.181699577176207
272,27.100542,23.023019642843035
273,27.200544,22.815729937179952
274,27.300546,23.02715540384485
275,27.400548,23.123016252311025
276,27.50055,23.24802115488305
277,27.600552,23.459379784752056
278,27.700554,23.019871348321946
279,27.800556,22.903320712290316
280,27.900558,23.189540697971836
281,28.00056,22.81044962741539
282,28.100562,23.112634541526113
283,28.200564000000004,23.13119695915393
284,28.300566,23.06908982459963
285,28.400568,22.813010518808564
286,28.50057,23.38690173052429
287,28.600572,22.620109183976428
288,28.700574,23.210812510527898
289,28.800576,22.948875214418013
290,28.900578000000003,22.271319306135354
291,29.000580000000003,22.402154937521008
292,29.100582000000003,22.733516001852905
293,29.200584,22.92550337719347
294,29.300586,23.056617698300382
295,29.400588,22.791385975457
296,29.50059,22.683972683092158
297,29.600592,22.82742063070255
298,29.700594000000002,22.358317589737375
299,29.800596000000002,22.573427632030395
300,29.900598000000002,22.638088550431462
301,30.000600000000002,22.799960780298324
302,30.100602,22.66984065014655
303,30.200604,23.021533008729826
304,30.300606,23.057745982888957
305,30.400608000000002,23.000875810223995
306,30.50061,22.743671619775046
307,30.600612,22.88129062344973
308,30.700614,22.872659524656942
309,30.800616,23.39194023213723
310,30.900618,23.650237270341066
311,31.000619999999998,24.024324947918398
312,31.100621999999998,23.475643495638845
313,31.200624,23.097262680239105
314,31.300626,23.042900764559093
315,31.400628,23.574991845032436
316,31.50063,22.78466120389348
317,31.600632,22.942268173130344
318,31.700634,22.60691519794104
319,31.800636,22.793191999481348
320,31.900638,23.09180662240787
321,32.00064,22.71989290810095
322,32.100642,22.74680525136931
323,32.200644,23.0985305940349
324,32.300646,23.161848709239795
325,32.400648000000004,23.047747999827244
326,32.50065,23.199788909195878
327,32.600652000000004,23.25658608518741
328,32.700654,23.190679296338477
329,32.800656000000004,23.239082077828172
330,32.900658,23.372898113357916
331,33.00066,23.16543950951959
332,33.10066200000001,23.535086181680306
333,33.200664,23.08202516182969
334,33.300666,22.767093364724218
335,33.400667999999996,23.204394398880986
336,33.50067,22.967369523688063
337,33.600671999999996,23.18660642848896
338,33.700674,23.082355810225874
339,33.800676,23.373445294801428
340,33.900678,23.399945001967975
341,34.00068,23.092494922735444
342,34.100682,23.159892821390258
343,34.200684,23.288699024701522
344,34.300686,23.69908531549911
345,34.400688,24.553355179099896
346,34.500690000000006,24.14290216573549
347,34.600692,24.366441427780835
348,34.700694000000006,24.655332723797756
349,34.800696,25.491938779804045
350,34.900698000000006,25.554723367449245
351,35.0007,24.934101723493775
352,35.100702,24.838094816832346
353,35.200703999999995,25.09513127588607
354,35.300706,24.37823252873666
355,35.400708,25.13170770278455
356,35.50071,24.832075482233105
357,35.600712,25.50182796416617
358,35.700714,25.59957186024842
359,35.800716,25.060431232190435
360,35.900718,24.33070033814119
361,36.00072,24.812453041832168
362,36.100722000000005,24.68252714413843
363,36.200724,24.649843892795307
364,36.300726000000004,25.274937418484097
365,36.400728,24.647889330008685
366,36.500730000000004,24.61239430263298
367,36.600732,24.746895543959905
368,36.700734000000004,24.779750187168712
369,36.800736,24.387953340463902
370,36.900738,24.39325008288413
371,37.00074,24.73103392982169
372,37.100742,24.48195553593935
373,37.200744,24.775162949309664
374,37.300746,24.510191591925366
375,37.400748,24.57183931048545
376,37.50075,24.28726328698324
377,37.600752,24.995374425850653
378,37.700754,24.491474121725197
379,37.800756,24.310565952033315
380,37.900758,24.606809850655978
381,38.00076,24.754648578592583
382,38.100762,24.601462107670425
383,38.200764,25.6824630973576
384,38.300766,25.659812664823964
385,38.40076800000001,24.975831332890877
386,38.50077,24.77827310714753
387,38.600772,24.856216222723088
388,38.700773999999996,24.790816595503365
389,38.800776,24.552562406319314
390,38.900777999999995,24.59956283655434
391,39.00078,24.646256804481048
392,39.100782,24.6480499809848
393,39.200784,24.58051769499085
394,39.300786,24.830712304294696
395,39.400788,24.70343732863473
396,39.50079,24.821890482342777
397,39.600792,24.707393949271196
398,39.700794,24.74897911535273
399,39.800796000000005,24.860741150148524
400,39.900798,25.70288694858944
401,40.000800000000005,24.809852890564237
402,40.100802,25.246082376759706
403,40.200804000000005,24.69117240645207
404,40.300806,24.352503239494695
405,40.400808,25.117310849341965
406,40.500809999999994,24.76531867375072
407,40.600812,24.666581505244665
408,40.700814,24.646611126165517
409,40.800816,24.329254798636025
410,40.900818,24.676560899897147
411,41.00082,24.78900147695179
412,41.100822,24.85968570497526
413,41.200824,24.839460988812803
414,41.300826,24.799259326145236
415,41.400828000000004,24.406971345076716
416,41.50083,24.579413956182993
417,41.600832000000004,24.74738876684113
418,41.700834,24.645011360105517
419,41.800836000000004,25.109235705836632
420,41.900838,24.882826743758457
421,42.000840000000004,24.80745184927537
422,42.10084200000001,24.649514226671847
423,42.200844,24.660016358751786
424,42.300846,25.090512170110276
425,42.400847999999996,25.06326869275172
426,42.50085,25.41921390930631
427,42.600851999999996,25.23508288138037
428,42.700854,25.165665775078153
429,42.800856,25.636787004763328
430,42.900858,25.588213084656662
431,43.00086,25.15832760794633
432,43.100862,25.132698018658616
433,43.200864,25.10411220665255
434,43.300866,24.948035418918185
435,43.400868,24.818510904184276
436,43.500870000000006,24.87090414457487
437,43.600872,24.87684385916949
438,43.700874000000006,25.03238305170191
439,43.800876,24.617448146948007
440,43.900878000000006,24.618630821788596
441,44.000879999999995,24.807953296806502
442,44.100882,25.832049872117853
443,44.200883999999995,24.98636083577713
444,44.300886,25.824074258509945
445,44.400888,25.41984758713722
446,44.50089,25.148078007161878
447,44.600892,25.454488681439205
448,44.700894,24.889002936378375
449,44.800896,25.41434344300745
450,44.900898,24.925292642899638
451,45.0009,24.840629443229915
452,45.100902000000005,24.354116794270286
453,45.200904,24.71906937763908
454,45.300906000000005,24.5878983335029
455,45.400908,25.225272285154006
456,45.500910000000005,25.04231800843814
457,45.600912,24.522975217024584
458,45.700914000000004,24.8558808549215
459,45.800916,25.471348639000745
460,45.900918,25.08600254577807
461,46.00092,25.173871350666325
462,46.100922,24.94140617321861
463,46.200924,25.034928364032698
464,46.300926,24.9673123240732
465,46.400928,24.979454836734117
466,46.50093,25.24393593395493
467,46.600932,25.44131443418792
468,46.700934000000004,25.400244489194808
469,46.800936,25.14048858063738
470,46.900938000000004,24.47584434070486
471,47.00094,24.946784922015723
472,47.100942,24.767773928279002
473,47.200944,24.810965584929573
474,47.300946,24.67290700951621
475,47.40094800000001,24.342182455453056
476,47.50095,24.745071587192637
477,47.600952,24.83451579257657
478,47.700953999999996,24.73169966200935
479,47.800956,24.93758507206227
480,47.900957999999996,24.892113862748502
481,48.00096,24.25443306254124
482,48.100962,24.669478154107424
483,48.200964,24.76145551980422
484,48.300966,24.511325539111052
485,48.400968,25.282326006022856
486,48.50097,25.40438635427578
487,48.600972,25.34819890804893
488,48.700974,25.725566546584147
489,48.800976000000006,25.595625190949253
490,48.900978,25.538602243979145
491,49.000980000000006,24.961642533444948
492,49.100982,24.81941267290727
493,49.200984000000005,25.268065256657952
494,49.300986,25.24388630464879
495,49.400988,25.19773392512819
496,49.500989999999994,25.39043873308942
497,49.600992,25.047204607783502
498,49.700994,24.9957558614478
499,49.800996,24.985150966426758
500,49.900998,25.03292022409292
501,50.001,24.96880530524846
502,50.101002,24.79473319362481
503,50.201004,24.88334384288326
504,50.301006,25.297567070650672
505,50.401008000000004,24.8703275854555
506,50.50101,24.786238277921004
507,50.601012000000004,24.379107657923797
508,50.701014,24.87969116984274
509,50.801016000000004,24.498703929063417
510,50.901018,24.2003442870111
511,51.001020000000004,24.4906425965971
512,51.10102200000001,24.648484598412043
513,51.201024,24.281046468865824
514,51.301026,24.42231104362238
515,51.401028,24.518233715935267
516,51.50103,24.84957668630981
517,51.601032,25.040204806065262
518,51.701034,24.700860530223444
519,51.801036,24.52603208059102
520,51.901038,23.896501220464238
521,52.00104,24.398914520700195
522,52.101042,24.794985374499237
523,52.201044,25.00003541241213
524,52.301046,24.697079472475547
525,52.401048,24.905569520753826
526,52.501050000000006,24.661490845456527
527,52.601052,25.429514768784692
528,52.701054000000006,25.004483409049975
529,52.801056,25.004194400672187
530,52.901058000000006,24.771997819339365
531,53.001059999999995,24.95732657292015
532,53.101062,24.862596292675523
533,53.201063999999995,24.724078835336197
534,53.301066,24.597093550579263
535,53.401068,25.121082171425638
536,53.50107,25.344172116990475
537,53.601072,24.60697793201443
538,53.701074,24.782244178245097
539,53.801076,25.114916108040358
540,53.901078,25.098758891537127
541,54.00108,25.012279689747178
542,54.101082000000005,24.7175465344184
543,54.201084,24.82275514521738
544,54.301086000000005,25.223200565078525
545,54.401088,25.11540597507906
546,54.501090000000005,25.4977389143748
547,54.601092,25.31077171821737
548,54.701094000000005,24.547770924283643
549,54.801096,24.567467460630947
550,54.901098,24.410895682349704
551,55.0011,25.505302020354154
552,55.101102,25.693477046639554
553,55.201104,24.90480971649148
554,55.301106,25.38620257183194
555,55.401108,25.4839428099644
556,55.50111,25.28753892664731
557,55.601112,26.159676815836058
558,55.701114000000004,26.228167728519196
559,55.801116,26.042904364067144
560,55.901118000000004,25.836332172451122
561,56.00112,25.564109506865847
562,56.101122000000004,25.571975158624124
563,56.201124,26.019845220609174
564,56.301126000000004,26.467155496548447
565,56.40112800000001,26.21889777255799
566,56.50113,26.417828261424436
567,56.601132,26.117530193105242
568,56.701133999999996,25.849672234326032
569,56.801136,25.453188099365914
570,56.901137999999996,25.851703465018996
571,57.00114,25.435595435699472
572,57.101142,25.228258935945238
573,57.201144,25.178276097725803
574,57.301146,24.85826844215694
575,57.401148,25.198862152673772
576,57.50115,24.903747122595238
577,57.601152,24.943552406691733
578,57.701154,25.44330459430902
579,57.801156000000006,25.3396411373317
580,57.901158,24.869584499913763
581,58.001160000000006,25.138665606699256
582,58.101162,24.877572710723804
583,58.201164000000006,24.921932698029018
584,58.301166,25.44415808585436
585,58.401168,25.17453771240702
586,58.501169999999995,24.95429567066313
587,58.601172,25.117418797865525
588,58.701174,24.82918551669271
589,58.801176,24.722147236826228
590,58.901178,25.194119070782683
591,59.00118,24.278681591356143
592,59.101182,24.530218437590687
593,59.201184,24.222325574316475
594,59.301186,23.966963643626613
595,59.401188000000005,24.975967337926313
596,59.50119,24.87241783192865
597,59.601192000000005,24.384939896411797
598,59.701194,24.509047036157366
599,59.801196000000004,24.942269278078058
600,59.901198,24.243199964045385
601,60.001200000000004,24.399431665647615
602,60.10120200000001,24.300426707484537
603,60.201204,25.011478141393557
604,60.301206,25.27841715376484
605,60.401208,25.17884051332046
606,60.50121,24.69852334810216
607,60.601212,24.780007416150713
608,60.701214,24.7086343306524
609,60.801216000000004,25.04032364710313
610,60.901218,25.03889854610157
611,61.00122,25.384778693452397
612,61.101222,25.369276673473973
613,61.201224,24.778321376027133
614,61.301226,24.704761420072103
615,61.401228,24.577772314304962
616,61.50123000000001,24.840648905127182
617,61.601232,24.71348076632884
618,61.70123400000001,25.260621829191038
619,61.801236,25.36731868220868
620,61.901238000000006,25.144496540588626
621,62.001239999999996,25.364989971849177
622,62.101242,25.086377001249843
623,62.201243999999996,24.97293315902776
624,62.301246,25.199743261196364
625,62.401248,25.034780644792196
626,62.50125,25.05774735161242
627,62.601252,24.97400444964844
628,62.701254,24.95443592653954
629,62.801256,24.665997726332684
630,62.901258,25.2287050100272
631,63.00126,24.937104507805667
632,63.101262000000006,25.203420409023572
633,63.201264,24.383551515002587
634,63.301266000000005,25.030534441412456
635,63.401268,25.38805235610396
636,63.501270000000005,25.448302264575528
637,63.601272,25.203566687622676
638,63.701274000000005,25.591263955605857
639,63.801276,25.45123995502487
640,63.901278,24.806754739592478
641,64.00128,24.801740453165518
642,64.101282,24.882504787805736
643,64.201284,24.63948035860656
644,64.301286,25.084577925817424
645,64.401288,24.886591343010043
646,64.50129,24.856638668605633
647,64.601292,25.11403715535185
648,64.701294,25.63064909156013
649,64.80129600000001,25.230113423597658
650,64.901298,25.09448596514477
651,65.0013,25.0764449926504
652,65.101302,25.018532954436303
653,65.20130400000001,24.808430154588766
654,65.30130600000001,24.74725786285863
655,65.401308,25.078253101222902
656,65.50131,25.29256606689127
657,65.60131200000001,24.946158624523253
658,65.701314,24.364647094251076
659,65.801316,24.18282173290987
660,65.901318,24.33885976414846
661,66.00132,25.165032397778695
662,66.101322,25.566508865732075
663,66.20132400000001,25.975432857336816
664,66.301326,26.05989156079499
665,66.401328,26.211880552398963
666,66.50133,25.486674639778627
667,66.601332,26.112489725090015
668,66.701334,26.096600568630592
669,66.80133599999999,25.848361614468377
670,66.90133800000001,25.634108897115205
671,67.00134,24.994028953989616
672,67.101342,24.998859397534357
673,67.20134399999999,25.347236175096814
674,67.30134600000001,24.804840746231218
675,67.401348,24.793328579001773
676,67.50135,24.6775163717231
677,67.601352,24.87174585617214
678,67.70135400000001,25.375977671406744
679,67.801356,25.384935929016205
680,67.901358,25.309145661004074
681,68.00136,24.988301659612205
682,68.10136200000001,25.152325091866786
683,68.201364,25.208534047399922
684,68.301366,24.344829346946227
685,68.401368,24.608793821743483
686,68.50137,24.673030192642784
687,68.601372,24.627510087297512
688,68.701374,24.86360080467938
689,68.801376,24.490181962225346
690,68.901378,24.553540472170948
691,69.00138000000001,24.86212017890316
692,69.101382,24.539273188679747
693,69.201384,24.559867058265827
694,69.301386,24.476764894151415
695,69.40138800000001,24.521815930016178
696,69.50139,24.561597994428112
697,69.601392,24.014998537013458
698,69.701394,24.076588347152143
699,69.80139600000001,24.50394988599654
700,69.901398,24.147125684963143
701,70.0014,23.397884371041062
702,70.10140200000001,23.399967698180035
703,70.201404,23.099549480386667
704,70.301406,23.012908046260062
705,70.40140799999999,23.266360924740937
706,70.50141,23.407606988898035
707,70.601412,23.252841072375826
708,70.701414,23.085788679735316
709,70.801416,23.526002458665634
710,70.901418,23.534512109597493
711,71.00142,23.187654693146083
712,71.101422,23.775673319249204
713,71.201424,23.36567285343267
714,71.301426,23.207680470949146
715,71.401428,23.25353180866386
716,71.50143000000001,23.403923945815237
717,71.601432,23.22961744104193
718,71.701434,23.22007602021935
719,71.801436,23.612061703095513
720,71.901438,23.326706361272915
721,72.00144,22.918866925923236
722,72.10144199999999,22.96299275592987
723,72.20144400000001,23.314910269798283
724,72.301446,23.312393978058275
725,72.401448,23.204273128555084
726,72.50144999999999,23.32414185550307
727,72.60145200000001,23.04431069718432
728,72.701454,23.393875383294905
729,72.801456,23.24964105415781
730,72.901458,23.163689595993386
731,73.00146000000001,23.836457476296587
732,73.101462,23.393388041668004
733,73.201464,23.474976743128476
734,73.301466,23.360158504557635
735,73.40146800000001,23.20824204394869
736,73.50147,23.233026618335934
737,73.601472,23.369671555094655
738,73.701474,23.065039149809166
739,73.801476,23.33468145963054
740,73.901478,23.47673487566239
741,74.00148,23.423750505278548
742,74.101482,23.43133335931919
743,74.201484,23.004631548535745
744,74.30148600000001,22.92715540285097
745,74.401488,23.16570929719913
746,74.50149,22.96503414056028
747,74.601492,23.33925153586422
748,74.70149400000001,23.920059286705232
749,74.801496,23.065324744837298
750,74.901498,23.081766822805534
751,75.0015,23.529904181987334
752,75.10150200000001,23.241211493387194
753,75.201504,23.254455480874032
754,75.301506,23.323559489366033
755,75.401508,22.94593628668539
756,75.50151,23.21289377559202
757,75.601512,23.103634833400655
758,75.70151399999999,23.60608233555086
759,75.801516,23.323555303679772
760,75.901518,23.32630324596832
761,76.00152,23.26710924080887
762,76.101522,22.990111722506498
763,76.201524,23.477354145118408
764,76.301526,23.52101293223513
765,76.401528,23.39648242590408
766,76.50153,23.454259656417992
767,76.601532,23.37773942150729
768,76.701534,23.16453151075964
769,76.80153600000001,23.337577564053454
770,76.901538,23.15537866738084
771,77.00154,23.362066557385603
772,77.101542,23.234378608857696
773,77.201544,22.837069018442882
774,77.301546,23.222975800486005
775,77.40154799999999,23.59748419467145
776,77.50155000000001,22.994662435862963
777,77.601552,23.613749455641045
778,77.701554,23.437736919834368
779,77.80155599999999,24.291129560333406
780,77.90155800000001,23.88616149006233
781,78.00156,24.4917804964007
782,78.101562,24.28644133965188
783,78.201564,24.89620491349277
784,78.30156600000001,25.01328141844399
785,78.401568,24.788071429154282
786,78.50157,24.61182582006343
787,78.601572,23.988140648523128
788,78.70157400000001,24.105471084340152
789,78.801576,23.137714049837257
790,78.90157800000001,23.394505550906057
791,79.00158,22.912109279019965
792,79.101582,23.386820300555033
793,79.201584,23.589253514360458
794,79.301586,23.125580811886973
795,79.401588,22.996754364535246
796,79.50159,23.39287728429213
797,79.60159200000001,23.430229582272343
798,79.701594,23.309389663430952
799,79.801596,23.2874304343726
800,79.90159799999999,23.397400484102505
801,80.00160000000001,23.401219753879875
802,80.101602,22.90550604553646
803,80.201604,23.498880705754804
804,80.301606,23.89530925567881
805,80.40160800000001,23.438800736334734
806,80.50161,23.31229239495359
807,80.601612,23.067237928013302
808,80.701614,23.218985269854993
809,80.801616,23.953544003719532
810,80.901618,23.60323225287091
811,81.00161999999999,23.24990373547427
812,81.101622,23.15748193943799
813,81.201624,22.946332149834113
814,81.301626,23.009627378052855
815,81.401628,23.008359462480847
816,81.50163,23.16701015604919
817,81.601632,22.909057170814087
818,81.701634,22.682564706659566
819,81.801636,22.747201672403975
820,81.901638,23.226096106667075
821,82.00164,23.258795214795803
822,82.10164200000001,22.783808917007466
823,82.201644,22.73564362980496
824,82.301646,23.18327228870729
825,82.401648,23.071460158462006
826,82.50165000000001,22.946937638457356
827,82.601652,23.13408720116285
828,82.70165399999999,22.986618516496932
829,82.80165600000001,23.05610655631827
830,82.901658,23.168657608138997
831,83.00166,22.71784819890898
832,83.10166199999999,23.090220743059273
833,83.20166400000001,23.011884821976885
834,83.301666,23.097858571347313
835,83.401668,23.215552439299522
836,83.50167,23.064174609598354
837,83.60167200000001,23.11378826390904
838,83.701674,23.158747696461816
839,83.801676,22.78924602510616
840,83.901678,22.90772957806483
841,84.00168000000001,22.776173167601687
842,84.101682,22.78295993308613
843,84.20168400000001,22.987577302963654
844,84.301686,22.969202713589358
845,84.401688,22.967992113513837
846,84.50169,22.943499322596857
847,84.601692,23.08826624054643
848,84.701694,23.100515718507094
849,84.80169599999999,22.710091807566574
850,84.90169800000001,23.116736147080545
851,85.0017,23.23502234605838
852,85.101702,23.162425156377854
853,85.20170399999999,23.21984460871584
854,85.30170600000001,23.26679831415576
855,85.401708,22.784392635513484
856,85.50171,22.9446465922931
857,85.601712,22.99819618116638
858,85.70171400000001,23.326767342312706
859,85.801716,23.24557797436149
860,85.901718,22.97562502351364
861,86.00172,22.913546450094348
862,86.10172200000001,23.27671162490583
863,86.201724,22.980691882656842
864,86.301726,23.285265129836137
865,86.401728,22.738305981169855
866,86.50173,22.91898413239224
867,86.601732,22.99924226472867
868,86.701734,23.176326238797934
869,86.801736,22.79758044475889
870,86.901738,22.871602831159926
871,87.00174000000001,23.199897050014812
872,87.101742,22.8946582306035
873,87.201744,22.77282049881821
874,87.301746,22.922235018479753
875,87.40174800000001,23.139031667828913
876,87.50175,23.01010060575978
877,87.601752,23.10460570691349
878,87.701754,23.151618720836343
879,87.80175600000001,23.244048939212
880,87.901758,22.57619626227268
881,88.00175999999999,22.898687217846035
882,88.10176200000001,22.873140400522278
883,88.201764,22.95453225122131
884,88.301766,23.24002632680924
885,88.40176799999999,23.34216497936918
886,88.50177000000001,23.46998094974138
887,88.601772,23.31367008016874
888,88.701774,23.182001256132587
889,88.801776,23.10384444242182
890,88.90177800000001,23.192462215383063
891,89.00178,23.41702265510911
892,89.101782,23.511941497035572
893,89.201784,22.88617228009531
894,89.301786,22.83354358388966
895,89.401788,22.993526095898936
896,89.50179000000001,22.799620040319855
897,89.601792,22.92635393063506
898,89.701794,23.211169580888356
899,89.801796,23.5804142341793
900,89.901798,23.30172093803515
901,90.0018,23.042911176611998
902,90.10180199999999,23.235830940820303
903,90.20180400000001,23.30704177221491
904,90.301806,23.090632334259094
905,90.401808,23.219416569832855
906,90.50180999999999,22.848971596090614
907,90.60181200000001,23.018875276416292
908,90.701814,22.916585661579376
909,90.801816,22.467836284487984
910,90.901818,22.86744868638809
911,91.00182000000001,22.777805893613834
912,91.101822,23.007236721995003
913,91.201824,23.077580325387807
914,91.301826,22.991417709061047
915,91.40182800000001,23.478918503047296
916,91.50183,23.417122827421302
917,91.601832,23.44584612550744
918,91.701834,23.606783283203384
919,91.801836,23.12632098218963
920,91.901838,23.39941677122004
921,92.00184,23.417827085247595
922,92.101842,23.326211423400835
923,92.201844,23.405646209507434
924,92.30184600000001,23.275647921277667
925,92.401848,23.09343434466352
926,92.50185,23.272592045641343
927,92.601852,23.17588142611618
928,92.70185400000001,23.21242417524534
929,92.801856,23.267225597453976
930,92.901858,23.15024608360165
931,93.00186,23.276079933402592
932,93.10186200000001,23.45026037709644
933,93.201864,23.082154354617852
934,93.301866,23.38717824455784
935,93.40186800000001,22.681521206876454
936,93.50187,23.018704893981752
937,93.601872,22.96979485423062
938,93.70187399999999,23.312443327083507
939,93.80187600000001,23.621958319876505
940,93.901878,23.38574921549728
941,94.00188,23.87914366052967
942,94.101882,23.760436415283348
943,94.201884,23.920605118688282
944,94.301886,24.386240859043376
945,94.401888,23.40388862644974
946,94.50189,23.29284136503631
947,94.601892,23.156639737721044
948,94.701894,23.509445561950013
949,94.80189600000001,23.304489638214378
950,94.901898,23.306694215501484
951,95.0019,23.215239503415326
952,95.101902,22.870237915478846
953,95.201904,23.189747681946315
954,95.301906,23.235546199152083
955,95.40190799999999,23.163957090751335
956,95.50191000000001,23.559950370447996
957,95.601912,23.368500979689436
958,95.701914,23.41035815653174
959,95.80191599999999,23.35570958333893
960,95.90191800000001,23.501757028107264
961,96.00192,23.009598244231235
962,96.101922,22.90737248516349
963,96.201924,22.811982801654835
964,96.30192600000001,23.384047690248096
965,96.401928,23.22912552816877
966,96.50193,23.154287735062105
967,96.601932,23.2406855787942
968,96.70193400000001,23.287023519316154
969,96.801936,23.31494437105886
970,96.90193800000002,23.317783376532372
971,97.00194,23.094766545075906
972,97.101942,23.04373274527532
973,97.201944,23.31347745886403
974,97.301946,23.55710655315042
975,97.401948,23.187179625763456
976,97.50195,23.396489924241767
977,97.60195200000001,23.349324740660073
978,97.701954,23.480289038983553
979,97.801956,23.533399107487988
980,97.901958,23.15206691940173
981,98.00196000000001,23.199842874213154
982,98.101962,23.258815380898362
983,98.201964,22.766145595758797
984,98.30196600000001,23.0182637683008
985,98.40196800000001,23.074878808952995
986,98.50197,23.02095111188478
987,98.601972,22.81793933972181
988,98.701974,23.23090093936364
989,98.801976,22.55920644451935
990,98.901978,22.865403902833783
991,99.00197999999999,22.889697430888678
992,99.101982,22.877602141850954
993,99.201984,22.8477566953732
994,99.301986,22.81344817786785
995,99.401988,22.38923254568827
996,99.50199,22.785982035168015
997,99.601992,22.59534479745667
998,99.701994,22.825254918403076
999,99.801996,23.044354394115704
1000,99.901998,22.91495512767967
1001,100.002,23.340547720589402
1002,100.10200200000001,23.222553199216755
1003,100.202004,23.323082641234492
1004,100.302006,22.8715747009949
1005,100.402008,22.816398548138338
1006,100.50201000000001,23.03056095490656
1007,100.602012,23.039388460379143
1008,100.70201399999999,22.895676431700974
1009,100.80201600000001,22.9573908261233
1010,100.902018,23.316561216055884
1011,101.00202,23.075778078124532
1012,101.10202199999999,22.9198587191979
1013,101.20202400000001,22.682518091867465
1014,101.302026,22.90940955267429
1015,101.402028,23.452947122308736
1016,101.50203,23.38371514661307
1017,101.60203200000001,23.365819252538138
1018,101.702034,23.702994004143427
1019,101.802036,24.06983302132131
1020,101.902038,24.26576152874416
1021,102.00204000000001,24.4407188279597
1022,102.102042,24.38291901268746
1023,102.20204400000001,24.460661573487208
1024,102.302046,25.502380813979403
1025,102.402048,25.001327478021995
1026,102.50205,24.83898693462961
1027,102.602052,25.40729739990222
1028,102.702054,24.355993815715262
1029,102.802056,24.407390477087112
1030,102.90205800000001,24.786473509146195
1031,103.00206,24.63376511923483
1032,103.102062,24.92964182354983
1033,103.202064,25.289500474479908
1034,103.30206600000001,25.16660822024076
1035,103.402068,25.16692090572127
1036,103.50207,25.740522346411982
1037,103.602072,24.964823473732782
1038,103.70207400000001,25.34298524940607
1039,103.802076,25.509446620529495
1040,103.902078,24.42984583410134
1041,104.00208,24.544458558083974
1042,104.10208200000001,25.07348928576618
1043,104.202084,25.31986650391443
1044,104.302086,25.04320751461357
1045,104.402088,25.03023425608709
1046,104.50209,25.194340865195393
1047,104.602092,24.40725935983752
1048,104.702094,24.960592111038675
1049,104.802096,25.11790371718997
1050,104.902098,25.395673284730314
1051,105.00210000000001,25.005842386584316
1052,105.102102,25.089394666358967
1053,105.202104,25.00520669195431
1054,105.302106,24.79771864603714
1055,105.40210800000001,24.79550507038508
1056,105.50211,24.721941493604017
1057,105.602112,24.877567350244938
1058,105.702114,25.05361314171282
1059,105.80211600000001,25.87826179927816
1060,105.902118,24.577976149383474
1061,106.00211999999999,24.932314349313103
1062,106.10212200000001,25.207797161626253
1063,106.202124,24.661686867064926
1064,106.302126,24.770355607035047
1065,106.40212799999999,24.583228357433082
1066,106.50213000000001,24.586365096013814
1067,106.602132,24.58301892825073
1068,106.702134,24.280956912585324
1069,106.802136,24.778151174709294
1070,106.90213800000001,24.81954975828733
1071,107.00214,24.787935973400856
1072,107.102142,25.07293584869044
1073,107.202144,24.378771499776633
1074,107.30214600000001,24.55708923623625
1075,107.402148,24.124363816755846
1076,107.50215000000001,24.330244956339087
1077,107.602152,24.984174428778854
1078,107.702154,24.61702805300272
1079,107.802156,24.554878765064892
1080,107.902158,24.738615824673197
1081,108.00216,25.56060339024215
1082,108.10216199999999,25.583293559036466
1083,108.20216400000001,25.08391608677844
1084,108.302166,25.43709367746888
1085,108.402168,24.9910549199586
1086,108.50216999999999,25.06916245069467
1087,108.60217200000001,25.254772580082182
1088,108.702174,24.8164758140355
1089,108.802176,25.052283666066476
1090,108.902178,24.78217940619528
1091,109.00218000000001,24.819401239459506
1092,109.102182,24.782156654383694
1093,109.202184,24.933686209557706
1094,109.302186,25.049298124569557
1095,109.40218800000001,25.09148898456327
1096,109.50219,25.137702146916435
1097,109.602192,25.63306119884801
1098,109.702194,24.97088814820595
1099,109.802196,25.158954105852388
1100,109.902198,24.760468758059265
1101,110.0022,24.655230894566078
1102,110.102202,24.498251150792193
1103,110.202204,24.628204530409405
1104,110.30220600000001,24.445135919362592
1105,110.402208,24.21694278865706
1106,110.50221,24.93114204550161
1107,110.602212,24.73319367384686
1108,110.70221400000001,24.536239837555666
1109,110.802216,24.438453367982042
1110,110.902218,24.43776888974359
1111,111.00222,24.856566045479983
1112,111.10222200000001,24.67300843489428
1113,111.202224,24.72982793402249
1114,111.30222599999999,24.52220591963323
1115,111.40222800000001,24.478846197713157
1116,111.50223,25.11892074557229
1117,111.602232,25.19332780955105
1118,111.70223399999999,24.957708362820476
1119,111.80223600000001,25.313867090344342
1120,111.902238,24.272839868075046
1121,112.00224,24.801660819681835
1122,112.102242,24.958627608201834
1123,112.20224400000001,25.450288518844598
1124,112.302246,25.141904253314394
1125,112.402248,25.148299716329664
1126,112.50225,26.243421135428235
1127,112.60225200000001,25.81405356923242
1128,112.702254,24.909660639819133
1129,112.80225600000001,25.066445943581005
1130,112.902258,25.216661463509077
1131,113.00226,24.73101886109219
1132,113.102262,25.172137087882795
1133,113.202264,24.428641937271852
1134,113.302266,25.061679830601868
1135,113.40226799999999,25.107335747878533
1136,113.50227000000001,24.547657822993916
1137,113.602272,24.700610034316757
1138,113.702274,24.22881412687013
1139,113.80227599999999,24.292584459876466
1140,113.90227800000001,24.340923302446864
1141,114.00228,24.07795734658228
1142,114.102282,24.25609350130655
1143,114.202284,23.727903430845878
1144,114.30228600000001,23.972458613608165
1145,114.402288,24.380059331766365
1146,114.50229,23.998876221781305
1147,114.602292,23.945742463651904
1148,114.70229400000001,24.258421350917786
1149,114.802296,23.890174002846013
1150,114.902298,24.82202156947225
1151,115.0023,24.663418164603268
1152,115.102302,24.4385631533362
1153,115.202304,25.397798441594166
1154,115.302306,25.45359894075191
1155,115.402308,25.378051297186374
1156,115.50231,25.555804199577416
1157,115.60231200000001,26.053137792719827
1158,115.702314,25.121891123837884
1159,115.802316,25.224314555428915
1160,115.902318,24.48422179572793
1161,116.00232000000001,24.19285996183351
1162,116.102322,24.66120329232897
1163,116.202324,24.61249531281197
1164,116.30232600000001,24.664858644890337
1165,116.40232800000001,24.24398929869851
1166,116.50233,24.6598457844721
1167,116.602332,25.897974435892248
1168,116.70233400000001,25.954248886502512
1169,116.802336,26.383190779901188
1170,116.902338,26.841729459734267
1171,117.00233999999999,27.142997601350302
1172,117.10234200000001,26.869106818224942
1173,117.202344,26.822408544741624
1174,117.302346,25.54441047627043
1175,117.402348,25.586594541988525
1176,117.50235,25.116610396137244
1177,117.602352,24.658253893905822
1178,117.702354,25.125079754820074
1179,117.802356,24.976800269042368
1180,117.902358,24.796456630940444
1181,118.00236,24.31380129705925
1182,118.10236200000001,24.688533541186786
1183,118.202364,24.75673652336905
1184,118.302366,24.44333520086259
1185,118.402368,24.10286541870958
1186,118.50237,24.60377347357148
1187,118.602372,24.76612344238914
1188,118.70237399999999,24.460306868146823
1189,118.80237600000001,24.68797820832288
1190,118.902378,24.916537999451425
1191,119.00238,24.98603083025085
1192,119.10238199999999,25.08098049865215
1193,119.20238400000001,24.698499346800812
1194,119.302386,24.791356444436058
1195,119.402388,24.135786758127924
1196,119.50239,24.15302973928323
1197,119.60239200000001,24.43480211791597
1198,119.702394,24.950731715470557
1199,119.802396,25.112113214703033
1200,119.902398,24.58439345563917
1201,120.00240000000001,24.65634499896885
1202,120.102402,24.18157096018344
1203,120.20240400000002,24.72516514293332
1204,120.302406,24.507154047315776
1205,120.402408,24.575720924419528
1206,120.50241,24.637622943599897
1207,120.602412,24.595503802869136
1208,120.702414,24.78201579500259
1209,120.802416,24.613316987473745
1210,120.90241800000001,24.40362117118979
1211,121.00242,24.83515356700071
1212,121.102422,24.678218263555614
1213,121.202424,24.64978250469611
1214,121.30242600000001,24.46127325184945
1215,121.402428,24.925067738433604
1216,121.50243,24.399357555709184
1217,121.60243200000001,24.309815004032902
1218,121.70243400000001,25.235782371754986
1219,121.802436,25.19429979253164
1220,121.902438,25.28731346387972
1221,122.00244,25.339229295040557
1222,122.102442,25.743179875315082
1223,122.202444,25.397848018333804
1224,122.302446,25.32044392264536
1225,122.402448,25.24496000524602
1226,122.50245,25.442723130146696
1227,122.602452,25.663885201006615
1228,122.702454,26.13636661304951
1229,122.802456,25.703489504339412
1230,122.902458,25.77021988421625
1231,123.00246000000001,24.916459830977878
1232,123.102462,25.050140551855552
1233,123.202464,24.804958247325985
1234,123.302466,25.823200422648966
1235,123.40246800000001,25.91349285291403
1236,123.50247,26.094410587134735
1237,123.602472,26.045511219734774
1238,123.702474,25.846697154943925
1239,123.80247600000001,26.145072290500885
1240,123.902478,25.81721398892647
1241,124.00247999999999,26.35406898504325
1242,124.10248200000001,26.111268581894784
1243,124.202484,26.17456090578593
1244,124.302486,25.73040109347385
1245,124.40248799999999,26.309118843281933
1246,124.50249000000001,26.1901116195986
1247,124.602492,26.465332107954083
1248,124.702494,26.241618437110915
1249,124.802496,25.571733840284562
1250,124.90249800000001,25.860645742859727
1251,125.0025,26.099663283084965
1252,125.102502,26.114625563358782
1253,125.202504,25.884438709121046
1254,125.30250600000001,26.1384526269592
1255,125.402508,26.344126346142115
1256,125.50251000000002,25.84379342282292
1257,125.602512,26.208524064354247
1258,125.702514,26.40809308673349
1259,125.802516,26.147001179804395
1260,125.902518,25.32726894125576
1261,126.00252,25.746688240232753
1262,126.102522,25.701450783215304
1263,126.20252400000001,25.5874328351373
1264,126.302526,26.059228890058392
1265,126.402528,26.094548806611606
1266,126.50253,25.931072765155154
1267,126.60253200000001,26.771078710379925
1268,126.702534,27.413564237084934
1269,126.802536,26.669570246738886
1270,126.902538,27.418145960433893
1271,127.00254000000001,27.69886449120068
1272,127.102542,26.45419984106446
1273,127.202544,26.844303387426407
1274,127.302546,26.558589339135853
1275,127.40254800000001,27.249417850138087
1276,127.50255,26.67264161534521
1277,127.602552,27.304927764268953
1278,127.702554,27.59349463039215
1279,127.802556,26.852798112455545
1280,127.902558,26.57626284766351
1281,128.00256,26.360704822195352
1282,128.102562,26.88528360163456
1283,128.202564,27.007268127105945
1284,128.302566,27.130155585352295
1285,128.402568,26.507997312560573
1286,128.50257000000002,26.006704012404676
1287,128.602572,26.29335389358654
1288,128.702574,26.467416190943947
1289,128.802576,26.34098226277416
1290,128.902578,26.131136229724028
1291,129.00258,25.929441001307165
1292,129.102582,25.965812578621758
1293,129.202584,26.267052524929642
1294,129.302586,26.252695648025025
1295,129.402588,26.663142199758077
1296,129.50259,26.213774819452173
1297,129.60259200000002,25.61261184473451
1298,129.702594,26.616167429442317
1299,129.802596,27.08317538797901
1300,129.902598,27.2160293879336
1301,130.0026,26.2411672112243
1302,130.102602,25.933817091978117
1303,130.202604,26.424642637610066
1304,130.302606,26.923605570739838
1305,130.40260800000001,26.24595328390468
1306,130.50261,26.680666637493868
1307,130.60261200000002,26.572471762322216
1308,130.702614,26.58304389606365
1309,130.802616,26.594119331751344
1310,130.902618,26.99604742000252
1311,131.00262,26.358677664982856
1312,131.102622,26.981448535413264
1313,131.20262400000001,26.813565077335113
1314,131.30262599999998,27.04806516204086
1315,131.402628,26.131999312746483
1316,131.50263,26.28968234571678
1317,131.602632,26.929132354215493
1318,131.702634,27.273433497104246
1319,131.802636,26.58764626293322
1320,131.902638,26.489330806665716
1321,132.00264,26.294744022266343
1322,132.102642,26.077567916707732
1323,132.202644,26.698057775173147
1324,132.302646,26.32314471081134
1325,132.40264800000003,26.607870279922068
1326,132.50265,26.457871791178366
1327,132.602652,26.519031441731183
1328,132.702654,26.423992665596508
1329,132.802656,26.575248902510435
1330,132.902658,26.705727880370695
1331,133.00266,26.23122804825492
1332,133.102662,26.749916559689858
1333,133.202664,27.05289006259019
1334,133.302666,26.970660150495082
1335,133.402668,26.239689222142104
1336,133.50267000000002,25.77207544783525
1337,133.60267199999998,25.727082898388158
1338,133.702674,26.337996842372263
1339,133.80267600000002,26.648709272682712
1340,133.902678,26.368995482796795
1341,134.00268,26.912568812784855
1342,134.102682,27.08272265359163
1343,134.202684,26.721108345911848
1344,134.30268600000002,26.77576237259332
1345,134.40268799999998,26.58515998739206
1346,134.50269,25.97858582081605
1347,134.60269200000002,26.299409564593045
1348,134.70269399999998,26.341820466041952
1349,134.802696,26.458283394215236
1350,134.90269800000002,26.846249716748414
1351,135.0027,26.772836403535823
1352,135.102702,26.40908403640562
1353,135.202704,26.63991852730185
1354,135.302706,26.79419984870749
1355,135.40270800000002,26.51197009979327
1356,135.50270999999998,26.227762748395616
1357,135.602712,26.533424642695856
1358,135.70271400000001,26.838544247497907
1359,135.802716,26.437959122551945
1360,135.902718,26.847488367572183
1361,136.00272,26.682135064988405
1362,136.102722,26.99909050710029
1363,136.20272400000002,26.736908159778437
1364,136.302726,26.211066075008578
1365,136.402728,26.263795196413916
1366,136.50273,26.220718995826346
1367,136.602732,26.529935637956044
1368,136.702734,26.74358590182941
1369,136.802736,26.67442869933557
1370,136.902738,26.76629864105541
1371,137.00274,26.896607011378116
1372,137.102742,27.361999677262034
1373,137.202744,27.287272012738693
1374,137.302746,27.323953013083123
1375,137.402748,27.087509455315896
1376,137.50275,26.841537746684416
1377,137.602752,26.38976271167862
1378,137.70275400000003,25.891968691367058
1379,137.802756,26.33536914793433
1380,137.902758,26.604238047928423
1381,138.00276000000002,27.109569844728135
1382,138.102762,27.309343713518963
1383,138.202764,26.75861947348111
1384,138.302766,26.57124901435645
1385,138.402768,26.512786683061506
1386,138.50277,26.82494936232865
1387,138.602772,26.866173964068977
1388,138.702774,26.244454119701114
1389,138.80277600000002,26.03368084081457
1390,138.90277799999998,26.400811787191493
1391,139.00278,25.96334811782312
1392,139.10278200000002,25.177771934399317
1393,139.202784,25.302447087010425
1394,139.302786,25.48046436755313
1395,139.402788,25.042279892886533
1396,139.50279,24.87904351226128
1397,139.60279200000002,25.22339613376785
1398,139.70279399999998,25.387032611637366
1399,139.802796,25.533881055397217
1400,139.90279800000002,25.33580261554844
1401,140.0028,25.1408822357668
1402,140.102802,25.182280998972292
1403,140.20280400000001,25.067415046707943
1404,140.302806,25.03977461858317
1405,140.402808,25.63951526021777
1406,140.50281,25.146781599157343
1407,140.602812,25.18411754966515
1408,140.70281400000002,25.019657605229703
1409,140.80281599999998,25.032932582094343
1410,140.902818,25.182253512001626
1411,141.00282,24.931275851050103
1412,141.102822,24.52289740783904
1413,141.202824,24.509950416855666
1414,141.302826,24.52427435254428
1415,141.402828,25.19433687669127
1416,141.50283000000002,25.259620370234092
1417,141.602832,25.328260738566467
1418,141.702834,25.26678969257865
1419,141.802836,25.451717083268594
1420,141.902838,25.538928327991936
1421,142.00284,24.798043219022553
1422,142.102842,25.47248033010011
1423,142.202844,25.294484701895573
1424,142.302846,25.011488731691085
1425,142.402848,25.066348709678778
1426,142.50285,25.173252706910883
1427,142.602852,24.812916756864016
1428,142.702854,25.375019477545067
1429,142.802856,25.428468305603634
1430,142.902858,25.38455492182642
1431,143.00286000000003,24.475449636981192
1432,143.102862,23.675091030838615
1433,143.202864,23.918135520203432
1434,143.30286600000002,24.194267493168404
1435,143.402868,23.945426560514523
1436,143.50287,24.087902745933555
1437,143.602872,23.898475757545263
1438,143.702874,24.331385442218433
1439,143.802876,24.53489339772394
1440,143.902878,25.725105865336698
1441,144.00288,24.90029677192611
1442,144.10288200000002,24.98643614192354
1443,144.20288399999998,24.86545994011633
1444,144.302886,24.83966814212238
1445,144.40288800000002,24.603326514365985
1446,144.50289,25.12915932532587
1447,144.602892,24.855921066857025
1448,144.702894,24.34181633857071
1449,144.802896,24.317986800046206
1450,144.90289800000002,24.545116297781842
1451,145.00289999999998,24.40085636492901
1452,145.102902,24.745104696803548
1453,145.20290400000002,24.42516097194882
1454,145.302906,24.32411296782148
1455,145.402908,24.29268828749564
1456,145.50291,24.25801341122178
1457,145.602912,23.984616157432928
1458,145.702914,24.04574600721372
1459,145.802916,24.453019076630454
1460,145.902918,24.362080760553713
1461,146.00292000000002,24.683228676334316
1462,146.10292199999998,24.523110853219244
1463,146.202924,24.298577332204477
1464,146.302926,24.042707415527033
1465,146.402928,24.6221153627678
1466,146.50293,23.946909527849073
1467,146.602932,24.510841856753796
1468,146.702934,24.552355085443168
1469,146.80293600000002,25.433603112016147
1470,146.902938,24.954585676124832
1471,147.00294,23.965450341889163
1472,147.102942,23.078773409752504
1473,147.202944,23.396642799178565
1474,147.302946,23.23490790238864
1475,147.402948,23.230491241117125
1476,147.50295,22.835343194322185
1477,147.602952,22.716358187969668
1478,147.702954,22.66332669518789
1479,147.802956,22.932593391084723
1480,147.902958,23.38423110211848
1481,148.00296,23.23948213615436
1482,148.102962,23.496858209176665
1483,148.202964,23.161512420704316
1484,148.30296600000003,23.059069302415722
1485,148.402968,22.98498401121146
1486,148.50297,23.208439165216983
1487,148.60297200000002,23.39773534410801
1488,148.702974,23.18543749281978
1489,148.802976,23.58322189842975
1490,148.902978,23.60917422938578
1491,149.00298,23.27159934279051
1492,149.102982,23.124634166024354
1493,149.202984,23.438511513615573
1494,149.302986,23.540190565364934
1495,149.40298800000002,23.158073650813044
1496,149.50298999999998,23.47606484298957
1497,149.602992,23.235596945445952
1498,149.70299400000002,23.50029702810025
1499,149.802996,23.30907148330375
1500,149.902998,22.94462489563951
1501,150.003,23.384031707948274
1502,150.103002,23.78260069242586
1503,150.20300400000002,23.299355689036087
1504,150.30300599999998,23.15283829966059
1505,150.403008,23.712163047459686
1506,150.50301000000002,23.616427623027437
1507,150.603012,23.334798249399466
1508,150.703014,23.326614842991926
1509,150.803016,23.98879287591482
1510,150.903018,24.461891393712282
1511,151.00302,24.820262468048213
1512,151.103022,24.754662236241806
1513,151.203024,24.70178096600813
1514,151.30302600000002,24.404863563273114
1515,151.40302799999998,24.20506221076777
1516,151.50303,24.292927074873717
1517,151.603032,24.38674837232365
1518,151.703034,24.183041536543456
1519,151.803036,24.576041329919377
1520,151.903038,24.10754865643406
1521,152.00304,24.27539510434818
1522,152.10304200000002,24.32532315732551
1523,152.203044,24.230344380582675
1524,152.303046,23.92682209141096
1525,152.403048,23.70084065745918
1526,152.50305000000003,23.98426525857246
1527,152.603052,24.298407190930547
1528,152.703054,24.110332811567172
1529,152.803056,23.567883480341873
1530,152.903058,23.281861862434027
1531,153.00306,22.856932101177843
1532,153.103062,23.053788462361375
1533,153.203064,23.111840048887306
1534,153.303066,23.054067188989837
1535,153.403068,22.844261453426103
1536,153.50307,22.94869140850797
1537,153.60307200000003,23.13912047162715
1538,153.703074,23.017473338619748
1539,153.803076,23.043829576520256
1540,153.90307800000002,22.74186564140223
1541,154.00308,22.95404386049157
1542,154.103082,23.469033833790228
1543,154.203084,23.71852168771726
1544,154.303086,23.517039301915656
1545,154.403088,23.33851226419242
1546,154.50309,23.11812482429934
1547,154.603092,22.816866158249272
1548,154.70309400000002,22.53401644483591
1549,154.80309599999998,23.26880022696448
1550,154.903098,23.22241547175147
1551,155.00310000000002,22.81926605815774
1552,155.103102,23.03680334364034
1553,155.203104,23.313583228141415
1554,155.303106,23.021106592490018
1555,155.403108,23.281861651754227
1556,155.50311000000002,23.134272888572323
1557,155.60311199999998,22.94255921298045
1558,155.703114,22.88809403679014
1559,155.80311600000002,22.635053937107656
1560,155.903118,22.577396203517605
1561,156.00312,22.806579805418547
1562,156.103122,22.718943648193047
1563,156.203124,23.29173185017721
1564,156.303126,22.87524189992359
1565,156.403128,23.110914894080267
1566,156.50313,22.946495402805034
1567,156.60313200000002,22.819202780649103
1568,156.70313399999998,23.000073195819013
1569,156.803136,23.01376393332501
1570,156.903138,22.689622549965563
1571,157.00314,22.62521294754432
1572,157.103142,22.48906152872087
1573,157.203144,22.69961768436025
1574,157.303146,23.307568987454133
1575,157.40314800000002,23.390123047953782
1576,157.50315,23.421771429429832
1577,157.603152,24.197622131862026
1578,157.703154,24.121244676847354
1579,157.80315600000003,23.619931564632275
1580,157.903158,23.59191641319778
1581,158.00316,23.556403384458743
1582,158.103162,24.14829799809659
1583,158.203164,23.58165902730726
1584,158.303166,23.308502884847588
1585,158.403168,23.73415555284861
1586,158.50317,23.641989367631375
1587,158.603172,23.43129126012145
1588,158.703174,24.04370495198268
1589,158.803176,23.723640738856222
1590,158.90317800000003,23.929399301186578
1591,159.00318,23.925704033573897
1592,159.103182,23.7161293371819
1593,159.20318400000002,23.505720906220795
1594,159.303186,24.099522377406732
1595,159.403188,24.012269451853083
1596,159.50319,23.843607018919524
1597,159.603192,23.241495113606373
1598,159.70319400000002,23.27914669127258
1599,159.80319599999999,23.623303165917047
1600,159.903198,23.589045447879407
1601,160.00320000000002,24.013243488573355
1602,160.10320199999998,23.823496531249948
1603,160.203204,23.601030068007706
1604,160.30320600000002,24.10171960450192
1605,160.403208,23.7483800039991
1606,160.50321,23.78413425230157
1607,160.603212,23.5056461112389
1608,160.703214,23.71127892722156
1609,160.80321600000002,23.679051241538247
1610,160.90321799999998,23.620296619471823
1611,161.00322,23.47375182074254
1612,161.10322200000002,23.414541192241806
1613,161.203224,23.76735718745783
1614,161.303226,23.775605068111556
1615,161.403228,23.62576602040714
1616,161.50323,23.334194391599066
1617,161.603232,23.49260844233034
1618,161.703234,23.39886496451884
1619,161.803236,22.839746584077098
1620,161.90323800000002,23.402906788251368
1621,162.00323999999998,23.687116527459636
1622,162.103242,23.218796388919454
1623,162.203244,22.92625269309741
1624,162.303246,23.177965664744264
1625,162.403248,23.66748711135395
1626,162.50325,23.668844514115875
1627,162.603252,23.44942076817203
1628,162.70325400000002,23.659985317794554
1629,162.803256,23.554106085061445
1630,162.903258,23.744923693011355
1631,163.00326,23.888880678237943
1632,163.10326200000003,23.72292265743625
1633,163.203264,23.992047401681873
1634,163.303266,24.036099167306645
1635,163.403268,23.714420023663138
1636,163.50327,24.037760898265315
1637,163.603272,23.861956000964707
1638,163.703274,24.239326679710786
1639,163.803276,23.979118867074963
1640,163.903278,23.68737092522683
1641,164.00328,22.913300598602394
1642,164.103282,22.97402041335911
1643,164.20328400000002,22.868794231607882
1644,164.30328599999999,22.836977656067265
1645,164.403288,22.398731630481414
1646,164.50329000000002,23.210477697070804
1647,164.603292,23.39831981194982
1648,164.703294,23.09136257909768
1649,164.803296,23.371961158685494
1650,164.903298,24.485247903616127
1651,165.00330000000002,24.047116544349652
1652,165.10330199999999,23.967597800743267
1653,165.203304,23.62722633689824
1654,165.30330600000002,23.619685729416727
1655,165.40330799999998,23.637703624777533
1656,165.50331,23.696318661187263
1657,165.60331200000002,23.638103030100652
1658,165.703314,23.489806316277733
1659,165.803316,23.43387849527339
1660,165.903318,23.592003511229212
1661,166.00332,23.73790605356845
1662,166.10332200000002,23.6949943056222
1663,166.20332399999998,23.5607320169737
1664,166.303326,23.40833262219872
1665,166.40332800000002,23.43198023904346
1666,166.50333,23.455708187760298
1667,166.603332,23.036643314184005
1668,166.703334,22.623968915469064
1669,166.803336,22.445056140378536
1670,166.90333800000002,23.26016504752969
1671,167.00334,23.2570210366297
1672,167.103342,23.46436083289045
1673,167.20334400000002,23.50819185009227
1674,167.30334599999998,23.09951072237861
1675,167.403348,23.44226393928748
1676,167.50335,22.833548612671134
1677,167.603352,22.942664987218272
1678,167.703354,23.263394475876858
1679,167.803356,23.77877955143367
1680,167.903358,23.645916795500487
1681,168.00336000000001,23.4069111714088
1682,168.103362,23.742760189066754
1683,168.203364,23.566466650262928
1684,168.303366,23.795420336793484
1685,168.40336800000003,23.76198978503591
1686,168.50337,23.28045918330298
1687,168.603372,23.080329037771133
1688,168.703374,23.641906727181148
1689,168.803376,23.487181190411107
1690,168.903378,23.066066842373854
1691,169.00338,22.70535821940266
1692,169.103382,23.074245296267758
1693,169.203384,23.309282770403858
1694,169.303386,23.028976328016327
1695,169.403388,23.152209273534574
1696,169.50339000000002,23.17887452678543
1697,169.60339199999999,23.488261683926428
1698,169.703394,23.11634190733813
1699,169.80339600000002,23.38275338663607
1700,169.903398,22.893017064115526
1701,170.0034,23.16013858434987
1702,170.103402,23.58668694402869
1703,170.203404,23.536523686343966
1704,170.30340600000002,23.380547364623478
1705,170.40340799999998,23.637833349612755
1706,170.50341,23.348246353461192
1707,170.60341200000002,23.33489525662102
1708,170.70341399999998,23.60141316497657
1709,170.803416,23.618988227260584
1710,170.90341800000002,23.955732231897567
1711,171.00342,23.5338939647806
1712,171.103422,23.588213128871626
1713,171.203424,23.06900827267073
1714,171.303426,23.445816269562116
1715,171.40342800000002,23.57925508860131
1716,171.50342999999998,24.05970602013961
1717,171.603432,23.756785834429895
1718,171.70343400000002,24.023549781630095
1719,171.803436,24.416497130217365
1720,171.903438,23.566352990993078
1721,172.00344,23.265988764966256
1722,172.103442,23.163686569922664
1723,172.20344400000002,23.605317118472513
1724,172.303446,23.711090389659066
1725,172.403448,23.419665528549366
1726,172.50345000000002,23.851232925861435
1727,172.603452,23.883420891610264
1728,172.703454,24.321830948938867
1729,172.803456,24.039632687809156
1730,172.903458,23.41315618911559
1731,173.00346,23.921130963002064
1732,173.103462,23.53043159429403
1733,173.203464,23.83152863561139
1734,173.30346600000001,23.79809979048197
1735,173.403468,23.57805817353819
1736,173.50347,23.709607403244227
1737,173.603472,24.013736541048207
1738,173.70347400000003,23.78303123294911
1739,173.803476,23.43644548382009
1740,173.903478,23.298979039464246
1741,174.00348000000002,23.466381240908103
1742,174.103482,23.51098192489222
1743,174.203484,23.70661094224546
1744,174.303486,23.362943704954766
1745,174.403488,23.393791986734296
1746,174.50349,23.431234617261413
1747,174.603492,24.001664693170845
1748,174.703494,24.23066275779779
1749,174.80349600000002,24.037436159979134
1750,174.90349799999998,24.192347790160422
1751,175.0035,24.58113411747181
1752,175.10350200000002,24.319804610083118
1753,175.203504,24.057296939013224
1754,175.303506,24.180823300648136
1755,175.403508,24.67995843349361
1756,175.50351,24.259463605454606
1757,175.60351200000002,24.706149376258693
1758,175.70351399999998,25.037273868466546
1759,175.803516,24.715588301043272
1760,175.90351800000002,24.248362468321485
1761,176.00351999999998,24.14160402283148
1762,176.103522,24.27440016835267
1763,176.20352400000002,24.814911724451765
1764,176.303526,23.927861838584786
1765,176.403528,23.865766671084586
1766,176.50353,24.69501972291972
1767,176.603532,24.328041383014146
1768,176.70353400000002,23.855547426964264
1769,176.80353599999998,24.056162665044063
1770,176.903538,23.511165088839338
1771,177.00354000000002,23.738808120928027
1772,177.103542,24.468198342690002
1773,177.203544,24.216400172336126
1774,177.303546,24.52018210846066
1775,177.403548,24.799660066118015
1776,177.50355000000002,25.27141641689619
1777,177.603552,25.305527980896944
1778,177.703554,25.304823684907852
1779,177.80355600000001,25.61039148051605
1780,177.903558,24.948396889332233
1781,178.00356,24.693360767384256
1782,178.103562,24.919002553546626
1783,178.203564,24.370702375306525
1784,178.303566,24.83802153004756
1785,178.403568,25.281920008398433
1786,178.50357,25.547661820213634
1787,178.603572,25.683389961653983
1788,178.703574,25.602978512964835
1789,178.803576,24.80865913560327
1790,178.903578,24.759143449208068
1791,179.00358000000003,25.143621967663258
1792,179.103582,24.69970491971733
1793,179.203584,24.692317315369014
1794,179.30358600000002,25.461354898932594
1795,179.403588,24.794149968424122
1796,179.50359,24.705080493157364
1797,179.603592,24.462790359637822
1798,179.703594,24.95691765345002
1799,179.803596,24.95951883166874
1800,179.903598,24.613837879916208
1801,180.0036,24.59127857712353
1802,180.10360200000002,24.990177266331706
1803,180.20360399999998,24.90440443836036
1804,180.303606,24.81039885932702
1805,180.40360800000002,25.07219628265854
1806,180.50361,24.58739579146275
1807,180.603612,23.88127383446495
1808,180.703614,24.554603625470726
1809,180.803616,24.62331210415433
1810,180.90361800000002,24.81829237343015
1811,181.00361999999998,24.90600765512394
1812,181.103622,24.780176734386615
1813,181.20362400000002,24.343881474062293
1814,181.30362599999998,24.064409965577738
1815,181.403628,23.963234810342325
1816,181.50363000000002,24.210200146935648
1817,181.603632,23.818816895417612
1818,181.703634,24.507295932667954
1819,181.803636,24.203472775732155
1820,181.903638,24.907699326743053
1821,182.00364000000002,24.71342297275433
1822,182.10364199999998,24.083082113067036
1823,182.203644,24.70551112973635
1824,182.30364600000001,24.73629551920278
1825,182.403648,25.051761340808
1826,182.50365,25.420848653924857
1827,182.603652,24.651857296065995
1828,182.703654,24.304043184511183
1829,182.80365600000002,25.195341535025392
1830,182.903658,24.819102761414218
1831,183.00366,24.91712564607342
1832,183.103662,25.30509004525235
1833,183.203664,24.995866508753934
1834,183.303666,24.845719157607
1835,183.403668,24.827055634141274
1836,183.50367,24.859881296452933
1837,183.603672,24.72685603225301
1838,183.703674,24.471151044284927
1839,183.803676,24.47873641535573
1840,183.903678,24.96840108008952
1841,184.00368,24.31923486459876
1842,184.103682,24.833398791416943
1843,184.203684,24.748982693078425
1844,184.30368600000003,24.599533426193158
1845,184.403688,24.798654552567914
1846,184.50369,25.096694985403282
1847,184.60369200000002,24.3474432644315
1848,184.703694,24.7026426732496
1849,184.803696,24.890251955518103
1850,184.903698,24.88300313669123
1851,185.0037,24.83968634501785
1852,185.103702,24.52394273355143
1853,185.203704,24.863406077488182
1854,185.303706,24.90417145327565
1855,185.40370800000002,25.286798564956623
1856,185.50370999999998,25.036191020126655
1857,185.603712,24.89847845481461
1858,185.70371400000002,24.978744932705332
1859,185.803716,24.60615703686126
1860,185.903718,25.101281076491624
1861,186.00372,24.958764593376948
1862,186.103722,25.102778775477855
1863,186.20372400000002,25.0396661684419
1864,186.30372599999998,24.872009348797853
1865,186.403728,24.785097899311
1866,186.50373000000002,24.970340264812815
1867,186.603732,24.890883611080156
1868,186.703734,24.88113007106242
1869,186.80373600000001,25.04949005984113
1870,186.903738,24.873776888248923
1871,187.00374,24.875987680186547
1872,187.103742,24.066194580669386
1873,187.203744,24.37753199575114
1874,187.30374600000002,24.153663830125467
1875,187.40374799999998,23.405989882694445
1876,187.50375,24.121870478521682
1877,187.60375200000001,24.231354574300433
1878,187.703754,23.511899077140335
1879,187.803756,24.16331508069877
1880,187.903758,23.727919274411466
1881,188.00376,24.028287686969477
1882,188.10376200000002,24.56606686863668
1883,188.203764,24.019578021413736
1884,188.303766,23.642856621966743
1885,188.403768,23.911061510517843
1886,188.50377,23.866973240877382
1887,188.603772,24.21581309795228
1888,188.703774,24.004627845137467
1889,188.803776,24.000691728620122
1890,188.903778,23.928835676690085
1891,189.00378,23.642038407552846
1892,189.103782,23.753374881272894
1893,189.203784,23.32507792816217
1894,189.303786,23.72794295434864
1895,189.403788,23.706379295758776
1896,189.50379,23.697173144620407
1897,189.60379200000003,23.331164349700252
1898,189.703794,23.34820856888031
1899,189.803796,23.63121003217659
1900,189.90379800000002,23.462490260201744
1901,190.0038,23.297809557929984
1902,190.103802,23.31250968703805
1903,190.203804,24.109728978085055
1904,190.303806,24.062238935377174
1905,190.403808,23.86910940333541
1906,190.50381,23.715920641749758
1907,190.603812,23.353970653598033
1908,190.70381400000002,23.775074810266116
1909,190.80381599999998,24.414844788784386
1910,190.903818,24.027342862746746
1911,191.00382000000002,24.04368191116598
1912,191.103822,23.94712032710002
1913,191.203824,24.011208050828664
1914,191.30382600000002,23.719746509666386
1915,191.403828,24.05969546922281
1916,191.50383000000002,23.880934987876497
1917,191.60383199999998,23.88616082514724
1918,191.703834,23.705207606474733
1919,191.80383600000002,23.74306069415494
1920,191.903838,24.168185731261932
1921,192.00384,24.68972165852168
1922,192.10384200000001,24.332429650762986
1923,192.203844,24.134978062237906
1924,192.303846,24.18930085192547
1925,192.403848,24.24732651191728
1926,192.50385,24.368008438840956
1927,192.60385200000002,23.871320354866228
1928,192.70385399999998,24.26571644243132
1929,192.803856,23.671435375776742
1930,192.903858,23.537474917506298
1931,193.00386,23.397122329136273
1932,193.103862,24.351786630937596
1933,193.203864,23.44942088758061
1934,193.303866,23.80168273672706
1935,193.40386800000002,23.454873586003533
1936,193.50387,23.560706453409153
1937,193.603872,23.924552134486333
1938,193.703874,23.659266803689047
1939,193.80387600000003,23.596738311805872
1940,193.903878,23.48968374217281
1941,194.00388,23.887810358472322
1942,194.103882,23.566729553350335
1943,194.203884,23.042588486782048
1944,194.303886,23.121269872857834
1945,194.403888,23.679218014369496
1946,194.50389,23.314332421436998
1947,194.603892,23.18940629544187
1948,194.703894,23.28178979950931
1949,194.803896,23.46163929220982
1950,194.90389800000003,23.347411025629025
1951,195.0039,23.243778138096904
1952,195.103902,24.055571411376125
1953,195.20390400000002,23.96797193940321
1954,195.303906,23.56785789356145
1955,195.403908,23.296511232039187
1956,195.50391,23.61672724377497
1957,195.603912,23.56284633732692
1958,195.703914,23.572564180858706
1959,195.803916,23.64853115406672
1960,195.903918,23.46790289572635
1961,196.00392000000002,22.719941234823143
1962,196.10392199999998,23.246553841583168
1963,196.203924,23.11507236622724
1964,196.30392600000002,23.139568786776987
1965,196.403928,23.10616275748748
1966,196.50393,23.670754358922032
1967,196.60393200000001,23.198259220288907
1968,196.703934,22.924551931572687
1969,196.80393600000002,23.179130994122698
1970,196.90393799999998,23.506452675998517
1971,197.00394,23.40906688632083
1972,197.10394200000002,23.179068479361877
1973,197.203944,23.224903857211014
1974,197.303946,23.49499281828555
1975,197.403948,23.279545894181492
1976,197.50395,24.287028355553787
1977,197.603952,24.16865351595035
1978,197.703954,23.75517446857048
1979,197.803956,23.761922085215314
1980,197.90395800000002,23.598204764823656
1981,198.00395999999998,23.634249613252514
1982,198.103962,23.638541116754762
1983,198.203964,23.904934488489403
1984,198.303966,24.17103457269564
1985,198.403968,23.436640672931688
1986,198.50397,23.811479476140182
1987,198.603972,23.839166638124347
1988,198.70397400000002,23.57742287669339
1989,198.803976,23.64186258539593
1990,198.903978,24.000949677485632
1991,199.00398,24.15250070372085
1992,199.10398200000003,23.894936294974986
1993,199.203984,24.03451467775642
1994,199.303986,23.460605314954858
1995,199.403988,24.131282305864495
1996,199.50399,24.204324138636984
1997,199.603992,24.25168870570473
1998,199.703994,24.168862592619366
1999,199.803996,24.293952148536036
2000,199.903998,24.155797948789576
2001,200.004,23.93292074260427
2002,200.104002,23.952384898997536
2003,200.20400400000003,23.982385194150325
2004,200.304006,23.7818103858761
2005,200.404008,23.76817621270438
2006,200.50401000000002,23.865701024176694
2007,200.604012,24.098101971749944
2008,200.704014,23.656475895634784
2009,200.804016,24.05315928290954
2010,200.904018,23.75951295757606
2011,201.00402000000003,23.8430604189374
2012,201.104022,23.642567444290037
2013,201.204024,23.299271454297095
2014,201.30402600000002,23.454870047654087
2015,201.40402799999998,23.041960470215077
2016,201.50403,23.373936876692103
2017,201.60403200000002,23.382509581677944
2018,201.704034,23.765329588048914
2019,201.804036,23.447973251507612
2020,201.904038,23.60660353520753
2021,202.00404,23.618262150254495
2022,202.10404200000002,23.02654923711308
2023,202.20404399999998,23.43690924307326
2024,202.304046,23.434205678940053
2025,202.40404800000002,23.044401819426895
2026,202.50405,22.822449095497472
2027,202.604052,22.713611112981962
2028,202.704054,22.76661584013055
2029,202.804056,22.727311781373494
2030,202.904058,23.251834160248652
2031,203.00406,22.741839091220513
2032,203.104062,23.03402065411497
2033,203.20406400000002,22.944719303987554
2034,203.30406599999998,23.179957805724044
2035,203.404068,23.048979819027355
2036,203.50407,23.001277590070078
2037,203.604072,23.298121502162722
2038,203.704074,23.324397662079836
2039,203.804076,23.31516963236691
2040,203.904078,23.3430013910717
2041,204.00408000000002,23.27488171606849
2042,204.104082,24.01127434897077
2043,204.204084,23.627923252254615
2044,204.304086,23.58219235112925
2045,204.40408800000003,23.20198155771587
2046,204.50409,23.159236127406906
2047,204.604092,23.567597424088703
2048,204.704094,23.11207294226328
2049,204.804096,23.373874466446132
2050,204.904098,23.322896369693925
2051,205.0041,23.129764163250492
2052,205.104102,23.78173922989818
2053,205.204104,23.283122015010196
2054,205.304106,23.145152835816894
2055,205.404108,23.472276489782836
2056,205.50411000000003,23.480979515340803
2057,205.604112,23.66230633439807
2058,205.704114,23.821519772717046
2059,205.80411600000002,23.767920325102743
2060,205.904118,23.31996539902729
2061,206.00412,23.91363652556329
2062,206.104122,23.828495221257697
2063,206.204124,23.968344865905884
2064,206.30412600000002,23.980739493775907
2065,206.404128,23.951648785698993
2066,206.50413,23.502430106305816
2067,206.60413200000002,23.672435390688563
2068,206.70413399999998,23.19168621136902
2069,206.804136,23.897442323744606
2070,206.90413800000002,23.62166112515788
2071,207.00414,23.611117826390934
2072,207.104142,23.498607069861393
2073,207.204144,23.085146861804333
2074,207.304146,23.14616079645717
2075,207.40414800000002,23.753154270974967
2076,207.50414999999998,23.85041584137847
2077,207.604152,23.703221850499986
2078,207.70415400000002,23.679978784202
2079,207.804156,23.58384182218956
2080,207.904158,23.21333875387226
2081,208.00416,23.514408821038998
2082,208.104162,23.823039744441925
2083,208.20416400000002,22.987070015142738
2084,208.304166,23.20319861771878
2085,208.404168,23.237848462107316
2086,208.50417000000002,22.874524096442062
2087,208.604172,22.868387135449627
2088,208.704174,22.719735579122485
2089,208.804176,22.510214591448385
2090,208.904178,22.657256875449477
2091,209.00418,22.699246973843167
2092,209.104182,22.576580618920936
2093,209.204184,22.644209709675557
2094,209.30418600000002,22.794049818606382
2095,209.404188,23.586279564061808
2096,209.50419,23.428872137973045
2097,209.604192,23.126370842829097
2098,209.70419400000003,22.874226714504722
2099,209.804196,23.124436718700355
2100,209.904198,23.123323492651757
2101,210.00420000000003,23.190670052525466
2102,210.104202,23.3048860975082
2103,210.204204,22.94840201792079
2104,210.304206,23.493607038643756
2105,210.404208,23.611886532248043
2106,210.50421,23.47754659839859
2107,210.604212,23.715641386378532
2108,210.704214,23.653739840258684
2109,210.80421600000003,23.88792200818817
2110,210.904218,24.36900155015652
2111,211.00422,23.73183500273053
2112,211.10422200000002,23.708174817293663
2113,211.204224,23.67113189485862
2114,211.304226,23.06787292381017
2115,211.404228,23.130757065583744
2116,211.50423,22.894365312766812
2117,211.60423200000002,23.018809382963862
2118,211.70423399999999,22.951616110313775
2119,211.804236,22.671564789644897
2120,211.90423800000002,22.882987456733563
2121,212.00423999999998,22.81591741961682
2122,212.104242,23.845298068284684
2123,212.20424400000002,23.53991839474861
2124,212.304246,23.38451516731899
2125,212.404248,23.652358664470974
2126,212.50425,23.558945548195922
2127,212.604252,23.666829091186
2128,212.70425400000002,23.677816605958647
2129,212.80425599999998,23.46972275179532
2130,212.904258,23.810832018993764
2131,213.00426000000002,23.726451405250117
2132,213.104262,24.166579105204974
2133,213.204264,23.93760265708919
2134,213.304266,23.479753892540053
2135,213.404268,23.54167762190029
2136,213.50427000000002,23.26686435345393
2137,213.604272,23.657188007857407
2138,213.704274,23.8737929447542
2139,213.80427600000002,23.630975669650443
2140,213.904278,23.687227536377474
2141,214.00428,23.586034114753627
2142,214.104282,24.39727407416279
2143,214.204284,23.522264005518092
2144,214.304286,24.016978140683037
2145,214.404288,23.94367763510139
2146,214.50429,23.66162737825454
2147,214.60429200000002,23.786231640198768
2148,214.704294,23.949070163786043
2149,214.804296,24.1970836032744
2150,214.904298,23.643627675880587
2151,215.00430000000003,24.150468277291267
2152,215.104302,24.874548714191246
2153,215.204304,24.37568071543097
2154,215.30430600000003,24.3013243197376
2155,215.404308,24.52883372004196
2156,215.50431,24.73834043814321
2157,215.604312,24.89065891788121
2158,215.704314,24.364960917658113
2159,215.804316,24.67098242028841
2160,215.904318,24.29220973980832
2161,216.00432,24.447803566417885
2162,216.10432200000002,24.082783122005445
2163,216.20432399999999,24.32059782586325
2164,216.304326,24.34555945422432
2165,216.40432800000002,24.60219213834241
2166,216.50433,24.71226731571613
2167,216.604332,24.395441639359237
2168,216.704334,24.77894191469063
2169,216.804336,25.269091035436663
2170,216.90433800000002,24.486904992191494
2171,217.00433999999998,24.363536120114013
2172,217.104342,24.450443136342162
2173,217.20434400000002,24.26617714809631
2174,217.30434599999998,24.578491530848883
2175,217.404348,24.675886515575705
2176,217.50435000000002,24.63928573244582
2177,217.604352,24.63023150207246
2178,217.704354,23.975166747248835
2179,217.804356,24.686470777406
2180,217.904358,24.758438324129187
2181,218.00436000000002,24.941834666130777
2182,218.10436199999998,24.207051655915485
2183,218.204364,25.145200915680803
2184,218.30436600000002,24.567340546501384
2185,218.404368,24.55034635221499
2186,218.50437,24.5050143169002
2187,218.604372,24.753022106980197
2188,218.704374,24.36832472657817
2189,218.80437600000002,24.31519520074687
2190,218.904378,24.098268254378436
2191,219.00438,24.286515186480433
2192,219.10438200000002,24.326521895476724
2193,219.204384,24.98487425003198
2194,219.304386,24.40081295217296
2195,219.404388,24.634201132505343
2196,219.50439,25.21841082156265
2197,219.604392,25.287105663987447
2198,219.704394,25.2296113202295
2199,219.804396,25.31204915719041
2200,219.90439800000001,25.245203029065667
2201,220.0044,25.42554642305405
2202,220.104402,24.530742314958093
2203,220.204404,24.239848698514127
2204,220.30440600000003,24.72441498899911
2205,220.404408,25.241952249918647
2206,220.50441,24.985438627698592
2207,220.60441200000002,25.058935519642564
2208,220.704414,25.019965768412234
2209,220.804416,24.721550787558414
2210,220.904418,23.984143234199
2211,221.00442,24.215116052854558
2212,221.104422,24.292876674594016
2213,221.204424,23.854814866502746
2214,221.304426,23.379064579131736
2215,221.40442800000002,23.062141839948275
2216,221.50442999999999,22.893972341022476
2217,221.604432,22.86785847645293
2218,221.70443400000002,22.940870787277113
2219,221.804436,23.517605413092227
2220,221.904438,24.188894450423227
2221,222.00444,24.280579493221325
2222,222.104442,23.953488326590215
2223,222.20444400000002,23.637468614913637
2224,222.30444599999998,23.920884526151934
2225,222.404448,24.495162227184398
2226,222.50445000000002,23.780383962948598
2227,222.60445199999998,23.955605466201778
2228,222.704454,23.610471274791706
2229,222.80445600000002,23.462478267750917
2230,222.904458,22.598791513629592
2231,223.00446,22.61918755004118
2232,223.104462,22.352459762428875
2233,223.204464,22.61185332919838
2234,223.30446600000002,22.573519774322598
2235,223.40446799999998,22.905215276317477
2236,223.50447,22.83497854686868
2237,223.60447200000002,22.90233059211863
2238,223.704474,22.551407001536514
2239,223.804476,22.872816765168487
2240,223.904478,22.622162796910946
2241,224.00448,22.38810618232175
2242,224.10448200000002,22.948986670031438
2243,224.204484,23.28830541269229
2244,224.304486,23.05792193976954
2245,224.40448800000001,22.875391197949284
2246,224.50449,22.830405716443547
2247,224.604492,23.080011607265448
2248,224.704494,23.255164440631564
2249,224.804496,23.33104833072399
2250,224.904498,23.488340142589273
2251,225.0045,23.358841110744063
2252,225.104502,23.179298598782918
2253,225.20450400000001,23.198026197953283
2254,225.304506,23.452117017191966
2255,225.404508,23.769168879294966
2256,225.50451,23.576852777639676
2257,225.60451200000003,23.940861333255537
2258,225.704514,23.27782140781829
2259,225.804516,23.264930371949024
2260,225.90451800000002,23.13290662053205
2261,226.00452,23.278774547425567
2262,226.104522,23.00747821099107
2263,226.204524,22.824920411157002
2264,226.304526,22.652711178639336
2265,226.404528,22.814494622312303
2266,226.50453,22.972737917758725
2267,226.604532,22.878279085366604
2268,226.70453400000002,23.05178480748285
2269,226.80453599999998,23.08695402715721
2270,226.904538,22.946325129563373
2271,227.00454000000002,23.1885868360111
2272,227.104542,23.23062531596138
2273,227.204544,23.618095671426516
2274,227.30454600000002,23.270575124398466
2275,227.404548,23.456061856256486
2276,227.50455000000002,23.232086571927464
2277,227.60455199999998,23.667564772966124
2278,227.704554,23.317204037011336
2279,227.80455600000002,23.565885276740786
2280,227.904558,23.35512527209581
2281,228.00456,23.13083792028413
2282,228.10456200000002,23.33234914761547
2283,228.204564,23.40809513740573
2284,228.304566,23.24378876588821
2285,228.404568,23.247189386932025
2286,228.50457,23.2573359809392
2287,228.60457200000002,23.30906559810535
2288,228.70457399999998,23.0777277061171
2289,228.804576,23.35828753159611
2290,228.90457800000001,23.28373053753007
2291,229.00458,23.272605523502826
2292,229.104582,23.68819226006491
2293,229.204584,23.59056877945429
2294,229.304586,23.66428151466366
2295,229.40458800000002,23.365357475750248
2296,229.50459,23.469170307386655
2297,229.604592,23.498193519596537
2298,229.70459400000001,23.463183437146284
2299,229.804596,23.627507285690275
2300,229.904598,23.424274316834804
2301,230.0046,23.57836746295541
2302,230.104602,23.451127245328454
2303,230.204604,23.066897176389748
2304,230.304606,22.781913885091825
2305,230.404608,23.15294867916541
2306,230.50461,22.98924137872081
2307,230.604612,23.596131208742435
2308,230.704614,23.43856200904255
2309,230.804616,23.267823859563418
2310,230.90461800000003,23.28251628449547
2311,231.00462,23.410471790303717
2312,231.104622,23.373642830845597
2313,231.20462400000002,23.249771296563555
2314,231.304626,23.25222364320192
2315,231.404628,22.894608347619393
2316,231.50463,23.031456202261793
2317,231.604632,23.049758617187734
2318,231.704634,23.218335535928436
2319,231.804636,22.741371833867632
2320,231.904638,23.342744260080895
2321,232.00464000000002,23.09312374409493
2322,232.10464199999998,22.89631731455663
2323,232.204644,23.401722741466905
2324,232.30464600000002,23.557887141269955
2325,232.404648,23.464649367153278
2326,232.50465,23.614051320996836
2327,232.60465200000002,24.16767679526334
2328,232.704654,23.91785214412935
2329,232.80465600000002,23.752369565054686
2330,232.90465799999998,24.07474842184148
2331,233.00466,23.792441149003448
2332,233.10466200000002,23.84724868585945
2333,233.204664,23.693085913540596
2334,233.304666,23.77997601054508
2335,233.40466800000002,24.251051948133217
2336,233.50467,23.919195585183314
2337,233.604672,23.66983130202926
2338,233.704674,24.037230513863463
2339,233.804676,24.083246257200404
2340,233.90467800000002,24.570255128761687
2341,234.00467999999998,23.74065252613852
2342,234.104682,23.99006146936055
2343,234.20468400000001,23.361467790729968
2344,234.304686,23.115437128851205
2345,234.404688,23.403215647326856
2346,234.50469,23.225649948708448
2347,234.604692,23.712987786956223
2348,234.70469400000002,23.705008377981628
2349,234.804696,23.073282163931893
2350,234.904698,23.990434432138247
2351,235.0047,24.01957226639049
2352,235.10470200000003,23.813255531637566
2353,235.204704,23.99824714469701
2354,235.304706,23.708798059212253
2355,235.404708,23.90514020522996
2356,235.50471,24.030805385833723
2357,235.604712,24.014845953340757
2358,235.704714,23.99901792778335
2359,235.804716,23.93245271700176
2360,235.904718,23.879375922370336
2361,236.00472,24.283091994097973
2362,236.104722,23.98607866066305
2363,236.20472400000003,23.6924828066695
2364,236.304726,23.873339067903817
2365,236.404728,23.89886418985712
2366,236.50473000000002,24.149613803212432
2367,236.604732,24.192548958182957
2368,236.704734,24.124438718830394
2369,236.804736,24.061374703706313
2370,236.904738,23.837209940713134
2371,237.00474,24.032465581753634
2372,237.104742,24.372963289983122
2373,237.204744,24.181994700376027
2374,237.30474600000002,24.292012359991627
2375,237.40474799999998,23.6818369756439
2376,237.50475,24.203969173097057
2377,237.60475200000002,23.78885151873369
2378,237.704754,24.452163326967497
2379,237.804756,23.87243288448946
2380,237.90475800000002,23.75306270011655
2381,238.00476,23.904636061190146
2382,238.10476200000002,23.671387463501958
2383,238.20476399999998,24.01401081918358
2384,238.304766,24.22704862790718
2385,238.40476800000002,23.850077742338435
2386,238.50477,24.56972916474823
2387,238.604772,24.223766648350942
2388,238.70477400000001,24.1350130399226
2389,238.804776,23.73895531842652
2390,238.904778,23.649120379661987
2391,239.00478,23.405437427648756
2392,239.104782,23.80317575859884
2393,239.20478400000002,24.04293147617982
2394,239.30478599999998,23.494516859135786
2395,239.404788,23.54541227856625
2396,239.50479,23.72100990739985
2397,239.604792,24.236372056682924
2398,239.704794,23.970269277941412
2399,239.804796,23.886423327371155
2400,239.904798,23.63413896962357
2401,240.00480000000002,24.137448834182813
2402,240.104802,23.705551670863557
2403,240.204804,23.928454745444046
2404,240.304806,23.251500415627298
2405,240.40480800000003,23.235154034888815
2406,240.50481,23.28625062203691
2407,240.604812,23.6648107915841
2408,240.704814,23.836881526461855
2409,240.804816,23.068621650602783
2410,240.904818,23.151303508347198
2411,241.00482,23.604729122084297
2412,241.104822,23.39982192343704
2413,241.204824,23.461696096539228
2414,241.304826,23.440446006177392
2415,241.404828,23.42614987169797
2416,241.50483000000003,23.204382335476705
2417,241.604832,23.17308048368874
2418,241.704834,23.068861409424766
2419,241.80483600000002,23.130122084383867
2420,241.904838,23.009239455213713
2421,242.00484,23.347158858539036
2422,242.104842,23.620674843189544
2423,242.204844,23.260619498415075
2424,242.30484600000003,23.454437052349437
2425,242.404848,24.101383510739378
2426,242.50485,24.028158602433404
2427,242.60485200000002,23.952428342426753
2428,242.70485399999998,23.991599376795556
2429,242.804856,23.73964818474416
2430,242.90485800000002,23.391496859751427
2431,243.00486,23.465535985840532
2432,243.104862,23.445912272087526
2433,243.20486400000001,23.88139796873904
2434,243.304866,23.609413607767415
2435,243.40486800000002,23.22545401271552
2436,243.50486999999998,23.564987656505274
2437,243.604872,23.15487560150018
2438,243.70487400000002,22.945777050169735
2439,243.804876,22.475948867870738
2440,243.904878,23.005386140415393
2441,244.00488,23.27542364110954
2442,244.104882,23.234862758279387
2443,244.204884,23.031522563428794
2444,244.304886,23.75971141988691
2445,244.404888,22.983594983689283
2446,244.50489000000002,23.469441530911947
2447,244.604892,22.931583545532117
2448,244.704894,23.058540630352926
2449,244.804896,22.99505777224652
2450,244.904898,22.870524078975446
2451,245.0049,23.134557454288263
2452,245.104902,22.86127283208643
2453,245.204904,22.937300784500003
2454,245.30490600000002,23.151404561380893
2455,245.404908,23.24172383577931
2456,245.50491,23.66409156848572
2457,245.604912,23.420828999323994
2458,245.70491400000003,23.538195431210656
2459,245.804916,23.258677599951234
2460,245.904918,23.07889194328362
2461,246.00492000000003,23.66827530509105
2462,246.104922,22.977820235317417
2463,246.204924,23.12263438452889
2464,246.304926,23.21044033120079
2465,246.404928,23.02051910440521
2466,246.50493,23.48395065277581
2467,246.604932,23.46381793825944
2468,246.704934,23.625925960739732
2469,246.80493600000003,23.682757404366733
2470,246.904938,23.20670200627902
2471,247.00494,23.020990321607943
2472,247.10494200000002,23.57685462526486
2473,247.204944,23.085250055378978
2474,247.304946,23.56001920140477
2475,247.404948,23.66491342847222
2476,247.50495,23.377048601927143
2477,247.60495200000003,23.295277145569333
2478,247.704954,23.625318507528807
2479,247.804956,23.788027409566816
2480,247.90495800000002,23.210283727171774
2481,248.00495999999998,23.22838422531755
2482,248.104962,23.063989623336173
2483,248.20496400000002,23.410888078584982
2484,248.304966,22.993777778048713
2485,248.404968,22.954827387297534
2486,248.50497000000001,23.003286434912294
2487,248.604972,22.604369319607862
2488,248.70497400000002,22.395177827425965
2489,248.80497599999998,22.681317249792674
2490,248.904978,23.57043045997193
2491,249.00498000000002,23.902215246540536
2492,249.104982,23.34313292303058
2493,249.204984,23.202168547974
2494,249.304986,23.266636702143895
2495,249.404988,23.10467685258713
2496,249.50499,22.827870256463253
2497,249.604992,23.048841768737322
2498,249.704994,22.88120250769437
2499,249.80499600000002,23.019539949761636
2500,249.904998,22.978511531591423
2501,250.005,23.033446794112383
2502,250.105002,22.793180200619684
2503,250.205004,23.183135530754907
2504,250.305006,23.196796352802878
2505,250.405008,23.665383659512173
2506,250.50501,23.138506702209853
2507,250.60501200000002,23.022878417662188
2508,250.705014,23.67145744621919
2509,250.805016,23.059167432169712
2510,250.905018,23.279246381831626
2511,251.00502000000003,23.32011965903196
2512,251.105022,23.11215539959577
2513,251.205024,23.367022590740103
2514,251.30502600000003,23.381216571597854
2515,251.405028,23.163178214717764
2516,251.50503,23.194550926515454
2517,251.605032,23.443907049438153
2518,251.705034,23.17430665702736
2519,251.805036,23.08285371088687
2520,251.905038,22.923038315159705
2521,252.00504,22.842964402377422
2522,252.10504200000003,22.87526601648194
2523,252.205044,22.75245940639422
2524,252.305046,22.567619560966207
2525,252.40504800000002,23.195695282746716
2526,252.50505,22.79623043889077
2527,252.605052,23.38322260084686
2528,252.705054,23.4124409094529
2529,252.805056,23.52226361125482
2530,252.90505800000003,23.281361517266525
2531,253.00506,22.88677651259265
2532,253.105062,23.17910924192419
2533,253.20506400000002,22.90344535304521
2534,253.30506599999998,22.89530518025587
2535,253.405068,23.303430583101598
2536,253.50507000000002,23.03667119680014
2537,253.605072,22.597794629943387
2538,253.705074,22.826008141665568
2539,253.805076,23.31780676724067
2540,253.905078,23.29050800990471
2541,254.00508000000002,23.219116005327024
2542,254.10508199999998,23.13892620813394
2543,254.205084,23.29421793726334
2544,254.30508600000002,23.403496169682438
2545,254.405088,22.776237659609667
2546,254.50509,23.02141777717079
2547,254.605092,23.001490969576878
2548,254.705094,23.316628126035255
2549,254.80509600000002,22.94651588616066
2550,254.905098,23.101327829822004
2551,255.0051,23.255191137020244
2552,255.10510200000002,23.481929003026497
2553,255.205104,23.2277243847795
2554,255.305106,22.880153023352356
2555,255.405108,23.111163062085105
2556,255.50511,23.623987973422935
2557,255.605112,23.375123304352293
2558,255.705114,23.802314026783925
2559,255.805116,23.350345831194005
2560,255.90511800000002,23.61110321250017
2561,256.00512,23.56630302167278
2562,256.105122,23.288408063470666
2563,256.205124,23.501430861106503
2564,256.30512600000003,23.7373846139091
2565,256.405128,23.467133664014156
2566,256.50513,23.320594730870468
2567,256.605132,23.212496607248866
2568,256.705134,23.36210460793132
2569,256.805136,23.472440335200087
2570,256.905138,23.58347219234973
2571,257.00514000000004,23.49010238469969
2572,257.105142,23.33265119704739
2573,257.205144,23.539866056230604
2574,257.30514600000004,22.995992037242235
2575,257.405148,22.828515530838832
2576,257.50515,23.158169008158122
2577,257.605152,23.489263985287586
2578,257.705154,23.105653482739054
2579,257.805156,23.536802846000423
2580,257.905158,23.61503076188077
2581,258.00516,24.38443134438676
2582,258.105162,23.989764658576885
2583,258.205164,23.94380456439258
2584,258.305166,24.0722899177092
2585,258.405168,24.040282790281545
2586,258.50517,24.285741771081014
2587,258.605172,23.548141205808125
2588,258.705174,23.74452016810114
2589,258.805176,23.667332814189386
2590,258.90517800000003,23.579393300760092
2591,259.00518,23.660487309279098
2592,259.105182,24.04480646669848
2593,259.20518400000003,24.113977923547633
2594,259.305186,24.48344231501032
2595,259.405188,24.263041255303776
2596,259.50519,24.30115022337894
2597,259.605192,24.00752382611626
2598,259.705194,23.799967240714228
2599,259.805196,23.704439529832726
2600,259.905198,24.031503103739173
2601,260.0052,23.868879265905264
2602,260.105202,23.71709423791358
2603,260.205204,23.639947836365884
2604,260.305206,23.440872981718062
2605,260.405208,23.932889035469028
2606,260.50521,24.122607447712987
2607,260.605212,23.821685382467532
2608,260.705214,23.437685603541556
2609,260.80521600000003,23.746556658874717
2610,260.905218,23.516775948674645
2611,261.00522,23.64827601937267
2612,261.105222,24.09382096990508
2613,261.20522400000004,23.63494817273986
2614,261.305226,23.516866036482693
2615,261.405228,24.318401954587138
2616,261.50523,24.21301928145584
2617,261.605232,24.072003556667653
2618,261.705234,23.806319500541594
2619,261.805236,24.3160569571391
2620,261.905238,24.245410260218804
2621,262.00524,23.915840186504138
2622,262.105242,24.02905729319184
2623,262.205244,23.741497089605016
2624,262.305246,23.92088760474583
2625,262.40524800000003,23.934093671178037
2626,262.50525,24.358139929607447
2627,262.60525199999995,23.77276535228354
2628,262.705254,24.014057936553435
2629,262.805256,23.536424692172698
2630,262.905258,23.932901461380595
2631,263.00526,23.995440908117175
2632,263.105262,23.712135763854526
2633,263.205264,23.784631083770854
2634,263.305266,23.95791210198514
2635,263.405268,23.731832552416428
2636,263.50527,23.997334408452886
2637,263.605272,23.64046149153562
2638,263.70527400000003,24.66274755252947
2639,263.805276,24.50919974530133
2640,263.905278,23.935527313673116
2641,264.00528,23.805728206657708
2642,264.105282,23.8962252393301
2643,264.205284,23.821126571055885
2644,264.305286,23.78740135484853
2645,264.405288,23.925066530703795
2646,264.50529,23.933374597771614
2647,264.605292,23.288343230573908
2648,264.705294,23.495147093947935
2649,264.80529600000006,23.168574042011493
2650,264.905298,23.491803899582994
2651,265.0053,23.48752286899693
2652,265.10530200000005,23.35560447727285
2653,265.205304,23.65501145217153
2654,265.305306,24.154762438316826
2655,265.405308,23.575658534378363
2656,265.50531,23.669313395892633
2657,265.605312,23.69203317648345
2658,265.705314,23.62835938035589
2659,265.805316,23.315022909846203
2660,265.905318,23.327015807032492
2661,266.00532,23.337088702742697
2662,266.105322,23.610533103912633
2663,266.205324,24.11150519714098
2664,266.305326,24.15712972859105
2665,266.405328,23.513050525502848
2666,266.50533,23.74176145102472
2667,266.605332,23.96462163406329
2668,266.70533400000005,23.7212934115201
2669,266.805336,23.988075839569873
2670,266.905338,23.739416671219427
2671,267.00534000000005,24.17624562456643
2672,267.105342,23.940652115737393
2673,267.20534399999997,24.197750368554665
2674,267.30534600000004,23.948485366265054
2675,267.405348,23.715469584077315
2676,267.50534999999996,23.706842306466065
2677,267.60535200000004,23.14920982522605
2678,267.705354,23.34954602313783
2679,267.805356,23.964540058462482
2680,267.90535800000004,23.857332535335573
2681,268.00536,23.72423506717992
2682,268.105362,23.85064346145432
2683,268.205364,23.579281332731846
2684,268.305366,23.48199892067459
2685,268.405368,24.162714365429725
2686,268.50536999999997,23.636333146376842
2687,268.60537200000005,24.1181772581297
2688,268.705374,23.94844866885015
2689,268.80537599999997,24.49567214658873
2690,268.90537800000004,23.91339227896414
2691,269.00538,24.568411019559512
2692,269.10538199999996,24.107375373594387
2693,269.20538400000004,23.487489716013947
2694,269.305386,23.40593165751502
2695,269.40538799999996,24.07054531204597
2696,269.50539000000003,24.033770810733134
2697,269.605392,23.77429474677364
2698,269.705394,24.01346213177589
2699,269.80539600000003,23.899777955455473
2700,269.905398,23.734943914406273
2701,270.0054,23.934410993632326
2702,270.105402,23.427470943096985
2703,270.205404,23.98334640860108
2704,270.305406,23.99455017062611
2705,270.405408,23.76229652010543
2706,270.50541000000004,23.38590409551531
2707,270.605412,23.227188244449156
2708,270.70541399999996,23.943350914630933
2709,270.80541600000004,23.6409491053442
2710,270.905418,23.711651978772604
2711,271.00541999999996,23.30770413789807
2712,271.10542200000003,23.27466067845523
2713,271.205424,23.276705704542415
2714,271.30542599999995,24.075040419257736
2715,271.40542800000003,23.649669904432077
2716,271.50543,23.884665646500114
2717,271.605432,23.6752058380728
2718,271.705434,23.608138198104122
2719,271.805436,23.212648327117222
2720,271.905438,23.149722388604204
2721,272.00544,23.303006050623637
2722,272.105442,23.510705025886686
2723,272.205444,22.880867309520998
2724,272.305446,23.348291698184145
2725,272.40544800000004,23.588544876371603
2726,272.50545,23.885945108980838
2727,272.605452,23.74547570572562
2728,272.70545400000003,23.77270773334844
2729,272.805456,23.433845007270836
2730,272.905458,23.538228623230975
2731,273.00546,23.893740393503677
2732,273.105462,23.976413851615632
2733,273.205464,23.863209438998574
2734,273.305466,23.555424279022496
2735,273.405468,23.005543423326856
2736,273.50547,22.900751585724468
2737,273.605472,23.02879480073226
2738,273.705474,23.272022665526197
2739,273.805476,23.442739679302267
2740,273.905478,23.3047121048096
2741,274.00548,23.613057585202526
2742,274.105482,23.12872863480758
2743,274.205484,23.012529785837504
2744,274.30548600000003,23.254322750721755
2745,274.405488,22.89881677265459
2746,274.50549,23.17022337842789
2747,274.605492,23.12810204542368
2748,274.705494,22.963106271402477
2749,274.805496,23.068928045485265
2750,274.905498,23.325039651716047
2751,275.0055,22.948839033859855
2752,275.105502,23.361483488418177
2753,275.205504,23.39714339454919
2754,275.305506,22.895335245315426
2755,275.40550800000005,22.673281178568015
2756,275.50551,22.90201162493364
2757,275.605512,23.64615506996999
2758,275.70551400000005,23.4762805191818
2759,275.805516,23.342953339084197
2760,275.905518,23.269524384571216
2761,276.00552000000005,23.105730822995135
2762,276.105522,23.068607324242084
2763,276.205524,23.475537582033372
2764,276.305526,22.698548177856022
2765,276.405528,23.372471362616878
2766,276.50553,23.242422600411487
2767,276.605532,23.43512833229417
2768,276.705534,23.38161348633018
2769,276.805536,23.180563455198836
2770,276.905538,23.16688490790948
2771,277.00554,23.552105653654852
2772,277.105542,23.45924232125931
2773,277.205544,23.109311092242304
2774,277.30554600000005,23.305458342132887
2775,277.405548,23.356537248552982
2776,277.50554999999997,23.040901952373407
2777,277.60555200000005,23.086290468298788
2778,277.705554,23.720596835604795
2779,277.80555599999997,23.45034657206348
2780,277.90555800000004,23.635608398130977
2781,278.00556,23.456733950013852
2782,278.105562,23.308167505757787
2783,278.20556400000004,23.66859443785698
2784,278.305566,23.451050118236726
2785,278.405568,23.645460282791685
2786,278.50557000000003,23.14319353899825
2787,278.605572,23.403716206285907
2788,278.705574,23.234981830597647
2789,278.805576,23.529801171520614
2790,278.905578,23.53122290185611
2791,279.00558,23.7812430331206
2792,279.10558199999997,23.627857777264396
2793,279.20558400000004,23.141485432407386
2794,279.305586,23.453819842699712
2795,279.40558799999997,23.362261618214944
2796,279.50559000000004,23.44626057802944
2797,279.605592,23.341362042261633
2798,279.70559399999996,22.746173005341166
2799,279.80559600000004,23.401998189027186
2800,279.905598,23.790637993570115
2801,280.0056,23.989431404731697
2802,280.10560200000003,24.01117223096999
2803,280.205604,23.095906657097938
2804,280.305606,23.853735829384203
2805,280.40560800000003,23.998727043857734
2806,280.50561,23.61494849294222
2807,280.605612,23.47893363888507
2808,280.705614,23.722872470755316
2809,280.805616,23.37601290377969
2810,280.905618,23.356243169324554
2811,281.00562,23.67389342385646
2812,281.10562200000004,23.78204354353302
2813,281.205624,23.851869343946465
2814,281.30562599999996,23.045414915598585
2815,281.40562800000004,22.901193670137786
2816,281.50563,24.012724870921417
2817,281.60563199999996,23.37876950857578
2818,281.70563400000003,23.316743613840988
2819,281.805636,23.44461042052923
2820,281.90563799999995,23.610297069890326
2821,282.00564,23.715280743596278
2822,282.105642,23.46890728513065
2823,282.205644,23.484533715472434
2824,282.305646,23.37390757843872
2825,282.405648,23.437913184431686
2826,282.50565,23.828916102097043
2827,282.605652,23.46308399103407
2828,282.705654,23.40972011828889
2829,282.805656,23.963112637460842
2830,282.905658,23.734174261742183
2831,283.00566000000003,23.14987029385325
2832,283.105662,23.778268169131113
2833,283.205664,23.69546816997228
2834,283.30566600000003,23.37247572931893
2835,283.405668,23.68778484997361
2836,283.50567,23.415668226625307
2837,283.605672,23.65353739682968
2838,283.705674,23.969280533350567
2839,283.805676,23.461276098972753
2840,283.905678,23.710796027998903
2841,284.00568,23.87938012175731
2842,284.105682,23.574036873336585
2843,284.205684,23.113911101563033
2844,284.305686,23.614860498105237
2845,284.405688,23.975406300643844
2846,284.50569,23.769688249420003
2847,284.605692,23.55726921156347
2848,284.705694,23.710005796228057
2849,284.805696,23.570671662861002
2850,284.90569800000003,23.919123311670837
2851,285.0057,23.768813880960767
2852,285.105702,23.63584521637298
2853,285.205704,23.412971796044125
2854,285.305706,22.505582634867125
2855,285.405708,23.80227777369569
2856,285.50571,23.521414599989114
2857,285.605712,23.615281593803296
2858,285.705714,23.061856911047926
2859,285.805716,22.820376678166273
2860,285.905718,23.254173092576263
2861,286.00572000000005,24.177847695706717
2862,286.105722,23.47139658306713
2863,286.205724,23.88262128756721
2864,286.30572600000005,24.025117267587582
2865,286.405728,23.59346370736134
2866,286.50572999999997,23.191232832724484
2867,286.60573200000005,23.597146330330038
2868,286.705734,23.234274559536864
2869,286.805736,23.033479587141805
2870,286.905738,23.318240929635053
2871,287.00574,23.83285200145648
2872,287.105742,23.364518329963143
2873,287.205744,23.6491641726811
2874,287.305746,23.742894404387858
2875,287.405748,23.50629308758107
2876,287.50575,24.011407021714007
2877,287.605752,23.684444020958214
2878,287.705754,23.81246200867842
2879,287.805756,23.02752565346432
2880,287.90575800000005,23.30368908036975
2881,288.00576,23.37396664021025
2882,288.10576199999997,23.100144799425685
2883,288.20576400000004,23.495760171276515
2884,288.305766,23.02495940954723
2885,288.40576799999997,23.094492732980058
2886,288.50577000000004,23.12576532149964
2887,288.605772,23.364189911307026
2888,288.705774,23.51199153964308
2889,288.80577600000004,23.250942331506092
2890,288.905778,23.20361856425436
2891,289.00578,23.453314760432097
2892,289.10578200000003,23.387710707722338
2893,289.205784,23.39596047773353
2894,289.305786,23.582261150007902
2895,289.405788,23.558007465704552
2896,289.50579,23.485586076482065
2897,289.605792,23.488303030544078
2898,289.70579399999997,23.121350704942508
2899,289.80579600000004,23.13484782266193
2900,289.905798,22.7297467351652
2901,290.00579999999997,22.934922592006195
2902,290.10580200000004,23.217177587266008
2903,290.205804,23.327984467673353
2904,290.30580599999996,23.41366175126186
2905,290.40580800000004,22.823053422825538
2906,290.50581,22.99176490146462
2907,290.605812,23.475792673993165
2908,290.70581400000003,23.27250572498815
2909,290.805816,23.127557502818114
2910,290.905818,23.070056593894275
2911,291.00582,22.809255861632348
2912,291.105822,22.997318438251728
2913,291.205824,23.503432695847145
2914,291.305826,23.245567295094236
2915,291.405828,23.117931582175114
2916,291.50583,23.15650786253978
2917,291.605832,23.243046623942952
2918,291.70583400000004,23.28461739376922
2919,291.805836,23.422282883850546
2920,291.905838,22.886659532657045
2921,292.00584000000003,23.24229605861702
2922,292.105842,23.31355822166108
2923,292.20584399999996,22.966189072165218
2924,292.30584600000003,23.349405518303787
2925,292.405848,23.474234205788214
2926,292.50585,23.135288961029058
2927,292.605852,22.984426904778317
2928,292.705854,23.29240456352105
2929,292.805856,23.133130237211482
2930,292.905858,23.267883700007218
2931,293.00586,23.050800265328053
2932,293.105862,22.92741963750423
2933,293.205864,23.009747160358838
2934,293.305866,22.616007654855892
2935,293.405868,22.668716138021054
2936,293.50587,22.800984021714232
2937,293.60587200000003,22.878643723783252
2938,293.705874,22.811994026827552
2939,293.805876,23.045050582266917
2940,293.90587800000003,23.06923546182279
2941,294.00588,22.64361359137572
2942,294.105882,22.81306018833751
2943,294.205884,23.09235466387395
2944,294.305886,22.777618033281524
2945,294.405888,23.314194789536607
2946,294.50589,23.409871505920226
2947,294.605892,23.343432142911315
2948,294.70589400000006,23.196583298767106
2949,294.805896,23.185881695732036
2950,294.905898,22.784924838340604
2951,295.0059,23.103113464189253
2952,295.105902,23.33430474043106
2953,295.205904,23.129692753143935
2954,295.305906,22.42122137469674
2955,295.405908,23.346438171018082
2956,295.50591000000003,23.08257843451569
2957,295.605912,22.56649949920851
2958,295.705914,22.74424884345829
2959,295.805916,23.15015672693376
2960,295.905918,22.920578030670097
2961,296.00592,22.988038128459934
2962,296.105922,23.122863513173115
2963,296.205924,23.44660412229729
2964,296.305926,23.271864971736477
2965,296.405928,23.432912874524785
2966,296.50593,23.179993594340164
2967,296.60593200000005,23.57879180301716
2968,296.705934,22.673350650203965
2969,296.805936,23.347288540028686
2970,296.90593800000005,23.39772254466454
2971,297.00594,23.52437375866448
2972,297.10594199999997,23.328623081656268
2973,297.20594400000004,23.37131884731023
2974,297.305946,23.524141593006288
2975,297.405948,23.36681376368302
2976,297.50595,22.803585805075265
2977,297.605952,22.948538011381675
2978,297.705954,23.087071648016178
2979,297.805956,23.152451276929888
2980,297.905958,23.698109739246018
2981,298.00596,23.181791037288924
2982,298.105962,22.669218149733748
2983,298.205964,22.43777482274411
2984,298.305966,23.17103603299101
2985,298.405968,23.082604310422745
2986,298.50597000000005,22.602090906278622
2987,298.605972,22.691794226147675
2988,298.70597399999997,22.96344278348433
2989,298.80597600000004,22.83826602896344
2990,298.905978,23.05660203498418
2991,299.00597999999997,23.665362829446366
2992,299.10598200000004,23.724273482275418
2993,299.205984,23.380197642197434
2994,299.305986,23.63005338453832
2995,299.40598800000004,22.767883743440013
2996,299.50599,23.42393647934749
2997,299.605992,23.4693731755214
2998,299.70599400000003,23.692473122130615
2999,299.805996,23.472582547616607
3000,299.905998,23.516225450300485
3001,300.006,23.638006867234143
3002,300.106002,23.298870333991157
3003,300.206004,23.65028532356507
3004,300.30600599999997,23.21796525748325
3005,300.40600800000004,23.240425925935828
3006,300.50601,23.292652601582972
3007,300.60601199999996,23.51939642411492
3008,300.70601400000004,23.124541300657125
3009,300.806016,23.59357060200829
3010,300.90601799999996,23.513677404554887
3011,301.00602000000003,23.403302002296982
3012,301.106022,23.907475593332514
3013,301.206024,23.547125951472463
3014,301.30602600000003,23.017705954145047
3015,301.406028,23.560761292540676
3016,301.50603,23.430259752681415
3017,301.606032,23.359775867459913
3018,301.706034,23.22808348542911
3019,301.806036,22.984332927141413
3020,301.906038,23.225426205361433
3021,302.00604,23.454131671442788
3022,302.106042,23.450954517168327
3023,302.206044,23.535834153906215
3024,302.30604600000004,23.54439606806347
3025,302.406048,23.11309461101158
3026,302.50605,22.860772716805773
3027,302.60605200000003,22.969662993966807
3028,302.706054,23.704035426776286
3029,302.80605599999996,23.47773106895252
3030,302.90605800000003,23.525389298847916
3031,303.00606,22.999707081464464
3032,303.106062,22.6446595306583
3033,303.206064,23.23391777043412
3034,303.306066,23.480854433781705
3035,303.406068,23.451045690176823
3036,303.50607,23.510299708604695
3037,303.606072,23.47719531720288
3038,303.706074,23.318558965427503
3039,303.806076,23.413079361627236
3040,303.906078,23.402982530663298
3041,304.00608,23.611343417637105
3042,304.106082,23.57920717780871
3043,304.20608400000003,23.68930548567654
3044,304.306086,23.40996455710358
3045,304.406088,23.859932663033437
3046,304.50609000000003,23.798079050685928
3047,304.606092,23.579605212465356
3048,304.706094,23.59291741655795
3049,304.806096,23.189284588696896
3050,304.906098,23.477960771152382
3051,305.00610000000006,23.64176248890035
3052,305.106102,23.355263491485974
3053,305.206104,23.739191482313405
3054,305.30610600000006,23.70428109470623
3055,305.406108,23.48288180020517
3056,305.50611,23.356617476523276
3057,305.606112,23.60699614938977
3058,305.706114,23.116954880023137
3059,305.806116,23.795956441013043
3060,305.906118,23.37760444577318
3061,306.00612,23.31344597445713
3062,306.106122,23.591346540441215
3063,306.206124,22.975543408891482
3064,306.306126,23.297506462961287
3065,306.406128,23.390086126084586
3066,306.50613,23.697901798794934
3067,306.606132,23.91822638729229
3068,306.706134,23.79277570376049
3069,306.806136,23.947742385964357
3070,306.90613800000006,23.14427958954191
3071,307.00614,23.802707479995973
3072,307.106142,23.920785187663153
3073,307.20614400000005,24.08278374382279
3074,307.306146,23.92539988542248
3075,307.406148,23.877112727304553
3076,307.50615000000005,23.901244572305803
3077,307.606152,23.349281915759306
3078,307.70615399999997,23.592055842917336
3079,307.80615600000004,23.422836587783767
3080,307.906158,23.726487700301
3081,308.00616,23.959285451075935
3082,308.106162,23.534701255504373
3083,308.206164,23.407854667819464
3084,308.306166,23.302217203169025
3085,308.406168,23.21331189982439
3086,308.50617,23.850738431447926
3087,308.606172,23.512162531077042
3088,308.706174,23.5218839530772
3089,308.806176,23.25398496876064
3090,308.906178,22.93526049245563
3091,309.00618,23.775009400652603
3092,309.10618200000005,23.285403826253237
3093,309.206184,23.508601910645094
3094,309.30618599999997,23.56346507177782
3095,309.40618800000004,22.981539095694746
3096,309.50619,23.19509034622445
3097,309.60619199999996,23.579537125175317
3098,309.70619400000004,23.47269981054039
3099,309.806196,24.323498276234016
3100,309.906198,23.925024128195297
3101,310.00620000000004,23.76424029499245
3102,310.106202,23.786666859383363
3103,310.206204,24.563203520238904
3104,310.30620600000003,24.88668464789002
3105,310.406208,24.470250401864675
3106,310.50621,24.383685819735675
3107,310.606212,24.04457546077027
3108,310.706214,24.36930752710873
3109,310.806216,25.179026120595527
3110,310.90621799999997,24.80174978847497
3111,311.00622000000004,24.98214536480561
3112,311.106222,24.6656212928589
3113,311.20622399999996,24.300159315349816
3114,311.30622600000004,24.247596848164548
3115,311.406228,24.09396030916051
3116,311.50622999999996,24.11341697070131
3117,311.60623200000003,24.28390204273096
3118,311.706234,25.086398820997267
3119,311.806236,24.76193351890342
3120,311.90623800000003,24.419036916359257
3121,312.00624,24.816260468886586
3122,312.106242,25.007851712883593
3123,312.206244,25.3803937031625
3124,312.306246,25.336328449991296
3125,312.406248,25.69578147859486
3126,312.50625,25.258569181332117
3127,312.606252,25.49696270636833
3128,312.706254,24.737449292798956
3129,312.806256,24.660972376436433
3130,312.90625800000004,24.792159613496615
3131,313.00626,25.454838860219034
3132,313.106262,24.698396684974238
3133,313.20626400000003,25.012562786477726
3134,313.306266,24.36659566888211
3135,313.40626799999995,24.975971004640634
3136,313.50627000000003,24.724339947853096
3137,313.606272,24.756325953602026
3138,313.706274,24.596033561796567
3139,313.806276,24.742298848306596
3140,313.906278,25.0622128832081
3141,314.00628,25.328257796736352
3142,314.106282,24.83152094459003
3143,314.206284,24.690621755925513
3144,314.306286,24.96379013936632
3145,314.406288,24.357038108306124
3146,314.50629,24.043226328411457
3147,314.606292,24.301820473431007
3148,314.706294,23.85075830435328
3149,314.80629600000003,24.353188547475234
3150,314.906298,24.484883681137976
3151,315.0063,23.47564730283657
3152,315.106302,23.580590858251586
3153,315.206304,23.771714736425555
3154,315.306306,23.651090016326226
3155,315.406308,24.36716935517306
3156,315.50631,23.887761672800853
3157,315.60631200000006,23.738127904017695
3158,315.706314,24.506205011236098
3159,315.806316,24.22361627403428
3160,315.90631800000006,24.158779675726297
3161,316.00632,25.136497362169276
3162,316.106322,25.395882390050716
3163,316.206324,25.192522466691532
3164,316.306326,25.088517694631683
3165,316.406328,26.1576202388627
3166,316.50633,25.79176158803193
3167,316.606332,26.15762994187931
3168,316.706334,26.80959222424188
3169,316.806336,27.255846954354578
3170,316.906338,27.213026517162163
3171,317.00634,26.620273493361164
3172,317.106342,27.47287762226555
3173,317.206344,26.740990159330867
3174,317.306346,27.437719621318717
3175,317.406348,27.994396628098993
3176,317.50635000000005,27.89577213158434
3177,317.606352,28.28497702127872
3178,317.706354,27.921986216074867
3179,317.80635600000005,26.93163223299377
3180,317.906358,26.36577601768198
3181,318.00636,26.61304932213483
3182,318.10636200000005,26.248789657186
3183,318.206364,26.413086926419624
3184,318.30636599999997,26.030408377850183
3185,318.40636800000004,26.318983742163272
3186,318.50637,26.092063973822487
3187,318.606372,26.313459479792122
3188,318.706374,25.301186404453176
3189,318.806376,25.213215008520564
3190,318.906378,25.243715960576473
3191,319.00638,24.415431427144316
3192,319.106382,24.903452499252563
3193,319.206384,23.2005345462318
3194,319.306386,24.065499716889967
3195,319.40638800000005,23.89599754161163
3196,319.50639,24.30731916094727
3197,319.60639199999997,24.150802700965276
3198,319.70639400000005,23.15635997819459
3199,319.806396,23.917375580475507
3200,319.90639799999997,24.836325591797703
3201,320.00640000000004,25.498646430256922
3202,320.106402,26.287500184825994
3203,320.20640399999996,26.292504700693318
3204,320.30640600000004,26.109342526739916
3205,320.406408,26.199185071699127
3206,320.50641,25.991065137783686
3207,320.60641200000003,26.208928124802405
3208,320.706414,26.012835656142776
3209,320.806416,26.39303672617844
3210,320.90641800000003,25.86959090931855
3211,321.00642,26.381658995891684
3212,321.106422,25.761501755360722
3213,321.206424,26.19672796702263
3214,321.306426,26.558610018135376
3215,321.406428,26.350491534076937
3216,321.50642999999997,27.041230620347296
3217,321.60643200000004,26.774580216369746
3218,321.706434,26.936022349220544
3219,321.80643599999996,27.134016436276127
3220,321.90643800000004,27.003332665649097
3221,322.00644,26.94676317348267
3222,322.10644199999996,26.84553419295205
3223,322.20644400000003,26.87319139555833
3224,322.306446,27.347655656571174
3225,322.406448,26.46253070893415
3226,322.50645000000003,26.342004963340266
3227,322.606452,26.54348382418707
3228,322.706454,27.151751385731373
3229,322.806456,26.232325359685905
3230,322.906458,25.689273695755887
3231,323.00646,25.824100104575386
3232,323.106462,26.08622594609073
3233,323.206464,25.404195647623254
3234,323.306466,25.596237196475755
3235,323.406468,25.590198684721297
3236,323.50647000000004,25.424562934300212
3237,323.606472,25.658623800989957
3238,323.706474,25.321218596508484
3239,323.80647600000003,25.453065526582886
3240,323.906478,25.400207893797056
3241,324.00647999999995,25.71074422386989
3242,324.106482,25.45338256757502
3243,324.206484,25.096962469585204
3244,324.306486,25.15922338634808
3245,324.406488,25.0803287551167
3246,324.50649,25.071882661233882
3247,324.606492,25.284115690405866
3248,324.706494,24.964555020167236
3249,324.806496,25.23934570541816
3250,324.906498,24.31740703915216
3251,325.0065,24.564140088335524
3252,325.106502,24.22717685835618
3253,325.206504,24.231134199326156
3254,325.306506,24.190175198478876
3255,325.40650800000003,24.51745658228195
3256,325.50651,25.29524801943598
3257,325.606512,25.437297265538533
3258,325.706514,24.62713054431197
3259,325.806516,24.747458468551102
3260,325.906518,25.042900425156017
3261,326.00652,25.815302278010208
3262,326.106522,25.398432970002297
3263,326.20652400000006,25.589241041592093
3264,326.306526,25.863430751294516
3265,326.406528,25.571066805129828
3266,326.50653000000005,25.642877186979778
3267,326.606532,26.07704642220203
3268,326.706534,25.69013862156513
3269,326.806536,25.59624788338586
3270,326.906538,24.5319645091295
3271,327.00654,24.809357115406307
3272,327.106542,24.335461429895865
3273,327.206544,24.637378037803177
3274,327.306546,24.52097493441415
3275,327.406548,24.814303061501253
3276,327.50655,24.966409703734225
3277,327.606552,25.190228051582114
3278,327.706554,25.301767591392426
3279,327.806556,25.41190904246017
3280,327.906558,25.022423610672764
3281,328.00656,24.763544790823723
3282,328.10656200000005,24.908800307717325
3283,328.206564,25.431504221679976
3284,328.306566,25.355378161136326
3285,328.40656800000005,25.24296564695131
3286,328.50657,25.026540401878677
3287,328.60657199999997,25.47373390032784
3288,328.70657400000005,25.186131489053576
3289,328.806576,24.99881161142398
3290,328.90657799999997,24.92887493763155
3291,329.00658000000004,25.24794224890918
3292,329.106582,24.665889345031598
3293,329.206584,24.897293035647326
3294,329.30658600000004,24.516709899894238
3295,329.406588,24.73114274346949
3296,329.50659,24.759204014833323
3297,329.606592,24.43344661415411
3298,329.706594,24.186411613265726
3299,329.806596,24.61827155625492
3300,329.906598,23.827466818951283
3301,330.00660000000005,23.522577775317384
3302,330.106602,23.16166342855806
3303,330.20660399999997,22.82203485748169
3304,330.30660600000004,23.14658564122358
3305,330.406608,22.94520726187774
3306,330.50660999999997,22.77907920479865
3307,330.60661200000004,23.19284542231032
3308,330.706614,22.583169194126146
3309,330.80661599999996,22.75411814166281
3310,330.90661800000004,22.664314718867992
3311,331.00662,22.653699690176598
3312,331.106622,23.193399184965767
3313,331.20662400000003,22.948032580354464
3314,331.306626,22.90148661257975
3315,331.406628,22.67756144871197
3316,331.50663000000003,23.0935922975602
3317,331.606632,23.134673579433358
3318,331.706634,22.99703743354886
3319,331.806636,23.138964804482846
3320,331.90663800000004,22.63461197109026
3321,332.00664,22.214893666345162
3322,332.10664199999997,22.31804842838543
3323,332.20664400000004,22.64922093995964
3324,332.306646,22.37850713518147
3325,332.40664799999996,23.047212549239276
3326,332.50665000000004,23.11667947666859
3327,332.606652,23.16168545029356
3328,332.70665399999996,23.280037199971925
3329,332.80665600000003,23.064838770810532
3330,332.906658,23.54985533424522
3331,333.00666,23.730221984895234
3332,333.10666200000003,23.64637867609918
3333,333.206664,23.439780236004694
3334,333.306666,23.692898697840075
3335,333.406668,24.269826470668317
3336,333.50667,25.366729391044885
3337,333.606672,25.400496083608537
3338,333.706674,25.518168834670433
3339,333.80667600000004,25.730223088563505
3340,333.906678,25.007692998287414
3341,334.00668,25.538279944992492
3342,334.10668200000003,25.473794170674722
3343,334.206684,24.514773300049686
3344,334.306686,24.36612530769353
3345,334.40668800000003,24.128787298148147
3346,334.50669,24.630423016803054
3347,334.60669199999995,24.72607505538065
3348,334.706694,24.058749021494464
3349,334.806696,24.356844169165946
3350,334.906698,24.367380242268258
3351,335.0067,24.057334902484882
3352,335.106702,23.30711578728935
3353,335.206704,23.19718550827437
3354,335.306706,23.541690983824843
3355,335.406708,23.6079109555874
3356,335.50671,23.51121657011339
3357,335.606712,23.090381260793432
3358,335.706714,23.070771537199537
3359,335.806716,23.204790085323157
3360,335.906718,23.45544240698699
3361,336.00672000000003,23.175284026692527
3362,336.106722,23.211723646263884
3363,336.206724,23.4443605854068
3364,336.306726,23.199828758978036
3365,336.406728,22.77666358073099
3366,336.50673,23.22929535394625
3367,336.606732,22.962110795194285
3368,336.706734,22.810093893174706
3369,336.80673600000006,23.276820970533343
3370,336.906738,23.187623060825377
3371,337.00674,22.898297176613017
3372,337.10674200000005,23.456505488945933
3373,337.206744,23.395254032520356
3374,337.306746,23.33213702110004
3375,337.406748,23.068069580788222
3376,337.50675,23.20470952611183
3377,337.606752,22.880067493514957
3378,337.706754,23.854586516334255
3379,337.806756,23.319244580477545
3380,337.906758,23.139304882186035
3381,338.00676,23.51712660377048
3382,338.106762,23.606478653998327
3383,338.206764,23.781882848822757
3384,338.306766,23.970708640710352
3385,338.406768,24.209126473905492
3386,338.50677,23.461360554890074
3387,338.606772,23.01316948860854
3388,338.70677400000005,23.464803054397144
3389,338.806776,23.3200154056052
3390,338.906778,23.278438024274397
3391,339.00678000000005,23.005829696143405
3392,339.106782,23.259013889424278
3393,339.20678399999997,23.183686600841934
3394,339.30678600000005,23.054953783171793
3395,339.406788,23.103736311416988
3396,339.50678999999997,22.997464183298316
3397,339.60679200000004,23.560134502795172
3398,339.706794,23.234010831066815
3399,339.806796,22.70531511194327
3400,339.90679800000004,22.60537601401266
3401,340.0068,22.920159987076083
3402,340.106802,22.52223856456017
3403,340.206804,22.538948492404696
3404,340.306806,23.309271904917228
3405,340.406808,22.943440150011885
3406,340.50681,22.336945592776313
3407,340.60681200000005,22.98159270657795
3408,340.706814,23.501077967268877
3409,340.80681599999997,24.29550393765811
3410,340.90681800000004,23.59321424065477
3411,341.00682,23.51216088614562
3412,341.10682199999997,23.769507736535882
3413,341.20682400000004,22.965289490169305
3414,341.306826,23.24819962765961
3415,341.40682799999996,23.317577090523365
3416,341.50683000000004,23.5402726413004
3417,341.606832,23.5448628298395
3418,341.706834,23.361446798771873
3419,341.80683600000003,23.299765051009523
3420,341.906838,22.960221166079695
3421,342.00684,23.254318095573286
3422,342.10684200000003,23.332847858460333
3423,342.206844,23.2315802004687
3424,342.306846,23.365018927439927
3425,342.406848,23.621454576018913
3426,342.50685000000004,23.12804424810812
3427,342.606852,23.33957544767428
3428,342.70685399999996,22.91971175637337
3429,342.80685600000004,22.977308427946383
3430,342.906858,23.22500295616642
3431,343.00685999999996,23.328430863553862
3432,343.10686200000004,22.730095565634226
3433,343.206864,23.00771945856802
3434,343.30686599999996,23.106404381212567
3435,343.40686800000003,23.15038420449015
3436,343.50687,23.320168904475953
3437,343.606872,23.18298443747394
3438,343.706874,23.30847846238285
3439,343.806876,23.246830389942925
3440,343.906878,23.118873511538702
3441,344.00688,23.194270344564103
3442,344.106882,22.960083277393952
3443,344.206884,22.66544740569275
3444,344.306886,22.767946908865706
3445,344.40688800000004,23.050772204336194
3446,344.50689,23.742089738138798
3447,344.606892,22.880453892075714
3448,344.70689400000003,23.210298138882134
3449,344.806896,22.744331190731753
3450,344.906898,23.611256024593978
3451,345.00690000000003,23.99219476698948
3452,345.106902,23.939534895216795
3453,345.206904,23.381090859125283
3454,345.306906,23.119580147705204
3455,345.406908,23.227812270931995
3456,345.50691,23.538836402356484
3457,345.606912,23.48565249930161
3458,345.706914,23.60373164236984
3459,345.806916,23.568569335867892
3460,345.906918,23.57171361818197
3461,346.00692,23.741176787984518
3462,346.106922,24.114590607370268
3463,346.206924,23.93611980451378
3464,346.30692600000003,24.07383343148887
3465,346.406928,24.052415983696527
3466,346.50693,23.81447792395001
3467,346.60693200000003,23.188328947094085
3468,346.706934,22.734197575121204
3469,346.806936,22.694306879430346
3470,346.906938,23.151502115542318
3471,347.00694,23.11090297698399
3472,347.106942,22.58412653775573
3473,347.206944,23.121103374718444
3474,347.306946,22.586469094063744
3475,347.40694800000006,22.86384483432501
3476,347.50695,22.96698684995667
3477,347.606952,23.092307783506413
3478,347.70695400000005,22.970903576550846
3479,347.806956,23.001941629216446
3480,347.906958,22.834401465176814
3481,348.00696000000005,22.701929847322297
3482,348.106962,22.755599611470057
3483,348.206964,22.75672753106228
3484,348.306966,22.871015199495133
3485,348.406968,22.643555169709295
3486,348.50697,22.865831213299717
3487,348.606972,23.089506354928936
3488,348.706974,23.18594077466405
3489,348.806976,22.812452689179395
3490,348.906978,23.345047440435565
3491,349.00698,23.22568344997519
3492,349.106982,22.88466884535565
3493,349.206984,23.054519283023406
3494,349.30698600000005,23.25037917152625
3495,349.406988,23.847435627172892
3496,349.50699,23.25522846037053
3497,349.60699200000005,23.150618258888052
3498,349.706994,23.488884878666312
3499,349.80699599999997,22.830771530486007
3500,349.90699800000004,23.210838564319964
3501,350.007,23.008148423466444
3502,350.10700199999997,23.088441824439144
3503,350.20700400000004,23.25181041383902
3504,350.307006,23.371484171295737
3505,350.407008,23.244344418551094
3506,350.50701000000004,23.179352931056478
3507,350.607012,23.017876315758926
3508,350.707014,23.5527906144484
3509,350.807016,23.80934870382426
3510,350.907018,23.140215063498143
3511,351.00702,22.85825418783979
3512,351.107022,23.273129750643886
3513,351.20702400000005,22.773823452688998
3514,351.307026,23.616363867133938
3515,351.40702799999997,23.253482428981364
3516,351.50703000000004,23.114012739527787
3517,351.607032,23.21132128666415
3518,351.70703399999996,22.93907410176447
3519,351.80703600000004,23.039615473001437
3520,351.907038,22.942938427172535
3521,352.00703999999996,23.016242913145096
3522,352.10704200000004,22.292976121617105
3523,352.207044,22.604658703813776
3524,352.307046,22.71051207038914
3525,352.40704800000003,22.61136289403407
3526,352.50705,22.3007425527565
3527,352.607052,22.657384792825354
3528,352.707054,22.901714470209736
3529,352.807056,22.62486173322402
3530,352.907058,22.675674844131322
3531,353.00706,23.065807341445726
3532,353.10706200000004,22.89591198083617
3533,353.207064,22.53785699191884
3534,353.30706599999996,22.586641019915486
3535,353.40706800000004,23.12619116162683
3536,353.50707,22.632739595564956
3537,353.60707199999996,23.061734057642347
3538,353.70707400000003,22.654456020126005
3539,353.807076,22.687973057389968
3540,353.90707799999996,23.27288707029879
3541,354.00708000000003,23.047176543769524
3542,354.107082,22.878747550462595
3543,354.207084,22.794439663830765
3544,354.307086,22.866299164181452
3545,354.407088,22.774557509051036
3546,354.50709,22.896219196944617
3547,354.607092,22.931847089902448
3548,354.707094,23.019008903012622
3549,354.807096,22.86505433587509
3550,354.907098,23.323253759041794
3551,355.00710000000004,23.325802792974926
3552,355.107102,23.648199423786274
3553,355.207104,23.45314287190016
3554,355.30710600000003,23.731087934614745
3555,355.407108,23.448709399499016
3556,355.50711,23.355329974823736
3557,355.60711200000003,23.558932699714795
3558,355.707114,23.131810140168696
3559,355.807116,22.549184291327112
3560,355.907118,22.71384210553174
3561,356.00712,22.675875858775584
3562,356.107122,22.62689704419206
3563,356.207124,22.762396353578108
3564,356.307126,22.640083599090666
3565,356.407128,22.51972159610697
3566,356.50713,22.89305999401743
3567,356.607132,23.206777726552044
3568,356.707134,22.73413893786615
3569,356.807136,23.32180897449493
3570,356.90713800000003,23.006292022527138
3571,357.00714,22.75491138214396
3572,357.107142,23.428784776158064
3573,357.207144,22.799458467611068
3574,357.307146,23.111108958220854
3575,357.407148,23.190254491512324
3576,357.50715,23.25932222044479
3577,357.607152,22.82620205313968
3578,357.707154,23.13876839553534
3579,357.807156,22.809192592249637
3580,357.907158,23.01590070060203
3581,358.00716000000006,22.612023072837545
3582,358.107162,22.833129694874348
3583,358.207164,22.77319678711015
3584,358.30716600000005,22.94796840521249
3585,358.407168,23.066732417725074
3586,358.50717,22.885371411680282
3587,358.60717200000005,22.692779399916127
3588,358.707174,22.661236900494742
3589,358.807176,22.99149481892202
3590,358.907178,23.12303022773052
3591,359.00718,23.36708897208603
3592,359.107182,23.609476092441252
3593,359.207184,24.02159618499771
3594,359.307186,24.184268189673055
3595,359.407188,23.740479261908316
3596,359.50719,23.6614571949717
3597,359.607192,23.657287811444505
3598,359.707194,23.802343950872714
3599,359.807196,23.655838926368315
3600,359.90719800000005,23.830686584162706
3601,360.0072,23.397824482542738
3602,360.107202,23.938841999079287
3603,360.20720400000005,23.552693081635557
3604,360.307206,23.77496369006236
3605,360.40720799999997,23.469275715866274
3606,360.50721000000004,23.59946892333136
3607,360.607212,23.337668256634558
3608,360.707214,23.794397295699326
3609,360.80721600000004,23.865363725651275
3610,360.907218,23.683584053235
3611,361.00722,23.45279261883812
3612,361.10722200000004,23.90270801965317
3613,361.207224,23.67095995358717
3614,361.307226,23.84250222978822
3615,361.407228,23.596461005793717
3616,361.50723,23.595044796038405
3617,361.607232,24.008249248643228
3618,361.70723399999997,23.99025023139914
3619,361.80723600000005,23.620495279814754
3620,361.907238,23.671716487878157
3621,362.00723999999997,23.49129728158025
3622,362.10724200000004,23.353226942538804
3623,362.207244,23.855032272460225
3624,362.30724599999996,23.616919662383566
3625,362.40724800000004,23.71270205868142
3626,362.50725,24.138801349193034
3627,362.60725199999996,24.548679364075305
3628,362.70725400000003,24.59600079432161
3629,362.807256,24.621880302601163
3630,362.907258,24.23535008271565
3631,363.00726000000003,24.43659444199328
3632,363.107262,24.13402311561098
3633,363.207264,24.305302042256113
3634,363.307266,24.88245348204419
3635,363.407268,25.398954424122195
3636,363.50727,25.138849651324005
3637,363.607272,24.975636946874854
3638,363.70727400000004,25.18118563496803
3639,363.807276,25.056594618934575
3640,363.907278,24.726231429038254
3641,364.00728000000004,25.53365348436688
3642,364.107282,24.78609688279564
3643,364.20728399999996,25.100661160060973
3644,364.30728600000003,24.536336353850782
3645,364.407288,24.630916763857815
3646,364.50728999999995,24.889585304073798
3647,364.60729200000003,24.983694056928854
3648,364.707294,24.526469023989083
3649,364.807296,24.640029372738265
3650,364.907298,24.321134112665888
3651,365.0073,24.31524791696267
3652,365.107302,24.430328361449487
3653,365.207304,24.589195197198737
3654,365.307306,24.27529103311709
3655,365.407308,24.10445596741321
3656,365.50731,24.03125979627046
3657,365.60731200000004,24.07779089584315
3658,365.707314,24.27770214573542
3659,365.807316,24.599367235309547
3660,365.90731800000003,24.544626015550712
3661,366.00732,25.118690953707027
3662,366.107322,25.5777575044928
3663,366.207324,25.18537071665481
3664,366.307326,25.47224079617933
3665,366.407328,24.92667397600438
3666,366.50733,24.684001872227043
3667,366.607332,24.333992520715665
3668,366.70733400000006,25.169690772286152
3669,366.807336,24.6397764949048
3670,366.907338,25.09717049358674
3671,367.00734,25.078110388267323
3672,367.107342,24.648346886376164
3673,367.207344,24.278721236918276
3674,367.307346,24.782076846017745
3675,367.407348,24.945321572170354
3676,367.50735000000003,25.05034059485448
3677,367.607352,25.127597670345516
3678,367.707354,25.019602066432906
3679,367.807356,25.32330351902551
3680,367.907358,25.37952726173716
3681,368.00736,25.041656713003288
3682,368.107362,25.323575964349956
3683,368.207364,24.99288372669168
3684,368.307366,25.0003382276342
3685,368.407368,24.631977080630275
3686,368.50737,25.26216282674224
3687,368.60737200000005,25.056463540333684
3688,368.707374,25.30439231112416
3689,368.807376,25.156886020826228
3690,368.90737800000005,24.974144336757576
3691,369.00738,25.131422732386657
3692,369.107382,24.68203147323902
3693,369.20738400000005,24.405104144470126
3694,369.307386,25.028621178581336
3695,369.407388,25.747877466275096
3696,369.50739,25.61840246930016
3697,369.607392,25.350304360811464
3698,369.707394,25.473146226741843
3699,369.807396,25.777962273442952
3700,369.907398,25.867063310683395
3701,370.0074,25.918586628087183
3702,370.107402,25.914388996643176
3703,370.207404,25.883013063377515
3704,370.307406,25.53383786272426
3705,370.407408,25.305162238051743
3706,370.50741000000005,25.172848850029546
3707,370.607412,24.98125129188684
3708,370.70741399999997,24.90763729618971
3709,370.80741600000005,25.21604264728303
3710,370.907418,25.00148165518579
3711,371.00741999999997,24.96387372024728
3712,371.10742200000004,24.875114249867217
3713,371.207424,24.829575911753945
3714,371.307426,24.925909292089983
3715,371.40742800000004,24.651014271854127
3716,371.50743,24.765654846787132
3717,371.607432,24.817850550519445
3718,371.70743400000003,24.927102009648138
3719,371.807436,25.092592426149093
3720,371.907438,25.179637678712265
3721,372.00744,25.51305922493543
3722,372.107442,25.42969368457976
3723,372.207444,25.374588322261854
3724,372.30744599999997,24.770019217259122
3725,372.40744800000004,24.470091413155792
3726,372.50745,24.986305354508794
3727,372.60745199999997,24.509942840005323
3728,372.70745400000004,24.984465842658583
3729,372.807456,24.98654510417427
3730,372.90745799999996,24.733302098350833
3731,373.00746000000004,24.804915843863448
3732,373.107462,24.434525922448874
3733,373.207464,24.617274810460504
3734,373.30746600000003,24.644168170605823
3735,373.407468,24.282178797824496
3736,373.50747,24.280790862204963
3737,373.60747200000003,24.483205491556355
3738,373.707474,24.5242216774118
3739,373.807476,24.548548031495088
3740,373.907478,24.098242928895775
3741,374.00748,24.427636792369057
3742,374.107482,24.20688512946002
3743,374.207484,24.18144439587161
3744,374.30748600000004,24.41852092598572
3745,374.407488,24.065738923897687
3746,374.50749,24.11181420404715
3747,374.60749200000004,24.535019295014088
3748,374.707494,23.695061198480087
3749,374.80749599999996,23.199059982962904
3750,374.90749800000003,23.56555279541463
3751,375.0075,23.260750193093223
3752,375.107502,23.364179981344066
3753,375.20750400000003,23.630836553326585
3754,375.307506,22.81319398393182
3755,375.407508,23.198987122920766
3756,375.50751,23.4965396111782
3757,375.607512,23.13465157164848
3758,375.707514,23.26462664324111
3759,375.807516,23.37682432573279
3760,375.907518,23.46565559137493
3761,376.00752,23.31997590512715
3762,376.107522,23.54783860289906
3763,376.20752400000003,23.196684317458846
3764,376.307526,24.228548378989352
3765,376.407528,24.28819362305094
3766,376.50753000000003,24.012133933716015
3767,376.607532,24.123344623736156
3768,376.707534,23.563481337873323
3769,376.807536,23.420529287651952
3770,376.907538,23.790679707956894
3771,377.00754,24.146276821629428
3772,377.107542,24.423046267246917
3773,377.207544,24.04555722649671
3774,377.30754600000006,23.87065976856402
3775,377.407548,23.860999288926187
3776,377.50755,24.217020511321916
3777,377.607552,24.53933151269172
3778,377.707554,24.801535631946923
3779,377.807556,23.74131744231706
3780,377.907558,24.27536635354666
3781,378.00756,23.84979116906828
3782,378.10756200000003,23.648398794928106
3783,378.207564,23.839241818189127
3784,378.307566,24.070644005078787
3785,378.407568,23.738157483500192
3786,378.50757,23.988209306850123
3787,378.607572,23.858257547479536
3788,378.707574,24.05309706076774
3789,378.807576,24.163741805188376
3790,378.907578,23.58091955650606
3791,379.00758,23.910929916236284
3792,379.107582,23.356298558274293
3793,379.20758400000005,23.776439459054874
3794,379.307586,24.50591340989964
3795,379.407588,23.753711208970778
3796,379.50759000000005,24.41529040557287
3797,379.607592,23.59128051151631
3798,379.707594,23.4445738612417
3799,379.80759600000005,23.698533206418727
3800,379.907598,23.352691655719305
3801,380.0076,23.73916282732652
3802,380.107602,23.597932131155442
3803,380.207604,23.55448806191413
3804,380.307606,23.450521252542885
3805,380.407608,24.105384972046174
3806,380.50761,23.785084552454393
3807,380.607612,24.43185810023725
3808,380.707614,24.616234391711032
3809,380.807616,24.82335260228261
3810,380.907618,24.621698637475106
3811,381.00762,24.4786334652215
3812,381.10762200000005,24.728324245721478
3813,381.207624,25.002811068746368
3814,381.30762599999997,24.25074062240044
3815,381.40762800000005,23.816331905128
3816,381.50763,23.9804095804037
3817,381.60763199999997,24.527056167395923
3818,381.70763400000004,24.5947243933545
3819,381.807636,24.805961428974967
3820,381.907638,25.354158482388055
3821,382.00764000000004,24.84218019057132
3822,382.107642,24.696102732726555
3823,382.207644,24.4289589071434
3824,382.30764600000003,24.626371874237922
3825,382.407648,24.548483783502387
3826,382.50765,24.331850293415027
3827,382.60765200000003,24.08302160750987
3828,382.707654,23.714503300467317
3829,382.807656,23.989334256811443
3830,382.90765799999997,24.124317321444718
3831,383.00766000000004,23.96888814698401
3832,383.107662,24.2574528268714
3833,383.20766399999997,24.07211176261063
3834,383.30766600000004,24.73797697375971
3835,383.407668,24.416171919225345
3836,383.50766999999996,23.933567145522037
3837,383.60767200000004,23.47965134675463
3838,383.707674,23.519762880924873
3839,383.807676,23.234250505042002
3840,383.90767800000003,23.148874197937534
3841,384.00768,23.124727356562016
3842,384.107682,23.095043770187182
3843,384.20768400000003,23.047220791600267
3844,384.307686,22.98221282797583
3845,384.407688,23.18554277169562
3846,384.50769,23.517917585535805
3847,384.607692,23.738668984513318
3848,384.707694,23.5083188295495
3849,384.807696,23.705815785189056
3850,384.90769800000004,23.818454167834307
3851,385.0077,24.143914149248
3852,385.107702,24.067249672373656
3853,385.20770400000004,24.237081959758736
3854,385.307706,24.128647017842564
3855,385.40770799999996,24.261483512040577
3856,385.50771000000003,23.78292519921116
3857,385.607712,24.03525701183333
3858,385.707714,23.819496991106888
3859,385.807716,24.046160908806623
3860,385.907718,23.754264553535926
3861,386.00772,24.018834858087235
3862,386.107722,24.44609607005935
3863,386.207724,24.16361071307133
3864,386.307726,24.09419020159753
3865,386.407728,24.252707191025888
3866,386.50773,23.94082804137275
3867,386.607732,24.11483020265095
3868,386.707734,23.700203878410218
3869,386.80773600000003,23.936544644481845
3870,386.907738,23.995819104011783
3871,387.00774,23.667448533814124
3872,387.10774200000003,23.774949529157997
3873,387.207744,23.897165153285197
3874,387.307746,23.83337127858869
3875,387.407748,23.903606536773722
3876,387.50775,23.867798199999324
3877,387.60775200000006,23.829806481880265
3878,387.707754,23.489156823032665
3879,387.807756,23.341441216287816
3880,387.90775800000006,23.48732008796607
3881,388.00776,23.699863596215422
3882,388.107762,24.046319299086676
3883,388.207764,24.144615685967437
3884,388.307766,24.33329141135282
3885,388.407768,23.849077366968807
3886,388.50777,24.32476744708808
3887,388.607772,24.52115513855618
3888,388.70777400000003,23.80580845724346
3889,388.807776,24.2344516375017
3890,388.907778,23.651699434933192
3891,389.00778,23.73545034653875
3892,389.107782,23.661680774912906
3893,389.207784,23.631937940953303
3894,389.307786,23.673417029150507
3895,389.407788,23.62787889619158
3896,389.50779,23.857716343912845
3897,389.607792,23.724026614416566
3898,389.707794,23.40709810985626
3899,389.80779600000005,23.215830866051082
3900,389.907798,23.55209362514901
3901,390.0078,23.997631679673674
3902,390.10780200000005,24.09787018274693
3903,390.207804,23.959905998833104
3904,390.30780599999997,23.855495664302083
3905,390.40780800000005,23.86877129283509
3906,390.50781,24.314715343978936
3907,390.607812,24.09112165359009
3908,390.707814,23.914101036279686
3909,390.807816,24.229096200840445
3910,390.907818,23.995527170094626
3911,391.00782,24.301146539600953
3912,391.107822,23.967975148653274
3913,391.207824,24.09084953511373
3914,391.307826,24.01976370406854
3915,391.407828,23.8424423822274
3916,391.50783,24.43705123209738
3917,391.607832,24.59329407180739
3918,391.70783400000005,24.049236364487786
3919,391.807836,24.321346037814887
3920,391.90783799999997,24.66212119097938
3921,392.00784000000004,24.198723109142602
3922,392.107842,24.21894733528664
3923,392.20784399999997,24.115180371694663
3924,392.30784600000004,24.322457449555294
3925,392.407848,24.573433353902153
3926,392.50785,24.711542607629735
3927,392.60785200000004,24.092825864014017
3928,392.707854,24.003899358040304
3929,392.807856,24.50702572853166
3930,392.90785800000003,24.73135643864986
3931,393.00786,24.793884653152197
3932,393.107862,24.812038386741254
3933,393.20786400000003,25.088087405504666
3934,393.307866,24.651128375354364
3935,393.407868,24.89261895695142
3936,393.50786999999997,25.028400818946885
3937,393.60787200000004,24.53066634743039
3938,393.707874,25.021748868880195
3939,393.80787599999996,25.138577867203967
3940,393.90787800000004,25.444913876636296
3941,394.00788,25.400329567073012
3942,394.10788199999996,25.331359040656366
3943,394.20788400000004,24.71995436915372
3944,394.307886,25.260257851775734
3945,394.407888,24.380712159247434
3946,394.50789000000003,24.769292765070063
3947,394.607892,24.717234708013006
3948,394.707894,24.20596937142817
3949,394.807896,24.86655331429579
3950,394.907898,24.914780737937622
3951,395.0079,24.310230338374478
3952,395.107902,23.851665239275672
3953,395.207904,23.763583192225774
3954,395.307906,23.51127682666456
3955,395.407908,24.228193405077175
3956,395.50791000000004,24.425447211628924
3957,395.607912,24.097608014398475
3958,395.707914,24.60906337351835
3959,395.80791600000003,24.67046232028534
3960,395.907918,24.67101855500544
3961,396.00791999999996,25.25013961123034
3962,396.10792200000003,25.028659197116287
3963,396.207924,24.924498325086837
3964,396.307926,25.01648183703339
3965,396.407928,25.190696425546662
3966,396.50793,24.258231520875412
3967,396.607932,24.501751445068887
3968,396.707934,24.572476534336836
3969,396.807936,23.984238327563425
3970,396.907938,23.578481505419635
3971,397.00794,23.832031114939863
3972,397.107942,23.661390686492144
3973,397.207944,23.93696653699418
3974,397.307946,24.246903503701365
3975,397.40794800000003,23.98230073322193
3976,397.50795,24.264614282592092
3977,397.607952,24.70379130892584
3978,397.70795400000003,23.866175267823333
3979,397.807956,24.596719337378254
3980,397.907958,24.070712024682994
3981,398.00796,24.35714261902887
3982,398.107962,25.05435377889772
3983,398.20796400000006,25.177100680627287
3984,398.307966,25.391876698651902
3985,398.407968,25.16411968148063
3986,398.50797000000006,25.100404842413834
3987,398.607972,24.698704479718444
3988,398.707974,25.11679924120148
3989,398.807976,24.574479119875846
3990,398.907978,25.017072428341386
3991,399.00798,25.253052865444985
3992,399.107982,25.181302265487588
3993,399.207984,25.4257321896319
3994,399.307986,24.93503985517756
3995,399.407988,24.984762053226955
3996,399.50799,24.630137460163365
3997,399.607992,23.784985828875982
3998,399.707994,24.270036898730577
3999,399.807996,23.789344502976427
4000,399.907998,24.489780407776713
4001,400.000014,24.652930750408956
