Frame,Time (ns),Radius of Gyration
1,0.0,8.575963498458934
2,0.100002,8.295217967349005
3,0.200004,8.806000428738926
4,0.30000600000000005,7.995052413331656
5,0.400008,8.421134942881382
6,0.50001,8.787414227105264
7,0.6000120000000001,8.546647691721573
8,0.700014,8.285293247639904
9,0.800016,8.711876508468523
10,0.900018,8.597335398865535
11,1.00002,8.737780031150168
12,1.1000219999999998,8.451964373743014
13,1.2000240000000002,8.551216995230787
14,1.3000260000000001,8.846821287596567
15,1.400028,9.274269413721527
16,1.50003,8.628757266150041
17,1.600032,8.257195021328283
18,1.700034,8.796427391535548
19,1.800036,8.619493147103203
20,1.9000380000000001,8.651561868159424
21,2.00004,8.519071163258305
22,2.1000419999999997,8.856050323457987
23,2.2000439999999997,9.031132573260871
24,2.300046,8.383570378270676
25,2.4000480000000004,8.599350216502797
26,2.5000500000000003,8.447673574669198
27,2.6000520000000003,8.517818765631734
28,2.700054,8.73187944975357
29,2.800056,9.187698090168244
30,2.900058,9.059977410529727
31,3.00006,9.0415007460086
32,3.100062,8.816364589174523
33,3.200064,9.139309771742811
34,3.300066,8.942738346312598
35,3.400068,8.7894090216982
36,3.50007,9.198804243222163
37,3.600072,9.40209311186286
38,3.700074,9.123695088098188
39,3.8000760000000002,9.109946427538755
40,3.900078,8.928104637832021
41,4.00008,8.590057230669107
42,4.1000820000000004,9.151089392416928
43,4.2000839999999995,8.955627504412957
44,4.300086,8.846355120447676
45,4.400087999999999,9.069993775158977
46,4.50009,9.123043459959417
47,4.600092,8.991842120557724
48,4.700094,8.609795313602813
49,4.800096000000001,9.174531012371382
50,4.900098,8.6978532525151
51,5.000100000000001,9.14819525684236
52,5.100102,8.441972179701144
53,5.2001040000000005,8.37474149474377
54,5.3001059999999995,8.358690596977747
55,5.400108,8.835973929648953
56,5.500109999999999,8.599346273858625
57,5.600112,8.10756432454878
58,5.700114,7.896732561579944
59,5.800116,8.17317397882677
60,5.900118,8.20812597564151
61,6.00012,7.833311688263499
62,6.100122000000001,7.445196240187382
63,6.200124,7.431756138554396
64,6.300126000000001,7.34570194963789
65,6.400128,7.784156808017336
66,6.50013,7.382217388529614
67,6.600132,7.512709747978338
68,6.700134,7.5062405235305265
69,6.800136,7.145182388150959
70,6.900138,7.265346363468056
71,7.00014,7.533643375275507
72,7.100142,7.24620081209803
73,7.200144,7.068819411953974
74,7.300146,7.821734340845448
75,7.400148,6.815064495828547
76,7.5001500000000005,7.4025363418532155
77,7.6001520000000005,7.225777286393263
78,7.700154,7.004914967270287
79,7.800156,7.199697688905084
80,7.900158,7.297663534648925
81,8.00016,7.041957953805102
82,8.100162000000001,7.541924014726404
83,8.200164000000001,7.587667664537352
84,8.300166,7.056137984223859
85,8.400167999999999,6.992176963675448
86,8.50017,6.85995420102461
87,8.600172,7.556949128935422
88,8.700174,7.191141269601746
89,8.800175999999999,7.034970534697447
90,8.900178,7.149819756980887
91,9.00018,7.456914975596189
92,9.100182,7.259481318246926
93,9.200184,7.588785102119064
94,9.300186,7.720115067614613
95,9.400188,7.934602389135556
96,9.50019,8.2313269618841
97,9.600192000000002,8.021721976130175
98,9.700194,7.789469536971164
99,9.800196,8.26038426727269
100,9.900198,7.892956849708927
101,10.000200000000001,8.76545505673744
102,10.100202,8.730316026437606
103,10.200204,7.897986286221246
104,10.300206,8.271766517024835
105,10.400208000000001,8.59518213371779
106,10.500210000000001,8.284230382439114
107,10.600211999999999,8.457252109455496
108,10.700214,7.589973309955724
109,10.800216,8.231477465402593
110,10.900218,8.051129267478233
111,11.000219999999999,7.893537888582538
112,11.100222,7.905764665206542
113,11.200224,8.142245374820279
114,11.300226,8.375306955673544
115,11.400228,8.367524167624856
116,11.50023,8.187658227594497
117,11.600232,8.942979225219633
118,11.700234,8.344940313909968
119,11.800236,7.117561999028621
120,11.900238,7.866476781852425
121,12.00024,7.321728314716349
122,12.100242,7.765577019980776
123,12.200244000000001,8.374126906360056
124,12.300246000000001,8.411118611873727
125,12.400248,8.673000624099112
126,12.50025,8.563603584958104
127,12.600252000000001,8.666212613430588
128,12.700254000000001,8.591807034353035
129,12.800256,8.366733591708979
130,12.900258,8.466343596377053
131,13.00026,8.452329116866919
132,13.100262,8.085178228280988
133,13.200264,8.924331040284674
134,13.300265999999999,8.254758206595799
135,13.400268,8.008537472334867
136,13.50027,8.036465171207528
137,13.600272,8.183434248400255
138,13.700274,8.036632950419593
139,13.800276,8.305444012461932
140,13.900278,8.277342998379378
141,14.00028,8.507292593251568
142,14.100282000000002,8.115780847921329
143,14.200284,8.230837582746334
144,14.300286,8.255633965580508
145,14.400288,7.919385908918776
146,14.500290000000001,8.522236186474855
147,14.600292,8.93715516421258
148,14.700294,8.360720091943474
149,14.800296,8.696459324134155
150,14.900298000000001,8.904772814237988
151,15.000300000000001,8.755803493941741
152,15.100302,8.756908989221929
153,15.200304000000001,8.665873788432068
154,15.300306,8.308651755982346
155,15.400308,8.752770879326686
156,15.500309999999999,8.438384808288555
157,15.600312,8.31298159747086
158,15.700314,8.789983183232069
159,15.800316,8.687093685512403
160,15.900318,9.000138822297515
161,16.00032,8.597548920077076
162,16.100322,8.21826375473358
163,16.200324000000002,8.472958291037767
164,16.300326000000002,8.578723074510867
165,16.400328000000002,8.186989029555685
166,16.50033,8.296676732913356
167,16.600332,8.456540794888866
168,16.700333999999998,8.68968583840668
169,16.800335999999998,7.691159619029904
170,16.900338,7.451322049890229
171,17.00034,8.165015656781636
172,17.100342,7.978897479254302
173,17.200344,8.007782205350324
174,17.300346,8.518833403593357
175,17.400348,8.852988912915126
176,17.50035,8.664046904769634
177,17.600351999999997,8.309334926392319
178,17.700354,8.303020250745647
179,17.800356,8.416263562631373
180,17.900358,8.578360410061016
181,18.00036,7.776492316625937
182,18.100362,8.031310231819395
183,18.200364,8.015359985166842
184,18.300366,8.187244089784889
185,18.400368,7.991586737359313
186,18.50037,8.288314660841264
187,18.600372,8.337282040572827
188,18.700374,8.360549481076802
189,18.800376,8.291921004567106
190,18.900378,7.914841858631956
191,19.00038,8.099478149413537
192,19.100382,8.079816251690383
193,19.200384000000003,7.414918413297402
194,19.300386,8.132494430307238
195,19.400388,8.310472377283663
196,19.50039,8.238097303819764
197,19.600392,8.105947366109199
198,19.700394,8.102617230464238
199,19.800396,8.323706965063023
200,19.900398000000003,8.35211576800706
201,20.000400000000003,7.92388164115485
202,20.100402000000003,7.547998315601219
203,20.200404,7.606423697353249
204,20.300406,7.9183804890221845
205,20.400408,7.410038854574291
206,20.50041,7.697853931058976
207,20.600412,7.517056815320861
208,20.700414000000002,7.6585797877431085
209,20.800416000000002,7.933157666470402
210,20.900418000000002,7.639058396641903
211,21.000420000000002,7.986256601724786
212,21.100422,7.5175003230765265
213,21.200423999999998,7.760292140598121
214,21.300425999999998,7.732249606290836
215,21.400428,7.132472572408123
216,21.50043,8.033945640123136
217,21.600432,8.083999697116285
218,21.700434,8.547546902111877
219,21.800436,8.417347839766961
220,21.900438,8.73780442361687
221,22.000439999999998,8.183943205002493
222,22.100441999999997,7.949781976640376
223,22.200444,7.661192082985601
224,22.300446,7.815807355516056
225,22.400448,7.7386522449231565
226,22.50045,7.898045388402574
227,22.600452,7.949976663704379
228,22.700454,8.240786525873965
229,22.800456,8.122165783825855
230,22.900458,8.113990793104698
231,23.00046,7.694143846805697
232,23.100462,7.791686848000438
233,23.200464,7.697476379913513
234,23.300466,7.959799289564454
235,23.400468,8.105502727166764
236,23.50047,8.309887752363238
237,23.600472,8.540804850414979
238,23.700474000000003,8.2536922552855
239,23.800476,8.57176248358572
240,23.900478,8.598064729870853
241,24.00048,8.18600107374666
242,24.100482,8.453355881343372
243,24.200484,8.599583699219574
244,24.300486,8.828923344030123
245,24.400488000000003,8.596899931574676
246,24.500490000000003,8.594858607094825
247,24.600492000000003,8.417845084234052
248,24.700494,8.42424763071161
249,24.800496,8.251577673463606
250,24.900498,8.394291274728495
251,25.0005,8.479955109155625
252,25.100502,8.383124485099543
253,25.200504000000002,8.441819101945427
254,25.300506000000002,8.72983902217161
255,25.400508000000002,8.510138042024824
256,25.500510000000002,8.451272715984219
257,25.600512,8.37166052524409
258,25.700514,8.404693064257316
259,25.800516,8.307190505570548
260,25.900518,8.263208890568718
261,26.00052,8.529633929778045
262,26.100522,8.431450722069151
263,26.200524,8.468242261925461
264,26.300526,8.463170548733597
265,26.400528,8.206836323990272
266,26.500529999999998,8.33866174399582
267,26.600531999999998,8.306698816621642
268,26.700534,8.466406042157159
269,26.800536,8.579702190199036
270,26.900538,8.355526686618614
271,27.00054,8.481228049392877
272,27.100542,8.239035080924504
273,27.200544,8.282441591176045
274,27.300546,8.307512345588524
275,27.400548,8.078913899356703
276,27.50055,8.318090105767284
277,27.600552,8.157076666343782
278,27.700554,8.173749228012271
279,27.800556,8.18862572437729
280,27.900558,8.232580321554606
281,28.00056,8.313038570060092
282,28.100562,8.381990651453316
283,28.200564000000004,8.011927065426935
284,28.300566,8.30071312914593
285,28.400568,8.429966843294336
286,28.50057,8.498972635151564
287,28.600572,8.370883749889506
288,28.700574,8.506121670221747
289,28.800576,8.5432296103366
290,28.900578000000003,8.58807810433558
291,29.000580000000003,8.25610064685777
292,29.100582000000003,8.025670495243379
293,29.200584,8.28172416595976
294,29.300586,8.534878566262542
295,29.400588,8.672127688121824
296,29.50059,8.836064973576768
297,29.600592,8.53286494475208
298,29.700594000000002,8.25672769866442
299,29.800596000000002,8.217698643882036
300,29.900598000000002,8.296161728912884
301,30.000600000000002,8.572423744801707
302,30.100602,8.029162836612427
303,30.200604,8.608653142909528
304,30.300606,8.47199214356584
305,30.400608000000002,8.296991608095919
306,30.50061,8.350649466003054
307,30.600612,8.253785376902089
308,30.700614,8.20706991142094
309,30.800616,8.367025613533842
310,30.900618,8.546846141770246
311,31.000619999999998,8.646038547224107
312,31.100621999999998,8.435066997007764
313,31.200624,8.561660343356438
314,31.300626,8.453244592282463
315,31.400628,8.506190755611117
316,31.50063,8.377065002762166
317,31.600632,8.133501119756469
318,31.700634,8.379655905667798
319,31.800636,8.255675628714894
320,31.900638,8.143284413289342
321,32.00064,7.9259785682112005
322,32.100642,8.261998720589641
323,32.200644,8.285980615121977
324,32.300646,8.254750943680405
325,32.400648000000004,8.594680325602987
326,32.50065,8.298234655641568
327,32.600652000000004,8.283629522722512
328,32.700654,8.506044062465412
329,32.800656000000004,8.472323762570173
330,32.900658,8.713294936887833
331,33.00066,8.240821332337717
332,33.10066200000001,8.524735574210851
333,33.200664,7.925482316408607
334,33.300666,8.133111928907955
335,33.400667999999996,8.251517510251661
336,33.50067,8.064436768322762
337,33.600671999999996,8.107667183947804
338,33.700674,8.215019665487404
339,33.800676,8.250421476456495
340,33.900678,8.240052142939085
341,34.00068,8.153878418653074
342,34.100682,8.421214139875175
343,34.200684,8.423700242226229
344,34.300686,8.26345635126299
345,34.400688,8.308498524921763
346,34.500690000000006,8.655599975301483
347,34.600692,8.328357833235692
348,34.700694000000006,8.315793054271452
349,34.800696,8.68723611756076
350,34.900698000000006,8.468620915044248
351,35.0007,8.477470179929846
352,35.100702,8.29336394530834
353,35.200703999999995,8.124776781413095
354,35.300706,8.459413246019123
355,35.400708,8.35503878906203
356,35.50071,8.249914193964765
357,35.600712,8.392955027190137
358,35.700714,8.571298170622827
359,35.800716,8.303628835467704
360,35.900718,8.434542798398434
361,36.00072,8.404327709878887
362,36.100722000000005,8.095205531049551
363,36.200724,8.27014124403526
364,36.300726000000004,8.262800449305512
365,36.400728,8.12922161118411
366,36.500730000000004,8.461736828530386
367,36.600732,8.426955762915545
368,36.700734000000004,8.120139127821918
369,36.800736,7.9812979951167025
370,36.900738,8.33563788677836
371,37.00074,8.391173739035853
372,37.100742,8.568135051499551
373,37.200744,8.419807158236429
374,37.300746,8.64008364269761
375,37.400748,8.602141190809613
376,37.50075,8.658394260279998
377,37.600752,8.359742356853817
378,37.700754,8.247606778642957
379,37.800756,8.487632349145903
380,37.900758,8.046252566977111
381,38.00076,8.289475765755132
382,38.100762,8.462288737394715
383,38.200764,8.368423196478938
384,38.300766,8.32900221187316
385,38.40076800000001,8.405148697329299
386,38.50077,8.025997772192294
387,38.600772,8.1584527740722
388,38.700773999999996,8.328747711064025
389,38.800776,8.213081605132043
390,38.900777999999995,8.217456006540734
391,39.00078,8.35213477284199
392,39.100782,8.294965598211515
393,39.200784,8.210298417860306
394,39.300786,8.185601242175233
395,39.400788,8.271736639746804
396,39.50079,7.960562540122153
397,39.600792,8.261704870963111
398,39.700794,8.534903222746662
399,39.800796000000005,7.973568462802698
400,39.900798,7.9510120403455655
401,40.000800000000005,8.10789727287617
402,40.100802,8.036177466144157
403,40.200804000000005,8.192290009657224
404,40.300806,8.23628308377751
405,40.400808,8.30858158041419
406,40.500809999999994,8.273361041126263
407,40.600812,8.324225826192468
408,40.700814,8.275660282750806
409,40.800816,8.40224905870721
410,40.900818,8.027311566549367
411,41.00082,8.053741839674865
412,41.100822,8.09324827181079
413,41.200824,8.137710960921487
414,41.300826,8.295223893196132
415,41.400828000000004,7.90191018520562
416,41.50083,8.313982631674575
417,41.600832000000004,8.247137664686784
418,41.700834,8.11433051754816
419,41.800836000000004,8.229518098093852
420,41.900838,8.272945715078857
421,42.000840000000004,7.9966167564072395
422,42.10084200000001,8.141318437772567
423,42.200844,8.019812781123184
424,42.300846,8.19766767123267
425,42.400847999999996,8.124822433544457
426,42.50085,8.280272900495385
427,42.600851999999996,8.390460084152801
428,42.700854,8.252590477842933
429,42.800856,8.2237156431072
430,42.900858,8.225174917390126
431,43.00086,8.170218689053916
432,43.100862,8.237611499560636
433,43.200864,7.921611984204594
434,43.300866,8.211129051984516
435,43.400868,8.327032098529624
436,43.500870000000006,8.02508424275398
437,43.600872,8.18990655041982
438,43.700874000000006,8.433214907001945
439,43.800876,8.363978418372117
440,43.900878000000006,8.375403046854045
441,44.000879999999995,8.535504552171615
442,44.100882,8.460903363871141
443,44.200883999999995,8.231556336889819
444,44.300886,8.431252327496036
445,44.400888,8.271730870995771
446,44.50089,7.95224754141634
447,44.600892,8.28824188562864
448,44.700894,8.547685449370245
449,44.800896,8.36415203288463
450,44.900898,8.18368600313624
451,45.0009,8.204097272458155
452,45.100902000000005,8.313567824557817
453,45.200904,8.190131196800538
454,45.300906000000005,7.938985412528172
455,45.400908,7.817828016627146
456,45.500910000000005,7.713340615879741
457,45.600912,8.036428398148287
458,45.700914000000004,7.8793322788447995
459,45.800916,7.741352361703365
460,45.900918,7.61168234448479
461,46.00092,7.481595556966792
462,46.100922,7.588096257019054
463,46.200924,7.417214390550842
464,46.300926,7.470875439868778
465,46.400928,7.650364930294803
466,46.50093,7.618996488800444
467,46.600932,7.91327018897487
468,46.700934000000004,7.630945793762938
469,46.800936,7.62063311969492
470,46.900938000000004,7.95208839220401
471,47.00094,8.464320562999033
472,47.100942,8.210559411811388
473,47.200944,8.102162886310719
474,47.300946,8.3226748807965
475,47.40094800000001,8.059233800671032
476,47.50095,8.311459569465162
477,47.600952,8.248063721165465
478,47.700953999999996,8.195607161337504
479,47.800956,8.450735349216137
480,47.900957999999996,8.034333127227669
481,48.00096,8.364828182582269
482,48.100962,8.350243524961865
483,48.200964,8.138380766207689
484,48.300966,7.982422402998632
485,48.400968,7.959119278739553
486,48.50097,8.175560498232523
487,48.600972,8.065045069575111
488,48.700974,7.99281214217941
489,48.800976000000006,8.200248528480344
490,48.900978,7.808506840349133
491,49.000980000000006,8.051477434597555
492,49.100982,7.806123255110203
493,49.200984000000005,7.957024935977793
494,49.300986,8.0223255615528
495,49.400988,8.05612015384727
496,49.500989999999994,7.982709019357001
497,49.600992,7.864098436721053
498,49.700994,7.857950268586918
499,49.800996,8.114328155729098
500,49.900998,8.045182051601437
501,50.001,7.821208282104092
502,50.101002,7.699919538548846
503,50.201004,7.775130563721085
504,50.301006,7.787373030418899
505,50.401008000000004,7.73792496724259
506,50.50101,7.956840271922589
507,50.601012000000004,8.079545356055688
508,50.701014,7.8408244456661516
509,50.801016000000004,7.7326292477864005
510,50.901018,7.8954333520118585
511,51.001020000000004,7.525593915536012
512,51.10102200000001,7.9342897610354415
513,51.201024,7.573389257214446
514,51.301026,7.754548182450235
515,51.401028,7.375476178437429
516,51.50103,7.4973178453284
517,51.601032,7.553887136246207
518,51.701034,7.615457586609134
519,51.801036,7.7961459509025675
520,51.901038,7.729355283005325
521,52.00104,8.122665695502569
522,52.101042,7.760609862839319
523,52.201044,7.765971655398949
524,52.301046,7.872653809143494
525,52.401048,7.802262885775452
526,52.501050000000006,7.888824154423621
527,52.601052,8.074876853923401
528,52.701054000000006,7.736516676526609
529,52.801056,7.588900226849014
530,52.901058000000006,8.07344252905341
531,53.001059999999995,8.00534727517335
532,53.101062,7.920709606813029
533,53.201063999999995,7.625006095189462
534,53.301066,8.023164722600924
535,53.401068,8.097546417328404
536,53.50107,8.036150527653458
537,53.601072,8.000729427081176
538,53.701074,7.9569653548480686
539,53.801076,8.19667060615301
540,53.901078,7.99023411244801
541,54.00108,7.922102960611508
542,54.101082000000005,7.898505453963033
543,54.201084,8.090046289700327
544,54.301086000000005,7.977231014690177
545,54.401088,8.170784275360077
546,54.501090000000005,8.196687873498172
547,54.601092,8.076444174762702
548,54.701094000000005,7.495542728948381
549,54.801096,7.657194420991826
550,54.901098,7.526631248353361
551,55.0011,7.2827649032318265
552,55.101102,7.312933425924055
553,55.201104,7.232825898331172
554,55.301106,7.128573189915827
555,55.401108,7.157426540398921
556,55.50111,7.663032468453117
557,55.601112,7.331399374915766
558,55.701114000000004,7.264598993323501
559,55.801116,7.47798367450287
560,55.901118000000004,7.416860391509818
561,56.00112,7.1798392557222925
562,56.101122000000004,7.583901992815818
563,56.201124,7.445766239397321
564,56.301126000000004,7.525944214606508
565,56.40112800000001,7.258736232066092
566,56.50113,7.287250080372816
567,56.601132,7.473107570901079
568,56.701133999999996,7.466945638389472
569,56.801136,7.14981393115123
570,56.901137999999996,7.347924616801758
571,57.00114,7.43084689620565
572,57.101142,7.433147810795713
573,57.201144,7.3732813734385205
574,57.301146,7.368778647890464
575,57.401148,7.339906445975148
576,57.50115,7.205846103622773
577,57.601152,7.349645483071179
578,57.701154,7.408570598714361
579,57.801156000000006,7.375212498613769
580,57.901158,7.331278362951922
581,58.001160000000006,7.617033244414346
582,58.101162,7.420466200271357
583,58.201164000000006,7.467800421828856
584,58.301166,7.378372370542894
585,58.401168,7.491836463807809
586,58.501169999999995,7.516742780611975
587,58.601172,7.421624451854664
588,58.701174,7.484256831595543
589,58.801176,7.359237661674858
590,58.901178,7.116202694188485
591,59.00118,7.171598167664849
592,59.101182,7.434742798769782
593,59.201184,7.6347176515754605
594,59.301186,7.316272487926056
595,59.401188000000005,7.29022961673803
596,59.50119,7.3998758994744716
597,59.601192000000005,7.459957817837226
598,59.701194,7.378112438489866
599,59.801196000000004,7.2850272279757196
600,59.901198,7.38088541699524
601,60.001200000000004,7.469591884377386
602,60.10120200000001,7.615518286140999
603,60.201204,7.62070125914013
604,60.301206,7.315355525585501
605,60.401208,7.3009779949454945
606,60.50121,7.289810490915606
607,60.601212,7.431272723201942
608,60.701214,7.472345255236841
609,60.801216000000004,7.6929256726671
610,60.901218,7.607384909529859
611,61.00122,7.456855658515764
612,61.101222,7.689152408088566
613,61.201224,7.572647812888059
614,61.301226,7.679789656773935
615,61.401228,7.518300591041139
616,61.50123000000001,7.795725763561546
617,61.601232,7.47559941642987
618,61.70123400000001,7.730736611011214
619,61.801236,7.801975332517154
620,61.901238000000006,7.73953288858392
621,62.001239999999996,7.733325336700375
622,62.101242,7.52670361591734
623,62.201243999999996,7.714939254982896
624,62.301246,7.732457339057057
625,62.401248,7.7246312065110745
626,62.50125,7.518540050532596
627,62.601252,7.456232798084618
628,62.701254,7.697254345378192
629,62.801256,7.575099636354473
630,62.901258,7.283013956526729
631,63.00126,7.602130521544381
632,63.101262000000006,7.69238908321772
633,63.201264,7.588534423965871
634,63.301266000000005,7.761166591651086
635,63.401268,7.7586511139878915
636,63.501270000000005,8.013013272220693
637,63.601272,7.589222546953727
638,63.701274000000005,7.412152117441273
639,63.801276,7.758504847846458
640,63.901278,7.704931520972284
641,64.00128,7.698664826279254
642,64.101282,7.545792746180683
643,64.201284,7.61794922237164
644,64.301286,7.410023689162895
645,64.401288,7.96805524808539
646,64.50129,7.73578028021366
647,64.601292,7.801217250759602
648,64.701294,7.478579821128043
649,64.80129600000001,7.469785412181617
650,64.901298,7.530400671997541
651,65.0013,7.536875520457672
652,65.101302,7.5579199428127986
653,65.20130400000001,7.5663496739608
654,65.30130600000001,7.550266092348008
655,65.401308,7.58545418979612
656,65.50131,7.699158828407639
657,65.60131200000001,7.758321148996234
658,65.701314,7.752580805488327
659,65.801316,7.752153184078077
660,65.901318,7.479292032105903
661,66.00132,7.439932499478509
662,66.101322,7.504710511585131
663,66.20132400000001,7.620561176857635
664,66.301326,7.610175753706026
665,66.401328,7.7182891671080665
666,66.50133,7.472990270031893
667,66.601332,7.747208013884715
668,66.701334,7.692243175996272
669,66.80133599999999,7.73747788253605
670,66.90133800000001,7.572213259157902
671,67.00134,7.6734186592745
672,67.101342,7.6881494828897265
673,67.20134399999999,7.856218820756465
674,67.30134600000001,7.444252191805326
675,67.401348,7.286005680924009
676,67.50135,7.77163887031939
677,67.601352,7.7540893637549715
678,67.70135400000001,7.609542573819365
679,67.801356,7.672571444388555
680,67.901358,7.77777675934196
681,68.00136,7.57580087684241
682,68.10136200000001,7.618517324911815
683,68.201364,7.578347384800372
684,68.301366,7.411518288215198
685,68.401368,7.626859525518778
686,68.50137,7.678968963325065
687,68.601372,7.651329244742755
688,68.701374,7.667526808208668
689,68.801376,7.508564849205724
690,68.901378,7.685801205626194
691,69.00138000000001,7.910540083950157
692,69.101382,7.631230900266316
693,69.201384,7.7174094706218375
694,69.301386,7.565432828745624
695,69.40138800000001,7.5944840121141475
696,69.50139,7.836197522878642
697,69.601392,7.907446789856566
698,69.701394,7.591365624707018
699,69.80139600000001,7.6307226733913955
700,69.901398,7.532426131781084
701,70.0014,7.586210234063258
702,70.10140200000001,7.533841380907367
703,70.201404,7.473838294456068
704,70.301406,7.9166267012715315
705,70.40140799999999,7.726657126959177
706,70.50141,7.666430136917165
707,70.601412,7.543431518861035
708,70.701414,7.345429570625165
709,70.801416,7.655113677614368
710,70.901418,7.4870607063884025
711,71.00142,7.818646921128745
712,71.101422,7.824120086549436
713,71.201424,7.625120347135607
714,71.301426,7.696099121000941
715,71.401428,7.415284192401209
716,71.50143000000001,7.71146524044564
717,71.601432,7.857504659341279
718,71.701434,7.578464466823312
719,71.801436,7.647553460824311
720,71.901438,7.840903889028566
721,72.00144,7.866542292079354
722,72.10144199999999,7.755385120879789
723,72.20144400000001,7.71337519147262
724,72.301446,7.32583213688659
725,72.401448,7.740211807316532
726,72.50144999999999,7.473917093352329
727,72.60145200000001,7.579858587005802
728,72.701454,7.770719949285247
729,72.801456,7.646125997738662
730,72.901458,7.577270148034705
731,73.00146000000001,7.599051459791194
732,73.101462,8.077325104461911
733,73.201464,7.739546430744086
734,73.301466,7.681589519021275
735,73.40146800000001,7.553234881519726
736,73.50147,7.309606760649601
737,73.601472,7.54300928775201
738,73.701474,7.658822478928526
739,73.801476,7.721139788638027
740,73.901478,7.5625858608770935
741,74.00148,7.696920603003268
742,74.101482,7.70740483378841
743,74.201484,7.716175864644823
744,74.30148600000001,7.828526120882677
745,74.401488,7.674278792284735
746,74.50149,7.836057775632347
747,74.601492,7.845870057523214
748,74.70149400000001,7.474046617879816
749,74.801496,7.6566117921706
750,74.901498,7.528769750782283
751,75.0015,7.805338099560364
752,75.10150200000001,7.8185231673453615
753,75.201504,7.603237083219457
754,75.301506,7.426436400390653
755,75.401508,7.6213539226334195
756,75.50151,7.693679730921893
757,75.601512,7.915759342637749
758,75.70151399999999,7.917070901606874
759,75.801516,7.628973276170492
760,75.901518,7.5945944656971545
761,76.00152,7.63861631355764
762,76.101522,7.665510473068161
763,76.201524,7.631645220549316
764,76.301526,7.470030662922879
765,76.401528,7.671522204203626
766,76.50153,7.690241778419984
767,76.601532,7.929176609845268
768,76.701534,7.430003363164079
769,76.80153600000001,7.862615979157993
770,76.901538,7.8149619204527125
771,77.00154,7.845098768142434
772,77.101542,7.692845320924453
773,77.201544,7.723881560387564
774,77.301546,7.629038056188463
775,77.40154799999999,7.628806230682649
776,77.50155000000001,7.531696011671723
777,77.601552,7.5874594281028385
778,77.701554,7.4187852690027745
779,77.80155599999999,7.4921030105773285
780,77.90155800000001,7.752628690821478
781,78.00156,7.518292532992977
782,78.101562,7.909375380278661
783,78.201564,7.872735355124527
784,78.30156600000001,7.732936952499337
785,78.401568,7.588933226870577
786,78.50157,7.616137152823183
787,78.601572,7.7777673105438385
788,78.70157400000001,7.553175900840472
789,78.801576,7.743111720643629
790,78.90157800000001,7.5578114284871525
791,79.00158,7.908720892489465
792,79.101582,7.708973304476646
793,79.201584,7.58021650120968
794,79.301586,7.540421573835758
795,79.401588,7.684884251918907
796,79.50159,7.5690298143970764
797,79.60159200000001,7.600080989503128
798,79.701594,7.43848860053272
799,79.801596,7.4448002483714895
800,79.90159799999999,7.281002872054212
801,80.00160000000001,7.519233281000234
802,80.101602,7.73483078596145
803,80.201604,7.5837933139095375
804,80.301606,7.464619069894242
805,80.40160800000001,7.74564132807314
806,80.50161,7.4015068764343335
807,80.601612,7.609382347783118
808,80.701614,7.628796563864108
809,80.801616,7.468354433364769
810,80.901618,7.448936342981397
811,81.00161999999999,7.229054624704936
812,81.101622,7.522725014051725
813,81.201624,7.590096953606282
814,81.301626,7.173879892478166
815,81.401628,7.5189622398838
816,81.50163,7.389505432278018
817,81.601632,7.298020146161269
818,81.701634,7.508436668811437
819,81.801636,7.392895606044952
820,81.901638,7.56751655487673
821,82.00164,7.400610037753454
822,82.10164200000001,7.3110393319177005
823,82.201644,7.571760729262307
824,82.301646,7.349325296804219
825,82.401648,7.168306987703614
826,82.50165000000001,7.417802038745135
827,82.601652,7.3027875210578035
828,82.70165399999999,7.490444105089894
829,82.80165600000001,7.694099499837922
830,82.901658,7.518720128205132
831,83.00166,7.575399801108189
832,83.10166199999999,7.568998682446522
833,83.20166400000001,7.749422049438604
834,83.301666,7.351346266902485
835,83.401668,7.481723657124576
836,83.50167,7.573192594705449
837,83.60167200000001,7.473684870393591
838,83.701674,7.483013515286001
839,83.801676,7.235028297823866
840,83.901678,7.460988810104468
841,84.00168000000001,7.595845655425976
842,84.101682,7.385557940341837
843,84.20168400000001,7.728045994806219
844,84.301686,7.473042183785652
845,84.401688,7.693091786869194
846,84.50169,7.290281542820588
847,84.601692,7.298370631691688
848,84.701694,7.226477728065277
849,84.80169599999999,7.293718467285235
850,84.90169800000001,7.3773459120046745
851,85.0017,7.157037496879592
852,85.101702,7.362436024825655
853,85.20170399999999,7.56486577813122
854,85.30170600000001,7.257834185097613
855,85.401708,7.422116957880134
856,85.50171,7.2115410627191565
857,85.601712,7.496994736961747
858,85.70171400000001,7.401598666556531
859,85.801716,7.360111414943348
860,85.901718,7.581602442493608
861,86.00172,7.590462194120374
862,86.10172200000001,7.16266655847171
863,86.201724,7.242949974501622
864,86.301726,7.570091419235907
865,86.401728,7.663335547592386
866,86.50173,7.674587011100184
867,86.601732,7.516307221265791
868,86.701734,7.282129661906431
869,86.801736,7.327213565130212
870,86.901738,7.616532966192941
871,87.00174000000001,7.509620619248449
872,87.101742,7.771699080273809
873,87.201744,7.687722594403723
874,87.301746,7.606181960615601
875,87.40174800000001,7.703379380720957
876,87.50175,7.566822420210045
877,87.601752,7.497498728642853
878,87.701754,7.667439072860056
879,87.80175600000001,7.53960686373406
880,87.901758,7.729740866609161
881,88.00175999999999,7.609909528965162
882,88.10176200000001,7.676958363578857
883,88.201764,7.651598949247826
884,88.301766,7.4974152236685585
885,88.40176799999999,7.556812812959686
886,88.50177000000001,7.588965011788535
887,88.601772,7.654407558597642
888,88.701774,7.7405479421108545
889,88.801776,7.553037941855375
890,88.90177800000001,7.407802865820285
891,89.00178,7.6162684118997825
892,89.101782,7.589528491067628
893,89.201784,7.428115218556037
894,89.301786,7.553838742821462
895,89.401788,7.468350959772149
896,89.50179000000001,7.5871147204052525
897,89.601792,7.531057601854865
898,89.701794,7.522961020699371
899,89.801796,7.500298244840273
900,89.901798,7.576871933295063
901,90.0018,7.556721634952513
902,90.10180199999999,7.55797779348733
903,90.20180400000001,7.658083935543339
904,90.301806,7.4224635195739435
905,90.401808,7.386394741984542
906,90.50180999999999,7.526369058172448
907,90.60181200000001,7.579107499487148
908,90.701814,7.604781785333423
909,90.801816,7.533663364033589
910,90.901818,7.444997347915173
911,91.00182000000001,7.547009257525752
912,91.101822,7.521513276137707
913,91.201824,7.293498624766421
914,91.301826,7.372133481353352
915,91.40182800000001,7.612009746780656
916,91.50183,7.251368988848633
917,91.601832,7.442769520181319
918,91.701834,7.63470065033596
919,91.801836,7.399329028191169
920,91.901838,7.319580481299166
921,92.00184,7.388930284514541
922,92.101842,7.3663366107837565
923,92.201844,7.560215680482324
924,92.30184600000001,7.335242573398501
925,92.401848,7.431836007843449
926,92.50185,7.6151545132362894
927,92.601852,7.61809453735618
928,92.70185400000001,7.412913128381931
929,92.801856,7.599939378578295
930,92.901858,7.520263119477178
931,93.00186,7.423244476310426
932,93.10186200000001,7.422773001263305
933,93.201864,7.491372649060137
934,93.301866,7.2248783411076305
935,93.40186800000001,7.471010648342259
936,93.50187,7.50074615372323
937,93.601872,7.450774088403565
938,93.70187399999999,7.45650163959421
939,93.80187600000001,7.350028180444293
940,93.901878,7.583501402728673
941,94.00188,7.4364971475244666
942,94.101882,7.363882804201111
943,94.201884,7.230207107420099
944,94.301886,7.57375147634647
945,94.401888,7.5802713958773005
946,94.50189,7.633528156828919
947,94.601892,7.544320710816325
948,94.701894,7.417786946968072
949,94.80189600000001,7.388199798764662
950,94.901898,7.6125464095559945
951,95.0019,7.569966308681215
952,95.101902,7.5150914847226
953,95.201904,7.671561096347122
954,95.301906,7.801680218203626
955,95.40190799999999,7.731808655084538
956,95.50191000000001,7.682076563765583
957,95.601912,7.5083070711574775
958,95.701914,7.672311740898645
959,95.80191599999999,7.685890419847961
960,95.90191800000001,7.567558470396811
961,96.00192,7.640755602494495
962,96.101922,7.647038344940007
963,96.201924,7.779243450855464
964,96.30192600000001,7.701106579224815
965,96.401928,7.6134720051545575
966,96.50193,7.492143446920675
967,96.601932,7.403925109632314
968,96.70193400000001,7.788719734537059
969,96.801936,7.728378406746887
970,96.90193800000002,7.606627113531014
971,97.00194,7.598927309117748
972,97.101942,7.587116502371053
973,97.201944,7.593510931868664
974,97.301946,7.718347588097054
975,97.401948,7.5343641042804075
976,97.50195,7.74675666483849
977,97.60195200000001,7.703220733922747
978,97.701954,7.937464738480096
979,97.801956,7.482269132169162
980,97.901958,7.7183963792028285
981,98.00196000000001,7.718006229449234
982,98.101962,7.581657529705074
983,98.201964,7.690173823507079
984,98.30196600000001,7.729903168675919
985,98.40196800000001,7.664994482165488
986,98.50197,7.74533299334632
987,98.601972,7.67077749925968
988,98.701974,7.643727847028625
989,98.801976,7.732381142401558
990,98.901978,7.707969290077175
991,99.00197999999999,7.62886052942069
992,99.101982,7.676308910669391
993,99.201984,7.508172609606036
994,99.301986,7.874718415319577
995,99.401988,7.610456355247616
996,99.50199,7.669383224508094
997,99.601992,7.666490776518857
998,99.701994,7.699744118374558
999,99.801996,7.53137361709528
1000,99.901998,7.523404161405989
1001,100.002,7.524387622978114
1002,100.10200200000001,7.739800351132283
1003,100.202004,7.729374122032119
1004,100.302006,7.4766092646563065
1005,100.402008,7.826569688732544
1006,100.50201000000001,7.55189553184579
1007,100.602012,7.632177202169244
1008,100.70201399999999,7.690831163140333
1009,100.80201600000001,7.757392239977783
1010,100.902018,7.6538237871817145
1011,101.00202,7.636379820799531
1012,101.10202199999999,7.7538604148527
1013,101.20202400000001,7.799917642129046
1014,101.302026,7.535530468593377
1015,101.402028,7.488321301724404
1016,101.50203,7.636605116899808
1017,101.60203200000001,7.596275328898731
1018,101.702034,7.814034674658859
1019,101.802036,7.804702709012159
1020,101.902038,7.576981646356635
1021,102.00204000000001,7.388512793049273
1022,102.102042,7.605515984060599
1023,102.20204400000001,7.634951976983986
1024,102.302046,7.630588821438265
1025,102.402048,7.541696677741848
1026,102.50205,7.401628630410006
1027,102.602052,7.632752260633156
1028,102.702054,7.514078983729719
1029,102.802056,7.383722046788875
1030,102.90205800000001,7.537530450215347
1031,103.00206,7.325113418439985
1032,103.102062,7.498746896596031
1033,103.202064,7.743027487353579
1034,103.30206600000001,7.59007308711253
1035,103.402068,7.577864230500319
1036,103.50207,7.470937951929165
1037,103.602072,7.650201427624257
1038,103.70207400000001,7.441637355203056
1039,103.802076,7.451288554364796
1040,103.902078,7.59129793499434
1041,104.00208,7.721840773366387
1042,104.10208200000001,7.450239240080812
1043,104.202084,7.421871348800051
1044,104.302086,7.390946634155743
1045,104.402088,7.450992942195193
1046,104.50209,7.556707963884478
1047,104.602092,7.555588777094774
1048,104.702094,7.517575842341512
1049,104.802096,7.54320803085571
1050,104.902098,7.937014489896434
1051,105.00210000000001,7.506716790859498
1052,105.102102,7.480812907599802
1053,105.202104,7.470995701981846
1054,105.302106,7.636557694014099
1055,105.40210800000001,7.541389432240088
1056,105.50211,7.422664884164555
1057,105.602112,7.659255840050538
1058,105.702114,7.713014239777107
1059,105.80211600000001,7.646380570830739
1060,105.902118,7.375480252583322
1061,106.00211999999999,7.564025256123874
1062,106.10212200000001,7.481100494411632
1063,106.202124,7.510089196774568
1064,106.302126,7.812403555627369
1065,106.40212799999999,7.63038849927659
1066,106.50213000000001,7.846569713426012
1067,106.602132,7.515199226122918
1068,106.702134,7.708785058805284
1069,106.802136,7.428821193719456
1070,106.90213800000001,7.555774005153065
1071,107.00214,7.497635413267913
1072,107.102142,7.618228519321326
1073,107.202144,7.663226209371513
1074,107.30214600000001,7.812156299644757
1075,107.402148,7.800389541200852
1076,107.50215000000001,7.685770404461285
1077,107.602152,7.761056138696504
1078,107.702154,7.672009027718193
1079,107.802156,7.828449523549044
1080,107.902158,7.759912753583025
1081,108.00216,7.757989061492829
1082,108.10216199999999,7.954172682295466
1083,108.20216400000001,7.771805343037278
1084,108.302166,7.861985605521436
1085,108.402168,7.723732157323046
1086,108.50216999999999,7.915942458054149
1087,108.60217200000001,7.646739452266308
1088,108.702174,7.699899154903353
1089,108.802176,7.730549007711997
1090,108.902178,7.57809053443851
1091,109.00218000000001,7.701201920841344
1092,109.102182,7.567675198826422
1093,109.202184,7.6124474524964265
1094,109.302186,7.755644998269558
1095,109.40218800000001,7.565758053927811
1096,109.50219,7.7856696068863105
1097,109.602192,7.678158947077652
1098,109.702194,7.888330608879189
1099,109.802196,7.813197477354509
1100,109.902198,7.546374400331503
1101,110.0022,7.588221406040442
1102,110.102202,7.4602879742822585
1103,110.202204,7.8847752969555085
1104,110.30220600000001,7.771038023560887
1105,110.402208,7.665565822152354
1106,110.50221,7.906143642156177
1107,110.602212,7.692003774816256
1108,110.70221400000001,7.8425677314658095
1109,110.802216,7.909190816797069
1110,110.902218,7.9581848251868275
1111,111.00222,8.030531105408427
1112,111.10222200000001,7.9059585306121205
1113,111.202224,8.094325682981356
1114,111.30222599999999,8.098580294794868
1115,111.40222800000001,7.834722416693602
1116,111.50223,7.8309943612833814
1117,111.602232,7.685045536617661
1118,111.70223399999999,7.9638904902098675
1119,111.80223600000001,7.767915253330267
1120,111.902238,7.7278736341921945
1121,112.00224,7.745880413852197
1122,112.102242,7.857901681739771
1123,112.20224400000001,7.902300036851669
1124,112.302246,7.741861478000739
1125,112.402248,7.738002568081972
1126,112.50225,7.711114561532983
1127,112.60225200000001,7.893885783385262
1128,112.702254,7.845057432520726
1129,112.80225600000001,7.771434171469031
1130,112.902258,8.01100343567023
1131,113.00226,7.954447788167032
1132,113.102262,7.894608358081601
1133,113.202264,7.784168979524808
1134,113.302266,7.690729852605588
1135,113.40226799999999,7.872275920462358
1136,113.50227000000001,7.626173893167703
1137,113.602272,7.782530488619869
1138,113.702274,8.128906059991953
1139,113.80227599999999,7.771651680117449
1140,113.90227800000001,8.243070408512455
1141,114.00228,8.004079286867173
1142,114.102282,7.872936492051385
1143,114.202284,8.094239223713485
1144,114.30228600000001,7.9365105411308665
1145,114.402288,8.194588993932404
1146,114.50229,7.649114529796667
1147,114.602292,7.968241977697603
1148,114.70229400000001,7.918550843031502
1149,114.802296,7.827289420696508
1150,114.902298,7.697770415571711
1151,115.0023,7.8739980973176875
1152,115.102302,7.980511255696624
1153,115.202304,7.953969907890328
1154,115.302306,8.1984479048402
1155,115.402308,7.949590416349496
1156,115.50231,7.927000588592309
1157,115.60231200000001,7.92763906769055
1158,115.702314,7.771543054877602
1159,115.802316,7.869338250754126
1160,115.902318,7.803099868914001
1161,116.00232000000001,7.815687903495641
1162,116.102322,7.735152634294595
1163,116.202324,7.640266094831702
1164,116.30232600000001,7.9041616791472915
1165,116.40232800000001,8.013725232911648
1166,116.50233,7.92328420145774
1167,116.602332,8.086623522365976
1168,116.70233400000001,7.78733144466095
1169,116.802336,7.690217876308734
1170,116.902338,8.0210835083473
1171,117.00233999999999,7.8037340250003835
1172,117.10234200000001,8.036697737918782
1173,117.202344,7.94548333092003
1174,117.302346,8.040709700464475
1175,117.402348,8.128356426595055
1176,117.50235,8.020494810209655
1177,117.602352,8.159359103658073
1178,117.702354,8.16604688129188
1179,117.802356,8.019161894763867
1180,117.902358,7.867756991198488
1181,118.00236,7.9191906780578165
1182,118.10236200000001,7.821201471556264
1183,118.202364,7.88015549346909
1184,118.302366,8.091855911090862
1185,118.402368,7.8185838889988215
1186,118.50237,8.126724157712495
1187,118.602372,7.940831443650915
1188,118.70237399999999,7.78488158559126
1189,118.80237600000001,8.057283353090357
1190,118.902378,7.8694107679847125
1191,119.00238,7.8976930799273415
1192,119.10238199999999,7.858652697645299
1193,119.20238400000001,8.0201351255616
1194,119.302386,7.907610049141261
1195,119.402388,8.137282769743571
1196,119.50239,7.8524344353832465
1197,119.60239200000001,7.8405855458692795
1198,119.702394,8.03214153566463
1199,119.802396,8.048268775814739
1200,119.902398,7.867224367501474
1201,120.00240000000001,7.701902149378968
1202,120.102402,7.912342965808137
1203,120.20240400000002,7.618714799589444
1204,120.302406,7.440259375825221
1205,120.402408,7.696040064449263
1206,120.50241,7.854290664458448
1207,120.602412,7.498559440143626
1208,120.702414,7.718734896839679
1209,120.802416,7.530390230465596
1210,120.90241800000001,7.095896243764827
1211,121.00242,7.457589714857628
1212,121.102422,7.626165783964923
1213,121.202424,7.7762689116721875
1214,121.30242600000001,7.6944847725410925
1215,121.402428,7.492174797700257
1216,121.50243,8.100943791914268
1217,121.60243200000001,7.631746398228458
1218,121.70243400000001,7.764159459408945
1219,121.802436,7.851450998605065
1220,121.902438,7.797970267334157
1221,122.00244,7.850317958058641
1222,122.102442,7.943681886472499
1223,122.202444,7.871255401169293
1224,122.302446,7.841392370613959
1225,122.402448,7.638208090153459
1226,122.50245,7.723891530543768
1227,122.602452,7.439883567858103
1228,122.702454,7.534798167358259
1229,122.802456,7.781456037168594
1230,122.902458,7.808932694173829
1231,123.00246000000001,7.759425338025089
1232,123.102462,7.727315733213823
1233,123.202464,7.464603991323546
1234,123.302466,7.864041451757186
1235,123.40246800000001,7.880239138528071
1236,123.50247,7.853311377095337
1237,123.602472,8.06947166829891
1238,123.702474,8.005445902797238
1239,123.80247600000001,7.905385192414653
1240,123.902478,7.990276709025249
1241,124.00247999999999,7.89547710097104
1242,124.10248200000001,7.7678427971727295
1243,124.202484,7.9552712636376945
1244,124.302486,7.8329160508515825
1245,124.40248799999999,7.825020666628871
1246,124.50249000000001,7.850742535461868
1247,124.602492,7.832312320258657
1248,124.702494,7.871463595715448
1249,124.802496,7.714034839914696
1250,124.90249800000001,8.036529818637979
1251,125.0025,7.973253634665989
1252,125.102502,7.912718620978597
1253,125.202504,7.959178160031834
1254,125.30250600000001,7.849253107729426
1255,125.402508,8.102933110156968
1256,125.50251000000002,7.951249560308531
1257,125.602512,7.885002537315801
1258,125.702514,8.024990146515814
1259,125.802516,8.115855976066522
1260,125.902518,8.23355939785708
1261,126.00252,7.943634938948638
1262,126.102522,7.79230448788331
1263,126.20252400000001,7.818575540675355
1264,126.302526,7.919756227371344
1265,126.402528,7.964160895023237
1266,126.50253,7.83839415917706
1267,126.60253200000001,8.0326005993838
1268,126.702534,7.842127614578292
1269,126.802536,7.820210233545385
1270,126.902538,8.031471147506428
1271,127.00254000000001,7.978077497427219
1272,127.102542,7.910507042981077
1273,127.202544,7.952377550540955
1274,127.302546,7.600112169762154
1275,127.40254800000001,8.027137094099258
1276,127.50255,8.101804752670326
1277,127.602552,8.174716699566828
1278,127.702554,8.196557365311438
1279,127.802556,8.061998069608151
1280,127.902558,7.7992232656097915
1281,128.00256,8.006479591008173
1282,128.102562,7.8555237663236035
1283,128.202564,8.01135244145471
1284,128.302566,7.797506337702414
1285,128.402568,8.05360560093938
1286,128.50257000000002,8.108210044613838
1287,128.602572,8.000368862719139
1288,128.702574,8.025707746059307
1289,128.802576,8.210854718637545
1290,128.902578,8.028390955389328
1291,129.00258,8.14782089649141
1292,129.102582,8.065098429366792
1293,129.202584,8.254173030121244
1294,129.302586,7.939279283573169
1295,129.402588,7.993336399157466
1296,129.50259,7.962491966924415
1297,129.60259200000002,7.825936439825944
1298,129.702594,7.925405475875852
1299,129.802596,7.738929206843136
1300,129.902598,7.8578562368434515
1301,130.0026,7.771730022295944
1302,130.102602,7.901931234162791
1303,130.202604,8.017891223489364
1304,130.302606,7.984314554219502
1305,130.40260800000001,7.845915566418447
1306,130.50261,7.897181894641519
1307,130.60261200000002,7.948241133932704
1308,130.702614,8.064238017959502
1309,130.802616,7.772089892778939
1310,130.902618,7.94560386696439
1311,131.00262,7.970107695970586
1312,131.102622,7.95706667474555
1313,131.20262400000001,8.081742833305434
1314,131.30262599999998,8.091155473440079
1315,131.402628,8.117769921937246
1316,131.50263,8.19958851215281
1317,131.602632,8.103162915803411
1318,131.702634,8.113937684891551
1319,131.802636,8.077975805945481
1320,131.902638,8.222366885331637
1321,132.00264,8.359839576976624
1322,132.102642,8.049092572930972
1323,132.202644,8.371644914474416
1324,132.302646,8.235760760680988
1325,132.40264800000003,7.970457662341138
1326,132.50265,8.014464088545587
1327,132.602652,8.042887320302572
1328,132.702654,7.99909796709453
1329,132.802656,7.816561265928219
1330,132.902658,7.977534881397115
1331,133.00266,8.134951147927254
1332,133.102662,8.098999792591998
1333,133.202664,7.986766991969873
1334,133.302666,7.690345458106888
1335,133.402668,7.862561147051052
1336,133.50267000000002,7.912414109518345
1337,133.60267199999998,7.923680983354755
1338,133.702674,7.710214324025684
1339,133.80267600000002,7.891730716819657
1340,133.902678,7.778459872888998
1341,134.00268,7.4872270929686815
1342,134.102682,7.43609387999125
1343,134.202684,7.830327308725599
1344,134.30268600000002,7.777140671033349
1345,134.40268799999998,7.913343374131302
1346,134.50269,7.832239434951435
1347,134.60269200000002,7.889206229753441
1348,134.70269399999998,7.72302845237637
1349,134.802696,7.5881826415738285
1350,134.90269800000002,7.593235957433336
1351,135.0027,7.723240356119614
1352,135.102702,7.8295764363308145
1353,135.202704,7.81754332154574
1354,135.302706,7.73005481125861
1355,135.40270800000002,7.801703602247926
1356,135.50270999999998,7.823619407946615
1357,135.602712,7.918191441554999
1358,135.70271400000001,7.860998227178523
1359,135.802716,8.08383372015952
1360,135.902718,7.858086627023969
1361,136.00272,7.519589628833039
1362,136.102722,7.87196656483699
1363,136.20272400000002,7.657397308356652
1364,136.302726,7.801576493477496
1365,136.402728,7.793333978938143
1366,136.50273,7.823778916738297
1367,136.602732,7.570457642122788
1368,136.702734,7.766091800989272
1369,136.802736,7.5976174278101665
1370,136.902738,7.888071609793892
1371,137.00274,7.777323377272417
1372,137.102742,7.809807165682184
1373,137.202744,7.812203172479713
1374,137.302746,8.000462957724386
1375,137.402748,7.849243751471096
1376,137.50275,7.984391293898783
1377,137.602752,7.7539430322809615
1378,137.70275400000003,8.112316740491496
1379,137.802756,7.614381584374874
1380,137.902758,7.874238844018017
1381,138.00276000000002,7.641995102282892
1382,138.102762,7.740133465201511
1383,138.202764,7.7650506888366255
1384,138.302766,7.696243761775075
1385,138.402768,7.738649437858222
1386,138.50277,7.683416417182738
1387,138.602772,7.729025182089684
1388,138.702774,7.867934880133973
1389,138.80277600000002,8.071866161757548
1390,138.90277799999998,7.973180011468896
1391,139.00278,7.879975394815111
1392,139.10278200000002,7.87517468617709
1393,139.202784,7.776729927679889
1394,139.302786,7.8459071221146806
1395,139.402788,7.970064881296116
1396,139.50279,7.888216388281958
1397,139.60279200000002,7.716427251896561
1398,139.70279399999998,8.025814747566605
1399,139.802796,7.589089983970538
1400,139.90279800000002,7.801010112476339
1401,140.0028,7.733028886387059
1402,140.102802,7.77206211853445
1403,140.20280400000001,7.396153131803468
1404,140.302806,7.701069112768383
1405,140.402808,7.561738795123627
1406,140.50281,7.737482734845262
1407,140.602812,7.503728283919828
1408,140.70281400000002,7.700260676550333
1409,140.80281599999998,7.575659841996232
1410,140.902818,7.4976609838732475
1411,141.00282,7.4714232640662575
1412,141.102822,7.474819227605467
1413,141.202824,7.516765008238925
1414,141.302826,7.56582133127894
1415,141.402828,7.520503135948078
1416,141.50283000000002,7.441379764627877
1417,141.602832,7.609625546556796
1418,141.702834,7.275713443288258
1419,141.802836,7.768608861877949
1420,141.902838,7.353053502184851
1421,142.00284,7.502424743801184
1422,142.102842,7.578547437556873
1423,142.202844,7.426012996613108
1424,142.302846,7.5632969496287155
1425,142.402848,7.5186722157620585
1426,142.50285,7.71265087617035
1427,142.602852,7.803658910576334
1428,142.702854,7.654273389960726
1429,142.802856,7.661469525137468
1430,142.902858,7.752516048503636
1431,143.00286000000003,7.731495573837918
1432,143.102862,7.449278667627135
1433,143.202864,7.815034132448931
1434,143.30286600000002,7.498821676745838
1435,143.402868,7.543245422146503
1436,143.50287,7.894687307786582
1437,143.602872,7.476157556813378
1438,143.702874,7.583816774364312
1439,143.802876,7.66822239822914
1440,143.902878,7.6549041072907755
1441,144.00288,7.797301293431698
1442,144.10288200000002,7.454437214312631
1443,144.20288399999998,7.552715237757145
1444,144.302886,7.666828781119322
1445,144.40288800000002,7.483907652295065
1446,144.50289,7.5938026253293645
1447,144.602892,7.761594556533605
1448,144.702894,7.552520924297871
1449,144.802896,7.699117025809037
1450,144.90289800000002,7.617759753086615
1451,145.00289999999998,7.642628987724328
1452,145.102902,7.504207098975463
1453,145.20290400000002,7.766269881306173
1454,145.302906,7.703343587308636
1455,145.402908,7.622383809332492
1456,145.50291,7.565056407977737
1457,145.602912,7.63578174314724
1458,145.702914,7.707177564442323
1459,145.802916,7.345414522924638
1460,145.902918,7.659503210193311
1461,146.00292000000002,7.662651072146318
1462,146.10292199999998,7.398475231096539
1463,146.202924,7.839747950458213
1464,146.302926,7.751174136092661
1465,146.402928,7.687774119189908
1466,146.50293,7.498374723108737
1467,146.602932,7.5334839736968595
1468,146.702934,7.580103926042066
1469,146.80293600000002,7.612867773438268
1470,146.902938,7.353428073763746
1471,147.00294,7.537261193398506
1472,147.102942,7.8066692875004575
1473,147.202944,7.687390804306699
1474,147.302946,7.424571454052491
1475,147.402948,7.7187450577387455
1476,147.50295,7.611546072727509
1477,147.602952,7.653954925393437
1478,147.702954,7.757788737940258
1479,147.802956,7.735851484136373
1480,147.902958,7.837026098039629
1481,148.00296,7.869503702355564
1482,148.102962,7.9533573665649655
1483,148.202964,8.129917000106918
1484,148.30296600000003,7.845471679911109
1485,148.402968,8.004311535188242
1486,148.50297,7.76253910845022
1487,148.60297200000002,7.931304523364944
1488,148.702974,7.833233087968552
1489,148.802976,7.7426866784495845
1490,148.902978,7.99536331709236
1491,149.00298,7.987509280908393
1492,149.102982,7.449949801382872
1493,149.202984,7.953733575510808
1494,149.302986,7.204340381825352
1495,149.40298800000002,7.190944073971153
1496,149.50298999999998,7.286505197441748
1497,149.602992,7.186624746115094
1498,149.70299400000002,7.526966398841992
1499,149.802996,7.499362083124513
1500,149.902998,6.967145638723657
1501,150.003,7.580256818472913
1502,150.103002,7.434207616068051
1503,150.20300400000002,7.348331754924395
1504,150.30300599999998,7.821111430863703
1505,150.403008,7.257441429337519
1506,150.50301000000002,7.735006133545976
1507,150.603012,7.2786258850264325
1508,150.703014,7.830446722200776
1509,150.803016,7.5150837846962295
1510,150.903018,7.408464267956649
1511,151.00302,7.177577700855085
1512,151.103022,7.6006267008935255
1513,151.203024,7.299721130245619
1514,151.30302600000002,7.412021473550885
1515,151.40302799999998,7.197244399113581
1516,151.50303,7.1463577028726695
1517,151.603032,7.501931539208586
1518,151.703034,7.3266935457207
1519,151.803036,7.407480993012868
1520,151.903038,7.1321871077189165
1521,152.00304,7.519451862531471
1522,152.10304200000002,7.6463872020103
1523,152.203044,7.488699032000217
1524,152.303046,7.288131157272844
1525,152.403048,7.310447781626636
1526,152.50305000000003,7.411372636219669
1527,152.603052,7.382470636032548
1528,152.703054,7.461864599113716
1529,152.803056,7.468984351540927
1530,152.903058,7.446003953893141
1531,153.00306,7.313999128601177
1532,153.103062,7.308948064179045
1533,153.203064,7.174382509284658
1534,153.303066,7.877817082542546
1535,153.403068,7.430502173330361
1536,153.50307,7.580005466525221
1537,153.60307200000003,7.397133490599966
1538,153.703074,7.226983192869321
1539,153.803076,7.270823943071377
1540,153.90307800000002,7.2974519550527965
1541,154.00308,7.769636142098303
1542,154.103082,7.547625973186728
1543,154.203084,7.9520300660194945
1544,154.303086,7.866744583798735
1545,154.403088,7.991952833342457
1546,154.50309,7.421475405639673
1547,154.603092,7.566428149316424
1548,154.70309400000002,7.875675700780145
1549,154.80309599999998,8.13975536853151
1550,154.903098,8.644247107040819
1551,155.00310000000002,7.921080302986831
1552,155.103102,7.656667522099703
1553,155.203104,7.96700110222438
1554,155.303106,8.38198327009383
1555,155.403108,8.2233202724532
1556,155.50311000000002,7.905872434351743
1557,155.60311199999998,8.21138798094907
1558,155.703114,7.94969746685169
1559,155.80311600000002,8.154944738560541
1560,155.903118,8.191862462541454
1561,156.00312,8.45365029025367
1562,156.103122,8.571184410742873
1563,156.203124,8.410638465720334
1564,156.303126,8.646674908765158
1565,156.403128,8.50888701677578
1566,156.50313,8.62970577106354
1567,156.60313200000002,8.039815225516197
1568,156.70313399999998,8.013368709584036
1569,156.803136,8.359333673665498
1570,156.903138,8.208517653788594
1571,157.00314,7.875473920197539
1572,157.103142,7.743380618164248
1573,157.203144,7.821719984344177
1574,157.303146,8.099625701531286
1575,157.40314800000002,8.1329139923938
1576,157.50315,8.325856152257348
1577,157.603152,8.384703476974355
1578,157.703154,8.299271046642916
1579,157.80315600000003,8.087037405313922
1580,157.903158,7.9682264782294485
1581,158.00316,8.218549544397451
1582,158.103162,8.108152048409984
1583,158.203164,7.977940223537863
1584,158.303166,8.254290790638075
1585,158.403168,8.360099991328976
1586,158.50317,8.54631501532942
1587,158.603172,8.501235040993008
1588,158.703174,8.14934821959146
1589,158.803176,8.36599585531528
1590,158.90317800000003,8.125703109578117
1591,159.00318,7.730538156588035
1592,159.103182,7.5188110381802105
1593,159.20318400000002,8.103612137041164
1594,159.303186,7.771302811944972
1595,159.403188,7.820605995903539
1596,159.50319,8.027947753092223
1597,159.603192,7.612423334018517
1598,159.70319400000002,7.752261972236355
1599,159.80319599999999,7.619188654972299
1600,159.903198,7.566162625613747
1601,160.00320000000002,7.764093861474214
1602,160.10320199999998,7.601149156811704
1603,160.203204,7.849836637211702
1604,160.30320600000002,7.652006039200963
1605,160.403208,7.480409780841704
1606,160.50321,7.585415032859174
1607,160.603212,7.652049916988077
1608,160.703214,7.617943423714496
1609,160.80321600000002,7.491018612492052
1610,160.90321799999998,7.85957781113071
1611,161.00322,7.791649276604957
1612,161.10322200000002,7.79035065029038
1613,161.203224,7.7606743092510655
1614,161.303226,7.825330513314337
1615,161.403228,7.869647731257765
1616,161.50323,7.813698542612538
1617,161.603232,7.710665838359785
1618,161.703234,7.540418809254422
1619,161.803236,7.422097491254554
1620,161.90323800000002,7.590601803803202
1621,162.00323999999998,7.856226246728954
1622,162.103242,7.671532936010338
1623,162.203244,7.647947487139144
1624,162.303246,7.778581776934215
1625,162.403248,7.711686983589382
1626,162.50325,8.212958104968823
1627,162.603252,7.923291420789494
1628,162.70325400000002,7.838394509637113
1629,162.803256,7.648531644367721
1630,162.903258,7.867734032679863
1631,163.00326,7.7201137931860115
1632,163.10326200000003,7.578545767642968
1633,163.203264,7.685805560253262
1634,163.303266,8.093015166662891
1635,163.403268,7.869353519047566
1636,163.50327,8.070776137412738
1637,163.603272,7.627293499391504
1638,163.703274,7.33576526006109
1639,163.803276,7.592683667825047
1640,163.903278,7.345697354872756
1641,164.00328,8.18758534528624
1642,164.103282,7.750052491719506
1643,164.20328400000002,7.678123398485378
1644,164.30328599999999,7.290468101969767
1645,164.403288,7.537892678886178
1646,164.50329000000002,7.637774820153492
1647,164.603292,7.5263596115203155
1648,164.703294,7.85889465897015
1649,164.803296,7.280670746751553
1650,164.903298,7.560995662147223
1651,165.00330000000002,7.174663584067708
1652,165.10330199999999,7.408190534243144
1653,165.203304,7.430947138048602
1654,165.30330600000002,7.637254429960755
1655,165.40330799999998,7.8100719006439
1656,165.50331,7.579223018877001
1657,165.60331200000002,7.425378931598839
1658,165.703314,7.820725740897342
1659,165.803316,7.658850197058835
1660,165.903318,7.545904282840524
1661,166.00332,7.657447154043425
1662,166.10332200000002,7.474453284405867
1663,166.20332399999998,7.6038889642014516
1664,166.303326,7.779190304008701
1665,166.40332800000002,7.709400852091315
1666,166.50333,7.758411224584225
1667,166.603332,7.766808424505557
1668,166.703334,7.707743069342498
1669,166.803336,7.646838761424762
1670,166.90333800000002,7.849324580859651
1671,167.00334,7.907112385308991
1672,167.103342,7.663151340202927
1673,167.20334400000002,7.714363718464156
1674,167.30334599999998,7.686195981425796
1675,167.403348,7.671144520935209
1676,167.50335,7.485404126208873
1677,167.603352,7.316043603336504
1678,167.703354,7.580227588659051
1679,167.803356,7.629233218211529
1680,167.903358,7.467361505978342
1681,168.00336000000001,7.4677726580772825
1682,168.103362,7.530857095142957
1683,168.203364,7.566017426641968
1684,168.303366,7.588432364705889
1685,168.40336800000003,7.686783408783478
1686,168.50337,7.580297185474861
1687,168.603372,7.933954858382775
1688,168.703374,7.643045193337198
1689,168.803376,7.621812235835874
1690,168.903378,7.533676239752091
1691,169.00338,7.514767001539006
1692,169.103382,7.832371352694478
1693,169.203384,8.301846892585592
1694,169.303386,7.865007236478159
1695,169.403388,7.801272148238838
1696,169.50339000000002,7.996863783809041
1697,169.60339199999999,7.543450157461705
1698,169.703394,7.5171628292446275
1699,169.80339600000002,7.686800015989033
1700,169.903398,7.774987477513464
1701,170.0034,7.883144746954656
1702,170.103402,7.811563659035553
1703,170.203404,7.600203451914336
1704,170.30340600000002,7.900018846441552
1705,170.40340799999998,7.785610248170989
1706,170.50341,7.601358431545419
1707,170.60341200000002,7.877875941471165
1708,170.70341399999998,7.798564268858866
1709,170.803416,7.85009303371337
1710,170.90341800000002,7.590043220723593
1711,171.00342,7.663416399566293
1712,171.103422,7.801283391348188
1713,171.203424,7.839203288209105
1714,171.303426,7.731878870968345
1715,171.40342800000002,7.749163160104273
1716,171.50342999999998,7.443562231913783
1717,171.603432,7.834573423376035
1718,171.70343400000002,7.634929837580938
1719,171.803436,7.8400594650536615
1720,171.903438,7.857281495960171
1721,172.00344,7.788765800651769
1722,172.103442,8.06252980823007
1723,172.20344400000002,7.96381139358795
1724,172.303446,8.048282758777166
1725,172.403448,8.090106807755477
1726,172.50345000000002,8.304133052939857
1727,172.603452,7.7889271792050545
1728,172.703454,7.965702272236463
1729,172.803456,7.755215046638488
1730,172.903458,7.571426391000716
1731,173.00346,7.682534199596159
1732,173.103462,7.903298262832086
1733,173.203464,7.714483112724937
1734,173.30346600000001,7.71105765880639
1735,173.403468,7.880223000527129
1736,173.50347,7.772151583625349
1737,173.603472,7.896789841987218
1738,173.70347400000003,7.685911339992924
1739,173.803476,7.743096308871067
1740,173.903478,7.628993458349699
1741,174.00348000000002,7.691541660594685
1742,174.103482,7.664667830314155
1743,174.203484,7.773984186628829
1744,174.303486,7.858192815653934
1745,174.403488,7.72460481946189
1746,174.50349,7.802128649352324
1747,174.603492,7.6605314802593005
1748,174.703494,7.7700185152927705
1749,174.80349600000002,7.6231815092975825
1750,174.90349799999998,7.779187153211088
1751,175.0035,7.663545831639265
1752,175.10350200000002,7.743747076474198
1753,175.203504,7.873416816666929
1754,175.303506,7.847645612222991
1755,175.403508,7.9400654428378905
1756,175.50351,7.821502026509866
1757,175.60351200000002,7.780597347993562
1758,175.70351399999998,7.720804845422119
1759,175.803516,7.731168421870052
1760,175.90351800000002,7.461656024111554
1761,176.00351999999998,7.829536351510455
1762,176.103522,7.786525498762954
1763,176.20352400000002,7.939355037646184
1764,176.303526,7.6597782384032405
1765,176.403528,7.813204433185063
1766,176.50353,7.717827675108801
1767,176.603532,7.829441596114031
1768,176.70353400000002,7.733422209135745
1769,176.80353599999998,7.418049621505344
1770,176.903538,7.53150547104174
1771,177.00354000000002,7.570773897325054
1772,177.103542,7.505692224217631
1773,177.203544,7.8451532178818875
1774,177.303546,7.861916347744608
1775,177.403548,7.8377626817120385
1776,177.50355000000002,7.778679807721898
1777,177.603552,7.842055298761203
1778,177.703554,7.627546944845188
1779,177.80355600000001,7.945176786866039
1780,177.903558,7.857843892184983
1781,178.00356,7.721183029974961
1782,178.103562,7.796379946326823
1783,178.203564,7.622489854993195
1784,178.303566,7.738575962213118
1785,178.403568,7.84831582109579
1786,178.50357,7.772003633455908
1787,178.603572,7.735775116373117
1788,178.703574,7.625600183133752
1789,178.803576,7.66972844600471
1790,178.903578,7.752212800345049
1791,179.00358000000003,8.10291156040981
1792,179.103582,7.835404865850459
1793,179.203584,7.585686224585893
1794,179.30358600000002,7.769545631493291
1795,179.403588,7.669835218267462
1796,179.50359,7.624017948154767
1797,179.603592,7.782715969203287
1798,179.703594,7.978131939525382
1799,179.803596,7.836001762544703
1800,179.903598,7.749863092687063
1801,180.0036,7.906515418211418
1802,180.10360200000002,7.61851003571026
1803,180.20360399999998,7.6680086848928175
1804,180.303606,7.728056990600597
1805,180.40360800000002,7.582351781877646
1806,180.50361,7.708297022132668
1807,180.603612,7.753388099706101
1808,180.703614,7.901797110003415
1809,180.803616,8.085571328928877
1810,180.90361800000002,7.5835591881308835
1811,181.00361999999998,7.816936439282284
1812,181.103622,7.645083497598338
1813,181.20362400000002,7.806595183342052
1814,181.30362599999998,7.535662594437071
1815,181.403628,7.7049387225882775
1816,181.50363000000002,7.903725675752688
1817,181.603632,7.952347083096283
1818,181.703634,7.987907770185904
1819,181.803636,7.597018998808853
1820,181.903638,7.653005794843718
1821,182.00364000000002,7.96099746267634
1822,182.10364199999998,7.717875378841153
1823,182.203644,7.944173447906618
1824,182.30364600000001,8.23610211440322
1825,182.403648,7.644404873132021
1826,182.50365,7.716911961739707
1827,182.603652,7.496322214237445
1828,182.703654,7.708216362809532
1829,182.80365600000002,7.80952529327475
1830,182.903658,7.715919417818143
1831,183.00366,7.6143731324255715
1832,183.103662,7.645497531582782
1833,183.203664,7.642032758463685
1834,183.303666,7.592709671859688
1835,183.403668,7.720543333879584
1836,183.50367,7.584888745041838
1837,183.603672,7.489748807485071
1838,183.703674,7.6364684008033725
1839,183.803676,7.613728997702945
1840,183.903678,7.893877639660223
1841,184.00368,7.610453374062217
1842,184.103682,7.84044342040153
1843,184.203684,8.032200528827534
1844,184.30368600000003,7.944170960009372
1845,184.403688,7.902024114492218
1846,184.50369,7.653530989764104
1847,184.60369200000002,7.871722076826016
1848,184.703694,7.641783203561641
1849,184.803696,7.758239104619935
1850,184.903698,7.944294541783006
1851,185.0037,7.587109238853743
1852,185.103702,7.757803236496845
1853,185.203704,7.658258781351352
1854,185.303706,7.727005796077141
1855,185.40370800000002,7.535427661789441
1856,185.50370999999998,7.667020457110694
1857,185.603712,7.531925046415459
1858,185.70371400000002,7.72462898264218
1859,185.803716,7.679103217898501
1860,185.903718,7.552505375066797
1861,186.00372,7.809345666246505
1862,186.103722,7.52211288256806
1863,186.20372400000002,7.593658456357673
1864,186.30372599999998,7.801152803235862
1865,186.403728,7.841611907416875
1866,186.50373000000002,7.757002854486529
1867,186.603732,7.635596578859033
1868,186.703734,7.605488609348751
1869,186.80373600000001,7.599492294522084
1870,186.903738,7.485651547674705
1871,187.00374,7.491077247663733
1872,187.103742,7.698323540785044
1873,187.203744,7.654183732601612
1874,187.30374600000002,7.674379522585103
1875,187.40374799999998,7.760935051611879
1876,187.50375,7.630205059538659
1877,187.60375200000001,7.688120256991617
1878,187.703754,7.547092353280453
1879,187.803756,7.869950989817347
1880,187.903758,8.015842908632722
1881,188.00376,7.636202259837642
1882,188.10376200000002,8.053650329070733
1883,188.203764,7.854556567590047
1884,188.303766,7.596787007864062
1885,188.403768,8.032536852809567
1886,188.50377,7.381114448791914
1887,188.603772,7.6807706172851065
1888,188.703774,7.423503163332715
1889,188.803776,7.753697181154878
1890,188.903778,7.5766471665101545
1891,189.00378,7.34736795109889
1892,189.103782,7.304801751362558
1893,189.203784,7.146589173815682
1894,189.303786,7.188741724315323
1895,189.403788,7.170800828178833
1896,189.50379,7.346968445997237
1897,189.60379200000003,7.241221923411849
1898,189.703794,7.135873027831695
1899,189.803796,7.176020016549809
1900,189.90379800000002,7.295160719889915
1901,190.0038,7.300030700384251
1902,190.103802,7.436547162913659
1903,190.203804,7.231877000604122
1904,190.303806,8.012895554219492
1905,190.403808,7.730883152462387
1906,190.50381,7.522678380847602
1907,190.603812,7.657460675846598
1908,190.70381400000002,7.634167685585841
1909,190.80381599999998,7.791265109407361
1910,190.903818,7.47057862509779
1911,191.00382000000002,7.771288484505629
1912,191.103822,7.953985931092981
1913,191.203824,7.453318526949289
1914,191.30382600000002,7.624588154911684
1915,191.403828,7.571902208744734
1916,191.50383000000002,7.814467293022624
1917,191.60383199999998,7.908281839861872
1918,191.703834,7.732115792978171
1919,191.80383600000002,7.626800007958156
1920,191.903838,7.850343958701737
1921,192.00384,7.824231417264554
1922,192.10384200000001,7.674700872656434
1923,192.203844,7.885445766175384
1924,192.303846,7.760695335591442
1925,192.403848,7.861505796498212
1926,192.50385,7.8149973044473375
1927,192.60385200000002,7.394661242188179
1928,192.70385399999998,7.675968739560981
1929,192.803856,7.7438707495909815
1930,192.903858,7.721759419333361
1931,193.00386,7.742517719032308
1932,193.103862,8.008027905029339
1933,193.203864,7.824327028964734
1934,193.303866,7.67014429611987
1935,193.40386800000002,7.745994957157086
1936,193.50387,7.610592609014297
1937,193.603872,7.666481018657541
1938,193.703874,7.605644198090288
1939,193.80387600000003,7.794003636542299
1940,193.903878,7.713218609560299
1941,194.00388,7.375047274381102
1942,194.103882,7.715672049393647
1943,194.203884,7.62096932907081
1944,194.303886,7.6232163691353625
1945,194.403888,7.4601488846229635
1946,194.50389,7.575705422069057
1947,194.603892,7.655884378534399
1948,194.703894,7.640759779500606
1949,194.803896,7.896442355515525
1950,194.90389800000003,7.750298030579376
1951,195.0039,7.726543855831394
1952,195.103902,7.647020881297581
1953,195.20390400000002,7.894332047857229
1954,195.303906,7.768584633742382
1955,195.403908,7.665710159234301
1956,195.50391,7.659332995189769
1957,195.603912,7.523694707116089
1958,195.703914,7.439191824077351
1959,195.803916,7.517535128672908
1960,195.903918,7.645780177386103
1961,196.00392000000002,7.552366789748049
1962,196.10392199999998,7.58321578970334
1963,196.203924,7.66408359627838
1964,196.30392600000002,7.500987672671975
1965,196.403928,7.598922638380787
1966,196.50393,7.7153394777067
1967,196.60393200000001,7.566124759570022
1968,196.703934,7.553287363944299
1969,196.80393600000002,7.647160448709813
1970,196.90393799999998,7.681339216666393
1971,197.00394,7.4321814958008785
1972,197.10394200000002,7.61547375946667
1973,197.203944,7.6208563932995395
1974,197.303946,7.738592954765855
1975,197.403948,7.663311036117831
1976,197.50395,7.833941414859535
1977,197.603952,7.7878708354422965
1978,197.703954,7.5826175964406595
1979,197.803956,7.805204261184449
1980,197.90395800000002,7.647908107933646
1981,198.00395999999998,7.527544408929341
1982,198.103962,7.759289131601266
1983,198.203964,7.856786286318319
1984,198.303966,7.63628462041978
1985,198.403968,7.933526846695049
1986,198.50397,7.757695584197782
1987,198.603972,7.852835819432293
1988,198.70397400000002,7.746105247127085
1989,198.803976,7.861868963940731
1990,198.903978,7.571959222814443
1991,199.00398,7.703122588766375
1992,199.10398200000003,7.610051863839753
1993,199.203984,7.644751622453376
1994,199.303986,7.723009020207436
1995,199.403988,7.518334899907988
1996,199.50399,7.748192454154683
1997,199.603992,7.667677157951361
1998,199.703994,7.660784257476584
1999,199.803996,7.506919823508956
2000,199.903998,7.9327332966065764
2001,200.004,7.819617058392779
2002,200.104002,7.481169418924182
2003,200.20400400000003,7.7092553480751285
2004,200.304006,7.830413570310413
2005,200.404008,7.792510694647388
2006,200.50401000000002,7.977049622636851
2007,200.604012,7.928774460684009
2008,200.704014,7.811477696111068
2009,200.804016,7.736258632131653
2010,200.904018,8.082508831907361
2011,201.00402000000003,7.977534078396092
2012,201.104022,7.679767587186162
2013,201.204024,7.903719287191844
2014,201.30402600000002,7.804773274550911
2015,201.40402799999998,7.6430897589446065
2016,201.50403,7.680983464942803
2017,201.60403200000002,7.636068252541442
2018,201.704034,7.774955415057336
2019,201.804036,7.6859784424823845
2020,201.904038,7.797457672468949
2021,202.00404,7.692440123404567
2022,202.10404200000002,7.644948334189407
2023,202.20404399999998,7.653938556655123
2024,202.304046,7.363376513077119
2025,202.40404800000002,7.726707894732796
2026,202.50405,7.531712334419036
2027,202.604052,7.767560271558325
2028,202.704054,7.859606539339884
2029,202.804056,7.524385953498227
2030,202.904058,7.794135310368625
2031,203.00406,7.82982490924858
2032,203.104062,7.998432278366313
2033,203.20406400000002,7.743929695486496
2034,203.30406599999998,7.582188387140819
2035,203.404068,7.477141211427366
2036,203.50407,7.680454054235111
2037,203.604072,7.392529677554381
2038,203.704074,7.731263759339705
2039,203.804076,7.832441859356516
2040,203.904078,7.554815204624139
2041,204.00408000000002,7.68281683081307
2042,204.104082,7.940337652313127
2043,204.204084,7.416497875999786
2044,204.304086,7.624120264172936
2045,204.40408800000003,7.574137908040623
2046,204.50409,7.65623806654213
2047,204.604092,7.698969824322168
2048,204.704094,7.790468412654908
2049,204.804096,7.771637739824376
2050,204.904098,7.854560956465157
2051,205.0041,7.595539023991911
2052,205.104102,7.834471899110011
2053,205.204104,7.977876908045661
2054,205.304106,7.902301801155491
2055,205.404108,7.963640818489284
2056,205.50411000000003,7.659931240634481
2057,205.604112,7.619116041894123
2058,205.704114,7.903846570674167
2059,205.80411600000002,7.9258082679154525
2060,205.904118,7.685766613053452
2061,206.00412,7.626806743112899
2062,206.104122,7.815956945157767
2063,206.204124,7.31294472758874
2064,206.30412600000002,7.652676415167526
2065,206.404128,7.655011572121993
2066,206.50413,7.731796860404699
2067,206.60413200000002,7.51253192331731
2068,206.70413399999998,7.627085249260647
2069,206.804136,7.583737767994536
2070,206.90413800000002,7.725256089320934
2071,207.00414,7.514663908866195
2072,207.104142,7.555123559442403
2073,207.204144,7.450242369626942
2074,207.304146,7.689247419158708
2075,207.40414800000002,7.6856522778659215
2076,207.50414999999998,7.746388866843078
2077,207.604152,7.726220470122632
2078,207.70415400000002,7.3840008602795635
2079,207.804156,7.495684569669998
2080,207.904158,7.752468898669072
2081,208.00416,7.666588472774829
2082,208.104162,7.8860379047445095
2083,208.20416400000002,7.727052913479706
2084,208.304166,7.460913884254107
2085,208.404168,7.672433341208106
2086,208.50417000000002,7.540561925608733
2087,208.604172,7.91056077319889
2088,208.704174,7.34474960563527
2089,208.804176,7.605353651077552
2090,208.904178,7.758209960765614
2091,209.00418,7.699967652244579
2092,209.104182,7.512469300126534
2093,209.204184,7.679487196566827
2094,209.30418600000002,7.802597506633499
2095,209.404188,7.854462096980526
2096,209.50419,7.6853017728521165
2097,209.604192,7.879297568643641
2098,209.70419400000003,7.5217964459192315
2099,209.804196,7.435499902837714
2100,209.904198,7.618581390939806
2101,210.00420000000003,7.802030574563094
2102,210.104202,7.763781345140615
2103,210.204204,7.791373194372983
2104,210.304206,7.550136088762315
2105,210.404208,7.481358750795889
2106,210.50421,7.4952148280227515
2107,210.604212,7.379542416854076
2108,210.704214,7.711964427985711
2109,210.80421600000003,7.846832044269963
2110,210.904218,7.503320695857672
2111,211.00422,7.464774298807402
2112,211.10422200000002,7.464823766898646
2113,211.204224,7.514392734183961
2114,211.304226,7.652318478849542
2115,211.404228,7.545138115142213
2116,211.50423,7.798876196545895
2117,211.60423200000002,7.701644056958447
2118,211.70423399999999,7.820482031222108
2119,211.804236,7.712940064992873
2120,211.90423800000002,7.705603000309425
2121,212.00423999999998,7.542646102174632
2122,212.104242,7.632160886313063
2123,212.20424400000002,7.661177617812666
2124,212.304246,7.741136258997748
2125,212.404248,7.5481893533793265
2126,212.50425,7.3738189743380405
2127,212.604252,7.910042093188007
2128,212.70425400000002,7.651695638554465
2129,212.80425599999998,7.401965079328957
2130,212.904258,7.73426217462895
2131,213.00426000000002,7.79274443241258
2132,213.104262,8.101116877348035
2133,213.204264,7.9381695141640085
2134,213.304266,7.976762326768962
2135,213.404268,7.588468852066704
2136,213.50427000000002,7.71043440535494
2137,213.604272,7.628838808393348
2138,213.704274,7.98263269498606
2139,213.80427600000002,7.619311869137757
2140,213.904278,7.795719756240622
2141,214.00428,7.310692697254068
2142,214.104282,7.723465227690042
2143,214.204284,7.613392432568807
2144,214.304286,7.5903381569432895
2145,214.404288,7.817175485915237
2146,214.50429,7.65988764562311
2147,214.60429200000002,7.852324636496724
2148,214.704294,8.06768282573255
2149,214.804296,7.912808750925632
2150,214.904298,7.852012792489681
2151,215.00430000000003,7.957331276848427
2152,215.104302,7.84656938401527
2153,215.204304,7.844560654326466
2154,215.30430600000003,7.952729006426087
2155,215.404308,7.786978055180201
2156,215.50431,8.015501307962266
2157,215.604312,7.811437674792291
2158,215.704314,7.753488744569204
2159,215.804316,8.126544308284203
2160,215.904318,8.011525119601922
2161,216.00432,7.851076043538451
2162,216.10432200000002,8.031216468778956
2163,216.20432399999999,8.057039582906492
2164,216.304326,8.01437005329547
2165,216.40432800000002,8.042074971554436
2166,216.50433,7.881330516832909
2167,216.604332,7.926335119151374
2168,216.704334,7.964252905627568
2169,216.804336,7.732693532770646
2170,216.90433800000002,8.071718978210905
2171,217.00433999999998,7.823286917096109
2172,217.104342,8.202615470203972
2173,217.20434400000002,8.171020706154541
2174,217.30434599999998,8.20033270530022
2175,217.404348,8.066188029576754
2176,217.50435000000002,8.06929370126516
2177,217.604352,7.700787906708258
2178,217.704354,7.844396828731887
2179,217.804356,8.043502346289669
2180,217.904358,8.149479705794251
2181,218.00436000000002,7.930338071248274
2182,218.10436199999998,8.108992603745163
2183,218.204364,8.066036934945094
2184,218.30436600000002,8.140040655476632
2185,218.404368,7.967842967318862
2186,218.50437,7.750041852452538
2187,218.604372,8.258812992951475
2188,218.704374,8.090383508635453
2189,218.80437600000002,7.73790203865259
2190,218.904378,7.652030449289341
2191,219.00438,7.574033381644308
2192,219.10438200000002,7.903477836266883
2193,219.204384,8.038401064112087
2194,219.304386,7.895357528666361
2195,219.404388,7.988271489802553
2196,219.50439,7.92244962337604
2197,219.604392,8.065341668059764
2198,219.704394,7.9839920224666665
2199,219.804396,7.86950167686379
2200,219.90439800000001,7.884202259599578
2201,220.0044,7.524980900803561
2202,220.104402,7.839060695049847
2203,220.204404,7.854386235124579
2204,220.30440600000003,7.913776778895113
2205,220.404408,7.701402940917694
2206,220.50441,7.817662014863356
2207,220.60441200000002,8.0010064779183
2208,220.704414,7.788810427915371
2209,220.804416,7.585229135363701
2210,220.904418,7.753515267467073
2211,221.00442,7.609914038087239
2212,221.104422,7.640645706031535
2213,221.204424,7.880235982501919
2214,221.304426,7.817569346924971
2215,221.40442800000002,7.704489542432998
2216,221.50442999999999,7.796975048141863
2217,221.604432,7.7344858483078225
2218,221.70443400000002,7.763910830368785
2219,221.804436,7.834298410219369
2220,221.904438,8.032053198005553
2221,222.00444,7.966710192679527
2222,222.104442,7.798596913381132
2223,222.20444400000002,7.6737857715498645
2224,222.30444599999998,7.765488468970018
2225,222.404448,7.803665064329728
2226,222.50445000000002,7.790513526138843
2227,222.60445199999998,7.696581971012386
2228,222.704454,7.543388428056586
2229,222.80445600000002,7.589577239722241
2230,222.904458,7.263766446682979
2231,223.00446,7.143520951469334
2232,223.104462,7.515798391508582
2233,223.204464,7.60664310867501
2234,223.30446600000002,7.298785056714124
2235,223.40446799999998,7.48686331916307
2236,223.50447,7.682133802449701
2237,223.60447200000002,7.715896440504106
2238,223.704474,7.689216306843354
2239,223.804476,7.567413056223579
2240,223.904478,7.5635117944291625
2241,224.00448,7.834469372793043
2242,224.10448200000002,7.878843468572843
2243,224.204484,7.761292425679316
2244,224.304486,7.676622490687614
2245,224.40448800000001,7.805352004679585
2246,224.50449,7.574349713198741
2247,224.604492,7.857021047839557
2248,224.704494,7.658601137689362
2249,224.804496,7.54198295604526
2250,224.904498,7.8725246004226115
2251,225.0045,8.15149423807657
2252,225.104502,7.82865165550481
2253,225.20450400000001,7.884635823248389
2254,225.304506,7.820090220053232
2255,225.404508,7.829558370737633
2256,225.50451,7.617169438517401
2257,225.60451200000003,7.573890390472442
2258,225.704514,7.564718606807664
2259,225.804516,7.748813987896637
2260,225.90451800000002,7.616351777564605
2261,226.00452,7.741035611486772
2262,226.104522,7.620307124059247
2263,226.204524,7.512981295696413
2264,226.304526,7.61169863205114
2265,226.404528,7.669869045422639
2266,226.50453,7.556401384965861
2267,226.604532,7.621867776838426
2268,226.70453400000002,7.690598753930153
2269,226.80453599999998,7.680882815996603
2270,226.904538,7.642330570737473
2271,227.00454000000002,7.723724783971413
2272,227.104542,7.6039116029589975
2273,227.204544,7.766430696262138
2274,227.30454600000002,7.626709323243258
2275,227.404548,7.716387461497327
2276,227.50455000000002,7.556084224994625
2277,227.60455199999998,7.704661353603126
2278,227.704554,7.5741966923255974
2279,227.80455600000002,7.563303652361742
2280,227.904558,7.564048153135448
2281,228.00456,7.700439824847608
2282,228.10456200000002,7.828383948313389
2283,228.204564,7.6031293441667085
2284,228.304566,7.63334678250105
2285,228.404568,7.640604307948116
2286,228.50457,7.645911572474844
2287,228.60457200000002,7.247530685924881
2288,228.70457399999998,7.457735824524083
2289,228.804576,7.893226117570805
2290,228.90457800000001,7.613568914676274
2291,229.00458,7.7254526746564425
2292,229.104582,7.99792252773419
2293,229.204584,7.8005808594420065
2294,229.304586,7.764901508250269
2295,229.40458800000002,7.8031878071409215
2296,229.50459,7.645666512733406
2297,229.604592,7.914420362689314
2298,229.70459400000001,7.806897044584964
2299,229.804596,7.241939697865519
2300,229.904598,7.593971814725845
2301,230.0046,7.4466330774304454
2302,230.104602,7.569463555212374
2303,230.204604,7.348902746621166
2304,230.304606,7.787182466359058
2305,230.404608,7.80413454904637
2306,230.50461,7.749228962040472
2307,230.604612,7.476317471862015
2308,230.704614,7.808351359365263
2309,230.804616,8.26465816886423
2310,230.90461800000003,7.72169619124054
2311,231.00462,7.702915265033121
2312,231.104622,7.747376238314662
2313,231.20462400000002,7.780413889167941
2314,231.304626,8.119955133027501
2315,231.404628,8.050539424584686
2316,231.50463,8.036061979906748
2317,231.604632,7.829807679628001
2318,231.704634,7.931441079584438
2319,231.804636,8.219296207793882
2320,231.904638,8.134264963500044
2321,232.00464000000002,8.025471055091002
2322,232.10464199999998,7.635302105378097
2323,232.204644,8.06461694676425
2324,232.30464600000002,7.637445757642337
2325,232.404648,7.822815948482923
2326,232.50465,7.920760593893307
2327,232.60465200000002,7.8889734381857535
2328,232.704654,7.653517516171323
2329,232.80465600000002,7.590982395247403
2330,232.90465799999998,7.873069172377128
2331,233.00466,7.954157812312139
2332,233.10466200000002,7.993020465168455
2333,233.204664,8.199203777072045
2334,233.304666,7.920246352409808
2335,233.40466800000002,8.086680939819642
2336,233.50467,8.06346469769982
2337,233.604672,7.973184455111792
2338,233.704674,7.9897953793012535
2339,233.804676,8.327130257885836
2340,233.90467800000002,7.952796199724164
2341,234.00467999999998,7.927693068134313
2342,234.104682,7.676468587389262
2343,234.20468400000001,7.883069249754614
2344,234.304686,8.20001380497361
2345,234.404688,7.987866705048824
2346,234.50469,7.91364663727314
2347,234.604692,7.8231013219651455
2348,234.70469400000002,8.087482492752656
2349,234.804696,7.924710402789688
2350,234.904698,7.9832213443756705
2351,235.0047,8.02935221057368
2352,235.10470200000003,8.018126522976505
2353,235.204704,8.035714719564249
2354,235.304706,8.0404568214949
2355,235.404708,8.048742036557478
2356,235.50471,8.07082052244127
2357,235.604712,8.06566415608138
2358,235.704714,8.196666904908037
2359,235.804716,8.24595066855811
2360,235.904718,8.225739944990837
2361,236.00472,8.248944783873698
2362,236.104722,8.134593611054168
2363,236.20472400000003,8.222411796409725
2364,236.304726,8.262077743143315
2365,236.404728,7.785532335727003
2366,236.50473000000002,8.26543400169988
2367,236.604732,7.968195132350103
2368,236.704734,8.446165255952144
2369,236.804736,8.113480097650097
2370,236.904738,8.206906200333238
2371,237.00474,8.353323194585062
2372,237.104742,8.263235087796907
2373,237.204744,7.999628999364592
2374,237.30474600000002,8.02581717210463
2375,237.40474799999998,7.862220436523602
2376,237.50475,7.866761613272427
2377,237.60475200000002,8.191073323527759
2378,237.704754,8.139782056190008
2379,237.804756,8.146594055049674
2380,237.90475800000002,8.02206334513127
2381,238.00476,8.046024135783794
2382,238.10476200000002,8.006977572741999
2383,238.20476399999998,8.220976612338513
2384,238.304766,8.14011152102341
2385,238.40476800000002,8.01746817559662
2386,238.50477,8.011757606914188
2387,238.604772,8.143953940853168
2388,238.70477400000001,8.005952536416624
2389,238.804776,8.017547625751178
2390,238.904778,8.119468777899778
2391,239.00478,7.9731895678138045
2392,239.104782,7.979499610299154
2393,239.20478400000002,8.069512308405393
2394,239.30478599999998,7.916058912487949
2395,239.404788,8.052485615884018
2396,239.50479,8.081958395083918
2397,239.604792,8.008868064021954
2398,239.704794,7.87301687025525
2399,239.804796,8.019836455158055
2400,239.904798,7.845301968490042
2401,240.00480000000002,8.365147481638568
2402,240.104802,8.21351897399397
2403,240.204804,8.06730009597735
2404,240.304806,7.996372846672372
2405,240.40480800000003,7.983931611896877
2406,240.50481,7.962618251981246
2407,240.604812,8.099457993645878
2408,240.704814,8.095962544499859
2409,240.804816,7.78618669971161
2410,240.904818,7.8597708573850795
2411,241.00482,8.251661348626289
2412,241.104822,7.963546559458681
2413,241.204824,7.911393654127039
2414,241.304826,7.878198402163051
2415,241.404828,8.117534753097031
2416,241.50483000000003,7.889033570678203
2417,241.604832,7.929785096547093
2418,241.704834,7.8609639720705005
2419,241.80483600000002,8.008127691506939
2420,241.904838,7.897917142403737
2421,242.00484,7.832060356902277
2422,242.104842,7.551940251634238
2423,242.204844,7.700148507507428
2424,242.30484600000003,7.7753533691353685
2425,242.404848,7.687851655797677
2426,242.50485,7.987434606935158
2427,242.60485200000002,7.802549385547166
2428,242.70485399999998,7.8272910648953395
2429,242.804856,7.977123808113686
2430,242.90485800000002,8.007377098349282
2431,243.00486,8.036234371451807
2432,243.104862,7.8119044825175
2433,243.20486400000001,7.671908189296319
2434,243.304866,7.641243453021746
2435,243.40486800000002,7.99486043911779
2436,243.50486999999998,7.913282155432862
2437,243.604872,7.39815109292302
2438,243.70487400000002,7.586956616335676
2439,243.804876,7.769253692675118
2440,243.904878,7.914272293419758
2441,244.00488,8.023041046875443
2442,244.104882,7.700327144323021
2443,244.204884,7.73797640350135
2444,244.304886,7.691686608064492
2445,244.404888,7.732545869478017
2446,244.50489000000002,7.82226530066193
2447,244.604892,7.8644892471755465
2448,244.704894,7.6856776044838035
2449,244.804896,7.8607340705738595
2450,244.904898,7.575102483704252
2451,245.0049,7.974544081608073
2452,245.104902,7.8635561895787855
2453,245.204904,7.712749977102626
2454,245.30490600000002,7.875129922932947
2455,245.404908,7.936931711675258
2456,245.50491,7.463180651124528
2457,245.604912,7.178323876284758
2458,245.70491400000003,7.4584933467580985
2459,245.804916,7.288785099853428
2460,245.904918,7.7481456958060555
2461,246.00492000000003,7.4337458144639665
2462,246.104922,7.753539139609192
2463,246.204924,7.480362947919155
2464,246.304926,7.5991028598720645
2465,246.404928,7.637418209601486
2466,246.50493,7.44976989073074
2467,246.604932,7.803244362193669
2468,246.704934,7.935835247693867
2469,246.80493600000003,7.810960754284664
2470,246.904938,7.655747518789607
2471,247.00494,7.648063632317719
2472,247.10494200000002,7.67069806877402
2473,247.204944,7.411436682990712
2474,247.304946,7.931573668524128
2475,247.404948,7.476626500089738
2476,247.50495,7.544314883078113
2477,247.60495200000003,7.742211784461884
2478,247.704954,7.97748223421761
2479,247.804956,7.811806057143833
2480,247.90495800000002,7.493731351486715
2481,248.00495999999998,7.579185399291875
2482,248.104962,7.401148276868089
2483,248.20496400000002,6.853976774379723
2484,248.304966,7.853854084516199
2485,248.404968,7.817604428454393
2486,248.50497000000001,7.527126146269958
2487,248.604972,7.390236951947442
2488,248.70497400000002,7.441781886520701
2489,248.80497599999998,7.336879926580249
2490,248.904978,7.233382447147221
2491,249.00498000000002,7.486652609844888
2492,249.104982,7.796923012078904
2493,249.204984,8.62835500325439
2494,249.304986,8.58092544330112
2495,249.404988,8.549765485586287
2496,249.50499,8.185432830869102
2497,249.604992,8.320798509936008
2498,249.704994,8.4343388986259
2499,249.80499600000002,8.536443623113156
2500,249.904998,7.69285600233618
2501,250.005,7.2383284403497
2502,250.105002,6.986734110976934
2503,250.205004,7.432719790432919
2504,250.305006,7.141509706522008
2505,250.405008,7.328647431133695
2506,250.50501,7.600345804787895
2507,250.60501200000002,7.577069572380244
2508,250.705014,7.2970861883227585
2509,250.805016,8.058298295354971
2510,250.905018,7.8942252465639795
2511,251.00502000000003,7.73778284192861
2512,251.105022,7.784500676496186
2513,251.205024,7.668074209109677
2514,251.30502600000003,7.924946678474259
2515,251.405028,8.390218406713208
2516,251.50503,7.6777433308135175
2517,251.605032,7.639575137257993
2518,251.705034,7.711313817228273
2519,251.805036,7.811687564614748
2520,251.905038,7.750453283032135
2521,252.00504,7.973189042445436
2522,252.10504200000003,7.725214576449014
2523,252.205044,7.603432400966859
2524,252.305046,7.5123538724203165
2525,252.40504800000002,7.396414964444766
2526,252.50505,7.396147891435788
2527,252.605052,7.487444255185388
2528,252.705054,7.537838195199635
2529,252.805056,7.563562201147286
2530,252.90505800000003,7.529371189066767
2531,253.00506,7.380795038459016
2532,253.105062,7.4145230920234155
2533,253.20506400000002,7.562315328689356
2534,253.30506599999998,7.414640839127907
2535,253.405068,7.611022972382061
2536,253.50507000000002,7.679745966222373
2537,253.605072,7.517242833758853
2538,253.705074,7.555339524773197
2539,253.805076,7.450252164902357
2540,253.905078,7.21398622715072
2541,254.00508000000002,7.414617609705574
2542,254.10508199999998,7.629714206155116
2543,254.205084,7.549713078058916
2544,254.30508600000002,7.471018697131325
2545,254.405088,7.821184688118696
2546,254.50509,7.350320640960614
2547,254.605092,7.581266529363684
2548,254.705094,7.367700638750494
2549,254.80509600000002,7.441637160215272
2550,254.905098,7.7176745363465
2551,255.0051,7.546087372063843
2552,255.10510200000002,7.520727756617814
2553,255.205104,7.698352330855673
2554,255.305106,7.476562908579952
2555,255.405108,7.744203455729807
2556,255.50511,7.779899251476913
2557,255.605112,7.797473058918316
2558,255.705114,7.7827992084083855
2559,255.805116,7.583969400807237
2560,255.90511800000002,7.70660463083568
2561,256.00512,7.547237452602962
2562,256.105122,7.714020046711298
2563,256.205124,8.04028288088651
2564,256.30512600000003,7.861836484052732
2565,256.405128,7.571281918152131
2566,256.50513,7.7386548303113365
2567,256.605132,7.795397320669886
2568,256.705134,8.005880341275535
2569,256.805136,7.905463547893598
2570,256.905138,8.087222720094502
2571,257.00514000000004,7.860341930750358
2572,257.105142,7.836989810198989
2573,257.205144,7.882206757595487
2574,257.30514600000004,7.6994473536983925
2575,257.405148,7.772877432401855
2576,257.50515,7.879739448387115
2577,257.605152,7.725095147682636
2578,257.705154,7.939710613762855
2579,257.805156,7.777342266870663
2580,257.905158,7.931285419762523
2581,258.00516,7.531795908151937
2582,258.105162,7.6723906356997515
2583,258.205164,7.759537615659273
2584,258.305166,7.794375213116178
2585,258.405168,7.73718088737943
2586,258.50517,7.730149866925712
2587,258.605172,8.13602438551359
2588,258.705174,8.064346361990951
2589,258.805176,7.539713255251146
2590,258.90517800000003,7.8073993593573325
2591,259.00518,7.927217662345813
2592,259.105182,8.030388151566056
2593,259.20518400000003,8.02789522085591
2594,259.305186,7.926010508223649
2595,259.405188,8.236161479857973
2596,259.50519,8.292901232096522
2597,259.605192,8.187422512300204
2598,259.705194,8.41605298100186
2599,259.805196,8.337413299275816
2600,259.905198,8.196553196918387
2601,260.0052,8.00821456352026
2602,260.105202,8.189955586466859
2603,260.205204,7.9018397286423365
2604,260.305206,7.659533097807135
2605,260.405208,7.747981472494115
2606,260.50521,7.720833525626943
2607,260.605212,7.5740871533279925
2608,260.705214,7.754027917276612
2609,260.80521600000003,7.78719202886594
2610,260.905218,7.6278501377684655
2611,261.00522,7.556239136765559
2612,261.105222,7.922523824589944
2613,261.20522400000004,7.811731996840995
2614,261.305226,7.783329744270712
2615,261.405228,7.673856520773648
2616,261.50523,7.809127881476552
2617,261.605232,7.994796216056288
2618,261.705234,7.89174794461083
2619,261.805236,7.901924368669144
2620,261.905238,7.766081104673139
2621,262.00524,7.888826566910661
2622,262.105242,8.007782659988665
2623,262.205244,7.938690178132204
2624,262.305246,7.802803112389286
2625,262.40524800000003,7.699575733661463
2626,262.50525,8.063512364956953
2627,262.60525199999995,7.926102626975496
2628,262.705254,7.75618954416403
2629,262.805256,7.901119106370468
2630,262.905258,7.953480218589656
2631,263.00526,7.874662993138104
2632,263.105262,7.828202786830978
2633,263.205264,7.827682058293512
2634,263.305266,7.79048663043427
2635,263.405268,7.53220321258468
2636,263.50527,7.432046015122715
2637,263.605272,7.857707160560605
2638,263.70527400000003,7.764292729872527
2639,263.805276,7.73931644337726
2640,263.905278,7.69567442406424
2641,264.00528,7.633890157525042
2642,264.105282,8.109409256472082
2643,264.205284,7.94513526749893
2644,264.305286,7.813544429845048
2645,264.405288,7.561509694068258
2646,264.50529,7.991492932315077
2647,264.605292,7.878045736199023
2648,264.705294,7.968731962799579
2649,264.80529600000006,7.755318797274599
2650,264.905298,7.720996740326123
2651,265.0053,7.714527009784394
2652,265.10530200000005,7.746081410083718
2653,265.205304,7.594281522922452
2654,265.305306,7.694734137719272
2655,265.405308,7.884223707964149
2656,265.50531,7.961516861988616
2657,265.605312,7.664374260424404
2658,265.705314,7.667358412602681
2659,265.805316,7.744264881058235
2660,265.905318,7.8372811646808636
2661,266.00532,7.7157577035464175
2662,266.105322,7.853917842929155
2663,266.205324,7.747376927066005
2664,266.305326,7.912480904805754
2665,266.405328,7.754958934397456
2666,266.50533,7.791449141462749
2667,266.605332,7.851122941457011
2668,266.70533400000005,7.684622517423114
2669,266.805336,7.66814903923225
2670,266.905338,7.658060650538491
2671,267.00534000000005,7.942714298524706
2672,267.105342,7.9740823227961695
2673,267.20534399999997,7.731809042871518
2674,267.30534600000004,7.894619349985532
2675,267.405348,7.844266700422061
2676,267.50534999999996,7.8072229782765845
2677,267.60535200000004,7.727605749293033
2678,267.705354,7.692830984132342
2679,267.805356,7.8350915287417
2680,267.90535800000004,7.881177235431031
2681,268.00536,7.794354722803714
2682,268.105362,7.582031681731513
2683,268.205364,7.867984926647716
2684,268.305366,7.892430233571934
2685,268.405368,7.605905774113786
2686,268.50536999999997,7.829666040708523
2687,268.60537200000005,7.95526930816881
2688,268.705374,7.9753197869987185
2689,268.80537599999997,7.506345180386783
2690,268.90537800000004,7.722886155525927
2691,269.00538,7.6668413587756765
2692,269.10538199999996,7.66629335833506
2693,269.20538400000004,7.695834735329092
2694,269.305386,7.873358147198428
2695,269.40538799999996,7.8115520486832075
2696,269.50539000000003,7.887431230657754
2697,269.605392,7.854062541790965
2698,269.705394,7.7417214259626315
2699,269.80539600000003,7.691156559705463
2700,269.905398,7.727654554372079
2701,270.0054,7.690950737125052
2702,270.105402,7.834443550256457
2703,270.205404,7.632805845156772
2704,270.305406,7.716210323119437
2705,270.405408,7.647289957409586
2706,270.50541000000004,7.770240263405349
2707,270.605412,7.873189120274605
2708,270.70541399999996,7.747513473648651
2709,270.80541600000004,7.823787376511453
2710,270.905418,7.904586596118437
2711,271.00541999999996,7.668740326123716
2712,271.10542200000003,7.635435065280068
2713,271.205424,7.516540791937622
2714,271.30542599999995,7.365744787235868
2715,271.40542800000003,7.39619387807442
2716,271.50543,7.518452586747351
2717,271.605432,7.389192296639012
2718,271.705434,7.746496483664986
2719,271.805436,7.77934034504825
2720,271.905438,7.431085198090164
2721,272.00544,7.669313755105562
2722,272.105442,7.4842114432642495
2723,272.205444,7.653690286363935
2724,272.305446,7.7141751208830645
2725,272.40544800000004,7.844752352930504
2726,272.50545,7.929440620907358
2727,272.605452,7.783308340888011
2728,272.70545400000003,7.556903119385539
2729,272.805456,8.356292597030388
2730,272.905458,7.862416210078553
2731,273.00546,7.8449198386661685
2732,273.105462,7.880694756275492
2733,273.205464,7.820600961730418
2734,273.305466,7.433870965620052
2735,273.405468,7.661800634626963
2736,273.50547,7.6701950804050885
2737,273.605472,7.481268939755827
2738,273.705474,7.669913208983639
2739,273.805476,7.717542473547086
2740,273.905478,7.35828002943438
2741,274.00548,7.463899484096028
2742,274.105482,7.631326465946635
2743,274.205484,7.798714121703384
2744,274.30548600000003,7.922667061349397
2745,274.405488,8.148778813610491
2746,274.50549,7.485285145795859
2747,274.605492,7.96464229999155
2748,274.705494,7.522502233445321
2749,274.805496,7.940469687529155
2750,274.905498,7.779607034852652
2751,275.0055,7.589133161792278
2752,275.105502,7.599092874506877
2753,275.205504,7.708620197847432
2754,275.305506,7.598658495850647
2755,275.40550800000005,7.668689062804803
2756,275.50551,7.836706360308199
2757,275.605512,7.93165215212082
2758,275.70551400000005,7.829305767447995
2759,275.805516,7.631004063135082
2760,275.905518,7.811968532828081
2761,276.00552000000005,7.424946058474671
2762,276.105522,7.408246431316773
2763,276.205524,7.475368359916017
2764,276.305526,7.684865021620852
2765,276.405528,7.5692040407292405
2766,276.50553,7.617301899430039
2767,276.605532,7.854011090925479
2768,276.705534,7.664372536179393
2769,276.805536,7.626102456050693
2770,276.905538,8.088748940737466
2771,277.00554,7.932860851260163
2772,277.105542,7.759596269032926
2773,277.205544,7.836587935702266
2774,277.30554600000005,7.9771822728841935
2775,277.405548,8.215298773806733
2776,277.50554999999997,7.930468117956148
2777,277.60555200000005,8.133440228950077
2778,277.705554,8.164139045445403
2779,277.80555599999997,7.786168280980352
2780,277.90555800000004,7.780550655310999
2781,278.00556,7.665238249858528
2782,278.105562,7.786361374268699
2783,278.20556400000004,7.927239327618542
2784,278.305566,7.636506149050516
2785,278.405568,7.606822290208508
2786,278.50557000000003,7.7749894790322465
2787,278.605572,7.679205753099041
2788,278.705574,7.914605086343778
2789,278.805576,7.777407321483001
2790,278.905578,7.760234450255788
2791,279.00558,7.585199092217417
2792,279.10558199999997,7.613548515052395
2793,279.20558400000004,7.544785608195833
2794,279.305586,7.589510062985345
2795,279.40558799999997,7.616647793322443
2796,279.50559000000004,7.669436000154092
2797,279.605592,7.779798458862431
2798,279.70559399999996,7.7254171895628145
2799,279.80559600000004,7.741182198426435
2800,279.905598,7.827631152115141
2801,280.0056,7.70130910322384
2802,280.10560200000003,7.65702728129929
2803,280.205604,7.74415184000274
2804,280.305606,7.842139095641755
2805,280.40560800000003,7.967724780614445
2806,280.50561,7.810838403456954
2807,280.605612,7.923180878216853
2808,280.705614,7.497150905336927
2809,280.805616,7.635758205024163
2810,280.905618,7.708772480674113
2811,281.00562,7.9918382431767006
2812,281.10562200000004,7.6431582996455685
2813,281.205624,7.839030361136501
2814,281.30562599999996,7.965856925535786
2815,281.40562800000004,7.79077812199334
2816,281.50563,8.071156350812325
2817,281.60563199999996,7.597116700774066
2818,281.70563400000003,7.94555861432865
2819,281.805636,7.768435525243016
2820,281.90563799999995,7.589633289819834
2821,282.00564,7.850740697701835
2822,282.105642,7.8335711048970555
2823,282.205644,7.590640240042371
2824,282.305646,7.745342547729783
2825,282.405648,7.8465981223223995
2826,282.50565,7.7262185707221676
2827,282.605652,7.742089430878948
2828,282.705654,7.608477655439174
2829,282.805656,7.4426382466831456
2830,282.905658,7.63700680513621
2831,283.00566000000003,7.504345955568301
2832,283.105662,7.942765168775623
2833,283.205664,7.505400605340378
2834,283.30566600000003,7.856302155842303
2835,283.405668,7.633830925661421
2836,283.50567,7.9365563574776585
2837,283.605672,7.626011944231648
2838,283.705674,7.681325019666425
2839,283.805676,7.859056765313009
2840,283.905678,7.748222585648447
2841,284.00568,7.739974636337036
2842,284.105682,7.943782690186015
2843,284.205684,7.841997311289781
2844,284.305686,7.670102238365757
2845,284.405688,7.700544102675486
2846,284.50569,7.679243561918431
2847,284.605692,7.805193945604315
2848,284.705694,7.912439156732926
2849,284.805696,7.768886480425325
2850,284.90569800000003,7.6425371553969805
2851,285.0057,7.8689754817016295
2852,285.105702,7.800271780124592
2853,285.205704,7.662921954057406
2854,285.305706,7.7950932899048855
2855,285.405708,7.948962098276686
2856,285.50571,7.5360283971131095
2857,285.605712,8.052686933614314
2858,285.705714,7.787372159995508
2859,285.805716,7.605888696878817
2860,285.905718,7.343822176791188
2861,286.00572000000005,7.623961269410258
2862,286.105722,7.553943801186042
2863,286.205724,7.807663834078361
2864,286.30572600000005,7.683687307952187
2865,286.405728,7.898434267518255
2866,286.50572999999997,7.799645590083752
2867,286.60573200000005,7.837706167835554
2868,286.705734,7.73536645806831
2869,286.805736,8.041560782456303
2870,286.905738,7.810079981427171
2871,287.00574,7.902641180800931
2872,287.105742,7.8506260616647285
2873,287.205744,7.878324992386466
2874,287.305746,8.002805956040916
2875,287.405748,7.783437373990009
2876,287.50575,8.045565578783396
2877,287.605752,7.815366432433798
2878,287.705754,7.586641243860553
2879,287.805756,8.147054179893965
2880,287.90575800000005,7.7902815594807295
2881,288.00576,7.796021820250701
2882,288.10576199999997,7.864937154138975
2883,288.20576400000004,7.676246941673152
2884,288.305766,7.760088916509796
2885,288.40576799999997,7.7791786884293606
2886,288.50577000000004,7.712547640674718
2887,288.605772,7.720298995484073
2888,288.705774,7.834445489958989
2889,288.80577600000004,7.709798194485223
2890,288.905778,8.01189414989227
2891,289.00578,7.639677381359406
2892,289.10578200000003,7.500542923809468
2893,289.205784,7.882148625718486
2894,289.305786,7.799672505436852
2895,289.405788,7.949828663381713
2896,289.50579,7.77762270127731
2897,289.605792,7.939895913468611
2898,289.70579399999997,8.039423725649376
2899,289.80579600000004,7.7967060181800365
2900,289.905798,8.045021771203695
2901,290.00579999999997,7.698253583421759
2902,290.10580200000004,7.776860953273425
2903,290.205804,7.383255253312105
2904,290.30580599999996,7.256175823408868
2905,290.40580800000004,7.4965017789567465
2906,290.50581,7.3584064983678585
2907,290.605812,7.303452362206692
2908,290.70581400000003,7.391634964349868
2909,290.805816,7.781220736006087
2910,290.905818,7.451787161827547
2911,291.00582,7.3608908309692165
2912,291.105822,7.609352234455132
2913,291.205824,7.45066194603394
2914,291.305826,7.601720005746541
2915,291.405828,7.7916411110653945
2916,291.50583,7.630893109038345
2917,291.605832,7.308761500037768
2918,291.70583400000004,7.644748231885608
2919,291.805836,7.837593178690605
2920,291.905838,7.789061080677686
2921,292.00584000000003,7.526096390365508
2922,292.105842,7.746924178166711
2923,292.20584399999996,7.821320976696452
2924,292.30584600000003,7.630664760456677
2925,292.405848,7.691190792038645
2926,292.50585,7.505516511561431
2927,292.605852,7.608670044126127
2928,292.705854,7.797514738129527
2929,292.805856,7.788534372921936
2930,292.905858,7.8305120558370795
2931,293.00586,7.949436014796406
2932,293.105862,7.7949768254269465
2933,293.205864,7.7692757870759115
2934,293.305866,7.797673146460321
2935,293.405868,7.48500820525554
2936,293.50587,7.522943146158778
2937,293.60587200000003,7.428774426332353
2938,293.705874,7.435779060547725
2939,293.805876,7.8212965282536215
2940,293.90587800000003,7.5560232204765265
2941,294.00588,7.776381664013268
2942,294.105882,7.505863247410668
2943,294.205884,7.9166505792825665
2944,294.305886,7.6294775781850195
2945,294.405888,8.306280318871412
2946,294.50589,7.652016634988685
2947,294.605892,7.854593145457694
2948,294.70589400000006,7.589265134657594
2949,294.805896,7.565965510570767
2950,294.905898,7.730215615470238
2951,295.0059,7.613481123975504
2952,295.105902,7.772004308955087
2953,295.205904,7.502379938967546
2954,295.305906,7.913494813297221
2955,295.405908,7.665251424441631
2956,295.50591000000003,7.660339830852045
2957,295.605912,7.722798196927995
2958,295.705914,7.621944267277421
2959,295.805916,7.640599997576604
2960,295.905918,7.709431768169922
2961,296.00592,7.904154602097282
2962,296.105922,7.644465998914377
2963,296.205924,7.815850910658954
2964,296.305926,7.901970297262163
2965,296.405928,7.9405487581001
2966,296.50593,7.602347398515854
2967,296.60593200000005,7.629096530480842
2968,296.705934,7.580721253460457
2969,296.805936,7.762246585569346
2970,296.90593800000005,7.937494201008056
2971,297.00594,7.6730718888648815
2972,297.10594199999997,7.853543350227873
2973,297.20594400000004,7.61679020072456
2974,297.305946,7.657411552166136
2975,297.405948,7.674467443501457
2976,297.50595,7.859531039329065
2977,297.605952,8.18263224947891
2978,297.705954,8.69523363090801
2979,297.805956,8.691708298940704
2980,297.905958,8.220152917174962
2981,298.00596,8.473380785876161
2982,298.105962,8.753947600482292
2983,298.205964,8.588254246279071
2984,298.305966,8.26176221836188
2985,298.405968,8.138300930509715
2986,298.50597000000005,7.646856910394955
2987,298.605972,8.129656461582663
2988,298.70597399999997,8.00048731895257
2989,298.80597600000004,7.980532254677462
2990,298.905978,7.677314760815028
2991,299.00597999999997,8.259784760965761
2992,299.10598200000004,8.211117893347067
2993,299.205984,8.049927636442595
2994,299.305986,8.021395842174595
2995,299.40598800000004,8.1298050661108
2996,299.50599,8.039755226845587
2997,299.605992,7.935215043808223
2998,299.70599400000003,7.856451748286766
2999,299.805996,7.991473356016717
3000,299.905998,8.074424990817363
3001,300.006,7.901404308474875
3002,300.106002,7.943893908915132
3003,300.206004,7.966407622092339
3004,300.30600599999997,7.904082715822402
3005,300.40600800000004,7.841857438271103
3006,300.50601,7.795385645291091
3007,300.60601199999996,8.025220160135659
3008,300.70601400000004,8.036236934404474
3009,300.806016,7.805106814839504
3010,300.90601799999996,8.07053250425838
3011,301.00602000000003,8.060561518942874
3012,301.106022,7.993250631877233
3013,301.206024,8.157007176444743
3014,301.30602600000003,7.625586279664668
3015,301.406028,7.760493944458113
3016,301.50603,7.821342287142169
3017,301.606032,7.732024473014766
3018,301.706034,7.814401759904003
3019,301.806036,7.874467455976758
3020,301.906038,8.076818635779775
3021,302.00604,8.041414802056972
3022,302.106042,7.856966084523837
3023,302.206044,7.79638760448708
3024,302.30604600000004,7.935215297223287
3025,302.406048,7.989719717928815
3026,302.50605,8.051299155309406
3027,302.60605200000003,7.897338869357338
3028,302.706054,7.966196912911603
3029,302.80605599999996,7.88016896409604
3030,302.90605800000003,8.092096949617192
3031,303.00606,8.174012064875644
3032,303.106062,7.617436509712372
3033,303.206064,7.670275576700091
3034,303.306066,7.893733559673364
3035,303.406068,7.872221268232517
3036,303.50607,8.03125529749323
3037,303.606072,7.568144440311765
3038,303.706074,7.873922541083263
3039,303.806076,7.894324109498685
3040,303.906078,7.8928929091847
3041,304.00608,7.928096557225227
3042,304.106082,7.851042412911652
3043,304.20608400000003,7.706724749343178
3044,304.306086,7.50938069124775
3045,304.406088,7.773941481742742
3046,304.50609000000003,7.61512283572627
3047,304.606092,7.870272968696756
3048,304.706094,7.948600094366965
3049,304.806096,7.830469660897206
3050,304.906098,7.947572147810291
3051,305.00610000000006,8.172024258482667
3052,305.106102,7.479432482146228
3053,305.206104,8.010202312993648
3054,305.30610600000006,7.8282673956680515
3055,305.406108,7.826742403475304
3056,305.50611,7.751687545446546
3057,305.606112,7.82517669665232
3058,305.706114,7.644031940893952
3059,305.806116,7.927128826734535
3060,305.906118,7.678300896216827
3061,306.00612,7.70457101067624
3062,306.106122,7.510491802247929
3063,306.206124,7.571294542999732
3064,306.306126,7.498377960612163
3065,306.406128,8.104740924712923
3066,306.50613,8.022846467576096
3067,306.606132,7.712819574809026
3068,306.706134,8.113641080373037
3069,306.806136,8.03086333478841
3070,306.90613800000006,7.920795520219287
3071,307.00614,7.906334566044609
3072,307.106142,7.940998678336889
3073,307.20614400000005,7.72620246086583
3074,307.306146,8.117213299790128
3075,307.406148,8.187012095285088
3076,307.50615000000005,7.917170340315988
3077,307.606152,7.91566260758088
3078,307.70615399999997,8.220039671466765
3079,307.80615600000004,8.47977192008571
3080,307.906158,8.017890689966896
3081,308.00616,8.299854095168579
3082,308.106162,8.056007980953629
3083,308.206164,8.118589361740058
3084,308.306166,8.250403194654892
3085,308.406168,8.149364599736034
3086,308.50617,8.09874779013467
3087,308.606172,8.113761713481514
3088,308.706174,8.333955692914213
3089,308.806176,8.199315907647641
3090,308.906178,7.7658875562903695
3091,309.00618,7.369922380881022
3092,309.10618200000005,7.934341419942602
3093,309.206184,7.915321982822732
3094,309.30618599999997,7.859657060650798
3095,309.40618800000004,7.771853811201372
3096,309.50619,7.5882008641654775
3097,309.60619199999996,7.883303675106573
3098,309.70619400000004,7.89182089221353
3099,309.806196,7.864647231831097
3100,309.906198,8.147223089258972
3101,310.00620000000004,8.135519092174354
3102,310.106202,8.199630260074406
3103,310.206204,8.134940426009864
3104,310.30620600000003,8.370250559026669
3105,310.406208,8.197092477333154
3106,310.50621,8.164253362502071
3107,310.606212,8.255589494071097
3108,310.706214,8.103261698301411
3109,310.806216,8.288546266146005
3110,310.90621799999997,8.380266538916427
3111,311.00622000000004,8.068134786221755
3112,311.106222,8.227041299789697
3113,311.20622399999996,8.1545794720446
3114,311.30622600000004,8.246414963589803
3115,311.406228,8.160714108829822
3116,311.50622999999996,8.251149228188575
3117,311.60623200000003,8.417983312703985
3118,311.706234,8.30973901587445
3119,311.806236,8.270351324168567
3120,311.90623800000003,8.215476119980204
3121,312.00624,8.251402438570917
3122,312.106242,8.188130806258211
3123,312.206244,8.151845603007663
3124,312.306246,8.33542841891766
3125,312.406248,8.103482095775732
3126,312.50625,8.133286648980764
3127,312.606252,8.199201459434661
3128,312.706254,8.328258595623685
3129,312.806256,8.181014895756512
3130,312.90625800000004,8.18241186807737
3131,313.00626,8.01777258668674
3132,313.106262,8.275487612777038
3133,313.20626400000003,8.247493578614888
3134,313.306266,7.710075034749749
3135,313.40626799999995,7.896705119635391
3136,313.50627000000003,8.281766250332407
3137,313.606272,8.009217536846469
3138,313.706274,7.758970118666323
3139,313.806276,7.829200301450664
3140,313.906278,8.185180900717349
3141,314.00628,7.928020485114466
3142,314.106282,7.718886290829013
3143,314.206284,7.911370468479124
3144,314.306286,7.9086164958053935
3145,314.406288,8.08542942850035
3146,314.50629,7.7133116635700185
3147,314.606292,7.6070056854367625
3148,314.706294,7.832545710049724
3149,314.80629600000003,8.070025225496375
3150,314.906298,7.891870192817647
3151,315.0063,7.844606592534644
3152,315.106302,8.37635920027946
3153,315.206304,7.998808814674731
3154,315.306306,8.012015270993304
3155,315.406308,7.957762034285051
3156,315.50631,7.987643512173541
3157,315.60631200000006,7.617110121284372
3158,315.706314,8.005449543366089
3159,315.806316,7.869045485718827
3160,315.90631800000006,7.502007405919779
3161,316.00632,7.737603544959674
3162,316.106322,7.924356304195869
3163,316.206324,7.6919576838482335
3164,316.306326,7.704130440472639
3165,316.406328,7.891774126801917
3166,316.50633,7.644094170892793
3167,316.606332,7.748276775749328
3168,316.706334,7.799622956402948
3169,316.806336,7.571774088751399
3170,316.906338,7.852634957000366
3171,317.00634,7.907929561051324
3172,317.106342,7.707526133451115
3173,317.206344,8.029718326023382
3174,317.306346,7.839356767384796
3175,317.406348,8.01508194455784
3176,317.50635000000005,7.987402166449719
3177,317.606352,7.857713095616546
3178,317.706354,7.857141428100648
3179,317.80635600000005,7.633409463312704
3180,317.906358,7.897030172820339
3181,318.00636,7.8281286576107965
3182,318.10636200000005,7.893093461614601
3183,318.206364,7.821368074666595
3184,318.30636599999997,7.949547064993943
3185,318.40636800000004,7.859266457058918
3186,318.50637,7.782543769610995
3187,318.606372,7.990107681485623
3188,318.706374,7.989256195105248
3189,318.806376,7.8810026224586425
3190,318.906378,7.860933868069564
3191,319.00638,7.836609562674186
3192,319.106382,8.00060936868582
3193,319.206384,7.775706391263143
3194,319.306386,7.96692837601913
3195,319.40638800000005,7.911641390055859
3196,319.50639,7.763521209812058
3197,319.60639199999997,7.851752732114584
3198,319.70639400000005,8.058067240677392
3199,319.806396,8.066434865471912
3200,319.90639799999997,8.060337078703446
3201,320.00640000000004,8.015426132842375
3202,320.106402,7.853901071298639
3203,320.20640399999996,7.753460945402347
3204,320.30640600000004,8.109114506371654
3205,320.406408,7.944336252275036
3206,320.50641,8.076365578387291
3207,320.60641200000003,7.885108083689002
3208,320.706414,7.88921986367209
3209,320.806416,8.174322198602995
3210,320.90641800000003,8.249554992434444
3211,321.00642,8.019445536741987
3212,321.106422,8.144936331964443
3213,321.206424,8.288471152425126
3214,321.306426,7.957638558240198
3215,321.406428,7.753925031771135
3216,321.50642999999997,7.930252468124024
3217,321.60643200000004,7.858285530728851
3218,321.706434,7.998174126873803
3219,321.80643599999996,8.131698878984666
3220,321.90643800000004,8.193704612299081
3221,322.00644,7.949150884950129
3222,322.10644199999996,7.902482732460104
3223,322.20644400000003,7.845166158960112
3224,322.306446,7.617835242727197
3225,322.406448,7.939076374253211
3226,322.50645000000003,7.944611267437875
3227,322.606452,8.234580008029218
3228,322.706454,8.046712724969602
3229,322.806456,7.850822933081297
3230,322.906458,7.939097076311316
3231,323.00646,8.042660282269972
3232,323.106462,8.135094516853462
3233,323.206464,7.9411977610216855
3234,323.306466,8.011197194621827
3235,323.406468,8.174202916242432
3236,323.50647000000004,7.989828151642939
3237,323.606472,7.907719176827183
3238,323.706474,7.806010937627497
3239,323.80647600000003,7.685855482457974
3240,323.906478,7.9038939383991185
3241,324.00647999999995,7.873854335744753
3242,324.106482,7.964872287926641
3243,324.206484,7.925582693369604
3244,324.306486,8.324314601736072
3245,324.406488,8.985377774584588
3246,324.50649,8.991577167188419
3247,324.606492,8.720633579282536
3248,324.706494,8.915763279101128
3249,324.806496,8.468847046228927
3250,324.906498,8.921023174120979
3251,325.0065,8.634245614917385
3252,325.106502,8.02431019189245
3253,325.206504,8.173077651736271
3254,325.306506,8.646649678727808
3255,325.40650800000003,8.735145280829565
3256,325.50651,8.340107870017043
3257,325.606512,7.990514655333827
3258,325.706514,8.605187848818604
3259,325.806516,8.27083887855127
3260,325.906518,7.83936275242844
3261,326.00652,7.7895316892851545
3262,326.106522,8.13501955804643
3263,326.20652400000006,7.471370488363383
3264,326.306526,8.410009114631748
3265,326.406528,8.43757427654185
3266,326.50653000000005,8.34701270145845
3267,326.606532,8.199160613011374
3268,326.706534,8.159692172397982
3269,326.806536,8.057372248353364
3270,326.906538,8.362738581077624
3271,327.00654,7.987670160719294
3272,327.106542,8.031900271572987
3273,327.206544,8.214200922065473
3274,327.306546,8.318218313667627
3275,327.406548,8.345004867051514
3276,327.50655,8.186488990642875
3277,327.606552,7.930411121547675
3278,327.706554,7.838316770878368
3279,327.806556,7.7580824070354
3280,327.906558,8.165365759817591
3281,328.00656,8.177190927239192
3282,328.10656200000005,7.972431599256219
3283,328.206564,8.355367374623675
3284,328.306566,8.468088233301048
3285,328.40656800000005,8.069926292989908
3286,328.50657,8.42991005661945
3287,328.60657199999997,8.414143444489277
3288,328.70657400000005,8.233017857475831
3289,328.806576,8.26588233086794
3290,328.90657799999997,8.092345829153054
3291,329.00658000000004,8.09542692395178
3292,329.106582,8.116708208061528
3293,329.206584,8.052153214185724
3294,329.30658600000004,7.928495591754651
3295,329.406588,7.727721021095902
3296,329.50659,8.031077177884628
3297,329.606592,8.17349437997805
3298,329.706594,8.823835177574976
3299,329.806596,8.420802433610497
3300,329.906598,8.214315641977743
3301,330.00660000000005,8.236727293696898
3302,330.106602,8.07389369484381
3303,330.20660399999997,8.284648911217824
3304,330.30660600000004,8.439062506388044
3305,330.406608,8.515953197443071
3306,330.50660999999997,8.40839756928369
3307,330.60661200000004,7.865721435270068
3308,330.706614,8.14187416110165
3309,330.80661599999996,7.944314376112157
3310,330.90661800000004,7.897071192126311
3311,331.00662,7.244354975366827
3312,331.106622,7.7593606196443785
3313,331.20662400000003,7.458056524432961
3314,331.306626,8.236359413732401
3315,331.406628,7.857507752423035
3316,331.50663000000003,8.07379510706896
3317,331.606632,8.348846793684743
3318,331.706634,8.23181903020173
3319,331.806636,7.972091935578011
3320,331.90663800000004,8.288721808178542
3321,332.00664,8.348463298922496
3322,332.10664199999997,8.258434687078529
3323,332.20664400000004,8.042780527757076
3324,332.306646,8.45097004035061
3325,332.40664799999996,8.388793767413688
3326,332.50665000000004,8.13641022308204
3327,332.606652,8.128001847560528
3328,332.70665399999996,7.396040526307942
3329,332.80665600000003,6.793924144636875
3330,332.906658,7.523709399008358
3331,333.00666,8.506231401729279
3332,333.10666200000003,8.08929000646182
3333,333.206664,7.973430319148107
3334,333.306666,7.870295808091215
3335,333.406668,8.054903352302627
3336,333.50667,7.8358387535637934
3337,333.606672,8.304637137153469
3338,333.706674,8.268264006569847
3339,333.80667600000004,8.250531817942825
3340,333.906678,7.784896244978694
3341,334.00668,7.412879389711227
3342,334.10668200000003,7.251214772030122
3343,334.206684,7.810587560215696
3344,334.306686,7.861561090438217
3345,334.40668800000003,7.794023592611402
3346,334.50669,8.20633472197459
3347,334.60669199999995,7.725396841879573
3348,334.706694,7.300521284477839
3349,334.806696,8.038128443012399
3350,334.906698,8.558514815666292
3351,335.0067,8.25794276367113
3352,335.106702,8.171040802469241
3353,335.206704,8.282856732590632
3354,335.306706,7.3972055286499945
3355,335.406708,7.733483510029632
3356,335.50671,7.392689451332689
3357,335.606712,7.469251765702841
3358,335.706714,7.76089647184396
3359,335.806716,8.129886314608328
3360,335.906718,7.586957277273572
3361,336.00672000000003,8.193711364098029
3362,336.106722,8.05800677139483
3363,336.206724,8.115294158079259
3364,336.306726,8.07170848514746
3365,336.406728,7.522720535764453
3366,336.50673,8.076817081257182
3367,336.606732,7.589623113963458
3368,336.706734,7.64692678492037
3369,336.80673600000006,7.838966318466654
3370,336.906738,7.98876534288556
3371,337.00674,7.659276838102138
3372,337.10674200000005,7.476379287003941
3373,337.206744,7.393406931393114
3374,337.306746,7.402998260778987
3375,337.406748,7.61241935825974
3376,337.50675,7.437239675601239
3377,337.606752,7.531015507538183
3378,337.706754,7.3960754033425475
3379,337.806756,7.077234284186443
3380,337.906758,7.311987098808896
3381,338.00676,7.234996303772717
3382,338.106762,7.564244353341281
3383,338.206764,7.6089030907414115
3384,338.306766,7.648088280784976
3385,338.406768,7.607343530061957
3386,338.50677,7.6955998025193875
3387,338.606772,7.477220517119359
3388,338.70677400000005,7.515199785510372
3389,338.806776,7.395272338358617
3390,338.906778,7.2880748984695325
3391,339.00678000000005,7.0602800491967574
3392,339.106782,7.50008639237321
3393,339.20678399999997,7.403423163000811
3394,339.30678600000005,7.719032301047413
3395,339.406788,7.2692100259182535
3396,339.50678999999997,7.212376156470635
3397,339.60679200000004,7.757576513115886
3398,339.706794,7.635389631057616
3399,339.806796,7.2808979402319505
3400,339.90679800000004,7.507774619673951
3401,340.0068,7.86560134539192
3402,340.106802,7.357615801459219
3403,340.206804,7.522539935779275
3404,340.306806,7.202413300823417
3405,340.406808,7.511401416940007
3406,340.50681,7.490332317486312
3407,340.60681200000005,7.606951061706701
3408,340.706814,7.290395804925455
3409,340.80681599999997,7.7926440017440415
3410,340.90681800000004,7.638266317397327
3411,341.00682,7.729027298546521
3412,341.10682199999997,7.502422717964603
3413,341.20682400000004,7.655020899705693
3414,341.306826,7.3996696318868205
3415,341.40682799999996,7.444959741076987
3416,341.50683000000004,7.3197371511241816
3417,341.606832,7.9125275893637275
3418,341.706834,7.723614137352095
3419,341.80683600000003,7.4210627817402655
3420,341.906838,7.755213911447864
3421,342.00684,7.513423638365769
3422,342.10684200000003,7.434261451609791
3423,342.206844,7.41086438264142
3424,342.306846,7.640886085475115
3425,342.406848,7.455766438562519
3426,342.50685000000004,7.473758470498214
3427,342.606852,7.593700834310194
3428,342.70685399999996,7.4509156997515475
3429,342.80685600000004,7.444785910910295
3430,342.906858,7.528049336818134
3431,343.00685999999996,7.751031545946913
3432,343.10686200000004,7.643142609247352
3433,343.206864,7.561753822977317
3434,343.30686599999996,7.610088128851429
3435,343.40686800000003,7.432412785362851
3436,343.50687,7.423990646562832
3437,343.606872,7.654140541729931
3438,343.706874,7.741788059078273
3439,343.806876,7.77094278441067
3440,343.906878,7.599962291790511
3441,344.00688,7.593611046555236
3442,344.106882,7.484256122415096
3443,344.206884,7.690254225532521
3444,344.306886,7.6786698118349594
3445,344.40688800000004,7.41862855158798
3446,344.50689,7.220547306657671
3447,344.606892,7.45562456832441
3448,344.70689400000003,8.278190234508893
3449,344.806896,7.609936581250148
3450,344.906898,7.509866072363332
3451,345.00690000000003,7.76240488420043
3452,345.106902,7.793753694449101
3453,345.206904,7.82605016868696
3454,345.306906,8.215942360528574
3455,345.406908,8.430356051654485
3456,345.50691,8.372435128762563
3457,345.606912,8.661254900660353
3458,345.706914,8.552125348272424
3459,345.806916,8.669208350721272
3460,345.906918,9.017749955923984
3461,346.00692,8.885091017644493
3462,346.106922,8.760650347849234
3463,346.206924,8.7366130807938
3464,346.30692600000003,8.344844630576176
3465,346.406928,8.294166281693188
3466,346.50693,8.206199794046709
3467,346.60693200000003,8.277965262092179
3468,346.706934,8.200381857770262
3469,346.806936,8.802470570040905
3470,346.906938,8.07410582216716
3471,347.00694,8.19614787344694
3472,347.106942,8.185685703240797
3473,347.206944,8.180603998104608
3474,347.306946,8.377617996983382
3475,347.40694800000006,8.407077689783414
3476,347.50695,8.18100669339644
3477,347.606952,8.237442132701274
3478,347.70695400000005,7.80711908927014
3479,347.806956,7.611614053544921
3480,347.906958,7.864728888975533
3481,348.00696000000005,8.139693980518114
3482,348.106962,8.614307858074598
3483,348.206964,8.351583067592662
3484,348.306966,8.576942537523246
3485,348.406968,8.12087698687467
3486,348.50697,8.449167994514758
3487,348.606972,8.70245041616543
3488,348.706974,8.3133654913587
3489,348.806976,8.672620144831205
3490,348.906978,8.186988773866792
3491,349.00698,8.469010389451352
3492,349.106982,8.249449372485108
3493,349.206984,8.496078025733985
3494,349.30698600000005,8.11842912385598
3495,349.406988,7.9214052508678074
3496,349.50699,8.270342586653094
3497,349.60699200000005,7.952419336232514
3498,349.706994,7.761058202451098
3499,349.80699599999997,7.867319497342565
3500,349.90699800000004,8.194300339970553
3501,350.007,8.002081048936358
3502,350.10700199999997,8.13920702486904
3503,350.20700400000004,7.898649587961976
3504,350.307006,7.3874305598773455
3505,350.407008,7.202299903998863
3506,350.50701000000004,7.340094041533885
3507,350.607012,7.783712131214813
3508,350.707014,7.706079361068797
3509,350.807016,7.519008341257802
3510,350.907018,7.798978421017885
3511,351.00702,7.50794158159524
3512,351.107022,7.294891548513268
3513,351.20702400000005,7.629724702162449
3514,351.307026,7.666505948717986
3515,351.40702799999997,7.213180905010233
3516,351.50703000000004,7.463627953040379
3517,351.607032,7.698999293753353
3518,351.70703399999996,7.356645208811886
3519,351.80703600000004,6.960480880442535
3520,351.907038,7.341730362356046
3521,352.00703999999996,7.555019465772157
3522,352.10704200000004,7.611132176319147
3523,352.207044,7.859881901273556
3524,352.307046,7.496682141398915
3525,352.40704800000003,7.5827844042348325
3526,352.50705,7.692412466791227
3527,352.607052,7.852824129821142
3528,352.707054,8.220811001610656
3529,352.807056,8.39582267935959
3530,352.907058,7.7219686350484285
3531,353.00706,8.103281283263213
3532,353.10706200000004,8.257796650633251
3533,353.207064,7.668110433011127
3534,353.30706599999996,7.64817839610765
3535,353.40706800000004,7.759551849562991
3536,353.50707,7.417694377283868
3537,353.60707199999996,7.997706424204814
3538,353.70707400000003,8.164148991721895
3539,353.807076,8.687637058528061
3540,353.90707799999996,8.13860634307635
3541,354.00708000000003,8.201250854336202
3542,354.107082,8.243768677841885
3543,354.207084,8.245359263724364
3544,354.307086,8.490724759714661
3545,354.407088,8.362099266224451
3546,354.50709,8.524933031379385
3547,354.607092,8.637381401915366
3548,354.707094,8.628292313028453
3549,354.807096,8.495634915286676
3550,354.907098,8.314140578791573
3551,355.00710000000004,8.137537402690935
3552,355.107102,7.771767778445076
3553,355.207104,7.819681486555937
3554,355.30710600000003,8.44834499269254
3555,355.407108,8.570419242883753
3556,355.50711,8.45571582018481
3557,355.60711200000003,8.383613700206393
3558,355.707114,7.797109974247621
3559,355.807116,8.527118941742138
3560,355.907118,8.479181126846063
3561,356.00712,8.415076124848406
3562,356.107122,8.25647421149805
3563,356.207124,8.138863949482838
3564,356.307126,7.768930200048199
3565,356.407128,8.446014572390455
3566,356.50713,7.868081115837605
3567,356.607132,7.587221308181972
3568,356.707134,7.929475398920641
3569,356.807136,8.34367773549436
3570,356.90713800000003,8.546724325678223
3571,357.00714,8.304666165947049
3572,357.107142,8.165126061183816
3573,357.207144,8.20709723041716
3574,357.307146,8.371545128789517
3575,357.407148,8.162215814982803
3576,357.50715,8.385255778620047
3577,357.607152,8.509095620518947
3578,357.707154,8.571401894720083
3579,357.807156,8.426562573954817
3580,357.907158,8.157739116969474
3581,358.00716000000006,8.347617352968472
3582,358.107162,8.382774621163716
3583,358.207164,8.064266709515358
3584,358.30716600000005,8.162811298113262
3585,358.407168,8.137052424618638
3586,358.50717,8.289109750574173
3587,358.60717200000005,8.176264336667204
3588,358.707174,8.437013366028099
3589,358.807176,8.54780418478324
3590,358.907178,8.422424390845315
3591,359.00718,8.339125751748574
3592,359.107182,8.446458216283022
3593,359.207184,8.412508588821556
3594,359.307186,8.653757930090542
3595,359.407188,8.338149395286113
3596,359.50719,8.341545988117984
3597,359.607192,8.018483015149927
3598,359.707194,8.350333254255341
3599,359.807196,8.41470542483743
3600,359.90719800000005,7.906160682478633
3601,360.0072,8.223950967081016
3602,360.107202,8.21962155592025
3603,360.20720400000005,8.492592766549475
3604,360.307206,8.099521966049078
3605,360.40720799999997,8.032724127318527
3606,360.50721000000004,8.298033351815455
3607,360.607212,8.173211669078691
3608,360.707214,7.6668154959414645
3609,360.80721600000004,7.419690656888328
3610,360.907218,7.7739320464859345
3611,361.00722,7.538892659014687
3612,361.10722200000004,8.029955796127261
3613,361.207224,7.85974646810498
3614,361.307226,7.751539516332741
3615,361.407228,7.816590345520681
3616,361.50723,7.833998030528901
3617,361.607232,7.729808786429482
3618,361.70723399999997,7.874293882899285
3619,361.80723600000005,8.350495278671726
3620,361.907238,8.035448301392236
3621,362.00723999999997,8.045575631989287
3622,362.10724200000004,8.321298216620042
3623,362.207244,8.678668333702138
3624,362.30724599999996,8.045137797710375
3625,362.40724800000004,8.599375112839816
3626,362.50725,8.391907318466277
3627,362.60725199999996,8.361951463005392
3628,362.70725400000003,8.133442303539043
3629,362.807256,8.458792907463417
3630,362.907258,8.261460046366551
3631,363.00726000000003,8.575568976370294
3632,363.107262,8.240319132653184
3633,363.207264,8.5677910320726
3634,363.307266,8.045252813202557
3635,363.407268,7.929449073013798
3636,363.50727,8.38869831802063
3637,363.607272,8.20275674906254
3638,363.70727400000004,8.600794785562147
3639,363.807276,8.272765833744144
3640,363.907278,8.365362685033661
3641,364.00728000000004,8.23847300800138
3642,364.107282,8.393597375216364
3643,364.20728399999996,8.343285227664097
3644,364.30728600000003,8.235390265994498
3645,364.407288,8.494290370941005
3646,364.50728999999995,8.318524712561592
3647,364.60729200000003,8.407549849609179
3648,364.707294,8.383520006242152
3649,364.807296,8.440705058999425
3650,364.907298,8.349475368850674
3651,365.0073,8.559727674646444
3652,365.107302,8.489058682534314
3653,365.207304,8.288896397083695
3654,365.307306,8.296693968322243
3655,365.407308,8.23185513094328
3656,365.50731,8.462810105568282
3657,365.60731200000004,8.308642965299176
3658,365.707314,8.02228952988426
3659,365.807316,8.326174734550582
3660,365.90731800000003,8.4525996789785
3661,366.00732,7.995112558901382
3662,366.107322,8.343398273635177
3663,366.207324,8.339519936520286
3664,366.307326,8.228268984564794
3665,366.407328,8.236141651312938
3666,366.50733,8.312904592565934
3667,366.607332,7.887230647819899
3668,366.70733400000006,7.812583716979826
3669,366.807336,7.600083140715478
3670,366.907338,7.95855128559915
3671,367.00734,8.21315290666547
3672,367.107342,7.769518194769737
3673,367.207344,8.209403985799032
3674,367.307346,8.384939678880272
3675,367.407348,8.030102866600645
3676,367.50735000000003,7.9772470919433145
3677,367.607352,7.958274125622505
3678,367.707354,8.002122256525803
3679,367.807356,8.450752636814924
3680,367.907358,8.180006521699225
3681,368.00736,8.462607345843763
3682,368.107362,8.451969584605235
3683,368.207364,8.201748083576462
3684,368.307366,8.289213668223262
3685,368.407368,8.081349007606976
3686,368.50737,8.369740422208773
3687,368.60737200000005,8.625933568139128
3688,368.707374,8.003663512909277
3689,368.807376,8.358606651360967
3690,368.90737800000005,7.910404213319283
3691,369.00738,7.907152165339618
3692,369.107382,8.093188276193144
3693,369.20738400000005,8.171124076242027
3694,369.307386,8.650657434770043
3695,369.407388,8.366134448400155
3696,369.50739,8.223087037858008
3697,369.607392,8.29762789508555
3698,369.707394,8.7699330454973
3699,369.807396,8.804347932588724
3700,369.907398,8.628238485580125
3701,370.0074,8.466146086375455
3702,370.107402,8.370354495926792
3703,370.207404,8.184764562559202
3704,370.307406,8.171600515576147
3705,370.407408,8.597152745312856
3706,370.50741000000005,8.098969464717495
3707,370.607412,8.421496376814419
3708,370.70741399999997,8.351225810436992
3709,370.80741600000005,8.518464586708903
3710,370.907418,8.36111769543945
3711,371.00741999999997,8.467488895497086
3712,371.10742200000004,8.065502956775644
3713,371.207424,8.36451790856515
3714,371.307426,8.672044955080608
3715,371.40742800000004,8.304670098839006
3716,371.50743,8.094141342089907
3717,371.607432,8.39060173256018
3718,371.70743400000003,7.980595314466858
3719,371.807436,8.227781629389531
3720,371.907438,8.00516383754658
3721,372.00744,8.781941953974574
3722,372.107442,8.262307268079198
3723,372.207444,8.344028935033794
3724,372.30744599999997,8.015175811569364
3725,372.40744800000004,7.714302773023494
3726,372.50745,7.8184870381904386
3727,372.60745199999997,7.671918414912793
3728,372.70745400000004,8.018470357592571
3729,372.807456,8.527968217541925
3730,372.90745799999996,8.523800686588247
3731,373.00746000000004,8.706470893239365
3732,373.107462,8.537739743835402
3733,373.207464,8.262164495377805
3734,373.30746600000003,8.07886190544069
3735,373.407468,7.9861124676928235
3736,373.50747,8.29502598588459
3737,373.60747200000003,7.903023530767417
3738,373.707474,8.001604069893881
3739,373.807476,8.286004310427659
3740,373.907478,8.001866201218332
3741,374.00748,7.618866312442259
3742,374.107482,8.024098964438659
3743,374.207484,8.193815662054934
3744,374.30748600000004,8.372195642436198
3745,374.407488,8.33172341206114
3746,374.50749,8.40672504119447
3747,374.60749200000004,8.360105721848269
3748,374.707494,8.526137339947498
3749,374.80749599999996,8.331949997030888
3750,374.90749800000003,8.281394543099195
3751,375.0075,8.563392080887766
3752,375.107502,8.525289982925809
3753,375.20750400000003,8.627726561927236
3754,375.307506,8.574703195098161
3755,375.407508,8.104462039405226
3756,375.50751,8.38891240895713
3757,375.607512,8.337561868324602
3758,375.707514,8.42722015433763
3759,375.807516,8.217813011496252
3760,375.907518,8.259008062884226
3761,376.00752,8.049989403902902
3762,376.107522,8.47931610741248
3763,376.20752400000003,8.283219364819706
3764,376.307526,8.057859999798477
3765,376.407528,8.050333116375889
3766,376.50753000000003,8.398986527965777
3767,376.607532,8.2486969466254
3768,376.707534,8.55329690425537
3769,376.807536,7.9937186114569245
3770,376.907538,8.0308475532992
3771,377.00754,7.937276140651366
3772,377.107542,8.09165265658166
3773,377.207544,8.30895423251761
3774,377.30754600000006,8.564334736463552
3775,377.407548,8.101461964834526
3776,377.50755,8.275450626193118
3777,377.607552,8.67614557373985
3778,377.707554,8.229874193521384
3779,377.807556,8.569281666720826
3780,377.907558,8.04096653164087
3781,378.00756,8.164588125713339
3782,378.10756200000003,8.410082639556336
3783,378.207564,8.389447647834647
3784,378.307566,8.33108773291302
3785,378.407568,8.520869708899193
3786,378.50757,8.223003054642275
3787,378.607572,8.275419619333103
3788,378.707574,8.30403207479384
3789,378.807576,8.38055070450788
3790,378.907578,8.464459109360808
3791,379.00758,7.803456196280011
3792,379.107582,8.331252592054712
3793,379.20758400000005,8.517881964537024
3794,379.307586,8.526855265151104
3795,379.407588,8.608531919593513
3796,379.50759000000005,8.202699826266365
3797,379.607592,8.434716769854406
3798,379.707594,8.503108422235854
3799,379.80759600000005,8.284652493955734
3800,379.907598,8.411050442948442
3801,380.0076,8.715462006023602
3802,380.107602,8.59729709489281
3803,380.207604,8.412781215225941
3804,380.307606,8.184282546007266
3805,380.407608,8.352662852916037
3806,380.50761,7.8921317557120245
3807,380.607612,8.512809443041435
3808,380.707614,8.358935303176173
3809,380.807616,7.941653719831919
3810,380.907618,8.124482577049507
3811,381.00762,8.15985322781286
3812,381.10762200000005,8.413253953054427
3813,381.207624,8.34253525569906
3814,381.30762599999997,8.249877147849013
3815,381.40762800000005,7.984912458677415
3816,381.50763,8.73179395620304
3817,381.60763199999997,8.231309099259509
3818,381.70763400000004,7.91939357024181
3819,381.807636,8.237226707484785
3820,381.907638,8.344071750061072
3821,382.00764000000004,8.150184446246708
3822,382.107642,8.108588746853941
3823,382.207644,7.733933089032201
3824,382.30764600000003,7.8299937004747475
3825,382.407648,7.979078344562442
3826,382.50765,8.274465822003133
3827,382.60765200000003,8.177089814632048
3828,382.707654,8.103525442465232
3829,382.807656,8.309106052383102
3830,382.90765799999997,7.781306765908507
3831,383.00766000000004,7.834573854386932
3832,383.107662,7.824382855262061
3833,383.20766399999997,7.974475386725064
3834,383.30766600000004,8.184755451789638
3835,383.407668,7.797745514762924
3836,383.50766999999996,7.813460812905291
3837,383.60767200000004,8.51731391042788
3838,383.707674,8.790319432704491
3839,383.807676,7.621804770915477
3840,383.90767800000003,8.546075756546992
3841,384.00768,8.256530902013733
3842,384.107682,7.700374826208298
3843,384.20768400000003,8.057753325221789
3844,384.307686,7.896505039279838
3845,384.407688,8.012117714110124
3846,384.50769,8.14034708605429
3847,384.607692,8.054482790042325
3848,384.707694,8.160609509801818
3849,384.807696,7.050286460412184
3850,384.90769800000004,7.207710094174533
3851,385.0077,7.266802456869401
3852,385.107702,7.245954127275374
3853,385.20770400000004,7.141974191832317
3854,385.307706,7.589411081916975
3855,385.40770799999996,7.5846608960134025
3856,385.50771000000003,7.518232300633799
3857,385.607712,7.765297965809243
3858,385.707714,7.693915322509
3859,385.807716,7.566875616080313
3860,385.907718,7.578874177220583
3861,386.00772,7.8433087793465655
3862,386.107722,7.618747652559358
3863,386.207724,7.557600314103733
3864,386.307726,7.794380104502141
3865,386.407728,7.726392895971036
3866,386.50773,7.810080154101225
3867,386.607732,7.921544955808829
3868,386.707734,7.8994968093244395
3869,386.80773600000003,7.456212675183205
3870,386.907738,7.78557804344529
3871,387.00774,7.620236809615402
3872,387.10774200000003,7.410388251469411
3873,387.207744,7.42955822950237
3874,387.307746,7.812818522030742
3875,387.407748,7.599340553033257
3876,387.50775,7.614639325844004
3877,387.60775200000006,7.3147863161317845
3878,387.707754,7.37973783377652
3879,387.807756,7.532991069806459
3880,387.90775800000006,7.349311616931017
3881,388.00776,7.404542535281129
3882,388.107762,7.433443478098375
3883,388.207764,7.473447077920706
3884,388.307766,7.643142740802075
3885,388.407768,7.6345859294680425
3886,388.50777,7.757462248735321
3887,388.607772,7.804966398622724
3888,388.70777400000003,7.778796344728543
3889,388.807776,7.43500157879107
3890,388.907778,7.51684842047778
3891,389.00778,7.839679398742204
3892,389.107782,7.995465797901429
3893,389.207784,7.654538553343792
3894,389.307786,7.602639086819492
3895,389.407788,7.569261241073206
3896,389.50779,7.907691203622546
3897,389.607792,8.09021960036212
3898,389.707794,7.991390086329382
3899,389.80779600000005,7.934225784592843
3900,389.907798,7.432684926227128
3901,390.0078,7.67253066505431
3902,390.10780200000005,7.587648297330769
3903,390.207804,7.6785496362047745
3904,390.30780599999997,7.857900136783945
3905,390.40780800000005,7.400583359905796
3906,390.50781,7.576613804645954
3907,390.607812,7.7737662407331785
3908,390.707814,7.460879391298165
3909,390.807816,7.625190865944511
3910,390.907818,7.769103977009908
3911,391.00782,7.529637170135777
3912,391.107822,7.519149601361211
3913,391.207824,7.603563827683826
3914,391.307826,7.597118201425575
3915,391.407828,7.17710186605709
3916,391.50783,7.616126529630344
3917,391.607832,7.409140150434948
3918,391.70783400000005,7.559271429283322
3919,391.807836,7.803612016836573
3920,391.90783799999997,7.5071124655219545
3921,392.00784000000004,7.620015691814269
3922,392.107842,7.809446377928366
3923,392.20784399999997,7.582470475441042
3924,392.30784600000004,7.532693659548126
3925,392.407848,7.242731045689422
3926,392.50785,7.850347378242586
3927,392.60785200000004,7.605634804591623
3928,392.707854,7.584203930924875
3929,392.807856,7.832892698963225
3930,392.90785800000003,7.93545437913577
3931,393.00786,7.9395376756367835
3932,393.107862,7.494076190675914
3933,393.20786400000003,7.594501212219063
3934,393.307866,7.516429850457579
3935,393.407868,8.098396870698176
3936,393.50786999999997,7.4384394334314194
3937,393.60787200000004,7.550769377858948
3938,393.707874,7.619137886528076
3939,393.80787599999996,8.074579050895005
3940,393.90787800000004,8.191833074028903
3941,394.00788,7.517599794086701
3942,394.10788199999996,7.873177955700375
3943,394.20788400000004,7.588801293637227
3944,394.307886,7.509085058064871
3945,394.407888,7.891899332972365
3946,394.50789000000003,7.760250248263874
3947,394.607892,7.40471495444329
3948,394.707894,7.5755191897350045
3949,394.807896,7.527249040430357
3950,394.907898,7.238568099795475
3951,395.0079,7.492318660883927
3952,395.107902,7.753539809171529
3953,395.207904,7.618748131548425
3954,395.307906,7.570901422472506
3955,395.407908,7.588991588809428
3956,395.50791000000004,7.944279940743836
3957,395.607912,7.618359730958245
3958,395.707914,7.576076255097601
3959,395.80791600000003,7.656066869712264
3960,395.907918,7.752192543685869
3961,396.00791999999996,7.6537054378660105
3962,396.10792200000003,7.735920759816022
3963,396.207924,7.966044582133977
3964,396.307926,7.77506239647505
3965,396.407928,8.15934528907962
3966,396.50793,7.390622753670852
3967,396.607932,7.973775147575633
3968,396.707934,7.685631933806965
3969,396.807936,7.962793556948013
3970,396.907938,7.555139691327526
3971,397.00794,7.354952492348975
3972,397.107942,7.626738555998775
3973,397.207944,7.495881713473006
3974,397.307946,7.538007877476792
3975,397.40794800000003,7.377874115534915
3976,397.50795,7.857919928174237
3977,397.607952,7.470455531860997
3978,397.70795400000003,7.424615923191935
3979,397.807956,7.290621956961022
3980,397.907958,7.243173028331813
3981,398.00796,7.426992542805969
3982,398.107962,7.330710158748127
3983,398.20796400000006,7.366520984315238
3984,398.307966,7.39619492425407
3985,398.407968,7.652964001428596
3986,398.50797000000006,7.399274602263938
3987,398.607972,7.436967073237089
3988,398.707974,7.552849628712653
3989,398.807976,7.495855635409568
3990,398.907978,7.839662022808778
3991,399.00798,7.561210224540947
3992,399.107982,7.810117212534121
3993,399.207984,7.657473982115325
3994,399.307986,7.3904382180134665
3995,399.407988,7.606820953342064
3996,399.50799,7.306977314421844
3997,399.607992,7.280376097615634
3998,399.707994,7.617173029344186
3999,399.807996,7.230195823784239
4000,399.907998,7.485471368941253
4001,400.000014,7.408413956604869
