Frame,Time (ns),Radius of Gyration
1,0.0,9.272706938338038
2,0.100002,9.248037270258513
3,0.200004,9.333896819301051
4,0.30000600000000005,9.561549733524377
5,0.400008,9.498340545229276
6,0.50001,9.42018045130661
7,0.6000120000000001,9.402175987764974
8,0.700014,9.134035003295834
9,0.800016,9.321639535698925
10,0.900018,9.410161463525816
11,1.00002,9.253290204547326
12,1.1000219999999998,9.386310981184657
13,1.2000240000000002,9.577135606917702
14,1.3000260000000001,9.37565236369153
15,1.400028,9.55035610654509
16,1.50003,9.358296504175803
17,1.600032,9.5849897090592
18,1.700034,9.852824988953621
19,1.800036,9.619548593138163
20,1.9000380000000001,9.547316730120164
21,2.00004,9.321481576497957
22,2.1000419999999997,9.20795048373927
23,2.2000439999999997,9.442638122748914
24,2.300046,9.10062525826346
25,2.4000480000000004,9.523996807436605
26,2.5000500000000003,9.194741895231461
27,2.6000520000000003,9.254964166077338
28,2.700054,9.137400864676437
29,2.800056,9.281619934670298
30,2.900058,9.104715645442687
31,3.00006,9.083391566471409
32,3.100062,9.358459454368472
33,3.200064,9.283891000740034
34,3.300066,9.088303105711868
35,3.400068,9.352054015143919
36,3.50007,9.15880536672204
37,3.600072,9.026964067554253
38,3.700074,9.505605997948454
39,3.8000760000000002,9.161284321001032
40,3.900078,8.798009001342264
41,4.00008,8.908870656205483
42,4.1000820000000004,9.021773281861263
43,4.2000839999999995,8.990347533497967
44,4.300086,8.767997788410138
45,4.400087999999999,8.764676773285313
46,4.50009,9.06948251607947
47,4.600092,8.774134617788715
48,4.700094,8.935495005143462
49,4.800096000000001,8.94690052637485
50,4.900098,9.207920399295748
51,5.000100000000001,8.883918941567039
52,5.100102,8.75790406830443
53,5.2001040000000005,8.929042684748929
54,5.3001059999999995,8.98914091539626
55,5.400108,8.869303675249183
56,5.500109999999999,8.85596817101421
57,5.600112,9.013269430043344
58,5.700114,9.023969781782785
59,5.800116,9.042076411486502
60,5.900118,8.66118841810185
61,6.00012,8.90640909866268
62,6.100122000000001,9.108605002205575
63,6.200124,8.733745066589346
64,6.300126000000001,8.798626774326259
65,6.400128,8.698480350915528
66,6.50013,8.984371818030255
67,6.600132,8.894701947983643
68,6.700134,8.971061459059005
69,6.800136,8.74802013530782
70,6.900138,8.755430355912832
71,7.00014,8.987944186551715
72,7.100142,8.875685565960817
73,7.200144,9.036988060333053
74,7.300146,8.699251158954015
75,7.400148,8.740423914366545
76,7.5001500000000005,8.999854147860928
77,7.6001520000000005,8.86914110379065
78,7.700154,8.854782734376514
79,7.800156,8.926257011725516
80,7.900158,8.89311724343788
81,8.00016,8.934735488340706
82,8.100162000000001,8.704050061489061
83,8.200164000000001,8.911286012281534
84,8.300166,8.79806423722849
85,8.400167999999999,9.034216506564912
86,8.50017,8.874396844415442
87,8.600172,9.035392118745634
88,8.700174,9.013652109926834
89,8.800175999999999,9.235128573194174
90,8.900178,9.274680232465188
91,9.00018,9.057457744607763
92,9.100182,8.806134492703226
93,9.200184,8.961257578361264
94,9.300186,9.266252760123706
95,9.400188,9.377468608640092
96,9.50019,9.087746630600178
97,9.600192000000002,9.100765170332963
98,9.700194,8.973959639715865
99,9.800196,9.035522384752397
100,9.900198,8.985982279704201
101,10.000200000000001,9.037236543024736
102,10.100202,8.990710015590366
103,10.200204,9.03770890349984
104,10.300206,9.335678893916501
105,10.400208000000001,9.305319240919573
106,10.500210000000001,9.08867540610805
107,10.600211999999999,9.071776623577863
108,10.700214,9.330537970699222
109,10.800216,9.108407120978374
110,10.900218,9.356742252171948
111,11.000219999999999,9.17001622745182
112,11.100222,9.231829981801912
113,11.200224,8.6650280681158
114,11.300226,8.898977233553051
115,11.400228,8.965542801579238
116,11.50023,8.921012371762293
117,11.600232,9.1871779235501
118,11.700234,8.955522397223307
119,11.800236,9.301787019580946
120,11.900238,9.36242243278181
121,12.00024,9.326270188664672
122,12.100242,9.213402000475334
123,12.200244000000001,9.382615883153203
124,12.300246000000001,9.369017701408373
125,12.400248,9.727468174463178
126,12.50025,9.64799418271551
127,12.600252000000001,9.687289714180817
128,12.700254000000001,9.504832556594062
129,12.800256,9.722014183644228
130,12.900258,9.177554654385625
131,13.00026,9.184072744824721
132,13.100262,9.212605868104133
133,13.200264,9.3360985795754
134,13.300265999999999,9.72250647495379
135,13.400268,9.300149378630676
136,13.50027,9.29242724330355
137,13.600272,9.719372822026967
138,13.700274,9.437783002762902
139,13.800276,9.611631318384095
140,13.900278,9.482783423994322
141,14.00028,9.643280331145986
142,14.100282000000002,9.411547030024117
143,14.200284,9.260944176475471
144,14.300286,9.452809594871741
145,14.400288,9.591722437561483
146,14.500290000000001,9.415775347489834
147,14.600292,9.45259783614075
148,14.700294,9.48475265178611
149,14.800296,9.439289467538838
150,14.900298000000001,9.6132215178846
151,15.000300000000001,9.734480820655577
152,15.100302,9.41989749424025
153,15.200304000000001,9.50152018658194
154,15.300306,9.701614751073963
155,15.400308,9.444498725265401
156,15.500309999999999,9.671735804105502
157,15.600312,9.744514057968306
158,15.700314,9.33534003312658
159,15.800316,9.21454947692997
160,15.900318,9.48047653603347
161,16.00032,9.471145865185031
162,16.100322,9.571129620752286
163,16.200324000000002,9.76395793287452
164,16.300326000000002,9.699269985160246
165,16.400328000000002,9.687881246536739
166,16.50033,9.1793396445207
167,16.600332,9.155152717861643
168,16.700333999999998,9.38952961298725
169,16.800335999999998,9.324398273982524
170,16.900338,9.14977825617882
171,17.00034,9.247054426232822
172,17.100342,9.24092139350662
173,17.200344,9.607106430298362
174,17.300346,9.418743197294502
175,17.400348,9.321349176835668
176,17.50035,9.549154469189098
177,17.600351999999997,9.3765438886285
178,17.700354,9.444796890376567
179,17.800356,9.472341869762891
180,17.900358,9.686682097790946
181,18.00036,9.589271185060252
182,18.100362,9.150485519166477
183,18.200364,9.21158194478586
184,18.300366,9.299299293169753
185,18.400368,9.277918737378156
186,18.50037,9.493209434525653
187,18.600372,9.314288442679285
188,18.700374,9.315276533524843
189,18.800376,9.023173319187064
190,18.900378,9.31671337171914
191,19.00038,9.105568482513064
192,19.100382,9.060079160209536
193,19.200384000000003,9.415787112532707
194,19.300386,9.132050782203878
195,19.400388,9.356410807334344
196,19.50039,9.032264804765566
197,19.600392,9.45034358005868
198,19.700394,9.495467020084076
199,19.800396,9.249102275077853
200,19.900398000000003,9.430072115671877
201,20.000400000000003,9.575201627536082
202,20.100402000000003,9.520235753914577
203,20.200404,9.42479734565309
204,20.300406,9.5739474457589
205,20.400408,9.571475821224299
206,20.50041,9.390698828826137
207,20.600412,9.408246253048345
208,20.700414000000002,9.464617820142015
209,20.800416000000002,9.258702705660323
210,20.900418000000002,9.768456589225211
211,21.000420000000002,9.398434597724808
212,21.100422,9.466769323582625
213,21.200423999999998,9.769964175637673
214,21.300425999999998,9.61157431103326
215,21.400428,9.646076711436043
216,21.50043,9.329494841311908
217,21.600432,9.616632086714302
218,21.700434,9.585053852373635
219,21.800436,9.547663818879752
220,21.900438,9.40146017456757
221,22.000439999999998,9.108782659070693
222,22.100441999999997,9.262424911509664
223,22.200444,9.174657144097349
224,22.300446,9.43574542740483
225,22.400448,9.116029656545138
226,22.50045,9.446488470733172
227,22.600452,9.216562702893018
228,22.700454,9.048726099253875
229,22.800456,8.89681533146701
230,22.900458,9.181829293830868
231,23.00046,9.777484402165726
232,23.100462,9.888639197208933
233,23.200464,9.829795181105279
234,23.300466,9.503416750133319
235,23.400468,9.25247115814355
236,23.50047,9.377611322088665
237,23.600472,9.16511220311589
238,23.700474000000003,9.203127584407577
239,23.800476,9.732779804078373
240,23.900478,9.766512320056627
241,24.00048,9.375761847422254
242,24.100482,9.202120909362062
243,24.200484,9.416357033051133
244,24.300486,9.694912877456568
245,24.400488000000003,9.373136757308249
246,24.500490000000003,9.743149062573377
247,24.600492000000003,9.52170492917305
248,24.700494,9.333748655659186
249,24.800496,9.353236379155867
250,24.900498,9.099638778575398
251,25.0005,9.400686666011685
252,25.100502,9.196601103935752
253,25.200504000000002,9.390334752610901
254,25.300506000000002,9.251158162751667
255,25.400508000000002,9.271924659702533
256,25.500510000000002,9.321660325549042
257,25.600512,9.27547306952641
258,25.700514,9.43321281154506
259,25.800516,9.005720224131805
260,25.900518,9.383880027824116
261,26.00052,9.434972279764187
262,26.100522,9.541488216362067
263,26.200524,9.412350238034126
264,26.300526,9.365604299508822
265,26.400528,9.595079506876832
266,26.500529999999998,9.223323799003866
267,26.600531999999998,9.365072166563563
268,26.700534,9.42717042411932
269,26.800536,9.231944841821027
270,26.900538,9.633671174320968
271,27.00054,9.576815634940317
272,27.100542,9.758555713197882
273,27.200544,9.50657021348324
274,27.300546,9.576025739515618
275,27.400548,9.497753463917563
276,27.50055,9.618852048636612
277,27.600552,9.640734064008136
278,27.700554,9.567485259331074
279,27.800556,9.743075058611273
280,27.900558,9.451955736301553
281,28.00056,9.508666625302782
282,28.100562,9.840909586295375
283,28.200564000000004,9.467906069918994
284,28.300566,9.84743247574127
285,28.400568,9.155913361482106
286,28.50057,9.662052783792848
287,28.600572,9.547374452619175
288,28.700574,9.807293591245097
289,28.800576,9.434618539268529
290,28.900578000000003,9.603430135209848
291,29.000580000000003,9.432952318119915
292,29.100582000000003,9.559984003669372
293,29.200584,9.541018770939635
294,29.300586,9.295528459925801
295,29.400588,9.66109796757247
296,29.50059,9.571959902040154
297,29.600592,9.172378858443569
298,29.700594000000002,9.281158166219669
299,29.800596000000002,9.244246518115833
300,29.900598000000002,9.19853401479543
301,30.000600000000002,9.546097694148223
302,30.100602,9.394351133794116
303,30.200604,9.284300255188068
304,30.300606,9.684163243858848
305,30.400608000000002,9.356037565007238
306,30.50061,9.000652958025082
307,30.600612,9.266114048509225
308,30.700614,9.507167109945266
309,30.800616,9.400929601940687
310,30.900618,9.725074590689761
311,31.000619999999998,9.543916982176905
312,31.100621999999998,9.90119665660156
313,31.200624,9.65830398729826
314,31.300626,9.437104229604707
315,31.400628,9.340741312185429
316,31.50063,9.323734067985889
317,31.600632,9.507578923278441
318,31.700634,9.439687620655034
319,31.800636,9.551197359256463
320,31.900638,9.395519050448383
321,32.00064,9.399108148623055
322,32.100642,9.234029625485963
323,32.200644,8.76859817859402
324,32.300646,9.289385803727749
325,32.400648000000004,9.501390534520413
326,32.50065,9.30153745820594
327,32.600652000000004,9.836927164528618
328,32.700654,9.601634594919737
329,32.800656000000004,9.84194987427464
330,32.900658,9.843941262899412
331,33.00066,9.756684949493089
332,33.10066200000001,9.479747152092184
333,33.200664,9.722025291072482
334,33.300666,9.737994263572224
335,33.400667999999996,9.58532404325292
336,33.50067,9.663507064266383
337,33.600671999999996,9.735672376251127
338,33.700674,9.515371700496704
339,33.800676,9.36730322012462
340,33.900678,9.755661765795814
341,34.00068,9.819091167443645
342,34.100682,9.385993798319594
343,34.200684,9.63545971691341
344,34.300686,9.410345630121478
345,34.400688,9.183475202141961
346,34.500690000000006,9.080938290953446
347,34.600692,9.371049090077433
348,34.700694000000006,9.667217569914037
349,34.800696,9.302582258834486
350,34.900698000000006,9.23148384613453
351,35.0007,9.588677632442119
352,35.100702,9.38533886434006
353,35.200703999999995,9.232633719567415
354,35.300706,9.151350257377844
355,35.400708,9.483205394982404
356,35.50071,9.508055946433158
357,35.600712,9.395513734504698
358,35.700714,9.626292151449993
359,35.800716,9.295933385890299
360,35.900718,9.06436142195919
361,36.00072,9.232586709679518
362,36.100722000000005,9.395858779120148
363,36.200724,9.317265762430461
364,36.300726000000004,9.175882944387222
365,36.400728,9.071272819623578
366,36.500730000000004,9.230798213263506
367,36.600732,9.317296380666418
368,36.700734000000004,9.228085939460067
369,36.800736,9.1024477409571
370,36.900738,9.384189015256274
371,37.00074,9.094509969609295
372,37.100742,9.022718650366311
373,37.200744,8.970811970553232
374,37.300746,9.181051121272427
375,37.400748,9.356987272677484
376,37.50075,9.131803357745001
377,37.600752,9.302056846640971
378,37.700754,9.069216826294037
379,37.800756,8.95796401073853
380,37.900758,8.937518358380043
381,38.00076,9.148294696275109
382,38.100762,8.766373921000271
383,38.200764,8.824735484833496
384,38.300766,9.005946418892192
385,38.40076800000001,8.659956882939493
386,38.50077,8.4964557496494
387,38.600772,8.635655526189986
388,38.700773999999996,8.753428122813233
389,38.800776,8.638584404955571
390,38.900777999999995,8.462280541814849
391,39.00078,8.720461295913632
392,39.100782,8.635890522465886
393,39.200784,8.976509910005264
394,39.300786,8.615841502262933
395,39.400788,8.818568054331296
396,39.50079,8.860449730751128
397,39.600792,8.800679365255334
398,39.700794,9.116030534286987
399,39.800796000000005,8.990618274999916
400,39.900798,8.797175381466204
401,40.000800000000005,8.899164973686092
402,40.100802,8.69732757403601
403,40.200804000000005,8.822715348086355
404,40.300806,8.620134696650938
405,40.400808,8.707474671161355
406,40.500809999999994,8.91092727322489
407,40.600812,8.714836070733618
408,40.700814,8.742580078299186
409,40.800816,8.617223969977877
410,40.900818,8.770488602316586
411,41.00082,8.662326698252713
412,41.100822,8.95382743862035
413,41.200824,8.981015548910264
414,41.300826,8.893246430299396
415,41.400828000000004,8.93727202699521
416,41.50083,8.874338418450384
417,41.600832000000004,8.958080413528624
418,41.700834,8.668019397034103
419,41.800836000000004,8.96602294194563
420,41.900838,8.73145625366749
421,42.000840000000004,8.966739899016378
422,42.10084200000001,8.897075809715869
423,42.200844,8.94690153873686
424,42.300846,8.797819196028708
425,42.400847999999996,8.777079366658551
426,42.50085,8.759026002024742
427,42.600851999999996,8.791697322306781
428,42.700854,8.907354805642797
429,42.800856,8.954535186862794
430,42.900858,8.928606093843054
431,43.00086,8.778687964014775
432,43.100862,8.910582888026022
433,43.200864,9.003497925684378
434,43.300866,8.65088008817756
435,43.400868,8.84174886606608
436,43.500870000000006,9.203211229254466
437,43.600872,9.041900416404449
438,43.700874000000006,9.1589732947329
439,43.800876,9.049533812277263
440,43.900878000000006,9.157225706861295
441,44.000879999999995,8.964625476195394
442,44.100882,9.42902159957018
443,44.200883999999995,9.248165560971675
444,44.300886,9.41492054507132
445,44.400888,9.141246287285487
446,44.50089,8.951957410338201
447,44.600892,9.163070621133178
448,44.700894,9.029908462784825
449,44.800896,9.283003398179762
450,44.900898,9.251195070674935
451,45.0009,9.230363260911481
452,45.100902000000005,9.375566112515607
453,45.200904,9.278822597309471
454,45.300906000000005,9.26506023478407
455,45.400908,9.578883443123406
456,45.500910000000005,9.08077310052858
457,45.600912,8.931136563841362
458,45.700914000000004,8.90682461955069
459,45.800916,8.755152306726552
460,45.900918,8.868082524821157
461,46.00092,8.799737195987998
462,46.100922,8.721741512074471
463,46.200924,9.002709443873307
464,46.300926,9.206318886964139
465,46.400928,8.921115562629701
466,46.50093,9.051160888367466
467,46.600932,9.096160350321284
468,46.700934000000004,8.91284009074457
469,46.800936,8.859234922186328
470,46.900938000000004,9.259493219093937
471,47.00094,9.120168799543919
472,47.100942,9.230449578204567
473,47.200944,9.210815973262845
474,47.300946,9.385252346243067
475,47.40094800000001,9.059771042107075
476,47.50095,8.63223999358146
477,47.600952,9.072111688735703
478,47.700953999999996,8.884136053317544
479,47.800956,9.132637604728199
480,47.900957999999996,9.272860333511808
481,48.00096,8.880352714643887
482,48.100962,8.781672485055935
483,48.200964,9.129003506723794
484,48.300966,8.973404039887761
485,48.400968,8.88587428506538
486,48.50097,8.967834453146585
487,48.600972,9.10226510877091
488,48.700974,8.975978130826128
489,48.800976000000006,9.062489249596826
490,48.900978,8.764308459867792
491,49.000980000000006,8.889389078943063
492,49.100982,8.947727881070126
493,49.200984000000005,8.946142973173485
494,49.300986,9.262215602378468
495,49.400988,9.324260365737764
496,49.500989999999994,9.58971707921573
497,49.600992,9.190844927622242
498,49.700994,9.055408881097959
499,49.800996,9.295387164488744
500,49.900998,9.563187739440167
501,50.001,9.548390672856407
502,50.101002,9.298119448212734
503,50.201004,9.194172246196786
504,50.301006,9.436105819945013
505,50.401008000000004,9.212594973530429
506,50.50101,9.682193531807862
507,50.601012000000004,9.210704090368276
508,50.701014,9.5790435747775
509,50.801016000000004,9.335072318617046
510,50.901018,9.453752777555497
511,51.001020000000004,9.267902103233075
512,51.10102200000001,9.407770109355567
513,51.201024,9.353927142392827
514,51.301026,9.463342288240282
515,51.401028,9.568750989715848
516,51.50103,9.324025023260551
517,51.601032,9.77802300908422
518,51.701034,9.59947651109555
519,51.801036,9.394207125744895
520,51.901038,9.317048173554051
521,52.00104,9.028744742113751
522,52.101042,9.746023414244274
523,52.201044,9.504759644167462
524,52.301046,9.428390835272628
525,52.401048,9.482994206629996
526,52.501050000000006,9.279210967340852
527,52.601052,9.500686102072432
528,52.701054000000006,9.618826448605223
529,52.801056,9.336157997571032
530,52.901058000000006,9.516660872813162
531,53.001059999999995,9.120836643944752
532,53.101062,9.520596676636474
533,53.201063999999995,9.577939147437025
534,53.301066,9.36192581539966
535,53.401068,9.33194773690804
536,53.50107,9.703362428706788
537,53.601072,9.314088225407854
538,53.701074,9.346842042063631
539,53.801076,9.284172228567236
540,53.901078,9.595051425696472
541,54.00108,9.305330007651783
542,54.101082000000005,9.490039698532952
543,54.201084,9.544584077632761
544,54.301086000000005,9.234541039832333
545,54.401088,9.576901674679224
546,54.501090000000005,9.290817763443435
547,54.601092,9.760960509290925
548,54.701094000000005,9.505116648178051
549,54.801096,9.458886011421292
550,54.901098,9.214623000676738
551,55.0011,9.311343339104685
552,55.101102,9.194231839058556
553,55.201104,9.391150093155925
554,55.301106,9.149130513395388
555,55.401108,9.304613449950587
556,55.50111,9.255856412486333
557,55.601112,9.190405793352367
558,55.701114000000004,9.484562675735065
559,55.801116,9.422029586548122
560,55.901118000000004,9.660195890653249
561,56.00112,9.485341538040943
562,56.101122000000004,9.42852997073438
563,56.201124,9.24030561481407
564,56.301126000000004,10.00579095717681
565,56.40112800000001,9.70210584917992
566,56.50113,9.836095090249934
567,56.601132,9.8748079732146
568,56.701133999999996,9.971636269148618
569,56.801136,9.637628582321577
570,56.901137999999996,9.53199553950189
571,57.00114,9.89687795923661
572,57.101142,9.674184953423692
573,57.201144,9.520112072375094
574,57.301146,9.393997801536143
575,57.401148,9.78732367583392
576,57.50115,9.698025052776094
577,57.601152,9.59409573162924
578,57.701154,9.468486055073255
579,57.801156000000006,9.531247341595273
580,57.901158,9.31777781922995
581,58.001160000000006,9.521211242633292
582,58.101162,9.650513173701565
583,58.201164000000006,9.49166320836494
584,58.301166,9.488788327400181
585,58.401168,9.603032688995397
586,58.501169999999995,9.559173125051043
587,58.601172,9.557088143427261
588,58.701174,9.619604315085699
589,58.801176,9.516548407997169
590,58.901178,9.405654517499327
591,59.00118,9.772234888119819
592,59.101182,9.504770321933176
593,59.201184,9.93614332360035
594,59.301186,9.49909008772955
595,59.401188000000005,9.535110756764015
596,59.50119,9.442753537273758
597,59.601192000000005,9.648415647412099
598,59.701194,9.538549130764077
599,59.801196000000004,9.496010430400903
600,59.901198,9.422941074149241
601,60.001200000000004,9.552362150481063
602,60.10120200000001,8.71847723506639
603,60.201204,9.540577982058997
604,60.301206,9.067195732331957
605,60.401208,8.81865082878853
606,60.50121,8.975540714661964
607,60.601212,9.277850187161953
608,60.701214,9.606273731165132
609,60.801216000000004,8.950237772479419
610,60.901218,9.526529970781901
611,61.00122,9.311087629921253
612,61.101222,9.104532114544359
613,61.201224,9.116787811375392
614,61.301226,9.37641148837391
615,61.401228,9.486829651578448
616,61.50123000000001,8.51367963468579
617,61.601232,9.454796642255998
618,61.70123400000001,9.723836426560506
619,61.801236,8.761174134917866
620,61.901238000000006,8.998541322341945
621,62.001239999999996,8.811468106460804
622,62.101242,8.650432860770591
623,62.201243999999996,8.563569461087951
624,62.301246,8.160772765655258
625,62.401248,8.259110326100307
626,62.50125,8.548202819271735
627,62.601252,8.963791174797734
628,62.701254,8.824400682979489
629,62.801256,8.52502964332268
630,62.901258,8.429502121951549
631,63.00126,8.788282094323323
632,63.101262000000006,8.769879543328953
633,63.201264,8.900027540838446
634,63.301266000000005,8.772079326180886
635,63.401268,8.153081471861663
636,63.501270000000005,8.592098152816495
637,63.601272,9.017778194475717
638,63.701274000000005,8.922602025988738
639,63.801276,8.648726796035865
640,63.901278,8.692034785292845
641,64.00128,8.554860830600262
642,64.101282,7.67783167898718
643,64.201284,7.727127655968866
644,64.301286,7.755721145838403
645,64.401288,8.204444797523196
646,64.50129,8.046571915420285
647,64.601292,7.8847927770209685
648,64.701294,8.002228558887595
649,64.80129600000001,8.6539166405963
650,64.901298,7.76559910553771
651,65.0013,7.576934806691255
652,65.101302,7.748915614606143
653,65.20130400000001,8.777133134377992
654,65.30130600000001,8.374943129690372
655,65.401308,8.356951823174468
656,65.50131,8.362571708278033
657,65.60131200000001,8.514787848144916
658,65.701314,8.574451810131105
659,65.801316,8.911167860355949
660,65.901318,8.568675217809782
661,66.00132,8.730369200540062
662,66.101322,8.676226380407034
663,66.20132400000001,8.355869863349266
664,66.301326,7.472487661382432
665,66.401328,7.59413535183373
666,66.50133,7.903640491731987
667,66.601332,7.897172965646641
668,66.701334,7.488011083496271
669,66.80133599999999,7.56082138195105
670,66.90133800000001,7.049152645527681
671,67.00134,7.396202587183402
672,67.101342,7.361453340510644
673,67.20134399999999,6.964737067833901
674,67.30134600000001,6.954147118196265
675,67.401348,7.43579447289507
676,67.50135,6.36082281542861
677,67.601352,6.704423446709274
678,67.70135400000001,8.326630463965671
679,67.801356,7.368845371815517
680,67.901358,8.345295952445507
681,68.00136,7.680877405433244
682,68.10136200000001,7.978872159677448
683,68.201364,7.316712679524056
684,68.301366,6.885200063377672
685,68.401368,6.8074536291425485
686,68.50137,6.51075167586542
687,68.601372,7.015569985449169
688,68.701374,7.0230208970851855
689,68.801376,7.685155205050606
690,68.901378,8.540557687066247
691,69.00138000000001,8.082318983895039
692,69.101382,8.775456210247002
693,69.201384,8.691075745655954
694,69.301386,9.610459271861005
695,69.40138800000001,8.574005356314407
696,69.50139,7.1751832586422655
697,69.601392,7.942782211981462
698,69.701394,7.158307378505078
699,69.80139600000001,6.773799912501917
700,69.901398,7.932888191112254
701,70.0014,8.100127894518529
702,70.10140200000001,7.71233937242036
703,70.201404,7.350863188175135
704,70.301406,7.084989082450892
705,70.40140799999999,7.882958334062965
706,70.50141,7.978170195813818
707,70.601412,7.837268017061958
708,70.701414,7.461981258763492
709,70.801416,7.472536603771798
710,70.901418,7.833498082285401
711,71.00142,8.50949017763204
712,71.101422,7.884422387464721
713,71.201424,8.088068994319482
714,71.301426,8.28926096821284
715,71.401428,8.42592705398121
716,71.50143000000001,7.596068409494581
717,71.601432,7.45023276211251
718,71.701434,7.0714882009919835
719,71.801436,7.672012645708976
720,71.901438,8.882332615156011
721,72.00144,8.101242391490317
722,72.10144199999999,8.180841449281171
723,72.20144400000001,8.724564638826102
724,72.301446,8.460033783139355
725,72.401448,8.825744380612598
726,72.50144999999999,8.208316770051361
727,72.60145200000001,8.09554128224424
728,72.701454,7.74967476551532
729,72.801456,8.193630550717709
730,72.901458,8.644155234810462
731,73.00146000000001,9.129195822342645
732,73.101462,8.129330642103751
733,73.201464,8.853531406844262
734,73.301466,8.71189901193012
735,73.40146800000001,8.974603397009183
736,73.50147,8.12027744408092
737,73.601472,8.620557038260726
738,73.701474,8.934533750416488
739,73.801476,8.434624427268993
740,73.901478,8.928251463855068
741,74.00148,9.575789311814683
742,74.101482,8.143427098309633
743,74.201484,8.046565093998467
744,74.30148600000001,8.259457046782789
745,74.401488,7.7935933749333675
746,74.50149,7.503022140445529
747,74.601492,7.353415421067252
748,74.70149400000001,7.554190624923811
749,74.801496,7.607821070802888
750,74.901498,7.596975352396076
751,75.0015,7.832033835845943
752,75.10150200000001,7.087316613611133
753,75.201504,6.976655301803873
754,75.301506,6.76551447245151
755,75.401508,6.892251959051482
756,75.50151,6.839131758362901
757,75.601512,6.982600723770219
758,75.70151399999999,6.739870456068528
759,75.801516,6.594708653845737
760,75.901518,6.684933148689468
761,76.00152,6.8506501859639455
762,76.101522,6.488339137110449
763,76.201524,6.6706956916808595
764,76.301526,6.525304092390849
765,76.401528,6.683465313303415
766,76.50153,6.725549258260262
767,76.601532,6.770378895743957
768,76.701534,6.3672730171483165
769,76.80153600000001,6.806399355605576
770,76.901538,6.631898405915664
771,77.00154,6.716267599533565
772,77.101542,6.754188251367814
773,77.201544,7.0402021529478995
774,77.301546,6.884526325173982
775,77.40154799999999,6.521141882115823
776,77.50155000000001,7.04338201986636
777,77.601552,6.733162078444828
778,77.701554,6.556708578275368
779,77.80155599999999,6.824419493902632
780,77.90155800000001,6.752291602900042
781,78.00156,6.497397563023148
782,78.101562,7.03418495408827
783,78.201564,6.804272752094475
784,78.30156600000001,6.581990547729896
785,78.401568,7.458570211985262
786,78.50157,8.205649327302263
787,78.601572,7.094485222078912
788,78.70157400000001,6.724644685419778
789,78.801576,7.424318976790077
790,78.90157800000001,7.304953343711996
791,79.00158,7.2418842906137995
792,79.101582,7.407759206900879
793,79.201584,7.921001642203291
794,79.301586,8.89522378222365
795,79.401588,8.680387889167587
796,79.50159,7.890851626297025
797,79.60159200000001,7.796407091444955
798,79.701594,7.857672383611392
799,79.801596,7.877571982273675
800,79.90159799999999,7.910613492997841
801,80.00160000000001,8.427031371219167
802,80.101602,7.953085637976222
803,80.201604,7.995266413370278
804,80.301606,8.130886044124894
805,80.40160800000001,8.097988284936182
806,80.50161,8.005734511623789
807,80.601612,7.522260812514601
808,80.701614,8.318613381016185
809,80.801616,8.045855379113863
810,80.901618,8.12716063087253
811,81.00161999999999,8.085313434363771
812,81.101622,7.791349362485778
813,81.201624,7.691782675829631
814,81.301626,7.6392451909917
815,81.401628,7.27224274724351
816,81.50163,7.610354341681175
817,81.601632,7.761588803201016
818,81.701634,8.167008002913496
819,81.801636,6.996981702351012
820,81.901638,7.8122228596509435
821,82.00164,7.0490493003879315
822,82.10164200000001,6.753543056578058
823,82.201644,7.047955526863895
824,82.301646,6.9361573594074635
825,82.401648,7.041666919514704
826,82.50165000000001,6.587383110988569
827,82.601652,6.97720788801187
828,82.70165399999999,6.974374533566285
829,82.80165600000001,7.91623567216515
830,82.901658,7.661895796501846
831,83.00166,7.540680363860373
832,83.10166199999999,7.833851001672147
833,83.20166400000001,8.197230298201758
834,83.301666,8.460673241399242
835,83.401668,8.798638379008853
836,83.50167,8.213390002363182
837,83.60167200000001,8.18299538630531
838,83.701674,8.88840396618998
839,83.801676,8.674263768743009
840,83.901678,8.815418955536465
841,84.00168000000001,8.23666237618787
842,84.101682,9.09756127128406
843,84.20168400000001,7.6141506859777275
844,84.301686,8.544359529792608
845,84.401688,9.35174160389207
846,84.50169,8.33829711056552
847,84.601692,8.425925659517633
848,84.701694,8.191062393416866
849,84.80169599999999,8.306403268456915
850,84.90169800000001,8.843700099217566
851,85.0017,9.507268664722286
852,85.101702,9.48794693834775
853,85.20170399999999,9.719040822466473
854,85.30170600000001,9.624852389296239
855,85.401708,8.947349183243183
856,85.50171,7.877643945777411
857,85.601712,8.21243002062765
858,85.70171400000001,8.55503857894573
859,85.801716,7.927130071937267
860,85.901718,7.473354512022417
861,86.00172,8.079431666358731
862,86.10172200000001,7.906870384658488
863,86.201724,7.138519392472487
864,86.301726,7.933795806830342
865,86.401728,7.277702756784779
866,86.50173,7.687329087215761
867,86.601732,7.1610392961567975
868,86.701734,6.998424403618572
869,86.801736,6.899250833231184
870,86.901738,7.116922647410165
871,87.00174000000001,6.710402497706939
872,87.101742,6.850559014269286
873,87.201744,7.685200981742839
874,87.301746,6.711827237020387
875,87.40174800000001,6.355369264426123
876,87.50175,6.292493787293485
877,87.601752,7.203076985989224
878,87.701754,7.54836567477225
879,87.80175600000001,7.154044075377451
880,87.901758,6.941998369124229
881,88.00175999999999,7.114641805954256
882,88.10176200000001,7.7822558660518
883,88.201764,7.680109866959319
884,88.301766,8.484187030801227
885,88.40176799999999,7.885585242056163
886,88.50177000000001,7.1982929118166865
887,88.601772,7.231737429335691
888,88.701774,8.412805386074517
889,88.801776,7.603845918240305
890,88.90177800000001,7.55533731713687
891,89.00178,7.956832317389904
892,89.101782,7.395037205814781
893,89.201784,7.922363364029837
894,89.301786,8.503507794781006
895,89.401788,8.877708496374872
896,89.50179000000001,8.336835314873547
897,89.601792,8.689948965052071
898,89.701794,7.942855463735421
899,89.801796,8.786063306463404
900,89.901798,8.37978440708551
901,90.0018,8.98386723046015
902,90.10180199999999,8.381789328958261
903,90.20180400000001,8.07893795592534
904,90.301806,8.576841154815918
905,90.401808,8.598528066942661
906,90.50180999999999,7.723367131592454
907,90.60181200000001,8.773594672626034
908,90.701814,9.228845797585182
909,90.801816,8.977813063087112
910,90.901818,9.190124720481188
911,91.00182000000001,9.504722015357565
912,91.101822,8.958065346636472
913,91.201824,8.801987651751984
914,91.301826,8.987968942538364
915,91.40182800000001,8.488154016985751
916,91.50183,8.132590555614486
917,91.601832,8.810233562915524
918,91.701834,9.128869410345084
919,91.801836,9.225179981610568
920,91.901838,9.247160013828031
921,92.00184,8.739676688469926
922,92.101842,8.774007299085254
923,92.201844,8.478089308301717
924,92.30184600000001,8.392550367182231
925,92.401848,8.499555540356107
926,92.50185,8.348798160598468
927,92.601852,8.184526941366785
928,92.70185400000001,8.625281695235598
929,92.801856,9.271814583725746
930,92.901858,9.073093779393668
931,93.00186,9.117819788005423
932,93.10186200000001,9.31773913576535
933,93.201864,9.83798322126084
934,93.301866,9.776483607678124
935,93.40186800000001,9.789368354510966
936,93.50187,9.718668157907757
937,93.601872,9.614521825710796
938,93.70187399999999,9.534279967669518
939,93.80187600000001,9.362053373087509
940,93.901878,9.43912215370407
941,94.00188,9.84949371225305
942,94.101882,9.82082740399417
943,94.201884,9.493383102239239
944,94.301886,9.603460477904541
945,94.401888,9.64970937685406
946,94.50189,9.392113268528082
947,94.601892,9.107711956093917
948,94.701894,9.365335699077637
949,94.80189600000001,9.582185621124665
950,94.901898,9.29646711249184
951,95.0019,8.715029652431024
952,95.101902,9.393243844009403
953,95.201904,9.20685912759425
954,95.301906,9.694592518924825
955,95.40190799999999,9.550250537094126
956,95.50191000000001,9.331968384841652
957,95.601912,9.361962998838735
958,95.701914,9.45241399596715
959,95.80191599999999,9.631630773717472
960,95.90191800000001,9.892660007877208
961,96.00192,9.994136738831939
962,96.101922,9.963323992691443
963,96.201924,9.711347571138043
964,96.30192600000001,9.40786831092465
965,96.401928,9.274005247293347
966,96.50193,9.403140163692244
967,96.601932,8.848426630047843
968,96.70193400000001,8.77961443370218
969,96.801936,8.970228443656742
970,96.90193800000002,9.331155305408167
971,97.00194,9.402622678386074
972,97.101942,9.40097509783839
973,97.201944,9.755668304242707
974,97.301946,9.653123662403948
975,97.401948,9.012169964624569
976,97.50195,9.300239807156418
977,97.60195200000001,9.290455615903776
978,97.701954,9.279683676851606
979,97.801956,9.580549782575048
980,97.901958,9.436916982194028
981,98.00196000000001,9.643279788834196
982,98.101962,9.759351336823702
983,98.201964,9.56424513764854
984,98.30196600000001,9.90369322629072
985,98.40196800000001,9.711583325141454
986,98.50197,9.534582024832392
987,98.601972,9.779739942113762
988,98.701974,9.441917202084362
989,98.801976,9.22502338718835
990,98.901978,9.47918071697382
991,99.00197999999999,9.534929314990595
992,99.101982,9.8848284793444
993,99.201984,9.051923498388804
994,99.301986,9.334035177638652
995,99.401988,9.598168167815095
996,99.50199,9.495423812095773
997,99.601992,9.463949375604463
998,99.701994,9.638441982271827
999,99.801996,9.764676399930602
1000,99.901998,9.859522474595147
1001,100.002,9.320487903358162
1002,100.10200200000001,9.815467673446058
1003,100.202004,9.380186986764247
1004,100.302006,9.777118697570835
1005,100.402008,9.485016571773084
1006,100.50201000000001,9.976423904575206
1007,100.602012,9.908076894157418
1008,100.70201399999999,9.482725792101721
1009,100.80201600000001,9.68790749632129
1010,100.902018,9.858363620323779
1011,101.00202,9.707340138780719
1012,101.10202199999999,9.668986871284593
1013,101.20202400000001,10.100226415457747
1014,101.302026,9.698882039844115
1015,101.402028,9.132722596811705
1016,101.50203,9.252061050779686
1017,101.60203200000001,9.964339814967284
1018,101.702034,9.857410526782683
1019,101.802036,9.68194844282806
1020,101.902038,9.753642876411405
1021,102.00204000000001,10.136335142838508
1022,102.102042,9.844509823501097
1023,102.20204400000001,10.08248313522162
1024,102.302046,9.854296448292331
1025,102.402048,9.673004141442235
1026,102.50205,9.872013730677574
1027,102.602052,9.73360967074915
1028,102.702054,9.80660522968677
1029,102.802056,9.663861963346411
1030,102.90205800000001,9.667456279909846
1031,103.00206,9.645859666768695
1032,103.102062,9.84494569175524
1033,103.202064,9.369828913690812
1034,103.30206600000001,9.292073705376833
1035,103.402068,9.268025605083666
1036,103.50207,9.575468907982184
1037,103.602072,9.745744176300642
1038,103.70207400000001,9.3425068767328
1039,103.802076,9.607614674008722
1040,103.902078,9.40528103110536
1041,104.00208,9.521079305312668
1042,104.10208200000001,9.313976339469434
1043,104.202084,9.533681033462676
1044,104.302086,9.328149354191206
1045,104.402088,9.335619782312577
1046,104.50209,9.575832825089686
1047,104.602092,9.440487022914706
1048,104.702094,9.883263294399358
1049,104.802096,9.25440140636966
1050,104.902098,9.747247850507579
1051,105.00210000000001,9.451141050395245
1052,105.102102,9.485896036520323
1053,105.202104,9.721265085337848
1054,105.302106,9.802525812838683
1055,105.40210800000001,9.585947720422983
1056,105.50211,9.375249080864627
1057,105.602112,9.4935455701158
1058,105.702114,9.546918370044507
1059,105.80211600000001,9.63646281463987
1060,105.902118,9.546269964057565
1061,106.00211999999999,9.445832264065306
1062,106.10212200000001,9.469436478418718
1063,106.202124,9.722226563982549
1064,106.302126,9.596519524815452
1065,106.40212799999999,9.415599788103926
1066,106.50213000000001,9.558780097180769
1067,106.602132,9.311767821086143
1068,106.702134,9.608482891389803
1069,106.802136,9.55616804157011
1070,106.90213800000001,9.526977709938166
1071,107.00214,9.61113551079467
1072,107.102142,9.435868333361036
1073,107.202144,9.743115524428038
1074,107.30214600000001,9.470833210177389
1075,107.402148,9.491307877827879
1076,107.50215000000001,9.30778497494321
1077,107.602152,9.282468927814174
1078,107.702154,9.521658675434287
1079,107.802156,9.516643238964049
1080,107.902158,9.514400462618044
1081,108.00216,9.374044960995414
1082,108.10216199999999,9.515184575522737
1083,108.20216400000001,9.377621282513942
1084,108.302166,9.759461056551116
1085,108.402168,9.36433716960631
1086,108.50216999999999,9.45346597764316
1087,108.60217200000001,9.363374832838426
1088,108.702174,9.231662237936694
1089,108.802176,9.501018461217397
1090,108.902178,9.49897260747072
1091,109.00218000000001,9.72500170322201
1092,109.102182,9.765072859569486
1093,109.202184,9.51262257467723
1094,109.302186,9.66414786688795
1095,109.40218800000001,9.746166248993301
1096,109.50219,9.934835645761876
1097,109.602192,9.52312239113763
1098,109.702194,9.86467309639757
1099,109.802196,9.621049030729834
1100,109.902198,10.057181730448288
1101,110.0022,9.943823297538712
1102,110.102202,9.921478358106814
1103,110.202204,10.007201983230216
1104,110.30220600000001,9.673037291814204
1105,110.402208,9.556559379593851
1106,110.50221,9.429382282857263
1107,110.602212,9.681363112003039
1108,110.70221400000001,9.95634440660738
1109,110.802216,9.851924048929899
1110,110.902218,10.238653367874498
1111,111.00222,10.254033373917117
1112,111.10222200000001,9.9509488175654
1113,111.202224,10.049966817894388
1114,111.30222599999999,9.81303378177402
1115,111.40222800000001,9.892328223346166
1116,111.50223,9.868614912150395
1117,111.602232,9.877007918992414
1118,111.70223399999999,9.898367684323807
1119,111.80223600000001,9.8008865417169
1120,111.902238,9.538934987619365
1121,112.00224,9.91249059775671
1122,112.102242,9.860217777907899
1123,112.20224400000001,9.682118381244374
1124,112.302246,9.162048980692134
1125,112.402248,9.685506430553163
1126,112.50225,9.773789055633461
1127,112.60225200000001,9.781283051173125
1128,112.702254,9.803013644398641
1129,112.80225600000001,9.40787779543638
1130,112.902258,9.993693687366356
1131,113.00226,9.232758644550426
1132,113.102262,8.561219437973769
1133,113.202264,9.216276680098167
1134,113.302266,9.507644713203723
1135,113.40226799999999,9.485645398286715
1136,113.50227000000001,9.419320496968423
1137,113.602272,8.950435896683656
1138,113.702274,9.462289473944349
1139,113.80227599999999,8.8272124249153
1140,113.90227800000001,9.083979143769628
1141,114.00228,8.798147289202447
1142,114.102282,8.454430144462597
1143,114.202284,8.677146857916444
1144,114.30228600000001,8.969425255490522
1145,114.402288,8.677188464740386
1146,114.50229,9.027094669482878
1147,114.602292,8.84450714270064
1148,114.70229400000001,8.923564369568894
1149,114.802296,8.757054777426303
1150,114.902298,8.81215468886049
1151,115.0023,8.667153574815769
1152,115.102302,8.470785926251816
1153,115.202304,8.567612217297764
1154,115.302306,8.447150353690013
1155,115.402308,8.775504797719915
1156,115.50231,7.736867957109705
1157,115.60231200000001,8.462338941372794
1158,115.702314,8.415009052604196
1159,115.802316,8.69106147809502
1160,115.902318,8.92328738170264
1161,116.00232000000001,8.835826550507026
1162,116.102322,8.901315899541999
1163,116.202324,9.027809584025778
1164,116.30232600000001,8.526675421505008
1165,116.40232800000001,8.467069589711482
1166,116.50233,8.676101480058659
1167,116.602332,8.629088284711797
1168,116.70233400000001,8.418560459585244
1169,116.802336,9.033124316498409
1170,116.902338,8.529724027382144
1171,117.00233999999999,8.63749174230823
1172,117.10234200000001,8.802247987922925
1173,117.202344,8.870175648282675
1174,117.302346,8.966492869016976
1175,117.402348,8.890220804872317
1176,117.50235,8.806400341991017
1177,117.602352,8.948720570846204
1178,117.702354,9.027639639193861
1179,117.802356,8.574821319858009
1180,117.902358,8.751815108980166
1181,118.00236,8.686484314205263
1182,118.10236200000001,8.534072147814097
1183,118.202364,8.626491177290513
1184,118.302366,8.382885137559262
1185,118.402368,8.347823970316465
1186,118.50237,8.8530764200786
1187,118.602372,8.43838873966733
1188,118.70237399999999,8.335598998197291
1189,118.80237600000001,9.305982925229504
1190,118.902378,9.176447495281685
1191,119.00238,9.200399425351542
1192,119.10238199999999,9.337758023782273
1193,119.20238400000001,8.798920458194763
1194,119.302386,8.631369641319695
1195,119.402388,8.127642794946485
1196,119.50239,8.547485233492464
1197,119.60239200000001,8.034732315514928
1198,119.702394,7.888036601883066
1199,119.802396,8.054060175892328
1200,119.902398,7.9418522161428005
1201,120.00240000000001,8.185674777821179
1202,120.102402,7.870511990086669
1203,120.20240400000002,8.563850784115768
1204,120.302406,8.319942220797696
1205,120.402408,8.258048761545538
1206,120.50241,8.445671620261127
1207,120.602412,7.854904272545124
1208,120.702414,8.340831746014365
1209,120.802416,7.944037396340758
1210,120.90241800000001,7.889878290585034
1211,121.00242,7.657583432646753
1212,121.102422,7.6229026365919665
1213,121.202424,7.627868852437952
1214,121.30242600000001,8.032119458969753
1215,121.402428,8.602152470052417
1216,121.50243,8.342086973914673
1217,121.60243200000001,7.940972744603185
1218,121.70243400000001,7.374325881713131
1219,121.802436,7.249766292019248
1220,121.902438,7.34272314320371
1221,122.00244,7.309882286602601
1222,122.102442,7.461740170132505
1223,122.202444,7.758469953651672
1224,122.302446,7.590435894883985
1225,122.402448,7.501730917259119
1226,122.50245,7.460914564104502
1227,122.602452,6.993861092352089
1228,122.702454,7.538121591006742
1229,122.802456,7.365542912714309
1230,122.902458,7.530750864034388
1231,123.00246000000001,7.351546820746403
1232,123.102462,7.276873790405633
1233,123.202464,6.932308230987713
1234,123.302466,8.224354396313519
1235,123.40246800000001,8.114400501284035
1236,123.50247,7.844493304457505
1237,123.602472,7.871927151216927
1238,123.702474,7.341665595150151
1239,123.80247600000001,7.800316011709498
1240,123.902478,7.993228177979002
1241,124.00247999999999,8.155173176954392
1242,124.10248200000001,8.15878878719456
1243,124.202484,7.917663343829268
1244,124.302486,8.224519949520394
1245,124.40248799999999,8.113902113482279
1246,124.50249000000001,8.105615870786052
1247,124.602492,8.026080838152762
1248,124.702494,8.259537439341784
1249,124.802496,8.056498152124147
1250,124.90249800000001,8.03077739191638
1251,125.0025,7.9581083148786425
1252,125.102502,7.830319476279623
1253,125.202504,7.952340188353304
1254,125.30250600000001,8.156932021373514
1255,125.402508,8.296407434957903
1256,125.50251000000002,7.775537700720021
1257,125.602512,8.605613871366424
1258,125.702514,8.548420386090735
1259,125.802516,8.478758515860411
1260,125.902518,8.11490520475706
1261,126.00252,7.994455562264379
1262,126.102522,7.946121840592466
1263,126.20252400000001,7.07848539301389
1264,126.302526,7.31486486223537
1265,126.402528,6.938008132802834
1266,126.50253,7.181613262880655
1267,126.60253200000001,7.300714674773263
1268,126.702534,7.533875251187641
1269,126.802536,7.689300128817147
1270,126.902538,7.779391212763311
1271,127.00254000000001,7.288295014438379
1272,127.102542,7.473430486459865
1273,127.202544,7.418804378671424
1274,127.302546,7.277101775945497
1275,127.40254800000001,7.529832977649258
1276,127.50255,7.667677352453942
1277,127.602552,7.641917464833005
1278,127.702554,8.02630271921451
1279,127.802556,7.766409670605733
1280,127.902558,7.651959005169012
1281,128.00256,7.583948949661531
1282,128.102562,7.623772318824293
1283,128.202564,7.253295498336018
1284,128.302566,7.68361614300372
1285,128.402568,7.934341854913197
1286,128.50257000000002,7.939364584722887
1287,128.602572,8.555785665406402
1288,128.702574,8.235099730387299
1289,128.802576,7.393735870700772
1290,128.902578,7.555066952607262
1291,129.00258,7.551257035468575
1292,129.102582,7.231097779153541
1293,129.202584,7.324238722542345
1294,129.302586,6.974777800065886
1295,129.402588,7.637643948134359
1296,129.50259,7.785862915844122
1297,129.60259200000002,7.671476255785039
1298,129.702594,7.329595084689249
1299,129.802596,7.682935263320834
1300,129.902598,7.332303642571305
1301,130.0026,7.435258231938894
1302,130.102602,7.830174650924101
1303,130.202604,7.915056242922714
1304,130.302606,7.735530322023392
1305,130.40260800000001,7.576319633030922
1306,130.50261,7.652604372470989
1307,130.60261200000002,7.596699619767079
1308,130.702614,7.775253278889637
1309,130.802616,7.352351306108814
1310,130.902618,7.282095490350011
1311,131.00262,6.85564221162256
1312,131.102622,6.671865104741617
1313,131.20262400000001,6.920757760332693
1314,131.30262599999998,7.676144631017252
1315,131.402628,7.121919215069378
1316,131.50263,7.108765791355997
1317,131.602632,7.167609063784897
1318,131.702634,7.0640329251005065
1319,131.802636,6.806970275949165
1320,131.902638,6.802060907431265
1321,132.00264,7.039144050344628
1322,132.102642,7.05810523594473
1323,132.202644,7.654933823833613
1324,132.302646,7.5582908393575226
1325,132.40264800000003,7.577829556501206
1326,132.50265,7.261018197462765
1327,132.602652,7.438431801563591
1328,132.702654,7.934276695958634
1329,132.802656,8.235420094554057
1330,132.902658,8.230205874064714
1331,133.00266,8.349763203370983
1332,133.102662,8.129208752895329
1333,133.202664,7.995766413654939
1334,133.302666,8.0320653357163
1335,133.402668,8.563257835227589
1336,133.50267000000002,8.051491404233314
1337,133.60267199999998,8.101152688046637
1338,133.702674,7.962813178530377
1339,133.80267600000002,7.446986417400461
1340,133.902678,7.718016782402389
1341,134.00268,7.678032470952055
1342,134.102682,8.382000792955626
1343,134.202684,8.37174678188179
1344,134.30268600000002,8.112706094158286
1345,134.40268799999998,8.056582687579029
1346,134.50269,8.072307751664733
1347,134.60269200000002,7.958176783904188
1348,134.70269399999998,8.139050923662117
1349,134.802696,7.919984062250358
1350,134.90269800000002,7.814820263653742
1351,135.0027,7.641357153711633
1352,135.102702,7.891961025813525
1353,135.202704,8.138395016798547
1354,135.302706,7.773342197382362
1355,135.40270800000002,7.703353880525997
1356,135.50270999999998,7.9045768379042745
1357,135.602712,8.01742746498211
1358,135.70271400000001,8.28817631985694
1359,135.802716,7.79443087030633
1360,135.902718,7.737112347761606
1361,136.00272,7.152960226408424
1362,136.102722,7.491743375824662
1363,136.20272400000002,7.632500204156643
1364,136.302726,7.7654338528639455
1365,136.402728,8.128573570282354
1366,136.50273,7.641852992303948
1367,136.602732,7.426602011885737
1368,136.702734,7.920192632281673
1369,136.802736,8.153763127578433
1370,136.902738,7.28130083865782
1371,137.00274,7.54106698154289
1372,137.102742,7.1838253939165835
1373,137.202744,7.063892945191732
1374,137.302746,7.290692017869354
1375,137.402748,6.7845542416002145
1376,137.50275,7.238665599091663
1377,137.602752,7.185945112186025
1378,137.70275400000003,7.373495413781667
1379,137.802756,7.109859810558425
1380,137.902758,7.447210988371991
1381,138.00276000000002,7.484850024595084
1382,138.102762,8.029890565789524
1383,138.202764,7.739406310934581
1384,138.302766,7.600461314480684
1385,138.402768,7.8321572342937955
1386,138.50277,7.8085963615649225
1387,138.602772,7.7795125644933
1388,138.702774,7.705543942379397
1389,138.80277600000002,8.02696450752834
1390,138.90277799999998,8.041561139746662
1391,139.00278,7.437082118397979
1392,139.10278200000002,7.663857870319222
1393,139.202784,8.12923353135997
1394,139.302786,7.669638986518218
1395,139.402788,7.601745146738534
1396,139.50279,7.233407940331227
1397,139.60279200000002,7.19036415349872
1398,139.70279399999998,7.3354368530297105
1399,139.802796,7.468646497203959
1400,139.90279800000002,7.590772531118009
1401,140.0028,8.047601323910595
1402,140.102802,7.775160721225742
1403,140.20280400000001,7.797242104702261
1404,140.302806,7.758840029999695
1405,140.402808,8.324950327625634
1406,140.50281,7.561461582941777
1407,140.602812,8.029686014687965
1408,140.70281400000002,8.309943931860845
1409,140.80281599999998,8.102825075661425
1410,140.902818,7.949823377366031
1411,141.00282,8.0752660660521
1412,141.102822,7.860809128478429
1413,141.202824,7.5831791385053835
1414,141.302826,7.559028586349769
1415,141.402828,7.132592601469211
1416,141.50283000000002,7.4083759396584306
1417,141.602832,7.43064588547508
1418,141.702834,6.903413028790839
1419,141.802836,7.016423065404817
1420,141.902838,7.411270737073409
1421,142.00284,7.805599640250504
1422,142.102842,7.333413440952042
1423,142.202844,7.4597817268576225
1424,142.302846,7.492919106033848
1425,142.402848,7.801719293179269
1426,142.50285,7.827673241251937
1427,142.602852,7.055377717686302
1428,142.702854,7.298816760461503
1429,142.802856,7.2218176676168975
1430,142.902858,7.615546929223866
1431,143.00286000000003,7.473836640078705
1432,143.102862,7.223105830848139
1433,143.202864,8.169161865612363
1434,143.30286600000002,7.386792628269747
1435,143.402868,7.294507642758187
1436,143.50287,7.951159417154766
1437,143.602872,7.610315776014146
1438,143.702874,8.265727125714038
1439,143.802876,7.689447033173941
1440,143.902878,8.159655279323083
1441,144.00288,7.970798372503695
1442,144.10288200000002,7.777182936532076
1443,144.20288399999998,7.260733501309083
1444,144.302886,7.344177409386338
1445,144.40288800000002,7.324399286327474
1446,144.50289,7.369535281144797
1447,144.602892,7.293187581215369
1448,144.702894,6.944698471775764
1449,144.802896,7.574949758902531
1450,144.90289800000002,7.282533583915997
1451,145.00289999999998,7.396745352363811
1452,145.102902,6.883154526320993
1453,145.20290400000002,7.044195765843808
1454,145.302906,7.370809261620856
1455,145.402908,7.695786895280617
1456,145.50291,7.597292354044426
1457,145.602912,7.757100374064181
1458,145.702914,7.7996146330082485
1459,145.802916,8.19474420967031
1460,145.902918,7.71785969504367
1461,146.00292000000002,7.509109820535877
1462,146.10292199999998,7.873464788518066
1463,146.202924,7.691259401741741
1464,146.302926,7.735955990509024
1465,146.402928,8.236366430253875
1466,146.50293,7.705945685484042
1467,146.602932,7.618422600569337
1468,146.702934,8.214995983975818
1469,146.80293600000002,7.686784091330474
1470,146.902938,8.173112126901914
1471,147.00294,7.865511721940355
1472,147.102942,7.806941042577819
1473,147.202944,7.81757181851784
1474,147.302946,7.559538753010759
1475,147.402948,7.653868074350425
1476,147.50295,7.939123390518168
1477,147.602952,7.794296477853028
1478,147.702954,8.12086445488935
1479,147.802956,7.612238097702713
1480,147.902958,7.755858824249734
1481,148.00296,7.426340252318453
1482,148.102962,7.6422550386648895
1483,148.202964,7.831019549079614
1484,148.30296600000003,7.62673772475275
1485,148.402968,7.801225254547758
1486,148.50297,7.662626998958053
1487,148.60297200000002,7.804325547994147
1488,148.702974,7.975952116939602
1489,148.802976,7.4134982180689954
1490,148.902978,7.624617345999839
1491,149.00298,7.610786597822296
1492,149.102982,7.148650426462161
1493,149.202984,7.233381824409478
1494,149.302986,7.915467241601149
1495,149.40298800000002,8.466295989371243
1496,149.50298999999998,8.83300736435848
1497,149.602992,8.103158245828602
1498,149.70299400000002,8.047835507419554
1499,149.802996,7.789803518516957
1500,149.902998,8.071967192275222
1501,150.003,8.22674290945965
1502,150.103002,7.638740477169868
1503,150.20300400000002,7.425169581835064
1504,150.30300599999998,7.677703721116082
1505,150.403008,7.557757981446778
1506,150.50301000000002,8.152672488424932
1507,150.603012,7.863141511659316
1508,150.703014,7.981959454057605
1509,150.803016,7.733859728602053
1510,150.903018,7.82307876951773
1511,151.00302,8.131676117308718
1512,151.103022,7.906585654063933
1513,151.203024,7.731098514483096
1514,151.30302600000002,8.560233570316242
1515,151.40302799999998,7.877701800433072
1516,151.50303,7.967789253314336
1517,151.603032,7.806777327881305
1518,151.703034,8.332250779602237
1519,151.803036,7.215154157679401
1520,151.903038,8.028231150539693
1521,152.00304,7.740445853401411
1522,152.10304200000002,8.234225085856298
1523,152.203044,8.051616414613166
1524,152.303046,8.031461243082965
1525,152.403048,8.02862999843846
1526,152.50305000000003,8.217578260600705
1527,152.603052,7.9843085591285625
1528,152.703054,8.250109894589169
1529,152.803056,7.5668522442384765
1530,152.903058,7.7791304927727065
1531,153.00306,8.129971159911337
1532,153.103062,8.06496310574547
1533,153.203064,7.996911066031511
1534,153.303066,8.17477133704537
1535,153.403068,8.26406665144376
1536,153.50307,8.491297116498608
1537,153.60307200000003,7.62026752164323
1538,153.703074,8.015375371764287
1539,153.803076,7.647030999731157
1540,153.90307800000002,7.389903574679849
1541,154.00308,7.503441109661467
1542,154.103082,7.551549099335895
1543,154.203084,7.894931279944783
1544,154.303086,7.591038965468388
1545,154.403088,7.876249590909648
1546,154.50309,7.742581186961994
1547,154.603092,8.197266970352276
1548,154.70309400000002,7.611545674057095
1549,154.80309599999998,7.472542942433344
1550,154.903098,7.476222962480301
1551,155.00310000000002,7.627392098390146
1552,155.103102,7.055948672487675
1553,155.203104,7.5848937831414736
1554,155.303106,7.180569379522102
1555,155.403108,7.168656192673455
1556,155.50311000000002,7.11858710218316
1557,155.60311199999998,7.174063354426241
1558,155.703114,6.97668930222592
1559,155.80311600000002,7.66156879188898
1560,155.903118,7.60029073241392
1561,156.00312,7.275786235345084
1562,156.103122,7.265129552214976
1563,156.203124,7.304591394331471
1564,156.303126,7.100140479242256
1565,156.403128,7.224825287810735
1566,156.50313,7.104873884487961
1567,156.60313200000002,7.24806013423138
1568,156.70313399999998,6.6805934810973975
1569,156.803136,6.767285338148847
1570,156.903138,6.636679986141885
1571,157.00314,7.188026905915807
1572,157.103142,6.593243410259434
1573,157.203144,7.155067847169038
1574,157.303146,7.101695261043853
1575,157.40314800000002,7.35830464082682
1576,157.50315,7.685336295851838
1577,157.603152,7.39839955475132
1578,157.703154,7.567432026587362
1579,157.80315600000003,7.222548236597887
1580,157.903158,6.971810922302647
1581,158.00316,7.11433693343716
1582,158.103162,7.085335907077892
1583,158.203164,7.122073144225862
1584,158.303166,7.304107848628912
1585,158.403168,7.152336885777121
1586,158.50317,6.853630786887513
1587,158.603172,7.305084539849721
1588,158.703174,7.099859402394598
1589,158.803176,7.308261549826617
1590,158.90317800000003,7.29457816749877
1591,159.00318,7.059605032124212
1592,159.103182,7.253244269738841
1593,159.20318400000002,7.170749057054813
1594,159.303186,7.521206378128808
1595,159.403188,7.491799520108081
1596,159.50319,7.401142564927049
1597,159.603192,7.100783408424722
1598,159.70319400000002,6.951890970700492
1599,159.80319599999999,7.107274552117925
1600,159.903198,7.0881303603006165
1601,160.00320000000002,7.164238495062598
1602,160.10320199999998,7.000867943183771
1603,160.203204,7.135658156548165
1604,160.30320600000002,7.126267464790059
1605,160.403208,7.128504765562628
1606,160.50321,7.095567543148396
1607,160.603212,7.12143185724994
1608,160.703214,7.422608249282981
1609,160.80321600000002,7.022482186313249
1610,160.90321799999998,7.016353825221872
1611,161.00322,7.071238355523831
1612,161.10322200000002,7.054105664605733
1613,161.203224,7.456080508876195
1614,161.303226,7.777949720860235
1615,161.403228,7.0232626389760675
1616,161.50323,7.133747881887829
1617,161.603232,6.926465247792635
1618,161.703234,7.17953325399699
1619,161.803236,7.005873661975974
1620,161.90323800000002,7.137223685280649
1621,162.00323999999998,7.218658224141603
1622,162.103242,7.072972072126379
1623,162.203244,7.201104291001512
1624,162.303246,6.997397909086429
1625,162.403248,7.238852262944903
1626,162.50325,7.282739277146128
1627,162.603252,7.151298210286708
1628,162.70325400000002,7.138892267167616
1629,162.803256,7.020494553496518
1630,162.903258,7.002886724495532
1631,163.00326,7.140674339387485
1632,163.10326200000003,7.0730238250167945
1633,163.203264,7.147138042711645
1634,163.303266,7.337422820091321
1635,163.403268,7.131732564227166
1636,163.50327,7.166896718505423
1637,163.603272,7.379034988327259
1638,163.703274,7.143481697769014
1639,163.803276,7.176938962496046
1640,163.903278,7.308087234732601
1641,164.00328,7.0504437729384755
1642,164.103282,7.3438119537854245
1643,164.20328400000002,6.899307123894291
1644,164.30328599999999,7.154834490207145
1645,164.403288,7.106416078189192
1646,164.50329000000002,7.339908854137665
1647,164.603292,7.362241138699538
1648,164.703294,7.280708896562731
1649,164.803296,7.317637014256188
1650,164.903298,7.4030569164729245
1651,165.00330000000002,7.630625458266887
1652,165.10330199999999,7.740491387733901
1653,165.203304,7.43795109666259
1654,165.30330600000002,7.853086163251851
1655,165.40330799999998,8.029833754582663
1656,165.50331,7.729165291411856
1657,165.60331200000002,7.926356248323196
1658,165.703314,7.674494128065903
1659,165.803316,7.786019617417163
1660,165.903318,7.6855758868339885
1661,166.00332,7.404945331600317
1662,166.10332200000002,7.406993138805407
1663,166.20332399999998,7.261704298779334
1664,166.303326,7.174128991773085
1665,166.40332800000002,7.263722472620079
1666,166.50333,7.254630624653038
1667,166.603332,7.388014833599778
1668,166.703334,7.092123740060737
1669,166.803336,7.38298897991233
1670,166.90333800000002,7.16205952370485
1671,167.00334,7.264559686977694
1672,167.103342,7.608432973083683
1673,167.20334400000002,7.718244750526087
1674,167.30334599999998,7.791275617177225
1675,167.403348,7.594285052915598
1676,167.50335,7.1081635405204695
1677,167.603352,7.468923884094086
1678,167.703354,7.507502491915919
1679,167.803356,7.542737152606569
1680,167.903358,7.028579761616807
1681,168.00336000000001,7.025775119616088
1682,168.103362,7.142626571008888
1683,168.203364,7.030131938126229
1684,168.303366,7.610296788563992
1685,168.40336800000003,7.3736624597017375
1686,168.50337,7.184480028959685
1687,168.603372,7.284031640537144
1688,168.703374,7.218786026961095
1689,168.803376,7.261240109305507
1690,168.903378,7.285452009747766
1691,169.00338,7.486457010604982
1692,169.103382,7.180288325665131
1693,169.203384,7.652959693665705
1694,169.303386,6.899016703874779
1695,169.403388,7.363778454790519
1696,169.50339000000002,7.306467387375003
1697,169.60339199999999,7.053281679864631
1698,169.703394,6.815045006459672
1699,169.80339600000002,6.757665426972859
1700,169.903398,7.0295624015728855
1701,170.0034,6.753767445857436
1702,170.103402,7.352981970898492
1703,170.203404,7.127291036274102
1704,170.30340600000002,7.621159118379383
1705,170.40340799999998,7.161227913665961
1706,170.50341,7.075353525032079
1707,170.60341200000002,7.127648070001636
1708,170.70341399999998,7.167751214906412
1709,170.803416,7.08308797008926
1710,170.90341800000002,6.763461273524915
1711,171.00342,7.142187087928191
1712,171.103422,7.332392896553202
1713,171.203424,6.968594544043078
1714,171.303426,7.283955794730242
1715,171.40342800000002,7.3270062851800075
1716,171.50342999999998,7.677770286613888
1717,171.603432,7.369850795071329
1718,171.70343400000002,7.693085356549763
1719,171.803436,7.700479113682326
1720,171.903438,7.250542050886439
1721,172.00344,6.8748066970698245
1722,172.103442,7.145679089843297
1723,172.20344400000002,7.177692466196124
1724,172.303446,6.931365944624453
1725,172.403448,6.953158270689973
1726,172.50345000000002,6.890682888344222
1727,172.603452,7.314661850879264
1728,172.703454,7.187037954262541
1729,172.803456,7.4893913656848765
1730,172.903458,8.329036736586337
1731,173.00346,7.915049533972113
1732,173.103462,7.941316416255087
1733,173.203464,7.32320756306035
1734,173.30346600000001,7.135652023648115
1735,173.403468,7.208795879038087
1736,173.50347,7.293257009995646
1737,173.603472,7.316772121135161
1738,173.70347400000003,8.03324950146336
1739,173.803476,8.295199654872201
1740,173.903478,7.011298524189307
1741,174.00348000000002,7.2505598332313985
1742,174.103482,7.52420582666975
1743,174.203484,8.024112072057475
1744,174.303486,7.667667981756793
1745,174.403488,7.275926945394562
1746,174.50349,7.67811211128862
1747,174.603492,7.689551251450174
1748,174.703494,7.804577713189377
1749,174.80349600000002,8.03097428162493
1750,174.90349799999998,8.071197019937085
1751,175.0035,7.327063025274643
1752,175.10350200000002,7.758408772571597
1753,175.203504,8.118852466166228
1754,175.303506,8.089218176428618
1755,175.403508,7.750897302216402
1756,175.50351,7.871939439029308
1757,175.60351200000002,7.3248276301418755
1758,175.70351399999998,7.118083822626546
1759,175.803516,7.263364874616656
1760,175.90351800000002,8.118360039546936
1761,176.00351999999998,7.878890488922595
1762,176.103522,8.15940072118917
1763,176.20352400000002,8.059616062521188
1764,176.303526,8.194099268094591
1765,176.403528,8.765216956846205
1766,176.50353,8.101254663973762
1767,176.603532,8.214438205741951
1768,176.70353400000002,8.089709704684482
1769,176.80353599999998,7.976894527224003
1770,176.903538,8.64480894819477
1771,177.00354000000002,7.749084327933033
1772,177.103542,7.872943908656106
1773,177.203544,7.615570829087185
1774,177.303546,7.408719377016524
1775,177.403548,7.570529501864475
1776,177.50355000000002,7.602655814273559
1777,177.603552,7.432359818104689
1778,177.703554,7.639406970325311
1779,177.80355600000001,8.453401376238915
1780,177.903558,8.213327261768146
1781,178.00356,7.806324387402745
1782,178.103562,7.58334736120724
1783,178.203564,6.984474437812025
1784,178.303566,7.092661060442145
1785,178.403568,7.0870340689105
1786,178.50357,6.83010820173305
1787,178.603572,6.839481269487666
1788,178.703574,7.118917032712401
1789,178.803576,7.464077306101529
1790,178.903578,7.718940374243669
1791,179.00358000000003,7.980313854473942
1792,179.103582,8.165883181880425
1793,179.203584,8.013605414998183
1794,179.30358600000002,8.072996090302341
1795,179.403588,7.935193533142341
1796,179.50359,8.102952282242859
1797,179.603592,8.018647433931786
1798,179.703594,7.44261451520602
1799,179.803596,7.871888504527597
1800,179.903598,7.986247788574348
1801,180.0036,7.8599849466837135
1802,180.10360200000002,7.604485889661913
1803,180.20360399999998,8.822447182027291
1804,180.303606,8.106755886725184
1805,180.40360800000002,7.900105682412649
1806,180.50361,7.788249207131545
1807,180.603612,7.615227922274148
1808,180.703614,8.039982435288918
1809,180.803616,8.004347893718439
1810,180.90361800000002,8.19155766417344
1811,181.00361999999998,8.330223715111595
1812,181.103622,7.745258555923591
1813,181.20362400000002,7.753037122290539
1814,181.30362599999998,7.7553300851358955
1815,181.403628,7.6411627374602995
1816,181.50363000000002,7.441199598365204
1817,181.603632,7.325953328519079
1818,181.703634,7.301693031890026
1819,181.803636,7.367916449619114
1820,181.903638,7.300102761107569
1821,182.00364000000002,7.031640720425197
1822,182.10364199999998,7.335260711470853
1823,182.203644,7.570862537843389
1824,182.30364600000001,7.660110046626677
1825,182.403648,7.064007012716743
1826,182.50365,7.286464633387207
1827,182.603652,7.1630821611880044
1828,182.703654,7.2961520911937585
1829,182.80365600000002,7.867446853512653
1830,182.903658,8.092394169630408
1831,183.00366,7.946301978186217
1832,183.103662,8.106804147613817
1833,183.203664,7.591668812279807
1834,183.303666,7.814980003866289
1835,183.403668,7.870205144868738
1836,183.50367,7.1963677881138635
1837,183.603672,7.355669889064646
1838,183.703674,6.970511395510103
1839,183.803676,7.3646620921769
1840,183.903678,7.198008987196872
1841,184.00368,7.176020378650395
1842,184.103682,7.064686498047921
1843,184.203684,7.811633317750066
1844,184.30368600000003,7.372966120856536
1845,184.403688,7.956503442920336
1846,184.50369,7.8596950139901285
1847,184.60369200000002,7.5270271271353995
1848,184.703694,7.772574611163066
1849,184.803696,7.49846536508623
1850,184.903698,7.180351183966922
1851,185.0037,7.244393695567582
1852,185.103702,6.878960344696205
1853,185.203704,7.197507022642752
1854,185.303706,7.0889229363092765
1855,185.40370800000002,7.17661497893055
1856,185.50370999999998,7.2018800563079814
1857,185.603712,7.023133959290934
1858,185.70371400000002,7.104924316599115
1859,185.803716,6.90667498676837
1860,185.903718,6.933116765443601
1861,186.00372,7.459447143353829
1862,186.103722,7.42643616212385
1863,186.20372400000002,7.204219627901847
1864,186.30372599999998,7.49061033979687
1865,186.403728,7.5195489337058685
1866,186.50373000000002,7.550181836186401
1867,186.603732,7.6766686197635
1868,186.703734,7.285561046129595
1869,186.80373600000001,7.455710084644956
1870,186.903738,7.362722974398963
1871,187.00374,7.314167489657426
1872,187.103742,7.396171945446822
1873,187.203744,7.658410979158268
1874,187.30374600000002,7.947444685644539
1875,187.40374799999998,7.599667764815238
1876,187.50375,7.570901339933643
1877,187.60375200000001,7.629891112369819
1878,187.703754,7.411763027907648
1879,187.803756,7.394723539046624
1880,187.903758,7.115756636228294
1881,188.00376,7.429089670511022
1882,188.10376200000002,7.318007508157941
1883,188.203764,7.192317863732666
1884,188.303766,7.283159947974806
1885,188.403768,7.147945340938321
1886,188.50377,7.096261272448239
1887,188.603772,7.170567156125578
1888,188.703774,7.536267817861299
1889,188.803776,7.310262250622164
1890,188.903778,7.51769382534291
1891,189.00378,7.4648753533892
1892,189.103782,7.3913811359598585
1893,189.203784,7.605990148153514
1894,189.303786,7.616743564563324
1895,189.403788,8.009669749523061
1896,189.50379,7.694504362412207
1897,189.60379200000003,7.784903533288936
1898,189.703794,7.672918562825354
1899,189.803796,7.3374839071723335
1900,189.90379800000002,7.053694489534033
1901,190.0038,7.299180566864464
1902,190.103802,7.15833105277629
1903,190.203804,7.3882944368250385
1904,190.303806,6.849986460593676
1905,190.403808,7.294085746973007
1906,190.50381,6.649404237692942
1907,190.603812,7.191825520463074
1908,190.70381400000002,7.729035640009888
1909,190.80381599999998,7.598426827298552
1910,190.903818,7.628334515687043
1911,191.00382000000002,7.572857155467619
1912,191.103822,7.672072001758069
1913,191.203824,7.438993628360121
1914,191.30382600000002,8.510672307116975
1915,191.403828,8.552125985225965
1916,191.50383000000002,8.43727640200939
1917,191.60383199999998,8.858721191714311
1918,191.703834,8.730135462424867
1919,191.80383600000002,8.64274609440125
1920,191.903838,8.41679352902928
1921,192.00384,8.536841738784354
1922,192.10384200000001,8.531331413031072
1923,192.203844,8.331656255857286
1924,192.303846,8.659684037032132
1925,192.403848,8.542153646598765
1926,192.50385,8.61385790136158
1927,192.60385200000002,8.325161163130826
1928,192.70385399999998,8.288890280517027
1929,192.803856,8.147154647808497
1930,192.903858,8.481704646309424
1931,193.00386,8.460796731807195
1932,193.103862,8.832274646367495
1933,193.203864,8.810634470134005
1934,193.303866,9.122416931528456
1935,193.40386800000002,8.877364257693571
1936,193.50387,8.830223146535364
1937,193.603872,9.024194385011215
1938,193.703874,8.712450688325818
1939,193.80387600000003,8.97943211020204
1940,193.903878,8.68923377180673
1941,194.00388,8.550919914260035
1942,194.103882,8.418683908786049
1943,194.203884,9.26775228469718
1944,194.303886,8.869546099239196
1945,194.403888,9.296614813554735
1946,194.50389,8.921494226617057
1947,194.603892,9.003207025163777
1948,194.703894,9.031453158577339
1949,194.803896,8.744989013683327
1950,194.90389800000003,8.917057296425439
1951,195.0039,9.097689115078321
1952,195.103902,9.134079095086532
1953,195.20390400000002,8.598264412319649
1954,195.303906,9.286257442081254
1955,195.403908,8.97653080750803
1956,195.50391,8.659915597578296
1957,195.603912,8.972848790642532
1958,195.703914,9.046869367042694
1959,195.803916,8.987136490294297
1960,195.903918,8.866255054357676
1961,196.00392000000002,9.048943182476945
1962,196.10392199999998,8.584574620665585
1963,196.203924,9.16222656610223
1964,196.30392600000002,9.056512362836996
1965,196.403928,9.119177915909994
1966,196.50393,9.107885684386801
1967,196.60393200000001,8.671312429094858
1968,196.703934,8.747658599676125
1969,196.80393600000002,8.537639873976657
1970,196.90393799999998,8.48178761964337
1971,197.00394,8.292403227653454
1972,197.10394200000002,8.705668306170288
1973,197.203944,8.95014289037368
1974,197.303946,8.736608865743548
1975,197.403948,8.761904659041873
1976,197.50395,8.678987417319362
1977,197.603952,8.562112250783573
1978,197.703954,8.311174654169488
1979,197.803956,8.007704488651564
1980,197.90395800000002,8.476938332367464
1981,198.00395999999998,8.545700255404018
1982,198.103962,8.465547467634865
1983,198.203964,8.498291832767608
1984,198.303966,7.882006373225191
1985,198.403968,7.500373422818106
1986,198.50397,7.418205505675739
1987,198.603972,7.7326935882594015
1988,198.70397400000002,7.534352964006864
1989,198.803976,7.421414886799098
1990,198.903978,7.412178727870954
1991,199.00398,7.681302955386051
1992,199.10398200000003,7.320379032958658
1993,199.203984,7.1623969999907935
1994,199.303986,7.545040013135856
1995,199.403988,7.470040221527686
1996,199.50399,7.038772322922039
1997,199.603992,6.55189035983002
1998,199.703994,6.510223284130703
1999,199.803996,6.640884756024793
2000,199.903998,6.527827219510246
2001,200.004,6.498958471539204
2002,200.104002,6.461011266896454
2003,200.20400400000003,6.365498393776203
2004,200.304006,6.515314807104822
2005,200.404008,6.432648735188526
2006,200.50401000000002,6.4289009797811305
2007,200.604012,6.373544337274546
2008,200.704014,6.253949915045001
2009,200.804016,6.38413831116298
2010,200.904018,6.441487103303576
2011,201.00402000000003,6.547366835066316
2012,201.104022,6.37131216566633
2013,201.204024,6.456721986576371
2014,201.30402600000002,6.583941518837854
2015,201.40402799999998,6.40926527577904
2016,201.50403,6.6251041648403675
2017,201.60403200000002,6.685440050212576
2018,201.704034,6.620656724675147
2019,201.804036,6.6428748825121025
2020,201.904038,6.40486267808157
2021,202.00404,6.575188294224992
2022,202.10404200000002,6.381498083934631
2023,202.20404399999998,6.522716102919113
2024,202.304046,6.598062391991202
2025,202.40404800000002,6.531863802315949
2026,202.50405,6.505617834493508
2027,202.604052,6.693964399815016
2028,202.704054,6.779154357509512
2029,202.804056,6.587376901835793
2030,202.904058,7.021118262962019
2031,203.00406,6.767380408979343
2032,203.104062,6.679580045181565
2033,203.20406400000002,6.684895512965251
2034,203.30406599999998,6.56021512350859
2035,203.404068,6.446884684649218
2036,203.50407,6.466249565001606
2037,203.604072,6.350425815489493
2038,203.704074,6.545035329262559
2039,203.804076,6.531104920342229
2040,203.904078,6.349671777449987
2041,204.00408000000002,6.625487607422669
2042,204.104082,6.438922084244729
2043,204.204084,6.608430511679115
2044,204.304086,6.680979552836132
2045,204.40408800000003,6.503092890329799
2046,204.50409,6.513941722830909
2047,204.604092,6.57689289128722
2048,204.704094,6.666524342900941
2049,204.804096,6.663698066173774
2050,204.904098,6.556212907122694
2051,205.0041,6.450812965276696
2052,205.104102,6.560939133407385
2053,205.204104,6.864769142868501
2054,205.304106,6.693950116112086
2055,205.404108,6.621819175437091
2056,205.50411000000003,6.829011664469817
2057,205.604112,6.653590696101446
2058,205.704114,6.471001632640914
2059,205.80411600000002,6.60628023234323
2060,205.904118,6.372995919542755
2061,206.00412,6.663028608459847
2062,206.104122,6.559922778798594
2063,206.204124,6.500746134413955
2064,206.30412600000002,6.5236260350908015
2065,206.404128,7.199507657473877
2066,206.50413,7.208916512597901
2067,206.60413200000002,7.092345877655565
2068,206.70413399999998,7.03528827321829
2069,206.804136,7.077835103127446
2070,206.90413800000002,6.97466140599664
2071,207.00414,6.948697848678927
2072,207.104142,6.66843550095691
2073,207.204144,6.882363977495655
2074,207.304146,6.900234386814436
2075,207.40414800000002,6.493631620616407
2076,207.50414999999998,6.509140730013848
2077,207.604152,6.528739404014004
2078,207.70415400000002,6.487644373780568
2079,207.804156,6.3905517019922655
2080,207.904158,6.4007047709248095
2081,208.00416,6.476199549835256
2082,208.104162,6.3185525785013406
2083,208.20416400000002,6.46909995235671
2084,208.304166,6.517869674681895
2085,208.404168,6.422453300646988
2086,208.50417000000002,6.603781285223172
2087,208.604172,6.639440632011755
2088,208.704174,6.722046744747961
2089,208.804176,6.477874119011999
2090,208.904178,6.663853855564123
2091,209.00418,6.414593422787623
2092,209.104182,6.8608038285007416
2093,209.204184,7.027545598694195
2094,209.30418600000002,7.060156171000054
2095,209.404188,6.8686620236137585
2096,209.50419,7.21814406820111
2097,209.604192,8.026552892152353
2098,209.70419400000003,7.632631753354861
2099,209.804196,7.75282726649484
2100,209.904198,7.833895713812872
2101,210.00420000000003,7.464598840483951
2102,210.104202,7.400236820172083
2103,210.204204,7.908426079529925
2104,210.304206,7.553452713107658
2105,210.404208,7.713347687530384
2106,210.50421,7.675844132280346
2107,210.604212,7.349900040138052
2108,210.704214,7.85917666066187
2109,210.80421600000003,7.635983589117479
2110,210.904218,7.7439746039015365
2111,211.00422,7.608466836588634
2112,211.10422200000002,7.934274561185774
2113,211.204224,7.955550675130379
2114,211.304226,7.952342865656896
2115,211.404228,7.851444625503451
2116,211.50423,7.714850813375803
2117,211.60423200000002,7.767313606654938
2118,211.70423399999999,7.909365773177647
2119,211.804236,7.3717516123045925
2120,211.90423800000002,7.353818313910619
2121,212.00423999999998,7.3322896279006065
2122,212.104242,7.673246504211226
2123,212.20424400000002,7.291557981587699
2124,212.304246,7.2886367960965135
2125,212.404248,7.454732920729876
2126,212.50425,7.451746291486258
2127,212.604252,8.004670342428295
2128,212.70425400000002,7.454211912965575
2129,212.80425599999998,7.2677655251143
2130,212.904258,7.0327123364306985
2131,213.00426000000002,7.044570505132744
2132,213.104262,7.342470555239565
2133,213.204264,7.2274428459043065
2134,213.304266,7.199965576133278
2135,213.404268,7.304491066757307
2136,213.50427000000002,7.102476724631781
2137,213.604272,7.358927217225658
2138,213.704274,7.354367111035446
2139,213.80427600000002,7.571526336611707
2140,213.904278,7.0187315260682945
2141,214.00428,7.311223038955817
2142,214.104282,7.687901450051688
2143,214.204284,7.5842112736728415
2144,214.304286,7.239454476815449
2145,214.404288,7.4361126430024385
2146,214.50429,7.379012158566089
2147,214.60429200000002,7.1514271159537675
2148,214.704294,7.397913735449011
2149,214.804296,7.378020275842646
2150,214.904298,7.513448080456566
2151,215.00430000000003,7.370560431051375
2152,215.104302,7.123269432619186
2153,215.204304,7.331880899038791
2154,215.30430600000003,7.397468551609097
2155,215.404308,6.79011616908307
2156,215.50431,6.610588335029498
2157,215.604312,6.4845588386710995
2158,215.704314,6.309559928702299
2159,215.804316,6.3689116402754635
2160,215.904318,6.8038680216470455
2161,216.00432,6.7563684610888135
2162,216.10432200000002,6.75921573656409
2163,216.20432399999999,6.4435623467211744
2164,216.304326,6.932960304362913
2165,216.40432800000002,6.840708986512259
2166,216.50433,6.99872527061435
2167,216.604332,6.979679764916284
2168,216.704334,7.020738595696693
2169,216.804336,6.915945274859208
2170,216.90433800000002,7.169942340017649
2171,217.00433999999998,6.998184580574534
2172,217.104342,7.108174350861449
2173,217.20434400000002,6.981828231056735
2174,217.30434599999998,7.418877538491622
2175,217.404348,7.438633432222194
2176,217.50435000000002,7.088542597604935
2177,217.604352,7.254877312587354
2178,217.704354,7.350410370505083
2179,217.804356,7.244762533129097
2180,217.904358,6.9539743160695995
2181,218.00436000000002,6.800630067254204
2182,218.10436199999998,6.56602238042313
2183,218.204364,6.956237291408585
2184,218.30436600000002,6.639131912807819
2185,218.404368,6.808626490392245
2186,218.50437,6.972839236998224
2187,218.604372,6.760574409771497
2188,218.704374,6.7968451779061265
2189,218.80437600000002,7.064947450257824
2190,218.904378,7.117009371239113
2191,219.00438,7.379564079052366
2192,219.10438200000002,7.832788918673904
2193,219.204384,7.376087295592507
2194,219.304386,7.31035648320229
2195,219.404388,7.434608346434329
2196,219.50439,7.331876837916265
2197,219.604392,7.352382202870506
2198,219.704394,7.452052805682815
2199,219.804396,7.035618072351062
2200,219.90439800000001,6.803622798019514
2201,220.0044,7.567736626540939
2202,220.104402,7.272935659158284
2203,220.204404,8.14736758135768
2204,220.30440600000003,7.96286201287049
2205,220.404408,7.485026642192442
2206,220.50441,7.0079162991475865
2207,220.60441200000002,6.659862066400618
2208,220.704414,6.881035479569545
2209,220.804416,6.900467478524527
2210,220.904418,6.94061984177235
2211,221.00442,6.735435142993542
2212,221.104422,6.777831721681343
2213,221.204424,6.843883480503057
2214,221.304426,6.715638241752793
2215,221.40442800000002,6.807924049349747
2216,221.50442999999999,6.626050953716449
2217,221.604432,6.9051357593506895
2218,221.70443400000002,6.90974589348208
2219,221.804436,6.6932673148655475
2220,221.904438,6.81351567424146
2221,222.00444,6.888046353398915
2222,222.104442,7.026206955924953
2223,222.20444400000002,6.694119202046162
2224,222.30444599999998,7.023958736163458
2225,222.404448,7.17773976872434
2226,222.50445000000002,7.175509162029749
2227,222.60445199999998,6.716717008896684
2228,222.704454,7.071308764708379
2229,222.80445600000002,7.085980407933769
2230,222.904458,6.94352725443722
2231,223.00446,6.940821666369535
2232,223.104462,7.032504807400721
2233,223.204464,7.115040711732167
2234,223.30446600000002,7.117224565253705
2235,223.40446799999998,7.042765543547965
2236,223.50447,6.875897371022762
2237,223.60447200000002,7.0171054359398255
2238,223.704474,7.063521058222254
2239,223.804476,6.752575496638047
2240,223.904478,6.702976333250454
2241,224.00448,6.650897399295777
2242,224.10448200000002,6.771293763208155
2243,224.204484,6.967882758212036
2244,224.304486,6.7030084210245775
2245,224.40448800000001,7.171655052799908
2246,224.50449,7.2085305702539895
2247,224.604492,6.780653029073984
2248,224.704494,6.886079615976839
2249,224.804496,7.096310528623673
2250,224.904498,7.200164933990395
2251,225.0045,7.388436773786758
2252,225.104502,7.130624609613291
2253,225.20450400000001,7.42934956738707
2254,225.304506,7.188422894569738
2255,225.404508,7.225782977998058
2256,225.50451,7.117838006367885
2257,225.60451200000003,7.306951018228216
2258,225.704514,7.042111519909502
2259,225.804516,6.956860978391052
2260,225.90451800000002,7.191239634517076
2261,226.00452,7.080006928221013
2262,226.104522,7.0482845474427265
2263,226.204524,7.017688371171571
2264,226.304526,7.336337780643748
2265,226.404528,7.204502340714939
2266,226.50453,7.374036054346871
2267,226.604532,7.039587181598186
2268,226.70453400000002,7.021066512608812
2269,226.80453599999998,6.8598319725514765
2270,226.904538,7.043229852436536
2271,227.00454000000002,7.165426768672565
2272,227.104542,7.031527574844128
2273,227.204544,7.041914611008156
2274,227.30454600000002,7.030317635264843
2275,227.404548,7.180899655523078
2276,227.50455000000002,6.782935272309362
2277,227.60455199999998,6.636161410881669
2278,227.704554,7.047953895498826
2279,227.80455600000002,6.9636926296150685
2280,227.904558,7.0569974571496
2281,228.00456,7.043670064603989
2282,228.10456200000002,7.288904795938269
2283,228.204564,7.19864791485633
2284,228.304566,7.126666478920734
2285,228.404568,7.2382022376813016
2286,228.50457,6.909506793144763
2287,228.60457200000002,7.061176940992636
2288,228.70457399999998,7.085259491728264
2289,228.804576,6.734194315722358
2290,228.90457800000001,6.958393164130436
2291,229.00458,7.1657616615068935
2292,229.104582,7.044726929630092
2293,229.204584,7.114413169131654
2294,229.304586,7.234375509491914
2295,229.40458800000002,6.904235051469759
2296,229.50459,7.318323462189615
2297,229.604592,6.972556854420828
2298,229.70459400000001,7.059638664973844
2299,229.804596,7.05417315863194
2300,229.904598,7.044568733635781
2301,230.0046,7.016288970698911
2302,230.104602,7.078984381292603
2303,230.204604,7.044595592003096
2304,230.304606,7.081081992965002
2305,230.404608,7.218143531479022
2306,230.50461,7.110742190788911
2307,230.604612,7.105097494945229
2308,230.704614,7.630670314732151
2309,230.804616,7.449903157759868
2310,230.90461800000003,7.547914617511223
2311,231.00462,7.316248915363176
2312,231.104622,7.2360256139543475
2313,231.20462400000002,7.947735939453692
2314,231.304626,7.704274580358246
2315,231.404628,7.449301699067642
2316,231.50463,7.4821127692757345
2317,231.604632,7.504325996275574
2318,231.704634,7.521026031896707
2319,231.804636,7.655645147302526
2320,231.904638,7.361320904538551
2321,232.00464000000002,7.46255387167647
2322,232.10464199999998,7.648086718717373
2323,232.204644,7.689513905007203
2324,232.30464600000002,7.399956960780081
2325,232.404648,7.88553847282989
2326,232.50465,7.484226609682582
2327,232.60465200000002,7.479380991666497
2328,232.704654,7.442403806617297
2329,232.80465600000002,7.778759253340325
2330,232.90465799999998,8.297681781666139
2331,233.00466,7.8376891333990635
2332,233.10466200000002,7.651057082034723
2333,233.204664,7.549708723994575
2334,233.304666,7.643774157585718
2335,233.40466800000002,7.231547534732759
2336,233.50467,7.762012230125302
2337,233.604672,7.460733583392369
2338,233.704674,7.722919383441459
2339,233.804676,7.38714417466147
2340,233.90467800000002,7.381540146483537
2341,234.00467999999998,7.705900099759986
2342,234.104682,7.216363054769867
2343,234.20468400000001,8.035659814471122
2344,234.304686,7.6980815296563945
2345,234.404688,7.197456605531942
2346,234.50469,6.922733009934933
2347,234.604692,7.54733276412213
2348,234.70469400000002,7.650895492402962
2349,234.804696,7.170294366812361
2350,234.904698,7.302536950895509
2351,235.0047,7.868627802187213
2352,235.10470200000003,7.529249251814372
2353,235.204704,7.498097098392891
2354,235.304706,7.9091906905849605
2355,235.404708,7.603233164480789
2356,235.50471,7.959989964586859
2357,235.604712,7.735621624101931
2358,235.704714,7.822530937042948
2359,235.804716,8.344436824292893
2360,235.904718,7.521337490591157
2361,236.00472,7.322198773273317
2362,236.104722,7.567610255441797
2363,236.20472400000003,7.507951700172212
2364,236.304726,7.345405511081104
2365,236.404728,7.420291090642455
2366,236.50473000000002,7.815182564817378
2367,236.604732,7.5150637158129046
2368,236.704734,7.83066241115757
2369,236.804736,7.696360222099291
2370,236.904738,7.933451409757962
2371,237.00474,7.654487014342372
2372,237.104742,7.775046169185672
2373,237.204744,7.571601429538771
2374,237.30474600000002,7.711653494286248
2375,237.40474799999998,8.046693417282365
2376,237.50475,7.184323649968025
2377,237.60475200000002,7.0171475000249135
2378,237.704754,6.972327689510536
2379,237.804756,7.095802718350884
2380,237.90475800000002,6.97726207869849
2381,238.00476,7.070993567831434
2382,238.10476200000002,7.093735206151084
2383,238.20476399999998,6.994981895278509
2384,238.304766,7.0869358269761475
2385,238.40476800000002,7.179085942311593
2386,238.50477,7.196453340145165
2387,238.604772,7.156560785062222
2388,238.70477400000001,7.214704925975866
2389,238.804776,7.053842449633826
2390,238.904778,7.267618889020738
2391,239.00478,7.1332647694069635
2392,239.104782,7.369480887240226
2393,239.20478400000002,7.583938067952993
2394,239.30478599999998,6.932686406080607
2395,239.404788,7.060082704621362
2396,239.50479,7.172207867147556
2397,239.604792,7.165860878212524
2398,239.704794,7.272874724283481
2399,239.804796,7.360306370933465
2400,239.904798,7.600749354414116
2401,240.00480000000002,7.867075367879196
2402,240.104802,7.382375596412819
2403,240.204804,7.238489537944564
2404,240.304806,7.152376943817297
2405,240.40480800000003,6.984034037285195
2406,240.50481,7.132778515594601
2407,240.604812,7.067547527269132
2408,240.704814,7.199000803412995
2409,240.804816,7.674871132025022
2410,240.904818,7.190196166735292
2411,241.00482,7.247405049928936
2412,241.104822,7.657722672543002
2413,241.204824,7.550134547259282
2414,241.304826,7.3057797857694595
2415,241.404828,7.58238606516817
2416,241.50483000000003,7.625396430782856
2417,241.604832,7.54707220191886
2418,241.704834,7.280333154660337
2419,241.80483600000002,7.828777983106482
2420,241.904838,7.814911249093789
2421,242.00484,7.618965491905239
2422,242.104842,8.316762389322463
2423,242.204844,8.245312128451172
2424,242.30484600000003,8.022215096768567
2425,242.404848,8.08690387890252
2426,242.50485,7.908616597022904
2427,242.60485200000002,8.253989856693604
2428,242.70485399999998,7.437595456454853
2429,242.804856,7.605817125676502
2430,242.90485800000002,7.736326741449052
2431,243.00486,8.082595624587109
2432,243.104862,7.9085431287615116
2433,243.20486400000001,7.273894230106414
2434,243.304866,7.336454723470901
2435,243.40486800000002,7.251021521408311
2436,243.50486999999998,7.408553106301649
2437,243.604872,7.208164025462872
2438,243.70487400000002,7.006148588346426
2439,243.804876,7.020661330905771
2440,243.904878,7.094086319823445
2441,244.00488,7.379539566255868
2442,244.104882,8.119193488178169
2443,244.204884,7.4908837433269095
2444,244.304886,7.233706703047148
2445,244.404888,7.745511135653768
2446,244.50489000000002,7.287784669107261
2447,244.604892,7.105768762980018
2448,244.704894,7.163283876109011
2449,244.804896,7.1603926257177015
2450,244.904898,7.211195536987721
2451,245.0049,7.141262124518142
2452,245.104902,7.955663957237181
2453,245.204904,7.5828935637419645
2454,245.30490600000002,7.96924323640837
2455,245.404908,7.571729925921047
2456,245.50491,7.6290108891510435
2457,245.604912,8.124033015535428
2458,245.70491400000003,7.983718698463873
2459,245.804916,7.840901132057689
2460,245.904918,7.802823745163072
2461,246.00492000000003,8.155734902374695
2462,246.104922,7.95375203789753
2463,246.204924,7.850444726787957
2464,246.304926,7.9877539592226485
2465,246.404928,7.771068092933863
2466,246.50493,7.804942584682672
2467,246.604932,7.990614676566917
2468,246.704934,7.653004803611311
2469,246.80493600000003,7.397844637927096
2470,246.904938,7.733633609140346
2471,247.00494,7.860147523402234
2472,247.10494200000002,7.821786692685368
2473,247.204944,8.022789136807596
2474,247.304946,7.89728099557756
2475,247.404948,7.8258088369331595
2476,247.50495,7.497809732848789
2477,247.60495200000003,7.553877433525184
2478,247.704954,7.752870027588831
2479,247.804956,7.712440954051652
2480,247.90495800000002,7.713683067936588
2481,248.00495999999998,7.698116721796997
2482,248.104962,7.581779617669729
2483,248.20496400000002,7.463627085701432
2484,248.304966,7.7833908627406405
2485,248.404968,7.668217211170617
2486,248.50497000000001,8.402067452528552
2487,248.604972,7.973892945036543
2488,248.70497400000002,8.094334403116738
2489,248.80497599999998,7.779769892524836
2490,248.904978,7.062622148351515
2491,249.00498000000002,6.944824972984666
2492,249.104982,6.900695941098619
2493,249.204984,7.294163457913407
2494,249.304986,7.161587774931765
2495,249.404988,7.27357221300656
2496,249.50499,7.5422803770814655
2497,249.604992,7.914596838465947
2498,249.704994,7.462580343590815
2499,249.80499600000002,7.76537824498048
2500,249.904998,7.499203876849192
2501,250.005,6.934666327521536
2502,250.105002,7.391596917174172
2503,250.205004,7.5312759393699364
2504,250.305006,7.675855043089481
2505,250.405008,7.38918135087491
2506,250.50501,7.315586076644711
2507,250.60501200000002,6.801058778234934
2508,250.705014,6.917937046632718
2509,250.805016,6.607319192702763
2510,250.905018,7.098153570468298
2511,251.00502000000003,6.776105234175914
2512,251.105022,6.821853152932237
2513,251.205024,6.760131449182718
2514,251.30502600000003,6.749484202294652
2515,251.405028,7.075212873011946
2516,251.50503,6.844933973427737
2517,251.605032,6.957773379272305
2518,251.705034,7.157814741064172
2519,251.805036,7.0971493311916225
2520,251.905038,6.905783187182403
2521,252.00504,6.992535998502827
2522,252.10504200000003,6.951238398137204
2523,252.205044,6.740634059937205
2524,252.305046,7.027194526421747
2525,252.40504800000002,6.734768111335037
2526,252.50505,6.851942743052198
2527,252.605052,7.004729725471735
2528,252.705054,6.734065032604689
2529,252.805056,6.3875669673250925
2530,252.90505800000003,6.378658162140493
2531,253.00506,6.879249443656991
2532,253.105062,6.7517715581825835
2533,253.20506400000002,6.699278463565381
2534,253.30506599999998,6.937352399702249
2535,253.405068,7.004139260198001
2536,253.50507000000002,6.826426402227651
2537,253.605072,6.93018493027165
2538,253.705074,7.001553546507155
2539,253.805076,7.08150533144757
2540,253.905078,6.988694671162596
2541,254.00508000000002,7.471875605966093
2542,254.10508199999998,6.9367601859918215
2543,254.205084,6.683107170350671
2544,254.30508600000002,6.844883631060797
2545,254.405088,7.07999945694303
2546,254.50509,6.937897200758243
2547,254.605092,7.158898743006967
2548,254.705094,7.049104061625689
2549,254.80509600000002,7.028365601079983
2550,254.905098,7.02960827840313
2551,255.0051,7.234245221628287
2552,255.10510200000002,7.475296722173041
2553,255.205104,7.202014600414865
2554,255.305106,7.321495986785918
2555,255.405108,6.935318561663619
2556,255.50511,6.940291895016803
2557,255.605112,6.984665178555606
2558,255.705114,7.179996820956944
2559,255.805116,6.752835005244224
2560,255.90511800000002,6.871381619561576
2561,256.00512,6.806935103921798
2562,256.105122,6.681639204999013
2563,256.205124,6.7596730823959
2564,256.30512600000003,6.706927219794241
2565,256.405128,6.69373579643416
2566,256.50513,6.765163916336672
2567,256.605132,6.784917152398122
2568,256.705134,7.056155124652806
2569,256.805136,6.835692665958659
2570,256.905138,6.899731286519243
2571,257.00514000000004,6.731227259069374
2572,257.105142,6.6946144233518865
2573,257.205144,6.591368413172985
2574,257.30514600000004,6.4947775879934735
2575,257.405148,6.885677659154339
2576,257.50515,6.5778236906629495
2577,257.605152,6.812506760218311
2578,257.705154,6.68464479413124
2579,257.805156,6.795856826493398
2580,257.905158,6.497099176322754
2581,258.00516,6.646929485150843
2582,258.105162,6.67839024906113
2583,258.205164,6.83094497730737
2584,258.305166,6.578648611986294
2585,258.405168,6.727033644655662
2586,258.50517,6.983317942497082
2587,258.605172,6.871368047138158
2588,258.705174,7.149576365452379
2589,258.805176,6.863139637233248
2590,258.90517800000003,6.887042039765642
2591,259.00518,7.1469473315675085
2592,259.105182,6.765362841902725
2593,259.20518400000003,6.584272139060528
2594,259.305186,6.492821229035615
2595,259.405188,6.905014658678653
2596,259.50519,7.302995826244673
2597,259.605192,7.294791768040152
2598,259.705194,6.953308950006138
2599,259.805196,7.032476914528779
2600,259.905198,6.972549926923797
2601,260.0052,6.986119939197168
2602,260.105202,6.9441953730309685
2603,260.205204,6.949107700616814
2604,260.305206,6.35035607593483
2605,260.405208,6.571311273268193
2606,260.50521,6.266473657225782
2607,260.605212,6.215619500313409
2608,260.705214,6.341269619231553
2609,260.80521600000003,6.431029804751325
2610,260.905218,6.453320208005414
2611,261.00522,6.4324171538370845
2612,261.105222,6.723517175264644
2613,261.20522400000004,6.904961876258241
2614,261.305226,7.278011069780672
2615,261.405228,7.36917537986526
2616,261.50523,7.4451231893523815
2617,261.605232,6.831609203804957
2618,261.705234,6.9873485964427235
2619,261.805236,7.095970964475223
2620,261.905238,7.076463558024338
2621,262.00524,6.94120545143855
2622,262.105242,6.494593844873499
2623,262.205244,6.920962800820553
2624,262.305246,6.568743926798833
2625,262.40524800000003,6.755360576339905
2626,262.50525,6.663074468964558
2627,262.60525199999995,6.754983328606095
2628,262.705254,6.518024443274917
2629,262.805256,6.435859866316155
2630,262.905258,6.475251027066238
2631,263.00526,6.781913308601615
2632,263.105262,6.749017784126741
2633,263.205264,7.1539456618300346
2634,263.305266,6.52242085512281
2635,263.405268,6.458101075148569
2636,263.50527,6.494823451988329
2637,263.605272,6.5085577963707335
2638,263.70527400000003,6.687768585873761
2639,263.805276,6.613191965313442
2640,263.905278,6.507424540784594
2641,264.00528,6.5608055310628055
2642,264.105282,6.520916326997141
2643,264.205284,6.587020520910383
2644,264.305286,6.694819284700811
2645,264.405288,6.448756568647405
2646,264.50529,6.437991245326931
2647,264.605292,6.464663426172944
2648,264.705294,6.668243379211581
2649,264.80529600000006,6.645536241547113
2650,264.905298,6.522360938880121
2651,265.0053,6.608367912337757
2652,265.10530200000005,6.496060837881395
2653,265.205304,6.583805998489408
2654,265.305306,6.642029665655428
2655,265.405308,6.480139933639727
2656,265.50531,6.391953694742348
2657,265.605312,6.610892815245868
2658,265.705314,6.562050811919001
2659,265.805316,6.555972210571937
2660,265.905318,6.941059873567271
2661,266.00532,6.576356721642543
2662,266.105322,6.7352896329612
2663,266.205324,6.727597187942136
2664,266.305326,6.5431526827229645
2665,266.405328,6.620152257426972
2666,266.50533,6.689906174872312
2667,266.605332,6.60797164940887
2668,266.70533400000005,6.489789204473
2669,266.805336,6.6865168869775875
2670,266.905338,6.644814804519222
2671,267.00534000000005,6.522208431686735
2672,267.105342,6.304525174573644
2673,267.20534399999997,6.741591338499979
2674,267.30534600000004,6.819915326231943
2675,267.405348,6.689629932070974
2676,267.50534999999996,6.612862304716079
2677,267.60535200000004,6.523916968914433
2678,267.705354,6.687518020421705
2679,267.805356,6.419832842364054
2680,267.90535800000004,6.53391884010104
2681,268.00536,6.59491570242024
2682,268.105362,6.435494668655681
2683,268.205364,6.629216246964201
2684,268.305366,6.499179388221219
2685,268.405368,6.230920148857376
2686,268.50536999999997,6.451662779391818
2687,268.60537200000005,6.433048102425483
2688,268.705374,6.50300828496818
2689,268.80537599999997,6.5024069414390695
2690,268.90537800000004,6.368302395902489
2691,269.00538,6.487835923342166
2692,269.10538199999996,6.406169607851449
2693,269.20538400000004,6.600476941235491
2694,269.305386,6.46570204631369
2695,269.40538799999996,6.376522922961989
2696,269.50539000000003,6.489432993831226
2697,269.605392,6.360154636704648
2698,269.705394,6.364042512483771
2699,269.80539600000003,6.40204343094257
2700,269.905398,6.453882108056739
2701,270.0054,6.4726794670481835
2702,270.105402,6.475302643087552
2703,270.205404,6.430650918166842
2704,270.305406,6.68210833233335
2705,270.405408,6.516637064507789
2706,270.50541000000004,6.423720565802899
2707,270.605412,6.438458574573255
2708,270.70541399999996,6.550895471555463
2709,270.80541600000004,6.433575903416629
2710,270.905418,6.426149940735218
2711,271.00541999999996,6.258820913358675
2712,271.10542200000003,6.621560308258949
2713,271.205424,6.354886143796148
2714,271.30542599999995,6.389089405414601
2715,271.40542800000003,6.477007881021697
2716,271.50543,6.397760040922616
2717,271.605432,6.5371842456091676
2718,271.705434,6.4106554514885055
2719,271.805436,6.68770446327682
2720,271.905438,6.5568526418599005
2721,272.00544,6.594147830055583
2722,272.105442,6.79863986254756
2723,272.205444,6.730511289401278
2724,272.305446,6.605329208105639
2725,272.40544800000004,6.360687087233745
2726,272.50545,6.471826839999167
2727,272.605452,6.61487859245727
2728,272.70545400000003,6.672632252176876
2729,272.805456,6.644864418799511
2730,272.905458,6.7206378496499655
2731,273.00546,6.573588904113252
2732,273.105462,6.612984715914574
2733,273.205464,6.404905805167315
2734,273.305466,6.383173666507395
2735,273.405468,6.253536450291918
2736,273.50547,6.201212450156766
2737,273.605472,6.22592606402093
2738,273.705474,6.2988816728617545
2739,273.805476,6.268345813534821
2740,273.905478,6.318537599949168
2741,274.00548,6.222481427673658
2742,274.105482,6.221374610304775
2743,274.205484,6.17798251779198
2744,274.30548600000003,6.182145471529954
2745,274.405488,6.163066019123283
2746,274.50549,6.436396640745397
2747,274.605492,6.308210346827925
2748,274.705494,6.271254048861319
2749,274.805496,6.333843385369374
2750,274.905498,6.233165360871566
2751,275.0055,6.253884367052147
2752,275.105502,6.421775430096889
2753,275.205504,6.636405570539063
2754,275.305506,6.507562469399319
2755,275.40550800000005,6.418894334434786
2756,275.50551,6.550352866602977
2757,275.605512,6.410661376672446
2758,275.70551400000005,6.513488016837815
2759,275.805516,6.605318634554053
2760,275.905518,6.501776120555142
2761,276.00552000000005,6.58479671291877
2762,276.105522,6.462910730246214
2763,276.205524,6.435455467982248
2764,276.305526,6.4414372377865865
2765,276.405528,6.383103688464508
2766,276.50553,6.350689857053716
2767,276.605532,6.498951638425698
2768,276.705534,6.51694075463732
2769,276.805536,6.705828593222984
2770,276.905538,6.4307577865175105
2771,277.00554,6.459571649133461
2772,277.105542,6.389875812244645
2773,277.205544,6.654657683356284
2774,277.30554600000005,6.302636639169599
2775,277.405548,6.392197036870641
2776,277.50554999999997,6.650026225390004
2777,277.60555200000005,6.422240144017994
2778,277.705554,6.5780826637136505
2779,277.80555599999997,6.604116864825474
2780,277.90555800000004,6.44021707871522
2781,278.00556,6.539190694774234
2782,278.105562,6.515094960571546
2783,278.20556400000004,6.371742980516761
2784,278.305566,6.546304757996234
2785,278.405568,6.487471413011711
2786,278.50557000000003,6.5131606165894125
2787,278.605572,6.582525382509865
2788,278.705574,6.5048555458477155
2789,278.805576,6.503184109263305
2790,278.905578,6.354402419564161
2791,279.00558,6.481561661218741
2792,279.10558199999997,6.562917538419387
2793,279.20558400000004,6.466550245443115
2794,279.305586,6.462331212567447
2795,279.40558799999997,6.496016879363498
2796,279.50559000000004,6.391118527323694
2797,279.605592,6.4929611366474145
2798,279.70559399999996,6.723089651630426
2799,279.80559600000004,6.584893420208961
2800,279.905598,6.586350986263106
2801,280.0056,6.574128258740734
2802,280.10560200000003,6.636386828220184
2803,280.205604,6.445203364302283
2804,280.305606,6.539568538894303
2805,280.40560800000003,6.468067339285232
2806,280.50561,6.419997272045494
2807,280.605612,6.5946345227528
2808,280.705614,6.6338350292778765
2809,280.805616,6.689627497238541
2810,280.905618,6.424075489538829
2811,281.00562,6.544219458380299
2812,281.10562200000004,6.48480284389806
2813,281.205624,6.479354224212527
2814,281.30562599999996,6.498214528390386
2815,281.40562800000004,6.606964957518705
2816,281.50563,6.67649895251691
2817,281.60563199999996,6.559378124461326
2818,281.70563400000003,6.434821655009898
2819,281.805636,6.522432375287469
2820,281.90563799999995,6.396068318967319
2821,282.00564,6.262402069463863
2822,282.105642,6.521503247514484
2823,282.205644,6.62523255936723
2824,282.305646,6.485946314221417
2825,282.405648,6.289921425586258
2826,282.50565,6.417525177428554
2827,282.605652,6.329402987039637
2828,282.705654,6.4053711806724385
2829,282.805656,6.5956050836189934
2830,282.905658,6.6245498517518415
2831,283.00566000000003,6.629099931906508
2832,283.105662,6.377155877438414
2833,283.205664,6.575776953492152
2834,283.30566600000003,6.606064792687609
2835,283.405668,6.597018188943324
2836,283.50567,6.487759575436413
2837,283.605672,6.350170110359811
2838,283.705674,6.399258884263593
2839,283.805676,6.460361885227323
2840,283.905678,6.61377166516158
2841,284.00568,6.544743705136731
2842,284.105682,6.481684393942236
2843,284.205684,6.546860821172829
2844,284.305686,6.393148079550692
2845,284.405688,6.237734467920407
2846,284.50569,6.359324172337303
2847,284.605692,6.606236559129262
2848,284.705694,6.521162591165964
2849,284.805696,6.4246606673014535
2850,284.90569800000003,6.733036467261009
2851,285.0057,6.766972699527957
2852,285.105702,6.657889983028899
2853,285.205704,6.322507277016493
2854,285.305706,6.3720673315396485
2855,285.405708,6.518904036205039
2856,285.50571,6.36876160761464
2857,285.605712,6.453052777127133
2858,285.705714,6.523302404731677
2859,285.805716,6.383454273975364
2860,285.905718,6.433262885473872
2861,286.00572000000005,6.302631662552325
2862,286.105722,6.46710645422573
2863,286.205724,6.566723090935115
2864,286.30572600000005,6.305430152228118
2865,286.405728,6.39649846720208
2866,286.50572999999997,6.287379576967701
2867,286.60573200000005,6.319984745047748
2868,286.705734,6.547275203803598
2869,286.805736,6.270707910022065
2870,286.905738,6.4254009023486125
2871,287.00574,6.475781885915525
2872,287.105742,6.258288199469386
2873,287.205744,6.465861106567399
2874,287.305746,6.3390546387483
2875,287.405748,6.376825341709048
2876,287.50575,6.280245003124049
2877,287.605752,6.484770701290337
2878,287.705754,6.353102289261927
2879,287.805756,6.344022036426738
2880,287.90575800000005,6.457128504159769
2881,288.00576,6.413272571833407
2882,288.10576199999997,6.252067606235057
2883,288.20576400000004,6.254355182202842
2884,288.305766,6.279663273640518
2885,288.40576799999997,6.368670419395702
2886,288.50577000000004,6.589218196299579
2887,288.605772,6.249604851415643
2888,288.705774,6.154200316731318
2889,288.80577600000004,5.9125336315056956
2890,288.905778,6.19996955448777
2891,289.00578,6.117378145761168
2892,289.10578200000003,6.47412029835362
2893,289.205784,6.557749328869902
2894,289.305786,6.234832013342236
2895,289.405788,6.3010538834486995
2896,289.50579,6.420196646549482
2897,289.605792,6.354832006205948
2898,289.70579399999997,6.1782623256014215
2899,289.80579600000004,6.370751653831077
2900,289.905798,6.365095345606654
2901,290.00579999999997,6.362546999118635
2902,290.10580200000004,6.362668403904908
2903,290.205804,6.381467060396782
2904,290.30580599999996,6.455790712867331
2905,290.40580800000004,6.415843045130288
2906,290.50581,6.336453104127946
2907,290.605812,6.366366887172965
2908,290.70581400000003,6.290905257645276
2909,290.805816,6.3069691269297445
2910,290.905818,6.438133230092944
2911,291.00582,6.31894679410616
2912,291.105822,6.3741959146739005
2913,291.205824,6.441458375344929
2914,291.305826,6.516417662611591
2915,291.405828,6.462868542059542
2916,291.50583,6.306086167827769
2917,291.605832,6.483320751096633
2918,291.70583400000004,6.271225814228358
2919,291.805836,6.273106253550824
2920,291.905838,6.6015693784093
2921,292.00584000000003,6.4372790257727885
2922,292.105842,6.416620778459404
2923,292.20584399999996,6.4751545071423555
2924,292.30584600000003,6.095227366921414
2925,292.405848,6.31243893435527
2926,292.50585,6.549157701262263
2927,292.605852,6.451294923233872
2928,292.705854,6.628755615439397
2929,292.805856,6.387461959370952
2930,292.905858,6.5241208165221325
2931,293.00586,6.1887278095988725
2932,293.105862,6.2774994124333725
2933,293.205864,6.152452965330011
2934,293.305866,6.056822732658893
2935,293.405868,6.301754711163359
2936,293.50587,6.155695767989894
2937,293.60587200000003,6.379373871379354
2938,293.705874,6.202374485755959
2939,293.805876,6.402746073725656
2940,293.90587800000003,6.466694101989448
2941,294.00588,6.426013043974883
2942,294.105882,6.22580003604328
2943,294.205884,6.27892099900201
2944,294.305886,6.432216180761972
2945,294.405888,6.052979259264243
2946,294.50589,6.085452568414096
2947,294.605892,6.264089562762835
2948,294.70589400000006,6.204250021906399
2949,294.805896,6.5221582102791205
2950,294.905898,6.35807088308964
2951,295.0059,6.45105055000204
2952,295.105902,6.232253870605215
2953,295.205904,6.498626063411309
2954,295.305906,6.567232115813254
2955,295.405908,6.344129727738409
2956,295.50591000000003,6.368272667971199
2957,295.605912,6.269960939332612
2958,295.705914,6.347318288505773
2959,295.805916,6.394056544290014
2960,295.905918,6.39250008251849
2961,296.00592,6.380750708268901
2962,296.105922,6.373249140625538
2963,296.205924,6.305263723195516
2964,296.305926,6.325942648177891
2965,296.405928,6.342475515497
2966,296.50593,6.368065828860107
2967,296.60593200000005,6.308495529118283
2968,296.705934,6.320269345781019
2969,296.805936,6.367268432303147
2970,296.90593800000005,6.209739606875745
2971,297.00594,6.155927467871885
2972,297.10594199999997,5.940029536105995
2973,297.20594400000004,6.2193769995298185
2974,297.305946,6.44576999383993
2975,297.405948,6.456089477652493
2976,297.50595,6.362190220553159
2977,297.605952,6.1635604710272585
2978,297.705954,6.209794297837616
2979,297.805956,6.2545827313416975
2980,297.905958,6.416696380211638
2981,298.00596,6.142183303655158
2982,298.105962,6.289150102671316
2983,298.205964,6.30079263523141
2984,298.305966,6.230984924118906
2985,298.405968,6.513606951783529
2986,298.50597000000005,6.207957083357479
2987,298.605972,6.215323879927313
2988,298.70597399999997,6.267645542660488
2989,298.80597600000004,6.3923778776304845
2990,298.905978,6.310641844241077
2991,299.00597999999997,6.349787322137738
2992,299.10598200000004,6.505294017955924
2993,299.205984,6.560676747626263
2994,299.305986,6.340526807863703
2995,299.40598800000004,6.418570218724248
2996,299.50599,6.546734510287544
2997,299.605992,6.499790444551473
2998,299.70599400000003,6.517387141547855
2999,299.805996,6.569089812828522
3000,299.905998,6.448350112432765
3001,300.006,6.526473714564069
3002,300.106002,6.3878807514511875
3003,300.206004,6.312049552239991
3004,300.30600599999997,6.298762769621642
3005,300.40600800000004,6.2892455906022295
3006,300.50601,6.205938216433859
3007,300.60601199999996,6.248759032979503
3008,300.70601400000004,6.3836670641172955
3009,300.806016,6.404808504414018
3010,300.90601799999996,6.1590441232117
3011,301.00602000000003,6.19662572457227
3012,301.106022,6.128934579604353
3013,301.206024,6.172494015093825
3014,301.30602600000003,6.1263867929747065
3015,301.406028,6.1023209928968924
3016,301.50603,5.935726311448027
3017,301.606032,6.061213692413515
3018,301.706034,6.036378659737795
3019,301.806036,5.994997763547824
3020,301.906038,6.1107758790910385
3021,302.00604,6.370342746103735
3022,302.106042,6.28354462782714
3023,302.206044,6.233919026637112
3024,302.30604600000004,6.1137448433240165
3025,302.406048,6.017101470459311
3026,302.50605,6.023865872793279
3027,302.60605200000003,6.136505391437463
3028,302.706054,6.15646141249115
3029,302.80605599999996,6.081438671112186
3030,302.90605800000003,6.2933870749807514
3031,303.00606,6.484276574342033
3032,303.106062,6.230849605516086
3033,303.206064,6.492996265894088
3034,303.306066,6.028841617150744
3035,303.406068,6.293517897569292
3036,303.50607,5.984139682625517
3037,303.606072,6.306213924448369
3038,303.706074,6.186414985874564
3039,303.806076,6.261368023054738
3040,303.906078,6.216335547356686
3041,304.00608,6.2044415165249305
3042,304.106082,6.803458427572804
3043,304.20608400000003,6.716680234149642
3044,304.306086,6.590489399315956
3045,304.406088,6.348832404213861
3046,304.50609000000003,6.562629717270311
3047,304.606092,6.632491400123041
3048,304.706094,6.607087161028237
3049,304.806096,6.342910008776268
3050,304.906098,6.423619994553463
3051,305.00610000000006,6.672047461746369
3052,305.106102,6.55951365041363
3053,305.206104,6.481435697245783
3054,305.30610600000006,6.596250755166631
3055,305.406108,6.404285967661117
3056,305.50611,6.467037236829246
3057,305.606112,6.42916004134203
3058,305.706114,6.377434383986479
3059,305.806116,6.944374563410535
3060,305.906118,6.53790585134882
3061,306.00612,6.547832707293174
3062,306.106122,6.717209370171294
3063,306.206124,6.644886990000043
3064,306.306126,6.725922625223739
3065,306.406128,6.679667895124742
3066,306.50613,6.836224348930329
3067,306.606132,6.665033476370077
3068,306.706134,6.742864095614469
3069,306.806136,6.68114820740347
3070,306.90613800000006,6.847994641855462
3071,307.00614,6.693975982840049
3072,307.106142,6.707356383564874
3073,307.20614400000005,6.5751956025668
3074,307.306146,6.769596738303197
3075,307.406148,6.583242131792855
3076,307.50615000000005,6.369810862428356
3077,307.606152,6.451722513136605
3078,307.70615399999997,6.237415203771787
3079,307.80615600000004,6.556426567709887
3080,307.906158,6.3362152163028425
3081,308.00616,6.528249869791166
3082,308.106162,6.336934353040509
3083,308.206164,6.587403304688146
3084,308.306166,6.491583240845398
3085,308.406168,6.518546098748959
3086,308.50617,6.547906233149664
3087,308.606172,6.651828869776407
3088,308.706174,6.661284183844757
3089,308.806176,6.415528563900446
3090,308.906178,6.357372343008822
3091,309.00618,6.56162195183592
3092,309.10618200000005,6.463586118730579
3093,309.206184,6.508591026905672
3094,309.30618599999997,6.252945116955048
3095,309.40618800000004,6.322945697529729
3096,309.50619,6.2788287373896585
3097,309.60619199999996,6.459950008219606
3098,309.70619400000004,6.426259194708212
3099,309.806196,6.632767100485657
3100,309.906198,6.508841425214906
3101,310.00620000000004,6.522390368912482
3102,310.106202,6.467428184512812
3103,310.206204,6.3521578393923255
3104,310.30620600000003,6.559874925048916
3105,310.406208,6.574019417551434
3106,310.50621,6.519777715725911
3107,310.606212,6.581609076195006
3108,310.706214,6.619724166855134
3109,310.806216,6.539668044295142
3110,310.90621799999997,6.451365854858208
3111,311.00622000000004,6.498799776364902
3112,311.106222,6.813729057488955
3113,311.20622399999996,6.548705823521074
3114,311.30622600000004,6.723672948898189
3115,311.406228,6.813977697689718
3116,311.50622999999996,6.817674931630207
3117,311.60623200000003,6.648852810596647
3118,311.706234,6.577374318745353
3119,311.806236,6.332832736388552
3120,311.90623800000003,6.348576551953414
3121,312.00624,6.500146961500046
3122,312.106242,6.810658454787119
3123,312.206244,6.718967151916253
3124,312.306246,6.515769546763292
3125,312.406248,6.371662026293942
3126,312.50625,6.3437618053478255
3127,312.606252,6.232079226653515
3128,312.706254,6.411947866125151
3129,312.806256,6.453188246084414
3130,312.90625800000004,6.448758449863515
3131,313.00626,6.584838303633395
3132,313.106262,6.333474995183205
3133,313.20626400000003,6.322842878099694
3134,313.306266,6.461840381061399
3135,313.40626799999995,6.484153076812153
3136,313.50627000000003,6.361332020647242
3137,313.606272,6.347513524828906
3138,313.706274,6.189803395808558
3139,313.806276,6.264256062398599
3140,313.906278,6.3568709476041025
3141,314.00628,6.281087357513394
3142,314.106282,6.27815648159043
3143,314.206284,6.366019350593395
3144,314.306286,6.290222406196883
3145,314.406288,6.294154202534325
3146,314.50629,6.462278039228536
3147,314.606292,6.525708776143947
3148,314.706294,6.534263998516118
3149,314.80629600000003,6.407948608405756
3150,314.906298,6.588757127473462
3151,315.0063,6.5628804248813015
3152,315.106302,6.635403519576456
3153,315.206304,6.517138678064648
3154,315.306306,6.496928321858359
3155,315.406308,6.46580077364072
3156,315.50631,6.389322204383918
3157,315.60631200000006,6.099183932107594
3158,315.706314,6.280130290410016
3159,315.806316,6.296801554513399
3160,315.90631800000006,6.495474566974863
3161,316.00632,6.309152666498451
3162,316.106322,6.308777521055635
3163,316.206324,6.357204392602637
3164,316.306326,6.399516752057236
3165,316.406328,6.460462216925601
3166,316.50633,6.423847270749052
3167,316.606332,6.3747007143738355
3168,316.706334,6.501739968816778
3169,316.806336,6.571849613581556
3170,316.906338,6.497967927836738
3171,317.00634,6.553130426315532
3172,317.106342,6.2678863834314775
3173,317.206344,6.380169929583173
3174,317.306346,6.348182941945827
3175,317.406348,6.139374715580234
3176,317.50635000000005,6.276539333840346
3177,317.606352,6.257293592009238
3178,317.706354,6.323765045925476
3179,317.80635600000005,6.040112097450403
3180,317.906358,6.033858056453502
3181,318.00636,5.993723589623986
3182,318.10636200000005,6.238302970155966
3183,318.206364,6.164633945435056
3184,318.30636599999997,6.0248172547910785
3185,318.40636800000004,6.0685829564344225
3186,318.50637,6.119026978321879
3187,318.606372,6.0274103052835
3188,318.706374,6.0135705762648834
3189,318.806376,6.185437922412742
3190,318.906378,6.127978368535108
3191,319.00638,6.122447656850192
3192,319.106382,6.242412898369909
3193,319.206384,6.205980462383089
3194,319.306386,6.13209287452875
3195,319.40638800000005,6.214175023835528
3196,319.50639,6.079227982622084
3197,319.60639199999997,6.148943917992896
3198,319.70639400000005,6.053201760185484
3199,319.806396,6.437980630731469
3200,319.90639799999997,6.456490539332894
3201,320.00640000000004,6.606286862484802
3202,320.106402,6.742893990371856
3203,320.20640399999996,6.340212954859038
3204,320.30640600000004,6.50017475017227
3205,320.406408,6.466481887250415
3206,320.50641,6.847020838975488
3207,320.60641200000003,6.725271370322425
3208,320.706414,6.427754683816718
3209,320.806416,6.583728984585682
3210,320.90641800000003,6.417643682315726
3211,321.00642,6.237571734534192
3212,321.106422,6.244378258273238
3213,321.206424,6.309388973295085
3214,321.306426,6.394114178687677
3215,321.406428,7.459328816142615
3216,321.50642999999997,7.567791573004096
3217,321.60643200000004,7.0801012402720405
3218,321.706434,6.638375890043713
3219,321.80643599999996,6.668175986558864
3220,321.90643800000004,6.530858061628237
3221,322.00644,6.503146078241383
3222,322.10644199999996,6.509533742108623
3223,322.20644400000003,6.693707483786402
3224,322.306446,6.775306855101615
3225,322.406448,6.894022850592965
3226,322.50645000000003,6.8477383772181435
3227,322.606452,7.187315198335429
3228,322.706454,6.50801832889491
3229,322.806456,6.777280977464776
3230,322.906458,6.525672976007108
3231,323.00646,6.617231769741692
3232,323.106462,6.433972393136023
3233,323.206464,6.655153429083257
3234,323.306466,6.389082477574351
3235,323.406468,6.582622066787119
3236,323.50647000000004,6.651088643653508
3237,323.606472,6.794579985031982
3238,323.706474,6.462567985477894
3239,323.80647600000003,6.503352235076471
3240,323.906478,6.33276763885895
3241,324.00647999999995,6.670689047555339
3242,324.106482,6.443391081946894
3243,324.206484,6.426903656398134
3244,324.306486,6.522100906220112
3245,324.406488,6.2575469342382135
3246,324.50649,6.294831885248062
3247,324.606492,6.114062739748066
3248,324.706494,6.077896459504474
3249,324.806496,6.5070138819516306
3250,324.906498,6.448965262125552
3251,325.0065,6.683305746276929
3252,325.106502,6.571213016357362
3253,325.206504,6.49994283692202
3254,325.306506,6.521198988342349
3255,325.40650800000003,6.274850742365239
3256,325.50651,5.956442555736259
3257,325.606512,6.0287346504381185
3258,325.706514,5.9923833995411275
3259,325.806516,6.504941546559632
3260,325.906518,6.309978932382256
3261,326.00652,6.03933682107798
3262,326.106522,6.135080425675826
3263,326.20652400000006,6.218482373886647
3264,326.306526,6.235899717034702
3265,326.406528,6.1897648220286685
3266,326.50653000000005,6.189741371244678
3267,326.606532,6.209070161263845
3268,326.706534,6.1136310432785885
3269,326.806536,6.07879910060613
3270,326.906538,6.118142101329544
3271,327.00654,6.177234665607452
3272,327.106542,6.1093949541032755
3273,327.206544,6.161579716611258
3274,327.306546,6.112654428530037
3275,327.406548,6.155426997694387
3276,327.50655,6.200733585207557
3277,327.606552,6.177791420200231
3278,327.706554,6.103089972187779
3279,327.806556,6.119914743845533
3280,327.906558,6.178637010666551
3281,328.00656,6.065523041122081
3282,328.10656200000005,6.251753844956497
3283,328.206564,6.076770191455598
3284,328.306566,6.084768501897314
3285,328.40656800000005,6.054603425826927
3286,328.50657,6.129699415664016
3287,328.60657199999997,6.005916139614762
3288,328.70657400000005,6.043846099158467
3289,328.806576,6.040371604022825
3290,328.90657799999997,6.124424417749167
3291,329.00658000000004,6.300510482720228
3292,329.106582,6.093399440730566
3293,329.206584,6.059042530273614
3294,329.30658600000004,6.160207476619407
3295,329.406588,6.042148782267233
3296,329.50659,5.849559838048146
3297,329.606592,5.913018257670049
3298,329.706594,5.880212842297004
3299,329.806596,5.865780711857673
3300,329.906598,5.921763156910626
3301,330.00660000000005,5.991123883709403
3302,330.106602,6.050305067417383
3303,330.20660399999997,6.021846511648652
3304,330.30660600000004,6.251192744266773
3305,330.406608,6.1732435499265845
3306,330.50660999999997,6.2980288012771615
3307,330.60661200000004,6.568729150981383
3308,330.706614,6.340515435804328
3309,330.80661599999996,6.140138849598645
3310,330.90661800000004,6.398023364784558
3311,331.00662,5.941924943922048
3312,331.106622,6.136398434093438
3313,331.20662400000003,7.206365738244552
3314,331.306626,7.4155684735737335
3315,331.406628,7.218188495512167
3316,331.50663000000003,6.917573798938483
3317,331.606632,6.8811540409954315
3318,331.706634,7.157774472592283
3319,331.806636,7.4456002503726335
3320,331.90663800000004,7.805778291034194
3321,332.00664,7.801394995640693
3322,332.10664199999997,8.58300909976387
3323,332.20664400000004,8.239804420135581
3324,332.306646,8.588833368079397
3325,332.40664799999996,8.014730206041323
3326,332.50665000000004,7.449437335005982
3327,332.606652,8.29244397721231
3328,332.70665399999996,8.201488388639634
3329,332.80665600000003,7.073028151093874
3330,332.906658,6.996629683288733
3331,333.00666,6.652345292729998
3332,333.10666200000003,6.594001950302927
3333,333.206664,6.665181122776503
3334,333.306666,6.909142098707086
3335,333.406668,6.811134690375826
3336,333.50667,6.7191860115265865
3337,333.606672,6.786070392914228
3338,333.706674,6.969962047820285
3339,333.80667600000004,6.716654376462809
3340,333.906678,6.832244487630236
3341,334.00668,6.986141627062482
3342,334.10668200000003,6.39595168561682
3343,334.206684,6.586223113343024
3344,334.306686,6.285055051697567
3345,334.40668800000003,6.701874846000162
3346,334.50669,6.886156351046389
3347,334.60669199999995,6.7992694486064
3348,334.706694,6.846149791027789
3349,334.806696,6.491996536864184
3350,334.906698,6.548603674597638
3351,335.0067,6.7872458996533
3352,335.106702,6.683937322723012
3353,335.206704,6.567792602633111
3354,335.306706,6.627778110236372
3355,335.406708,6.865647670587715
3356,335.50671,6.675797883439742
3357,335.606712,6.794602670647311
3358,335.706714,6.838412487874645
3359,335.806716,6.782545214527141
3360,335.906718,6.695898823142616
3361,336.00672000000003,7.2778538132819275
3362,336.106722,7.848224644686966
3363,336.206724,7.879941403837965
3364,336.306726,7.534443666763857
3365,336.406728,7.987736107606217
3366,336.50673,7.3528036229476
3367,336.606732,7.267405505111056
3368,336.706734,7.4207126219097415
3369,336.80673600000006,7.448773435416763
3370,336.906738,7.224401505827022
3371,337.00674,7.4675977449942055
3372,337.10674200000005,7.561392749026395
3373,337.206744,7.106935509680374
3374,337.306746,7.059454265738475
3375,337.406748,7.201722525682175
3376,337.50675,7.2984594325919465
3377,337.606752,7.0417936060055
3378,337.706754,7.265709598284871
3379,337.806756,7.957242649737209
3380,337.906758,7.10435090175761
3381,338.00676,7.035303963355857
3382,338.106762,6.926447663629295
3383,338.206764,7.075013990636551
3384,338.306766,7.2600899115015896
3385,338.406768,7.722525554380766
3386,338.50677,7.409903938117061
3387,338.606772,7.368996417855247
3388,338.70677400000005,7.1639672267721854
3389,338.806776,7.644141011211663
3390,338.906778,7.324164447690651
3391,339.00678000000005,7.5767950754857525
3392,339.106782,7.477968559954989
3393,339.20678399999997,7.553752874380739
3394,339.30678600000005,7.143442400756732
3395,339.406788,7.471493068698829
3396,339.50678999999997,7.625639219224335
3397,339.60679200000004,8.01489408035706
3398,339.706794,8.234359186076716
3399,339.806796,7.810087520524483
3400,339.90679800000004,7.7301312576720465
3401,340.0068,7.6473465499445314
3402,340.106802,7.561934262412769
3403,340.206804,7.349600901888245
3404,340.306806,7.006946472125042
3405,340.406808,7.261212388014998
3406,340.50681,6.795225285649744
3407,340.60681200000005,7.161293921483142
3408,340.706814,7.223539453808965
3409,340.80681599999997,7.279046971530908
3410,340.90681800000004,7.090534453601738
3411,341.00682,6.956040053407388
3412,341.10682199999997,6.887065962166407
3413,341.20682400000004,6.504692651561255
3414,341.306826,6.5279795213203915
3415,341.40682799999996,6.968215950289309
3416,341.50683000000004,6.984998971884601
3417,341.606832,6.652546716116687
3418,341.706834,6.448188710944956
3419,341.80683600000003,6.621516122247045
3420,341.906838,6.629625213745789
3421,342.00684,6.578602403035773
3422,342.10684200000003,6.776546700673275
3423,342.206844,6.918092259761121
3424,342.306846,6.9306875071882645
3425,342.406848,6.27679209945084
3426,342.50685000000004,6.430421626512785
3427,342.606852,6.365470187669456
3428,342.70685399999996,6.315082157962593
3429,342.80685600000004,6.268542970987262
3430,342.906858,6.319429944045428
3431,343.00685999999996,6.412886689996508
3432,343.10686200000004,6.517599314717697
3433,343.206864,6.254455284377449
3434,343.30686599999996,6.517341835472787
3435,343.40686800000003,6.639818755060112
3436,343.50687,6.452319134103242
3437,343.606872,6.870922996078841
3438,343.706874,7.228946392359149
3439,343.806876,7.291946466798844
3440,343.906878,6.952672947777706
3441,344.00688,6.953467925952797
3442,344.106882,7.274217899962884
3443,344.206884,7.859571532426346
3444,344.306886,8.22054041399152
3445,344.40688800000004,7.965046498851185
3446,344.50689,8.139804869952966
3447,344.606892,7.992939718535607
3448,344.70689400000003,7.877613247076167
3449,344.806896,7.876363494925257
3450,344.906898,7.781580288221626
3451,345.00690000000003,7.545812096310519
3452,345.106902,7.756954808063669
3453,345.206904,7.579212006974321
3454,345.306906,7.590157612081747
3455,345.406908,7.45060637739187
3456,345.50691,7.237125840345423
3457,345.606912,7.611096595878445
3458,345.706914,7.885545717652152
3459,345.806916,7.797937330570363
3460,345.906918,7.905587873755397
3461,346.00692,7.577346982517923
3462,346.106922,8.510779802529646
3463,346.206924,8.553351225753493
3464,346.30692600000003,8.346364915099189
3465,346.406928,8.765911856461875
3466,346.50693,7.737585278357136
3467,346.60693200000003,7.832864104146171
3468,346.706934,8.017371863010238
3469,346.806936,8.25757056535098
3470,346.906938,8.359142074735372
3471,347.00694,7.974782693151888
3472,347.106942,8.251549745527491
3473,347.206944,8.513056506349066
3474,347.306946,8.655216802234454
3475,347.40694800000006,8.700322563654563
3476,347.50695,8.568265791753602
3477,347.606952,8.852119540644958
3478,347.70695400000005,8.544430369127578
3479,347.806956,8.03161016157151
3480,347.906958,9.187626499065077
3481,348.00696000000005,8.237879085137177
3482,348.106962,8.383933000850023
3483,348.206964,8.457540262476135
3484,348.306966,8.697722812102567
3485,348.406968,9.241039974727284
3486,348.50697,9.297340134023349
3487,348.606972,8.656871695093015
3488,348.706974,8.541400155930377
3489,348.806976,8.667681526501093
3490,348.906978,8.43673138772745
3491,349.00698,8.386243273552546
3492,349.106982,8.410648121374583
3493,349.206984,8.493025415497286
3494,349.30698600000005,8.484149311752832
3495,349.406988,8.443702592834924
3496,349.50699,8.434528931802419
3497,349.60699200000005,8.605424723078137
3498,349.706994,8.130878776593818
3499,349.80699599999997,8.622883193100407
3500,349.90699800000004,8.991282668379483
3501,350.007,9.270945450490983
3502,350.10700199999997,9.133025726234846
3503,350.20700400000004,8.54042214786189
3504,350.307006,8.705553469635932
3505,350.407008,8.562146736504648
3506,350.50701000000004,9.083779617706773
3507,350.607012,9.045451270354528
3508,350.707014,9.146615081020586
3509,350.807016,8.907699682044747
3510,350.907018,8.889015735858026
3511,351.00702,9.21940029582547
3512,351.107022,8.379502655487999
3513,351.20702400000005,8.93532411501886
3514,351.307026,8.689369228919386
3515,351.40702799999997,8.615114204404135
3516,351.50703000000004,8.293389592973758
3517,351.607032,8.541784778805047
3518,351.70703399999996,8.299978642682143
3519,351.80703600000004,8.491502843751508
3520,351.907038,8.349799770397498
3521,352.00703999999996,8.389372886469761
3522,352.10704200000004,8.396705035518993
3523,352.207044,8.471670120765948
3524,352.307046,8.565422920673381
3525,352.40704800000003,8.413515139834878
3526,352.50705,8.581062166380452
3527,352.607052,8.396715099114443
3528,352.707054,8.392768594087693
3529,352.807056,8.38365804545986
3530,352.907058,8.32755784243235
3531,353.00706,8.43710962697033
3532,353.10706200000004,8.297502738064468
3533,353.207064,8.54128722002771
3534,353.30706599999996,8.356878277172846
3535,353.40706800000004,8.345083047072096
3536,353.50707,8.421173564556275
3537,353.60707199999996,8.380607964461907
3538,353.70707400000003,8.229408337949572
3539,353.807076,8.476620353802634
3540,353.90707799999996,8.316338143229817
3541,354.00708000000003,8.612085109416844
3542,354.107082,8.297116582056821
3543,354.207084,8.715026433287466
3544,354.307086,8.528408506271001
3545,354.407088,8.094966181064255
3546,354.50709,8.13450381119903
3547,354.607092,8.33768249639531
3548,354.707094,8.53915182740077
3549,354.807096,8.416338445126877
3550,354.907098,8.506438902078914
3551,355.00710000000004,8.543199091976781
3552,355.107102,8.681115660622096
3553,355.207104,8.439555873982929
3554,355.30710600000003,8.460922619656426
3555,355.407108,8.418860788681522
3556,355.50711,8.561166736054812
3557,355.60711200000003,8.436431065245248
3558,355.707114,8.528270076463754
3559,355.807116,8.275732601163595
3560,355.907118,8.134300175805874
3561,356.00712,8.717769003546751
3562,356.107122,7.91360708657162
3563,356.207124,8.069092520161155
3564,356.307126,8.142311316314792
3565,356.407128,8.277020443742224
3566,356.50713,8.581553652851317
3567,356.607132,8.05088506356119
3568,356.707134,8.493515984703018
3569,356.807136,8.319164013183435
3570,356.90713800000003,8.4451627312186
3571,357.00714,8.245737030098523
3572,357.107142,8.372719703513214
3573,357.207144,8.35114979155775
3574,357.307146,8.357042244992924
3575,357.407148,8.221897287974016
3576,357.50715,8.182048619889494
3577,357.607152,8.645000990023654
3578,357.707154,8.550344785116966
3579,357.807156,8.637272445589398
3580,357.907158,8.764148408488449
3581,358.00716000000006,8.65914496640127
3582,358.107162,8.424854780527482
3583,358.207164,8.559541204165363
3584,358.30716600000005,8.534428047708646
3585,358.407168,8.518742145132103
3586,358.50717,8.299733428545926
3587,358.60717200000005,8.41323292535238
3588,358.707174,8.28873940095427
3589,358.807176,8.35512806234384
3590,358.907178,8.280968603991413
3591,359.00718,8.300888871443917
3592,359.107182,8.303805576400793
3593,359.207184,8.277877022141858
3594,359.307186,8.142601941525927
3595,359.407188,8.28076783094089
3596,359.50719,8.688996303886206
3597,359.607192,8.777643291358334
3598,359.707194,8.409900729814156
3599,359.807196,8.565876304906277
3600,359.90719800000005,8.178693449586069
3601,360.0072,8.120790448257392
3602,360.107202,8.150110950121462
3603,360.20720400000005,8.010096824987366
3604,360.307206,8.33423640936829
3605,360.40720799999997,8.599767363104045
3606,360.50721000000004,8.516337428399952
3607,360.607212,8.405764733799538
3608,360.707214,7.8961575506659045
3609,360.80721600000004,8.153443907846297
3610,360.907218,8.344853656966023
3611,361.00722,8.218667175432468
3612,361.10722200000004,8.410756903092658
3613,361.207224,8.629826141552664
3614,361.307226,8.351113028691278
3615,361.407228,8.597822744620549
3616,361.50723,8.068303346766662
3617,361.607232,7.7375846117201155
3618,361.70723399999997,8.206814284763077
3619,361.80723600000005,8.26669042990413
3620,361.907238,8.216299228842601
3621,362.00723999999997,8.360946586058814
3622,362.10724200000004,8.275609195478058
3623,362.207244,8.429849530530095
3624,362.30724599999996,8.286584031189586
3625,362.40724800000004,8.20554499111947
3626,362.50725,8.20924568791825
3627,362.60725199999996,8.653206946301516
3628,362.70725400000003,8.488659713370417
3629,362.807256,8.370707353726631
3630,362.907258,8.534490781143798
3631,363.00726000000003,8.382188468110817
3632,363.107262,8.407016432642003
3633,363.207264,8.619004407135863
3634,363.307266,8.491902272200775
3635,363.407268,8.665483226713786
3636,363.50727,8.45457868861345
3637,363.607272,8.184907039178565
3638,363.70727400000004,8.15397933295257
3639,363.807276,7.901407025907723
3640,363.907278,8.150272349571718
3641,364.00728000000004,8.183649004586671
3642,364.107282,7.969962483229898
3643,364.20728399999996,8.392886601662223
3644,364.30728600000003,8.222625034323979
3645,364.407288,8.496351058825997
3646,364.50728999999995,8.317645523985615
3647,364.60729200000003,8.37929162443541
3648,364.707294,8.230052083835313
3649,364.807296,8.281696322681071
3650,364.907298,8.342916630615141
3651,365.0073,8.04423999336151
3652,365.107302,8.37152955317743
3653,365.207304,8.471646252919038
3654,365.307306,8.640580299158184
3655,365.407308,8.602621772701724
3656,365.50731,8.399484849757687
3657,365.60731200000004,8.521226119094234
3658,365.707314,8.489129673926266
3659,365.807316,8.40680852627109
3660,365.90731800000003,8.411210199433675
3661,366.00732,8.502043602377215
3662,366.107322,8.609591458787776
3663,366.207324,8.366520612723836
3664,366.307326,8.61781313249645
3665,366.407328,8.492353519066269
3666,366.50733,8.614803307732737
3667,366.607332,8.579100756952794
3668,366.70733400000006,8.261135419626445
3669,366.807336,8.522351734537688
3670,366.907338,8.464817311494667
3671,367.00734,8.715678040309928
3672,367.107342,8.273178773126487
3673,367.207344,8.363706504112386
3674,367.307346,8.468606645266949
3675,367.407348,8.67562228761729
3676,367.50735000000003,8.719233731290707
3677,367.607352,8.583322509702395
3678,367.707354,8.451597379806921
3679,367.807356,8.384392073757013
3680,367.907358,8.616840870408591
3681,368.00736,8.474515843991268
3682,368.107362,8.505290489673069
3683,368.207364,8.372626586295032
3684,368.307366,8.53206337992042
3685,368.407368,8.430723199550107
3686,368.50737,8.653595391651999
3687,368.60737200000005,8.356256182125714
3688,368.707374,8.516363874343654
3689,368.807376,8.577575967731486
3690,368.90737800000005,7.987448843096527
3691,369.00738,8.047269376473958
3692,369.107382,8.308809970629863
3693,369.20738400000005,8.44034609407219
3694,369.307386,8.439686673198281
3695,369.407388,8.809116113102847
3696,369.50739,8.362883863247923
3697,369.607392,8.379695088064521
3698,369.707394,8.529185049581002
3699,369.807396,8.234832490794952
3700,369.907398,8.894868758210619
3701,370.0074,8.505175295365015
3702,370.107402,8.504556863159838
3703,370.207404,8.30649196156778
3704,370.307406,8.469355531920822
3705,370.407408,8.458993295991117
3706,370.50741000000005,8.330535483844308
3707,370.607412,8.196420848002951
3708,370.70741399999997,8.488176984723282
3709,370.80741600000005,8.425554524443655
3710,370.907418,8.706223525505974
3711,371.00741999999997,8.661469549716877
3712,371.10742200000004,8.776069529373762
3713,371.207424,8.371525943546992
3714,371.307426,8.585276011607577
3715,371.40742800000004,8.34775806007929
3716,371.50743,8.190186121641853
3717,371.607432,8.09522587476367
3718,371.70743400000003,8.170044922855828
3719,371.807436,8.330161674525982
3720,371.907438,8.334965348015386
3721,372.00744,8.477819121704895
3722,372.107442,8.483773361043726
3723,372.207444,8.158390057621048
3724,372.30744599999997,8.299539689602279
3725,372.40744800000004,8.091892665391457
3726,372.50745,8.40074428426651
3727,372.60745199999997,8.309228048291446
3728,372.70745400000004,8.763580029097035
3729,372.807456,8.835290466838915
3730,372.90745799999996,8.776131468143728
3731,373.00746000000004,8.881963159749617
3732,373.107462,8.57055611108812
3733,373.207464,8.82560226991088
3734,373.30746600000003,8.891530445571448
3735,373.407468,8.893941510539314
3736,373.50747,8.798776497686687
3737,373.60747200000003,8.938454881359517
3738,373.707474,9.008020467204041
3739,373.807476,9.164769895639681
3740,373.907478,9.129347003422385
3741,374.00748,9.328572289174542
3742,374.107482,8.934718593659383
3743,374.207484,9.5174321648497
3744,374.30748600000004,9.366637139992061
3745,374.407488,9.384981234703085
3746,374.50749,9.458444260189227
3747,374.60749200000004,9.676987098456522
3748,374.707494,9.248431693558686
3749,374.80749599999996,9.357840324286428
3750,374.90749800000003,9.308217233138205
3751,375.0075,9.03248723919386
3752,375.107502,8.877751736590294
3753,375.20750400000003,8.98035215521178
3754,375.307506,9.353040635146302
3755,375.407508,8.47322310780156
3756,375.50751,8.448434433908535
3757,375.607512,9.157220071968828
3758,375.707514,9.023316696456734
3759,375.807516,8.887152267142858
3760,375.907518,8.818361166126255
3761,376.00752,8.81457905846419
3762,376.107522,9.120752532375194
3763,376.20752400000003,8.983439676700703
3764,376.307526,8.618600382576687
3765,376.407528,8.467307138876647
3766,376.50753000000003,9.021410693337812
3767,376.607532,8.650461017335655
3768,376.707534,8.733893630588591
3769,376.807536,8.491422556050818
3770,376.907538,8.402912420401416
3771,377.00754,8.979882503143095
3772,377.107542,8.702413443507162
3773,377.207544,8.828556270139558
3774,377.30754600000006,8.655800147328689
3775,377.407548,8.80656600025548
3776,377.50755,8.4882167784936
3777,377.607552,8.696841295028815
3778,377.707554,8.709975177085383
3779,377.807556,8.683517849687034
3780,377.907558,8.560868413872141
3781,378.00756,8.436577948045114
3782,378.10756200000003,8.656970740370133
3783,378.207564,8.631206483716587
3784,378.307566,8.506695081297375
3785,378.407568,8.593100187571277
3786,378.50757,8.560494864838802
3787,378.607572,8.619063676446856
3788,378.707574,8.861911142544933
3789,378.807576,8.298911435685426
3790,378.907578,8.237492722910769
3791,379.00758,8.484858834461145
3792,379.107582,8.367956284508734
3793,379.20758400000005,8.763599869891678
3794,379.307586,8.927348683324878
3795,379.407588,8.511572366036349
3796,379.50759000000005,8.147482216624777
3797,379.607592,8.408108840269257
3798,379.707594,8.444801579034255
3799,379.80759600000005,8.436368181240242
3800,379.907598,8.116731342261751
3801,380.0076,8.31125563676152
3802,380.107602,8.22857852707852
3803,380.207604,8.274411183818623
3804,380.307606,8.932088900165079
3805,380.407608,8.068038677530794
3806,380.50761,8.432071992062125
3807,380.607612,8.542097746809404
3808,380.707614,8.512316635267005
3809,380.807616,8.629411939114089
3810,380.907618,8.83918289253278
3811,381.00762,8.734946251795074
3812,381.10762200000005,8.542612471769367
3813,381.207624,8.615505341904578
3814,381.30762599999997,8.770544440322551
3815,381.40762800000005,8.64860254834172
3816,381.50763,8.51019685210371
3817,381.60763199999997,8.601083884586185
3818,381.70763400000004,8.626234182313992
3819,381.807636,8.478364341947044
3820,381.907638,8.84914808692924
3821,382.00764000000004,8.800174744612619
3822,382.107642,9.073013720281798
3823,382.207644,8.711442632950138
3824,382.30764600000003,8.886864036453021
3825,382.407648,8.815116421200235
3826,382.50765,8.668342203886445
3827,382.60765200000003,8.434596343872458
3828,382.707654,8.42977934416348
3829,382.807656,8.173666072521469
3830,382.90765799999997,8.937065287423357
3831,383.00766000000004,8.909604859335968
3832,383.107662,8.593168207878126
3833,383.20766399999997,8.88824319336373
3834,383.30766600000004,8.284554876160465
3835,383.407668,8.304131649726362
3836,383.50766999999996,8.501925591837368
3837,383.60767200000004,8.472603409998914
3838,383.707674,8.630251377294803
3839,383.807676,8.636588670484054
3840,383.90767800000003,8.780817489016096
3841,384.00768,9.092948549785064
3842,384.107682,8.6909770433816
3843,384.20768400000003,8.529487728706789
3844,384.307686,8.700382728515127
3845,384.407688,8.97106330563167
3846,384.50769,9.1278591328347
3847,384.607692,8.684406259251995
3848,384.707694,9.030037771610518
3849,384.807696,8.691495208839818
3850,384.90769800000004,8.992494310368764
3851,385.0077,8.85928845700818
3852,385.107702,9.068049691362745
3853,385.20770400000004,8.85057928892911
3854,385.307706,8.891135192330722
3855,385.40770799999996,9.022124648763278
3856,385.50771000000003,8.86068407661814
3857,385.607712,9.002278436808096
3858,385.707714,8.487835297358929
3859,385.807716,8.936274739489367
3860,385.907718,8.622892766779206
3861,386.00772,8.870284255539707
3862,386.107722,7.797413662507614
3863,386.207724,8.122652692313105
3864,386.307726,8.184744817509053
3865,386.407728,8.433184232619793
3866,386.50773,8.327214979552055
3867,386.607732,8.37836433796081
3868,386.707734,8.256845649096963
3869,386.80773600000003,8.001788444953222
3870,386.907738,8.758520652353335
3871,387.00774,8.485572271977043
3872,387.10774200000003,8.27727965317079
3873,387.207744,8.606157329851298
3874,387.307746,9.141004664286742
3875,387.407748,8.32902065338983
3876,387.50775,8.323485402291425
3877,387.60775200000006,8.328880992312945
3878,387.707754,8.265432924175313
3879,387.807756,8.600057441028866
3880,387.90775800000006,8.540190740309571
3881,388.00776,8.220893643411978
3882,388.107762,8.545881996101654
3883,388.207764,8.80014432109273
3884,388.307766,8.546894700823923
3885,388.407768,8.535190827980593
3886,388.50777,9.021302353985053
3887,388.607772,9.39714690709396
3888,388.70777400000003,9.074857190149629
3889,388.807776,8.526858784714493
3890,388.907778,8.841131277532615
3891,389.00778,8.935810693361022
3892,389.107782,8.726569451908148
3893,389.207784,9.057705798161889
3894,389.307786,8.832915739294117
3895,389.407788,8.740270429259809
3896,389.50779,8.242953975140749
3897,389.607792,8.440339868636777
3898,389.707794,8.326508840969444
3899,389.80779600000005,8.34894992707013
3900,389.907798,8.36028887316354
3901,390.0078,8.296460422243415
3902,390.10780200000005,8.58822285370972
3903,390.207804,8.581000616867534
3904,390.30780599999997,8.544588146819558
3905,390.40780800000005,9.13315910881242
3906,390.50781,8.222877645389882
3907,390.607812,8.597160145065915
3908,390.707814,8.764287473363996
3909,390.807816,9.083928204796747
3910,390.907818,8.744750854897553
3911,391.00782,8.696456331345974
3912,391.107822,8.9000832243736
3913,391.207824,8.647339122144631
3914,391.307826,8.643684738014061
3915,391.407828,8.567280017923942
3916,391.50783,8.681151260089967
3917,391.607832,8.360881179519504
3918,391.70783400000005,8.418999029895927
3919,391.807836,8.322721651240135
3920,391.90783799999997,8.3055095515198
3921,392.00784000000004,8.056016132862508
3922,392.107842,8.389259245930477
3923,392.20784399999997,8.62381752277725
3924,392.30784600000004,8.38159833563628
3925,392.407848,8.22308095678734
3926,392.50785,8.78727623479827
3927,392.60785200000004,8.941216862194032
3928,392.707854,8.860225418250169
3929,392.807856,9.191526934002681
3930,392.90785800000003,8.963425729968275
3931,393.00786,9.060588646964954
3932,393.107862,9.130198850682115
3933,393.20786400000003,9.194635100247746
3934,393.307866,9.449652525487199
3935,393.407868,9.017400927100633
3936,393.50786999999997,9.201324850971641
3937,393.60787200000004,8.781841978077937
3938,393.707874,8.979454654728787
3939,393.80787599999996,8.845890158399099
3940,393.90787800000004,9.155523720513086
3941,394.00788,8.713998666759096
3942,394.10788199999996,8.765522764988605
3943,394.20788400000004,8.70456948558654
3944,394.307886,9.056302111221484
3945,394.407888,9.156375787683617
3946,394.50789000000003,9.221579469156879
3947,394.607892,9.128744378772103
3948,394.707894,8.804150155634064
3949,394.807896,9.043120077015569
3950,394.907898,8.844121763039416
3951,395.0079,9.208018549285686
3952,395.107902,8.948078884055592
3953,395.207904,8.970284351730536
3954,395.307906,9.07650218561992
3955,395.407908,8.61465566281041
3956,395.50791000000004,8.668854019223723
3957,395.607912,8.729427317660306
3958,395.707914,8.64515927754995
3959,395.80791600000003,8.793065040499396
3960,395.907918,8.873405940832363
3961,396.00791999999996,8.699095552842635
3962,396.10792200000003,8.754907251347724
3963,396.207924,9.163411885130685
3964,396.307926,8.814891853699878
3965,396.407928,8.98575028317578
3966,396.50793,9.412690358489527
3967,396.607932,9.259244288775038
3968,396.707934,9.074135854881844
3969,396.807936,9.336707942447358
3970,396.907938,9.598080280709672
3971,397.00794,9.09756067752065
3972,397.107942,9.087038673009122
3973,397.207944,8.747953789452891
3974,397.307946,9.042773237785818
3975,397.40794800000003,8.769355226992264
3976,397.50795,8.595915231560284
3977,397.607952,8.958011947202385
3978,397.70795400000003,9.099355686959521
3979,397.807956,8.814025618104317
3980,397.907958,8.461994164770061
3981,398.00796,8.848093803004526
3982,398.107962,8.442238671016673
3983,398.20796400000006,8.399779393166124
3984,398.307966,8.55862961220864
3985,398.407968,8.324622461146246
3986,398.50797000000006,8.09219177263968
3987,398.607972,8.25715934764393
3988,398.707974,8.067856706213261
3989,398.807976,8.300424306571394
3990,398.907978,8.008497541521745
3991,399.00798,7.74379419098928
3992,399.107982,7.91711200792529
3993,399.207984,7.559949737089361
3994,399.307986,7.957174212936258
3995,399.407988,8.232997372077092
3996,399.50799,7.738805209000357
3997,399.607992,7.841285423595664
3998,399.707994,8.420958657021682
3999,399.807996,8.34134320695977
4000,399.907998,8.300333964518153
4001,400.000014,8.621015562259926
