Frame,Time (ns),Radius of Gyration
1,0.0,23.580059189637545
2,0.100002,23.503208364255155
3,0.200004,23.984367718510647
4,0.30000600000000005,23.614770906990515
5,0.400008,23.983165673929737
6,0.50001,23.76269583920431
7,0.6000120000000001,23.853338179844688
8,0.700014,23.599603546564406
9,0.800016,23.578770857222306
10,0.900018,23.505752003478108
11,1.00002,23.77653129436282
12,1.1000219999999998,23.794832003576108
13,1.2000240000000002,23.851502750630754
14,1.3000260000000001,23.813090378321593
15,1.400028,23.95832216439602
16,1.50003,23.774708965148825
17,1.600032,23.65311841789701
18,1.700034,23.363974740811422
19,1.800036,23.44225409771476
20,1.9000380000000001,23.848962235482176
21,2.00004,23.378177835790357
22,2.1000419999999997,23.66155809682603
23,2.2000439999999997,23.236569921863556
24,2.300046,23.57857443752019
25,2.4000480000000004,23.78510503149695
26,2.5000500000000003,23.47017349386832
27,2.6000520000000003,23.387514899778026
28,2.700054,23.411591025077225
29,2.800056,22.99421274369048
30,2.900058,23.555550307584785
31,3.00006,22.800844635641965
32,3.100062,23.292656017303422
33,3.200064,23.469797404675987
34,3.300066,23.05619053802941
35,3.400068,22.819896764514912
36,3.50007,23.19768113238044
37,3.600072,23.0819915508354
38,3.700074,22.959443503174025
39,3.8000760000000002,22.821688049734693
40,3.900078,22.848614981492993
41,4.00008,23.331686387796505
42,4.1000820000000004,23.344901618664696
43,4.2000839999999995,23.248679624421168
44,4.300086,23.119006505596428
45,4.400087999999999,22.94202968482916
46,4.50009,22.594588072855654
47,4.600092,23.001062168069783
48,4.700094,22.76112777089774
49,4.800096000000001,23.21024591007458
50,4.900098,22.898554721834905
51,5.000100000000001,22.67061071199149
52,5.100102,22.858055662740153
53,5.2001040000000005,22.83302121938066
54,5.3001059999999995,23.03458535466181
55,5.400108,23.159331698916407
56,5.500109999999999,23.37812499812489
57,5.600112,23.52720036774121
58,5.700114,23.202130865136677
59,5.800116,22.89986539163763
60,5.900118,23.743890069299617
61,6.00012,23.294873517399612
62,6.100122000000001,23.88230100242644
63,6.200124,23.87093281504265
64,6.300126000000001,23.527887585383937
65,6.400128,23.947960858412834
66,6.50013,24.369954821740695
67,6.600132,24.732968534623307
68,6.700134,24.688934107553163
69,6.800136,24.398954477896144
70,6.900138,24.128830426200157
71,7.00014,24.916133853801682
72,7.100142,25.162088215188994
73,7.200144,25.10124130192833
74,7.300146,24.647936573409158
75,7.400148,24.478540359756913
76,7.5001500000000005,24.337914270501127
77,7.6001520000000005,24.9294573065539
78,7.700154,25.05299891269498
79,7.800156,24.78011056779148
80,7.900158,24.838263244353023
81,8.00016,24.82308205426162
82,8.100162000000001,24.882203667795654
83,8.200164000000001,24.27161499590735
84,8.300166,23.92299198778871
85,8.400167999999999,24.26053026738581
86,8.50017,23.929041589827488
87,8.600172,23.735430094906754
88,8.700174,23.739148055125888
89,8.800175999999999,23.667035799172695
90,8.900178,24.102501855540886
91,9.00018,23.932255551196008
92,9.100182,23.85216242092023
93,9.200184,24.44828062061312
94,9.300186,24.524167284478295
95,9.400188,24.6827162811791
96,9.50019,24.351182591466458
97,9.600192000000002,24.513462505722174
98,9.700194,24.505708485404917
99,9.800196,24.372494018567952
100,9.900198,24.493502964212876
101,10.000200000000001,25.040941553251198
102,10.100202,24.39447169636238
103,10.200204,25.21009406899405
104,10.300206,25.225069673599062
105,10.400208000000001,25.108434976165867
106,10.500210000000001,25.1874490357326
107,10.600211999999999,24.982535879471133
108,10.700214,25.032051861880163
109,10.800216,24.590746428253443
110,10.900218,24.37564453016995
111,11.000219999999999,24.34891180744904
112,11.100222,24.724915418025315
113,11.200224,24.56565260700027
114,11.300226,24.83881211212712
115,11.400228,24.56704472011827
116,11.50023,24.767893316092962
117,11.600232,25.027278940439086
118,11.700234,24.702254794659947
119,11.800236,24.528502896128185
120,11.900238,25.03548486259993
121,12.00024,24.793322058791848
122,12.100242,24.91395085801848
123,12.200244000000001,24.622308059957717
124,12.300246000000001,24.845873281073843
125,12.400248,24.993989923913368
126,12.50025,25.238788216308727
127,12.600252000000001,25.117196928154545
128,12.700254000000001,25.865196701866125
129,12.800256,25.58575459733283
130,12.900258,25.465647177759095
131,13.00026,25.651518196431265
132,13.100262,25.929509576638416
133,13.200264,26.085804793192448
134,13.300265999999999,25.631753478419984
135,13.400268,25.88655150588411
136,13.50027,26.235963369402466
137,13.600272,25.893409370676128
138,13.700274,25.31028985721932
139,13.800276,25.694228158695992
140,13.900278,25.812605134452788
141,14.00028,25.85774021588129
142,14.100282000000002,25.853468921505392
143,14.200284,25.762254277959958
144,14.300286,25.98200580414349
145,14.400288,25.754632654210976
146,14.500290000000001,25.96064815373394
147,14.600292,26.125322459657536
148,14.700294,26.0228315578889
149,14.800296,26.13554377053298
150,14.900298000000001,26.022308353537596
151,15.000300000000001,25.774981421310628
152,15.100302,25.782854377500225
153,15.200304000000001,25.5642461633318
154,15.300306,25.30682626491625
155,15.400308,25.683461658182818
156,15.500309999999999,25.362952004707182
157,15.600312,25.711244591564014
158,15.700314,25.352828174408497
159,15.800316,25.51458537077268
160,15.900318,25.328441838842306
161,16.00032,25.144071547717683
162,16.100322,25.36691915986582
163,16.200324000000002,25.535224415391088
164,16.300326000000002,25.59263508452581
165,16.400328000000002,25.423351178362584
166,16.50033,25.670912494326277
167,16.600332,25.392459580531607
168,16.700333999999998,26.048797199488106
169,16.800335999999998,25.388189077092587
170,16.900338,25.295157574742046
171,17.00034,25.472176191035825
172,17.100342,25.587706555657615
173,17.200344,25.235663862991792
174,17.300346,25.44153639414917
175,17.400348,25.064068561679395
176,17.50035,25.408215600206784
177,17.600351999999997,25.696583285644895
178,17.700354,26.192605152168632
179,17.800356,25.392590554207494
180,17.900358,24.26604858028933
181,18.00036,24.838729136198452
182,18.100362,24.35659267693904
183,18.200364,24.000926516331738
184,18.300366,24.351338789024645
185,18.400368,24.05737535611495
186,18.50037,24.482112241475047
187,18.600372,24.954912443734198
188,18.700374,24.51419608189459
189,18.800376,24.441196369359997
190,18.900378,24.46279440283173
191,19.00038,24.403222498890273
192,19.100382,24.224217130681176
193,19.200384000000003,24.265654376967966
194,19.300386,24.10180924419299
195,19.400388,24.383701595659627
196,19.50039,24.108867110287527
197,19.600392,23.92722225958601
198,19.700394,24.03538224411498
199,19.800396,24.293204256910016
200,19.900398000000003,24.683800562230555
201,20.000400000000003,24.356712056747327
202,20.100402000000003,24.350281147883774
203,20.200404,24.559237855154716
204,20.300406,24.04364445585956
205,20.400408,23.74705696284766
206,20.50041,24.518961812574343
207,20.600412,24.27548757603561
208,20.700414000000002,24.217158624713548
209,20.800416000000002,24.34612654031472
210,20.900418000000002,24.58781887304194
211,21.000420000000002,24.545134039891153
212,21.100422,24.616803140652863
213,21.200423999999998,24.908445681583967
214,21.300425999999998,24.56533794508047
215,21.400428,25.013502544205664
216,21.50043,25.031611914651705
217,21.600432,24.995868415481134
218,21.700434,25.282875209996234
219,21.800436,24.751852983185156
220,21.900438,24.84824575097774
221,22.000439999999998,24.51015100627042
222,22.100441999999997,24.558897904330458
223,22.200444,24.492779918766146
224,22.300446,24.95229989772765
225,22.400448,24.416988053721877
226,22.50045,24.377428062209404
227,22.600452,24.44030505752868
228,22.700454,24.534363984613996
229,22.800456,24.602390640133354
230,22.900458,24.402942471886412
231,23.00046,24.535725067408116
232,23.100462,24.605129204209394
233,23.200464,24.464472858343708
234,23.300466,24.507860837047712
235,23.400468,24.635291276674522
236,23.50047,24.786028601268224
237,23.600472,24.592732953064335
238,23.700474000000003,24.397018710440346
239,23.800476,24.378203040474098
240,23.900478,24.184377314526216
241,24.00048,24.337064695160862
242,24.100482,24.51233516758503
243,24.200484,24.52798957716977
244,24.300486,25.174575941438917
245,24.400488000000003,24.686383416993618
246,24.500490000000003,25.091781774203266
247,24.600492000000003,24.625840842841466
248,24.700494,24.319975544312783
249,24.800496,24.818242441778114
250,24.900498,24.857106392687943
251,25.0005,24.5539884651418
252,25.100502,24.58818453898244
253,25.200504000000002,25.22715112732653
254,25.300506000000002,25.32588335524169
255,25.400508000000002,25.292146497988554
256,25.500510000000002,25.638767759433552
257,25.600512,25.77616086744426
258,25.700514,25.38116706485359
259,25.800516,25.429445127707883
260,25.900518,25.56504490201654
261,26.00052,25.41242653725379
262,26.100522,25.040552130794975
263,26.200524,24.691671506916908
264,26.300526,25.164364572785818
265,26.400528,25.343755487259216
266,26.500529999999998,25.58325440667848
267,26.600531999999998,24.883364121424343
268,26.700534,25.156732742630528
269,26.800536,25.61136112553039
270,26.900538,24.550214448464594
271,27.00054,24.509219524041544
272,27.100542,24.81891457196221
273,27.200544,25.427196340727633
274,27.300546,25.106688097039388
275,27.400548,25.439448023801766
276,27.50055,25.55996116211646
277,27.600552,25.27015949375049
278,27.700554,25.544763589173197
279,27.800556,25.29594770471564
280,27.900558,25.006763848663212
281,28.00056,24.892762114478284
282,28.100562,24.779040697614587
283,28.200564000000004,24.586389362637238
284,28.300566,24.546762830560056
285,28.400568,23.991148980343425
286,28.50057,24.663721664984582
287,28.600572,24.697582823762012
288,28.700574,24.710904622913922
289,28.800576,24.822802726463273
290,28.900578000000003,24.873655320861214
291,29.000580000000003,24.74758254991761
292,29.100582000000003,24.815182034583266
293,29.200584,24.710713831877868
294,29.300586,24.784677282726843
295,29.400588,24.876352470550035
296,29.50059,24.848504314091578
297,29.600592,24.7225260311421
298,29.700594000000002,24.731371912815174
299,29.800596000000002,24.171967139357253
300,29.900598000000002,24.474719468191307
301,30.000600000000002,24.22564942311253
302,30.100602,24.639433678781323
303,30.200604,24.97767794728722
304,30.300606,25.18018819518265
305,30.400608000000002,25.11491022550901
306,30.50061,25.12199669188521
307,30.600612,24.969366782283892
308,30.700614,24.696579628053595
309,30.800616,24.767753111480562
310,30.900618,24.636418613957296
311,31.000619999999998,24.632413536194548
312,31.100621999999998,24.57525766531466
313,31.200624,23.478992676388355
314,31.300626,23.952678667486264
315,31.400628,24.162299269310445
316,31.50063,24.16206458540523
317,31.600632,24.408233233472355
318,31.700634,24.347186857865786
319,31.800636,24.816902082493637
320,31.900638,24.917429346462306
321,32.00064,24.66716013703703
322,32.100642,25.04986801277661
323,32.200644,24.797598125624326
324,32.300646,24.96418102524612
325,32.400648000000004,25.09470344709029
326,32.50065,25.238928608618753
327,32.600652000000004,24.958481104420578
328,32.700654,24.73180957658438
329,32.800656000000004,24.617932553591686
330,32.900658,24.803809170514302
331,33.00066,24.811372376589492
332,33.10066200000001,25.058258954804973
333,33.200664,24.943766003804335
334,33.300666,24.92460688189307
335,33.400667999999996,24.903519940441058
336,33.50067,25.001166859415523
337,33.600671999999996,24.73286544073694
338,33.700674,24.625188604224277
339,33.800676,24.730850150229802
340,33.900678,25.17441971746667
341,34.00068,24.96921953148353
342,34.100682,24.923040122828535
343,34.200684,24.718408653312345
344,34.300686,24.485011499264697
345,34.400688,24.759023728969467
346,34.500690000000006,24.016805943616085
347,34.600692,24.490818931024872
348,34.700694000000006,24.947686748122734
349,34.800696,25.00648400604675
350,34.900698000000006,24.499103253907766
351,35.0007,24.645778417208025
352,35.100702,24.79079572853466
353,35.200703999999995,24.431201460447237
354,35.300706,24.414230505478518
355,35.400708,24.62889410072218
356,35.50071,25.04713886974192
357,35.600712,24.691185566786242
358,35.700714,24.479418044674865
359,35.800716,24.45116626103354
360,35.900718,24.44073560329593
361,36.00072,24.363619478293394
362,36.100722000000005,24.26645569725232
363,36.200724,24.471281537983735
364,36.300726000000004,24.385827127601072
365,36.400728,24.744714892989954
366,36.500730000000004,24.972581434032058
367,36.600732,24.545363524354208
368,36.700734000000004,24.603929608379
369,36.800736,24.552150780229653
370,36.900738,24.879746489601295
371,37.00074,24.605296300118898
372,37.100742,25.122263117197978
373,37.200744,25.169367655875853
374,37.300746,25.474659186657682
375,37.400748,25.04669087937975
376,37.50075,25.20528915663213
377,37.600752,25.214481937340242
378,37.700754,25.122696891976666
379,37.800756,24.67118399284865
380,37.900758,24.8206911561218
381,38.00076,25.28610659964812
382,38.100762,25.192581006871404
383,38.200764,25.148291901612623
384,38.300766,24.854683051486433
385,38.40076800000001,24.977611984948798
386,38.50077,25.19939385069554
387,38.600772,25.496723824433403
388,38.700773999999996,25.420971885291728
389,38.800776,24.876734176060054
390,38.900777999999995,24.93240095658802
391,39.00078,24.68984373339501
392,39.100782,25.14517801516413
393,39.200784,25.075692717009805
394,39.300786,25.183952129545318
395,39.400788,25.12808895698385
396,39.50079,25.25180108062337
397,39.600792,25.283854243562253
398,39.700794,25.01328636957552
399,39.800796000000005,25.126790587604965
400,39.900798,24.92544331896755
401,40.000800000000005,24.872786191664023
402,40.100802,24.712259435126406
403,40.200804000000005,24.797563830698156
404,40.300806,24.741416981893167
405,40.400808,24.478037311781883
406,40.500809999999994,24.853176519218017
407,40.600812,24.90070978339898
408,40.700814,24.905925054671723
409,40.800816,24.774630033502824
410,40.900818,24.44492771660279
411,41.00082,24.467771847352633
412,41.100822,24.06676976328522
413,41.200824,24.089980433455825
414,41.300826,24.305283653747782
415,41.400828000000004,24.388822351265755
416,41.50083,24.785877342066193
417,41.600832000000004,24.789393776630824
418,41.700834,24.785398889217674
419,41.800836000000004,24.65875516753613
420,41.900838,24.58751409067992
421,42.000840000000004,24.810542516829486
422,42.10084200000001,24.57133242000914
423,42.200844,24.920149332291032
424,42.300846,24.46484990834222
425,42.400847999999996,24.152398089402926
426,42.50085,24.263220973240056
427,42.600851999999996,24.23369417996853
428,42.700854,24.326560127690676
429,42.800856,24.181854921167748
430,42.900858,24.296928157058847
431,43.00086,24.769667435746356
432,43.100862,24.977126530465732
433,43.200864,24.821127619545845
434,43.300866,25.047222464695786
435,43.400868,25.145291488098206
436,43.500870000000006,24.979027869622303
437,43.600872,25.496066152899775
438,43.700874000000006,24.773142150599142
439,43.800876,24.938405464118972
440,43.900878000000006,25.08407082408229
441,44.000879999999995,25.036379877765
442,44.100882,24.86012282021799
443,44.200883999999995,24.929472897419547
444,44.300886,24.812546929634937
445,44.400888,24.74124139932423
446,44.50089,25.11874704868761
447,44.600892,24.755172283677883
448,44.700894,24.59550240872771
449,44.800896,24.363585472892687
450,44.900898,24.390168113199785
451,45.0009,25.357035430808633
452,45.100902000000005,25.2322157587487
453,45.200904,25.518635917422486
454,45.300906000000005,25.14318104131915
455,45.400908,25.188281107784693
456,45.500910000000005,24.606366818521398
457,45.600912,24.504662789603536
458,45.700914000000004,24.75702195004573
459,45.800916,24.700863955205556
460,45.900918,24.39666453444628
461,46.00092,24.429905804038906
462,46.100922,24.610840774113417
463,46.200924,24.925062777554434
464,46.300926,24.487186964958372
465,46.400928,24.53553728579776
466,46.50093,25.011271538689954
467,46.600932,24.697713231668445
468,46.700934000000004,24.910870488428593
469,46.800936,24.577226487584635
470,46.900938000000004,24.984539989342355
471,47.00094,24.962984637367878
472,47.100942,25.140867733696346
473,47.200944,24.90297728374073
474,47.300946,24.673874335578812
475,47.40094800000001,24.67270965707934
476,47.50095,24.369807243552113
477,47.600952,24.696045170925714
478,47.700953999999996,24.745002177903764
479,47.800956,24.799023572379348
480,47.900957999999996,24.802347566303286
481,48.00096,25.00465399542718
482,48.100962,24.840602257091376
483,48.200964,24.780456112650263
484,48.300966,24.821195980528092
485,48.400968,24.99405788057817
486,48.50097,25.29633674961955
487,48.600972,25.15743114943104
488,48.700974,25.338691948775363
489,48.800976000000006,25.47087189695396
490,48.900978,25.22794598029335
491,49.000980000000006,25.162201953650975
492,49.100982,25.2444724529432
493,49.200984000000005,24.996061039333235
494,49.300986,25.025308240906476
495,49.400988,25.02548087305453
496,49.500989999999994,24.916732707480485
497,49.600992,24.715782148407282
498,49.700994,24.804429031851914
499,49.800996,24.838578196772726
500,49.900998,24.80758352248726
501,50.001,24.80365309216096
502,50.101002,25.024493911202985
503,50.201004,24.60683642155375
504,50.301006,24.956837612511826
505,50.401008000000004,24.736283135400388
506,50.50101,24.753086011248147
507,50.601012000000004,24.261551135145062
508,50.701014,24.424419869175303
509,50.801016000000004,24.59565757597424
510,50.901018,24.455140920926755
511,51.001020000000004,24.49006014231112
512,51.10102200000001,24.344693857382925
513,51.201024,23.98535437469767
514,51.301026,23.765980992205893
515,51.401028,23.95454083514016
516,51.50103,24.203013039398634
517,51.601032,24.15977685843649
518,51.701034,24.350510307388614
519,51.801036,23.973583702179702
520,51.901038,24.16695655289263
521,52.00104,24.11290715220206
522,52.101042,24.420870122963734
523,52.201044,23.86463779279211
524,52.301046,24.382652623777762
525,52.401048,24.376214775062444
526,52.501050000000006,24.499564822341735
527,52.601052,24.280226715973527
528,52.701054000000006,24.74856373694421
529,52.801056,24.399528358308405
530,52.901058000000006,24.783374728368432
531,53.001059999999995,25.021476711341798
532,53.101062,24.741922556225408
533,53.201063999999995,25.41311119626131
534,53.301066,25.31184743587855
535,53.401068,25.440133222816637
536,53.50107,25.494187339427185
537,53.601072,25.479171020495755
538,53.701074,25.277928920555784
539,53.801076,25.129732346231002
540,53.901078,25.01290987351165
541,54.00108,24.988269332276698
542,54.101082000000005,24.793849345119295
543,54.201084,24.853977165204352
544,54.301086000000005,25.463902041238324
545,54.401088,25.577140095809405
546,54.501090000000005,24.828143528782075
547,54.601092,24.945990874472916
548,54.701094000000005,24.437861318413738
549,54.801096,24.45515806733421
550,54.901098,24.207369079373315
551,55.0011,24.367875128407185
552,55.101102,24.685718270992144
553,55.201104,24.15855518602904
554,55.301106,24.524657309472556
555,55.401108,24.443254964664348
556,55.50111,24.518188276207333
557,55.601112,24.41343796358622
558,55.701114000000004,24.19943426497813
559,55.801116,24.075883533189245
560,55.901118000000004,24.812203115020893
561,56.00112,24.78582775616216
562,56.101122000000004,24.441902355083478
563,56.201124,24.427679104844394
564,56.301126000000004,24.771701740817285
565,56.40112800000001,24.257878786703294
566,56.50113,24.29692341698349
567,56.601132,24.570099495794
568,56.701133999999996,24.67417089375974
569,56.801136,24.381499796609216
570,56.901137999999996,24.625271639102547
571,57.00114,24.74783320374459
572,57.101142,24.44524311928949
573,57.201144,24.628057633637955
574,57.301146,24.306736672558287
575,57.401148,24.467927778949786
576,57.50115,24.578857249761587
577,57.601152,24.541489419858163
578,57.701154,24.42622511567968
579,57.801156000000006,24.967680356759125
580,57.901158,24.875266050932623
581,58.001160000000006,24.470177024169743
582,58.101162,24.21951514585351
583,58.201164000000006,24.19200179552594
584,58.301166,24.3820173831639
585,58.401168,24.49234098049672
586,58.501169999999995,24.6793294417271
587,58.601172,24.245481184236336
588,58.701174,24.483085134398287
589,58.801176,24.122684954296464
590,58.901178,24.055191885481307
591,59.00118,24.882500037386745
592,59.101182,24.62375204796663
593,59.201184,24.569682924632083
594,59.301186,24.897717097923348
595,59.401188000000005,24.48756964306588
596,59.50119,24.731657834933447
597,59.601192000000005,24.653619071294603
598,59.701194,24.68781987039671
599,59.801196000000004,24.569834042001943
600,59.901198,24.70087594867324
601,60.001200000000004,24.804715826519843
602,60.10120200000001,25.12637818814958
603,60.201204,25.231680052256742
604,60.301206,24.87935279154542
605,60.401208,24.861232997840773
606,60.50121,25.276709985547875
607,60.601212,25.08439515640109
608,60.701214,24.831656513819926
609,60.801216000000004,25.13046381571074
610,60.901218,25.235127024279286
611,61.00122,24.78888366683335
612,61.101222,24.76290363992864
613,61.201224,25.098505733382297
614,61.301226,25.261511022827506
615,61.401228,25.406543490594363
616,61.50123000000001,25.410341071037394
617,61.601232,25.219646460045666
618,61.70123400000001,25.082728502012998
619,61.801236,25.694658446352985
620,61.901238000000006,26.32625521805853
621,62.001239999999996,25.611744560572497
622,62.101242,25.03836665418644
623,62.201243999999996,25.1656897643892
624,62.301246,25.475185899182808
625,62.401248,24.95740794419068
626,62.50125,25.376512693385028
627,62.601252,24.7344638768584
628,62.701254,24.97290021918345
629,62.801256,25.143202727429184
630,62.901258,24.683836293880358
631,63.00126,25.110262157107474
632,63.101262000000006,25.050345151998375
633,63.201264,25.41713432345994
634,63.301266000000005,25.758241634431833
635,63.401268,25.80830960914656
636,63.501270000000005,25.94997939094887
637,63.601272,25.406576479825862
638,63.701274000000005,25.12599754613469
639,63.801276,24.791125269765676
640,63.901278,24.597257672267578
641,64.00128,24.86096034919493
642,64.101282,24.819074238012806
643,64.201284,24.896104087467236
644,64.301286,24.873773779418656
645,64.401288,25.10032975865465
646,64.50129,24.669100872358793
647,64.601292,24.548078965936163
648,64.701294,24.871468409822516
649,64.80129600000001,24.755790292678537
650,64.901298,24.86426401929544
651,65.0013,24.632822952800822
652,65.101302,24.734386608942003
653,65.20130400000001,24.73140652771973
654,65.30130600000001,24.748140277469382
655,65.401308,24.994183793979598
656,65.50131,25.5113251470973
657,65.60131200000001,25.29897047206589
658,65.701314,25.051021122958424
659,65.801316,25.37041071202679
660,65.901318,25.052621499460127
661,66.00132,24.85073050094442
662,66.101322,24.78178124010813
663,66.20132400000001,25.071686161732003
664,66.301326,24.93491141538836
665,66.401328,24.88385653611978
666,66.50133,25.064258792295746
667,66.601332,25.197630061408653
668,66.701334,25.464470267641737
669,66.80133599999999,25.287602589222573
670,66.90133800000001,24.628801807128472
671,67.00134,25.05894031891
672,67.101342,24.736539998685473
673,67.20134399999999,24.850012183311552
674,67.30134600000001,24.674062818281406
675,67.401348,24.8766239295641
676,67.50135,24.97945267728789
677,67.601352,24.768759652071697
678,67.70135400000001,24.95110984618119
679,67.801356,24.930496050737112
680,67.901358,25.034642100663397
681,68.00136,25.029328061485266
682,68.10136200000001,24.567670393070355
683,68.201364,24.697447421558486
684,68.301366,25.058792365911277
685,68.401368,24.84631506679697
686,68.50137,24.808843346552695
687,68.601372,24.696849558065757
688,68.701374,24.90741051492321
689,68.801376,24.821565441258507
690,68.901378,25.05082217128969
691,69.00138000000001,25.245892563160858
692,69.101382,24.608460068744776
693,69.201384,24.930605447908892
694,69.301386,24.498981876192442
695,69.40138800000001,24.876789568996593
696,69.50139,25.37062557496286
697,69.601392,25.27200719907789
698,69.701394,24.668879318069784
699,69.80139600000001,24.7186434616233
700,69.901398,24.56619423304727
701,70.0014,24.816170160141514
702,70.10140200000001,24.75690615937778
703,70.201404,24.723223519208343
704,70.301406,24.116189287706035
705,70.40140799999999,24.147157837222625
706,70.50141,24.327973864695014
707,70.601412,24.149654019774427
708,70.701414,24.81150946632302
709,70.801416,24.444265148191583
710,70.901418,24.62576811136928
711,71.00142,24.42529242076531
712,71.101422,24.711068506936357
713,71.201424,25.07767730793385
714,71.301426,25.47500220022422
715,71.401428,24.405082581550253
716,71.50143000000001,24.910498618394126
717,71.601432,24.668796132466444
718,71.701434,24.86585622365564
719,71.801436,24.990781368934023
720,71.901438,25.130332769856263
721,72.00144,25.240539981725973
722,72.10144199999999,25.30830314036375
723,72.20144400000001,25.378905795953955
724,72.301446,25.263002379797406
725,72.401448,25.38167587445007
726,72.50144999999999,25.94356723349965
727,72.60145200000001,25.76055794910061
728,72.701454,25.447314576368072
729,72.801456,25.279872300771085
730,72.901458,25.204189368868
731,73.00146000000001,24.910183096621793
732,73.101462,25.068391657109203
733,73.201464,25.13841897560073
734,73.301466,25.342201556170277
735,73.40146800000001,25.340019917079353
736,73.50147,25.167829092576717
737,73.601472,25.15111457126675
738,73.701474,25.270432897352848
739,73.801476,25.403462197942066
740,73.901478,25.28613630420262
741,74.00148,25.34399811533245
742,74.101482,25.224574446082393
743,74.201484,25.369730353097932
744,74.30148600000001,25.595067188865183
745,74.401488,25.446870892593576
746,74.50149,25.141644450594402
747,74.601492,25.017116432245956
748,74.70149400000001,25.205005307762303
749,74.801496,25.047337858936753
750,74.901498,24.531250162113395
751,75.0015,24.67217029975554
752,75.10150200000001,24.5289815895456
753,75.201504,24.43349993030035
754,75.301506,23.966538827536255
755,75.401508,24.412590825633817
756,75.50151,24.219692045616505
757,75.601512,23.75450526493305
758,75.70151399999999,24.57848717419562
759,75.801516,24.235219466952795
760,75.901518,24.18857249825813
761,76.00152,24.159607593655736
762,76.101522,24.194709176670827
763,76.201524,24.052352903314212
764,76.301526,24.76871918996843
765,76.401528,24.617982700751856
766,76.50153,24.834805989134786
767,76.601532,24.42183700736852
768,76.701534,25.04768577002884
769,76.80153600000001,25.180632336974224
770,76.901538,24.975960372224467
771,77.00154,25.36933353284867
772,77.101542,25.603413522121706
773,77.201544,25.320301204008523
774,77.301546,25.72684718402331
775,77.40154799999999,25.560466801680448
776,77.50155000000001,25.516044947540895
777,77.601552,25.810585503762013
778,77.701554,25.752905530946762
779,77.80155599999999,25.923531925938292
780,77.90155800000001,25.577915310985997
781,78.00156,25.52984238970276
782,78.101562,25.38332640312217
783,78.201564,25.50928826517504
784,78.30156600000001,25.76524419100378
785,78.401568,25.763614107682887
786,78.50157,25.65315442894029
787,78.601572,25.72940372330471
788,78.70157400000001,25.825306532197533
789,78.801576,25.706137550765174
790,78.90157800000001,25.51804731048243
791,79.00158,25.363934167201318
792,79.101582,25.403899857607964
793,79.201584,25.51141842625927
794,79.301586,25.518290430858542
795,79.401588,25.515433212331526
796,79.50159,25.46694515020406
797,79.60159200000001,25.559694624849634
798,79.701594,25.564463835136458
799,79.801596,25.68006346701139
800,79.90159799999999,25.608043622174364
801,80.00160000000001,25.66163740619304
802,80.101602,25.55862913145944
803,80.201604,25.534746240003766
804,80.301606,25.476138685442262
805,80.40160800000001,25.6381902183789
806,80.50161,25.700804070732868
807,80.601612,25.55147824735637
808,80.701614,25.78036819848679
809,80.801616,25.82035302207471
810,80.901618,25.785260816103737
811,81.00161999999999,25.939078053104925
812,81.101622,25.807662327366
813,81.201624,25.896625869997823
814,81.301626,25.88926986015312
815,81.401628,25.68889204188618
816,81.50163,25.82946216307656
817,81.601632,25.891410998608
818,81.701634,26.034714481222416
819,81.801636,25.999931082667427
820,81.901638,25.822663799185936
821,82.00164,25.96779170316676
822,82.10164200000001,25.94526837923755
823,82.201644,26.080977014104896
824,82.301646,25.914064037505014
825,82.401648,25.68756964199503
826,82.50165000000001,26.046888528276828
827,82.601652,25.82472156732804
828,82.70165399999999,25.83250500274983
829,82.80165600000001,25.657092210853577
830,82.901658,25.59711840066575
831,83.00166,25.57939114514567
832,83.10166199999999,25.91315361908726
833,83.20166400000001,25.838526431789493
834,83.301666,25.98915535919047
835,83.401668,25.841534626817467
836,83.50167,25.595912083684304
837,83.60167200000001,25.533757554151368
838,83.701674,25.479340887031764
839,83.801676,25.577849354023776
840,83.901678,25.796554623611758
841,84.00168000000001,25.893342531085477
842,84.101682,25.968248267272106
843,84.20168400000001,25.67077192284707
844,84.301686,25.911388272640067
845,84.401688,25.721219420547573
846,84.50169,25.953017633149155
847,84.601692,25.89011919305013
848,84.701694,26.204394005738294
849,84.80169599999999,25.79922803862059
850,84.90169800000001,25.910866443511114
851,85.0017,25.982346515322774
852,85.101702,25.85766141278236
853,85.20170399999999,25.81817006395834
854,85.30170600000001,25.948888765819877
855,85.401708,26.02832011622236
856,85.50171,26.159006119412364
857,85.601712,26.137843770791243
858,85.70171400000001,26.033279335320753
859,85.801716,25.656719974266643
860,85.901718,25.886935024799993
861,86.00172,25.920661267133287
862,86.10172200000001,25.847584190829373
863,86.201724,25.809969470206493
864,86.301726,25.592721711603495
865,86.401728,25.922547548176706
866,86.50173,25.800946549421937
867,86.601732,25.886925321158788
868,86.701734,25.71399740437688
869,86.801736,25.82349789280623
870,86.901738,26.064799090402982
871,87.00174000000001,24.678762171288984
872,87.101742,26.331993146282418
873,87.201744,24.55662763555942
874,87.301746,24.61653431258917
875,87.40174800000001,25.90965719254825
876,87.50175,25.689098099564177
877,87.601752,25.67405011807134
878,87.701754,25.695798092425786
879,87.80175600000001,25.644883419944176
880,87.901758,25.53720046351749
881,88.00175999999999,25.23225654657757
882,88.10176200000001,25.21186080759553
883,88.201764,24.782433278404564
884,88.301766,24.878852517742388
885,88.40176799999999,24.909583135118258
886,88.50177000000001,24.596601765002074
887,88.601772,24.98727155755565
888,88.701774,24.972337964442648
889,88.801776,25.024493874508238
890,88.90177800000001,24.438784067575146
891,89.00178,24.778386554378734
892,89.101782,24.816689599250207
893,89.201784,24.695392898172265
894,89.301786,24.85280355624162
895,89.401788,24.623257733568572
896,89.50179000000001,24.805395022414373
897,89.601792,24.92314550588596
898,89.701794,24.847639033136264
899,89.801796,24.791364355772266
900,89.901798,24.725568318448044
901,90.0018,24.6246306105769
902,90.10180199999999,25.000826562604313
903,90.20180400000001,24.965799709279572
904,90.301806,24.58110115419705
905,90.401808,24.230268788466724
906,90.50180999999999,24.349930435188988
907,90.60181200000001,24.648260297882974
908,90.701814,24.489959970459303
909,90.801816,24.56907724834703
910,90.901818,24.535517339268818
911,91.00182000000001,25.15781881505705
912,91.101822,24.775057884190833
913,91.201824,24.664711513253028
914,91.301826,24.507811583765374
915,91.40182800000001,24.551520814359023
916,91.50183,24.412851297350176
917,91.601832,24.478094836401134
918,91.701834,24.21634721304778
919,91.801836,24.811604871219483
920,91.901838,24.524201880756
921,92.00184,24.81060076233315
922,92.101842,24.496481537663087
923,92.201844,24.502826726901727
924,92.30184600000001,24.661931403995478
925,92.401848,24.718363554862442
926,92.50185,24.560794664449777
927,92.601852,24.696633904010497
928,92.70185400000001,24.715499308668978
929,92.801856,24.969721443536532
930,92.901858,24.646358308594877
931,93.00186,24.876740705049684
932,93.10186200000001,25.17824983282607
933,93.201864,24.94122055152196
934,93.301866,24.86853306405156
935,93.40186800000001,24.457448044549967
936,93.50187,24.437466676123414
937,93.601872,24.542137649554828
938,93.70187399999999,24.46882425939473
939,93.80187600000001,24.570564562297278
940,93.901878,24.42848389766221
941,94.00188,24.446772707682165
942,94.101882,24.54128424628244
943,94.201884,24.18264075197787
944,94.301886,24.719864477597874
945,94.401888,24.696553644911823
946,94.50189,24.79108337672649
947,94.601892,24.95651535715116
948,94.701894,24.88371353768797
949,94.80189600000001,24.816258888496304
950,94.901898,24.981170877212712
951,95.0019,24.73582784462881
952,95.101902,24.889269021271815
953,95.201904,24.985796780690844
954,95.301906,25.13163086247477
955,95.40190799999999,25.253162511683446
956,95.50191000000001,25.39753859121186
957,95.601912,25.399797947888864
958,95.701914,25.260336364276874
959,95.80191599999999,25.534862141860028
960,95.90191800000001,25.499086857714925
961,96.00192,25.522637239920716
962,96.101922,25.364488426293228
963,96.201924,25.60555035632514
964,96.30192600000001,25.46385535043721
965,96.401928,25.57925331761064
966,96.50193,25.711936273536107
967,96.601932,25.8140061675415
968,96.70193400000001,25.55347203785332
969,96.801936,25.802121870590106
970,96.90193800000002,25.754397069882785
971,97.00194,25.674332739051053
972,97.101942,25.724577938204575
973,97.201944,25.734000474983812
974,97.301946,25.752130670320852
975,97.401948,25.980033848125032
976,97.50195,25.86247346123186
977,97.60195200000001,25.721679454834597
978,97.701954,25.821750579471498
979,97.801956,25.62747455806505
980,97.901958,25.94211410336177
981,98.00196000000001,26.285202840248765
982,98.101962,26.176045027065733
983,98.201964,25.837352022772144
984,98.30196600000001,25.624819401884345
985,98.40196800000001,25.770614082195348
986,98.50197,25.65499505986347
987,98.601972,25.963755657399314
988,98.701974,25.97253071227566
989,98.801976,25.973622448315073
990,98.901978,26.259703120357162
991,99.00197999999999,26.242925871049778
992,99.101982,26.196432921367588
993,99.201984,26.1188858089102
994,99.301986,26.21591613081722
995,99.401988,25.89536879627875
996,99.50199,26.045451046853998
997,99.601992,26.337095742808785
998,99.701994,26.289894943413287
999,99.801996,26.38455379935737
1000,99.901998,26.010063512171346
1001,100.002,26.052530872298128
1002,100.10200200000001,25.853058852529863
1003,100.202004,26.018678464410474
1004,100.302006,25.839096846470884
1005,100.402008,26.12472745623139
1006,100.50201000000001,26.495845416377712
1007,100.602012,26.666837689207966
1008,100.70201399999999,26.778838724121616
1009,100.80201600000001,26.58934474702311
1010,100.902018,26.441619873709637
1011,101.00202,26.232412129040824
1012,101.10202199999999,26.50456199812533
1013,101.20202400000001,26.167936070760092
1014,101.302026,26.143158621222245
1015,101.402028,26.05969902217935
1016,101.50203,26.073797625413757
1017,101.60203200000001,25.96189724151968
1018,101.702034,26.367812448801306
1019,101.802036,26.10167793863616
1020,101.902038,26.207240731420367
1021,102.00204000000001,26.240095029386797
1022,102.102042,26.335521280883327
1023,102.20204400000001,26.409263330177737
1024,102.302046,26.487020162141533
1025,102.402048,26.036418368174985
1026,102.50205,25.81899312972436
1027,102.602052,26.012171124753607
1028,102.702054,25.701850425950767
1029,102.802056,25.670842782406282
1030,102.90205800000001,25.708267204415765
1031,103.00206,25.615758736220883
1032,103.102062,25.774476392981114
1033,103.202064,25.903043390319237
1034,103.30206600000001,25.858038194186904
1035,103.402068,25.84423668714731
1036,103.50207,25.71237996991411
1037,103.602072,25.58440460979622
1038,103.70207400000001,25.616252806506328
1039,103.802076,25.447437304246307
1040,103.902078,25.672698499805154
1041,104.00208,25.697809635250177
1042,104.10208200000001,25.589834776506137
1043,104.202084,25.860356534541598
1044,104.302086,25.781487597497524
1045,104.402088,25.578840905029352
1046,104.50209,26.073897726302306
1047,104.602092,25.981992144613713
1048,104.702094,26.222843899043998
1049,104.802096,25.807650130730373
1050,104.902098,25.905586079938892
1051,105.00210000000001,25.807331629416716
1052,105.102102,25.86333549297749
1053,105.202104,25.894911313283654
1054,105.302106,25.82330197208746
1055,105.40210800000001,25.783332860645146
1056,105.50211,25.6933041919892
1057,105.602112,25.632999528668652
1058,105.702114,25.957601945156373
1059,105.80211600000001,25.718605146644983
1060,105.902118,25.91706506449278
1061,106.00211999999999,25.66394970803982
1062,106.10212200000001,25.837296991916144
1063,106.202124,25.571399633392694
1064,106.302126,25.633779874168432
1065,106.40212799999999,25.55640535640778
1066,106.50213000000001,25.63730272098195
1067,106.602132,25.599188761380645
1068,106.702134,25.596215327045435
1069,106.802136,25.585289887827297
1070,106.90213800000001,25.561117686509156
1071,107.00214,25.61977781681116
1072,107.102142,25.781732022124196
1073,107.202144,25.66935446348585
1074,107.30214600000001,25.881492713093174
1075,107.402148,25.92399522771675
1076,107.50215000000001,25.81448333977586
1077,107.602152,25.702286391262273
1078,107.702154,25.593407911118746
1079,107.802156,25.78191090749932
1080,107.902158,25.491007264143086
1081,108.00216,25.69076495154917
1082,108.10216199999999,25.664694830044464
1083,108.20216400000001,25.60477446330912
1084,108.302166,25.537645555195297
1085,108.402168,25.49970643896632
1086,108.50216999999999,25.53296079314777
1087,108.60217200000001,25.643021073316195
1088,108.702174,25.643045455239015
1089,108.802176,25.728088212230052
1090,108.902178,25.514989599566256
1091,109.00218000000001,25.68756267335954
1092,109.102182,25.540277937443218
1093,109.202184,25.61370455094429
1094,109.302186,25.586871955692505
1095,109.40218800000001,25.717659511612464
1096,109.50219,25.885975253310445
1097,109.602192,25.914120787930216
1098,109.702194,25.867988093933924
1099,109.802196,25.741872607580344
1100,109.902198,25.83663680725818
1101,110.0022,25.836268165705878
1102,110.102202,25.455496108169665
1103,110.202204,25.751733913724404
1104,110.30220600000001,25.78804434290744
1105,110.402208,25.69956281777928
1106,110.50221,25.78168777172769
1107,110.602212,25.7816074998867
1108,110.70221400000001,25.636834185860867
1109,110.802216,25.75094452870496
1110,110.902218,25.787672608404378
1111,111.00222,25.884303684700996
1112,111.10222200000001,25.980118351512907
1113,111.202224,26.14870009609482
1114,111.30222599999999,26.012127000510436
1115,111.40222800000001,25.885040444978678
1116,111.50223,26.066305797122308
1117,111.602232,25.948894005662783
1118,111.70223399999999,25.905033742260834
1119,111.80223600000001,25.87600198881846
1120,111.902238,25.945768801407958
1121,112.00224,25.748791642404168
1122,112.102242,25.607064735782263
1123,112.20224400000001,26.132631667769257
1124,112.302246,25.598962111885353
1125,112.402248,26.01414031495853
1126,112.50225,26.078598606726164
1127,112.60225200000001,26.02484315327053
1128,112.702254,25.916369051616368
1129,112.80225600000001,26.08801379185146
1130,112.902258,25.868449585092304
1131,113.00226,25.864986292763373
1132,113.102262,25.868432745487322
1133,113.202264,26.117957750882837
1134,113.302266,26.032971261394348
1135,113.40226799999999,26.317376908179426
1136,113.50227000000001,25.975333523076763
1137,113.602272,25.706408445831297
1138,113.702274,25.576762822929854
1139,113.80227599999999,25.497877187296893
1140,113.90227800000001,25.676044894271335
1141,114.00228,25.763285769643282
1142,114.102282,25.690760838105277
1143,114.202284,26.012770792271837
1144,114.30228600000001,26.547459346933177
1145,114.402288,26.4893875041725
1146,114.50229,26.650379096320204
1147,114.602292,26.48995672695522
1148,114.70229400000001,26.53035216439517
1149,114.802296,26.481761019150362
1150,114.902298,26.22761236368803
1151,115.0023,26.152275300355427
1152,115.102302,26.009747746145436
1153,115.202304,25.763539099482294
1154,115.302306,25.744461730163387
1155,115.402308,25.90287846480365
1156,115.50231,26.017499685574084
1157,115.60231200000001,25.741441241485386
1158,115.702314,25.740162739962944
1159,115.802316,25.6368078277805
1160,115.902318,25.781028113052784
1161,116.00232000000001,25.795983804355963
1162,116.102322,25.555238716526322
1163,116.202324,25.682010087631785
1164,116.30232600000001,25.86942490184784
1165,116.40232800000001,25.79053437406537
1166,116.50233,25.815917269991356
1167,116.602332,25.861638127977063
1168,116.70233400000001,25.945727141029213
1169,116.802336,25.740449702859383
1170,116.902338,25.743212348173206
1171,117.00233999999999,25.623540647532575
1172,117.10234200000001,25.730972689354328
1173,117.202344,25.59686941767333
1174,117.302346,26.012756745294766
1175,117.402348,25.7616637054077
1176,117.50235,25.738541309167253
1177,117.602352,25.898580238406105
1178,117.702354,25.422279353317943
1179,117.802356,25.525375741957422
1180,117.902358,25.91718113137098
1181,118.00236,25.86937479849164
1182,118.10236200000001,26.22614029545828
1183,118.202364,26.328392851556437
1184,118.302366,26.261642447700282
1185,118.402368,26.109079271217535
1186,118.50237,26.10572578336429
1187,118.602372,26.235207689346645
1188,118.70237399999999,26.301590554375807
1189,118.80237600000001,26.41154062666683
1190,118.902378,26.18427759350235
1191,119.00238,26.544435768039083
1192,119.10238199999999,26.28591855036558
1193,119.20238400000001,26.21477174669425
1194,119.302386,26.058151221383934
1195,119.402388,26.340124145036473
1196,119.50239,26.449301591327806
1197,119.60239200000001,26.52035138611509
1198,119.702394,26.6357208733674
1199,119.802396,26.430221197234456
1200,119.902398,26.248943497813947
1201,120.00240000000001,26.312380646462632
1202,120.102402,26.153004945247908
1203,120.20240400000002,26.643284546408324
1204,120.302406,26.28013697413855
1205,120.402408,26.262244782303004
1206,120.50241,26.39582936302066
1207,120.602412,26.404539708029503
1208,120.702414,26.55169847486627
1209,120.802416,26.44656079560997
1210,120.90241800000001,26.341181655128363
1211,121.00242,26.466468197485923
1212,121.102422,26.2526249493686
1213,121.202424,26.321396149248656
1214,121.30242600000001,26.46513561455087
1215,121.402428,26.082856710578877
1216,121.50243,26.016802027211085
1217,121.60243200000001,26.031021215227295
1218,121.70243400000001,26.31384305299741
1219,121.802436,26.299086901451076
1220,121.902438,26.45374227004861
1221,122.00244,26.446921817769717
1222,122.102442,26.602031081132882
1223,122.202444,26.706182434553302
1224,122.302446,26.603301984826956
1225,122.402448,26.600105017555343
1226,122.50245,26.289791763556032
1227,122.602452,26.37410577312862
1228,122.702454,25.867638387352702
1229,122.802456,26.175015597126812
1230,122.902458,26.281985182296523
1231,123.00246000000001,26.18822978884441
1232,123.102462,26.296497829238938
1233,123.202464,26.19973362456998
1234,123.302466,26.35341091159148
1235,123.40246800000001,26.618357586308942
1236,123.50247,26.411555536595916
1237,123.602472,26.341453971701736
1238,123.702474,26.154511552803754
1239,123.80247600000001,26.05451101201407
1240,123.902478,26.339123263297058
1241,124.00247999999999,26.58571773408488
1242,124.10248200000001,26.412765998599625
1243,124.202484,26.496723581474935
1244,124.302486,26.2829097024909
1245,124.40248799999999,26.338461002897876
1246,124.50249000000001,26.295144963209818
1247,124.602492,26.07469477996875
1248,124.702494,26.742991798916783
1249,124.802496,26.600097862436073
1250,124.90249800000001,26.404262376008596
1251,125.0025,26.313573339249196
1252,125.102502,26.468270894531802
1253,125.202504,26.82236364299446
1254,125.30250600000001,27.3554652279015
1255,125.402508,27.032060340379925
1256,125.50251000000002,27.18129757454785
1257,125.602512,27.074742190816647
1258,125.702514,27.200993349197883
1259,125.802516,26.763875065166395
1260,125.902518,27.17052843831543
1261,126.00252,26.939514936682823
1262,126.102522,26.533828360464135
1263,126.20252400000001,27.088086657961902
1264,126.302526,27.340351001483317
1265,126.402528,27.19735107774056
1266,126.50253,26.87182232913402
1267,126.60253200000001,27.075292142318748
1268,126.702534,27.115691220081924
1269,126.802536,27.009259523295565
1270,126.902538,26.90859077159546
1271,127.00254000000001,26.952241994224917
1272,127.102542,26.919557051335328
1273,127.202544,26.732947300243477
1274,127.302546,26.461162608933474
1275,127.40254800000001,26.748810366371952
1276,127.50255,26.170121228376818
1277,127.602552,26.120628729577508
1278,127.702554,26.373458509108975
1279,127.802556,26.61339945210233
1280,127.902558,26.81229971134046
1281,128.00256,26.569309362262768
1282,128.102562,26.626998643034863
1283,128.202564,26.64632081735195
1284,128.302566,26.340884157948302
1285,128.402568,26.726701941473948
1286,128.50257000000002,26.70895100355505
1287,128.602572,26.435297563098477
1288,128.702574,26.906333884451872
1289,128.802576,27.07173886842345
1290,128.902578,26.72027105635922
1291,129.00258,26.616100170003147
1292,129.102582,26.83060677397557
1293,129.202584,26.931637879698858
1294,129.302586,26.676237530888052
1295,129.402588,26.725451536390114
1296,129.50259,26.7333005254385
1297,129.60259200000002,26.976801208527828
1298,129.702594,26.676639823714293
1299,129.802596,26.570869955830364
1300,129.902598,26.542544959761774
1301,130.0026,26.764771892436872
1302,130.102602,26.713733010575265
1303,130.202604,26.943174573278093
1304,130.302606,27.426072365175088
1305,130.40260800000001,27.56287059352673
1306,130.50261,26.994147310592894
1307,130.60261200000002,27.029709473890485
1308,130.702614,26.375561744864225
1309,130.802616,26.852431880579427
1310,130.902618,26.8596000995091
1311,131.00262,26.935208251092426
1312,131.102622,26.899243139173
1313,131.20262400000001,26.485469069783168
1314,131.30262599999998,26.527880183357404
1315,131.402628,26.74007131489162
1316,131.50263,27.10486699314902
1317,131.602632,26.901621327161173
1318,131.702634,26.77886576715955
1319,131.802636,26.655866415392225
1320,131.902638,26.486227779973206
1321,132.00264,26.539652967912417
1322,132.102642,26.615845214451713
1323,132.202644,26.490389949519738
1324,132.302646,26.42807769405657
1325,132.40264800000003,26.534997790364248
1326,132.50265,26.29268186290896
1327,132.602652,26.51914231549602
1328,132.702654,26.46932869090788
1329,132.802656,26.457496267583345
1330,132.902658,26.390576411653957
1331,133.00266,26.10754699896717
1332,133.102662,26.141587998776206
1333,133.202664,26.41050588101277
1334,133.302666,26.283741858439676
1335,133.402668,26.59766318848927
1336,133.50267000000002,26.336194555685488
1337,133.60267199999998,26.49560314484254
1338,133.702674,26.362450322634572
1339,133.80267600000002,26.559543868973336
1340,133.902678,26.455992541632835
1341,134.00268,26.57335516478392
1342,134.102682,26.506331574989556
1343,134.202684,26.49872814864279
1344,134.30268600000002,26.350546404546744
1345,134.40268799999998,26.232772308398378
1346,134.50269,26.360192442383894
1347,134.60269200000002,26.285904943922688
1348,134.70269399999998,26.152462128963638
1349,134.802696,26.021712445020245
1350,134.90269800000002,26.20367294437309
1351,135.0027,26.108715723223053
1352,135.102702,26.338439540791494
1353,135.202704,26.363639899757786
1354,135.302706,26.159304592725004
1355,135.40270800000002,26.272541261145204
1356,135.50270999999998,26.328779311392616
1357,135.602712,26.027050990491382
1358,135.70271400000001,26.213171572079197
1359,135.802716,26.10503447839974
1360,135.902718,26.313257312653914
1361,136.00272,26.170980510924295
1362,136.102722,26.157987808726347
1363,136.20272400000002,26.39654604823339
1364,136.302726,26.324015150722275
1365,136.402728,26.442315180647377
1366,136.50273,26.14069117671052
1367,136.602732,26.156207536578275
1368,136.702734,26.112338568255247
1369,136.802736,26.011572419668425
1370,136.902738,25.960887997672526
1371,137.00274,26.064644810421537
1372,137.102742,25.851539268083158
1373,137.202744,25.90904095417313
1374,137.302746,25.82901306857235
1375,137.402748,25.895729364018564
1376,137.50275,25.67402414585044
1377,137.602752,25.78654502598488
1378,137.70275400000003,25.674473759321625
1379,137.802756,25.651012662499422
1380,137.902758,25.809194883001464
1381,138.00276000000002,25.63647049128803
1382,138.102762,25.653856406924085
1383,138.202764,25.603301085385866
1384,138.302766,25.653606390046562
1385,138.402768,25.884202411117972
1386,138.50277,25.749280377803345
1387,138.602772,25.752506668343877
1388,138.702774,25.809910013625423
1389,138.80277600000002,25.75137619484051
1390,138.90277799999998,25.776440649105897
1391,139.00278,25.742674266280858
1392,139.10278200000002,25.84336946161443
1393,139.202784,25.910314469782755
1394,139.302786,25.906126325246483
1395,139.402788,25.8027872959586
1396,139.50279,25.82411073167293
1397,139.60279200000002,25.741053032111143
1398,139.70279399999998,25.782172890178156
1399,139.802796,25.730978586917917
1400,139.90279800000002,25.942281578634645
1401,140.0028,25.599790543195272
1402,140.102802,25.72028142564056
1403,140.20280400000001,25.70714929809707
1404,140.302806,25.712505033190265
1405,140.402808,25.672566194737914
1406,140.50281,25.753786111136385
1407,140.602812,25.849780285931775
1408,140.70281400000002,25.732579218334774
1409,140.80281599999998,25.76501321510661
1410,140.902818,25.744422099993145
1411,141.00282,25.883187089086558
1412,141.102822,25.8456817380822
1413,141.202824,25.836706527921333
1414,141.302826,25.831121157866868
1415,141.402828,25.7696640743089
1416,141.50283000000002,25.85442651737622
1417,141.602832,25.86111094782158
1418,141.702834,25.730718342915573
1419,141.802836,25.75954811311545
1420,141.902838,25.73549217469378
1421,142.00284,25.896114025756262
1422,142.102842,25.741462091758734
1423,142.202844,25.82216766095477
1424,142.302846,25.81975448404951
1425,142.402848,25.600798008330006
1426,142.50285,25.770661943327337
1427,142.602852,25.691286189248313
1428,142.702854,25.785036000804656
1429,142.802856,25.917658221362856
1430,142.902858,25.84202701883135
1431,143.00286000000003,25.765892322038763
1432,143.102862,25.791066850790074
1433,143.202864,25.824899352959033
1434,143.30286600000002,25.752952465766523
1435,143.402868,25.77222218920931
1436,143.50287,25.76460144320906
1437,143.602872,25.622503341833355
1438,143.702874,25.682971345950968
1439,143.802876,25.689089458345922
1440,143.902878,25.631940068672762
1441,144.00288,25.73933198199232
1442,144.10288200000002,25.627776558356878
1443,144.20288399999998,25.761489597981644
1444,144.302886,25.741630987521802
1445,144.40288800000002,25.520952387187283
1446,144.50289,25.552369011070926
1447,144.602892,25.801312058029993
1448,144.702894,25.640214451095666
1449,144.802896,25.726228906005762
1450,144.90289800000002,25.62110657446575
1451,145.00289999999998,25.744855863289345
1452,145.102902,25.657028311016578
1453,145.20290400000002,25.71152860647884
1454,145.302906,25.78065049253679
1455,145.402908,25.748006458263525
1456,145.50291,25.948499895170883
1457,145.602912,25.789561397821497
1458,145.702914,25.72655754086386
1459,145.802916,25.916574970599026
1460,145.902918,25.872092528214335
1461,146.00292000000002,25.69761127071555
1462,146.10292199999998,25.814827913530042
1463,146.202924,25.69384051536739
1464,146.302926,25.622234310076752
1465,146.402928,25.601322910647273
1466,146.50293,25.76182661526646
1467,146.602932,25.884572590753493
1468,146.702934,25.723695950903096
1469,146.80293600000002,25.925095693894196
1470,146.902938,25.759157332467183
1471,147.00294,25.725338329562184
1472,147.102942,25.594032550701716
1473,147.202944,25.75555339403641
1474,147.302946,25.679898322260787
1475,147.402948,25.634102216345557
1476,147.50295,25.61745024216097
1477,147.602952,25.578813239804095
1478,147.702954,25.713787085609493
1479,147.802956,25.69136694137082
1480,147.902958,25.67964920200756
1481,148.00296,25.634071403642697
1482,148.102962,25.52811438085437
1483,148.202964,25.76212806238822
1484,148.30296600000003,25.692055120733375
1485,148.402968,25.558504040550527
1486,148.50297,25.447151040431976
1487,148.60297200000002,25.377237881558433
1488,148.702974,25.510245927293774
1489,148.802976,25.559212627608627
1490,148.902978,25.755210366059973
1491,149.00298,25.497030999286256
1492,149.102982,25.615810988565702
1493,149.202984,25.618340877814283
1494,149.302986,25.577876364655324
1495,149.40298800000002,25.618893508554738
1496,149.50298999999998,25.693035845930257
1497,149.602992,25.694882592199246
1498,149.70299400000002,25.65646944931677
1499,149.802996,25.59745440411227
1500,149.902998,25.428193599959602
1501,150.003,25.663653887105085
1502,150.103002,25.680967803027315
1503,150.20300400000002,25.71915982150732
1504,150.30300599999998,25.59658933878453
1505,150.403008,25.672059242999566
1506,150.50301000000002,25.42172537965028
1507,150.603012,25.178199074585393
1508,150.703014,25.5488171596568
1509,150.803016,25.464406745774127
1510,150.903018,25.561941097889523
1511,151.00302,25.561623429958647
1512,151.103022,25.624585244142704
1513,151.203024,25.713874234220675
1514,151.30302600000002,25.774082626731165
1515,151.40302799999998,25.719376970943976
1516,151.50303,25.378876371121894
1517,151.603032,25.63210566763778
1518,151.703034,25.50051493868146
1519,151.803036,25.446951170405693
1520,151.903038,25.41599878013523
1521,152.00304,25.614387525371054
1522,152.10304200000002,25.530607071007413
1523,152.203044,25.508079050367837
1524,152.303046,25.625491626630467
1525,152.403048,25.454879671088793
1526,152.50305000000003,25.481615251057445
1527,152.603052,25.485052458620583
1528,152.703054,25.480724467498302
1529,152.803056,25.43399240308432
1530,152.903058,25.346583466373463
1531,153.00306,25.397702614219767
1532,153.103062,25.37929264736062
1533,153.203064,25.461725094835902
1534,153.303066,25.600071638957356
1535,153.403068,25.614503453299577
1536,153.50307,25.332059350363348
1537,153.60307200000003,25.426933348155988
1538,153.703074,25.31995037667445
1539,153.803076,25.501410892559196
1540,153.90307800000002,25.476465566536298
1541,154.00308,25.43892585804397
1542,154.103082,25.50820073437319
1543,154.203084,25.590859476392943
1544,154.303086,25.54458737955119
1545,154.403088,25.45317757795926
1546,154.50309,25.384787177303895
1547,154.603092,25.433514573818467
1548,154.70309400000002,25.476506044225424
1549,154.80309599999998,25.377989434390848
1550,154.903098,25.308448978809544
1551,155.00310000000002,25.323090626349412
1552,155.103102,25.311061456700326
1553,155.203104,25.450519739420173
1554,155.303106,25.40337357148676
1555,155.403108,25.386421132071
1556,155.50311000000002,25.357272775832673
1557,155.60311199999998,25.40593835173421
1558,155.703114,25.294425226594488
1559,155.80311600000002,25.57856218165671
1560,155.903118,25.576737274910073
1561,156.00312,25.45223454225136
1562,156.103122,25.536800109696337
1563,156.203124,25.467048779066083
1564,156.303126,25.44560035132024
1565,156.403128,25.36870622849784
1566,156.50313,25.429581024771338
1567,156.60313200000002,25.32453158364429
1568,156.70313399999998,25.559766615872004
1569,156.803136,25.430564244047638
1570,156.903138,25.40916863529915
1571,157.00314,25.373346391666658
1572,157.103142,25.402113287241683
1573,157.203144,25.45698740463954
1574,157.303146,25.46447967246728
1575,157.40314800000002,25.422474792667966
1576,157.50315,25.582904641324344
1577,157.603152,25.45643454706138
1578,157.703154,25.249388560734797
1579,157.80315600000003,25.533976919050573
1580,157.903158,25.7035713719551
1581,158.00316,25.524967986739977
1582,158.103162,25.586366422074676
1583,158.203164,25.538099543157347
1584,158.303166,25.65008580640821
1585,158.403168,25.661810546060966
1586,158.50317,25.649039542589087
1587,158.603172,25.598411194624592
1588,158.703174,25.612624741225524
1589,158.803176,25.369671217639674
1590,158.90317800000003,25.407168391798773
1591,159.00318,25.354667933739634
1592,159.103182,25.439753428992514
1593,159.20318400000002,25.40386371813342
1594,159.303186,25.361016131612917
1595,159.403188,25.349263652350277
1596,159.50319,25.471272095261934
1597,159.603192,25.434400598745103
1598,159.70319400000002,25.54239790871766
1599,159.80319599999999,25.59472367585778
1600,159.903198,25.612625055048664
1601,160.00320000000002,25.64270968143654
1602,160.10320199999998,25.636795307623714
1603,160.203204,25.529063070079033
1604,160.30320600000002,25.579643634283862
1605,160.403208,25.577845804486184
1606,160.50321,25.511805154937438
1607,160.603212,25.606560620461263
1608,160.703214,25.526718204512633
1609,160.80321600000002,25.545048759856662
1610,160.90321799999998,25.508738458666716
1611,161.00322,25.6088148212202
1612,161.10322200000002,25.574894886300108
1613,161.203224,25.4983576501597
1614,161.303226,25.458554722320557
1615,161.403228,25.501575681063535
1616,161.50323,25.50156320737708
1617,161.603232,25.54401853064345
1618,161.703234,25.44617692704824
1619,161.803236,25.60154545608056
1620,161.90323800000002,25.610567554495812
1621,162.00323999999998,25.54890679022406
1622,162.103242,25.556483172694488
1623,162.203244,25.532140459232092
1624,162.303246,25.5903623469422
1625,162.403248,25.420695014523236
1626,162.50325,25.526785290207325
1627,162.603252,25.575173124588236
1628,162.70325400000002,25.55034234236629
1629,162.803256,25.590718346798536
1630,162.903258,25.525602490149108
1631,163.00326,25.30095827882912
1632,163.10326200000003,25.496264895182165
1633,163.203264,25.4212359720806
1634,163.303266,25.489602521965097
1635,163.403268,25.505967765888467
1636,163.50327,25.412672223749624
1637,163.603272,25.282788141098962
1638,163.703274,25.251433301541514
1639,163.803276,25.486613146643162
1640,163.903278,25.488316657976007
1641,164.00328,25.40401996782588
1642,164.103282,25.479935555898408
1643,164.20328400000002,25.470375480787393
1644,164.30328599999999,25.439504890505766
1645,164.403288,25.355022072260265
1646,164.50329000000002,25.489432657183695
1647,164.603292,25.248323328314637
1648,164.703294,25.33448046835643
1649,164.803296,25.43964458889709
1650,164.903298,25.46927849678807
1651,165.00330000000002,25.39998486748268
1652,165.10330199999999,25.36920474936503
1653,165.203304,25.384611927814735
1654,165.30330600000002,25.421819399245
1655,165.40330799999998,25.550902612659684
1656,165.50331,25.37215479992864
1657,165.60331200000002,25.44641192162096
1658,165.703314,25.35952494710458
1659,165.803316,25.2151924682175
1660,165.903318,25.28057389395619
1661,166.00332,25.503548756713137
1662,166.10332200000002,25.479410567508598
1663,166.20332399999998,25.44091682557068
1664,166.303326,25.443577426417438
1665,166.40332800000002,25.464677944204777
1666,166.50333,25.634995894662147
1667,166.603332,25.433651783669223
1668,166.703334,25.47654653726284
1669,166.803336,25.54589916113711
1670,166.90333800000002,25.543093286294813
1671,167.00334,25.53806101271114
1672,167.103342,25.603838763553398
1673,167.20334400000002,25.660145063965906
1674,167.30334599999998,25.55761586557743
1675,167.403348,25.466566400478854
1676,167.50335,25.309610059617192
1677,167.603352,25.349455165750125
1678,167.703354,25.321174089269775
1679,167.803356,25.214741472165475
1680,167.903358,25.28373527932241
1681,168.00336000000001,25.37511725210489
1682,168.103362,25.406189758966097
1683,168.203364,25.380075211474125
1684,168.303366,25.409646566019237
1685,168.40336800000003,25.433187733560665
1686,168.50337,25.3214964191309
1687,168.603372,25.498215308880166
1688,168.703374,25.59476398015202
1689,168.803376,25.525263620031804
1690,168.903378,25.542923244508057
1691,169.00338,25.548442822274986
1692,169.103382,25.426680391016873
1693,169.203384,25.346881677412544
1694,169.303386,25.38622245402364
1695,169.403388,25.357372818525327
1696,169.50339000000002,25.342873106795345
1697,169.60339199999999,25.268328757659877
1698,169.703394,25.287842505566818
1699,169.80339600000002,25.344112025358168
1700,169.903398,25.32084999797071
1701,170.0034,25.3354001115186
1702,170.103402,25.34858971338853
1703,170.203404,25.28922633952016
1704,170.30340600000002,25.368221232629292
1705,170.40340799999998,25.444648305388373
1706,170.50341,25.427991124369807
1707,170.60341200000002,25.397531680091728
1708,170.70341399999998,25.32110693751674
1709,170.803416,25.373493797715305
1710,170.90341800000002,25.479800731245284
1711,171.00342,25.43648255738722
1712,171.103422,25.41225426584188
1713,171.203424,25.452228696528422
1714,171.303426,25.44443762738411
1715,171.40342800000002,25.460592144668656
1716,171.50342999999998,25.39855854743679
1717,171.603432,25.390416010597097
1718,171.70343400000002,25.42745973459358
1719,171.803436,25.410848010460867
1720,171.903438,25.37974276478841
1721,172.00344,25.34102818741809
1722,172.103442,25.376334108742792
1723,172.20344400000002,25.307743142137713
1724,172.303446,25.426084163703937
1725,172.403448,25.155002380873704
1726,172.50345000000002,25.324957431556648
1727,172.603452,25.214846579520774
1728,172.703454,25.061945965231903
1729,172.803456,25.33731502965418
1730,172.903458,25.178582170105773
1731,173.00346,25.208773507589694
1732,173.103462,25.285130632289274
1733,173.203464,25.202769761177553
1734,173.30346600000001,25.304959676311984
1735,173.403468,25.19261856925054
1736,173.50347,25.28639125595076
1737,173.603472,25.34106136511472
1738,173.70347400000003,25.4036520151073
1739,173.803476,25.66400899051205
1740,173.903478,25.478060322787776
1741,174.00348000000002,25.475653884526636
1742,174.103482,25.409563207227695
1743,174.203484,25.427497850188388
1744,174.303486,25.458002876407164
1745,174.403488,25.43250173961274
1746,174.50349,25.444908432264356
1747,174.603492,25.42444091347424
1748,174.703494,25.477208929612914
1749,174.80349600000002,25.529426395854617
1750,174.90349799999998,25.36061295179739
1751,175.0035,25.183856188407493
1752,175.10350200000002,25.33221921918882
1753,175.203504,25.31628284278406
1754,175.303506,25.574250445567568
1755,175.403508,25.490806757215392
1756,175.50351,25.430568477627023
1757,175.60351200000002,25.537414200666404
1758,175.70351399999998,25.49219230730141
1759,175.803516,25.416985255274515
1760,175.90351800000002,25.488517090575584
1761,176.00351999999998,25.43781079603622
1762,176.103522,25.523119905969295
1763,176.20352400000002,25.509333583546102
1764,176.303526,25.29534409275865
1765,176.403528,25.354154011428463
1766,176.50353,25.424672670997783
1767,176.603532,25.512477710293762
1768,176.70353400000002,25.556530560765292
1769,176.80353599999998,25.49423781296748
1770,176.903538,25.357378002180425
1771,177.00354000000002,25.31618602971492
1772,177.103542,25.37422430253948
1773,177.203544,25.335851225178015
1774,177.303546,25.268997197421196
1775,177.403548,25.450196327840022
1776,177.50355000000002,25.317012554811694
1777,177.603552,25.347306841903187
1778,177.703554,25.45167832998285
1779,177.80355600000001,25.434235133889633
1780,177.903558,25.394542961577915
1781,178.00356,25.407576703730914
1782,178.103562,25.330993274001504
1783,178.203564,25.393282793691085
1784,178.303566,25.41766471881087
1785,178.403568,25.529589857109592
1786,178.50357,25.39265151047839
1787,178.603572,25.54668577512624
1788,178.703574,25.413387627274165
1789,178.803576,25.29552766620151
1790,178.903578,25.33770344429933
1791,179.00358000000003,25.27215910022634
1792,179.103582,25.31404373042447
1793,179.203584,25.177840734623906
1794,179.30358600000002,25.222240618791275
1795,179.403588,25.22353903372234
1796,179.50359,25.27270113469592
1797,179.603592,25.190690677562483
1798,179.703594,25.265257129573417
1799,179.803596,25.285063216160754
1800,179.903598,25.405474790748865
1801,180.0036,25.50360021904639
1802,180.10360200000002,25.282856225075246
1803,180.20360399999998,25.383279649268626
1804,180.303606,25.359494282198913
1805,180.40360800000002,25.356782888598772
1806,180.50361,25.39400993681797
1807,180.603612,25.345369448025593
1808,180.703614,25.466948078254646
1809,180.803616,25.452839528427535
1810,180.90361800000002,25.346524658152546
1811,181.00361999999998,25.4313622225581
1812,181.103622,25.402011566270986
1813,181.20362400000002,25.380653642524784
1814,181.30362599999998,25.502776665049115
1815,181.403628,25.463225196939593
1816,181.50363000000002,25.51902869532165
1817,181.603632,25.549493002888024
1818,181.703634,25.53852955250225
1819,181.803636,25.38965995836833
1820,181.903638,25.491854674981017
1821,182.00364000000002,25.650399476147065
1822,182.10364199999998,25.416036348908754
1823,182.203644,25.33702334821836
1824,182.30364600000001,25.463283658665873
1825,182.403648,25.520372727771335
1826,182.50365,25.557338254560683
1827,182.603652,25.53142490264983
1828,182.703654,25.549028161706456
1829,182.80365600000002,25.54914671013423
1830,182.903658,25.572287118387553
1831,183.00366,25.652866899505355
1832,183.103662,25.54525164178639
1833,183.203664,25.555664374417717
1834,183.303666,25.56430686116826
1835,183.403668,25.559943022890387
1836,183.50367,25.517819442388596
1837,183.603672,25.41695868003386
1838,183.703674,25.30425326161248
1839,183.803676,25.572100236998686
1840,183.903678,25.34907980588209
1841,184.00368,25.32869591889425
1842,184.103682,25.49440093533913
1843,184.203684,25.41425465111124
1844,184.30368600000003,25.415959842907505
1845,184.403688,25.593124865353293
1846,184.50369,25.44145290741655
1847,184.60369200000002,25.233940405893037
1848,184.703694,25.395062537812276
1849,184.803696,25.432267154995365
1850,184.903698,25.56468893859995
1851,185.0037,25.59599926157348
1852,185.103702,25.48747252836074
1853,185.203704,25.61184033432856
1854,185.303706,25.53743836289654
1855,185.40370800000002,25.661263283813216
1856,185.50370999999998,25.686597360252662
1857,185.603712,25.4962434226176
1858,185.70371400000002,25.553591737801966
1859,185.803716,25.541301845381128
1860,185.903718,25.387300602616463
1861,186.00372,25.640566344501995
1862,186.103722,25.61066380844024
1863,186.20372400000002,25.639812368381694
1864,186.30372599999998,25.510715557538266
1865,186.403728,25.667777314544363
1866,186.50373000000002,25.608884967214397
1867,186.603732,25.3676811148785
1868,186.703734,25.446114535373557
1869,186.80373600000001,25.46945300878768
1870,186.903738,25.326042029419234
1871,187.00374,25.45364721779526
1872,187.103742,25.408246480368096
1873,187.203744,25.51480237378122
1874,187.30374600000002,25.454065581883725
1875,187.40374799999998,25.515800941681448
1876,187.50375,25.37000105879703
1877,187.60375200000001,25.493633309886917
1878,187.703754,25.57429989601841
1879,187.803756,25.401859504500045
1880,187.903758,25.58106362099615
1881,188.00376,25.413545741704674
1882,188.10376200000002,25.625662177316116
1883,188.203764,25.59666466409811
1884,188.303766,25.48592895680598
1885,188.403768,25.42426544466195
1886,188.50377,25.487763740642333
1887,188.603772,25.47849927596373
1888,188.703774,25.619565182359455
1889,188.803776,25.492207389771654
1890,188.903778,25.618316460865984
1891,189.00378,25.59186359747607
1892,189.103782,25.476889826776272
1893,189.203784,25.540241926634884
1894,189.303786,25.637705653098028
1895,189.403788,25.38209882306358
1896,189.50379,25.517735366101345
1897,189.60379200000003,25.492724631089718
1898,189.703794,25.470225009327123
1899,189.803796,25.452381943497837
1900,189.90379800000002,25.405701813316742
1901,190.0038,25.46553296073356
1902,190.103802,25.418114437375852
1903,190.203804,25.409733205142082
1904,190.303806,25.43860927749301
1905,190.403808,25.447690710713772
1906,190.50381,25.53489605137836
1907,190.603812,25.50132825878139
1908,190.70381400000002,25.43219923888966
1909,190.80381599999998,25.365579937179234
1910,190.903818,25.476168700542793
1911,191.00382000000002,25.52021941005327
1912,191.103822,25.546964755941975
1913,191.203824,25.440426804384668
1914,191.30382600000002,25.48395897303906
1915,191.403828,25.487796369245928
1916,191.50383000000002,25.525000782498257
1917,191.60383199999998,25.25601820546338
1918,191.703834,25.431862064966083
1919,191.80383600000002,25.58653887696568
1920,191.903838,25.41697553423919
1921,192.00384,25.383458988214727
1922,192.10384200000001,25.377862133209113
1923,192.203844,25.387156625851294
1924,192.303846,25.34240070555678
1925,192.403848,25.49658493510158
1926,192.50385,25.397055246046325
1927,192.60385200000002,25.405154381002667
1928,192.70385399999998,25.33695657584611
1929,192.803856,25.341811721261603
1930,192.903858,25.261407516968898
1931,193.00386,25.408024768660574
1932,193.103862,25.443419921902965
1933,193.203864,25.266556014883687
1934,193.303866,25.450636130470745
1935,193.40386800000002,25.24564355834544
1936,193.50387,25.390089928552666
1937,193.603872,25.36082733095624
1938,193.703874,25.334089404405837
1939,193.80387600000003,25.377718706250203
1940,193.903878,25.348051418057317
1941,194.00388,25.399310623078502
1942,194.103882,25.488500045925036
1943,194.203884,25.646710272321382
1944,194.303886,25.34500302714349
1945,194.403888,25.365142149778233
1946,194.50389,25.371027620897486
1947,194.603892,25.392517305506534
1948,194.703894,25.40030348198467
1949,194.803896,25.39328262676333
1950,194.90389800000003,25.57434761955389
1951,195.0039,25.389884468250724
1952,195.103902,25.39471740261642
1953,195.20390400000002,25.527282352689518
1954,195.303906,25.557389364889605
1955,195.403908,25.361744028499363
1956,195.50391,25.59161175821192
1957,195.603912,25.462244060088043
1958,195.703914,25.392537024993583
1959,195.803916,25.250875220120207
1960,195.903918,25.287325299869018
1961,196.00392000000002,25.526606152836486
1962,196.10392199999998,25.46673570013711
1963,196.203924,25.540512874122424
1964,196.30392600000002,25.35662704513321
1965,196.403928,25.47901146695083
1966,196.50393,25.46003751032805
1967,196.60393200000001,25.410180122263558
1968,196.703934,25.491735854259765
1969,196.80393600000002,25.430338906815617
1970,196.90393799999998,25.444775304417544
1971,197.00394,25.488991179755818
1972,197.10394200000002,25.406897174028355
1973,197.203944,25.46707938425857
1974,197.303946,25.34511701443712
1975,197.403948,25.371411165309674
1976,197.50395,25.571775855315718
1977,197.603952,25.455824920191795
1978,197.703954,25.354244180068797
1979,197.803956,25.567148261823355
1980,197.90395800000002,25.58362953465175
1981,198.00395999999998,25.362525480210554
1982,198.103962,25.44028265343631
1983,198.203964,25.374267801969335
1984,198.303966,25.29991954092999
1985,198.403968,25.381392531458488
1986,198.50397,25.428436772799085
1987,198.603972,25.558590019146084
1988,198.70397400000002,25.49868981318498
1989,198.803976,25.33010042809303
1990,198.903978,25.36433020648961
1991,199.00398,25.496359942289605
1992,199.10398200000003,25.57851698496257
1993,199.203984,25.62769384750924
1994,199.303986,25.44937301803413
1995,199.403988,25.3900051486698
1996,199.50399,25.44090385373503
1997,199.603992,25.406117513952854
1998,199.703994,25.478614041404928
1999,199.803996,25.452406554087908
2000,199.903998,25.52043703845565
2001,200.004,25.590666341104324
2002,200.104002,25.528843065778126
2003,200.20400400000003,25.610062963509417
2004,200.304006,25.47356001716197
2005,200.404008,25.66731256521586
2006,200.50401000000002,25.486096135179018
2007,200.604012,25.43103337190181
2008,200.704014,25.508578856557087
2009,200.804016,25.43811580427183
2010,200.904018,25.553559931840418
2011,201.00402000000003,25.632647803273304
2012,201.104022,25.54890055349575
2013,201.204024,25.57307787194224
2014,201.30402600000002,25.4203744335645
2015,201.40402799999998,25.384777404485657
2016,201.50403,25.329241217784112
2017,201.60403200000002,25.35480297708328
2018,201.704034,25.68900824245293
2019,201.804036,25.567870225125628
2020,201.904038,25.45410542141891
2021,202.00404,25.29597270593248
2022,202.10404200000002,25.480514494411256
2023,202.20404399999998,25.586199246928068
2024,202.304046,25.473394714708657
2025,202.40404800000002,25.46479866619811
2026,202.50405,25.563977287342624
2027,202.604052,25.546843163827997
2028,202.704054,25.471875878863422
2029,202.804056,25.264150330247112
2030,202.904058,25.414513891771715
2031,203.00406,25.574228389749067
2032,203.104062,25.34247993858512
2033,203.20406400000002,25.37358681747937
2034,203.30406599999998,25.541379136456126
2035,203.404068,25.525211070419992
2036,203.50407,25.46151175102858
2037,203.604072,25.494417380097065
2038,203.704074,25.3925230243939
2039,203.804076,25.456591570038597
2040,203.904078,25.492677022445825
2041,204.00408000000002,25.566796762050142
2042,204.104082,25.429824490389418
2043,204.204084,25.31890318354179
2044,204.304086,25.376154522267754
2045,204.40408800000003,25.49100737380951
2046,204.50409,25.509243464501647
2047,204.604092,25.595435647634034
2048,204.704094,25.553008400490842
2049,204.804096,25.508199446316542
2050,204.904098,25.331836881324396
2051,205.0041,25.52254928393261
2052,205.104102,25.346308444358893
2053,205.204104,25.260340413309187
2054,205.304106,25.397283880409166
2055,205.404108,25.42133167624354
2056,205.50411000000003,25.478591345840567
2057,205.604112,25.27865071783094
2058,205.704114,25.311035106025265
2059,205.80411600000002,25.442175365042615
2060,205.904118,25.333695454199113
2061,206.00412,25.247442044407673
2062,206.104122,25.2949527336847
2063,206.204124,25.242540947374895
2064,206.30412600000002,25.306731449336137
2065,206.404128,25.31383357093209
2066,206.50413,25.159380301770792
2067,206.60413200000002,25.162486714398877
2068,206.70413399999998,25.04492739205741
2069,206.804136,25.041670485534897
2070,206.90413800000002,25.07337783186023
2071,207.00414,25.08797063054719
2072,207.104142,25.276940836053377
2073,207.204144,25.043330105747764
2074,207.304146,25.149317615246616
2075,207.40414800000002,25.137957100281646
2076,207.50414999999998,25.097969815857684
2077,207.604152,25.062491020005787
2078,207.70415400000002,25.10308273745115
2079,207.804156,25.13645230331961
2080,207.904158,25.247313498759933
2081,208.00416,25.143993428358982
2082,208.104162,25.313151058850835
2083,208.20416400000002,25.425854725373323
2084,208.304166,25.421463348783057
2085,208.404168,25.602836811425558
2086,208.50417000000002,25.382910944378967
2087,208.604172,25.186440611656515
2088,208.704174,25.32052010583853
2089,208.804176,25.43189302358314
2090,208.904178,25.4042112733724
2091,209.00418,25.615913945192556
2092,209.104182,25.36491819132584
2093,209.204184,25.463751393759416
2094,209.30418600000002,25.486464794575074
2095,209.404188,25.51832476742915
2096,209.50419,25.492994355971565
2097,209.604192,25.506740315257716
2098,209.70419400000003,25.388495401000622
2099,209.804196,25.52869768775274
2100,209.904198,25.360713481794946
2101,210.00420000000003,25.490718527634847
2102,210.104202,25.330043212994457
2103,210.204204,25.529561784572834
2104,210.304206,25.598396168966698
2105,210.404208,25.539856267089267
2106,210.50421,25.586865152535996
2107,210.604212,25.34840210404026
2108,210.704214,25.46558227498456
2109,210.80421600000003,25.42523728191354
2110,210.904218,25.522578075204173
2111,211.00422,25.528632836058257
2112,211.10422200000002,25.525476121113794
2113,211.204224,25.39160957292523
2114,211.304226,25.392576976989126
2115,211.404228,25.54919520967034
2116,211.50423,25.48450259423519
2117,211.60423200000002,25.456591596616676
2118,211.70423399999999,25.370211216408826
2119,211.804236,25.462869939189165
2120,211.90423800000002,25.52590441161795
2121,212.00423999999998,25.623511628365822
2122,212.104242,25.452945490114672
2123,212.20424400000002,25.52472650984147
2124,212.304246,25.625285069090843
2125,212.404248,25.702142718366645
2126,212.50425,25.630590443762102
2127,212.604252,25.582051347044892
2128,212.70425400000002,25.651052792155355
2129,212.80425599999998,25.501585424049328
2130,212.904258,25.5685593379803
2131,213.00426000000002,25.424555771606475
2132,213.104262,25.48852962787928
2133,213.204264,25.407866057577746
2134,213.304266,25.52108657777625
2135,213.404268,25.460084109365624
2136,213.50427000000002,25.48826181712269
2137,213.604272,25.66132761211043
2138,213.704274,25.61694209835452
2139,213.80427600000002,25.48191527724992
2140,213.904278,25.714532938963234
2141,214.00428,25.43065884311517
2142,214.104282,25.51818799739031
2143,214.204284,25.551332981896167
2144,214.304286,25.623958425637717
2145,214.404288,25.44368884521332
2146,214.50429,25.535859387010415
2147,214.60429200000002,25.423377908423596
2148,214.704294,25.54035611771114
2149,214.804296,25.35191931217231
2150,214.904298,25.32275247496293
2151,215.00430000000003,25.320279799607576
2152,215.104302,25.31936214816009
2153,215.204304,25.20732738505777
2154,215.30430600000003,25.241744064425212
2155,215.404308,25.29775521991986
2156,215.50431,25.289717449297356
2157,215.604312,25.30942659515346
2158,215.704314,25.31399376927784
2159,215.804316,25.26169711083187
2160,215.904318,25.16220235355813
2161,216.00432,25.082546285561744
2162,216.10432200000002,25.284485459430126
2163,216.20432399999999,25.403305956753492
2164,216.304326,25.360372908949476
2165,216.40432800000002,25.302121525160132
2166,216.50433,25.27886398679208
2167,216.604332,25.30816389956683
2168,216.704334,25.39758634208927
2169,216.804336,25.391010859321696
2170,216.90433800000002,25.212445791266738
2171,217.00433999999998,25.33161839888101
2172,217.104342,25.259521348045674
2173,217.20434400000002,25.290100340205772
2174,217.30434599999998,25.18445663191007
2175,217.404348,25.13093230620518
2176,217.50435000000002,25.03970838931244
2177,217.604352,25.089614940558494
2178,217.704354,25.116039779681238
2179,217.804356,25.234254769865633
2180,217.904358,25.293163817896925
2181,218.00436000000002,25.16952819093854
2182,218.10436199999998,25.11113423252138
2183,218.204364,25.217245150675314
2184,218.30436600000002,25.07075573402661
2185,218.404368,25.081195450285254
2186,218.50437,25.150194950655504
2187,218.604372,25.165882514322085
2188,218.704374,25.140995334382804
2189,218.80437600000002,25.10481489028521
2190,218.904378,25.11797452550722
2191,219.00438,25.21960718784074
2192,219.10438200000002,25.04759953912742
2193,219.204384,25.102689748865977
2194,219.304386,25.110084354738124
2195,219.404388,25.22594615898113
2196,219.50439,25.245889987732806
2197,219.604392,25.32593960207007
2198,219.704394,25.19349207515181
2199,219.804396,25.20501584643751
2200,219.90439800000001,25.127726915134346
2201,220.0044,25.14782550831501
2202,220.104402,25.18736506023574
2203,220.204404,25.06436173475038
2204,220.30440600000003,25.254688854547723
2205,220.404408,25.107995973816607
2206,220.50441,25.25655905220145
2207,220.60441200000002,25.13478288829765
2208,220.704414,25.164650045489754
2209,220.804416,25.082992316980803
2210,220.904418,25.216632902030863
2211,221.00442,25.220855718536914
2212,221.104422,25.223986985260954
2213,221.204424,25.25943116183255
2214,221.304426,25.29314053100663
2215,221.40442800000002,25.21684051702469
2216,221.50442999999999,25.135504680337107
2217,221.604432,25.331395275011293
2218,221.70443400000002,25.329953318270814
2219,221.804436,25.221414049852406
2220,221.904438,25.35348365818701
2221,222.00444,25.26280669087542
2222,222.104442,25.20357813660794
2223,222.20444400000002,25.37787554292848
2224,222.30444599999998,25.07652038793063
2225,222.404448,25.111818908767972
2226,222.50445000000002,25.16865536780857
2227,222.60445199999998,25.21832662112155
2228,222.704454,25.223646063890435
2229,222.80445600000002,25.19740287358958
2230,222.904458,25.07344175697462
2231,223.00446,25.18358861305232
2232,223.104462,25.25208878650876
2233,223.204464,24.992029405378513
2234,223.30446600000002,25.15141330500511
2235,223.40446799999998,25.23087581169932
2236,223.50447,25.16040511044628
2237,223.60447200000002,25.062293829424302
2238,223.704474,25.127667295721267
2239,223.804476,25.027081125984694
2240,223.904478,25.0811236799597
2241,224.00448,25.27828055910896
2242,224.10448200000002,25.283591997292213
2243,224.204484,25.122439151189287
2244,224.304486,25.25053870420794
2245,224.40448800000001,25.17598694033161
2246,224.50449,25.283901781350497
2247,224.604492,25.208126466203126
2248,224.704494,25.284059330449132
2249,224.804496,25.176925824580415
2250,224.904498,25.15516340990126
2251,225.0045,25.278251924975407
2252,225.104502,25.177146026408938
2253,225.20450400000001,25.203766085941762
2254,225.304506,25.284649812674605
2255,225.404508,25.247741456522146
2256,225.50451,25.229780445092103
2257,225.60451200000003,25.067152307317166
2258,225.704514,25.31034679934987
2259,225.804516,25.233052174877724
2260,225.90451800000002,25.271573321661926
2261,226.00452,25.24520331470749
2262,226.104522,25.307904490553042
2263,226.204524,25.314228476009298
2264,226.304526,25.225566389868245
2265,226.404528,25.36105917520597
2266,226.50453,25.24628794176435
2267,226.604532,25.190263892933363
2268,226.70453400000002,25.107869473464472
2269,226.80453599999998,25.185117435450383
2270,226.904538,25.163448954224535
2271,227.00454000000002,25.304644667001224
2272,227.104542,25.144314802508205
2273,227.204544,25.35378098496828
2274,227.30454600000002,25.36632597036979
2275,227.404548,25.269068635262453
2276,227.50455000000002,25.380203364984542
2277,227.60455199999998,25.354612296311164
2278,227.704554,25.37694724537179
2279,227.80455600000002,25.333624026784083
2280,227.904558,25.31117032793191
2281,228.00456,25.27028646665154
2282,228.10456200000002,25.17286973111404
2283,228.204564,25.209835763705172
2284,228.304566,25.348204704222244
2285,228.404568,25.178856859574914
2286,228.50457,25.169554699875455
2287,228.60457200000002,25.223007463893115
2288,228.70457399999998,25.15185640431198
2289,228.804576,25.204710500929227
2290,228.90457800000001,25.0549091777168
2291,229.00458,25.253425760857297
2292,229.104582,25.188566379984373
2293,229.204584,25.165665772906273
2294,229.304586,25.2228407121275
2295,229.40458800000002,25.19547564350778
2296,229.50459,25.13850226184042
2297,229.604592,25.377785307315783
2298,229.70459400000001,25.258258835309384
2299,229.804596,25.21956415450155
2300,229.904598,25.279464367288757
2301,230.0046,25.281803130660155
2302,230.104602,25.395352648917374
2303,230.204604,25.46829322800648
2304,230.304606,25.31922686852445
2305,230.404608,25.24085061720953
2306,230.50461,25.272598609830624
2307,230.604612,25.15171480121637
2308,230.704614,25.12589909980005
2309,230.804616,25.182549712144702
2310,230.90461800000003,25.296587601807865
2311,231.00462,25.216672486250328
2312,231.104622,25.146506198172926
2313,231.20462400000002,25.26537223379733
2314,231.304626,25.183864801466967
2315,231.404628,25.332238277359302
2316,231.50463,25.254643069769063
2317,231.604632,25.336757467326983
2318,231.704634,25.26817285929095
2319,231.804636,25.328356201533975
2320,231.904638,25.432811930841854
2321,232.00464000000002,25.256079873846378
2322,232.10464199999998,25.314777584440282
2323,232.204644,25.477996184749053
2324,232.30464600000002,25.356741023237703
2325,232.404648,25.481372762221007
2326,232.50465,25.48177918318733
2327,232.60465200000002,25.464649599225915
2328,232.704654,25.294905835098984
2329,232.80465600000002,25.391750384949052
2330,232.90465799999998,25.441725007281043
2331,233.00466,25.378553490590775
2332,233.10466200000002,25.389281125084633
2333,233.204664,25.401620319877328
2334,233.304666,25.45838836970944
2335,233.40466800000002,25.289475391798952
2336,233.50467,25.375206679531644
2337,233.604672,25.36693968598599
2338,233.704674,25.351116830454366
2339,233.804676,25.371621631583604
2340,233.90467800000002,25.4905304385147
2341,234.00467999999998,25.482752021953786
2342,234.104682,25.488313705676433
2343,234.20468400000001,25.484641305990092
2344,234.304686,25.627012962385358
2345,234.404688,25.59016011790386
2346,234.50469,25.40957436122513
2347,234.604692,25.433533423820577
2348,234.70469400000002,25.436418426224964
2349,234.804696,25.4250216507326
2350,234.904698,25.414649311465986
2351,235.0047,25.48086704613384
2352,235.10470200000003,25.494174659609865
2353,235.204704,25.434059695060864
2354,235.304706,25.547831483341763
2355,235.404708,25.523481026799438
2356,235.50471,25.574309077040258
2357,235.604712,25.453530544836887
2358,235.704714,25.4950302029881
2359,235.804716,25.44781924080127
2360,235.904718,25.38157399560266
2361,236.00472,25.378880123860075
2362,236.104722,25.468952047577407
2363,236.20472400000003,25.461132243237003
2364,236.304726,25.530426105527933
2365,236.404728,25.46183628419642
2366,236.50473000000002,25.47948964115165
2367,236.604732,25.344788773837973
2368,236.704734,25.421691285623208
2369,236.804736,25.488761533413346
2370,236.904738,25.493843100247695
2371,237.00474,25.425355955369184
2372,237.104742,25.4092297512174
2373,237.204744,25.353651252256668
2374,237.30474600000002,25.368324223010937
2375,237.40474799999998,25.238266663158363
2376,237.50475,25.176014483961207
2377,237.60475200000002,25.338263585207795
2378,237.704754,25.34357121411959
2379,237.804756,25.420931066399657
2380,237.90475800000002,25.47034349094216
2381,238.00476,25.527713181160276
2382,238.10476200000002,25.340443584152094
2383,238.20476399999998,25.39369280950215
2384,238.304766,25.354803662571886
2385,238.40476800000002,25.349553273327768
2386,238.50477,25.35925309915724
2387,238.604772,25.457307354189997
2388,238.70477400000001,25.479471247333596
2389,238.804776,25.349377513341526
2390,238.904778,25.40425329677317
2391,239.00478,25.39323319067863
2392,239.104782,25.430460119558816
2393,239.20478400000002,25.354842030170797
2394,239.30478599999998,25.356526680404475
2395,239.404788,25.472703437791203
2396,239.50479,25.42401744676691
2397,239.604792,25.368875042409478
2398,239.704794,25.422350973480935
2399,239.804796,25.36809655512903
2400,239.904798,25.338304817136798
2401,240.00480000000002,25.532575027999364
2402,240.104802,25.44320453277085
2403,240.204804,25.509223582936222
2404,240.304806,25.37994348422252
2405,240.40480800000003,25.386904805446374
2406,240.50481,25.32544381486743
2407,240.604812,25.428076134066437
2408,240.704814,25.485305493927587
2409,240.804816,25.369662391429884
2410,240.904818,25.485359392487894
2411,241.00482,25.38704711839136
2412,241.104822,25.404690054291308
2413,241.204824,25.469702348662395
2414,241.304826,25.3537169070425
2415,241.404828,25.456778526193492
2416,241.50483000000003,25.300203071744715
2417,241.604832,25.467540115023446
2418,241.704834,25.415971206462615
2419,241.80483600000002,25.343163729248563
2420,241.904838,25.323436642210222
2421,242.00484,25.322638215582685
2422,242.104842,25.33794615302324
2423,242.204844,25.396775958953828
2424,242.30484600000003,25.3925835470542
2425,242.404848,25.346662864583095
2426,242.50485,25.356044241822133
2427,242.60485200000002,25.406697504880864
2428,242.70485399999998,25.360428712887956
2429,242.804856,25.33401335825166
2430,242.90485800000002,25.199636831609258
2431,243.00486,25.457786816378118
2432,243.104862,25.37325022470565
2433,243.20486400000001,25.327678871453887
2434,243.304866,25.386800848583604
2435,243.40486800000002,25.285476827146812
2436,243.50486999999998,25.264362488708507
2437,243.604872,25.465735728750914
2438,243.70487400000002,25.395686253935867
2439,243.804876,25.32671588272483
2440,243.904878,25.345708811141417
2441,244.00488,25.358335327311746
2442,244.104882,25.420751623765092
2443,244.204884,25.35393283722627
2444,244.304886,25.32471637828226
2445,244.404888,25.302481189137715
2446,244.50489000000002,25.371362938556818
2447,244.604892,25.460252282554816
2448,244.704894,25.441593315805115
2449,244.804896,25.345075831514404
2450,244.904898,25.365296960445953
2451,245.0049,25.361429319681502
2452,245.104902,25.421165780138395
2453,245.204904,25.39968835369703
2454,245.30490600000002,25.488355531062382
2455,245.404908,25.40066260710739
2456,245.50491,25.515662036645125
2457,245.604912,25.35810236365992
2458,245.70491400000003,25.600169262225783
2459,245.804916,25.609565373301304
2460,245.904918,25.460260078646407
2461,246.00492000000003,25.52103374230495
2462,246.104922,25.425970952854495
2463,246.204924,25.5349685546091
2464,246.304926,25.454327761101766
2465,246.404928,25.434213581368386
2466,246.50493,25.563383444296537
2467,246.604932,25.40058528928413
2468,246.704934,25.498976057832543
2469,246.80493600000003,25.454792428382937
2470,246.904938,25.36503097329552
2471,247.00494,25.407281635519773
2472,247.10494200000002,25.133162794244296
2473,247.204944,25.301665603680814
2474,247.304946,25.325683609899766
2475,247.404948,25.126829902616084
2476,247.50495,25.329924919313477
2477,247.60495200000003,25.427413114309328
2478,247.704954,25.40121895277942
2479,247.804956,25.332665602399498
2480,247.90495800000002,25.426089743057858
2481,248.00495999999998,25.479462402540683
2482,248.104962,25.326322913403633
2483,248.20496400000002,25.394853160787854
2484,248.304966,25.246101498919497
2485,248.404968,25.41463118184531
2486,248.50497000000001,25.34975635036207
2487,248.604972,25.31322903011245
2488,248.70497400000002,25.367099712674055
2489,248.80497599999998,25.45942972871574
2490,248.904978,25.396078028883302
2491,249.00498000000002,25.461635515158342
2492,249.104982,25.501791935158316
2493,249.204984,25.312404396901606
2494,249.304986,25.44459871545915
2495,249.404988,25.424824387634686
2496,249.50499,25.4356323401644
2497,249.604992,25.328824167880143
2498,249.704994,25.34673517280784
2499,249.80499600000002,25.40551343397231
2500,249.904998,25.203171903266217
2501,250.005,25.307579129193083
2502,250.105002,25.306547353414494
2503,250.205004,25.379978863382075
2504,250.305006,25.419892079877222
2505,250.405008,25.429896543565235
2506,250.50501,25.478037145584523
2507,250.60501200000002,25.576415766262947
2508,250.705014,25.62704619089389
2509,250.805016,25.44314162906981
2510,250.905018,25.351198149400602
2511,251.00502000000003,25.416802772260404
2512,251.105022,25.454081795035478
2513,251.205024,25.306237269389975
2514,251.30502600000003,25.557620280062345
2515,251.405028,25.269577792111342
2516,251.50503,25.32636046323534
2517,251.605032,25.448031255876977
2518,251.705034,25.42102945164471
2519,251.805036,25.326699878739596
2520,251.905038,25.539524379032816
2521,252.00504,25.516090221529062
2522,252.10504200000003,25.515903237294793
2523,252.205044,25.545656030453454
2524,252.305046,25.54728007240411
2525,252.40504800000002,25.464729275425043
2526,252.50505,25.469908072944058
2527,252.605052,25.47851345014176
2528,252.705054,25.578016525788374
2529,252.805056,25.422857421002238
2530,252.90505800000003,25.41630997720814
2531,253.00506,25.548662226163064
2532,253.105062,25.568729506248083
2533,253.20506400000002,25.41736390944569
2534,253.30506599999998,25.42205496532879
2535,253.405068,25.44610225735889
2536,253.50507000000002,25.325647881368138
2537,253.605072,25.40762241489606
2538,253.705074,25.4534922151466
2539,253.805076,25.490208258187646
2540,253.905078,25.28762461851536
2541,254.00508000000002,25.46136463192364
2542,254.10508199999998,25.317464478561586
2543,254.205084,25.49210715827155
2544,254.30508600000002,25.385410021119338
2545,254.405088,25.310805248768823
2546,254.50509,25.550880857073164
2547,254.605092,25.38528221549832
2548,254.705094,25.33023926974843
2549,254.80509600000002,25.30685998768014
2550,254.905098,25.331968639287332
2551,255.0051,25.401525742863054
2552,255.10510200000002,25.23717080375112
2553,255.205104,25.2462804436638
2554,255.305106,25.136679220495335
2555,255.405108,25.131215987341072
2556,255.50511,25.256948969687507
2557,255.605112,25.28663514408803
2558,255.705114,25.328927191914467
2559,255.805116,25.281471666897207
2560,255.90511800000002,25.428185965033798
2561,256.00512,25.342694436232193
2562,256.105122,25.299960603502544
2563,256.205124,25.376778628746365
2564,256.30512600000003,25.24723209041487
2565,256.405128,25.247495659324333
2566,256.50513,25.2673881273668
2567,256.605132,25.088744834847052
2568,256.705134,25.19040523125556
2569,256.805136,25.192782401514314
2570,256.905138,25.26765779933639
2571,257.00514000000004,25.32461958003367
2572,257.105142,25.359926736635625
2573,257.205144,25.313223459611425
2574,257.30514600000004,25.374305093112447
2575,257.405148,25.413939125534547
2576,257.50515,25.396906366380527
2577,257.605152,25.302673044116563
2578,257.705154,25.322963292381633
2579,257.805156,25.241714453030543
2580,257.905158,25.277903059367596
2581,258.00516,25.33780209055687
2582,258.105162,25.293297799347304
2583,258.205164,25.304616728649417
2584,258.305166,25.34651224000331
2585,258.405168,25.364436393240176
2586,258.50517,25.353264034425838
2587,258.605172,25.34729285845601
2588,258.705174,25.34945376624272
2589,258.805176,25.236031211945264
2590,258.90517800000003,25.202926323955918
2591,259.00518,25.280332028080057
2592,259.105182,25.31631981540858
2593,259.20518400000003,25.334297885235767
2594,259.305186,25.246199343586653
2595,259.405188,25.303660922244674
2596,259.50519,25.182787024232212
2597,259.605192,25.455882511481654
2598,259.705194,25.349791804206472
2599,259.805196,25.308433264962456
2600,259.905198,25.31452293324066
2601,260.0052,25.328311905000295
2602,260.105202,25.33205273962812
2603,260.205204,25.252801328315343
2604,260.305206,25.369503471462334
2605,260.405208,25.348247365286262
2606,260.50521,25.34970606488708
2607,260.605212,25.36766234161959
2608,260.705214,25.31079470998627
2609,260.80521600000003,25.50641840829421
2610,260.905218,25.363152456530045
2611,261.00522,25.483882723363774
2612,261.105222,25.32998511478755
2613,261.20522400000004,25.326436998905255
2614,261.305226,25.243390162009636
2615,261.405228,25.320299873218435
2616,261.50523,25.43136815776868
2617,261.605232,25.31212872349722
2618,261.705234,25.31368832359378
2619,261.805236,25.082177222928333
2620,261.905238,25.2994140837382
2621,262.00524,25.25161946153345
2622,262.105242,25.365445728681497
2623,262.205244,25.302667341966995
2624,262.305246,25.198977907995022
2625,262.40524800000003,25.169201000038868
2626,262.50525,25.247142564720768
2627,262.60525199999995,25.20860220779219
2628,262.705254,25.26463366365363
2629,262.805256,25.359255787218853
2630,262.905258,25.461131377192377
2631,263.00526,25.399189885558215
2632,263.105262,25.445219253882087
2633,263.205264,25.43336109446358
2634,263.305266,25.43675892908371
2635,263.405268,25.37977104481212
2636,263.50527,25.378169893825362
2637,263.605272,25.317985127571717
2638,263.70527400000003,25.477310285648393
2639,263.805276,25.320919016935473
2640,263.905278,25.36883939910624
2641,264.00528,25.35431733303973
2642,264.105282,25.26473797474317
2643,264.205284,25.447404200114985
2644,264.305286,25.466053678007192
2645,264.405288,25.42821731715607
2646,264.50529,25.541398953146565
2647,264.605292,25.579076620807243
2648,264.705294,25.414963789299982
2649,264.80529600000006,25.436205898394384
2650,264.905298,25.333222138372488
2651,265.0053,25.330124241844597
2652,265.10530200000005,25.384906131762268
2653,265.205304,25.33682700471386
2654,265.305306,25.357448255649274
2655,265.405308,25.280506546736444
2656,265.50531,25.259957370246813
2657,265.605312,25.335732094313887
2658,265.705314,25.24198844315223
2659,265.805316,25.40790196706152
2660,265.905318,25.393096575876168
2661,266.00532,25.289721038230905
2662,266.105322,25.274798928036777
2663,266.205324,25.45956465611397
2664,266.305326,25.324948944838678
2665,266.405328,25.275955204905724
2666,266.50533,25.33379523708956
2667,266.605332,25.556101096214956
2668,266.70533400000005,25.474108429511272
2669,266.805336,25.393217628427163
2670,266.905338,25.405275739948287
2671,267.00534000000005,25.36428239242761
2672,267.105342,25.445584439022056
2673,267.20534399999997,25.46572502653591
2674,267.30534600000004,25.383976065347234
2675,267.405348,25.326853280950463
2676,267.50534999999996,25.242538999782205
2677,267.60535200000004,25.41316030001325
2678,267.705354,25.34216214457891
2679,267.805356,25.36945754597601
2680,267.90535800000004,25.32653557295372
2681,268.00536,25.284905783988638
2682,268.105362,25.24697698776219
2683,268.205364,25.263155381975498
2684,268.305366,25.291665600460234
2685,268.405368,25.144515141158696
2686,268.50536999999997,25.268341072164162
2687,268.60537200000005,25.32305036521837
2688,268.705374,25.405318525388445
2689,268.80537599999997,25.343959826773485
2690,268.90537800000004,25.324630707372712
2691,269.00538,25.229465301030825
2692,269.10538199999996,25.41269132869553
2693,269.20538400000004,25.148877956588162
2694,269.305386,25.212244620596937
2695,269.40538799999996,25.215375188678557
2696,269.50539000000003,25.104146124934942
2697,269.605392,25.28097666336833
2698,269.705394,25.22122205515971
2699,269.80539600000003,25.38221159993593
2700,269.905398,25.34485679737607
2701,270.0054,25.426209747192402
2702,270.105402,25.22014638789058
2703,270.205404,25.279419572421777
2704,270.305406,25.28356983275937
2705,270.405408,25.28854790718802
2706,270.50541000000004,25.349705274368393
2707,270.605412,25.323044194311386
2708,270.70541399999996,25.220481265119066
2709,270.80541600000004,25.252699225104003
2710,270.905418,25.232994151022424
2711,271.00541999999996,25.357925944219346
2712,271.10542200000003,25.32421903692033
2713,271.205424,25.344867958573918
2714,271.30542599999995,25.28750042819533
2715,271.40542800000003,25.24650012451554
2716,271.50543,25.37556845434458
2717,271.605432,25.285493045955
2718,271.705434,25.35164939945798
2719,271.805436,25.22300449721335
2720,271.905438,25.334681518854243
2721,272.00544,25.416085151863232
2722,272.105442,25.27053613046911
2723,272.205444,25.404410155966993
2724,272.305446,25.314947289952677
2725,272.40544800000004,25.379474716518516
2726,272.50545,25.294959710092478
2727,272.605452,25.377072103251354
2728,272.70545400000003,25.332191496245112
2729,272.805456,25.451059802546908
2730,272.905458,25.420652215520384
2731,273.00546,25.478645100440314
2732,273.105462,25.557864759209572
2733,273.205464,25.557422349165297
2734,273.305466,25.464040260254695
2735,273.405468,25.397628373070273
2736,273.50547,25.53702108474751
2737,273.605472,25.414810203862196
2738,273.705474,25.43965101866248
2739,273.805476,25.450499025014615
2740,273.905478,25.577446665490076
2741,274.00548,25.567420319656925
2742,274.105482,25.46979931596829
2743,274.205484,25.41524366896248
2744,274.30548600000003,25.336919229857543
2745,274.405488,25.524874654001035
2746,274.50549,25.364167219723036
2747,274.605492,25.449058012897964
2748,274.705494,25.37943280217361
2749,274.805496,25.535196414229155
2750,274.905498,25.47728994591184
2751,275.0055,25.360212961811424
2752,275.105502,25.416181128754744
2753,275.205504,25.445908374855605
2754,275.305506,25.401446791713983
2755,275.40550800000005,25.416877708920538
2756,275.50551,25.549056390131874
2757,275.605512,25.603541172426507
2758,275.70551400000005,25.561048441036764
2759,275.805516,25.44889049404854
2760,275.905518,25.40173376539078
2761,276.00552000000005,25.481271914484182
2762,276.105522,25.315686151002563
2763,276.205524,25.424030374640093
2764,276.305526,25.50653825160058
2765,276.405528,25.42863560663844
2766,276.50553,25.362035964620123
2767,276.605532,25.45113350587937
2768,276.705534,25.469797305051348
2769,276.805536,25.419021827923885
2770,276.905538,25.370100588006906
2771,277.00554,25.421904282047176
2772,277.105542,25.4502819634405
2773,277.205544,25.442459588871074
2774,277.30554600000005,25.49991720780765
2775,277.405548,25.69324760745879
2776,277.50554999999997,25.676985204544394
2777,277.60555200000005,25.64658072302727
2778,277.705554,25.6920485284565
2779,277.80555599999997,25.733342924613382
2780,277.90555800000004,25.66063093719162
2781,278.00556,25.599158961318086
2782,278.105562,25.53714188385546
2783,278.20556400000004,25.525202632202863
2784,278.305566,25.643067491206665
2785,278.405568,25.763399484426895
2786,278.50557000000003,25.752469620305742
2787,278.605572,25.644702441610264
2788,278.705574,25.592316815431765
2789,278.805576,25.39499804684764
2790,278.905578,25.36382089281082
2791,279.00558,25.61552898794005
2792,279.10558199999997,25.513005057346515
2793,279.20558400000004,25.56711730485354
2794,279.305586,25.525980057959075
2795,279.40558799999997,25.604453702092304
2796,279.50559000000004,25.37971695090254
2797,279.605592,25.44108596343791
2798,279.70559399999996,25.577632317107074
2799,279.80559600000004,25.386103705627576
2800,279.905598,25.356863372184186
2801,280.0056,25.38072341869464
2802,280.10560200000003,25.52984033162442
2803,280.205604,25.577189050697715
2804,280.305606,25.576922199191564
2805,280.40560800000003,25.55192203735268
2806,280.50561,25.59642927110299
2807,280.605612,25.77394656022799
2808,280.705614,25.729411807625702
2809,280.805616,25.71797169433152
2810,280.905618,25.967709494605078
2811,281.00562,25.84836789502081
2812,281.10562200000004,25.86780933719195
2813,281.205624,25.603868550924947
2814,281.30562599999996,25.718321781959148
2815,281.40562800000004,25.737758854585337
2816,281.50563,25.656314761488673
2817,281.60563199999996,25.61906187838542
2818,281.70563400000003,25.835320258116738
2819,281.805636,25.435204486418314
2820,281.90563799999995,25.591772031850397
2821,282.00564,25.616350161484334
2822,282.105642,25.789269064619198
2823,282.205644,25.78084014303397
2824,282.305646,25.81234987487301
2825,282.405648,26.048542694009033
2826,282.50565,25.77717469065713
2827,282.605652,25.95657094254378
2828,282.705654,25.855704561687105
2829,282.805656,25.79132758319847
2830,282.905658,25.993223181537438
2831,283.00566000000003,25.807222675237647
2832,283.105662,25.817935060243563
2833,283.205664,25.859837675109983
2834,283.30566600000003,25.846136450496118
2835,283.405668,25.83839341160233
2836,283.50567,25.86298131598379
2837,283.605672,25.751282125428254
2838,283.705674,25.779368379312633
2839,283.805676,25.838649173837247
2840,283.905678,25.870569744558846
2841,284.00568,25.763794546759364
2842,284.105682,25.75660071635115
2843,284.205684,25.7673132912302
2844,284.305686,25.79883206132188
2845,284.405688,25.77527858248139
2846,284.50569,25.68853581962362
2847,284.605692,25.861666617666213
2848,284.705694,25.833598811758712
2849,284.805696,25.75925907857321
2850,284.90569800000003,25.74000494351457
2851,285.0057,25.97063704878827
2852,285.105702,25.894054772322644
2853,285.205704,25.692313452186255
2854,285.305706,25.775955153097826
2855,285.405708,25.636831104302797
2856,285.50571,25.61339267722546
2857,285.605712,25.589773131143065
2858,285.705714,25.74321707817459
2859,285.805716,25.81179703401172
2860,285.905718,25.804525533916973
2861,286.00572000000005,25.76286727669086
2862,286.105722,25.707124829815687
2863,286.205724,25.716625861750636
2864,286.30572600000005,25.644114353994237
2865,286.405728,25.54911767922313
2866,286.50572999999997,25.571494543788095
2867,286.60573200000005,25.675025481394155
2868,286.705734,25.687941934032832
2869,286.805736,25.72510091997482
2870,286.905738,25.823566998739896
2871,287.00574,25.748771632082736
2872,287.105742,25.669758703036084
2873,287.205744,25.81140498796594
2874,287.305746,25.696326596068328
2875,287.405748,25.812120186561096
2876,287.50575,25.803382786902073
2877,287.605752,25.721607091608185
2878,287.705754,25.804072898602065
2879,287.805756,25.8594811286814
2880,287.90575800000005,25.777604947673176
2881,288.00576,25.779160597457235
2882,288.10576199999997,25.73866279811506
2883,288.20576400000004,25.686156199562188
2884,288.305766,25.689368710486555
2885,288.40576799999997,25.78068499887263
2886,288.50577000000004,25.751049391135087
2887,288.605772,25.878607846055157
2888,288.705774,25.791500011974588
2889,288.80577600000004,25.79133510113679
2890,288.905778,25.78505660532284
2891,289.00578,25.68759459194627
2892,289.10578200000003,25.70632555639479
2893,289.205784,25.783283792692618
2894,289.305786,25.704387603689995
2895,289.405788,25.646650636844026
2896,289.50579,25.849220855785244
2897,289.605792,25.696276200555236
2898,289.70579399999997,25.564885053404392
2899,289.80579600000004,25.738008396011004
2900,289.905798,25.829656479910884
2901,290.00579999999997,25.97987133477509
2902,290.10580200000004,25.64069501959856
2903,290.205804,25.643927301184792
2904,290.30580599999996,25.688896685048782
2905,290.40580800000004,25.89704387196289
2906,290.50581,25.89107983081067
2907,290.605812,25.928198318063384
2908,290.70581400000003,25.98422058073428
2909,290.805816,25.931066321324586
2910,290.905818,25.9376957002581
2911,291.00582,25.638478690589874
2912,291.105822,25.71317005085806
2913,291.205824,25.897866737128123
2914,291.305826,25.835677485853363
2915,291.405828,25.794979330469467
2916,291.50583,25.67701590649447
2917,291.605832,25.624076267894367
2918,291.70583400000004,25.72002596827806
2919,291.805836,25.618270417122943
2920,291.905838,25.677017473486146
2921,292.00584000000003,25.77947970093977
2922,292.105842,25.74939825339297
2923,292.20584399999996,25.79762693962513
2924,292.30584600000003,25.635913958698293
2925,292.405848,25.588748638208806
2926,292.50585,25.598962151659375
2927,292.605852,25.599638783449947
2928,292.705854,25.583084088384954
2929,292.805856,26.057175588502965
2930,292.905858,25.59458080142749
2931,293.00586,25.43425535641195
2932,293.105862,25.723013898863105
2933,293.205864,25.80893836740171
2934,293.305866,25.891104660486604
2935,293.405868,26.07957360422244
2936,293.50587,25.97669121434984
2937,293.60587200000003,26.102442301311452
2938,293.705874,25.9420104635023
2939,293.805876,25.772242051560323
2940,293.90587800000003,25.774821007591026
2941,294.00588,25.783449921395672
2942,294.105882,25.675555191575512
2943,294.205884,25.581922838432092
2944,294.305886,25.709638567965712
2945,294.405888,25.662397243433258
2946,294.50589,26.073122651212287
2947,294.605892,25.804745330561847
2948,294.70589400000006,25.715244498615156
2949,294.805896,25.706850071048297
2950,294.905898,25.569275461062443
2951,295.0059,25.766033502735276
2952,295.105902,25.721777110003995
2953,295.205904,25.72053804695454
2954,295.305906,25.766242471480055
2955,295.405908,25.735635979422252
2956,295.50591000000003,25.933772454762458
2957,295.605912,25.95988496354225
2958,295.705914,26.12837941948367
2959,295.805916,25.84480482048473
2960,295.905918,25.805494868501967
2961,296.00592,25.806325549359492
2962,296.105922,25.804622122691487
2963,296.205924,25.630804253470032
2964,296.305926,25.648656775287385
2965,296.405928,25.761998650300654
2966,296.50593,25.699439559161696
2967,296.60593200000005,25.73228195651309
2968,296.705934,25.559942862902624
2969,296.805936,25.668382428865822
2970,296.90593800000005,25.68929261349564
2971,297.00594,25.777083530210852
2972,297.10594199999997,25.661638483684953
2973,297.20594400000004,25.761470131125318
2974,297.305946,25.958425206451885
2975,297.405948,25.905818089241762
2976,297.50595,25.858914671412162
2977,297.605952,25.88251715897972
2978,297.705954,25.74554219568112
2979,297.805956,25.934063155683564
2980,297.905958,25.945521112498678
2981,298.00596,25.78300547769123
2982,298.105962,25.5466272943605
2983,298.205964,25.791354948015194
2984,298.305966,25.625051447407934
2985,298.405968,25.988374284690536
2986,298.50597000000005,25.94242278345709
2987,298.605972,25.850105212024754
2988,298.70597399999997,25.778027236606597
2989,298.80597600000004,25.934642277682954
2990,298.905978,25.94034378887048
2991,299.00597999999997,25.78689615140099
2992,299.10598200000004,25.79335825742391
2993,299.205984,25.776392761245383
2994,299.305986,25.897969366230566
2995,299.40598800000004,25.8033201200703
2996,299.50599,25.85505177060254
2997,299.605992,25.711442804686904
2998,299.70599400000003,25.834893676484715
2999,299.805996,25.538215298021
3000,299.905998,25.768718609318878
3001,300.006,25.690191422971193
3002,300.106002,25.642754232380813
3003,300.206004,25.82117466525715
3004,300.30600599999997,25.608136937551475
3005,300.40600800000004,25.34702783395026
3006,300.50601,25.61476342143434
3007,300.60601199999996,25.803508713358646
3008,300.70601400000004,25.74062949347687
3009,300.806016,25.634642733045283
3010,300.90601799999996,25.758389386058067
3011,301.00602000000003,25.742810267108656
3012,301.106022,25.803684307373448
3013,301.206024,25.754027954055882
3014,301.30602600000003,25.69508832459673
3015,301.406028,25.621475765605847
3016,301.50603,25.726926102356682
3017,301.606032,25.60827595335651
3018,301.706034,25.812558012565216
3019,301.806036,25.849391060343468
3020,301.906038,25.823873366879994
3021,302.00604,25.792153445783672
3022,302.106042,25.849648767111795
3023,302.206044,25.675979639828423
3024,302.30604600000004,25.73156661936031
3025,302.406048,25.816952677148183
3026,302.50605,25.74660957362523
3027,302.60605200000003,25.843307954931685
3028,302.706054,25.747362505338735
3029,302.80605599999996,25.738913705567477
3030,302.90605800000003,25.73576738324575
3031,303.00606,25.79442289813708
3032,303.106062,25.88585859892771
3033,303.206064,25.847442599277745
3034,303.306066,25.760120120215863
3035,303.406068,25.858582770952005
3036,303.50607,25.615296368697564
3037,303.606072,25.664827632549276
3038,303.706074,25.823658844814233
3039,303.806076,25.751870766183675
3040,303.906078,25.862074202009886
3041,304.00608,25.92028481656269
3042,304.106082,25.85656717469995
3043,304.20608400000003,25.726179887089636
3044,304.306086,25.80334395290226
3045,304.406088,25.877001052719528
3046,304.50609000000003,25.8878104181556
3047,304.606092,25.781598886875077
3048,304.706094,26.16141658473559
3049,304.806096,25.891519778188336
3050,304.906098,25.993660263933144
3051,305.00610000000006,25.96773737621301
3052,305.106102,25.860207057710184
3053,305.206104,25.925894279724737
3054,305.30610600000006,25.94377048679175
3055,305.406108,25.95603818426761
3056,305.50611,26.10466215096594
3057,305.606112,26.046251873817557
3058,305.706114,26.13316908382753
3059,305.806116,25.996963128060745
3060,305.906118,26.12979733161385
3061,306.00612,25.842413135516285
3062,306.106122,25.89184628198133
3063,306.206124,25.928137733252406
3064,306.306126,25.859561963119592
3065,306.406128,25.854279124423485
3066,306.50613,25.75571554604136
3067,306.606132,25.865696172813326
3068,306.706134,25.890992088346216
3069,306.806136,25.931672036226
3070,306.90613800000006,26.008960725813598
3071,307.00614,26.158051757454846
3072,307.106142,25.94973543718997
3073,307.20614400000005,25.97219689313279
3074,307.306146,25.96394540369099
3075,307.406148,25.79523544902145
3076,307.50615000000005,25.920732035291913
3077,307.606152,25.7227700497521
3078,307.70615399999997,25.77257387102144
3079,307.80615600000004,25.783889660717243
3080,307.906158,25.822797832099997
3081,308.00616,25.706984626261526
3082,308.106162,25.838954201433985
3083,308.206164,25.65862070975048
3084,308.306166,25.769141612557803
3085,308.406168,25.86445091654185
3086,308.50617,25.92570647278829
3087,308.606172,25.908578279358302
3088,308.706174,25.997005366790162
3089,308.806176,25.81316008208819
3090,308.906178,25.829338435979622
3091,309.00618,25.70382292023222
3092,309.10618200000005,25.797892453732953
3093,309.206184,25.6834090214007
3094,309.30618599999997,25.809317481439415
3095,309.40618800000004,25.720352602857222
3096,309.50619,25.756988402075805
3097,309.60619199999996,25.87345483686685
3098,309.70619400000004,25.917972506482066
3099,309.806196,25.738793317892608
3100,309.906198,25.859889812629195
3101,310.00620000000004,25.765469344308595
3102,310.106202,25.694376797983473
3103,310.206204,25.939339949435478
3104,310.30620600000003,26.061730430802836
3105,310.406208,26.010576273119995
3106,310.50621,26.01278880918033
3107,310.606212,25.927398849917886
3108,310.706214,25.84093097750465
3109,310.806216,25.637952298821503
3110,310.90621799999997,25.713384839484497
3111,311.00622000000004,25.940106628557274
3112,311.106222,25.799055173628517
3113,311.20622399999996,25.99011718345338
3114,311.30622600000004,25.9149536919876
3115,311.406228,26.046630428626443
3116,311.50622999999996,26.033089447332205
3117,311.60623200000003,25.767196613230944
3118,311.706234,25.8420966540989
3119,311.806236,26.017287103699275
3120,311.90623800000003,25.709864786274114
3121,312.00624,25.760158854870124
3122,312.106242,25.9344676783456
3123,312.206244,25.93174925626861
3124,312.306246,25.99774724122705
3125,312.406248,25.93036272766106
3126,312.50625,26.08029966988677
3127,312.606252,26.154197970586523
3128,312.706254,26.12671547044163
3129,312.806256,26.094897317270487
3130,312.90625800000004,25.952643117584707
3131,313.00626,25.961213438901307
3132,313.106262,25.988065928734425
3133,313.20626400000003,26.029989127147964
3134,313.306266,26.024657500449266
3135,313.40626799999995,26.065781367182993
3136,313.50627000000003,26.041607705907985
3137,313.606272,26.00168137797616
3138,313.706274,26.118521168084985
3139,313.806276,25.909955885409328
3140,313.906278,26.144442550006982
3141,314.00628,25.891681299455755
3142,314.106282,25.87888244988365
3143,314.206284,25.926201354211816
3144,314.306286,25.992019049172125
3145,314.406288,26.04933283920357
3146,314.50629,25.921146077092835
3147,314.606292,25.883939097362425
3148,314.706294,25.835506774254984
3149,314.80629600000003,25.876782691614604
3150,314.906298,25.8946213344504
3151,315.0063,25.886243848251713
3152,315.106302,26.086509112410486
3153,315.206304,26.087110617916693
3154,315.306306,26.015347260351504
3155,315.406308,25.798439267167925
3156,315.50631,25.922344452487465
3157,315.60631200000006,25.809458726441125
3158,315.706314,25.97797879004954
3159,315.806316,25.84182416457898
3160,315.90631800000006,25.720674867804036
3161,316.00632,25.893618097484396
3162,316.106322,25.942414368224437
3163,316.206324,25.70128494302585
3164,316.306326,25.887633339175334
3165,316.406328,25.697599875286837
3166,316.50633,25.584514317738705
3167,316.606332,25.680495896856375
3168,316.706334,25.775581048836084
3169,316.806336,25.60387502530033
3170,316.906338,25.805272020063807
3171,317.00634,25.83269281024453
3172,317.106342,25.704812990461434
3173,317.206344,25.85956007363003
3174,317.306346,25.690983094426564
3175,317.406348,25.70485899413005
3176,317.50635000000005,25.75531780271069
3177,317.606352,25.8316062891081
3178,317.706354,25.768090668172132
3179,317.80635600000005,26.032200556187718
3180,317.906358,25.860922101330363
3181,318.00636,25.96383727679617
3182,318.10636200000005,25.766696155909937
3183,318.206364,25.740875027061463
3184,318.30636599999997,25.750100760422313
3185,318.40636800000004,25.76487357521055
3186,318.50637,25.847902667857863
3187,318.606372,25.803627018928406
3188,318.706374,25.91250987048566
3189,318.806376,25.842743651690814
3190,318.906378,25.698579532060826
3191,319.00638,25.748853040044782
3192,319.106382,25.82724335648738
3193,319.206384,25.764724857866696
3194,319.306386,25.70667670037638
3195,319.40638800000005,25.822673433386647
3196,319.50639,25.780000260218724
3197,319.60639199999997,25.770506009254145
3198,319.70639400000005,25.855364521226367
3199,319.806396,25.942951398349216
3200,319.90639799999997,25.78482685876867
3201,320.00640000000004,25.852056707754524
3202,320.106402,25.737856502597708
3203,320.20640399999996,25.66016818946372
3204,320.30640600000004,25.747458327110447
3205,320.406408,25.794761003861794
3206,320.50641,25.65205240841985
3207,320.60641200000003,25.823158610369507
3208,320.706414,25.783300590165535
3209,320.806416,25.89108722583008
3210,320.90641800000003,25.77265617475657
3211,321.00642,25.782807469762727
3212,321.106422,25.742082998999653
3213,321.206424,25.68558330418631
3214,321.306426,25.80978043838686
3215,321.406428,25.955849779586757
3216,321.50642999999997,25.652451554005314
3217,321.60643200000004,25.728232342356055
3218,321.706434,25.688674782422744
3219,321.80643599999996,25.597678382434534
3220,321.90643800000004,25.73248073460529
3221,322.00644,25.86537099363285
3222,322.10644199999996,25.633340785143215
3223,322.20644400000003,25.733410853988204
3224,322.306446,25.83513055224432
3225,322.406448,25.778636864997125
3226,322.50645000000003,25.67070567757468
3227,322.606452,25.81281190447823
3228,322.706454,25.860990914925264
3229,322.806456,25.67465866682236
3230,322.906458,25.698309933578873
3231,323.00646,25.875212159253763
3232,323.106462,25.764244568222484
3233,323.206464,25.731887108195668
3234,323.306466,25.841679162159895
3235,323.406468,25.683940174759186
3236,323.50647000000004,25.703369891906814
3237,323.606472,25.800249176961316
3238,323.706474,25.795408721275013
3239,323.80647600000003,25.789795166786035
3240,323.906478,25.718188515374248
3241,324.00647999999995,25.718247293375626
3242,324.106482,25.82651110758962
3243,324.206484,25.971585053751255
3244,324.306486,25.9245475875893
3245,324.406488,25.79022795350048
3246,324.50649,25.785546417051446
3247,324.606492,25.76642296520219
3248,324.706494,25.658824562990954
3249,324.806496,25.774123748153734
3250,324.906498,25.81682779955237
3251,325.0065,25.96640613600828
3252,325.106502,25.778554336734416
3253,325.206504,25.705988691917085
3254,325.306506,25.71848907257558
3255,325.40650800000003,25.797812557979004
3256,325.50651,25.702821381793
3257,325.606512,25.812349464040164
3258,325.706514,25.66712241071389
3259,325.806516,25.753585492669323
3260,325.906518,25.67283526150537
3261,326.00652,25.866170330793324
3262,326.106522,25.93824037235704
3263,326.20652400000006,25.97707845376287
3264,326.306526,25.88992693739786
3265,326.406528,25.793259377835582
3266,326.50653000000005,25.81308337146741
3267,326.606532,25.81813075414067
3268,326.706534,25.80516664969041
3269,326.806536,25.75012319043966
3270,326.906538,25.78514681548716
3271,327.00654,25.742800679792104
3272,327.106542,25.636911600103602
3273,327.206544,25.83447789620199
3274,327.306546,25.748051678942804
3275,327.406548,25.83713368813075
3276,327.50655,25.754613723358165
3277,327.606552,25.82468020398611
3278,327.706554,25.860018685571266
3279,327.806556,25.83616350353625
3280,327.906558,25.70023076090125
3281,328.00656,25.72491287136369
3282,328.10656200000005,25.901371832160002
3283,328.206564,25.765384637228834
3284,328.306566,25.55371599785278
3285,328.40656800000005,25.64636132719286
3286,328.50657,25.82648448886982
3287,328.60657199999997,25.926930032393187
3288,328.70657400000005,25.69362714335439
3289,328.806576,25.718688293558493
3290,328.90657799999997,25.670135333646915
3291,329.00658000000004,25.505594780370014
3292,329.106582,25.57881711522803
3293,329.206584,25.4971116069572
3294,329.30658600000004,25.698844344331384
3295,329.406588,25.418608270868567
3296,329.50659,25.50226328099409
3297,329.606592,25.60295041133481
3298,329.706594,25.424894383996858
3299,329.806596,25.487563945111642
3300,329.906598,25.661797945507317
3301,330.00660000000005,25.694284014032476
3302,330.106602,25.637067993298903
3303,330.20660399999997,25.625655569644568
3304,330.30660600000004,25.74611555021595
3305,330.406608,25.86976626579268
3306,330.50660999999997,25.832505118561215
3307,330.60661200000004,25.74655027755131
3308,330.706614,25.966296398811266
3309,330.80661599999996,25.70373118726952
3310,330.90661800000004,25.577168948056123
3311,331.00662,25.822387389633082
3312,331.106622,26.08681723075008
3313,331.20662400000003,25.889846015564082
3314,331.306626,25.84016076267865
3315,331.406628,25.867787016513695
3316,331.50663000000003,25.85311882319466
3317,331.606632,25.703885604249827
3318,331.706634,25.642520242719996
3319,331.806636,25.701596407721798
3320,331.90663800000004,25.75466427380244
3321,332.00664,25.592519658397084
3322,332.10664199999997,25.46871464208219
3323,332.20664400000004,25.566751536817556
3324,332.306646,25.4779964441167
3325,332.40664799999996,25.27974156486639
3326,332.50665000000004,25.286074383072886
3327,332.606652,25.384517893232854
3328,332.70665399999996,25.44493429701342
3329,332.80665600000003,25.711341995014763
3330,332.906658,25.40198260887447
3331,333.00666,25.928685741865074
3332,333.10666200000003,25.89256239686657
3333,333.206664,25.97294387709418
3334,333.306666,25.911237530137765
3335,333.406668,25.77527694670934
3336,333.50667,25.665174772753154
3337,333.606672,25.62608907860551
3338,333.706674,25.85221751143306
3339,333.80667600000004,25.850241499467025
3340,333.906678,25.64907174329545
3341,334.00668,25.713727122626544
3342,334.10668200000003,25.806642520247305
3343,334.206684,25.910729454255293
3344,334.306686,25.818498747275108
3345,334.40668800000003,25.8699938166032
3346,334.50669,25.723034021354636
3347,334.60669199999995,25.864486007622787
3348,334.706694,25.903115815881733
3349,334.806696,25.75940637471573
3350,334.906698,25.89728770653391
3351,335.0067,25.7645541014071
3352,335.106702,25.796058858008127
3353,335.206704,25.88894236310347
3354,335.306706,26.01874823333777
3355,335.406708,25.756305051467514
3356,335.50671,25.799819817152347
3357,335.606712,25.87423169370768
3358,335.706714,25.80853883634406
3359,335.806716,26.02412170854915
3360,335.906718,25.760539908702935
3361,336.00672000000003,25.724860921989208
3362,336.106722,25.753049608008002
3363,336.206724,25.733546527276918
3364,336.306726,25.914434548842387
3365,336.406728,25.94015817521114
3366,336.50673,25.783338790046507
3367,336.606732,25.76162892070995
3368,336.706734,25.820287783350793
3369,336.80673600000006,25.92312930754345
3370,336.906738,25.796717978659817
3371,337.00674,25.81026602218427
3372,337.10674200000005,25.84170057392449
3373,337.206744,25.79257054749999
3374,337.306746,25.794963588366546
3375,337.406748,25.921943198094063
3376,337.50675,25.88850825384971
3377,337.606752,25.875929558188524
3378,337.706754,25.807474993119385
3379,337.806756,25.918495799369573
3380,337.906758,25.77317226615123
3381,338.00676,25.880749760686296
3382,338.106762,25.87884588939102
3383,338.206764,26.046444507471616
3384,338.306766,25.949883544941812
3385,338.406768,25.872114056881117
3386,338.50677,25.745132538014005
3387,338.606772,25.7617899575694
3388,338.70677400000005,25.78357541084793
3389,338.806776,25.986484204436405
3390,338.906778,25.901828008279683
3391,339.00678000000005,26.0390245235827
3392,339.106782,26.08187226760264
3393,339.20678399999997,25.785906865392533
3394,339.30678600000005,25.81433783095243
3395,339.406788,25.767735354011045
3396,339.50678999999997,25.661647169698377
3397,339.60679200000004,25.83174987536291
3398,339.706794,25.765383201185166
3399,339.806796,25.66455184184972
3400,339.90679800000004,25.796073334312627
3401,340.0068,25.94194163150356
3402,340.106802,25.700484813583795
3403,340.206804,25.825322685447624
3404,340.306806,25.664916397305138
3405,340.406808,25.71159976645698
3406,340.50681,25.89447124240386
3407,340.60681200000005,25.78214001230313
3408,340.706814,25.87151012471884
3409,340.80681599999997,25.641508896611146
3410,340.90681800000004,25.70410205498386
3411,341.00682,25.6443535907555
3412,341.10682199999997,25.93783265734188
3413,341.20682400000004,25.76522949261591
3414,341.306826,25.825338403496346
3415,341.40682799999996,25.649027476637023
3416,341.50683000000004,25.761390405361738
3417,341.606832,25.694038245560183
3418,341.706834,25.90522835304064
3419,341.80683600000003,25.866236913052237
3420,341.906838,25.807587523922404
3421,342.00684,25.655290094991397
3422,342.10684200000003,25.709556600811588
3423,342.206844,25.799172888852226
3424,342.306846,25.69168209585936
3425,342.406848,25.58718846348077
3426,342.50685000000004,25.851676843008473
3427,342.606852,25.549130399516404
3428,342.70685399999996,25.570565457344728
3429,342.80685600000004,25.743777922767283
3430,342.906858,25.73531426808182
3431,343.00685999999996,25.76257865552848
3432,343.10686200000004,25.47268763716011
3433,343.206864,25.303261380808117
3434,343.30686599999996,25.677163877303602
3435,343.40686800000003,25.88622928441205
3436,343.50687,25.219343419274207
3437,343.606872,25.313144087196584
3438,343.706874,25.43487983347296
3439,343.806876,25.687161873077592
3440,343.906878,25.504087801330762
3441,344.00688,25.64525431576881
3442,344.106882,25.56125522269531
3443,344.206884,25.871506152516034
3444,344.306886,25.870594568308086
3445,344.40688800000004,25.786379031029572
3446,344.50689,25.740477500242793
3447,344.606892,25.555014554802497
3448,344.70689400000003,25.83409147871109
3449,344.806896,25.91397943106976
3450,344.906898,25.624690003833287
3451,345.00690000000003,25.607584569409724
3452,345.106902,26.130446294092724
3453,345.206904,25.692503690117686
3454,345.306906,25.789572558413838
3455,345.406908,25.464076339488134
3456,345.50691,25.78503764155294
3457,345.606912,25.870909822398833
3458,345.706914,25.609090155195783
3459,345.806916,25.702242647955767
3460,345.906918,25.638143172769315
3461,346.00692,25.61883851476499
3462,346.106922,25.418833226900134
3463,346.206924,26.16388581730432
3464,346.30692600000003,25.826227553241537
3465,346.406928,25.834525241729374
3466,346.50693,25.80463232453191
3467,346.60693200000003,25.770157550944635
3468,346.706934,25.805540946316928
3469,346.806936,25.739466920099748
3470,346.906938,25.86444297463317
3471,347.00694,25.650997482922122
3472,347.106942,25.760313231802353
3473,347.206944,25.79706525755584
3474,347.306946,25.73406817031286
3475,347.40694800000006,25.685700685452638
3476,347.50695,25.670858392052573
3477,347.606952,25.6979630397755
3478,347.70695400000005,25.71717655511491
3479,347.806956,25.505754821578858
3480,347.906958,25.600242963127176
3481,348.00696000000005,25.531827325525526
3482,348.106962,25.48262676671396
3483,348.206964,25.748616735470844
3484,348.306966,25.725224417729084
3485,348.406968,25.93743050096046
3486,348.50697,25.827401183102264
3487,348.606972,25.86028376252199
3488,348.706974,25.923322662121357
3489,348.806976,25.656967988496284
3490,348.906978,25.760202087375294
3491,349.00698,25.732656122895456
3492,349.106982,25.6820243994401
3493,349.206984,25.804568354391254
3494,349.30698600000005,25.654839481586425
3495,349.406988,25.838253532676095
3496,349.50699,25.588421250860403
3497,349.60699200000005,25.888019618101936
3498,349.706994,25.763085373121957
3499,349.80699599999997,25.84946870931798
3500,349.90699800000004,26.058853952039073
3501,350.007,25.980305102792464
3502,350.10700199999997,25.89159767840441
3503,350.20700400000004,25.978906975014123
3504,350.307006,25.859296262247565
3505,350.407008,25.95995710473524
3506,350.50701000000004,26.01622752763625
3507,350.607012,26.08609239341522
3508,350.707014,26.092284311687912
3509,350.807016,25.966081021064486
3510,350.907018,25.988101844428087
3511,351.00702,26.04458255058471
3512,351.107022,26.053544350615006
3513,351.20702400000005,25.99215466498227
3514,351.307026,25.986732317810795
3515,351.40702799999997,25.983982365022946
3516,351.50703000000004,26.036876478512795
3517,351.607032,26.01595236064345
3518,351.70703399999996,26.073841082772184
3519,351.80703600000004,26.120764610619336
3520,351.907038,25.95812803578099
3521,352.00703999999996,26.082674526597355
3522,352.10704200000004,25.946106568136894
3523,352.207044,25.97873251044436
3524,352.307046,25.941641020750755
3525,352.40704800000003,26.128138751774685
3526,352.50705,26.183949894134695
3527,352.607052,26.193600862188323
3528,352.707054,26.09739965224481
3529,352.807056,26.112967996051044
3530,352.907058,25.97171975039773
3531,353.00706,26.167706487114366
3532,353.10706200000004,26.17230450039587
3533,353.207064,26.106582011567788
3534,353.30706599999996,26.240736296671052
3535,353.40706800000004,26.02680636118513
3536,353.50707,26.0552818348435
3537,353.60707199999996,26.11894559468563
3538,353.70707400000003,26.11655142541588
3539,353.807076,26.119323610185493
3540,353.90707799999996,26.09148102141543
3541,354.00708000000003,26.22271336938943
3542,354.107082,26.22298281425124
3543,354.207084,26.38007891693002
3544,354.307086,26.180261130037913
3545,354.407088,26.239882683670547
3546,354.50709,26.213060060948113
3547,354.607092,26.266573039775793
3548,354.707094,26.288988276685497
3549,354.807096,26.298934366638566
3550,354.907098,26.297640982173697
3551,355.00710000000004,26.352013325222995
3552,355.107102,26.197565307468988
3553,355.207104,26.066413728352217
3554,355.30710600000003,26.132101934328517
3555,355.407108,26.222328934545367
3556,355.50711,26.24371665972749
3557,355.60711200000003,26.149863116303184
3558,355.707114,26.346189651850203
3559,355.807116,26.19920899990361
3560,355.907118,26.14575874746885
3561,356.00712,26.25137451270634
3562,356.107122,26.265059824856923
3563,356.207124,26.22701664865822
3564,356.307126,26.2249849875515
3565,356.407128,26.205379705739404
3566,356.50713,26.077300529823894
3567,356.607132,26.16588481807936
3568,356.707134,26.189031872291466
3569,356.807136,26.18876894128553
3570,356.90713800000003,26.26300213871248
3571,357.00714,26.385332284992085
3572,357.107142,26.235285265488347
3573,357.207144,26.176420173577558
3574,357.307146,26.230476611193133
3575,357.407148,26.0722582102924
3576,357.50715,26.316217533726544
3577,357.607152,26.312097096364745
3578,357.707154,26.19391156830128
3579,357.807156,26.130907448312335
3580,357.907158,26.264231096308684
3581,358.00716000000006,26.194289844490743
3582,358.107162,26.184121897811938
3583,358.207164,26.34748498854447
3584,358.30716600000005,26.187880805621
3585,358.407168,26.17956355422273
3586,358.50717,26.17432977208838
3587,358.60717200000005,26.037117555609672
3588,358.707174,26.28577573819977
3589,358.807176,26.088109363505605
3590,358.907178,26.117736173888822
3591,359.00718,26.0315145600122
3592,359.107182,26.155584811066902
3593,359.207184,26.093864480887564
3594,359.307186,26.061404847670236
3595,359.407188,25.963664297124883
3596,359.50719,26.118610188657165
3597,359.607192,26.055360676152052
3598,359.707194,26.043669573149
3599,359.807196,26.061597494050343
3600,359.90719800000005,26.146304736188757
3601,360.0072,26.15146739988093
3602,360.107202,26.205474885158278
3603,360.20720400000005,26.244139262391155
3604,360.307206,26.169417401831165
3605,360.40720799999997,26.022493460799865
3606,360.50721000000004,25.553726755493564
3607,360.607212,25.883064772555052
3608,360.707214,25.291019796844818
3609,360.80721600000004,25.411741065420863
3610,360.907218,25.195600266686476
3611,361.00722,25.251877125325784
3612,361.10722200000004,25.214576150300807
3613,361.207224,25.38010874394738
3614,361.307226,25.36728130695197
3615,361.407228,25.26098894978441
3616,361.50723,25.34030670211634
3617,361.607232,25.680723110701795
3618,361.70723399999997,25.582480173137764
3619,361.80723600000005,25.658390773910895
3620,361.907238,25.76133334556049
3621,362.00723999999997,25.752272559222916
3622,362.10724200000004,25.86973035790062
3623,362.207244,25.809402175632314
3624,362.30724599999996,25.729063305780272
3625,362.40724800000004,25.58436908652363
3626,362.50725,26.01701969000526
3627,362.60725199999996,26.132995005313347
3628,362.70725400000003,25.629527648962828
3629,362.807256,25.63607452766635
3630,362.907258,25.800604877217115
3631,363.00726000000003,25.76071856508191
3632,363.107262,25.714400275761957
3633,363.207264,25.66223795546612
3634,363.307266,25.576462052432486
3635,363.407268,25.78835569015091
3636,363.50727,25.719114039337263
3637,363.607272,25.63475309187471
3638,363.70727400000004,25.754074802850415
3639,363.807276,25.72613826766653
3640,363.907278,25.790452998143742
3641,364.00728000000004,25.819040213827204
3642,364.107282,25.66827181221459
3643,364.20728399999996,25.816710668041683
3644,364.30728600000003,25.740722806976347
3645,364.407288,25.681253650481626
3646,364.50728999999995,25.59388746995198
3647,364.60729200000003,25.501255422023206
3648,364.707294,25.580769790995834
3649,364.807296,25.654446624815524
3650,364.907298,25.78455647668892
3651,365.0073,25.771985088924488
3652,365.107302,25.65493874035144
3653,365.207304,25.566055185772406
3654,365.307306,25.480636253362977
3655,365.407308,25.50530966914097
3656,365.50731,25.43318509709716
3657,365.60731200000004,25.42677578512205
3658,365.707314,25.439775309992623
3659,365.807316,25.53432690022605
3660,365.90731800000003,25.370191133279157
3661,366.00732,25.340687889736728
3662,366.107322,25.503353715811272
3663,366.207324,25.416174831450405
3664,366.307326,25.482589268498806
3665,366.407328,25.40007965915543
3666,366.50733,25.64290016287116
3667,366.607332,25.659807144840254
3668,366.70733400000006,25.753081307863802
3669,366.807336,25.625766977172983
3670,366.907338,25.716359940950575
3671,367.00734,25.68944413978084
3672,367.107342,25.63092750834065
3673,367.207344,25.67621081644841
3674,367.307346,25.689463017434157
3675,367.407348,25.7395198413687
3676,367.50735000000003,25.620694392235873
3677,367.607352,25.69810938964237
3678,367.707354,25.74422751984124
3679,367.807356,25.682525698875605
3680,367.907358,25.520515637014437
3681,368.00736,25.535414909105953
3682,368.107362,25.74360761490429
3683,368.207364,25.795259554570112
3684,368.307366,25.776368035953002
3685,368.407368,25.653849420457384
3686,368.50737,25.744854269679696
3687,368.60737200000005,25.836034919517914
3688,368.707374,25.868917347704144
3689,368.807376,25.736104426545005
3690,368.90737800000005,25.70243072677561
3691,369.00738,25.90180113716113
3692,369.107382,25.804575197367374
3693,369.20738400000005,25.57738420605651
3694,369.307386,25.776692186519835
3695,369.407388,25.834494880924744
3696,369.50739,25.8351143732489
3697,369.607392,25.739039392493215
3698,369.707394,25.7734276451885
3699,369.807396,25.844463453343803
3700,369.907398,25.736696158842776
3701,370.0074,25.850409820318497
3702,370.107402,25.714347423292015
3703,370.207404,25.69622118878881
3704,370.307406,25.818416749262372
3705,370.407408,25.570744975293298
3706,370.50741000000005,25.71548466033507
3707,370.607412,25.675328891670752
3708,370.70741399999997,25.59277566833359
3709,370.80741600000005,25.79662666774635
3710,370.907418,25.744227609254143
3711,371.00741999999997,25.865335125172173
3712,371.10742200000004,25.813390490869175
3713,371.207424,25.73562440680367
3714,371.307426,25.799826732619465
3715,371.40742800000004,25.861245682427118
3716,371.50743,25.780858918728242
3717,371.607432,25.92326954805747
3718,371.70743400000003,25.87283773989197
3719,371.807436,25.83434958595678
3720,371.907438,25.636922164432193
3721,372.00744,25.705352512396917
3722,372.107442,25.830038622458552
3723,372.207444,26.021793160131814
3724,372.30744599999997,25.746910060157838
3725,372.40744800000004,25.959532550795952
3726,372.50745,26.08398786401952
3727,372.60745199999997,26.01015775623848
3728,372.70745400000004,25.974526781255555
3729,372.807456,26.12394720778837
3730,372.90745799999996,26.059339658770433
3731,373.00746000000004,25.899557578881886
3732,373.107462,25.946107168801408
3733,373.207464,26.054247212061362
3734,373.30746600000003,26.110210280976084
3735,373.407468,26.109510575553205
3736,373.50747,26.079912932512922
3737,373.60747200000003,26.113001328958642
3738,373.707474,26.009373331505586
3739,373.807476,25.83416576552152
3740,373.907478,25.831994500808413
3741,374.00748,25.773319607874022
3742,374.107482,25.849178918468983
3743,374.207484,25.73091120876276
3744,374.30748600000004,25.80774517359453
3745,374.407488,25.82126495184244
3746,374.50749,25.74158933858374
3747,374.60749200000004,25.90409350709663
3748,374.707494,25.875918839269033
3749,374.80749599999996,25.91930858161376
3750,374.90749800000003,25.874862993399653
3751,375.0075,25.84168383986552
3752,375.107502,25.821956286735144
3753,375.20750400000003,25.913271659666986
3754,375.307506,25.862830830825438
3755,375.407508,25.808916520957
3756,375.50751,25.802477220503263
3757,375.607512,25.84124687657399
3758,375.707514,25.775386109577358
3759,375.807516,25.711936026804466
3760,375.907518,25.73967175272403
3761,376.00752,25.84786535114608
3762,376.107522,25.874827770698527
3763,376.20752400000003,25.924748212577512
3764,376.307526,25.88249160328064
3765,376.407528,25.728541414509507
3766,376.50753000000003,25.883157456056576
3767,376.607532,25.84595174454264
3768,376.707534,25.826905272346032
3769,376.807536,25.66036008461874
3770,376.907538,25.66052741008055
3771,377.00754,25.727544258309166
3772,377.107542,25.6852745403643
3773,377.207544,25.689838324274902
3774,377.30754600000006,25.653162824110368
3775,377.407548,25.58804368361621
3776,377.50755,25.469465102149737
3777,377.607552,25.315740630067157
3778,377.707554,25.570756036874197
3779,377.807556,25.652294049763267
3780,377.907558,25.457760219745353
3781,378.00756,25.67984209517886
3782,378.10756200000003,25.55981714717533
3783,378.207564,25.42147346584443
3784,378.307566,25.598639549207277
3785,378.407568,25.57428400771736
3786,378.50757,25.91850326476202
3787,378.607572,26.1706951743302
3788,378.707574,26.104941686840228
3789,378.807576,25.806782557172514
3790,378.907578,25.9370356231891
3791,379.00758,26.24392473546468
3792,379.107582,26.009784916175537
3793,379.20758400000005,25.75337801698695
3794,379.307586,26.01449670270699
3795,379.407588,25.986090632503068
3796,379.50759000000005,25.982701280302376
3797,379.607592,25.769369642532244
3798,379.707594,25.849106596122784
3799,379.80759600000005,25.791564813637578
3800,379.907598,25.782089671638634
3801,380.0076,26.002332426483587
3802,380.107602,25.996480240511236
3803,380.207604,25.785868822940564
3804,380.307606,25.951972416935966
3805,380.407608,26.082484297896222
3806,380.50761,25.85309730569376
3807,380.607612,26.040449075539847
3808,380.707614,26.052926990812143
3809,380.807616,25.939596978303193
3810,380.907618,26.06975369580589
3811,381.00762,26.063528833571866
3812,381.10762200000005,25.92676452282724
3813,381.207624,26.058571889080802
3814,381.30762599999997,26.013380852525717
3815,381.40762800000005,26.00505234300313
3816,381.50763,25.902257012562256
3817,381.60763199999997,26.132903560745884
3818,381.70763400000004,26.08834711366065
3819,381.807636,26.094765691933652
3820,381.907638,25.816073768516638
3821,382.00764000000004,25.792620626743997
3822,382.107642,25.82584057630815
3823,382.207644,25.691484646667586
3824,382.30764600000003,25.81979305442083
3825,382.407648,25.473505592375258
3826,382.50765,25.685201637230165
3827,382.60765200000003,25.546462989060867
3828,382.707654,25.726257510895074
3829,382.807656,25.431086479110554
3830,382.90765799999997,25.400497075486463
3831,383.00766000000004,25.61441518379484
3832,383.107662,25.52898079740931
3833,383.20766399999997,25.437054562591648
3834,383.30766600000004,25.45568788811337
3835,383.407668,25.4123543418236
3836,383.50766999999996,25.28157235392116
3837,383.60767200000004,25.31685108018405
3838,383.707674,25.431465834153872
3839,383.807676,25.44019124755478
3840,383.90767800000003,25.485512990875815
3841,384.00768,25.378917008181133
3842,384.107682,25.40743330758361
3843,384.20768400000003,25.471326548187257
3844,384.307686,25.394820059042594
3845,384.407688,25.456666331480644
3846,384.50769,25.475723162066764
3847,384.607692,25.57463934625682
3848,384.707694,25.47095604332253
3849,384.807696,25.505554158419397
3850,384.90769800000004,25.615216236657567
3851,385.0077,25.59921992028405
3852,385.107702,25.696475353681304
3853,385.20770400000004,25.637128622350303
3854,385.307706,25.548473895023427
3855,385.40770799999996,25.543364169196817
3856,385.50771000000003,25.472559326429867
3857,385.607712,25.421182400552553
3858,385.707714,25.4706483898167
3859,385.807716,25.511299635613064
3860,385.907718,25.6318757315383
3861,386.00772,25.641518944969256
3862,386.107722,25.584116967364743
3863,386.207724,25.66456198468742
3864,386.307726,25.63978508992021
3865,386.407728,25.51000390472669
3866,386.50773,25.588760687736674
3867,386.607732,25.438545551878423
3868,386.707734,25.613514510374113
3869,386.80773600000003,25.814977784591623
3870,386.907738,25.85132560629329
3871,387.00774,25.68659273820773
3872,387.10774200000003,25.682124192716206
3873,387.207744,25.65858974989708
3874,387.307746,25.741004551078756
3875,387.407748,25.64970337489141
3876,387.50775,25.79158184485647
3877,387.60775200000006,25.622149867960818
3878,387.707754,25.59751444803908
3879,387.807756,25.53711607130358
3880,387.90775800000006,25.42593551190707
3881,388.00776,25.405024142796872
3882,388.107762,25.390016901247435
3883,388.207764,25.377826414118065
3884,388.307766,25.42703479497352
3885,388.407768,25.235640742804772
3886,388.50777,25.523351574137013
3887,388.607772,25.465410725408333
3888,388.70777400000003,25.577358774674877
3889,388.807776,25.618483424012382
3890,388.907778,25.483616533793462
3891,389.00778,25.544521762851563
3892,389.107782,25.541286410497115
3893,389.207784,25.49826784544761
3894,389.307786,25.550637478554723
3895,389.407788,25.43952984134203
3896,389.50779,25.576076725173458
3897,389.607792,25.74691300102498
3898,389.707794,25.61224745744284
3899,389.80779600000005,25.72215558960861
3900,389.907798,25.822259577847163
3901,390.0078,25.834335102005543
3902,390.10780200000005,25.684482739478746
3903,390.207804,25.58445749313612
3904,390.30780599999997,25.692438644941753
3905,390.40780800000005,25.694116265276506
3906,390.50781,25.732100553335204
3907,390.607812,25.57678606156415
3908,390.707814,25.703615151489505
3909,390.807816,25.784818969904126
3910,390.907818,25.619333794299962
3911,391.00782,25.704843248431207
3912,391.107822,25.613099465129128
3913,391.207824,25.575349159334706
3914,391.307826,25.608041049259878
3915,391.407828,25.525682639840703
3916,391.50783,25.71011314046531
3917,391.607832,25.562457334668654
3918,391.70783400000005,25.55225051093459
3919,391.807836,25.7329313359733
3920,391.90783799999997,25.606198797359188
3921,392.00784000000004,25.56366536835106
3922,392.107842,25.48356570678735
3923,392.20784399999997,25.65244800703067
3924,392.30784600000004,25.55811924014494
3925,392.407848,25.731133347990102
3926,392.50785,25.62171002339659
3927,392.60785200000004,25.66706739377472
3928,392.707854,25.735966263841025
3929,392.807856,25.566001479967532
3930,392.90785800000003,25.627543257906627
3931,393.00786,25.702924338048422
3932,393.107862,25.729521091991696
3933,393.20786400000003,25.753722983370437
3934,393.307866,25.58478281676618
3935,393.407868,25.653161101760332
3936,393.50786999999997,25.635314304872736
3937,393.60787200000004,25.641970340959787
3938,393.707874,25.762329419045717
3939,393.80787599999996,25.62398316505043
3940,393.90787800000004,25.704378346434797
3941,394.00788,25.666904053319787
3942,394.10788199999996,25.426326781641635
3943,394.20788400000004,25.388490670819007
3944,394.307886,25.446966713316147
3945,394.407888,25.4963204383061
3946,394.50789000000003,25.67740427477625
3947,394.607892,25.613389897802925
3948,394.707894,25.549922872101277
3949,394.807896,25.780027421563066
3950,394.907898,25.836950958588673
3951,395.0079,25.6577043654882
3952,395.107902,25.69152266487249
3953,395.207904,25.730447955275856
3954,395.307906,25.570023235812148
3955,395.407908,25.591090299338042
3956,395.50791000000004,25.618229704529856
3957,395.607912,25.718043106507135
3958,395.707914,25.662101514969976
3959,395.80791600000003,25.650826323727024
3960,395.907918,25.600007173290212
3961,396.00791999999996,25.44159301127689
3962,396.10792200000003,25.577734969155355
3963,396.207924,25.607567545880517
3964,396.307926,25.586701736837615
3965,396.407928,25.728267719507244
3966,396.50793,25.64416896244082
3967,396.607932,25.677025641015756
3968,396.707934,25.87217705599799
3969,396.807936,25.65720679712494
3970,396.907938,25.732246284447292
3971,397.00794,25.558263723645187
3972,397.107942,25.825732265099987
3973,397.207944,25.601514720873045
3974,397.307946,25.63683864374885
3975,397.40794800000003,25.70527849723732
3976,397.50795,25.706984801113162
3977,397.607952,25.69083165573407
3978,397.70795400000003,25.559579851069575
3979,397.807956,25.722361636622075
3980,397.907958,25.766629250476015
3981,398.00796,25.58575106417072
3982,398.107962,25.555315467318223
3983,398.20796400000006,25.55372256796352
3984,398.307966,25.699370243495796
3985,398.407968,25.67538707004517
3986,398.50797000000006,25.671499146992126
3987,398.607972,25.683812790755816
3988,398.707974,25.735593477251324
3989,398.807976,25.645655692600073
3990,398.907978,25.653736641015275
3991,399.00798,25.6647200225694
3992,399.107982,25.569940056043986
3993,399.207984,25.7343293921798
3994,399.307986,25.56659889528645
3995,399.407988,25.787618170236346
3996,399.50799,25.699757961148016
3997,399.607992,25.640642387153317
3998,399.707994,25.632834407655682
3999,399.807996,25.542014875090366
4000,399.907998,25.66147152757905
4001,400.000014,25.613082933735182
