Frame,Time (ns),Radius of Gyration
1,0.0,8.400643002355705
2,0.100002,8.068271460082734
3,0.200004,8.22602906550306
4,0.30000600000000005,7.868785234406091
5,0.400008,7.476760795204729
6,0.50001,8.043959102435709
7,0.6000120000000001,7.6135367729909085
8,0.700014,7.843817752014224
9,0.800016,7.591637535668876
10,0.900018,7.644297903727575
11,1.00002,7.545807538028678
12,1.1000219999999998,7.714873106262304
13,1.2000240000000002,7.290905391111591
14,1.3000260000000001,7.402707830798764
15,1.400028,7.586509974470321
16,1.50003,7.241467986171131
17,1.600032,7.5949375176952865
18,1.700034,7.283928009359754
19,1.800036,7.659488374843317
20,1.9000380000000001,7.759589231188229
21,2.00004,7.459733435381617
22,2.1000419999999997,7.365481498995707
23,2.2000439999999997,7.495365811898262
24,2.300046,7.234571990146125
25,2.4000480000000004,7.523562901322523
26,2.5000500000000003,7.68392708515101
27,2.6000520000000003,7.620740490205253
28,2.700054,7.605211680902729
29,2.800056,7.663427529667683
30,2.900058,7.313142903474531
31,3.00006,7.588109326518826
32,3.100062,7.355668598030994
33,3.200064,7.601772453825098
34,3.300066,7.4714322390733745
35,3.400068,7.581631290395752
36,3.50007,7.707064298935663
37,3.600072,7.663760644241231
38,3.700074,7.623805892804313
39,3.8000760000000002,7.8767666748061
40,3.900078,7.624424884341286
41,4.00008,7.603741880253264
42,4.1000820000000004,7.839216069974945
43,4.2000839999999995,8.068855966263584
44,4.300086,7.8568082356216395
45,4.400087999999999,7.926013577306057
46,4.50009,7.7409509362782885
47,4.600092,7.717622757371725
48,4.700094,7.439925138510065
49,4.800096000000001,7.446538344158297
50,4.900098,7.092603732249187
51,5.000100000000001,6.996129775463604
52,5.100102,6.843177819169628
53,5.2001040000000005,7.054775020855855
54,5.3001059999999995,6.936595578110341
55,5.400108,6.7740782106680175
56,5.500109999999999,7.120214924407531
57,5.600112,6.879714140885016
58,5.700114,6.838448254185724
59,5.800116,6.67012096759891
60,5.900118,7.2501439156950065
61,6.00012,6.877410365991515
62,6.100122000000001,6.8703064023937666
63,6.200124,6.718995966196887
64,6.300126000000001,7.228038909754834
65,6.400128,7.2052782836639375
66,6.50013,7.131826517320418
67,6.600132,7.261075560892291
68,6.700134,7.330999191863207
69,6.800136,7.407883200858479
70,6.900138,7.326065000391355
71,7.00014,7.103743751113912
72,7.100142,7.487909602228528
73,7.200144,7.689169503597566
74,7.300146,7.65068291560157
75,7.400148,7.531812059504397
76,7.5001500000000005,7.607859263777606
77,7.6001520000000005,7.654316264849144
78,7.700154,7.545457854369491
79,7.800156,7.513450973136719
80,7.900158,7.599237541082084
81,8.00016,7.443299993190484
82,8.100162000000001,7.373139445389208
83,8.200164000000001,7.650871780618739
84,8.300166,7.582577792463869
85,8.400167999999999,7.577498901990643
86,8.50017,7.6223885308053765
87,8.600172,7.568856808259298
88,8.700174,7.7010434353575095
89,8.800175999999999,7.621453903618414
90,8.900178,7.63746689740657
91,9.00018,7.4730316106841315
92,9.100182,7.107737413034709
93,9.200184,6.903443616454573
94,9.300186,6.974520593574546
95,9.400188,6.6286744211782676
96,9.50019,7.13688989608368
97,9.600192000000002,7.53242208650373
98,9.700194,7.505712699467501
99,9.800196,7.388052424316478
100,9.900198,7.35532519048941
101,10.000200000000001,7.616244832746908
102,10.100202,7.325487145303533
103,10.200204,7.397065321812278
104,10.300206,7.80472598988865
105,10.400208000000001,7.433063221958732
106,10.500210000000001,7.38767314013588
107,10.600211999999999,7.657753974774981
108,10.700214,7.332374108195715
109,10.800216,7.339220277642763
110,10.900218,7.2927503243426575
111,11.000219999999999,6.989619570553391
112,11.100222,7.374775919950826
113,11.200224,7.32837583186422
114,11.300226,7.4340090185085295
115,11.400228,7.413432317188451
116,11.50023,7.385465918715482
117,11.600232,7.152142560690895
118,11.700234,7.341419227178171
119,11.800236,7.421185338852549
120,11.900238,7.225480996579004
121,12.00024,7.2959212987254976
122,12.100242,7.0527723408041005
123,12.200244000000001,7.217354394877085
124,12.300246000000001,7.24833245161102
125,12.400248,7.539966768786052
126,12.50025,7.275855719577864
127,12.600252000000001,7.432985996800721
128,12.700254000000001,7.431423776440838
129,12.800256,7.6530658453484515
130,12.900258,7.660010211088911
131,13.00026,7.413687800777169
132,13.100262,7.312944167654992
133,13.200264,7.597825144557207
134,13.300265999999999,7.247793809840574
135,13.400268,7.407604891793777
136,13.50027,7.852823414899989
137,13.600272,7.928741986467014
138,13.700274,7.781958954900565
139,13.800276,7.998013659209394
140,13.900278,7.728384616156323
141,14.00028,7.776595619203452
142,14.100282000000002,7.70142596550478
143,14.200284,7.73403794721755
144,14.300286,7.3667067103763815
145,14.400288,7.3604365931676075
146,14.500290000000001,7.45208241419086
147,14.600292,7.244897941831816
148,14.700294,6.831522058779299
149,14.800296,6.9983203310421205
150,14.900298000000001,6.798001791934661
151,15.000300000000001,7.091904162307219
152,15.100302,7.0831937096186355
153,15.200304000000001,6.856224567500011
154,15.300306,7.189888731228015
155,15.400308,7.075562500865428
156,15.500309999999999,7.037593793292314
157,15.600312,6.913448049305602
158,15.700314,6.816741712734329
159,15.800316,6.897980113036585
160,15.900318,7.101322701328285
161,16.00032,6.9908007727249935
162,16.100322,6.8435060026212335
163,16.200324000000002,7.032432106407521
164,16.300326000000002,7.020875627265766
165,16.400328000000002,6.728545647382579
166,16.50033,6.891503755499349
167,16.600332,6.761327037049685
168,16.700333999999998,6.945278689303314
169,16.800335999999998,6.667793076136812
170,16.900338,6.818805299121812
171,17.00034,6.876380032324514
172,17.100342,6.852685601227811
173,17.200344,6.945256389863214
174,17.300346,6.756217750163806
175,17.400348,7.165912812076426
176,17.50035,7.169527627322962
177,17.600351999999997,7.340645723712253
178,17.700354,7.364140756664708
179,17.800356,7.186783782909421
180,17.900358,7.41329023761166
181,18.00036,7.173150154716527
182,18.100362,7.446348228901826
183,18.200364,7.3027738617838684
184,18.300366,7.453805565628953
185,18.400368,7.390020832160364
186,18.50037,7.3018841206428045
187,18.600372,7.338808891250289
188,18.700374,7.385691696565969
189,18.800376,7.36999630753616
190,18.900378,7.867705986652783
191,19.00038,7.6347581293262285
192,19.100382,7.562114080937199
193,19.200384000000003,7.820769505486208
194,19.300386,6.952401309038619
195,19.400388,7.2346709318550495
196,19.50039,7.323853180134131
197,19.600392,7.727489080139414
198,19.700394,7.444011543305415
199,19.800396,7.605486607410797
200,19.900398000000003,7.538047549283586
201,20.000400000000003,7.457977123919881
202,20.100402000000003,7.557797995325052
203,20.200404,7.504829064253392
204,20.300406,7.880126045179216
205,20.400408,7.39391413715869
206,20.50041,7.487505054723113
207,20.600412,7.572300235767436
208,20.700414000000002,7.324262767153177
209,20.800416000000002,7.477234613804237
210,20.900418000000002,7.162480995844833
211,21.000420000000002,7.226721524250417
212,21.100422,7.187398890437554
213,21.200423999999998,8.006622125585636
214,21.300425999999998,7.3353646099899015
215,21.400428,6.908671673147898
216,21.50043,7.094031038379196
217,21.600432,7.147088747220422
218,21.700434,6.913901871647062
219,21.800436,7.12692713281969
220,21.900438,7.2006903398767514
221,22.000439999999998,7.147812248284831
222,22.100441999999997,6.945883697626169
223,22.200444,6.917018710516231
224,22.300446,6.885729901438953
225,22.400448,7.0854189851980145
226,22.50045,7.178002610537832
227,22.600452,7.347748229601709
228,22.700454,7.448314179305994
229,22.800456,7.217385974168757
230,22.900458,7.015286055611962
231,23.00046,7.056681266094921
232,23.100462,6.917489594315904
233,23.200464,7.3646341251590535
234,23.300466,7.302335984578799
235,23.400468,7.23925291701008
236,23.50047,7.441723047071568
237,23.600472,7.715905561345865
238,23.700474000000003,8.852770410287237
239,23.800476,8.72579667131308
240,23.900478,8.79743113848025
241,24.00048,8.752496026475105
242,24.100482,9.197555185022399
243,24.200484,8.987251822061754
244,24.300486,9.009941246545038
245,24.400488000000003,8.836323628686065
246,24.500490000000003,8.573454740930481
247,24.600492000000003,8.765227194581387
248,24.700494,8.594799720190924
249,24.800496,8.56999575327282
250,24.900498,8.931283051046668
251,25.0005,8.76253601624053
252,25.100502,8.278741702511251
253,25.200504000000002,8.210512377465227
254,25.300506000000002,8.09130910861561
255,25.400508000000002,8.39226800565738
256,25.500510000000002,8.631984904508052
257,25.600512,8.522537914054414
258,25.700514,8.527204086159983
259,25.800516,8.328353038301186
260,25.900518,8.138161944634154
261,26.00052,8.258321296575136
262,26.100522,7.887116527747175
263,26.200524,8.417305406778262
264,26.300526,8.336528954384839
265,26.400528,7.986815055750866
266,26.500529999999998,8.260781059691485
267,26.600531999999998,8.115317994578668
268,26.700534,8.406783433032054
269,26.800536,8.050378451579563
270,26.900538,7.974879747081179
271,27.00054,7.999524292372907
272,27.100542,8.327604962489442
273,27.200544,8.415446761500558
274,27.300546,8.382866173814321
275,27.400548,8.297536081244145
276,27.50055,7.872210264380507
277,27.600552,7.847026858523838
278,27.700554,8.056987845184397
279,27.800556,8.104432562301096
280,27.900558,8.07188071848382
281,28.00056,8.584127933255601
282,28.100562,7.906194843093093
283,28.200564000000004,8.07660002456301
284,28.300566,8.033840288443884
285,28.400568,8.1397856836391
286,28.50057,8.314174153092788
287,28.600572,8.255000878741734
288,28.700574,8.114149747384458
289,28.800576,8.944787383527151
290,28.900578000000003,8.501907035362956
291,29.000580000000003,8.93606608687365
292,29.100582000000003,9.02988368542187
293,29.200584,8.941617544332823
294,29.300586,9.076560942998174
295,29.400588,8.784328380905997
296,29.50059,8.624341473106755
297,29.600592,8.840427743193569
298,29.700594000000002,8.350598470758648
299,29.800596000000002,9.050550563389448
300,29.900598000000002,8.918657468338958
301,30.000600000000002,8.623459948230844
302,30.100602,9.080550325210192
303,30.200604,9.106147100707629
304,30.300606,9.35687603129618
305,30.400608000000002,8.83239442761806
306,30.50061,8.504020226224183
307,30.600612,9.117633307588266
308,30.700614,8.866478342266594
309,30.800616,8.842272361640044
310,30.900618,8.962990704741168
311,31.000619999999998,8.570297514426795
312,31.100621999999998,8.422516210172635
313,31.200624,8.330922815502312
314,31.300626,8.10033582260774
315,31.400628,8.77054505199264
316,31.50063,8.631106939241564
317,31.600632,8.949031067450461
318,31.700634,8.618295040875065
319,31.800636,8.29951278749581
320,31.900638,8.909485750479407
321,32.00064,8.884505059297139
322,32.100642,9.073181299845404
323,32.200644,8.91522323847211
324,32.300646,9.079014106234855
325,32.400648000000004,8.989576914519859
326,32.50065,9.365390799827304
327,32.600652000000004,8.949092062292497
328,32.700654,8.747963325811105
329,32.800656000000004,8.693182025011906
330,32.900658,8.655640948611337
331,33.00066,8.761779502465789
332,33.10066200000001,8.234751787226088
333,33.200664,8.1823178115332
334,33.300666,8.518259622463113
335,33.400667999999996,8.610595873563323
336,33.50067,8.755428049392028
337,33.600671999999996,8.688256901376224
338,33.700674,8.467313557478471
339,33.800676,8.73135171798758
340,33.900678,8.512664026393333
341,34.00068,8.535843353796052
342,34.100682,8.307841101732588
343,34.200684,8.80051701551441
344,34.300686,8.824649083924914
345,34.400688,8.783103651890102
346,34.500690000000006,8.6010092508513
347,34.600692,8.522813603118296
348,34.700694000000006,8.68485117756435
349,34.800696,8.702896113881163
350,34.900698000000006,8.633625807602497
351,35.0007,8.397794691821796
352,35.100702,8.684891536430202
353,35.200703999999995,8.330544816520165
354,35.300706,8.19695726080482
355,35.400708,8.37610786000001
356,35.50071,8.231147648794343
357,35.600712,8.351048673586153
358,35.700714,8.720817386749355
359,35.800716,8.477501773063365
360,35.900718,8.440831841957072
361,36.00072,8.398462256348427
362,36.100722000000005,8.38239405813243
363,36.200724,8.325418602428838
364,36.300726000000004,8.247433771789947
365,36.400728,8.216991239260299
366,36.500730000000004,8.003577895188494
367,36.600732,7.841813587339481
368,36.700734000000004,8.26630084804591
369,36.800736,8.27055344865948
370,36.900738,8.195826941886509
371,37.00074,8.06509222170815
372,37.100742,8.324871897704886
373,37.200744,8.2974541876394
374,37.300746,8.1188221528643
375,37.400748,7.7949086231236135
376,37.50075,8.187660489124692
377,37.600752,8.265102690741287
378,37.700754,8.27249183697474
379,37.800756,8.47878937592849
380,37.900758,8.160738894009134
381,38.00076,8.260759930345484
382,38.100762,8.159281611118109
383,38.200764,8.286067539597159
384,38.300766,8.638782106595565
385,38.40076800000001,8.706372810214242
386,38.50077,8.702227956760419
387,38.600772,8.128575548195304
388,38.700773999999996,8.063571717786136
389,38.800776,8.339445478166356
390,38.900777999999995,8.308041711715687
391,39.00078,8.494399160352977
392,39.100782,7.8858969963381265
393,39.200784,8.02761420182728
394,39.300786,8.32963426737644
395,39.400788,8.661730690563855
396,39.50079,8.055920415352494
397,39.600792,8.227581769727266
398,39.700794,8.27208183669512
399,39.800796000000005,8.328170242359562
400,39.900798,8.120643945070203
401,40.000800000000005,8.427258154436885
402,40.100802,7.799349839780423
403,40.200804000000005,7.952637993404781
404,40.300806,8.160527337783487
405,40.400808,8.354698953427755
406,40.500809999999994,8.330538758314287
407,40.600812,8.579114489576957
408,40.700814,8.079633944938813
409,40.800816,8.409978693471414
410,40.900818,8.123654774710428
411,41.00082,8.484790081850408
412,41.100822,8.28759927360131
413,41.200824,8.834100357511423
414,41.300826,8.350785204191833
415,41.400828000000004,8.271031066858116
416,41.50083,7.8254245970829786
417,41.600832000000004,8.01209030474023
418,41.700834,8.582612944274072
419,41.800836000000004,8.363824948199525
420,41.900838,8.200334562444825
421,42.000840000000004,8.191507063457882
422,42.10084200000001,8.093813766376798
423,42.200844,7.968006252315641
424,42.300846,8.545395633493232
425,42.400847999999996,8.459809631417453
426,42.50085,8.550083578456515
427,42.600851999999996,8.825445990847934
428,42.700854,8.813618367070806
429,42.800856,8.570497893552165
430,42.900858,8.434839190990422
431,43.00086,8.107692904363049
432,43.100862,8.344580376612257
433,43.200864,8.12540108963329
434,43.300866,7.896833174108666
435,43.400868,8.067583063316487
436,43.500870000000006,8.384701924241808
437,43.600872,7.814629705079887
438,43.700874000000006,7.805134181097814
439,43.800876,7.557878790743282
440,43.900878000000006,7.383177256102807
441,44.000879999999995,7.729576759021539
442,44.100882,7.741088166046477
443,44.200883999999995,8.251079254714735
444,44.300886,8.579485542677146
445,44.400888,8.015630829945252
446,44.50089,7.27882850915275
447,44.600892,8.070451758969615
448,44.700894,8.7980687875498
449,44.800896,8.660120471612856
450,44.900898,8.739863058679392
451,45.0009,8.701706796519883
452,45.100902000000005,8.318242956932787
453,45.200904,8.398821932256983
454,45.300906000000005,8.010627550533982
455,45.400908,7.977806623138326
456,45.500910000000005,7.861566130764717
457,45.600912,7.833396319196112
458,45.700914000000004,7.627434795862801
459,45.800916,7.887060111555185
460,45.900918,8.165302030703117
461,46.00092,7.826400187493517
462,46.100922,9.037509100861637
463,46.200924,8.44400188644292
464,46.300926,8.510424089806556
465,46.400928,8.624435688886138
466,46.50093,8.439581907284403
467,46.600932,8.271656675886907
468,46.700934000000004,8.217840025884477
469,46.800936,8.727727331881068
470,46.900938000000004,8.48482064332556
471,47.00094,8.659512075996153
472,47.100942,9.727407007318009
473,47.200944,9.464342470887384
474,47.300946,9.241337919156486
475,47.40094800000001,9.369109954090497
476,47.50095,8.756431065173583
477,47.600952,8.935633768810261
478,47.700953999999996,8.657070409538607
479,47.800956,8.72831577960639
480,47.900957999999996,8.744212865051727
481,48.00096,8.594929388439013
482,48.100962,8.566868204271183
483,48.200964,8.907102734531762
484,48.300966,8.77412509530435
485,48.400968,8.820138604105944
486,48.50097,8.795434827518084
487,48.600972,8.989137457959869
488,48.700974,8.924198559689028
489,48.800976000000006,8.425345020043318
490,48.900978,8.452094578559427
491,49.000980000000006,8.846918546830604
492,49.100982,8.707419597696918
493,49.200984000000005,8.510155692951281
494,49.300986,8.640173844269654
495,49.400988,8.602809923438144
496,49.500989999999994,9.218889063539619
497,49.600992,9.50722257172948
498,49.700994,9.143496836021287
499,49.800996,9.462124941792576
500,49.900998,9.082512770974986
501,50.001,9.327751598422422
502,50.101002,9.266608589494016
503,50.201004,9.213564014628673
504,50.301006,9.068402841294647
505,50.401008000000004,9.353367074323314
506,50.50101,9.0617465851735
507,50.601012000000004,9.018188793017897
508,50.701014,9.15094804710862
509,50.801016000000004,9.251970073727644
510,50.901018,9.526559834194028
511,51.001020000000004,9.093770798675186
512,51.10102200000001,9.410658656810066
513,51.201024,9.492975982977068
514,51.301026,9.35991402563215
515,51.401028,9.265257913786463
516,51.50103,9.38998871603244
517,51.601032,9.420815791723047
518,51.701034,9.349346127557215
519,51.801036,9.331203871663801
520,51.901038,9.431663266591992
521,52.00104,9.471312007259662
522,52.101042,9.184032570379195
523,52.201044,9.342594794756963
524,52.301046,9.35429093425869
525,52.401048,9.335429113454632
526,52.501050000000006,9.304154986058682
527,52.601052,9.333367256121493
528,52.701054000000006,9.58850175479144
529,52.801056,9.386610089855276
530,52.901058000000006,9.308299099429139
531,53.001059999999995,9.263194532490024
532,53.101062,9.223274307462956
533,53.201063999999995,9.14940288632788
534,53.301066,9.089215717203935
535,53.401068,9.518007634233362
536,53.50107,9.410370775324735
537,53.601072,9.22218997321182
538,53.701074,9.192766327348245
539,53.801076,9.347672066954425
540,53.901078,9.47534921911976
541,54.00108,9.23676343181488
542,54.101082000000005,9.431657579212311
543,54.201084,9.558924345408228
544,54.301086000000005,9.342105205363856
545,54.401088,9.242125650379945
546,54.501090000000005,9.344997634297604
547,54.601092,9.20220333429817
548,54.701094000000005,9.23855118456542
549,54.801096,9.191491473006185
550,54.901098,9.289727935849708
551,55.0011,9.401681333658185
552,55.101102,9.348117869491498
553,55.201104,9.135953425678395
554,55.301106,9.20931419805702
555,55.401108,9.314844845162133
556,55.50111,9.196761390517185
557,55.601112,9.330700630299278
558,55.701114000000004,9.321776950529959
559,55.801116,9.302649553893142
560,55.901118000000004,9.23218859298966
561,56.00112,9.225277671180827
562,56.101122000000004,9.26900664631597
563,56.201124,9.50375049290966
564,56.301126000000004,9.228985040935376
565,56.40112800000001,9.27775919746253
566,56.50113,9.201606227653741
567,56.601132,9.303701139834255
568,56.701133999999996,9.459616120003389
569,56.801136,9.467141901890178
570,56.901137999999996,9.285529536685202
571,57.00114,9.542982072182868
572,57.101142,9.345578146957006
573,57.201144,9.546578201731764
574,57.301146,9.37520412700408
575,57.401148,9.53199715817619
576,57.50115,9.340751639875347
577,57.601152,9.334008309858786
578,57.701154,9.49043227320494
579,57.801156000000006,9.380125794776307
580,57.901158,9.506965702417038
581,58.001160000000006,9.479417778714934
582,58.101162,9.35393527287657
583,58.201164000000006,9.62440822862384
584,58.301166,9.541041164642131
585,58.401168,9.619412169009895
586,58.501169999999995,9.473119558583123
587,58.601172,9.581995181672847
588,58.701174,9.32503686005663
589,58.801176,9.558850962485455
590,58.901178,9.387144834417997
591,59.00118,9.450252400808726
592,59.101182,9.48160097382575
593,59.201184,9.418793665417933
594,59.301186,9.51146505153113
595,59.401188000000005,9.024817032694694
596,59.50119,9.368274687526293
597,59.601192000000005,9.204987497898694
598,59.701194,9.30978998634792
599,59.801196000000004,9.25501278664616
600,59.901198,9.080421551893751
601,60.001200000000004,9.158550598511036
602,60.10120200000001,9.406728710264282
603,60.201204,9.31572639223475
604,60.301206,9.242933633265883
605,60.401208,9.32827642723354
606,60.50121,9.316741289787165
607,60.601212,9.128090199751759
608,60.701214,9.309407632109497
609,60.801216000000004,9.051320906059745
610,60.901218,9.232364355901865
611,61.00122,9.442103332972108
612,61.101222,9.428183461578042
613,61.201224,9.369419629130117
614,61.301226,9.458799233858773
615,61.401228,9.285233779727156
616,61.50123000000001,9.150880854916593
617,61.601232,9.164558737533133
618,61.70123400000001,9.337666844755256
619,61.801236,9.497116360134106
620,61.901238000000006,9.229011097472542
621,62.001239999999996,9.54951189778368
622,62.101242,9.32273832942711
623,62.201243999999996,9.231872861832342
624,62.301246,9.38477010437596
625,62.401248,9.49093314227557
626,62.50125,9.299442162555003
627,62.601252,9.267734940159542
628,62.701254,9.161553918781
629,62.801256,9.215695164952473
630,62.901258,9.349210532694022
631,63.00126,9.374587665696799
632,63.101262000000006,9.23114386891854
633,63.201264,9.268018830993388
634,63.301266000000005,9.391907455438592
635,63.401268,9.347645412757208
636,63.501270000000005,9.121080059126179
637,63.601272,9.12975133118956
638,63.701274000000005,9.394539716160489
639,63.801276,9.486408929792965
640,63.901278,9.306056133282102
641,64.00128,9.257648259574438
642,64.101282,9.27195987388969
643,64.201284,9.173943754595745
644,64.301286,9.162076985071405
645,64.401288,9.28487046995752
646,64.50129,9.364525610194226
647,64.601292,9.215355195634219
648,64.701294,9.255698062611646
649,64.80129600000001,9.248509437011275
650,64.901298,9.304459794926855
651,65.0013,9.522275784485158
652,65.101302,9.19778632860222
653,65.20130400000001,9.35991628479393
654,65.30130600000001,9.32789628784443
655,65.401308,9.281574945361177
656,65.50131,9.300865143698346
657,65.60131200000001,9.218039901188957
658,65.701314,9.356339401409686
659,65.801316,9.451355899378571
660,65.901318,9.418741832453412
661,66.00132,9.321216079354123
662,66.101322,9.384478811409927
663,66.20132400000001,9.394910303479925
664,66.301326,9.681588810090755
665,66.401328,9.31441084871187
666,66.50133,9.444170023224881
667,66.601332,9.297235029629142
668,66.701334,9.430266670050667
669,66.80133599999999,9.283225870702003
670,66.90133800000001,9.163425391951316
671,67.00134,9.166855594109828
672,67.101342,9.140991378266653
673,67.20134399999999,9.116849490087041
674,67.30134600000001,9.204067576940268
675,67.401348,9.193560365847668
676,67.50135,9.143089257624275
677,67.601352,9.518182149052974
678,67.70135400000001,9.517904671859442
679,67.801356,9.211107477662104
680,67.901358,9.29409523142107
681,68.00136,9.35768119911896
682,68.10136200000001,9.529572409106915
683,68.201364,9.52050661169202
684,68.301366,9.357002686808361
685,68.401368,9.420676108210035
686,68.50137,9.423742025948066
687,68.601372,9.371960808173109
688,68.701374,9.37150501261133
689,68.801376,9.305859533037571
690,68.901378,9.418104130410683
691,69.00138000000001,9.273644264049983
692,69.101382,9.320554936209245
693,69.201384,9.364839411497407
694,69.301386,9.197688547377613
695,69.40138800000001,9.433448335576477
696,69.50139,9.235060946155585
697,69.601392,9.223919830513507
698,69.701394,9.241305417102268
699,69.80139600000001,9.313527804402192
700,69.901398,9.241244466881467
701,70.0014,9.206995968161745
702,70.10140200000001,9.086746982911565
703,70.201404,9.055991242177132
704,70.301406,9.346719142413999
705,70.40140799999999,9.23471896836236
706,70.50141,9.185781105161757
707,70.601412,9.416509189556862
708,70.701414,9.0697198991141
709,70.801416,9.486976034306306
710,70.901418,9.295934763362077
711,71.00142,9.170122186572959
712,71.101422,9.221910485090497
713,71.201424,9.497515468948217
714,71.301426,9.338541912881258
715,71.401428,9.21875443475252
716,71.50143000000001,9.465300183104517
717,71.601432,9.691958609779693
718,71.701434,9.454877814840344
719,71.801436,9.396006018094496
720,71.901438,9.358824758291405
721,72.00144,9.194892830944456
722,72.10144199999999,9.359530236341024
723,72.20144400000001,9.269529113518653
724,72.301446,9.447833294397302
725,72.401448,9.433014378692132
726,72.50144999999999,9.41910621886082
727,72.60145200000001,9.368238300966238
728,72.701454,9.433666159302497
729,72.801456,9.526976223555426
730,72.901458,9.520589381694801
731,73.00146000000001,9.497163525790327
732,73.101462,9.514597316422947
733,73.201464,9.164909159762994
734,73.301466,9.466922065599096
735,73.40146800000001,9.365762970716872
736,73.50147,9.241829159245418
737,73.601472,9.3426973228837
738,73.701474,9.342954164065318
739,73.801476,9.313810773552014
740,73.901478,9.450664257930038
741,74.00148,9.379590579491138
742,74.101482,9.356700021860444
743,74.201484,9.496243934011218
744,74.30148600000001,9.473730393144612
745,74.401488,9.595319633819663
746,74.50149,9.220622665542693
747,74.601492,9.425412827267175
748,74.70149400000001,9.460078310938174
749,74.801496,9.423763969396825
750,74.901498,9.21318306183207
751,75.0015,9.389427262954426
752,75.10150200000001,9.05475770119533
753,75.201504,9.492765018127724
754,75.301506,9.26416705319517
755,75.401508,9.401701732154518
756,75.50151,9.273426302471306
757,75.601512,9.29948418419084
758,75.70151399999999,9.151157057830583
759,75.801516,9.43932471879096
760,75.901518,9.233120684249224
761,76.00152,9.229802592696917
762,76.101522,9.172211577555961
763,76.201524,9.250576176381834
764,76.301526,9.157296141555655
765,76.401528,8.962626430466473
766,76.50153,9.178473224919502
767,76.601532,9.211777863351063
768,76.701534,9.17274465333174
769,76.80153600000001,9.215565527784015
770,76.901538,9.117943284969499
771,77.00154,9.324119915686664
772,77.101542,9.353233164801626
773,77.201544,9.477861559041704
774,77.301546,9.383791173059365
775,77.40154799999999,9.211768866985436
776,77.50155000000001,9.15259484411141
777,77.601552,9.247850324757218
778,77.701554,9.27378053724496
779,77.80155599999999,9.415542253941451
780,77.90155800000001,9.26846720441337
781,78.00156,9.176366579133017
782,78.101562,9.370111563417337
783,78.201564,9.343636557115108
784,78.30156600000001,9.299875650175082
785,78.401568,9.51930657879555
786,78.50157,9.252098167795248
787,78.601572,9.322333121713097
788,78.70157400000001,9.104923747862829
789,78.801576,9.185503809038227
790,78.90157800000001,9.501915877291648
791,79.00158,9.326917430138597
792,79.101582,9.096594473423757
793,79.201584,9.089782019948753
794,79.301586,9.258287840510267
795,79.401588,9.223464568582173
796,79.50159,9.084730660298645
797,79.60159200000001,9.42916093905393
798,79.701594,9.419356764535431
799,79.801596,9.473333478184644
800,79.90159799999999,9.239280706001331
801,80.00160000000001,9.443350910004233
802,80.101602,9.243535212113027
803,80.201604,9.231247056701237
804,80.301606,9.173613118509103
805,80.40160800000001,9.233508685657581
806,80.50161,9.293304835187719
807,80.601612,9.389852445610787
808,80.701614,9.160515629232805
809,80.801616,9.074108277686936
810,80.901618,9.236263416867779
811,81.00161999999999,9.14753403703286
812,81.101622,9.359174354007926
813,81.201624,9.543243997951928
814,81.301626,9.165854998066415
815,81.401628,9.392191002047376
816,81.50163,9.380162451606873
817,81.601632,9.27304782573617
818,81.701634,9.466563736969237
819,81.801636,9.414358944906887
820,81.901638,9.231991731297603
821,82.00164,9.474587194472377
822,82.10164200000001,9.269712432992742
823,82.201644,9.413605819666767
824,82.301646,9.378158058442681
825,82.401648,9.461524400132014
826,82.50165000000001,9.147598546749546
827,82.601652,9.290842352827248
828,82.70165399999999,9.44175485962864
829,82.80165600000001,9.352568401640948
830,82.901658,9.339645741472136
831,83.00166,9.282545584616981
832,83.10166199999999,9.335191554653559
833,83.20166400000001,9.303425983468559
834,83.301666,9.355591154550018
835,83.401668,9.445026111570904
836,83.50167,9.204512081460374
837,83.60167200000001,9.204906303791649
838,83.701674,9.089304849349428
839,83.801676,9.28186800233857
840,83.901678,9.196801869207773
841,84.00168000000001,8.953439958724633
842,84.101682,9.440722784352998
843,84.20168400000001,9.403674526051612
844,84.301686,9.167366679496707
845,84.401688,9.428816154193665
846,84.50169,9.27633001988987
847,84.601692,9.283838148951157
848,84.701694,9.487918222638903
849,84.80169599999999,9.33407495376475
850,84.90169800000001,9.339040862007975
851,85.0017,9.392660442198551
852,85.101702,9.226763589854622
853,85.20170399999999,9.35696892944654
854,85.30170600000001,9.448464388622556
855,85.401708,9.449178455629712
856,85.50171,9.239986468650496
857,85.601712,9.358982037246445
858,85.70171400000001,9.1174999613704
859,85.801716,9.226257002660628
860,85.901718,9.406069900916261
861,86.00172,9.30730273493936
862,86.10172200000001,9.291080239449393
863,86.201724,9.181813506586385
864,86.301726,9.176108895992032
865,86.401728,9.248987272496041
866,86.50173,9.334824621913569
867,86.601732,9.157714092986021
868,86.701734,9.42095126688048
869,86.801736,9.179130042509005
870,86.901738,9.211267654438887
871,87.00174000000001,9.320642515585984
872,87.101742,9.234751229271795
873,87.201744,9.129168910591698
874,87.301746,9.246872396967584
875,87.40174800000001,9.320984651150553
876,87.50175,9.209930207246323
877,87.601752,9.286357534592062
878,87.701754,9.344349805831738
879,87.80175600000001,9.376911188616043
880,87.901758,9.301970639767966
881,88.00175999999999,9.385094081193031
882,88.10176200000001,9.426384633807535
883,88.201764,9.273855673809416
884,88.301766,9.235959355145141
885,88.40176799999999,9.355693526175704
886,88.50177000000001,9.102288843061713
887,88.601772,9.473319997211563
888,88.701774,9.23277443053928
889,88.801776,9.167781166255013
890,88.90177800000001,9.252712157656033
891,89.00178,9.2046776915198
892,89.101782,9.2709330753353
893,89.201784,9.381508183499397
894,89.301786,9.369868599270967
895,89.401788,9.320714320616537
896,89.50179000000001,9.492826076874543
897,89.601792,9.37538942421756
898,89.701794,9.466769502386187
899,89.801796,9.584396781546435
900,89.901798,9.341939311392448
901,90.0018,9.471296756293038
902,90.10180199999999,9.442962084054134
903,90.20180400000001,9.311539828763888
904,90.301806,9.420311368884922
905,90.401808,9.404004117847625
906,90.50180999999999,9.458881005605944
907,90.60181200000001,9.400204569156676
908,90.701814,9.441455770971736
909,90.801816,9.318892651739338
910,90.901818,9.470507032652892
911,91.00182000000001,9.408421135750057
912,91.101822,9.197718025006415
913,91.201824,9.385650274869713
914,91.301826,9.389349927853353
915,91.40182800000001,9.354359262301399
916,91.50183,9.19871127796747
917,91.601832,9.154363325328108
918,91.701834,9.321360261366307
919,91.801836,9.064852643355094
920,91.901838,8.864356040129765
921,92.00184,8.930630968631021
922,92.101842,8.907429341214428
923,92.201844,9.220585827162065
924,92.30184600000001,9.18052622777577
925,92.401848,9.212637633498181
926,92.50185,9.18060448700595
927,92.601852,9.25744778718734
928,92.70185400000001,9.218391107396366
929,92.801856,9.21000082904798
930,92.901858,9.203270032075896
931,93.00186,9.20548153186482
932,93.10186200000001,9.143015097920092
933,93.201864,9.361205227561383
934,93.301866,9.213355573365689
935,93.40186800000001,9.013002775371074
936,93.50187,9.137628476621
937,93.601872,9.174068128785704
938,93.70187399999999,9.072529663526154
939,93.80187600000001,9.186606507698238
940,93.901878,9.014429809304339
941,94.00188,9.147329270423107
942,94.101882,9.292640635798541
943,94.201884,9.34017584468147
944,94.301886,9.520415949926505
945,94.401888,9.101659082957035
946,94.50189,9.287855433663685
947,94.601892,9.26547645168822
948,94.701894,9.252021752667286
949,94.80189600000001,9.216925292555517
950,94.901898,9.165400446986766
951,95.0019,9.352543335370443
952,95.101902,9.296491700220367
953,95.201904,9.331594875246115
954,95.301906,9.388399592031904
955,95.40190799999999,9.105427555999393
956,95.50191000000001,9.330493360297567
957,95.601912,9.544206755035981
958,95.701914,9.186330842289905
959,95.80191599999999,9.557921561889348
960,95.90191800000001,9.35175138878028
961,96.00192,9.52976137766243
962,96.101922,9.1159577031423
963,96.201924,9.077675612717247
964,96.30192600000001,9.247963648563632
965,96.401928,9.286276512238743
966,96.50193,9.10097296555515
967,96.601932,9.149826532481221
968,96.70193400000001,9.329639138470014
969,96.801936,9.395780591390736
970,96.90193800000002,9.106887837190836
971,97.00194,9.25349713685945
972,97.101942,9.224098082968634
973,97.201944,9.037330879412147
974,97.301946,9.190799686081572
975,97.401948,8.957195366082948
976,97.50195,9.184682545050128
977,97.60195200000001,9.35825999642957
978,97.701954,9.354659181323957
979,97.801956,9.106421437955909
980,97.901958,9.32908261064456
981,98.00196000000001,9.485913390761837
982,98.101962,9.174108904710035
983,98.201964,9.184346320978763
984,98.30196600000001,9.165343101835687
985,98.40196800000001,9.16546883567951
986,98.50197,9.340291965427982
987,98.601972,9.276768788264562
988,98.701974,9.295196304227632
989,98.801976,9.000669560371884
990,98.901978,9.354399496730819
991,99.00197999999999,9.312917725880382
992,99.101982,9.4654920801879
993,99.201984,9.470566806207257
994,99.301986,9.436070150594507
995,99.401988,9.298616598085264
996,99.50199,9.358850586171275
997,99.601992,9.357631815752738
998,99.701994,9.560909068306556
999,99.801996,9.358582175182393
1000,99.901998,9.37520314001932
1001,100.002,9.011635558759435
1002,100.10200200000001,9.400797439323588
1003,100.202004,9.208134457956858
1004,100.302006,9.110380744268896
1005,100.402008,9.154672161134776
1006,100.50201000000001,9.072709630496316
1007,100.602012,9.333549905009852
1008,100.70201399999999,9.240471150897983
1009,100.80201600000001,9.133831894901789
1010,100.902018,9.143502693385873
1011,101.00202,9.355485839637488
1012,101.10202199999999,9.248516999847824
1013,101.20202400000001,9.204659033937483
1014,101.302026,9.333944291755957
1015,101.402028,9.280296656689686
1016,101.50203,9.066320177881911
1017,101.60203200000001,9.167552967633847
1018,101.702034,9.179190350824204
1019,101.802036,9.45629828621506
1020,101.902038,9.230685171259616
1021,102.00204000000001,8.850662143757537
1022,102.102042,9.22316551836814
1023,102.20204400000001,9.206324391365051
1024,102.302046,9.367325093263016
1025,102.402048,9.239546048962492
1026,102.50205,9.282108695961881
1027,102.602052,8.908546334571048
1028,102.702054,9.053612774207219
1029,102.802056,8.817522136924334
1030,102.90205800000001,8.622985870696159
1031,103.00206,8.837834778898367
1032,103.102062,8.69173965747333
1033,103.202064,8.329386338602163
1034,103.30206600000001,8.510251972293762
1035,103.402068,8.404916227798472
1036,103.50207,8.58184567575686
1037,103.602072,8.706678405220877
1038,103.70207400000001,8.624058349279114
1039,103.802076,8.490347713824288
1040,103.902078,8.674714006438851
1041,104.00208,8.728102714444757
1042,104.10208200000001,8.789032648230844
1043,104.202084,8.718509232092966
1044,104.302086,8.659328031035342
1045,104.402088,8.828472543918984
1046,104.50209,8.630296573645584
1047,104.602092,8.589595836756526
1048,104.702094,8.624289281769382
1049,104.802096,8.960924953298557
1050,104.902098,8.64708707849392
1051,105.00210000000001,9.127526767720028
1052,105.102102,9.057696475189655
1053,105.202104,8.748825246943364
1054,105.302106,8.812643148398303
1055,105.40210800000001,8.605463008370315
1056,105.50211,8.59669647199915
1057,105.602112,8.921276893764647
1058,105.702114,8.617939497346216
1059,105.80211600000001,8.997822977204954
1060,105.902118,8.785482207600767
1061,106.00211999999999,8.58016386112949
1062,106.10212200000001,8.815388783981337
1063,106.202124,8.692603315566835
1064,106.302126,8.698291657861535
1065,106.40212799999999,8.881771797108964
1066,106.50213000000001,8.68781630028459
1067,106.602132,9.13199012429122
1068,106.702134,8.387938731162553
1069,106.802136,8.725936008343105
1070,106.90213800000001,8.859367968679274
1071,107.00214,8.534739844921312
1072,107.102142,8.266331186730987
1073,107.202144,8.53954068137079
1074,107.30214600000001,8.682423230748283
1075,107.402148,8.568590863937215
1076,107.50215000000001,9.118677988516437
1077,107.602152,9.47644427742789
1078,107.702154,8.50657180995136
1079,107.802156,8.894635319139056
1080,107.902158,8.587943703209369
1081,108.00216,8.840929444375027
1082,108.10216199999999,8.699497379999663
1083,108.20216400000001,8.684896771110502
1084,108.302166,8.546777105996087
1085,108.402168,8.970788557557809
1086,108.50216999999999,8.64518846881561
1087,108.60217200000001,8.804012533677996
1088,108.702174,8.653539534121716
1089,108.802176,8.440221011651744
1090,108.902178,8.6740900200967
1091,109.00218000000001,8.788844377828717
1092,109.102182,8.762863755748038
1093,109.202184,8.699600500665477
1094,109.302186,8.656660024100274
1095,109.40218800000001,8.804149911574942
1096,109.50219,8.742311688486277
1097,109.602192,8.476797459617968
1098,109.702194,8.635386788739808
1099,109.802196,8.654953592720458
1100,109.902198,8.269249516666349
1101,110.0022,8.3215989077914
1102,110.102202,8.735504183815749
1103,110.202204,8.60051166817035
1104,110.30220600000001,8.65443290213742
1105,110.402208,8.819721352975115
1106,110.50221,8.497607984980604
1107,110.602212,8.478205940168015
1108,110.70221400000001,8.708245087492983
1109,110.802216,8.611575510313667
1110,110.902218,8.72687999491311
1111,111.00222,8.74122729834201
1112,111.10222200000001,8.434179831920272
1113,111.202224,8.64173487788083
1114,111.30222599999999,8.578462731698792
1115,111.40222800000001,8.747589705205815
1116,111.50223,8.698146496544474
1117,111.602232,8.694198844026479
1118,111.70223399999999,8.709996696851963
1119,111.80223600000001,8.485521262172513
1120,111.902238,8.650831287606005
1121,112.00224,8.616343312416838
1122,112.102242,8.83690968552165
1123,112.20224400000001,8.873520687090242
1124,112.302246,9.033883604862913
1125,112.402248,8.771244628169516
1126,112.50225,8.439281147519164
1127,112.60225200000001,8.82221488286892
1128,112.702254,8.703334511654072
1129,112.80225600000001,8.91417144482288
1130,112.902258,8.657569306142394
1131,113.00226,8.982836931207759
1132,113.102262,8.578934652109446
1133,113.202264,8.516034089969848
1134,113.302266,8.676172552717098
1135,113.40226799999999,8.501923106122515
1136,113.50227000000001,8.684101341160009
1137,113.602272,8.944334212763518
1138,113.702274,8.780933744458869
1139,113.80227599999999,8.673413012536065
1140,113.90227800000001,9.23780236203971
1141,114.00228,9.488960654616518
1142,114.102282,9.371153432614461
1143,114.202284,9.44152138699515
1144,114.30228600000001,9.408256416801546
1145,114.402288,9.485931979864157
1146,114.50229,9.27156592858583
1147,114.602292,9.36040840201535
1148,114.70229400000001,9.400043478647971
1149,114.802296,9.156817896443714
1150,114.902298,9.178306404882797
1151,115.0023,8.92394402493197
1152,115.102302,8.404289610435791
1153,115.202304,8.623023656464289
1154,115.302306,8.472844721915267
1155,115.402308,8.795880625468978
1156,115.50231,8.92610942400489
1157,115.60231200000001,8.852566576259342
1158,115.702314,8.968718710693139
1159,115.802316,8.735017483083391
1160,115.902318,8.76785307685373
1161,116.00232000000001,8.808409579489751
1162,116.102322,8.555125281942127
1163,116.202324,8.689009145945965
1164,116.30232600000001,8.754082017581284
1165,116.40232800000001,8.535721569019698
1166,116.50233,8.648355628722358
1167,116.602332,8.448929950180286
1168,116.70233400000001,8.63017947671543
1169,116.802336,8.34693009625115
1170,116.902338,8.768445581401853
1171,117.00233999999999,8.742754931955133
1172,117.10234200000001,8.433240980269602
1173,117.202344,8.56958890689897
1174,117.302346,8.667617774248662
1175,117.402348,8.362250699604362
1176,117.50235,8.66282564534222
1177,117.602352,8.828051320098377
1178,117.702354,8.716562629030523
1179,117.802356,8.676672581166537
1180,117.902358,8.68398199883964
1181,118.00236,8.447985050223746
1182,118.10236200000001,8.58430457783737
1183,118.202364,8.59250515773428
1184,118.302366,8.413163189839576
1185,118.402368,8.651913821495043
1186,118.50237,8.828229597402334
1187,118.602372,9.015742347163995
1188,118.70237399999999,8.822576665588697
1189,118.80237600000001,8.717596259381258
1190,118.902378,8.565479423439308
1191,119.00238,8.160636240574581
1192,119.10238199999999,8.413540142532828
1193,119.20238400000001,8.311863993203971
1194,119.302386,8.317084800499934
1195,119.402388,8.312919566733704
1196,119.50239,8.605617027605994
1197,119.60239200000001,8.134953320253047
1198,119.702394,8.515913732394065
1199,119.802396,8.249126366935359
1200,119.902398,8.49269046532655
1201,120.00240000000001,8.505045493392
1202,120.102402,8.233908915298032
1203,120.20240400000002,8.39774989314906
1204,120.302406,8.311599455525881
1205,120.402408,8.319671832517418
1206,120.50241,8.338074798916692
1207,120.602412,8.538676718332185
1208,120.702414,8.488701954614474
1209,120.802416,8.406660373347266
1210,120.90241800000001,8.517497372386638
1211,121.00242,8.320993843219938
1212,121.102422,8.386402808908345
1213,121.202424,8.50739617998673
1214,121.30242600000001,8.31341257161845
1215,121.402428,8.80151849400814
1216,121.50243,8.53965283629179
1217,121.60243200000001,8.91656878892836
1218,121.70243400000001,8.626977656539003
1219,121.802436,8.635400758576662
1220,121.902438,8.946414302890505
1221,122.00244,8.502462604747661
1222,122.102442,8.78870799356166
1223,122.202444,8.857780710639005
1224,122.302446,8.924354817347181
1225,122.402448,8.288583701437277
1226,122.50245,8.978693102917903
1227,122.602452,8.90294402483106
1228,122.702454,8.665030483693688
1229,122.802456,8.599826965639432
1230,122.902458,8.825441238258021
1231,123.00246000000001,8.563158265182782
1232,123.102462,8.396507631481555
1233,123.202464,8.457742665291896
1234,123.302466,8.356130154668566
1235,123.40246800000001,8.306727049033844
1236,123.50247,8.572275591599903
1237,123.602472,8.252232405829897
1238,123.702474,8.321131853075794
1239,123.80247600000001,7.955736139372693
1240,123.902478,8.66027061071989
1241,124.00247999999999,8.619301631399756
1242,124.10248200000001,8.957285212680384
1243,124.202484,8.931282246234924
1244,124.302486,8.63592824327548
1245,124.40248799999999,8.377756205647831
1246,124.50249000000001,8.524311159045112
1247,124.602492,8.57039302685957
1248,124.702494,8.851842621577735
1249,124.802496,8.922310517369002
1250,124.90249800000001,8.902314422542478
1251,125.0025,8.599348860565813
1252,125.102502,8.897616423627241
1253,125.202504,8.808219952023434
1254,125.30250600000001,8.779004180765359
1255,125.402508,8.528185984048344
1256,125.50251000000002,8.73516905006807
1257,125.602512,8.907598923351
1258,125.702514,8.986439860199733
1259,125.802516,8.884289103931804
1260,125.902518,8.794437148949246
1261,126.00252,9.062311815310371
1262,126.102522,8.533771870301207
1263,126.20252400000001,8.635055081860735
1264,126.302526,8.454250576453868
1265,126.402528,8.545031707936994
1266,126.50253,8.913004108038308
1267,126.60253200000001,8.572503492929304
1268,126.702534,8.683170330086977
1269,126.802536,8.585609027021649
1270,126.902538,8.860984600628417
1271,127.00254000000001,8.968456305668905
1272,127.102542,8.848570172809795
1273,127.202544,8.702871888588723
1274,127.302546,8.895860933894193
1275,127.40254800000001,8.893976040141542
1276,127.50255,9.137038573906441
1277,127.602552,8.620294287914971
1278,127.702554,8.63499245647489
1279,127.802556,8.843851154497107
1280,127.902558,8.896887830380939
1281,128.00256,8.763605091515027
1282,128.102562,8.75788034590771
1283,128.202564,8.655352407553389
1284,128.302566,8.81303474744067
1285,128.402568,8.626801024483678
1286,128.50257000000002,8.66596066818833
1287,128.602572,8.528110680846396
1288,128.702574,8.781347247500891
1289,128.802576,8.74817866835766
1290,128.902578,9.173988808439947
1291,129.00258,9.05433177483705
1292,129.102582,8.43419691317842
1293,129.202584,8.61946123834974
1294,129.302586,8.698171461564002
1295,129.402588,8.729919258983283
1296,129.50259,8.634133185108627
1297,129.60259200000002,8.413716015967037
1298,129.702594,8.233018137977616
1299,129.802596,8.52871584112143
1300,129.902598,8.804975833311238
1301,130.0026,8.751732937716396
1302,130.102602,8.658929425743803
1303,130.202604,8.43387296539524
1304,130.302606,8.54319748918318
1305,130.40260800000001,8.31452789522601
1306,130.50261,8.821912571388973
1307,130.60261200000002,8.937539717421794
1308,130.702614,8.840168965839707
1309,130.802616,9.02787727747556
1310,130.902618,9.312896622161439
1311,131.00262,9.179702921483207
1312,131.102622,9.132917861932382
1313,131.20262400000001,8.968893107648038
1314,131.30262599999998,9.014141451899244
1315,131.402628,8.973632428014177
1316,131.50263,9.276478783435328
1317,131.602632,8.983012019685615
1318,131.702634,8.415986025721722
1319,131.802636,8.70508526310515
1320,131.902638,8.742632131266438
1321,132.00264,8.662824398453742
1322,132.102642,8.532881039218154
1323,132.202644,8.412904065047508
1324,132.302646,8.59490629414846
1325,132.40264800000003,8.293185381184037
1326,132.50265,8.582539900530787
1327,132.602652,8.437418849309088
1328,132.702654,8.610327394247582
1329,132.802656,8.575486488403003
1330,132.902658,8.660022906370093
1331,133.00266,8.651671240508707
1332,133.102662,8.638478009487685
1333,133.202664,9.05801579565254
1334,133.302666,8.888103548871936
1335,133.402668,8.78509707876797
1336,133.50267000000002,8.508402041708374
1337,133.60267199999998,8.7468421290606
1338,133.702674,8.711654352974847
1339,133.80267600000002,8.631034882910924
1340,133.902678,8.712660466768561
1341,134.00268,8.648974576626106
1342,134.102682,8.686312535633167
1343,134.202684,8.533986804868476
1344,134.30268600000002,8.375282557108932
1345,134.40268799999998,8.680645535268301
1346,134.50269,8.774482845290022
1347,134.60269200000002,8.598207258988039
1348,134.70269399999998,8.362329656704379
1349,134.802696,8.423379317327006
1350,134.90269800000002,8.625872523718137
1351,135.0027,8.855119564481498
1352,135.102702,8.953382723357633
1353,135.202704,8.567029076194075
1354,135.302706,8.368585582653312
1355,135.40270800000002,8.433542711708215
1356,135.50270999999998,8.73183484975215
1357,135.602712,9.482992526077124
1358,135.70271400000001,8.975601661519498
1359,135.802716,9.061756972256605
1360,135.902718,9.605229095871419
1361,136.00272,9.491244751754072
1362,136.102722,9.410782942091924
1363,136.20272400000002,9.05707803000591
1364,136.302726,9.307459693191404
1365,136.402728,9.204700340890028
1366,136.50273,9.325006573691791
1367,136.602732,9.380350278295063
1368,136.702734,9.061924825781505
1369,136.802736,9.202315936651983
1370,136.902738,9.252451689929458
1371,137.00274,8.945710950515405
1372,137.102742,9.235854281778831
1373,137.202744,9.006066919560496
1374,137.302746,9.12522798657221
1375,137.402748,8.993302627923375
1376,137.50275,9.3417873445853
1377,137.602752,9.322830517937122
1378,137.70275400000003,9.473374597536578
1379,137.802756,9.353207190967847
1380,137.902758,8.972013542449723
1381,138.00276000000002,8.998612395974703
1382,138.102762,9.111121511602365
1383,138.202764,9.071696275229828
1384,138.302766,9.325225956643612
1385,138.402768,9.58573188256187
1386,138.50277,9.133754046144299
1387,138.602772,9.067850269166746
1388,138.702774,9.095520475767042
1389,138.80277600000002,9.43651255273881
1390,138.90277799999998,9.422016086692077
1391,139.00278,9.279336424680343
1392,139.10278200000002,9.406107977936257
1393,139.202784,9.640623343552923
1394,139.302786,9.5981684793363
1395,139.402788,9.542568442833295
1396,139.50279,9.512048226605106
1397,139.60279200000002,9.580237263867387
1398,139.70279399999998,9.612611625736223
1399,139.802796,9.517788890490104
1400,139.90279800000002,9.686353687790257
1401,140.0028,9.581587476801378
1402,140.102802,9.493385317603716
1403,140.20280400000001,9.592356967166472
1404,140.302806,9.545363788187789
1405,140.402808,9.52525398326376
1406,140.50281,9.542355989101386
1407,140.602812,8.765554916891569
1408,140.70281400000002,9.372132744069779
1409,140.80281599999998,9.21780516568217
1410,140.902818,9.058549332695591
1411,141.00282,9.584170185183991
1412,141.102822,9.1499480194437
1413,141.202824,9.688586534183065
1414,141.302826,9.313872765534809
1415,141.402828,9.421353973708605
1416,141.50283000000002,9.307606533654619
1417,141.602832,9.462475318594
1418,141.702834,9.437220736157812
1419,141.802836,9.404901920917137
1420,141.902838,9.037778881442929
1421,142.00284,9.062764728680271
1422,142.102842,9.678102188072296
1423,142.202844,9.57765693026181
1424,142.302846,9.343835870820184
1425,142.402848,9.386188566749043
1426,142.50285,9.65336169936178
1427,142.602852,9.569308285739918
1428,142.702854,9.57034305691868
1429,142.802856,9.680251096013734
1430,142.902858,9.137931096366449
1431,143.00286000000003,9.543994119340228
1432,143.102862,9.21513259352433
1433,143.202864,9.162294063645401
1434,143.30286600000002,9.464983315255362
1435,143.402868,9.28370483359441
1436,143.50287,8.786705246915364
1437,143.602872,8.761210765108752
1438,143.702874,8.410315491572867
1439,143.802876,9.102444798814062
1440,143.902878,8.807485551032709
1441,144.00288,8.889559614254784
1442,144.10288200000002,8.40723554604231
1443,144.20288399999998,9.044287561746756
1444,144.302886,8.501515960684488
1445,144.40288800000002,8.868696349294757
1446,144.50289,8.82758806569471
1447,144.602892,8.486376307376341
1448,144.702894,8.526492298130682
1449,144.802896,8.728668298802122
1450,144.90289800000002,8.763874314406301
1451,145.00289999999998,9.439537155583531
1452,145.102902,9.418834062327903
1453,145.20290400000002,9.616698870599715
1454,145.302906,9.501368138558432
1455,145.402908,9.24799340353561
1456,145.50291,8.92696569145024
1457,145.602912,9.13298623471765
1458,145.702914,9.54931504301504
1459,145.802916,9.593837136509322
1460,145.902918,9.533075276177454
1461,146.00292000000002,9.521398696104116
1462,146.10292199999998,9.531485197566766
1463,146.202924,9.372435698635869
1464,146.302926,9.475953371800674
1465,146.402928,9.359475050455679
1466,146.50293,9.485537430375656
1467,146.602932,9.506973882975913
1468,146.702934,9.289641053114144
1469,146.80293600000002,9.477299196857752
1470,146.902938,9.329588582358811
1471,147.00294,9.146652169517896
1472,147.102942,9.370054096118173
1473,147.202944,9.41599884779453
1474,147.302946,9.386636281468887
1475,147.402948,8.992011278856294
1476,147.50295,8.952987189136245
1477,147.602952,8.990754202133175
1478,147.702954,9.160131709094822
1479,147.802956,8.862381670551903
1480,147.902958,8.936619472732621
1481,148.00296,8.67702253064651
1482,148.102962,9.007709481880434
1483,148.202964,9.479013637098058
1484,148.30296600000003,9.63576945122618
1485,148.402968,9.479489008921353
1486,148.50297,9.579397447790202
1487,148.60297200000002,9.260324956753648
1488,148.702974,9.28463626180382
1489,148.802976,9.131357352747678
1490,148.902978,9.164122681444615
1491,149.00298,9.285390624515264
1492,149.102982,9.31836400778079
1493,149.202984,9.160136362162783
1494,149.302986,9.037000593028026
1495,149.40298800000002,9.26995375426494
1496,149.50298999999998,9.424545986575026
1497,149.602992,9.165361747487966
1498,149.70299400000002,9.509782310983846
1499,149.802996,8.998756855617309
1500,149.902998,8.778049778730429
1501,150.003,9.084495978509354
1502,150.103002,9.221276510039742
1503,150.20300400000002,9.436335972738572
1504,150.30300599999998,9.21763345046098
1505,150.403008,9.085089079267027
1506,150.50301000000002,8.931517272397956
1507,150.603012,9.048033693409582
1508,150.703014,9.019707745517866
1509,150.803016,9.059514957928522
1510,150.903018,9.019694591476881
1511,151.00302,8.910788231171088
1512,151.103022,9.290735296324833
1513,151.203024,8.78976368391478
1514,151.30302600000002,9.372094692306382
1515,151.40302799999998,9.50729891545891
1516,151.50303,8.902940299683753
1517,151.603032,9.222310227230196
1518,151.703034,9.07181919932555
1519,151.803036,8.97217194814653
1520,151.903038,8.937937828482726
1521,152.00304,9.17680666070547
1522,152.10304200000002,9.142313313781058
1523,152.203044,9.066115677141077
1524,152.303046,8.898780873447029
1525,152.403048,8.811903446534236
1526,152.50305000000003,9.079156588756167
1527,152.603052,8.754587966753158
1528,152.703054,8.984482914435612
1529,152.803056,8.859605613296825
1530,152.903058,8.785548029693336
1531,153.00306,8.522877421361384
1532,153.103062,8.655519648616677
1533,153.203064,8.647084958975086
1534,153.303066,8.951884241525464
1535,153.403068,8.831542718802707
1536,153.50307,8.7975812236809
1537,153.60307200000003,8.646755136855939
1538,153.703074,8.825821516781772
1539,153.803076,8.821419818919958
1540,153.90307800000002,8.93899131488384
1541,154.00308,8.973843163422643
1542,154.103082,8.558534906437174
1543,154.203084,8.564938104268768
1544,154.303086,8.711386483233776
1545,154.403088,8.690243970258933
1546,154.50309,9.172877039090737
1547,154.603092,8.935219852468341
1548,154.70309400000002,9.093363466484114
1549,154.80309599999998,8.833701769060792
1550,154.903098,8.976201343178973
1551,155.00310000000002,8.750566183079073
1552,155.103102,8.471739030496293
1553,155.203104,9.142587160239945
1554,155.303106,8.430565089387672
1555,155.403108,8.380069898296062
1556,155.50311000000002,8.988753949093665
1557,155.60311199999998,8.772702634492806
1558,155.703114,8.465680577244916
1559,155.80311600000002,8.691497951945358
1560,155.903118,8.791380477048518
1561,156.00312,8.90130413954263
1562,156.103122,8.341022015586468
1563,156.203124,8.239052121453499
1564,156.303126,8.349970145137682
1565,156.403128,8.615811676615541
1566,156.50313,8.71650218516992
1567,156.60313200000002,8.484823753302999
1568,156.70313399999998,8.331230109300666
1569,156.803136,8.38363745108278
1570,156.903138,8.247657840008566
1571,157.00314,8.206046411881985
1572,157.103142,8.389419995473977
1573,157.203144,8.239553217765163
1574,157.303146,8.565132633568748
1575,157.40314800000002,8.367819043865609
1576,157.50315,8.480943754801423
1577,157.603152,8.641979038444697
1578,157.703154,8.300386299704423
1579,157.80315600000003,8.57740366351556
1580,157.903158,8.887704335309355
1581,158.00316,8.030748650246773
1582,158.103162,8.733705101282887
1583,158.203164,8.812590986570168
1584,158.303166,8.527620423030113
1585,158.403168,9.0838128756728
1586,158.50317,8.962908284367007
1587,158.603172,9.01703317698694
1588,158.703174,8.935726067312546
1589,158.803176,9.168827053282326
1590,158.90317800000003,9.056990238039251
1591,159.00318,9.026564325047381
1592,159.103182,8.808680401492387
1593,159.20318400000002,9.002242565657944
1594,159.303186,9.044085726181745
1595,159.403188,8.76897995349548
1596,159.50319,8.71074071308849
1597,159.603192,8.993949055845881
1598,159.70319400000002,8.898627594352394
1599,159.80319599999999,8.865433363250649
1600,159.903198,9.305238747960106
1601,160.00320000000002,9.328734816111185
1602,160.10320199999998,8.949298461795149
1603,160.203204,8.916794244408996
1604,160.30320600000002,8.753775694927805
1605,160.403208,8.633111561537394
1606,160.50321,8.742485788886487
1607,160.603212,8.758154111161714
1608,160.703214,8.899999083070083
1609,160.80321600000002,8.779241581706152
1610,160.90321799999998,8.502771720920311
1611,161.00322,8.269665808801395
1612,161.10322200000002,8.636964679342569
1613,161.203224,8.541805294317774
1614,161.303226,8.803034380570345
1615,161.403228,8.66478127708939
1616,161.50323,8.50789072373364
1617,161.603232,8.923452759225281
1618,161.703234,9.136404333049763
1619,161.803236,9.042629598098271
1620,161.90323800000002,8.77883060412766
1621,162.00323999999998,8.758597376582024
1622,162.103242,8.328378993570212
1623,162.203244,8.356828535377666
1624,162.303246,8.230720171709478
1625,162.403248,8.407643209371189
1626,162.50325,8.311625755788764
1627,162.603252,8.211490814595914
1628,162.70325400000002,8.089043740759674
1629,162.803256,8.15969830229843
1630,162.903258,8.246080729284438
1631,163.00326,8.374227884221234
1632,163.10326200000003,8.312954618096077
1633,163.203264,8.211437888059836
1634,163.303266,8.276242468650677
1635,163.403268,7.9334948447653035
1636,163.50327,8.43858117790143
1637,163.603272,7.933385763731671
1638,163.703274,7.847651641308866
1639,163.803276,8.16017677873966
1640,163.903278,8.121579071796704
1641,164.00328,8.310630529745
1642,164.103282,8.048855107970114
1643,164.20328400000002,8.298879559200348
1644,164.30328599999999,8.53792744517596
1645,164.403288,8.507429706348802
1646,164.50329000000002,8.329693031928368
1647,164.603292,8.402658118782805
1648,164.703294,8.420299758705637
1649,164.803296,8.553335253680817
1650,164.903298,8.527694954017063
1651,165.00330000000002,8.46476119017901
1652,165.10330199999999,8.413325245346293
1653,165.203304,8.66948315091767
1654,165.30330600000002,8.394630144087094
1655,165.40330799999998,8.571045594530842
1656,165.50331,8.659760088896126
1657,165.60331200000002,8.764089405159966
1658,165.703314,8.756634268881031
1659,165.803316,8.876533309310922
1660,165.903318,8.993671851235742
1661,166.00332,9.052456987713871
1662,166.10332200000002,9.336808827216876
1663,166.20332399999998,9.052016816078025
1664,166.303326,9.0215900981394
1665,166.40332800000002,9.129507338707386
1666,166.50333,8.829936684341313
1667,166.603332,9.31850359013804
1668,166.703334,9.018817901015117
1669,166.803336,9.219937210200213
1670,166.90333800000002,9.098903169646007
1671,167.00334,9.10674322351663
1672,167.103342,9.047089593712524
1673,167.20334400000002,9.108589725942995
1674,167.30334599999998,9.178695603642398
1675,167.403348,9.066358419971975
1676,167.50335,9.235602795399975
1677,167.603352,8.922419804206264
1678,167.703354,8.958360907395363
1679,167.803356,8.994367863978937
1680,167.903358,9.221895562248568
1681,168.00336000000001,9.297360701176437
1682,168.103362,9.23877204877634
1683,168.203364,9.15067716068751
1684,168.303366,8.768562556696638
1685,168.40336800000003,9.15961955375844
1686,168.50337,9.044362428360397
1687,168.603372,9.099280662061396
1688,168.703374,9.460705917172184
1689,168.803376,9.16066745063795
1690,168.903378,9.11805130469297
1691,169.00338,9.02356619363354
1692,169.103382,9.090481605681875
1693,169.203384,8.96076660682361
1694,169.303386,9.116073179667278
1695,169.403388,9.013503329928072
1696,169.50339000000002,9.090514516340685
1697,169.60339199999999,9.370298968035172
1698,169.703394,9.157557895061437
1699,169.80339600000002,9.30063268697137
1700,169.903398,9.533371886511079
1701,170.0034,8.982988124760087
1702,170.103402,9.178194299863835
1703,170.203404,9.099000714192151
1704,170.30340600000002,8.76042987065106
1705,170.40340799999998,9.045205831647989
1706,170.50341,9.221655145331754
1707,170.60341200000002,8.860709609334132
1708,170.70341399999998,8.966141468744311
1709,170.803416,9.193455943500272
1710,170.90341800000002,9.160682465029648
1711,171.00342,8.973079344698531
1712,171.103422,8.610511830971186
1713,171.203424,9.047637720037354
1714,171.303426,9.102486189528925
1715,171.40342800000002,9.141546439294114
1716,171.50342999999998,9.03323131702281
1717,171.603432,9.042490810250134
1718,171.70343400000002,9.209305012932424
1719,171.803436,8.951945591337436
1720,171.903438,9.151456800942908
1721,172.00344,9.155269689670051
1722,172.103442,8.842135265052823
1723,172.20344400000002,8.94691012032607
1724,172.303446,8.825407429215495
1725,172.403448,9.123350418861152
1726,172.50345000000002,9.031960906849925
1727,172.603452,9.114265919266193
1728,172.703454,8.993979264611706
1729,172.803456,8.843082971660541
1730,172.903458,8.825821986714216
1731,173.00346,8.651840147590182
1732,173.103462,8.766883522742225
1733,173.203464,9.156528901861229
1734,173.30346600000001,9.08661300762414
1735,173.403468,9.13844381956645
1736,173.50347,8.966272974200125
1737,173.603472,9.183432997845395
1738,173.70347400000003,8.724943467623234
1739,173.803476,9.225060083169913
1740,173.903478,9.016374639951522
1741,174.00348000000002,9.078014539278595
1742,174.103482,8.707329024799462
1743,174.203484,8.813743690910819
1744,174.303486,8.967996610641423
1745,174.403488,8.423980770807482
1746,174.50349,8.77943840580418
1747,174.603492,8.944987618460676
1748,174.703494,9.015292148256998
1749,174.80349600000002,9.069593065526947
1750,174.90349799999998,9.121204850259973
1751,175.0035,9.199386206099895
1752,175.10350200000002,9.001550091566793
1753,175.203504,8.788182837235613
1754,175.303506,8.792261434296151
1755,175.403508,8.75038124252291
1756,175.50351,9.035443176550325
1757,175.60351200000002,8.980745729438345
1758,175.70351399999998,9.040077649062308
1759,175.803516,9.078711683373085
1760,175.90351800000002,8.908417637286052
1761,176.00351999999998,9.132057760773053
1762,176.103522,8.97535899853381
1763,176.20352400000002,8.981778980497744
1764,176.303526,8.813041599144025
1765,176.403528,8.933120868434322
1766,176.50353,8.925219816664494
1767,176.603532,8.832907734151744
1768,176.70353400000002,8.93600041473656
1769,176.80353599999998,8.965531032022854
1770,176.903538,9.040546400904077
1771,177.00354000000002,8.850459285690782
1772,177.103542,9.1159414756813
1773,177.203544,8.966671367390932
1774,177.303546,8.935480930295716
1775,177.403548,8.984179825224155
1776,177.50355000000002,8.558500539993224
1777,177.603552,8.753400473557791
1778,177.703554,8.67557151381412
1779,177.80355600000001,8.864306594470875
1780,177.903558,8.9569250903197
1781,178.00356,8.891647626932533
1782,178.103562,8.721205218324956
1783,178.203564,8.94558411746316
1784,178.303566,9.047541227929395
1785,178.403568,8.976848329040504
1786,178.50357,8.990777112032415
1787,178.603572,8.805846884978912
1788,178.703574,9.006970506606764
1789,178.803576,8.661657603996058
1790,178.903578,8.826465811823605
1791,179.00358000000003,8.827490839225398
1792,179.103582,8.84921711985556
1793,179.203584,8.796653400149502
1794,179.30358600000002,8.531004892238823
1795,179.403588,8.94609359352511
1796,179.50359,8.667777967371602
1797,179.603592,8.751421693732201
1798,179.703594,8.367098635923812
1799,179.803596,8.791180229577838
1800,179.903598,8.740825304046126
1801,180.0036,8.697365544645704
1802,180.10360200000002,8.883601757600477
1803,180.20360399999998,8.927363127402867
1804,180.303606,8.810139081252327
1805,180.40360800000002,9.020989298256524
1806,180.50361,9.13584039189359
1807,180.603612,9.065898905532123
1808,180.703614,8.932720323183307
1809,180.803616,9.084655150939376
1810,180.90361800000002,9.078706328047819
1811,181.00361999999998,9.150330550681394
1812,181.103622,9.19557262427012
1813,181.20362400000002,8.870159950119069
1814,181.30362599999998,8.970366645910445
1815,181.403628,8.767275418867035
1816,181.50363000000002,8.58602943047184
1817,181.603632,8.782362372411225
1818,181.703634,8.976090294851758
1819,181.803636,9.053868162676839
1820,181.903638,9.113830505602367
1821,182.00364000000002,8.980671677314604
1822,182.10364199999998,9.037326322365786
1823,182.203644,9.265525713793426
1824,182.30364600000001,9.048720801475794
1825,182.403648,8.989182683084723
1826,182.50365,8.582734270164279
1827,182.603652,8.74896319633163
1828,182.703654,9.06321806265742
1829,182.80365600000002,8.720473401244623
1830,182.903658,8.891262732461115
1831,183.00366,9.053568919318561
1832,183.103662,8.968569273447422
1833,183.203664,8.934451152316912
1834,183.303666,8.91464589585643
1835,183.403668,8.838514887156366
1836,183.50367,8.981964580197497
1837,183.603672,8.920491350576928
1838,183.703674,8.981529956004982
1839,183.803676,9.119113375860787
1840,183.903678,9.017697286094327
1841,184.00368,8.906343872620816
1842,184.103682,8.850317025437988
1843,184.203684,8.913303713608341
1844,184.30368600000003,9.12096028313001
1845,184.403688,9.026356174653218
1846,184.50369,8.779624994355148
1847,184.60369200000002,9.061953659456753
1848,184.703694,8.781397442126359
1849,184.803696,8.992437425941779
1850,184.903698,8.874559450027133
1851,185.0037,8.920845046101762
1852,185.103702,8.601094026583
1853,185.203704,8.671496896588469
1854,185.303706,8.650101038364781
1855,185.40370800000002,8.847885543298277
1856,185.50370999999998,8.441754612602503
1857,185.603712,8.98495483578479
1858,185.70371400000002,8.879147441187715
1859,185.803716,9.154656902569057
1860,185.903718,8.794788240250863
1861,186.00372,8.889968368491191
1862,186.103722,9.08857491014864
1863,186.20372400000002,8.936450232901086
1864,186.30372599999998,9.000039995766475
1865,186.403728,9.011536219289212
1866,186.50373000000002,9.10970281960108
1867,186.603732,9.197434979006282
1868,186.703734,9.151149372168065
1869,186.80373600000001,8.896675938204124
1870,186.903738,8.840489965132662
1871,187.00374,8.89674688146812
1872,187.103742,9.068780545944032
1873,187.203744,8.927488280374792
1874,187.30374600000002,8.774015249421987
1875,187.40374799999998,9.071156116997717
1876,187.50375,8.992281333727364
1877,187.60375200000001,9.1260812822245
1878,187.703754,8.573499627584905
1879,187.803756,9.18643580556168
1880,187.903758,9.02602282897987
1881,188.00376,8.814846796539346
1882,188.10376200000002,8.921865436363543
1883,188.203764,8.842682190689345
1884,188.303766,8.948776875534245
1885,188.403768,8.98356495875884
1886,188.50377,8.834202763389872
1887,188.603772,8.910057073242974
1888,188.703774,9.100302895679174
1889,188.803776,8.809291887749536
1890,188.903778,8.854715227284093
1891,189.00378,9.085325174211725
1892,189.103782,9.082545743305127
1893,189.203784,8.980750344500075
1894,189.303786,8.967813347142542
1895,189.403788,9.02043249210794
1896,189.50379,8.993016298542958
1897,189.60379200000003,9.310134073402818
1898,189.703794,9.01142702309677
1899,189.803796,9.242275914115188
1900,189.90379800000002,9.032596158157833
1901,190.0038,9.071124482491475
1902,190.103802,9.303961150473695
1903,190.203804,9.40819825688216
1904,190.303806,9.326116917916277
1905,190.403808,9.241091250640485
1906,190.50381,9.225955155118507
1907,190.603812,9.138884160049706
1908,190.70381400000002,9.285391822844012
1909,190.80381599999998,9.079157105905201
1910,190.903818,9.374598002654137
1911,191.00382000000002,9.211584570039435
1912,191.103822,9.266245612943193
1913,191.203824,9.258488857017001
1914,191.30382600000002,9.206549410281132
1915,191.403828,9.107558252031911
1916,191.50383000000002,8.907874568780002
1917,191.60383199999998,9.169214316761218
1918,191.703834,9.014763069109854
1919,191.80383600000002,9.050706352683015
1920,191.903838,9.12076383989406
1921,192.00384,8.883464099397106
1922,192.10384200000001,9.060624087036894
1923,192.203844,9.020629998748836
1924,192.303846,9.21825315065071
1925,192.403848,9.027551491539661
1926,192.50385,9.37680786158349
1927,192.60385200000002,8.96283893991642
1928,192.70385399999998,9.234927696159831
1929,192.803856,9.031625094346497
1930,192.903858,8.838166170321125
1931,193.00386,9.168727778098495
1932,193.103862,9.149142437461043
1933,193.203864,9.319475386403944
1934,193.303866,9.287351453151617
1935,193.40386800000002,9.326062653522817
1936,193.50387,9.191010218175888
1937,193.603872,9.106402008299417
1938,193.703874,9.278451360716087
1939,193.80387600000003,9.092116277199917
1940,193.903878,9.171985127148961
1941,194.00388,8.888392905770868
1942,194.103882,8.91349255708613
1943,194.203884,9.059077382686025
1944,194.303886,8.917154303699018
1945,194.403888,9.080025123563594
1946,194.50389,8.898934671714754
1947,194.603892,9.387537439266506
1948,194.703894,9.375115072037964
1949,194.803896,9.30273170923548
1950,194.90389800000003,9.119155606148912
1951,195.0039,9.264787335062044
1952,195.103902,9.399101688234527
1953,195.20390400000002,9.31101768420013
1954,195.303906,9.454488582884
1955,195.403908,9.215372113813164
1956,195.50391,8.942750205343472
1957,195.603912,8.985150243619742
1958,195.703914,9.019427411249572
1959,195.803916,9.089350518269327
1960,195.903918,8.867628945089903
1961,196.00392000000002,8.64021048901854
1962,196.10392199999998,8.661320584204002
1963,196.203924,9.054308772537034
1964,196.30392600000002,8.948844295302719
1965,196.403928,9.091745839109292
1966,196.50393,8.820575101043529
1967,196.60393200000001,9.057155185055954
1968,196.703934,9.202918637707088
1969,196.80393600000002,8.84205405672135
1970,196.90393799999998,9.34588380084459
1971,197.00394,9.162276371320532
1972,197.10394200000002,8.82378221409889
1973,197.203944,8.946682683699287
1974,197.303946,9.04417517679944
1975,197.403948,9.076718478526772
1976,197.50395,9.018088968536942
1977,197.603952,8.974114800787236
1978,197.703954,8.992321475555807
1979,197.803956,8.870570181894994
1980,197.90395800000002,9.041986623497785
1981,198.00395999999998,9.120948761770006
1982,198.103962,8.982912900075961
1983,198.203964,9.113803406344728
1984,198.303966,9.228489387919845
1985,198.403968,8.763404451125805
1986,198.50397,8.63749394632311
1987,198.603972,8.792571469251826
1988,198.70397400000002,8.618949584467359
1989,198.803976,9.016136878004975
1990,198.903978,8.752412796734973
1991,199.00398,9.078398133553097
1992,199.10398200000003,8.895516995996536
1993,199.203984,8.979789209877083
1994,199.303986,8.776914785665085
1995,199.403988,8.871942502684321
1996,199.50399,8.816026455034697
1997,199.603992,8.761975442493267
1998,199.703994,8.785446744663114
1999,199.803996,8.545966335793937
2000,199.903998,8.69745701817704
2001,200.004,8.645060815289646
2002,200.104002,8.771305568107266
2003,200.20400400000003,8.857637723959344
2004,200.304006,8.846106697083497
2005,200.404008,8.761400192821073
2006,200.50401000000002,8.884549501998743
2007,200.604012,8.511704710942809
2008,200.704014,8.977222708764625
2009,200.804016,9.022622140057402
2010,200.904018,8.931026145223502
2011,201.00402000000003,9.033559044839832
2012,201.104022,8.817565943486397
2013,201.204024,8.995822796279201
2014,201.30402600000002,8.771251717787829
2015,201.40402799999998,8.900906730857159
2016,201.50403,9.054573289514718
2017,201.60403200000002,9.102897952794223
2018,201.704034,8.938096896368778
2019,201.804036,8.955403275589862
2020,201.904038,8.937639985276308
2021,202.00404,8.69185311704761
2022,202.10404200000002,8.785731069774078
2023,202.20404399999998,8.717864855393989
2024,202.304046,9.060773855884774
2025,202.40404800000002,9.131109845705103
2026,202.50405,8.790661539780956
2027,202.604052,8.883402267415594
2028,202.704054,8.732939250178015
2029,202.804056,8.990349744382208
2030,202.904058,9.15897720748713
2031,203.00406,9.201793738460882
2032,203.104062,9.004782166180311
2033,203.20406400000002,8.993956208303853
2034,203.30406599999998,9.001820535725477
2035,203.404068,9.05689663742643
2036,203.50407,9.062748163840997
2037,203.604072,8.92327598464176
2038,203.704074,8.919580749003014
2039,203.804076,9.003267149597903
2040,203.904078,8.897124923568233
2041,204.00408000000002,9.257093554465246
2042,204.104082,9.214288570756105
2043,204.204084,9.311567086146605
2044,204.304086,9.180971800280703
2045,204.40408800000003,9.155697792699293
2046,204.50409,8.964377143204926
2047,204.604092,9.072350800557311
2048,204.704094,8.761186350370151
2049,204.804096,8.941583992420757
2050,204.904098,9.28413283510502
2051,205.0041,9.30187398203591
2052,205.104102,9.241976446827836
2053,205.204104,8.895757273958255
2054,205.304106,8.715805687355646
2055,205.404108,8.840017831628105
2056,205.50411000000003,9.043464010794713
2057,205.604112,8.87471017756696
2058,205.704114,8.934792661574443
2059,205.80411600000002,9.017472211710077
2060,205.904118,9.178031192663207
2061,206.00412,9.202969672520188
2062,206.104122,8.519057564773178
2063,206.204124,8.692149196908488
2064,206.30412600000002,8.958078319240967
2065,206.404128,8.81538440414738
2066,206.50413,8.721587084531544
2067,206.60413200000002,8.819416314721353
2068,206.70413399999998,8.862250392044317
2069,206.804136,8.90886021222831
2070,206.90413800000002,8.702678021216014
2071,207.00414,8.767237646245995
2072,207.104142,8.77146860627562
2073,207.204144,8.756649531503848
2074,207.304146,8.799603345563453
2075,207.40414800000002,8.91597127456783
2076,207.50414999999998,8.885393733843486
2077,207.604152,8.947057322414885
2078,207.70415400000002,8.955100666764901
2079,207.804156,9.067465288307933
2080,207.904158,9.139903003585154
2081,208.00416,8.901211192758549
2082,208.104162,9.007936239794365
2083,208.20416400000002,9.004317767611122
2084,208.304166,9.008129356898099
2085,208.404168,9.187868378336168
2086,208.50417000000002,9.015115430524775
2087,208.604172,9.40128936601229
2088,208.704174,9.024839520903821
2089,208.804176,8.99383051467797
2090,208.904178,8.931973600464156
2091,209.00418,9.283559560445678
2092,209.104182,9.205541784378097
2093,209.204184,9.245211140817387
2094,209.30418600000002,9.084096536961535
2095,209.404188,9.263535205871586
2096,209.50419,9.069564902129121
2097,209.604192,9.195795676538069
2098,209.70419400000003,8.923178910865202
2099,209.804196,9.005807718556225
2100,209.904198,8.870493721240894
2101,210.00420000000003,8.97927979915482
2102,210.104202,8.610669023797094
2103,210.204204,8.758981798399216
2104,210.304206,8.908697696968247
2105,210.404208,8.744730469223754
2106,210.50421,8.764222949279901
2107,210.604212,8.786317474924726
2108,210.704214,9.018824564654762
2109,210.80421600000003,8.797883736360545
2110,210.904218,8.631954655986302
2111,211.00422,8.770896140993436
2112,211.10422200000002,8.120259783951619
2113,211.204224,8.28871207996492
2114,211.304226,8.250933953697691
2115,211.404228,8.08130279184637
2116,211.50423,7.894378153937972
2117,211.60423200000002,8.227313057535564
2118,211.70423399999999,8.235149321439849
2119,211.804236,8.032562855105391
2120,211.90423800000002,8.098317598782211
2121,212.00423999999998,8.380146749654255
2122,212.104242,8.450570794276855
2123,212.20424400000002,8.196386598540023
2124,212.304246,8.247757488531176
2125,212.404248,7.994100671343157
2126,212.50425,8.238632329543554
2127,212.604252,7.971968929749031
2128,212.70425400000002,8.276229272585466
2129,212.80425599999998,8.125346272598286
2130,212.904258,7.971961915033346
2131,213.00426000000002,8.196458472816367
2132,213.104262,8.319557410498494
2133,213.204264,8.014998783515889
2134,213.304266,8.217919708054598
2135,213.404268,8.144757679166252
2136,213.50427000000002,8.166329030767896
2137,213.604272,8.03104992436983
2138,213.704274,8.063795615755353
2139,213.80427600000002,8.162888996894763
2140,213.904278,8.110646862999856
2141,214.00428,8.046391507864257
2142,214.104282,7.871937957211972
2143,214.204284,7.778757697971952
2144,214.304286,7.857009434789922
2145,214.404288,8.050463042025168
2146,214.50429,8.384824484734208
2147,214.60429200000002,8.026636054318038
2148,214.704294,7.968090538746625
2149,214.804296,8.041668824060077
2150,214.904298,7.948482937773103
2151,215.00430000000003,8.037830366121556
2152,215.104302,8.408999957083125
2153,215.204304,8.110920773951477
2154,215.30430600000003,7.671034793127935
2155,215.404308,8.058426348330954
2156,215.50431,8.105429964130174
2157,215.604312,8.204370285061335
2158,215.704314,8.141209632454729
2159,215.804316,8.169919473225944
2160,215.904318,8.164403233943753
2161,216.00432,8.234368231677825
2162,216.10432200000002,7.976014675762243
2163,216.20432399999999,8.006150154502203
2164,216.304326,8.126723498806678
2165,216.40432800000002,7.840982702147157
2166,216.50433,8.218184369144003
2167,216.604332,7.9993026411577155
2168,216.704334,7.78077819623077
2169,216.804336,8.026566967048261
2170,216.90433800000002,8.00601016370447
2171,217.00433999999998,8.27004419250384
2172,217.104342,8.263979112358843
2173,217.20434400000002,8.11799161896923
2174,217.30434599999998,8.099076250978904
2175,217.404348,8.17579550422371
2176,217.50435000000002,8.166780809002574
2177,217.604352,8.053721954027477
2178,217.704354,7.931482432454471
2179,217.804356,7.819211926918452
2180,217.904358,7.922415310861828
2181,218.00436000000002,7.80782487364489
2182,218.10436199999998,7.930474154598663
2183,218.204364,8.04672744600832
2184,218.30436600000002,7.880311681235593
2185,218.404368,8.13496365232544
2186,218.50437,8.049642259691938
2187,218.604372,8.09287685578198
2188,218.704374,8.160260680485939
2189,218.80437600000002,8.126098238458853
2190,218.904378,8.150333554556509
2191,219.00438,7.96979925480682
2192,219.10438200000002,7.958923424348586
2193,219.204384,7.965795946566907
2194,219.304386,7.862260809000133
2195,219.404388,8.14109051329131
2196,219.50439,8.324660466720484
2197,219.604392,8.322250984660435
2198,219.704394,8.228749038639378
2199,219.804396,8.55124568371287
2200,219.90439800000001,8.479325998430486
2201,220.0044,8.111409078695273
2202,220.104402,8.289878112052842
2203,220.204404,8.197581158598881
2204,220.30440600000003,8.403854704786761
2205,220.404408,8.238961478171891
2206,220.50441,8.098653674263325
2207,220.60441200000002,8.262512800132862
2208,220.704414,8.074779181869232
2209,220.804416,7.823608420538452
2210,220.904418,8.25923936968019
2211,221.00442,7.841814412475452
2212,221.104422,8.020116799777956
2213,221.204424,8.026514753173297
2214,221.304426,8.070802532762785
2215,221.40442800000002,7.785890146498913
2216,221.50442999999999,8.05750346877083
2217,221.604432,8.14233242797815
2218,221.70443400000002,7.888274225983355
2219,221.804436,7.960783157026531
2220,221.904438,8.074918829299401
2221,222.00444,8.064151434991203
2222,222.104442,8.022675351847516
2223,222.20444400000002,8.076429391910457
2224,222.30444599999998,8.314705646053202
2225,222.404448,8.079031671408288
2226,222.50445000000002,8.234499547995977
2227,222.60445199999998,8.187469504928217
2228,222.704454,8.21923483470318
2229,222.80445600000002,8.363015427319853
2230,222.904458,8.010254560817117
2231,223.00446,7.963978156107197
2232,223.104462,8.260808481083874
2233,223.204464,8.48053228147129
2234,223.30446600000002,8.324805140149241
2235,223.40446799999998,8.227704965668556
2236,223.50447,8.249029794894634
2237,223.60447200000002,8.24951995921274
2238,223.704474,8.341366738004895
2239,223.804476,8.224320707788094
2240,223.904478,8.342915223423343
2241,224.00448,8.229985866948251
2242,224.10448200000002,8.423081365242378
2243,224.204484,8.49976125788991
2244,224.304486,8.408093775248565
2245,224.40448800000001,8.573727891305095
2246,224.50449,8.749400773274399
2247,224.604492,8.564128540263049
2248,224.704494,8.50631188571508
2249,224.804496,8.477672593760953
2250,224.904498,8.572708632584897
2251,225.0045,8.356142173761285
2252,225.104502,8.35293124537785
2253,225.20450400000001,8.671250906291398
2254,225.304506,7.9916890835077155
2255,225.404508,8.663405205375483
2256,225.50451,8.838464316110093
2257,225.60451200000003,8.716427708897625
2258,225.704514,8.484343371622733
2259,225.804516,8.428455143946017
2260,225.90451800000002,8.799343610071302
2261,226.00452,8.756081334894805
2262,226.104522,8.68028286737395
2263,226.204524,8.867381683095717
2264,226.304526,8.77778811886435
2265,226.404528,8.908124453081
2266,226.50453,8.684880545261889
2267,226.604532,8.740313854342048
2268,226.70453400000002,8.761366738574146
2269,226.80453599999998,8.755786609380522
2270,226.904538,8.68716264209622
2271,227.00454000000002,8.78762145520765
2272,227.104542,8.834902214128318
2273,227.204544,8.772976130120586
2274,227.30454600000002,8.83212438420416
2275,227.404548,8.79553461054016
2276,227.50455000000002,8.721546531663943
2277,227.60455199999998,8.839891765494986
2278,227.704554,8.928705665656208
2279,227.80455600000002,8.918703859267332
2280,227.904558,8.902277223366928
2281,228.00456,9.005279432438698
2282,228.10456200000002,8.78201804783432
2283,228.204564,8.482610403291645
2284,228.304566,8.798484950436034
2285,228.404568,8.766642948406238
2286,228.50457,8.631635816284513
2287,228.60457200000002,8.787968691770422
2288,228.70457399999998,8.742199961989645
2289,228.804576,9.035406857728622
2290,228.90457800000001,8.876090763886053
2291,229.00458,8.750203671525355
2292,229.104582,8.8000810833179
2293,229.204584,9.41125883211916
2294,229.304586,9.216335232997363
2295,229.40458800000002,8.995900904308055
2296,229.50459,9.08090659511522
2297,229.604592,8.780661786754932
2298,229.70459400000001,8.624729629130345
2299,229.804596,8.979668342275895
2300,229.904598,8.599842831979936
2301,230.0046,8.886957754826474
2302,230.104602,9.23805474552363
2303,230.204604,8.935791662531873
2304,230.304606,9.059550331157174
2305,230.404608,8.973741471630925
2306,230.50461,8.914046734612617
2307,230.604612,9.117683494552006
2308,230.704614,8.760328646161796
2309,230.804616,8.953843520240808
2310,230.90461800000003,8.705162579200538
2311,231.00462,8.91070544688399
2312,231.104622,8.437754396412062
2313,231.20462400000002,8.69023847330373
2314,231.304626,8.588647641729867
2315,231.404628,8.819562355388584
2316,231.50463,8.585917796990723
2317,231.604632,8.419781077090535
2318,231.704634,8.547787225300539
2319,231.804636,8.57593555289451
2320,231.904638,8.378871871125403
2321,232.00464000000002,8.301910316589158
2322,232.10464199999998,8.282074648343675
2323,232.204644,8.506382038563892
2324,232.30464600000002,8.786005959907635
2325,232.404648,9.261506884278631
2326,232.50465,8.665480847712065
2327,232.60465200000002,9.337905525685391
2328,232.704654,9.05640323264265
2329,232.80465600000002,8.809911565655282
2330,232.90465799999998,8.894272937612449
2331,233.00466,8.939718901946089
2332,233.10466200000002,8.884609695579433
2333,233.204664,8.456564371263283
2334,233.304666,8.85572043432308
2335,233.40466800000002,8.69562728404876
2336,233.50467,8.64054810039621
2337,233.604672,8.589773900607385
2338,233.704674,8.852658272918879
2339,233.804676,8.823255795311155
2340,233.90467800000002,8.884690255119613
2341,234.00467999999998,9.119326315256526
2342,234.104682,9.185615845838267
2343,234.20468400000001,9.07114555354583
2344,234.304686,8.845839977217024
2345,234.404688,9.103273882756666
2346,234.50469,8.99433726461737
2347,234.604692,9.001886936269045
2348,234.70469400000002,9.276519843087547
2349,234.804696,9.194254375331015
2350,234.904698,9.060745549954609
2351,235.0047,9.282192155938834
2352,235.10470200000003,9.402448794528697
2353,235.204704,9.20951337919536
2354,235.304706,8.738692893550327
2355,235.404708,9.05036594561872
2356,235.50471,8.84694599176675
2357,235.604712,8.928875455258606
2358,235.704714,9.215334608008337
2359,235.804716,8.727315659023406
2360,235.904718,9.267981409394615
2361,236.00472,9.22860636249714
2362,236.104722,9.337895261269521
2363,236.20472400000003,9.063596902005967
2364,236.304726,8.899307615887992
2365,236.404728,9.104565179973386
2366,236.50473000000002,9.085524061401257
2367,236.604732,9.085345142503066
2368,236.704734,9.33241937241216
2369,236.804736,9.336244768701267
2370,236.904738,9.35627387787835
2371,237.00474,9.032146365500115
2372,237.104742,9.075251621492098
2373,237.204744,9.430600356162566
2374,237.30474600000002,9.34242636690042
2375,237.40474799999998,9.34702917523907
2376,237.50475,9.31019210781066
2377,237.60475200000002,9.094770826998118
2378,237.704754,9.217677390637874
2379,237.804756,8.847690154048106
2380,237.90475800000002,8.924360883385232
2381,238.00476,8.98054474213215
2382,238.10476200000002,9.184143842069666
2383,238.20476399999998,9.458110790034437
2384,238.304766,9.196827476002746
2385,238.40476800000002,8.837281818776995
2386,238.50477,9.368312360472675
2387,238.604772,9.223448531424992
2388,238.70477400000001,8.987423117566754
2389,238.804776,9.208241265057794
2390,238.904778,9.241088569795565
2391,239.00478,9.33613629890117
2392,239.104782,9.170108695581666
2393,239.20478400000002,9.217475980768844
2394,239.30478599999998,9.223062857142514
2395,239.404788,9.240746625855904
2396,239.50479,9.171520044108817
2397,239.604792,9.338425257161504
2398,239.704794,9.119428481830804
2399,239.804796,9.335346546812675
2400,239.904798,9.145227893220698
2401,240.00480000000002,9.129651780024263
2402,240.104802,9.170742032391088
2403,240.204804,8.794035137155552
2404,240.304806,9.378090021770223
2405,240.40480800000003,9.265710716525943
2406,240.50481,9.397275397178408
2407,240.604812,9.02750503478012
2408,240.704814,9.243738759609654
2409,240.804816,8.968577729364695
2410,240.904818,9.367215145570606
2411,241.00482,9.39738722184885
2412,241.104822,9.313930300794668
2413,241.204824,9.055936138567072
2414,241.304826,9.546841518066643
2415,241.404828,9.330690783421876
2416,241.50483000000003,9.388302153967743
2417,241.604832,9.079054661272728
2418,241.704834,9.223988208318113
2419,241.80483600000002,9.002419236658143
2420,241.904838,9.129772809675115
2421,242.00484,9.445021539123493
2422,242.104842,9.317684313965914
2423,242.204844,9.161641491024723
2424,242.30484600000003,9.388694116721576
2425,242.404848,9.335493473974227
2426,242.50485,9.250441724860956
2427,242.60485200000002,9.155908146236504
2428,242.70485399999998,9.169222399983967
2429,242.804856,9.237973660258637
2430,242.90485800000002,9.12121561476987
2431,243.00486,9.125573067236367
2432,243.104862,8.978818000758293
2433,243.20486400000001,8.344151296177444
2434,243.304866,8.861471135190904
2435,243.40486800000002,8.86465847554668
2436,243.50486999999998,9.064377796207463
2437,243.604872,9.388447954142116
2438,243.70487400000002,9.093696559568514
2439,243.804876,9.180558410308041
2440,243.904878,9.158795345792614
2441,244.00488,9.129070910273018
2442,244.104882,9.117091761740355
2443,244.204884,9.06960057370794
2444,244.304886,9.059714402670181
2445,244.404888,9.266311060766338
2446,244.50489000000002,9.205421957854519
2447,244.604892,9.306971577597192
2448,244.704894,9.277476504192785
2449,244.804896,9.24269513543012
2450,244.904898,9.04904437829378
2451,245.0049,9.248863677400477
2452,245.104902,8.865054086057485
2453,245.204904,9.133712319976322
2454,245.30490600000002,9.210706033138957
2455,245.404908,9.12309576120315
2456,245.50491,9.182561629513037
2457,245.604912,9.176774540772694
2458,245.70491400000003,9.12508788768039
2459,245.804916,9.101159131934727
2460,245.904918,9.132776489413006
2461,246.00492000000003,9.218909120961236
2462,246.104922,9.137922566516448
2463,246.204924,8.996374575444435
2464,246.304926,9.0767509559722
2465,246.404928,9.062371142523888
2466,246.50493,9.168978629958865
2467,246.604932,9.366121836758413
2468,246.704934,9.220042524089571
2469,246.80493600000003,9.346304080535674
2470,246.904938,9.295827697969779
2471,247.00494,9.171749784448583
2472,247.10494200000002,9.05798407964702
2473,247.204944,8.863432522966296
2474,247.304946,9.343316528494341
2475,247.404948,9.251569369952229
2476,247.50495,9.107155175835363
2477,247.60495200000003,9.271947180939197
2478,247.704954,9.051671557176968
2479,247.804956,8.923617875569295
2480,247.90495800000002,8.988275785655189
2481,248.00495999999998,9.246991967424552
2482,248.104962,9.336906773949332
2483,248.20496400000002,9.34852440048848
2484,248.304966,9.178490737585681
2485,248.404968,8.97036985981663
2486,248.50497000000001,8.752537867991988
2487,248.604972,8.869545084925624
2488,248.70497400000002,9.240870255686374
2489,248.80497599999998,8.9981749632957
2490,248.904978,8.740529723236989
2491,249.00498000000002,9.008304648166575
2492,249.104982,9.062715601670481
2493,249.204984,9.156384830762562
2494,249.304986,9.179222716653108
2495,249.404988,9.061707138124818
2496,249.50499,9.10917394085192
2497,249.604992,9.234744395696346
2498,249.704994,9.410479905467964
2499,249.80499600000002,9.210107568054472
2500,249.904998,9.331502467225798
2501,250.005,9.19516292183512
2502,250.105002,9.077649065899804
2503,250.205004,9.032254998268366
2504,250.305006,9.230572974232265
2505,250.405008,9.382851664407637
2506,250.50501,8.985882137613912
2507,250.60501200000002,9.153780968018008
2508,250.705014,8.995605319146273
2509,250.805016,8.946079554914569
2510,250.905018,8.886155118804028
2511,251.00502000000003,9.034110388691484
2512,251.105022,9.258451318476482
2513,251.205024,9.153678915431776
2514,251.30502600000003,9.086097949186977
2515,251.405028,9.126131499943996
2516,251.50503,8.774958491178042
2517,251.605032,9.053745033369172
2518,251.705034,9.409248885920839
2519,251.805036,9.21894426440187
2520,251.905038,9.10115433754943
2521,252.00504,9.05184511970228
2522,252.10504200000003,9.216025619566238
2523,252.205044,8.9702069522169
2524,252.305046,9.161701935110825
2525,252.40504800000002,9.26448442608547
2526,252.50505,9.267365219486194
2527,252.605052,9.445509006527521
2528,252.705054,9.231393169710325
2529,252.805056,9.451976060560959
2530,252.90505800000003,9.17415151437879
2531,253.00506,8.88448487174742
2532,253.105062,9.267425045380909
2533,253.20506400000002,9.281667032891354
2534,253.30506599999998,9.115106624025602
2535,253.405068,9.18358329746013
2536,253.50507000000002,9.077602685308356
2537,253.605072,9.243773547816756
2538,253.705074,9.272966724938906
2539,253.805076,9.074572711523828
2540,253.905078,9.168624864779595
2541,254.00508000000002,8.907652383688582
2542,254.10508199999998,9.20610631771031
2543,254.205084,8.941177837594125
2544,254.30508600000002,9.345891193316527
2545,254.405088,9.111615206799646
2546,254.50509,9.116347880723016
2547,254.605092,9.002342500086137
2548,254.705094,9.238845468605913
2549,254.80509600000002,9.297366867780939
2550,254.905098,9.23662717355982
2551,255.0051,9.019926157432161
2552,255.10510200000002,9.237229204525828
2553,255.205104,9.366977045534322
2554,255.305106,9.497373816561735
2555,255.405108,9.39898318461387
2556,255.50511,9.13369293941305
2557,255.605112,9.342957613256075
2558,255.705114,9.277060452654085
2559,255.805116,9.27230764736333
2560,255.90511800000002,9.125304873473263
2561,256.00512,9.240594421559022
2562,256.105122,8.847955141676954
2563,256.205124,8.701066906568137
2564,256.30512600000003,9.304256667064088
2565,256.405128,9.221676518315464
2566,256.50513,9.31734155894323
2567,256.605132,9.4813474635636
2568,256.705134,9.022094606862474
2569,256.805136,9.180413813476745
2570,256.905138,9.400216191115895
2571,257.00514000000004,9.407836031082574
2572,257.105142,9.449393958826061
2573,257.205144,9.328112904646687
2574,257.30514600000004,9.364178961027788
2575,257.405148,9.45869511988774
2576,257.50515,9.383502334791947
2577,257.605152,9.326086047962022
2578,257.705154,9.41056044675121
2579,257.805156,9.259811592402242
2580,257.905158,9.30659246479251
2581,258.00516,9.35322262167352
2582,258.105162,9.21545562077966
2583,258.205164,9.188563561587692
2584,258.305166,9.21595549507285
2585,258.405168,9.38695577015162
2586,258.50517,9.242099935523427
2587,258.605172,9.31745457085974
2588,258.705174,9.170421088987654
2589,258.805176,9.405473220068108
2590,258.90517800000003,9.444239796245393
2591,259.00518,9.520898879527927
2592,259.105182,9.116292073627537
2593,259.20518400000003,9.418612320213489
2594,259.305186,9.028748611730416
2595,259.405188,9.294463428570081
2596,259.50519,9.337250237693322
2597,259.605192,9.447425716681717
2598,259.705194,9.089564596333485
2599,259.805196,9.103296615087288
2600,259.905198,9.218550746880856
2601,260.0052,9.205339880132922
2602,260.105202,9.29266423519936
2603,260.205204,9.456147065040554
2604,260.305206,9.014783014816654
2605,260.405208,9.483310748717155
2606,260.50521,9.226330862201428
2607,260.605212,9.34092214219564
2608,260.705214,9.09839420889703
2609,260.80521600000003,9.14900186704701
2610,260.905218,8.7345328232092
2611,261.00522,9.191785190938583
2612,261.105222,9.193171362278967
2613,261.20522400000004,8.669554603817913
2614,261.305226,8.878932519965629
2615,261.405228,9.154158606049938
2616,261.50523,9.186410596597891
2617,261.605232,9.010440476596285
2618,261.705234,9.09845736155121
2619,261.805236,9.174710981109882
2620,261.905238,9.094855447124118
2621,262.00524,9.073352352438876
2622,262.105242,9.093220112597873
2623,262.205244,9.277139270054535
2624,262.305246,9.068139493359167
2625,262.40524800000003,9.265194055317686
2626,262.50525,9.358540023485306
2627,262.60525199999995,9.212637469440125
2628,262.705254,9.137982698521698
2629,262.805256,9.041406491066356
2630,262.905258,9.359495505839146
2631,263.00526,8.985684622989398
2632,263.105262,9.361379669848498
2633,263.205264,9.363919770950117
2634,263.305266,9.06030477348924
2635,263.405268,8.922381643793612
2636,263.50527,8.70540250344064
2637,263.605272,8.865183548355237
2638,263.70527400000003,9.229121737357527
2639,263.805276,8.866821140829213
2640,263.905278,9.019698273984869
2641,264.00528,8.893850679200748
2642,264.105282,9.01722675882329
2643,264.205284,8.747835989111271
2644,264.305286,8.685392036189295
2645,264.405288,8.57681444900865
2646,264.50529,8.774391885578249
2647,264.605292,9.020205337111626
2648,264.705294,9.077499102065946
2649,264.80529600000006,8.97958456882181
2650,264.905298,8.890827823609563
2651,265.0053,8.80971746118643
2652,265.10530200000005,9.206210843824904
2653,265.205304,8.914837088180697
2654,265.305306,8.749787959144772
2655,265.405308,8.500451294972898
2656,265.50531,8.95855718052796
2657,265.605312,8.98378930418177
2658,265.705314,9.385904176926115
2659,265.805316,9.325935914715458
2660,265.905318,8.617057790095524
2661,266.00532,9.176887543817262
2662,266.105322,9.147532656252544
2663,266.205324,9.001616032934495
2664,266.305326,8.91989796264331
2665,266.405328,8.699088833799616
2666,266.50533,8.896151421022196
2667,266.605332,8.753473231870167
2668,266.70533400000005,8.771822716619255
2669,266.805336,8.66428710868483
2670,266.905338,8.863485649805627
2671,267.00534000000005,8.98243123886363
2672,267.105342,9.179984124931098
2673,267.20534399999997,9.121673368587425
2674,267.30534600000004,8.8997263761972
2675,267.405348,8.765059880988964
2676,267.50534999999996,8.851510956695517
2677,267.60535200000004,9.242982392179375
2678,267.705354,9.278714063686305
2679,267.805356,8.874472214545825
2680,267.90535800000004,8.839293858948253
2681,268.00536,9.168701695979177
2682,268.105362,8.801248324329277
2683,268.205364,9.321501013514325
2684,268.305366,8.559894058199465
2685,268.405368,8.743745798250345
2686,268.50536999999997,8.628418908169856
2687,268.60537200000005,8.296964928005641
2688,268.705374,8.09392091167851
2689,268.80537599999997,8.307710667138
2690,268.90537800000004,8.76622352764121
2691,269.00538,8.808158879834002
2692,269.10538199999996,8.707452645675199
2693,269.20538400000004,9.158129750411085
2694,269.305386,9.034630878889319
2695,269.40538799999996,8.884373175808
2696,269.50539000000003,8.934592382305519
2697,269.605392,8.712093399184646
2698,269.705394,9.047503446949658
2699,269.80539600000003,9.105634954221493
2700,269.905398,8.906774194175831
2701,270.0054,8.318655980574169
2702,270.105402,8.188542066880611
2703,270.205404,8.330637486924122
2704,270.305406,8.476569125601891
2705,270.405408,8.4922217548286
2706,270.50541000000004,8.701872645648624
2707,270.605412,8.283059157843674
2708,270.70541399999996,8.738883909374536
2709,270.80541600000004,8.792636698815272
2710,270.905418,8.601988603916745
2711,271.00541999999996,8.780034796512078
2712,271.10542200000003,7.788464683971675
2713,271.205424,8.714954472592563
2714,271.30542599999995,8.047749917445666
2715,271.40542800000003,8.383732157393618
2716,271.50543,8.224208714628693
2717,271.605432,8.461283424622739
2718,271.705434,8.014914397732634
2719,271.805436,8.17184492574007
2720,271.905438,8.128829516835458
2721,272.00544,8.285463951914927
2722,272.105442,8.4377355244563
2723,272.205444,8.644455021670437
2724,272.305446,9.031850784156667
2725,272.40544800000004,8.900876405481275
2726,272.50545,8.814666127617432
2727,272.605452,8.738743082178525
2728,272.70545400000003,8.568179658252078
2729,272.805456,8.575491025952147
2730,272.905458,8.802646324991825
2731,273.00546,8.885394142561532
2732,273.105462,8.819714934093907
2733,273.205464,8.714094005850564
2734,273.305466,8.491191364998404
2735,273.405468,8.600658088137656
2736,273.50547,8.525166133927081
2737,273.605472,8.981660135538334
2738,273.705474,8.769323090653963
2739,273.805476,8.943473706471483
2740,273.905478,8.73951645522025
2741,274.00548,8.739651459102056
2742,274.105482,8.330181225022384
2743,274.205484,8.30770245872591
2744,274.30548600000003,8.609323001237078
2745,274.405488,8.883713752775538
2746,274.50549,8.393451674901335
2747,274.605492,8.43711293165268
2748,274.705494,8.555737505954133
2749,274.805496,8.446050192615926
2750,274.905498,8.61434367160187
2751,275.0055,8.647725975727344
2752,275.105502,8.497865656879174
2753,275.205504,8.418727202380122
2754,275.305506,8.336345033597963
2755,275.40550800000005,7.8530114995923626
2756,275.50551,8.360460857051699
2757,275.605512,8.067894339878674
2758,275.70551400000005,8.07023630846678
2759,275.805516,8.253280161549714
2760,275.905518,8.081623008176404
2761,276.00552000000005,8.60322168709908
2762,276.105522,9.431379301038422
2763,276.205524,8.538090678646645
2764,276.305526,8.52244933942121
2765,276.405528,8.593907818643753
2766,276.50553,8.685123171992007
2767,276.605532,8.618787733881595
2768,276.705534,8.902808815895838
2769,276.805536,9.253139731538738
2770,276.905538,8.777816903639065
2771,277.00554,8.97258641164629
2772,277.105542,8.798529567808623
2773,277.205544,8.962226790537601
2774,277.30554600000005,9.267388902567752
2775,277.405548,9.124454019077815
2776,277.50554999999997,9.419400619331068
2777,277.60555200000005,9.236603492998928
2778,277.705554,9.041494550418928
2779,277.80555599999997,8.994874354339789
2780,277.90555800000004,8.59573658264275
2781,278.00556,9.362034431676479
2782,278.105562,9.312716228621609
2783,278.20556400000004,9.207218316441105
2784,278.305566,9.12642974144755
2785,278.405568,9.1382566117525
2786,278.50557000000003,9.615480542178595
2787,278.605572,9.02440882002849
2788,278.705574,9.628930979326158
2789,278.805576,9.116365039385393
2790,278.905578,9.014664685385373
2791,279.00558,9.248543234282291
2792,279.10558199999997,9.308049553448457
2793,279.20558400000004,9.066173685487605
2794,279.305586,8.983022663618815
2795,279.40558799999997,8.37782897246513
2796,279.50559000000004,8.24728160031549
2797,279.605592,8.715794552240363
2798,279.70559399999996,9.026147211777458
2799,279.80559600000004,8.975040896445643
2800,279.905598,8.982377492555353
2801,280.0056,8.6877851741409
2802,280.10560200000003,8.266912542633861
2803,280.205604,8.746266427730683
2804,280.305606,8.942222951726823
2805,280.40560800000003,8.774370827401693
2806,280.50561,8.645128793810116
2807,280.605612,8.947484962150202
2808,280.705614,9.001942518304238
2809,280.805616,8.580400324553077
2810,280.905618,8.36392813890483
2811,281.00562,8.275001470753573
2812,281.10562200000004,8.420557295916222
2813,281.205624,8.12007520442454
2814,281.30562599999996,8.4173412874558
2815,281.40562800000004,8.618729303533021
2816,281.50563,8.285637353925933
2817,281.60563199999996,8.622353478001866
2818,281.70563400000003,8.471949912872768
2819,281.805636,8.222780168439657
2820,281.90563799999995,8.008325699340885
2821,282.00564,8.144636701479882
2822,282.105642,8.395462464948274
2823,282.205644,8.232535765179113
2824,282.305646,8.358589238144974
2825,282.405648,8.521184322076246
2826,282.50565,7.9431708894531345
2827,282.605652,8.469766513027567
2828,282.705654,8.441762641750556
2829,282.805656,9.002996296706634
2830,282.905658,9.112476003566554
2831,283.00566000000003,8.368081795306386
2832,283.105662,8.572077110011374
2833,283.205664,8.623871210398104
2834,283.30566600000003,8.6356218463248
2835,283.405668,8.947505180305267
2836,283.50567,8.765637094344736
2837,283.605672,9.066945336124364
2838,283.705674,8.568326407861983
2839,283.805676,8.839599062304455
2840,283.905678,8.7623637860685
2841,284.00568,8.640749470476228
2842,284.105682,8.66193509318295
2843,284.205684,8.760294011499548
2844,284.305686,8.830251165425988
2845,284.405688,8.66791810459388
2846,284.50569,8.646111793887686
2847,284.605692,8.837571684460261
2848,284.705694,8.478737212388435
2849,284.805696,8.53350646836924
2850,284.90569800000003,8.542697409456407
2851,285.0057,8.543270077356276
2852,285.105702,8.338714922915385
2853,285.205704,8.39133034421518
2854,285.305706,8.760824893636219
2855,285.405708,8.558072884085892
2856,285.50571,8.507803757102842
2857,285.605712,8.625510854239806
2858,285.705714,8.710343057895313
2859,285.805716,8.8340481361296
2860,285.905718,8.746744874133896
2861,286.00572000000005,8.604678155927978
2862,286.105722,8.457413866941495
2863,286.205724,8.56886073259858
2864,286.30572600000005,8.458446924669397
2865,286.405728,8.484764741163747
2866,286.50572999999997,8.64936407123531
2867,286.60573200000005,8.52604568524737
2868,286.705734,8.290522464578954
2869,286.805736,8.579869917776733
2870,286.905738,8.72741050226503
2871,287.00574,8.488555310767705
2872,287.105742,8.483101737783008
2873,287.205744,8.337935109758346
2874,287.305746,8.80381884049623
2875,287.405748,8.499587142846208
2876,287.50575,9.029762718460303
2877,287.605752,8.828479219411237
2878,287.705754,8.78420896224271
2879,287.805756,8.70632178545181
2880,287.90575800000005,8.943187114564015
2881,288.00576,9.069857217753752
2882,288.10576199999997,8.636663853513381
2883,288.20576400000004,8.850140987936157
2884,288.305766,9.236393337700962
2885,288.40576799999997,8.965777175334656
2886,288.50577000000004,8.976456158821186
2887,288.605772,8.934786671184797
2888,288.705774,8.95231685435307
2889,288.80577600000004,9.218466555957644
2890,288.905778,8.928413258621196
2891,289.00578,8.989433199808168
2892,289.10578200000003,9.203582405807143
2893,289.205784,9.208930747394446
2894,289.305786,9.008877065984874
2895,289.405788,9.228969373971335
2896,289.50579,9.207800815197176
2897,289.605792,8.982877227498877
2898,289.70579399999997,9.2302414544015
2899,289.80579600000004,9.245530721163474
2900,289.905798,9.080452470833904
2901,290.00579999999997,9.235111121271162
2902,290.10580200000004,9.24837904831655
2903,290.205804,9.2620898968506
2904,290.30580599999996,9.05010313044029
2905,290.40580800000004,8.756297682202113
2906,290.50581,8.796797943726121
2907,290.605812,8.906857106481082
2908,290.70581400000003,8.932200549666794
2909,290.805816,8.722713642006681
2910,290.905818,9.246230245578554
2911,291.00582,9.044085587530596
2912,291.105822,9.011364850455319
2913,291.205824,8.834670912835104
2914,291.305826,8.69751989403388
2915,291.405828,8.652401673221561
2916,291.50583,8.618475271697013
2917,291.605832,8.54976439101913
2918,291.70583400000004,8.381233492654253
2919,291.805836,8.445712043247614
2920,291.905838,8.309475470332366
2921,292.00584000000003,8.43707458215825
2922,292.105842,8.251846276279268
2923,292.20584399999996,8.45591786497242
2924,292.30584600000003,8.649208195658511
2925,292.405848,8.778145686349474
2926,292.50585,9.082282812114123
2927,292.605852,9.11833404742115
2928,292.705854,9.113811832862288
2929,292.805856,9.202297125895221
2930,292.905858,9.09288230234694
2931,293.00586,9.195135189377998
2932,293.105862,9.14802538816311
2933,293.205864,9.113496246736906
2934,293.305866,9.124203153003123
2935,293.405868,9.185357106919804
2936,293.50587,8.915526570642632
2937,293.60587200000003,9.254138296765332
2938,293.705874,9.255964479803131
2939,293.805876,9.050205734611431
2940,293.90587800000003,9.217174437106724
2941,294.00588,8.92480553860687
2942,294.105882,9.236010256536954
2943,294.205884,9.117729826751406
2944,294.305886,9.26352425702933
2945,294.405888,8.913920691094845
2946,294.50589,9.117214666194114
2947,294.605892,9.453136642091666
2948,294.70589400000006,9.162125516586638
2949,294.805896,9.327158241381206
2950,294.905898,9.549600290594668
2951,295.0059,9.005065911355798
2952,295.105902,9.171169078189743
2953,295.205904,9.545345235021509
2954,295.305906,9.467018438980316
2955,295.405908,9.286779225702764
2956,295.50591000000003,9.481878112951254
2957,295.605912,9.213728657163884
2958,295.705914,9.0533189236042
2959,295.805916,9.22380172989671
2960,295.905918,9.26341799655513
2961,296.00592,9.328030914803001
2962,296.105922,9.454618896737518
2963,296.205924,8.98307634113845
2964,296.305926,8.84598229943954
2965,296.405928,8.708977413341497
2966,296.50593,9.330363332149208
2967,296.60593200000005,9.125449309911273
2968,296.705934,9.210019990592048
2969,296.805936,9.305251568362458
2970,296.90593800000005,8.738129300184292
2971,297.00594,9.31544077355665
2972,297.10594199999997,9.501452890517212
2973,297.20594400000004,9.15624901206405
2974,297.305946,9.141560314647258
2975,297.405948,8.600889870325677
2976,297.50595,8.773890889148916
2977,297.605952,8.978042339643222
2978,297.705954,8.933582771710828
2979,297.805956,9.289710492671633
2980,297.905958,9.4126587591453
2981,298.00596,9.182971215908868
2982,298.105962,9.036081237612043
2983,298.205964,9.176260264705503
2984,298.305966,8.949715492269169
2985,298.405968,9.118570408994506
2986,298.50597000000005,8.851287073965846
2987,298.605972,9.010434577177886
2988,298.70597399999997,9.147853045917467
2989,298.80597600000004,9.295152035864053
2990,298.905978,9.085614985087195
2991,299.00597999999997,9.254147476334275
2992,299.10598200000004,9.223060341389225
2993,299.205984,9.335817657721442
2994,299.305986,9.211751358256855
2995,299.40598800000004,8.723886497195787
2996,299.50599,9.595333665475849
2997,299.605992,8.948382030135543
2998,299.70599400000003,8.81532365595017
2999,299.805996,9.416126498507293
3000,299.905998,9.489325490394169
3001,300.006,9.759458101896996
3002,300.106002,9.024261663867026
3003,300.206004,9.247023624769186
3004,300.30600599999997,9.045202211533175
3005,300.40600800000004,8.637365965584891
3006,300.50601,8.72330919169743
3007,300.60601199999996,9.531195542342452
3008,300.70601400000004,8.931911475106002
3009,300.806016,9.453037721640765
3010,300.90601799999996,9.341353210757696
3011,301.00602000000003,8.723320714326743
3012,301.106022,8.690167059245029
3013,301.206024,8.73914964713835
3014,301.30602600000003,8.22724054217766
3015,301.406028,8.739909253431174
3016,301.50603,8.51217623571069
3017,301.606032,8.938603653650999
3018,301.706034,8.170027594184399
3019,301.806036,8.640486170734691
3020,301.906038,8.483018904357476
3021,302.00604,9.130227814298587
3022,302.106042,8.631078585150181
3023,302.206044,8.938565026250805
3024,302.30604600000004,9.362146256400024
3025,302.406048,9.393814639498448
3026,302.50605,9.324339214627129
3027,302.60605200000003,8.966135492078454
3028,302.706054,9.206869604288316
3029,302.80605599999996,9.335720671415748
3030,302.90605800000003,9.371530692302896
3031,303.00606,9.426009236644793
3032,303.106062,9.462691206399406
3033,303.206064,9.417999436208955
3034,303.306066,9.240528305667905
3035,303.406068,9.176842933552283
3036,303.50607,9.213661361318016
3037,303.606072,9.040456307839925
3038,303.706074,9.181802435580082
3039,303.806076,9.330516288751976
3040,303.906078,9.250387263587674
3041,304.00608,9.568307784826498
3042,304.106082,8.730186147214427
3043,304.20608400000003,9.185654749986568
3044,304.306086,9.631678730559816
3045,304.406088,9.359494203751986
3046,304.50609000000003,9.354058783786254
3047,304.606092,9.410017449738564
3048,304.706094,9.504506768285514
3049,304.806096,9.347345749020517
3050,304.906098,9.296627617279935
3051,305.00610000000006,9.101119179401103
3052,305.106102,9.14131948027414
3053,305.206104,9.453940533463427
3054,305.30610600000006,9.125538799096567
3055,305.406108,9.20209886281316
3056,305.50611,8.935580016180081
3057,305.606112,9.291783872002814
3058,305.706114,9.198590690579621
3059,305.806116,9.372007655456077
3060,305.906118,9.457370830176284
3061,306.00612,9.354310582329212
3062,306.106122,9.191369223472135
3063,306.206124,8.995141077366254
3064,306.306126,8.936983779328354
3065,306.406128,9.086145884488177
3066,306.50613,9.102142414075903
3067,306.606132,9.334205829441423
3068,306.706134,9.459513319272318
3069,306.806136,9.433456440867225
3070,306.90613800000006,9.405329400656187
3071,307.00614,9.27477916727259
3072,307.106142,9.13143489748746
3073,307.20614400000005,9.17908378747063
3074,307.306146,9.084646467311243
3075,307.406148,8.94270413406037
3076,307.50615000000005,8.954416635680982
3077,307.606152,8.825974719288284
3078,307.70615399999997,8.938004354793573
3079,307.80615600000004,9.161384667786393
3080,307.906158,8.718793822722581
3081,308.00616,8.972943087105271
3082,308.106162,9.477401318780707
3083,308.206164,9.069355790676298
3084,308.306166,8.906302240745438
3085,308.406168,8.849656285217883
3086,308.50617,8.777044004346708
3087,308.606172,9.100143355986404
3088,308.706174,9.134526642138933
3089,308.806176,8.964422703469596
3090,308.906178,9.25322673826655
3091,309.00618,8.581002287133328
3092,309.10618200000005,9.345326925706848
3093,309.206184,8.7944148148712
3094,309.30618599999997,8.644227314149894
3095,309.40618800000004,8.140761126918777
3096,309.50619,8.347782587529048
3097,309.60619199999996,7.975583443755261
3098,309.70619400000004,7.836419209026452
3099,309.806196,8.09421433301399
3100,309.906198,8.291918733241143
3101,310.00620000000004,8.573597699551055
3102,310.106202,9.277495678060896
3103,310.206204,9.843362633936309
3104,310.30620600000003,9.551954646838276
3105,310.406208,9.490524682087276
3106,310.50621,9.44544799384985
3107,310.606212,9.510071208541438
3108,310.706214,9.838510425624035
3109,310.806216,9.677828630666285
3110,310.90621799999997,9.457092901028942
3111,311.00622000000004,9.61821347909856
3112,311.106222,9.511866587383267
3113,311.20622399999996,9.344792972716325
3114,311.30622600000004,9.0057924370442
3115,311.406228,8.833968690575224
3116,311.50622999999996,8.762361651009106
3117,311.60623200000003,8.544697626769935
3118,311.706234,9.070621378060004
3119,311.806236,8.813464856133905
3120,311.90623800000003,8.882077463616668
3121,312.00624,8.614062027252732
3122,312.106242,8.67156121999181
3123,312.206244,9.205371596242049
3124,312.306246,9.288648585652272
3125,312.406248,8.926155361154098
3126,312.50625,8.995018217384803
3127,312.606252,8.871164456391636
3128,312.706254,9.083786638025357
3129,312.806256,8.47618481948222
3130,312.90625800000004,8.645958272789665
3131,313.00626,8.733522281826268
3132,313.106262,8.951727856403782
3133,313.20626400000003,8.811415197336128
3134,313.306266,9.00398528814859
3135,313.40626799999995,8.871105298617636
3136,313.50627000000003,8.788552125722102
3137,313.606272,9.203860848667489
3138,313.706274,9.090439195174065
3139,313.806276,8.911414313996117
3140,313.906278,8.794946646013218
3141,314.00628,8.591131410545069
3142,314.106282,8.753662966241885
3143,314.206284,9.136429892440908
3144,314.306286,8.983388715159693
3145,314.406288,8.947363542022414
3146,314.50629,9.535520154112575
3147,314.606292,8.920665930112246
3148,314.706294,9.472251360413185
3149,314.80629600000003,9.183801346809767
3150,314.906298,9.129791928149002
3151,315.0063,8.615895268902216
3152,315.106302,8.580113770169426
3153,315.206304,8.40488279659318
3154,315.306306,8.560967433856908
3155,315.406308,8.761441235409183
3156,315.50631,8.775489575513593
3157,315.60631200000006,8.341221995936351
3158,315.706314,8.661009118482419
3159,315.806316,9.002654422107092
3160,315.90631800000006,9.238067740693694
3161,316.00632,8.97687898341026
3162,316.106322,9.009076420228666
3163,316.206324,9.000535164682262
3164,316.306326,9.210466772319336
3165,316.406328,9.466408189903216
3166,316.50633,9.734121333648002
3167,316.606332,9.184607741521786
3168,316.706334,8.748582116611407
3169,316.806336,9.01459947588573
3170,316.906338,9.29264801996704
3171,317.00634,9.208517662712426
3172,317.106342,9.086197370356109
3173,317.206344,9.460599493229028
3174,317.306346,9.169880483832216
3175,317.406348,9.26236515645189
3176,317.50635000000005,9.084997597658177
3177,317.606352,9.482779951550594
3178,317.706354,9.26861001007719
3179,317.80635600000005,9.275023566120264
3180,317.906358,9.352793509200874
3181,318.00636,9.128562654203996
3182,318.10636200000005,9.017479534215562
3183,318.206364,8.948353182636556
3184,318.30636599999997,9.108038211809026
3185,318.40636800000004,8.627420487909838
3186,318.50637,8.183054412648351
3187,318.606372,8.762106918792345
3188,318.706374,8.750960455476388
3189,318.806376,8.71715591791411
3190,318.906378,8.714244004752123
3191,319.00638,8.860749653590346
3192,319.106382,8.140037704154873
3193,319.206384,8.704679985593106
3194,319.306386,8.486699407282064
3195,319.40638800000005,8.512766043039242
3196,319.50639,8.741864326330386
3197,319.60639199999997,8.158924691068785
3198,319.70639400000005,8.408269090967654
3199,319.806396,8.75918531718356
3200,319.90639799999997,8.91577429816302
3201,320.00640000000004,8.77743328144071
3202,320.106402,9.116230817051452
3203,320.20640399999996,9.197924030182117
3204,320.30640600000004,9.052177538693496
3205,320.406408,9.203355852334251
3206,320.50641,9.016083393381123
3207,320.60641200000003,8.652378272471715
3208,320.706414,8.654150499620828
3209,320.806416,8.594481901140133
3210,320.90641800000003,8.609859313894205
3211,321.00642,8.681838090333144
3212,321.106422,8.993645442778888
3213,321.206424,8.936864249141012
3214,321.306426,8.654783454386404
3215,321.406428,9.048688782853926
3216,321.50642999999997,8.678286845981813
3217,321.60643200000004,8.592741026449549
3218,321.706434,9.15058682243346
3219,321.80643599999996,8.362131116738915
3220,321.90643800000004,8.577509311379803
3221,322.00644,8.6004340814492
3222,322.10644199999996,8.732767720118545
3223,322.20644400000003,8.61455605261947
3224,322.306446,8.607507497524713
3225,322.406448,8.431879987890827
3226,322.50645000000003,8.360566348320509
3227,322.606452,9.299034788632854
3228,322.706454,9.478119660541378
3229,322.806456,9.142777504464682
3230,322.906458,8.909120177435545
3231,323.00646,8.306476162971668
3232,323.106462,8.301842086809467
3233,323.206464,9.397648436958374
3234,323.306466,8.880868375101219
3235,323.406468,8.799579525938215
3236,323.50647000000004,8.499518659401813
3237,323.606472,8.91455714427766
3238,323.706474,9.05937593534932
3239,323.80647600000003,8.606575687800996
3240,323.906478,8.76137658919878
3241,324.00647999999995,9.001508571034535
3242,324.106482,8.418934711018114
3243,324.206484,8.881666326463572
3244,324.306486,8.513319153495758
3245,324.406488,8.609788261709769
3246,324.50649,8.485845392128176
3247,324.606492,8.729422054281711
3248,324.706494,8.586162506946762
3249,324.806496,8.1823423468835
3250,324.906498,9.156728776215012
3251,325.0065,8.780614771066253
3252,325.106502,9.071577731991692
3253,325.206504,8.578664246424424
3254,325.306506,9.131104171926454
3255,325.40650800000003,8.833373616047044
3256,325.50651,8.923852157885957
3257,325.606512,9.041721109797319
3258,325.706514,9.065464418262067
3259,325.806516,8.84408075446434
3260,325.906518,8.88275480369067
3261,326.00652,9.279011539077887
3262,326.106522,9.22427418813476
3263,326.20652400000006,8.31516741891209
3264,326.306526,9.034213405730112
3265,326.406528,9.521665930391642
3266,326.50653000000005,9.091403662355313
3267,326.606532,9.002408514143607
3268,326.706534,9.507091232626731
3269,326.806536,9.246153272158724
3270,326.906538,8.271160062573278
3271,327.00654,8.751865307028728
3272,327.106542,8.492032659165046
3273,327.206544,9.082768387355365
3274,327.306546,8.768798467070567
3275,327.406548,8.127276156837803
3276,327.50655,8.798429357007471
3277,327.606552,8.809431402858454
3278,327.706554,8.834528909690881
3279,327.806556,8.849778125683857
3280,327.906558,8.266658247084504
3281,328.00656,8.732506394127038
3282,328.10656200000005,8.717608597818877
3283,328.206564,8.714318763321502
3284,328.306566,8.598527526707427
3285,328.40656800000005,8.322755497168687
3286,328.50657,8.223586641103536
3287,328.60657199999997,8.210993593781895
3288,328.70657400000005,8.134812692950698
3289,328.806576,8.524515406181385
3290,328.90657799999997,8.720963672775326
3291,329.00658000000004,9.191408305529158
3292,329.106582,7.468335020042314
3293,329.206584,7.170991707445211
3294,329.30658600000004,7.957755281427588
3295,329.406588,8.503497630986447
3296,329.50659,7.969305307674258
3297,329.606592,8.235153624319732
3298,329.706594,8.54484505133144
3299,329.806596,9.069619154063417
3300,329.906598,8.330903848431191
3301,330.00660000000005,8.535736930014496
3302,330.106602,7.969755251800411
3303,330.20660399999997,8.038649187011753
3304,330.30660600000004,8.744685784686807
3305,330.406608,8.837385403963173
3306,330.50660999999997,8.546428665557487
3307,330.60661200000004,8.404290597806277
3308,330.706614,8.792633985821691
3309,330.80661599999996,8.546009532270377
3310,330.90661800000004,8.771796992288088
3311,331.00662,8.763430404171679
3312,331.106622,8.966971758685538
3313,331.20662400000003,9.073699897751776
3314,331.306626,9.222064116311628
3315,331.406628,8.661304405612295
3316,331.50663000000003,8.607656333679074
3317,331.606632,8.433379475977647
3318,331.706634,8.770885907404802
3319,331.806636,8.517713082807207
3320,331.90663800000004,8.629745554443655
3321,332.00664,8.475056880946969
3322,332.10664199999997,8.557697865867302
3323,332.20664400000004,8.518656538734998
3324,332.306646,8.54012402878546
3325,332.40664799999996,8.588209386603353
3326,332.50665000000004,8.734441395094906
3327,332.606652,8.507158096401438
3328,332.70665399999996,8.636669729632906
3329,332.80665600000003,8.596853006718462
3330,332.906658,8.82455548804275
3331,333.00666,9.174460629615103
3332,333.10666200000003,9.137440847628444
3333,333.206664,8.957013828303447
3334,333.306666,8.630879812034944
3335,333.406668,9.00711341079752
3336,333.50667,8.492695035072094
3337,333.606672,8.119655668549626
3338,333.706674,8.02333049520288
3339,333.80667600000004,8.18539109463593
3340,333.906678,7.987441464151516
3341,334.00668,8.262407234679777
3342,334.10668200000003,8.598306922172991
3343,334.206684,7.903606715102329
3344,334.306686,7.606402744739952
3345,334.40668800000003,7.313928733777454
3346,334.50669,7.345364414510975
3347,334.60669199999995,7.367196770212379
3348,334.706694,7.596171679076702
3349,334.806696,7.4086165257924455
3350,334.906698,7.328761876549975
3351,335.0067,7.31719193298133
3352,335.106702,7.36349069818422
3353,335.206704,7.5080683704681626
3354,335.306706,7.575992201393498
3355,335.406708,7.537534727436606
3356,335.50671,7.587668802535998
3357,335.606712,8.22213587849523
3358,335.706714,8.05018366661151
3359,335.806716,8.103467565985905
3360,335.906718,8.03956739371116
3361,336.00672000000003,7.830352815699097
3362,336.106722,7.924215555294887
3363,336.206724,7.502195447985162
3364,336.306726,7.051576147940285
3365,336.406728,7.9357246273854765
3366,336.50673,7.648985278452472
3367,336.606732,8.240399770249798
3368,336.706734,8.194791256935316
3369,336.80673600000006,8.184270524794805
3370,336.906738,8.046328678364938
3371,337.00674,7.886513434965308
3372,337.10674200000005,7.828539422001905
3373,337.206744,8.145436845800793
3374,337.306746,8.122378937828966
3375,337.406748,7.825322380926121
3376,337.50675,8.727431417336204
3377,337.606752,8.55870885334386
3378,337.706754,8.127217535731214
3379,337.806756,7.916731888970459
3380,337.906758,8.54901521252012
3381,338.00676,8.8954818571356
3382,338.106762,8.459012872687863
3383,338.206764,8.36924023861131
3384,338.306766,8.516833770439305
3385,338.406768,8.621663306816638
3386,338.50677,9.284405765324601
3387,338.606772,9.069711831889911
3388,338.70677400000005,8.981989443849667
3389,338.806776,9.049579360987222
3390,338.906778,8.424768544648392
3391,339.00678000000005,8.784357764803351
3392,339.106782,9.071111298743162
3393,339.20678399999997,8.96248142590301
3394,339.30678600000005,8.770902024769548
3395,339.406788,8.899523595712477
3396,339.50678999999997,8.670301177491215
3397,339.60679200000004,8.896049433832497
3398,339.706794,9.052549563287272
3399,339.806796,8.944304922356698
3400,339.90679800000004,9.191537041117414
3401,340.0068,9.038255734209164
3402,340.106802,8.409949109143295
3403,340.206804,8.359463575194106
3404,340.306806,8.4718696615653
3405,340.406808,8.965041024444151
3406,340.50681,8.454703811510651
3407,340.60681200000005,9.06538732504733
3408,340.706814,8.89791039114583
3409,340.80681599999997,8.779336379420693
3410,340.90681800000004,8.637542979435537
3411,341.00682,8.826340560425228
3412,341.10682199999997,8.753417383278727
3413,341.20682400000004,8.490665000822398
3414,341.306826,8.760602353952859
3415,341.40682799999996,8.476249633677918
3416,341.50683000000004,9.120033973919039
3417,341.606832,9.225303170740707
3418,341.706834,8.933705023975742
3419,341.80683600000003,9.042575697879032
3420,341.906838,8.968777554051151
3421,342.00684,9.226987864952983
3422,342.10684200000003,8.67079721004001
3423,342.206844,8.577918485920119
3424,342.306846,8.944794357540635
3425,342.406848,8.994467551262538
3426,342.50685000000004,9.181141196754629
3427,342.606852,8.892940591896075
3428,342.70685399999996,8.794419789852226
3429,342.80685600000004,9.225965414506923
3430,342.906858,9.002932507890769
3431,343.00685999999996,8.462605561721782
3432,343.10686200000004,8.985237439733831
3433,343.206864,9.197037835908342
3434,343.30686599999996,8.978500027487804
3435,343.40686800000003,8.793660787578872
3436,343.50687,8.274402462266073
3437,343.606872,8.513325983435907
3438,343.706874,8.761422501837462
3439,343.806876,8.625045734220139
3440,343.906878,8.8773449438546
3441,344.00688,9.07505247246679
3442,344.106882,8.733412267003976
3443,344.206884,8.601914093921986
3444,344.306886,8.628105558894104
3445,344.40688800000004,8.384007373499529
3446,344.50689,8.33797809860615
3447,344.606892,8.523600982378069
3448,344.70689400000003,8.626674514761753
3449,344.806896,8.476763770039504
3450,344.906898,8.469626936072588
3451,345.00690000000003,8.657350287358712
3452,345.106902,8.546613825288183
3453,345.206904,8.108660119084988
3454,345.306906,8.02132551631509
3455,345.406908,8.32139863825913
3456,345.50691,8.118863485240714
3457,345.606912,8.374656827526557
3458,345.706914,8.716294501258838
3459,345.806916,8.824385604103348
3460,345.906918,8.652032926342965
3461,346.00692,8.833915497298078
3462,346.106922,8.782635000076493
3463,346.206924,8.900812346766807
3464,346.30692600000003,8.865353281719656
3465,346.406928,8.434740995715211
3466,346.50693,8.893379924380483
3467,346.60693200000003,8.402540485497033
3468,346.706934,9.060407270407868
3469,346.806936,8.95131362587547
3470,346.906938,8.572589688082799
3471,347.00694,7.549428416703208
3472,347.106942,7.701790396196392
3473,347.206944,8.177166312329415
3474,347.306946,7.703795452419708
3475,347.40694800000006,7.828436542699855
3476,347.50695,7.204537437279725
3477,347.606952,7.461454084379965
3478,347.70695400000005,7.204749391927498
3479,347.806956,7.100368083557851
3480,347.906958,7.2431710918981915
3481,348.00696000000005,7.208536946730466
3482,348.106962,7.30070590619576
3483,348.206964,7.076156787644955
3484,348.306966,7.142150585491658
3485,348.406968,7.134832715718421
3486,348.50697,7.016323901242909
3487,348.606972,7.048341316005423
3488,348.706974,7.062908172377189
3489,348.806976,7.306036448259444
3490,348.906978,7.416137717909603
3491,349.00698,7.223188669885163
3492,349.106982,7.229331528430555
3493,349.206984,7.072030849646051
3494,349.30698600000005,7.098566413256773
3495,349.406988,7.197054704865426
3496,349.50699,7.176529762310797
3497,349.60699200000005,7.075890091976298
3498,349.706994,7.047098917704187
3499,349.80699599999997,7.046772847406189
3500,349.90699800000004,7.053492030223039
3501,350.007,6.973962383136462
3502,350.10700199999997,7.079141094586041
3503,350.20700400000004,7.152462462294047
3504,350.307006,7.051802507361106
3505,350.407008,7.022385828782679
3506,350.50701000000004,7.050469991150984
3507,350.607012,7.0958359184657915
3508,350.707014,7.095309984349422
3509,350.807016,7.340850447894539
3510,350.907018,7.144826561589541
3511,351.00702,6.9023045751512315
3512,351.107022,6.946890142988126
3513,351.20702400000005,6.963168879526877
3514,351.307026,6.8975308768111
3515,351.40702799999997,6.882391151880113
3516,351.50703000000004,7.075517546549081
3517,351.607032,6.855037792944722
3518,351.70703399999996,6.986604389905478
3519,351.80703600000004,6.798068290611465
3520,351.907038,6.99011583857877
3521,352.00703999999996,7.063309415119282
3522,352.10704200000004,6.891908408646278
3523,352.207044,6.732825746492068
3524,352.307046,7.172270964951052
3525,352.40704800000003,6.939564238762274
3526,352.50705,6.734529553029044
3527,352.607052,6.851477429787134
3528,352.707054,7.202176491049407
3529,352.807056,6.903196407576932
3530,352.907058,7.051445143961937
3531,353.00706,7.08499994658621
3532,353.10706200000004,7.148908387958318
3533,353.207064,7.362763519678453
3534,353.30706599999996,7.2578709676680635
3535,353.40706800000004,6.883615563895151
3536,353.50707,7.20062567184889
3537,353.60707199999996,7.048258556013198
3538,353.70707400000003,7.118649454792611
3539,353.807076,7.115611837340297
3540,353.90707799999996,7.000401672450283
3541,354.00708000000003,6.9128798111199155
3542,354.107082,7.078208007461727
3543,354.207084,7.026569541413816
3544,354.307086,7.0661258443539845
3545,354.407088,7.048723017209996
3546,354.50709,7.11951483687571
3547,354.607092,7.150493311502673
3548,354.707094,6.953240612446071
3549,354.807096,7.122347113786735
3550,354.907098,6.833499481912473
3551,355.00710000000004,7.100938058848316
3552,355.107102,7.079012223102842
3553,355.207104,6.841752100651241
3554,355.30710600000003,6.555027131204295
3555,355.407108,6.815249965404311
3556,355.50711,6.6078077552810575
3557,355.60711200000003,6.784813437089155
3558,355.707114,6.7941035557430585
3559,355.807116,6.8671870561678405
3560,355.907118,6.813605026456798
3561,356.00712,7.016870562026487
3562,356.107122,6.82011156328798
3563,356.207124,6.661181467458607
3564,356.307126,6.851556591488493
3565,356.407128,6.999078654717798
3566,356.50713,6.890965491598651
3567,356.607132,6.9584054230550825
3568,356.707134,6.996591439887622
3569,356.807136,6.890877482126645
3570,356.90713800000003,6.9762442090154195
3571,357.00714,7.033898075710062
3572,357.107142,6.981343050265174
3573,357.207144,6.893623975608471
3574,357.307146,6.896565309226821
3575,357.407148,6.944533712279856
3576,357.50715,6.7890835982248054
3577,357.607152,6.939476741938712
3578,357.707154,7.135711018191399
3579,357.807156,6.994216861787276
3580,357.907158,6.8296185071792
3581,358.00716000000006,7.099901730474512
3582,358.107162,7.015409680566006
3583,358.207164,6.791109112413594
3584,358.30716600000005,6.837753484694966
3585,358.407168,6.682047067946247
3586,358.50717,6.903921931389843
3587,358.60717200000005,6.733564913773553
3588,358.707174,6.7255678307258036
3589,358.807176,6.628169152562654
3590,358.907178,6.664345146608019
3591,359.00718,7.01455729576469
3592,359.107182,6.830132387212785
3593,359.207184,7.3175161855989375
3594,359.307186,6.818254707938653
3595,359.407188,7.258008350715133
3596,359.50719,7.110012259216481
3597,359.607192,6.7652366522273155
3598,359.707194,6.934750407492212
3599,359.807196,7.021676050365165
3600,359.90719800000005,7.20160069662044
3601,360.0072,6.947186404895834
3602,360.107202,7.032999378388976
3603,360.20720400000005,7.2062241289959275
3604,360.307206,7.081935295934148
3605,360.40720799999997,6.868304990816598
3606,360.50721000000004,7.054624251459062
3607,360.607212,6.967750856565329
3608,360.707214,6.794363254325113
3609,360.80721600000004,6.7076300887389335
3610,360.907218,6.875141969730162
3611,361.00722,7.065470716065942
3612,361.10722200000004,7.034463813733136
3613,361.207224,7.098401498612521
3614,361.307226,7.183428921268113
3615,361.407228,6.672542861915084
3616,361.50723,6.9007758475587195
3617,361.607232,6.967186328590431
3618,361.70723399999997,7.361024982749024
3619,361.80723600000005,7.078057685780873
3620,361.907238,7.172958874572922
3621,362.00723999999997,7.120258052647216
3622,362.10724200000004,7.2309731651693525
3623,362.207244,7.085447794428607
3624,362.30724599999996,7.363464644924371
3625,362.40724800000004,7.3923884051907995
3626,362.50725,7.24754643186268
3627,362.60725199999996,7.5690227647280075
3628,362.70725400000003,7.4712700325103
3629,362.807256,7.456059858937979
3630,362.907258,7.465487966743336
3631,363.00726000000003,7.389102799516735
3632,363.107262,7.8245046225330706
3633,363.207264,7.773145520744389
3634,363.307266,7.6865274514004875
3635,363.407268,7.726333589650966
3636,363.50727,7.512955316963082
3637,363.607272,7.34567440837954
3638,363.70727400000004,7.389166611564799
3639,363.807276,7.332409701955006
3640,363.907278,7.2459713884491945
3641,364.00728000000004,7.102836728544476
3642,364.107282,7.541856028189894
3643,364.20728399999996,7.170862620782683
3644,364.30728600000003,7.4787308310713785
3645,364.407288,7.463782839674735
3646,364.50728999999995,7.384029250098918
3647,364.60729200000003,7.422735268462716
3648,364.707294,7.261330528137679
3649,364.807296,7.210773412671732
3650,364.907298,7.094557565955558
3651,365.0073,7.01466324172815
3652,365.107302,7.397884685859467
3653,365.207304,7.606592812894339
3654,365.307306,7.117722109298912
3655,365.407308,7.396109490143585
3656,365.50731,7.417156788208091
3657,365.60731200000004,7.221505117716463
3658,365.707314,7.288566972910262
3659,365.807316,7.204090616584647
3660,365.90731800000003,7.205440620711055
3661,366.00732,7.195280106080299
3662,366.107322,7.720158187402433
3663,366.207324,7.1987752090853165
3664,366.307326,7.389352317386769
3665,366.407328,7.383961745860794
3666,366.50733,7.258663454452296
3667,366.607332,7.3199101870957985
3668,366.70733400000006,7.424763584632319
3669,366.807336,7.374877618817934
3670,366.907338,7.3448646491612175
3671,367.00734,7.262710003517076
3672,367.107342,7.783061866116836
3673,367.207344,7.475090576281104
3674,367.307346,7.249583575112054
3675,367.407348,7.023533061050418
3676,367.50735000000003,7.494336622752986
3677,367.607352,7.364252724614504
3678,367.707354,7.275209740525676
3679,367.807356,7.31075323742989
3680,367.907358,7.093715650207086
3681,368.00736,7.158189502865672
3682,368.107362,7.1336734545227305
3683,368.207364,7.4121005329400615
3684,368.307366,7.2282011296395865
3685,368.407368,7.227399325730935
3686,368.50737,6.961179687649183
3687,368.60737200000005,7.056560020775942
3688,368.707374,7.160938791919698
3689,368.807376,7.278303168130324
3690,368.90737800000005,7.300990191711285
3691,369.00738,7.201597520560504
3692,369.107382,7.068469001980359
3693,369.20738400000005,7.240679541211584
3694,369.307386,7.0898600573646675
3695,369.407388,7.217903142411783
3696,369.50739,7.006372497152374
3697,369.607392,6.872110442574075
3698,369.707394,6.98808511122334
3699,369.807396,7.094889931181237
3700,369.907398,7.276375753915989
3701,370.0074,7.356515348502766
3702,370.107402,7.013592016442906
3703,370.207404,7.432407182327782
3704,370.307406,7.256661818673024
3705,370.407408,7.276994874353867
3706,370.50741000000005,7.733551005941006
3707,370.607412,7.894579923568239
3708,370.70741399999997,7.973425629523078
3709,370.80741600000005,7.90987765239586
3710,370.907418,8.046093445152573
3711,371.00741999999997,7.886694775709671
3712,371.10742200000004,8.405420762504484
3713,371.207424,8.645247597335818
3714,371.307426,7.381456174239743
3715,371.40742800000004,7.417600498869538
3716,371.50743,8.06707572639007
3717,371.607432,7.588081004480582
3718,371.70743400000003,7.886012756002978
3719,371.807436,8.193413217133473
3720,371.907438,7.757434564155205
3721,372.00744,7.710223112851492
3722,372.107442,7.631516602175442
3723,372.207444,7.857827556296147
3724,372.30744599999997,7.567665726916024
3725,372.40744800000004,7.540082940140941
3726,372.50745,7.620236017576864
3727,372.60745199999997,7.487539064029047
3728,372.70745400000004,7.683439654414232
3729,372.807456,7.706324790808259
3730,372.90745799999996,7.3714714542468185
3731,373.00746000000004,7.933751587693171
3732,373.107462,7.979434816810578
3733,373.207464,8.002466601532793
3734,373.30746600000003,7.933304837630598
3735,373.407468,7.834649251683915
3736,373.50747,8.141477454495167
3737,373.60747200000003,8.358781381043585
3738,373.707474,8.29476418133671
3739,373.807476,8.016990046052104
3740,373.907478,8.482238118548446
3741,374.00748,8.575916752872182
3742,374.107482,7.7576471189803655
3743,374.207484,7.912447113372314
3744,374.30748600000004,8.035104597036112
3745,374.407488,8.132899646458032
3746,374.50749,7.7655975121231835
3747,374.60749200000004,7.72972825808684
3748,374.707494,7.781199405654415
3749,374.80749599999996,7.797774380447478
3750,374.90749800000003,7.67661614828783
3751,375.0075,7.73658438856856
3752,375.107502,7.5860558513977185
3753,375.20750400000003,7.632488999581396
3754,375.307506,7.83491860125528
3755,375.407508,8.490348502904109
3756,375.50751,8.10972553784489
3757,375.607512,8.271211125753906
3758,375.707514,8.160770072948932
3759,375.807516,8.234116022205479
3760,375.907518,8.1862634642346
3761,376.00752,8.25354146925208
3762,376.107522,8.202956878149001
3763,376.20752400000003,8.385700143772162
3764,376.307526,8.350224594337888
3765,376.407528,8.214175292799581
3766,376.50753000000003,8.493720579367777
3767,376.607532,8.086747867531216
3768,376.707534,8.411894783394752
3769,376.807536,8.147620691494183
3770,376.907538,8.057170390065982
3771,377.00754,7.746621765214771
3772,377.107542,8.38777686174228
3773,377.207544,8.06435720005111
3774,377.30754600000006,7.949843219992455
3775,377.407548,7.835501036564491
3776,377.50755,7.935847528385303
3777,377.607552,8.001904048767035
3778,377.707554,7.512888634323559
3779,377.807556,7.645930101206452
3780,377.907558,7.4335850821882
3781,378.00756,7.695757475150389
3782,378.10756200000003,7.936176512015951
3783,378.207564,7.702941480771888
3784,378.307566,7.811174548948179
3785,378.407568,7.667943275779797
3786,378.50757,7.819611274544029
3787,378.607572,7.54115547553328
3788,378.707574,7.513353917731511
3789,378.807576,7.258359091055963
3790,378.907578,7.119187107478783
3791,379.00758,7.079154157587233
3792,379.107582,7.203419732380787
3793,379.20758400000005,7.1789474824754125
3794,379.307586,7.310681761327663
3795,379.407588,7.353456223236172
3796,379.50759000000005,7.377764511433258
3797,379.607592,7.23062661981778
3798,379.707594,7.156150469978803
3799,379.80759600000005,7.222337632336659
3800,379.907598,7.194757098555244
3801,380.0076,7.216248286014395
3802,380.107602,7.039886798435945
3803,380.207604,7.025237713749803
3804,380.307606,7.046080624148559
3805,380.407608,6.655959218152272
3806,380.50761,6.832332234080218
3807,380.607612,6.787548074519274
3808,380.707614,6.785651136128548
3809,380.807616,6.767766257630498
3810,380.907618,6.987780455632412
3811,381.00762,6.980580003291581
3812,381.10762200000005,6.770942701344488
3813,381.207624,7.218416393001511
3814,381.30762599999997,6.910808122382628
3815,381.40762800000005,6.8097179881751995
3816,381.50763,6.959300352799109
3817,381.60763199999997,6.742438798157362
3818,381.70763400000004,6.930757904357214
3819,381.807636,6.7636082870345335
3820,381.907638,6.933343610154104
3821,382.00764000000004,6.8435706213751635
3822,382.107642,6.871912106611617
3823,382.207644,7.004648250508689
3824,382.30764600000003,7.260739820445517
3825,382.407648,7.219335460960428
3826,382.50765,6.972904036664418
3827,382.60765200000003,6.909983260000929
3828,382.707654,6.69768938294765
3829,382.807656,6.5193622268899345
3830,382.90765799999997,6.709033765054041
3831,383.00766000000004,6.537117567940413
3832,383.107662,6.465786827277446
3833,383.20766399999997,6.511214429152979
3834,383.30766600000004,6.433578230888884
3835,383.407668,6.5216973938004035
3836,383.50766999999996,6.554715897499926
3837,383.60767200000004,6.724841990343184
3838,383.707674,6.761478952674106
3839,383.807676,6.8346712886930465
3840,383.90767800000003,6.539094564366534
3841,384.00768,6.658858154698531
3842,384.107682,6.4854075928684605
3843,384.20768400000003,6.431135577714589
3844,384.307686,6.64481298408621
3845,384.407688,6.84668100959525
3846,384.50769,6.978678006007984
3847,384.607692,6.788689415984294
3848,384.707694,6.918190621189739
3849,384.807696,6.738936373075878
3850,384.90769800000004,6.7627574116909175
3851,385.0077,6.826665712959908
3852,385.107702,6.711924555623045
3853,385.20770400000004,6.869873657602246
3854,385.307706,6.8205298338360905
3855,385.40770799999996,6.82442302487441
3856,385.50771000000003,7.011449267780978
3857,385.607712,6.7743937493274204
3858,385.707714,6.735254379746064
3859,385.807716,6.6923508439921715
3860,385.907718,6.828756787464029
3861,386.00772,6.815697448982389
3862,386.107722,6.548375599239106
3863,386.207724,6.6997324752979965
3864,386.307726,6.692966112435202
3865,386.407728,6.783438219015402
3866,386.50773,6.824551578131617
3867,386.607732,6.819783178252424
3868,386.707734,6.754421180627533
3869,386.80773600000003,6.747515191228837
3870,386.907738,6.8630749003190195
3871,387.00774,6.9367120977426255
3872,387.10774200000003,6.817424173623854
3873,387.207744,6.650315863259347
3874,387.307746,6.978579219065269
3875,387.407748,6.638975905567268
3876,387.50775,6.676269830441612
3877,387.60775200000006,6.741938637513505
3878,387.707754,6.896439000086618
3879,387.807756,7.003665334096346
3880,387.90775800000006,6.88075742642063
3881,388.00776,6.827149262803438
3882,388.107762,6.695754334097436
3883,388.207764,6.572396616686174
3884,388.307766,6.689530961916913
3885,388.407768,6.723858356302432
3886,388.50777,6.514011367448047
3887,388.607772,6.772552516782861
3888,388.70777400000003,6.677011800973878
3889,388.807776,6.9061357207934275
3890,388.907778,6.627194075102054
3891,389.00778,6.812154949048041
3892,389.107782,7.109223415675056
3893,389.207784,6.908883481964468
3894,389.307786,6.793941077645789
3895,389.407788,6.9875334112666305
3896,389.50779,6.8498799159097
3897,389.607792,6.9376666853678195
3898,389.707794,7.386370255967305
3899,389.80779600000005,7.041961698188431
3900,389.907798,6.94450162081749
3901,390.0078,7.045689931241315
3902,390.10780200000005,7.029658526150529
3903,390.207804,6.902802797976049
3904,390.30780599999997,7.251093826445783
3905,390.40780800000005,7.413269511119738
3906,390.50781,7.457354397347265
3907,390.607812,7.477704522287548
3908,390.707814,7.225843755120328
3909,390.807816,7.134051771667424
3910,390.907818,6.998225767524206
3911,391.00782,6.990431847238107
3912,391.107822,7.391684422934993
3913,391.207824,7.318461368109269
3914,391.307826,7.392088243801639
3915,391.407828,7.510233043442367
3916,391.50783,7.702213036505868
3917,391.607832,7.679099565623795
3918,391.70783400000005,7.348891275322795
3919,391.807836,7.887296142159487
3920,391.90783799999997,7.81834656453892
3921,392.00784000000004,7.77713413971958
3922,392.107842,7.923625969341389
3923,392.20784399999997,7.933037606563239
3924,392.30784600000004,7.866353919288057
3925,392.407848,8.009573356221997
3926,392.50785,8.096095608727001
3927,392.60785200000004,7.881433061552445
3928,392.707854,7.734455563875127
3929,392.807856,7.52790822446128
3930,392.90785800000003,7.464296633845853
3931,393.00786,7.853732634788303
3932,393.107862,8.224576210261011
3933,393.20786400000003,8.12338637513936
3934,393.307866,8.347402361412803
3935,393.407868,8.400688996561593
3936,393.50786999999997,8.475206794644333
3937,393.60787200000004,8.578320535397934
3938,393.707874,8.426455629453624
3939,393.80787599999996,8.568654079285091
3940,393.90787800000004,8.86036462352645
3941,394.00788,9.003938846236494
3942,394.10788199999996,8.853407988751169
3943,394.20788400000004,9.1858706460457
3944,394.307886,9.036215155672698
3945,394.407888,8.549423881310503
3946,394.50789000000003,8.05812356288264
3947,394.607892,8.20671842234321
3948,394.707894,8.762516373802212
3949,394.807896,9.496025222557092
3950,394.907898,9.095384465096666
3951,395.0079,9.042873612521413
3952,395.107902,9.18154437854371
3953,395.207904,8.980245486333178
3954,395.307906,9.404125487179114
3955,395.407908,9.66391883644301
3956,395.50791000000004,8.301440118227925
3957,395.607912,8.688026092382037
3958,395.707914,8.408137452109202
3959,395.80791600000003,9.002763293546137
3960,395.907918,9.118003027220972
3961,396.00791999999996,9.055983329358064
3962,396.10792200000003,8.453646559035885
3963,396.207924,8.954246298080369
3964,396.307926,8.936844527285059
3965,396.407928,9.303766187561349
3966,396.50793,9.324749203043819
3967,396.607932,9.113808637753149
3968,396.707934,9.077028709390552
3969,396.807936,9.012465152289442
3970,396.907938,9.599808309854437
3971,397.00794,9.53053468573347
3972,397.107942,9.387344452785184
3973,397.207944,9.1785181218937
3974,397.307946,9.221913476982886
3975,397.40794800000003,8.899178072467413
3976,397.50795,9.290724268664473
3977,397.607952,9.471539067075037
3978,397.70795400000003,9.042830203817934
3979,397.807956,9.102196892549632
3980,397.907958,8.764402068550787
3981,398.00796,8.87936036788996
3982,398.107962,9.080801179500286
3983,398.20796400000006,9.128884669911493
3984,398.307966,9.144530910153803
3985,398.407968,9.16325842723453
3986,398.50797000000006,9.386750499765174
3987,398.607972,9.366511984542221
3988,398.707974,9.278899412026496
3989,398.807976,8.966152980008301
3990,398.907978,9.205287765071546
3991,399.00798,9.36732042962263
3992,399.107982,9.78795856713858
3993,399.207984,9.4085037167699
3994,399.307986,9.546610882504794
3995,399.407988,9.516090043659457
3996,399.50799,9.566400217159286
3997,399.607992,9.128248726446365
3998,399.707994,8.876639273787985
3999,399.807996,8.590889127817228
4000,399.907998,8.729833523837474
4001,400.000014,9.454144367659099
