Frame,Time (ns),Radius of Gyration
1,0.0,23.45695414170924
2,0.100002,23.294310373736177
3,0.200004,23.31708097234684
4,0.30000600000000005,22.832736847564945
5,0.400008,23.344984990598366
6,0.50001,23.490879745936972
7,0.6000120000000001,23.39281824281223
8,0.700014,23.279126183485108
9,0.800016,23.300754994844016
10,0.900018,23.063553021500983
11,1.00002,23.332682268165346
12,1.1000219999999998,23.22107109588503
13,1.2000240000000002,23.744614412798587
14,1.3000260000000001,23.355113021045053
15,1.400028,22.977808592359175
16,1.50003,23.698229514690446
17,1.600032,23.394395866037645
18,1.700034,23.516499942884824
19,1.800036,22.93872404804139
20,1.9000380000000001,23.024481362121502
21,2.00004,23.09565019656379
22,2.1000419999999997,23.58013837663983
23,2.2000439999999997,23.197919187825338
24,2.300046,24.099833398192906
25,2.4000480000000004,23.861488337350313
26,2.5000500000000003,23.665385588473708
27,2.6000520000000003,23.696222112387
28,2.700054,24.21163965136626
29,2.800056,23.925531380211197
30,2.900058,23.421528700040618
31,3.00006,23.6960392435393
32,3.100062,23.71078659688148
33,3.200064,23.645090542713344
34,3.300066,24.051129675893268
35,3.400068,24.19206890112456
36,3.50007,24.17888833580841
37,3.600072,24.436903432847835
38,3.700074,25.232289652135098
39,3.8000760000000002,24.943745878163277
40,3.900078,25.13576097906387
41,4.00008,25.581463216390304
42,4.1000820000000004,24.754154103253047
43,4.2000839999999995,24.679891435602837
44,4.300086,24.41831664513199
45,4.400087999999999,24.824798751004074
46,4.50009,24.42058236320687
47,4.600092,24.516114912350695
48,4.700094,24.53176757503043
49,4.800096000000001,24.817707329742955
50,4.900098,24.594970317603984
51,5.000100000000001,24.428131137423872
52,5.100102,24.774237637335148
53,5.2001040000000005,24.495156013792464
54,5.3001059999999995,24.730130454546213
55,5.400108,24.045651213283357
56,5.500109999999999,24.285455871426
57,5.600112,24.956396560808848
58,5.700114,24.87589007976283
59,5.800116,24.597313743322484
60,5.900118,24.476603793230527
61,6.00012,24.64063593418963
62,6.100122000000001,24.467129246982182
63,6.200124,24.410264064535394
64,6.300126000000001,24.653353014624997
65,6.400128,24.487175244409663
66,6.50013,24.29216943346389
67,6.600132,24.591314659958435
68,6.700134,24.343500132970764
69,6.800136,24.70065223504833
70,6.900138,24.361571349090777
71,7.00014,24.888401978459086
72,7.100142,24.785518330681747
73,7.200144,24.952454353838956
74,7.300146,24.795905705093308
75,7.400148,24.803276822673755
76,7.5001500000000005,24.978880251936022
77,7.6001520000000005,24.943392259023355
78,7.700154,24.899286819509886
79,7.800156,24.72772797363939
80,7.900158,24.885879804083526
81,8.00016,25.206421689759743
82,8.100162000000001,24.6090409949113
83,8.200164000000001,24.928046751628635
84,8.300166,24.500496066939547
85,8.400167999999999,24.743300734075955
86,8.50017,24.704553891844505
87,8.600172,24.466460883594195
88,8.700174,24.587965698082506
89,8.800175999999999,24.8158741457911
90,8.900178,24.525583548984855
91,9.00018,24.67182015047716
92,9.100182,25.045075063327086
93,9.200184,24.69389254654475
94,9.300186,24.862365986095114
95,9.400188,25.015440321763226
96,9.50019,24.870988152920006
97,9.600192000000002,25.221586697480834
98,9.700194,24.983242452915995
99,9.800196,25.021463997001472
100,9.900198,24.859480645206702
101,10.000200000000001,25.06000626449966
102,10.100202,25.253462339638588
103,10.200204,24.833843953116833
104,10.300206,24.915529643455947
105,10.400208000000001,24.972568212818036
106,10.500210000000001,24.91929103762796
107,10.600211999999999,25.210853652358782
108,10.700214,25.111671707672706
109,10.800216,25.184187706972565
110,10.900218,24.991412899710795
111,11.000219999999999,25.03192799582198
112,11.100222,24.622961106198062
113,11.200224,24.564467292248104
114,11.300226,24.37671021379712
115,11.400228,24.137061263059138
116,11.50023,24.470207632122996
117,11.600232,24.668327037813132
118,11.700234,24.973129753073326
119,11.800236,25.068377583067072
120,11.900238,24.944826240509656
121,12.00024,25.227351214343447
122,12.100242,24.981460337512388
123,12.200244000000001,24.908318550333544
124,12.300246000000001,24.84207651447127
125,12.400248,24.54842062931717
126,12.50025,25.37717852172191
127,12.600252000000001,25.938587775027656
128,12.700254000000001,26.124608125941165
129,12.800256,25.55250530908137
130,12.900258,25.879755397418915
131,13.00026,25.789302664453018
132,13.100262,25.448438891215847
133,13.200264,25.260616390504204
134,13.300265999999999,25.59140277348061
135,13.400268,24.91956737367531
136,13.50027,24.48168522146144
137,13.600272,24.841741659608996
138,13.700274,24.87631161379185
139,13.800276,25.051918931668627
140,13.900278,24.939972918849342
141,14.00028,24.95542830183427
142,14.100282000000002,25.19594949530041
143,14.200284,25.39260887172919
144,14.300286,25.061189885680395
145,14.400288,25.058697367271503
146,14.500290000000001,24.893938198196732
147,14.600292,25.064379637298085
148,14.700294,24.739143599903283
149,14.800296,24.826089861182943
150,14.900298000000001,24.867882614948154
151,15.000300000000001,24.893110310692308
152,15.100302,24.86103053111626
153,15.200304000000001,24.745479118769104
154,15.300306,24.73585717885646
155,15.400308,24.573387382176254
156,15.500309999999999,24.727751268085786
157,15.600312,24.71259348890697
158,15.700314,24.768248529744856
159,15.800316,24.581292851171806
160,15.900318,24.573655225513082
161,16.00032,25.137031930714393
162,16.100322,25.4329455253896
163,16.200324000000002,25.303630386165267
164,16.300326000000002,24.617172305944543
165,16.400328000000002,24.975603602860815
166,16.50033,25.21337231927993
167,16.600332,24.844432942206492
168,16.700333999999998,24.92589785390881
169,16.800335999999998,24.68190321413924
170,16.900338,24.867837706889446
171,17.00034,25.202279482282247
172,17.100342,25.269768636663617
173,17.200344,25.59723664802648
174,17.300346,24.96818914789671
175,17.400348,25.451604994136567
176,17.50035,25.006897640187898
177,17.600351999999997,24.97286617190102
178,17.700354,24.877587192346255
179,17.800356,24.92155460532293
180,17.900358,24.919800731341322
181,18.00036,25.217345724882755
182,18.100362,25.604468877790914
183,18.200364,25.115906531649788
184,18.300366,25.466986072845636
185,18.400368,25.373654749204224
186,18.50037,25.098928574435668
187,18.600372,25.00624131176664
188,18.700374,24.547286690369738
189,18.800376,24.35236800767128
190,18.900378,24.617274274251344
191,19.00038,25.297373969808405
192,19.100382,25.28676406744568
193,19.200384000000003,25.08110758278856
194,19.300386,25.32506566505425
195,19.400388,25.36934287262783
196,19.50039,25.085225869649683
197,19.600392,25.27708091886492
198,19.700394,24.755667452775747
199,19.800396,24.818203700366382
200,19.900398000000003,25.193509896663542
201,20.000400000000003,25.22374987272482
202,20.100402000000003,25.43669013549718
203,20.200404,24.95619804268262
204,20.300406,25.015559738301246
205,20.400408,25.09078172740526
206,20.50041,24.850926459384507
207,20.600412,25.42683228159445
208,20.700414000000002,24.51412894407367
209,20.800416000000002,24.621231893103516
210,20.900418000000002,25.12971822925173
211,21.000420000000002,24.85128456783965
212,21.100422,24.923004584831308
213,21.200423999999998,24.937482707709997
214,21.300425999999998,24.60661164207025
215,21.400428,25.327377412684204
216,21.50043,24.92760176922311
217,21.600432,24.74618452639273
218,21.700434,24.537300981784515
219,21.800436,24.70353306402243
220,21.900438,25.043067016626427
221,22.000439999999998,25.08207987887123
222,22.100441999999997,24.808951349084072
223,22.200444,24.212165319908188
224,22.300446,24.747330972992977
225,22.400448,24.949405903786648
226,22.50045,24.917346952375414
227,22.600452,24.931082614585847
228,22.700454,24.513719803021697
229,22.800456,24.100777191032513
230,22.900458,24.662473121574216
231,23.00046,25.335700840346863
232,23.100462,25.69113642522963
233,23.200464,25.54434782297578
234,23.300466,24.712921557820234
235,23.400468,25.00206594350568
236,23.50047,25.00385810100771
237,23.600472,25.04425913814858
238,23.700474000000003,25.31088170276256
239,23.800476,25.23183689708274
240,23.900478,25.139954692910024
241,24.00048,25.72005438565601
242,24.100482,25.28183812855067
243,24.200484,25.17853799085406
244,24.300486,24.994644682415142
245,24.400488000000003,24.345610186906697
246,24.500490000000003,24.663329569156677
247,24.600492000000003,25.070582490501327
248,24.700494,24.816219565221733
249,24.800496,24.92493540231507
250,24.900498,24.86746797435364
251,25.0005,24.92503110524541
252,25.100502,25.182260117638076
253,25.200504000000002,25.38639013497864
254,25.300506000000002,24.75257740985381
255,25.400508000000002,24.773489655810767
256,25.500510000000002,25.335262636861355
257,25.600512,25.123578413956523
258,25.700514,24.72462233349286
259,25.800516,24.663737089838833
260,25.900518,24.533376561816684
261,26.00052,24.57448184925436
262,26.100522,24.738387925546945
263,26.200524,24.58774943644117
264,26.300526,24.642383824312688
265,26.400528,24.346371680771117
266,26.500529999999998,24.49608883040098
267,26.600531999999998,24.665712834800626
268,26.700534,24.910878101343194
269,26.800536,24.473871778303696
270,26.900538,25.239393021010862
271,27.00054,24.823770618530826
272,27.100542,25.248472653740183
273,27.200544,24.669815684726057
274,27.300546,24.797514118576984
275,27.400548,24.681538754699655
276,27.50055,24.868616906458644
277,27.600552,24.7253356776133
278,27.700554,24.484109735416403
279,27.800556,24.675631620405756
280,27.900558,24.42712275749557
281,28.00056,24.593364320412128
282,28.100562,24.659062271127876
283,28.200564000000004,24.666295562808457
284,28.300566,24.639352813140935
285,28.400568,24.84581239294547
286,28.50057,25.122370698424483
287,28.600572,24.94587745604717
288,28.700574,24.818782977722034
289,28.800576,25.26425204661644
290,28.900578000000003,25.287442715845653
291,29.000580000000003,25.78587232835758
292,29.100582000000003,25.497162607642906
293,29.200584,25.295836567044454
294,29.300586,25.525234148041527
295,29.400588,25.933725155820547
296,29.50059,26.018366773691486
297,29.600592,25.86321794545827
298,29.700594000000002,25.41896403916876
299,29.800596000000002,24.991994569429135
300,29.900598000000002,24.967777040711955
301,30.000600000000002,24.630759899729686
302,30.100602,24.548857587895874
303,30.200604,24.823074107853998
304,30.300606,24.98821220535163
305,30.400608000000002,25.364293553955843
306,30.50061,25.17599699443542
307,30.600612,25.450150507971536
308,30.700614,24.896407999413945
309,30.800616,24.721626014045402
310,30.900618,24.790783711798813
311,31.000619999999998,25.048253742966487
312,31.100621999999998,25.05059610221417
313,31.200624,25.133067610440932
314,31.300626,24.961833452225388
315,31.400628,24.748239485829295
316,31.50063,24.766947064338503
317,31.600632,24.760792887505673
318,31.700634,24.66070131304391
319,31.800636,24.99531928364252
320,31.900638,25.217158539914784
321,32.00064,24.910034530415604
322,32.100642,24.710911600741206
323,32.200644,24.553666166779596
324,32.300646,24.67786837971823
325,32.400648000000004,24.57575270075959
326,32.50065,24.704515561992245
327,32.600652000000004,24.453283699621245
328,32.700654,25.175553933947977
329,32.800656000000004,24.588893460916324
330,32.900658,24.513290713603553
331,33.00066,24.815259357525534
332,33.10066200000001,24.958035006364128
333,33.200664,25.30832519341127
334,33.300666,25.307102323954
335,33.400667999999996,25.1187664987501
336,33.50067,25.244909244689786
337,33.600671999999996,25.236759291417336
338,33.700674,24.932269647157824
339,33.800676,24.718282511923814
340,33.900678,24.93911266730856
341,34.00068,25.00319403935547
342,34.100682,25.311536424192713
343,34.200684,24.521216995164078
344,34.300686,24.865090827921524
345,34.400688,24.961232127295897
346,34.500690000000006,24.815161026715852
347,34.600692,24.769356455171366
348,34.700694000000006,24.92903274891568
349,34.800696,24.962873331764467
350,34.900698000000006,25.002100774073185
351,35.0007,24.767225190761454
352,35.100702,24.734586573556587
353,35.200703999999995,24.981303515333867
354,35.300706,24.949443894139176
355,35.400708,25.464674621599947
356,35.50071,25.183799254302354
357,35.600712,25.455883456241466
358,35.700714,25.26731664980261
359,35.800716,25.551303782120588
360,35.900718,24.64883102126178
361,36.00072,25.61385382084614
362,36.100722000000005,25.511147659940733
363,36.200724,26.0220339202756
364,36.300726000000004,26.46327509588034
365,36.400728,26.181336606073064
366,36.500730000000004,26.148517565333492
367,36.600732,25.3176007349355
368,36.700734000000004,25.192809487044265
369,36.800736,25.015279580613786
370,36.900738,24.897760001609168
371,37.00074,25.533656492642102
372,37.100742,26.47492436583427
373,37.200744,26.361475475351245
374,37.300746,25.82435178739048
375,37.400748,25.800482087774558
376,37.50075,25.365839555080647
377,37.600752,25.088052858206908
378,37.700754,25.070368713204193
379,37.800756,25.220563306381813
380,37.900758,25.70497738365774
381,38.00076,25.68895780681377
382,38.100762,25.422256535671004
383,38.200764,25.878168101539664
384,38.300766,25.822926778272357
385,38.40076800000001,25.852748988344665
386,38.50077,25.4442786964477
387,38.600772,25.423277903349558
388,38.700773999999996,25.723232501528997
389,38.800776,25.782609842824737
390,38.900777999999995,25.534839756487436
391,39.00078,25.509321559446235
392,39.100782,25.04272001279282
393,39.200784,24.9472642647335
394,39.300786,24.980781611267886
395,39.400788,24.65055008667546
396,39.50079,24.53901639292172
397,39.600792,24.92366578630274
398,39.700794,24.98895166898516
399,39.800796000000005,24.78901111991522
400,39.900798,24.50632758417938
401,40.000800000000005,24.4420796198391
402,40.100802,24.544353432960815
403,40.200804000000005,24.67974565139997
404,40.300806,24.55841477657854
405,40.400808,24.72236375371464
406,40.500809999999994,24.75390232278266
407,40.600812,24.693840344029425
408,40.700814,24.509660099526236
409,40.800816,24.753411930762542
410,40.900818,24.75053402085866
411,41.00082,24.611088608279378
412,41.100822,24.68701275749012
413,41.200824,24.78326758486327
414,41.300826,24.75221808852224
415,41.400828000000004,24.7092849975407
416,41.50083,24.405026500903556
417,41.600832000000004,24.74976832037893
418,41.700834,24.687227408090543
419,41.800836000000004,24.877574128038262
420,41.900838,24.530765526351427
421,42.000840000000004,24.78939908180135
422,42.10084200000001,25.009276148472985
423,42.200844,24.635645224824916
424,42.300846,24.879002427887777
425,42.400847999999996,25.007844442159833
426,42.50085,24.706557247163612
427,42.600851999999996,24.95753086928893
428,42.700854,24.959062142593503
429,42.800856,25.059126190937068
430,42.900858,24.69740932510612
431,43.00086,24.846488925081847
432,43.100862,24.992497018452557
433,43.200864,25.083531999453218
434,43.300866,24.651418612368897
435,43.400868,25.13552297010572
436,43.500870000000006,24.728988258735697
437,43.600872,25.34164151709332
438,43.700874000000006,25.08999304819548
439,43.800876,25.16638490742312
440,43.900878000000006,25.19116026806961
441,44.000879999999995,24.9153061920966
442,44.100882,25.322750644639683
443,44.200883999999995,25.38935207904549
444,44.300886,25.323413227338765
445,44.400888,24.549886916316627
446,44.50089,24.698181881629015
447,44.600892,25.010503323226466
448,44.700894,25.194936411915542
449,44.800896,24.8276299758727
450,44.900898,25.146322244456268
451,45.0009,25.192522936560895
452,45.100902000000005,24.85697451403106
453,45.200904,24.940547891300294
454,45.300906000000005,25.150199798858935
455,45.400908,25.0375459003901
456,45.500910000000005,24.92361433436057
457,45.600912,25.31111064129138
458,45.700914000000004,24.94214903679989
459,45.800916,25.078651005017072
460,45.900918,24.770564741208382
461,46.00092,24.68676853473408
462,46.100922,25.035266283565765
463,46.200924,24.720636041051115
464,46.300926,24.69478903188205
465,46.400928,24.621309415757782
466,46.50093,24.41692698081563
467,46.600932,24.434392049420477
468,46.700934000000004,24.73691976173506
469,46.800936,24.606187418564996
470,46.900938000000004,24.824374996179742
471,47.00094,24.84752577115119
472,47.100942,24.855196969790555
473,47.200944,24.76298650485962
474,47.300946,24.94318922862421
475,47.40094800000001,24.88455674309251
476,47.50095,25.045204756599347
477,47.600952,24.833869329752485
478,47.700953999999996,24.89712597515057
479,47.800956,25.069118075105386
480,47.900957999999996,24.586385436819917
481,48.00096,24.769838401665215
482,48.100962,24.96277037312927
483,48.200964,24.736119150067864
484,48.300966,24.814848283454086
485,48.400968,25.214154590520597
486,48.50097,25.048853621312734
487,48.600972,24.820450708617845
488,48.700974,24.563211254938924
489,48.800976000000006,24.220132488523223
490,48.900978,25.005746068013813
491,49.000980000000006,25.12060910252507
492,49.100982,24.998840579911526
493,49.200984000000005,25.136025796245896
494,49.300986,25.046040646264945
495,49.400988,25.07592552152416
496,49.500989999999994,25.027710461189386
497,49.600992,25.147088921740476
498,49.700994,24.931528951933643
499,49.800996,25.26797570020337
500,49.900998,25.132329754781306
501,50.001,25.121238640916825
502,50.101002,24.72871966326535
503,50.201004,24.801413099994416
504,50.301006,24.707464826930448
505,50.401008000000004,24.826766250232335
506,50.50101,24.802740281090042
507,50.601012000000004,24.80735965810978
508,50.701014,24.653591011360188
509,50.801016000000004,24.53870122965837
510,50.901018,24.79588837214879
511,51.001020000000004,24.657244937933804
512,51.10102200000001,24.42287617363146
513,51.201024,24.23757583954412
514,51.301026,23.979536889526617
515,51.401028,24.385000515025848
516,51.50103,24.7374955904868
517,51.601032,24.36362805499473
518,51.701034,24.27312703261154
519,51.801036,24.738084203522074
520,51.901038,24.461357541295754
521,52.00104,24.392215399394132
522,52.101042,24.343657714275494
523,52.201044,24.594464861413776
524,52.301046,24.758104196378856
525,52.401048,24.841920670662297
526,52.501050000000006,24.90823457164768
527,52.601052,24.46853230408703
528,52.701054000000006,24.803971246072518
529,52.801056,24.993513312062124
530,52.901058000000006,25.33377075704509
531,53.001059999999995,24.927183800659066
532,53.101062,24.78084536431432
533,53.201063999999995,24.920037172343775
534,53.301066,25.35883251173061
535,53.401068,25.43562360457067
536,53.50107,24.919134191984973
537,53.601072,24.99213755860267
538,53.701074,25.130641898571785
539,53.801076,25.106220885157434
540,53.901078,24.802079996590248
541,54.00108,25.05160330756708
542,54.101082000000005,25.41706464610871
543,54.201084,25.07527597601876
544,54.301086000000005,25.22276813788598
545,54.401088,24.882218306090287
546,54.501090000000005,24.882418215653974
547,54.601092,25.2623044087626
548,54.701094000000005,25.351903845100193
549,54.801096,25.38223267019942
550,54.901098,25.531198166239392
551,55.0011,25.467828318561686
552,55.101102,25.226309180849764
553,55.201104,25.30074970770622
554,55.301106,25.50970957656981
555,55.401108,25.612848053097395
556,55.50111,25.61805144726955
557,55.601112,25.3610450638584
558,55.701114000000004,25.36025863907172
559,55.801116,25.20290902644944
560,55.901118000000004,25.405046018601634
561,56.00112,25.124753560416643
562,56.101122000000004,25.523169425627408
563,56.201124,25.41373095916295
564,56.301126000000004,25.278525063657657
565,56.40112800000001,25.508938604183
566,56.50113,25.325793807661295
567,56.601132,25.408422876710453
568,56.701133999999996,25.440186519104937
569,56.801136,25.192542414967875
570,56.901137999999996,25.220140830542533
571,57.00114,25.251554967062496
572,57.101142,25.30258801206587
573,57.201144,25.30866591022019
574,57.301146,25.342842041423825
575,57.401148,24.925849894394496
576,57.50115,25.00833366098389
577,57.601152,24.93450689216754
578,57.701154,24.980713361749963
579,57.801156000000006,25.105075975336746
580,57.901158,25.11053541938227
581,58.001160000000006,24.94619860392793
582,58.101162,24.64443507020578
583,58.201164000000006,24.91038991896848
584,58.301166,25.113581052059764
585,58.401168,24.981191381537762
586,58.501169999999995,24.859404332891554
587,58.601172,25.0427563455366
588,58.701174,24.97968718272021
589,58.801176,24.881602366013244
590,58.901178,25.21884197126806
591,59.00118,25.23875232833728
592,59.101182,24.364420694035143
593,59.201184,24.41105195217933
594,59.301186,25.066355178493144
595,59.401188000000005,25.42683146997256
596,59.50119,25.335877338985508
597,59.601192000000005,24.527835375162926
598,59.701194,25.51222391969144
599,59.801196000000004,24.68809177006296
600,59.901198,24.82771421734682
601,60.001200000000004,25.205984646520953
602,60.10120200000001,25.596590714044307
603,60.201204,25.443086985171295
604,60.301206,25.445607259221863
605,60.401208,25.197879331243403
606,60.50121,25.827131831587803
607,60.601212,25.406904873626512
608,60.701214,25.199632540795772
609,60.801216000000004,25.374902340760148
610,60.901218,25.588711741502397
611,61.00122,25.91667237456689
612,61.101222,25.168414647477782
613,61.201224,25.17930681940735
614,61.301226,24.812009350823388
615,61.401228,24.77456392807652
616,61.50123000000001,24.704386596587074
617,61.601232,24.712572701933816
618,61.70123400000001,25.03946143734457
619,61.801236,25.247778924687925
620,61.901238000000006,25.041137233507612
621,62.001239999999996,25.977936528197375
622,62.101242,26.24769472363922
623,62.201243999999996,26.136742282205958
624,62.301246,26.209819656224152
625,62.401248,26.21023426320688
626,62.50125,26.410236831016157
627,62.601252,26.468848184475174
628,62.701254,26.374687549669293
629,62.801256,26.711591946942768
630,62.901258,26.343896378985274
631,63.00126,26.70059968950315
632,63.101262000000006,25.65326990691044
633,63.201264,25.72812458381271
634,63.301266000000005,25.786846728972193
635,63.401268,25.28510231158921
636,63.501270000000005,26.208607928853144
637,63.601272,25.955174206973442
638,63.701274000000005,25.929189325727773
639,63.801276,25.92201684387029
640,63.901278,26.333799723375993
641,64.00128,26.535012127892045
642,64.101282,26.31919690641234
643,64.201284,26.08518815132134
644,64.301286,26.29561956712778
645,64.401288,26.1530186972976
646,64.50129,26.302560488865947
647,64.601292,25.932641862569906
648,64.701294,26.258385106746026
649,64.80129600000001,26.40869133708703
650,64.901298,26.01597831882366
651,65.0013,25.91521774799078
652,65.101302,26.244439952206832
653,65.20130400000001,26.619378433798225
654,65.30130600000001,26.046050648176465
655,65.401308,26.12269598552966
656,65.50131,26.34865811370798
657,65.60131200000001,25.843162906892317
658,65.701314,26.397123047338553
659,65.801316,26.0726657725106
660,65.901318,26.026048053377664
661,66.00132,26.09285695785404
662,66.101322,26.113970125331356
663,66.20132400000001,25.954388388912115
664,66.301326,25.78421458866369
665,66.401328,25.60768706557646
666,66.50133,25.68465925043054
667,66.601332,25.402471631709393
668,66.701334,25.785652236040715
669,66.80133599999999,25.338252317877718
670,66.90133800000001,25.59485501620266
671,67.00134,25.544348977991426
672,67.101342,25.370013132104216
673,67.20134399999999,25.21381352069792
674,67.30134600000001,25.058085275283258
675,67.401348,25.36316157916151
676,67.50135,25.502905311241484
677,67.601352,25.99159191660489
678,67.70135400000001,25.554456137350908
679,67.801356,25.18686890979483
680,67.901358,25.386814591351225
681,68.00136,25.371523517722267
682,68.10136200000001,25.38663096476845
683,68.201364,25.091246550996804
684,68.301366,25.33249967478805
685,68.401368,25.034319429156223
686,68.50137,24.687962745539203
687,68.601372,24.85990458279771
688,68.701374,25.025324765122157
689,68.801376,25.2611759843178
690,68.901378,24.986986756263107
691,69.00138000000001,24.88899384594256
692,69.101382,24.873221016968323
693,69.201384,25.13734538659477
694,69.301386,24.54371442339205
695,69.40138800000001,24.91889631662851
696,69.50139,25.008005335699764
697,69.601392,25.154859553152857
698,69.701394,25.236617436801396
699,69.80139600000001,25.148539945817785
700,69.901398,25.014635858696323
701,70.0014,24.850596595385564
702,70.10140200000001,25.193888800742346
703,70.201404,24.687713963710358
704,70.301406,24.49072648817237
705,70.40140799999999,24.72501622289442
706,70.50141,24.982225803656302
707,70.601412,24.509743989768456
708,70.701414,24.62591522483227
709,70.801416,24.923596556477015
710,70.901418,24.611092370187688
711,71.00142,24.973729740320127
712,71.101422,24.723541323179575
713,71.201424,24.319679804038007
714,71.301426,24.378202253579786
715,71.401428,24.45719855147224
716,71.50143000000001,24.543574917682704
717,71.601432,24.742883348349775
718,71.701434,24.840442348237783
719,71.801436,24.767780046257972
720,71.901438,24.647780454336242
721,72.00144,25.006642336380857
722,72.10144199999999,24.931099867587125
723,72.20144400000001,24.87406135019483
724,72.301446,25.05356682278828
725,72.401448,25.107866459455206
726,72.50144999999999,24.76026893738491
727,72.60145200000001,24.91732162835303
728,72.701454,24.646245291760405
729,72.801456,25.072214520944847
730,72.901458,24.52727625718434
731,73.00146000000001,24.82152312023625
732,73.101462,24.330735670904502
733,73.201464,24.314002124087697
734,73.301466,24.629628064523484
735,73.40146800000001,25.011703596621718
736,73.50147,24.834556287189237
737,73.601472,24.87340884449821
738,73.701474,24.85700496850843
739,73.801476,24.684762639233153
740,73.901478,24.82425821956448
741,74.00148,24.788021698692543
742,74.101482,25.050157023975192
743,74.201484,25.0884346284043
744,74.30148600000001,24.636500685101293
745,74.401488,24.863810653092326
746,74.50149,24.773419768808896
747,74.601492,25.0589453373294
748,74.70149400000001,24.173170012714753
749,74.801496,24.742224812049866
750,74.901498,25.323008504968616
751,75.0015,24.685600893133465
752,75.10150200000001,24.613219808462457
753,75.201504,24.937831812517064
754,75.301506,25.457172199656615
755,75.401508,24.948409877237417
756,75.50151,24.71698135076802
757,75.601512,24.853207998249204
758,75.70151399999999,24.73472968590391
759,75.801516,24.746146522913943
760,75.901518,24.74594906126096
761,76.00152,24.83559934585353
762,76.101522,24.585180109283456
763,76.201524,24.734617736749367
764,76.301526,24.664014708022332
765,76.401528,24.974532355550565
766,76.50153,24.721870648341
767,76.601532,24.93509798283913
768,76.701534,24.8021531789317
769,76.80153600000001,25.040430606040783
770,76.901538,25.050342571473436
771,77.00154,24.883264353361568
772,77.101542,24.465473061348934
773,77.201544,24.372895703669602
774,77.301546,24.600290670084057
775,77.40154799999999,24.483451859946946
776,77.50155000000001,24.64962255054568
777,77.601552,24.75121293207856
778,77.701554,24.497717043942693
779,77.80155599999999,24.799226524812827
780,77.90155800000001,24.87357026026667
781,78.00156,24.963787438948952
782,78.101562,25.12677652017717
783,78.201564,24.988120232668123
784,78.30156600000001,24.882254334518308
785,78.401568,24.504230504683562
786,78.50157,24.64286679959761
787,78.601572,25.152580809382087
788,78.70157400000001,25.251712193857866
789,78.801576,24.88194294487924
790,78.90157800000001,25.053651814603455
791,79.00158,24.59902513557748
792,79.101582,24.826860696970886
793,79.201584,25.205847128594677
794,79.301586,25.31403760467084
795,79.401588,25.10615396059572
796,79.50159,24.88073441679552
797,79.60159200000001,24.323620582960068
798,79.701594,24.360517021096918
799,79.801596,24.238825062010573
800,79.90159799999999,24.966554474708246
801,80.00160000000001,24.927668342709797
802,80.101602,24.8951642518338
803,80.201604,24.52717390354341
804,80.301606,24.73075410115894
805,80.40160800000001,24.757522337573953
806,80.50161,24.874066935513806
807,80.601612,24.844922761858975
808,80.701614,25.07248759627844
809,80.801616,25.30055988355112
810,80.901618,24.91312284370469
811,81.00161999999999,24.748075230383122
812,81.101622,24.28429256178698
813,81.201624,24.869088322966753
814,81.301626,24.674839717096145
815,81.401628,24.370568642450696
816,81.50163,24.745671985917436
817,81.601632,24.630051485737614
818,81.701634,24.744002563681793
819,81.801636,24.50118727341828
820,81.901638,24.819006883799176
821,82.00164,24.247981547981134
822,82.10164200000001,24.328106273075367
823,82.201644,24.41982809277797
824,82.301646,24.9266393019257
825,82.401648,24.559448978115178
826,82.50165000000001,24.62737890190084
827,82.601652,25.496567737837964
828,82.70165399999999,25.660910334348767
829,82.80165600000001,25.07131135511112
830,82.901658,24.97069759227019
831,83.00166,24.444010344865333
832,83.10166199999999,24.320478651327033
833,83.20166400000001,24.425117456909923
834,83.301666,25.10204066265198
835,83.401668,24.865044001990412
836,83.50167,24.91307095152101
837,83.60167200000001,24.443784262916996
838,83.701674,24.696770097182092
839,83.801676,24.811251594592296
840,83.901678,24.792303329041403
841,84.00168000000001,24.436509154729176
842,84.101682,24.640819110295944
843,84.20168400000001,24.993404323279808
844,84.301686,24.8003334717848
845,84.401688,25.32472221308474
846,84.50169,25.16541742660233
847,84.601692,25.225943728654542
848,84.701694,24.873547587243625
849,84.80169599999999,24.34579308659963
850,84.90169800000001,24.36561740020189
851,85.0017,24.803001036031315
852,85.101702,24.710844857203067
853,85.20170399999999,24.51387723047796
854,85.30170600000001,24.543551638157638
855,85.401708,24.337258382089413
856,85.50171,24.529901580590163
857,85.601712,24.418702342373777
858,85.70171400000001,24.84348095794788
859,85.801716,24.711541153378562
860,85.901718,24.706772213839457
861,86.00172,24.802179938056728
862,86.10172200000001,24.587347144502445
863,86.201724,24.61756945289134
864,86.301726,24.571638753546953
865,86.401728,24.42170441099192
866,86.50173,24.68702494371563
867,86.601732,24.698296915412243
868,86.701734,24.771517179892466
869,86.801736,24.696771923156454
870,86.901738,24.566983938180062
871,87.00174000000001,24.477080272878396
872,87.101742,24.703149099617047
873,87.201744,24.79261096599591
874,87.301746,24.72960572035294
875,87.40174800000001,24.889227473553696
876,87.50175,24.76718526744692
877,87.601752,24.90294216247695
878,87.701754,24.77545657441921
879,87.80175600000001,24.35631305514187
880,87.901758,24.45940821178861
881,88.00175999999999,24.6643690352146
882,88.10176200000001,24.823092226486434
883,88.201764,24.331249711238552
884,88.301766,24.718608293850096
885,88.40176799999999,24.69443772774111
886,88.50177000000001,24.518009939934345
887,88.601772,24.86587562789918
888,88.701774,24.917828849212363
889,88.801776,24.848846158268685
890,88.90177800000001,24.80454535702907
891,89.00178,25.012094079126566
892,89.101782,24.924268655031533
893,89.201784,24.92195996583
894,89.301786,24.870444488801358
895,89.401788,24.945939548989525
896,89.50179000000001,24.91725258243982
897,89.601792,25.065134644190753
898,89.701794,24.928821178609454
899,89.801796,25.023456002570992
900,89.901798,24.948089374799785
901,90.0018,25.26758340411037
902,90.10180199999999,25.283973287808802
903,90.20180400000001,24.906056799946825
904,90.301806,24.931275288419727
905,90.401808,24.73657704539517
906,90.50180999999999,24.925933286276464
907,90.60181200000001,24.77514456755152
908,90.701814,24.610831132846513
909,90.801816,24.55023435032046
910,90.901818,24.88413396833746
911,91.00182000000001,24.718195514025712
912,91.101822,24.538327287937182
913,91.201824,24.706615174732697
914,91.301826,24.741915001562216
915,91.40182800000001,24.649648475807652
916,91.50183,24.387000424592436
917,91.601832,24.715007544810273
918,91.701834,24.84352510020407
919,91.801836,24.810984987410034
920,91.901838,24.73123341382108
921,92.00184,24.733975939169294
922,92.101842,24.70829421622242
923,92.201844,24.610808442142975
924,92.30184600000001,24.848963122102848
925,92.401848,24.564543115903128
926,92.50185,24.83623585691052
927,92.601852,24.730548718481597
928,92.70185400000001,24.85361038995066
929,92.801856,24.901084137376476
930,92.901858,24.92948234147938
931,93.00186,24.44794544627133
932,93.10186200000001,24.336512731706254
933,93.201864,24.609308840629
934,93.301866,24.753680820903686
935,93.40186800000001,24.59663631978622
936,93.50187,24.763522182057415
937,93.601872,24.78465210003473
938,93.70187399999999,24.866793144788193
939,93.80187600000001,24.79730570593578
940,93.901878,24.896266977707672
941,94.00188,25.045429175211428
942,94.101882,24.689234698641297
943,94.201884,24.739566371985138
944,94.301886,24.736396104978756
945,94.401888,24.574845374790787
946,94.50189,24.80934642008857
947,94.601892,24.608440196832642
948,94.701894,24.753726400954793
949,94.80189600000001,24.95083659536148
950,94.901898,24.840037157773125
951,95.0019,24.8541733016931
952,95.101902,25.288346394109123
953,95.201904,25.283290572951778
954,95.301906,25.198699538601865
955,95.40190799999999,25.19756515091773
956,95.50191000000001,25.11384827374825
957,95.601912,25.197707788402028
958,95.701914,25.23374535957083
959,95.80191599999999,25.078637958507535
960,95.90191800000001,25.140306662216215
961,96.00192,25.268502039920048
962,96.101922,25.00154337063349
963,96.201924,24.92071883198501
964,96.30192600000001,25.115933738901354
965,96.401928,25.090805517946986
966,96.50193,25.144707355500262
967,96.601932,25.17354232138299
968,96.70193400000001,25.068653742748513
969,96.801936,25.253982049633294
970,96.90193800000002,24.816845658962343
971,97.00194,25.14586918507049
972,97.101942,25.102106237281273
973,97.201944,25.41333331340936
974,97.301946,25.08672539143957
975,97.401948,24.95355644930116
976,97.50195,25.02480650795506
977,97.60195200000001,24.96938480589607
978,97.701954,25.03677036972873
979,97.801956,25.03227250755182
980,97.901958,25.248069171290147
981,98.00196000000001,25.1444538026267
982,98.101962,25.214683660946523
983,98.201964,25.083730156365817
984,98.30196600000001,25.156866604926893
985,98.40196800000001,25.316203878874383
986,98.50197,25.277521734371586
987,98.601972,25.28587453673364
988,98.701974,25.132624626913756
989,98.801976,25.15347806581159
990,98.901978,25.10593697119095
991,99.00197999999999,25.18926104923547
992,99.101982,25.249464529390238
993,99.201984,25.117350243314487
994,99.301986,25.135638378734043
995,99.401988,25.03394167179373
996,99.50199,25.106769355416297
997,99.601992,25.006841918528753
998,99.701994,25.089809531751445
999,99.801996,24.978657976624902
1000,99.901998,24.89408840714781
1001,100.002,25.112742526735815
1002,100.10200200000001,25.057996051191815
1003,100.202004,25.088254688226915
1004,100.302006,24.975740986851328
1005,100.402008,24.837554469608055
1006,100.50201000000001,24.974960140675446
1007,100.602012,25.059970082408018
1008,100.70201399999999,25.071587403071312
1009,100.80201600000001,24.925549925904708
1010,100.902018,25.111384934285574
1011,101.00202,25.189522894629782
1012,101.10202199999999,25.19835413273854
1013,101.20202400000001,25.218914434814565
1014,101.302026,25.43777986555291
1015,101.402028,25.43491168104746
1016,101.50203,25.499307023826233
1017,101.60203200000001,25.255252986541834
1018,101.702034,25.208498056804636
1019,101.802036,25.24556263288563
1020,101.902038,25.25484449265417
1021,102.00204000000001,25.26516639294749
1022,102.102042,25.086803227299633
1023,102.20204400000001,25.253602659378444
1024,102.302046,25.254374609203033
1025,102.402048,25.336394668745843
1026,102.50205,25.319682601214943
1027,102.602052,25.31705664466215
1028,102.702054,25.35336361482576
1029,102.802056,25.383305643804718
1030,102.90205800000001,25.469792975357358
1031,103.00206,25.284833271161297
1032,103.102062,25.304993028608045
1033,103.202064,25.356051635283645
1034,103.30206600000001,25.228248880245676
1035,103.402068,25.487597679012147
1036,103.50207,25.485059699478544
1037,103.602072,25.477223910047243
1038,103.70207400000001,25.570840444359526
1039,103.802076,25.282075167146548
1040,103.902078,25.348441744965793
1041,104.00208,25.266651642028762
1042,104.10208200000001,25.19477898511133
1043,104.202084,25.393683553965612
1044,104.302086,25.33956069441626
1045,104.402088,25.46118946839936
1046,104.50209,25.422379775752134
1047,104.602092,25.34655708152723
1048,104.702094,25.32063368205692
1049,104.802096,25.436826656868412
1050,104.902098,25.358503195163486
1051,105.00210000000001,25.27601384699786
1052,105.102102,25.3527970887385
1053,105.202104,25.329779545902447
1054,105.302106,25.29468412018148
1055,105.40210800000001,25.212627098880585
1056,105.50211,25.133599920939695
1057,105.602112,25.20493249013546
1058,105.702114,25.29140356867199
1059,105.80211600000001,25.206353852161033
1060,105.902118,25.21100076056606
1061,106.00211999999999,25.180164844136048
1062,106.10212200000001,25.294332726161667
1063,106.202124,25.360694892639593
1064,106.302126,25.3616997417191
1065,106.40212799999999,25.378522779008392
1066,106.50213000000001,25.356591134734586
1067,106.602132,25.209385566003995
1068,106.702134,25.397327796304612
1069,106.802136,25.402102869910063
1070,106.90213800000001,25.28052266612638
1071,107.00214,25.23604774235517
1072,107.102142,25.35357012394291
1073,107.202144,25.42964162540171
1074,107.30214600000001,25.447773471028984
1075,107.402148,25.37669017791482
1076,107.50215000000001,25.195556220828628
1077,107.602152,25.387739296073374
1078,107.702154,25.249689275404926
1079,107.802156,25.234560699909593
1080,107.902158,25.47092784076805
1081,108.00216,25.426961684864683
1082,108.10216199999999,25.53745268000859
1083,108.20216400000001,25.21366515126055
1084,108.302166,25.35172724967411
1085,108.402168,25.196133360852112
1086,108.50216999999999,25.295839615583056
1087,108.60217200000001,25.32557592419272
1088,108.702174,25.077346993630876
1089,108.802176,25.117929949300166
1090,108.902178,25.007097904481913
1091,109.00218000000001,25.07561221108585
1092,109.102182,25.156253201339197
1093,109.202184,25.231278535273965
1094,109.302186,25.15677445772623
1095,109.40218800000001,24.9729345508209
1096,109.50219,25.122343829067884
1097,109.602192,25.12386336187384
1098,109.702194,25.201888439628643
1099,109.802196,25.241110318629186
1100,109.902198,25.53076837578862
1101,110.0022,25.328052360281998
1102,110.102202,25.273809046224738
1103,110.202204,25.43231326290327
1104,110.30220600000001,25.25378380239132
1105,110.402208,25.184523129689392
1106,110.50221,25.154610441588233
1107,110.602212,25.086827687362533
1108,110.70221400000001,25.47873180321403
1109,110.802216,25.220259632770745
1110,110.902218,25.483495983276676
1111,111.00222,25.407466361176464
1112,111.10222200000001,25.263039825987487
1113,111.202224,25.243013660723893
1114,111.30222599999999,25.265198683829365
1115,111.40222800000001,25.153837758307684
1116,111.50223,25.180106704916618
1117,111.602232,25.08204524611731
1118,111.70223399999999,25.198364358454043
1119,111.80223600000001,25.185398423263106
1120,111.902238,25.059676725878205
1121,112.00224,25.170560728928397
1122,112.102242,25.33096927660745
1123,112.20224400000001,25.210482375252106
1124,112.302246,25.168381909058017
1125,112.402248,24.783714614074416
1126,112.50225,24.64346987474596
1127,112.60225200000001,24.798836499941824
1128,112.702254,24.95496186583006
1129,112.80225600000001,25.157854501063948
1130,112.902258,24.95207271497802
1131,113.00226,25.071576397050514
1132,113.102262,25.06674825543878
1133,113.202264,24.716889932473205
1134,113.302266,24.77490917771509
1135,113.40226799999999,24.663132996895577
1136,113.50227000000001,24.98353860866641
1137,113.602272,24.70506896675768
1138,113.702274,24.73995648538349
1139,113.80227599999999,24.631363465692083
1140,113.90227800000001,24.454295996519665
1141,114.00228,24.60891733980161
1142,114.102282,24.645424191777206
1143,114.202284,24.76825081706942
1144,114.30228600000001,24.78657315404618
1145,114.402288,24.960808048247305
1146,114.50229,25.043026112750827
1147,114.602292,24.95385433251588
1148,114.70229400000001,25.104284444058145
1149,114.802296,24.707509754206885
1150,114.902298,24.714115129693653
1151,115.0023,25.101138105409657
1152,115.102302,24.732533872427705
1153,115.202304,24.674382923388485
1154,115.302306,24.73286214909148
1155,115.402308,24.761451026522725
1156,115.50231,24.55864153332523
1157,115.60231200000001,25.228994912140834
1158,115.702314,24.66467568178149
1159,115.802316,24.72021547435839
1160,115.902318,24.96997059019252
1161,116.00232000000001,24.895897759269566
1162,116.102322,25.163147769643643
1163,116.202324,25.169087521205785
1164,116.30232600000001,25.165169391516162
1165,116.40232800000001,25.312541276555027
1166,116.50233,24.85778809504139
1167,116.602332,24.725540317114202
1168,116.70233400000001,24.833685607359715
1169,116.802336,24.830631758909224
1170,116.902338,25.07752634025509
1171,117.00233999999999,24.87083320083346
1172,117.10234200000001,24.802972031377607
1173,117.202344,24.693422942234513
1174,117.302346,24.62926201625289
1175,117.402348,24.61215412617474
1176,117.50235,24.70827488794818
1177,117.602352,24.362645881650632
1178,117.702354,24.665384273417963
1179,117.802356,24.759614326060348
1180,117.902358,24.516610019754328
1181,118.00236,24.81338490797296
1182,118.10236200000001,24.707905250870155
1183,118.202364,24.988630606158093
1184,118.302366,25.026016039319867
1185,118.402368,25.041294944969234
1186,118.50237,24.759000776010037
1187,118.602372,24.948875638427285
1188,118.70237399999999,24.907533704773826
1189,118.80237600000001,24.857505279801643
1190,118.902378,24.686203285566354
1191,119.00238,24.391813283213725
1192,119.10238199999999,24.713135934111627
1193,119.20238400000001,24.401323448785995
1194,119.302386,24.8340811346041
1195,119.402388,24.503143791177923
1196,119.50239,24.640580020055374
1197,119.60239200000001,24.721657400611754
1198,119.702394,24.705471340810575
1199,119.802396,25.270334664298538
1200,119.902398,25.135967391525522
1201,120.00240000000001,24.938466743993693
1202,120.102402,25.09947496823465
1203,120.20240400000002,25.324590609134745
1204,120.302406,25.351968958580922
1205,120.402408,25.18429609886773
1206,120.50241,25.28360429256123
1207,120.602412,25.303386558090935
1208,120.702414,25.302324908207456
1209,120.802416,24.999185366415123
1210,120.90241800000001,24.948462431360337
1211,121.00242,25.1908178335418
1212,121.102422,25.00602710959403
1213,121.202424,24.90806566696422
1214,121.30242600000001,24.75394925445958
1215,121.402428,24.91562933604577
1216,121.50243,24.703846056509814
1217,121.60243200000001,24.92494089603656
1218,121.70243400000001,25.027760252918487
1219,121.802436,24.977868463179266
1220,121.902438,25.040766292871574
1221,122.00244,24.9498548886851
1222,122.102442,25.029034466418484
1223,122.202444,25.123533826509483
1224,122.302446,24.82593603644386
1225,122.402448,24.828602831422934
1226,122.50245,24.807740767406052
1227,122.602452,24.706709890056576
1228,122.702454,24.864178279072846
1229,122.802456,24.888035718939637
1230,122.902458,24.728744266077076
1231,123.00246000000001,24.624776748393884
1232,123.102462,24.6928348392362
1233,123.202464,24.614810700995324
1234,123.302466,24.656893952615892
1235,123.40246800000001,24.463383160039385
1236,123.50247,24.62088866041172
1237,123.602472,24.74646902115892
1238,123.702474,25.1332488859711
1239,123.80247600000001,25.154429682466066
1240,123.902478,25.011032358531253
1241,124.00247999999999,24.741378625068535
1242,124.10248200000001,24.601882046294687
1243,124.202484,24.63955648536758
1244,124.302486,24.59629854334067
1245,124.40248799999999,24.611146317428247
1246,124.50249000000001,24.613496838037417
1247,124.602492,24.70430020128427
1248,124.702494,24.73530657675709
1249,124.802496,24.61358934466847
1250,124.90249800000001,24.90537038183586
1251,125.0025,24.947979734183896
1252,125.102502,24.73580918553172
1253,125.202504,24.791824559710232
1254,125.30250600000001,24.741544663828716
1255,125.402508,24.72825591007952
1256,125.50251000000002,24.6037496011613
1257,125.602512,24.711786307676512
1258,125.702514,24.63891112103009
1259,125.802516,24.673933587918437
1260,125.902518,24.77624732169328
1261,126.00252,24.641965100918313
1262,126.102522,24.707950425027324
1263,126.20252400000001,24.617262133430977
1264,126.302526,24.67503429556928
1265,126.402528,24.68174734976534
1266,126.50253,24.60685017191622
1267,126.60253200000001,24.65801885039525
1268,126.702534,24.696783885208436
1269,126.802536,24.70994541790988
1270,126.902538,24.888837754433276
1271,127.00254000000001,24.65064688715269
1272,127.102542,24.798352458442558
1273,127.202544,24.71365087907675
1274,127.302546,24.744017949843318
1275,127.40254800000001,24.77966697653278
1276,127.50255,24.742757750735624
1277,127.602552,24.613579607865358
1278,127.702554,24.912800119921762
1279,127.802556,24.669522582019077
1280,127.902558,24.7679784537153
1281,128.00256,24.62929840295754
1282,128.102562,24.587242328274346
1283,128.202564,24.476233049916775
1284,128.302566,24.69907824326254
1285,128.402568,24.58815209275053
1286,128.50257000000002,24.712480509241068
1287,128.602572,24.780085417298313
1288,128.702574,24.72534733695844
1289,128.802576,24.787195919620586
1290,128.902578,24.720053801022758
1291,129.00258,24.6145539952029
1292,129.102582,24.72169070525682
1293,129.202584,24.700469477521533
1294,129.302586,24.636378592452168
1295,129.402588,24.749567384518006
1296,129.50259,24.63408068665691
1297,129.60259200000002,24.498961981499328
1298,129.702594,24.712564954898877
1299,129.802596,25.0642048204676
1300,129.902598,25.134268828591402
1301,130.0026,25.13629839625236
1302,130.102602,25.178591007567068
1303,130.202604,24.80032957414583
1304,130.302606,24.802754754079142
1305,130.40260800000001,24.89979791993295
1306,130.50261,24.823517387218384
1307,130.60261200000002,24.928268081037796
1308,130.702614,24.96715907959778
1309,130.802616,25.022278296151747
1310,130.902618,24.811419151727097
1311,131.00262,25.03262617206807
1312,131.102622,24.837928703890164
1313,131.20262400000001,24.943225080706178
1314,131.30262599999998,24.96451352485345
1315,131.402628,24.941105297902038
1316,131.50263,24.700892457999775
1317,131.602632,24.74270984300006
1318,131.702634,24.732574604993747
1319,131.802636,24.557929795084295
1320,131.902638,24.75404327057777
1321,132.00264,24.751090739569353
1322,132.102642,24.64072364076675
1323,132.202644,24.583755824415448
1324,132.302646,24.648640969128508
1325,132.40264800000003,24.777510700503193
1326,132.50265,24.723095418394777
1327,132.602652,24.65932010627459
1328,132.702654,24.896385092526902
1329,132.802656,24.78542136914441
1330,132.902658,24.73350530098175
1331,133.00266,24.547548498878214
1332,133.102662,24.819725585879628
1333,133.202664,24.682961640738686
1334,133.302666,24.84106593469505
1335,133.402668,24.711346517853897
1336,133.50267000000002,24.71731263054383
1337,133.60267199999998,24.72526477678042
1338,133.702674,24.651564740857847
1339,133.80267600000002,24.628555868899184
1340,133.902678,24.651466306778648
1341,134.00268,24.688783352159884
1342,134.102682,24.53054637192018
1343,134.202684,24.57706508013561
1344,134.30268600000002,24.62800227561313
1345,134.40268799999998,24.769634582803356
1346,134.50269,24.459084031029256
1347,134.60269200000002,24.620388627336165
1348,134.70269399999998,24.698587149801366
1349,134.802696,24.430445414896816
1350,134.90269800000002,24.48019994416944
1351,135.0027,24.55546771987128
1352,135.102702,24.49358113889654
1353,135.202704,24.363087850074592
1354,135.302706,24.44214289054462
1355,135.40270800000002,24.49997953092725
1356,135.50270999999998,24.529840812542016
1357,135.602712,24.431109059384568
1358,135.70271400000001,24.580683663586743
1359,135.802716,24.481662141746693
1360,135.902718,24.455318097710993
1361,136.00272,24.293001131776307
1362,136.102722,24.60834704929268
1363,136.20272400000002,24.447762225247466
1364,136.302726,24.595270652222574
1365,136.402728,24.577410006722822
1366,136.50273,24.416676711358424
1367,136.602732,24.670414629987228
1368,136.702734,24.605444602344175
1369,136.802736,24.691952262750448
1370,136.902738,24.585939914139704
1371,137.00274,24.594921283695097
1372,137.102742,24.527735601949598
1373,137.202744,24.46561807612868
1374,137.302746,24.810219729800217
1375,137.402748,24.670825225798385
1376,137.50275,24.508140431977797
1377,137.602752,24.608312616973663
1378,137.70275400000003,24.54332508134399
1379,137.802756,24.5829570631471
1380,137.902758,24.491869366168213
1381,138.00276000000002,24.643786244437862
1382,138.102762,24.53431576737111
1383,138.202764,24.414195513697884
1384,138.302766,24.336529458845796
1385,138.402768,24.306528095887366
1386,138.50277,24.42525040662445
1387,138.602772,24.716076625927023
1388,138.702774,24.434894831016695
1389,138.80277600000002,24.608259469748518
1390,138.90277799999998,24.572325070467183
1391,139.00278,24.498889349930696
1392,139.10278200000002,24.687868121582255
1393,139.202784,24.590661127661924
1394,139.302786,24.551128956732455
1395,139.402788,24.480200815543174
1396,139.50279,24.547435129922388
1397,139.60279200000002,24.624548403516133
1398,139.70279399999998,24.597593039357744
1399,139.802796,24.686147450056957
1400,139.90279800000002,24.679259054596788
1401,140.0028,24.613965501320607
1402,140.102802,24.479780089217773
1403,140.20280400000001,24.891012895304954
1404,140.302806,24.599667642846228
1405,140.402808,24.570739097152252
1406,140.50281,24.557295851165126
1407,140.602812,24.565917493003532
1408,140.70281400000002,24.52176199163604
1409,140.80281599999998,24.543543331004027
1410,140.902818,24.64651622977097
1411,141.00282,24.61858823730684
1412,141.102822,24.684076857922797
1413,141.202824,24.520856784128533
1414,141.302826,24.637172459050976
1415,141.402828,24.539445638941284
1416,141.50283000000002,24.454412740766898
1417,141.602832,24.494279833203088
1418,141.702834,24.635684300310054
1419,141.802836,24.7289355387509
1420,141.902838,24.64928022211026
1421,142.00284,24.721941512784454
1422,142.102842,24.7503724127057
1423,142.202844,24.384081265319598
1424,142.302846,24.437805300491714
1425,142.402848,24.373735939302815
1426,142.50285,24.451822420781827
1427,142.602852,24.673500266842392
1428,142.702854,24.736729222119077
1429,142.802856,24.696545951097516
1430,142.902858,24.529270078185224
1431,143.00286000000003,24.578990383804793
1432,143.102862,24.73204743442361
1433,143.202864,24.52153210512821
1434,143.30286600000002,24.703089701548745
1435,143.402868,24.500084543606132
1436,143.50287,24.351127612266357
1437,143.602872,24.393874707848422
1438,143.702874,24.538727010395718
1439,143.802876,24.454849874428728
1440,143.902878,24.599627198972975
1441,144.00288,24.565898072444607
1442,144.10288200000002,24.599513520339215
1443,144.20288399999998,24.580091463565296
1444,144.302886,24.697893301082424
1445,144.40288800000002,24.705837919672724
1446,144.50289,24.699677177654422
1447,144.602892,24.507140724020108
1448,144.702894,24.583493961073355
1449,144.802896,24.61574525058686
1450,144.90289800000002,24.494876978634366
1451,145.00289999999998,24.663815535317898
1452,145.102902,24.680925400687222
1453,145.20290400000002,24.677105006514427
1454,145.302906,24.495742501906847
1455,145.402908,24.65476898732484
1456,145.50291,24.625556864340627
1457,145.602912,24.529567604897647
1458,145.702914,24.63428392412477
1459,145.802916,24.651748048471628
1460,145.902918,24.58571050269663
1461,146.00292000000002,24.50246445205339
1462,146.10292199999998,24.61501192618544
1463,146.202924,24.847322276019625
1464,146.302926,24.460759187236704
1465,146.402928,24.607255526325932
1466,146.50293,24.723186891167533
1467,146.602932,24.73049851535751
1468,146.702934,24.876010198618147
1469,146.80293600000002,24.977559333015517
1470,146.902938,24.758464131156515
1471,147.00294,24.74049844002691
1472,147.102942,24.61226598523359
1473,147.202944,24.849426110233743
1474,147.302946,24.54782894123074
1475,147.402948,24.728597861410204
1476,147.50295,24.518194977602228
1477,147.602952,24.60685505905486
1478,147.702954,24.51336932362374
1479,147.802956,24.494224080137357
1480,147.902958,24.69538343693757
1481,148.00296,24.665405258421387
1482,148.102962,24.616311359452514
1483,148.202964,24.71806189109813
1484,148.30296600000003,24.68766864887664
1485,148.402968,24.56300752893079
1486,148.50297,24.585517455951333
1487,148.60297200000002,24.65958037566544
1488,148.702974,24.648360883134583
1489,148.802976,24.78941231989471
1490,148.902978,24.65622000986752
1491,149.00298,24.775880041134712
1492,149.102982,24.774965789885787
1493,149.202984,24.825766258323068
1494,149.302986,24.689212700508758
1495,149.40298800000002,24.808256385626144
1496,149.50298999999998,25.08653958080429
1497,149.602992,24.889146413803047
1498,149.70299400000002,24.871410683117823
1499,149.802996,24.955295981336178
1500,149.902998,25.11651231545707
1501,150.003,24.700501355760935
1502,150.103002,24.716522633870273
1503,150.20300400000002,24.784020982286965
1504,150.30300599999998,24.80595633679151
1505,150.403008,24.64111594682616
1506,150.50301000000002,24.880379667313086
1507,150.603012,24.766615620951615
1508,150.703014,24.735829993300353
1509,150.803016,24.532514542991724
1510,150.903018,24.779129857163934
1511,151.00302,24.811211810513495
1512,151.103022,24.673932517325458
1513,151.203024,24.598450139629023
1514,151.30302600000002,24.66609854484615
1515,151.40302799999998,24.795330104024146
1516,151.50303,24.673595500750277
1517,151.603032,24.6837251129732
1518,151.703034,24.690945073932433
1519,151.803036,24.663269556057724
1520,151.903038,24.787939312794055
1521,152.00304,24.78501528044547
1522,152.10304200000002,24.683749369696592
1523,152.203044,24.797180976406715
1524,152.303046,25.030155561637663
1525,152.403048,24.77101865530363
1526,152.50305000000003,24.55693262425958
1527,152.603052,24.70757012243403
1528,152.703054,24.61943928039532
1529,152.803056,24.86143345566914
1530,152.903058,24.81964741988908
1531,153.00306,24.693477488380474
1532,153.103062,24.665449716010958
1533,153.203064,24.788721291866388
1534,153.303066,24.612796826301235
1535,153.403068,24.569648867999355
1536,153.50307,24.57708575815337
1537,153.60307200000003,24.687776337812057
1538,153.703074,24.57452200896453
1539,153.803076,24.627749068178975
1540,153.90307800000002,24.86632226345355
1541,154.00308,24.599674096000786
1542,154.103082,24.673524369858068
1543,154.203084,24.53487797177121
1544,154.303086,24.7038428045717
1545,154.403088,24.54964947025601
1546,154.50309,24.682202863429755
1547,154.603092,24.640187878309625
1548,154.70309400000002,24.571235961020715
1549,154.80309599999998,24.7037817089489
1550,154.903098,24.72191275455009
1551,155.00310000000002,24.539622873750655
1552,155.103102,24.659409118759132
1553,155.203104,24.805395864717443
1554,155.303106,24.498437556577443
1555,155.403108,24.55541546465242
1556,155.50311000000002,24.48149175239021
1557,155.60311199999998,24.435206711421248
1558,155.703114,24.55748771323285
1559,155.80311600000002,24.475521877180054
1560,155.903118,24.63304177010254
1561,156.00312,24.694319517479705
1562,156.103122,24.682532585206527
1563,156.203124,24.526154105324075
1564,156.303126,24.418108925548466
1565,156.403128,24.672447081914797
1566,156.50313,24.554203875495084
1567,156.60313200000002,24.400585829251643
1568,156.70313399999998,24.712861305647582
1569,156.803136,24.679248326939454
1570,156.903138,24.626910453902504
1571,157.00314,24.768837623333845
1572,157.103142,24.64371162990474
1573,157.203144,24.53688431421994
1574,157.303146,24.643428516031324
1575,157.40314800000002,24.56694221621766
1576,157.50315,24.689187405262892
1577,157.603152,24.668146018764798
1578,157.703154,24.86134109331913
1579,157.80315600000003,24.58006712184648
1580,157.903158,24.67566813064744
1581,158.00316,24.73956883545482
1582,158.103162,24.874799401440214
1583,158.203164,25.00671150535301
1584,158.303166,24.89937608604387
1585,158.403168,25.109021514689587
1586,158.50317,25.15422724664307
1587,158.603172,25.181388879400636
1588,158.703174,24.75518780929274
1589,158.803176,24.761925833385874
1590,158.90317800000003,25.064273303682146
1591,159.00318,24.82320558894544
1592,159.103182,24.972043940049804
1593,159.20318400000002,25.027082532445412
1594,159.303186,24.8530580544764
1595,159.403188,24.570967058741623
1596,159.50319,24.80054983947425
1597,159.603192,24.739865506491252
1598,159.70319400000002,24.385147060119362
1599,159.80319599999999,24.581332433056247
1600,159.903198,24.702714675736445
1601,160.00320000000002,24.65506399489471
1602,160.10320199999998,24.870682707362455
1603,160.203204,24.81644160228948
1604,160.30320600000002,24.88599878318369
1605,160.403208,25.039700479270383
1606,160.50321,24.95145195639692
1607,160.603212,25.056940120394085
1608,160.703214,25.173410391219466
1609,160.80321600000002,25.03683818180418
1610,160.90321799999998,25.00835950660668
1611,161.00322,25.070045461081552
1612,161.10322200000002,24.939283161803925
1613,161.203224,24.843938321210956
1614,161.303226,24.75434773062086
1615,161.403228,24.68500599171352
1616,161.50323,24.801752322682443
1617,161.603232,24.946356254945968
1618,161.703234,24.85240130093774
1619,161.803236,24.87006587650773
1620,161.90323800000002,24.743923036046915
1621,162.00323999999998,24.822783362015105
1622,162.103242,24.82460309774539
1623,162.203244,24.673825015350026
1624,162.303246,24.9049806292747
1625,162.403248,24.79240160036548
1626,162.50325,24.764197005801613
1627,162.603252,24.78649492416519
1628,162.70325400000002,24.82948789669042
1629,162.803256,24.838891896970758
1630,162.903258,24.867327556641104
1631,163.00326,24.673267670015278
1632,163.10326200000003,24.671977642026082
1633,163.203264,24.72898194057539
1634,163.303266,24.75981575242648
1635,163.403268,24.541388862273106
1636,163.50327,24.636507422240054
1637,163.603272,24.644403074076713
1638,163.703274,24.38363924935906
1639,163.803276,24.499040430992768
1640,163.903278,24.595546330142284
1641,164.00328,24.897270261881904
1642,164.103282,24.89752466345104
1643,164.20328400000002,25.053993375929604
1644,164.30328599999999,24.970564459970777
1645,164.403288,24.904160273383486
1646,164.50329000000002,24.780758920523954
1647,164.603292,24.78065111132706
1648,164.703294,24.733048555283798
1649,164.803296,24.562716324059227
1650,164.903298,24.714240773591456
1651,165.00330000000002,24.686211575772127
1652,165.10330199999999,24.55084941571199
1653,165.203304,24.643823081035613
1654,165.30330600000002,24.99703821795528
1655,165.40330799999998,24.840611035972103
1656,165.50331,24.721841051240165
1657,165.60331200000002,24.829066550679013
1658,165.703314,24.93138720829412
1659,165.803316,24.977047017192817
1660,165.903318,24.809246101299973
1661,166.00332,24.841929676437715
1662,166.10332200000002,24.76272196502107
1663,166.20332399999998,24.956123400913363
1664,166.303326,24.92825883560314
1665,166.40332800000002,25.00927015817471
1666,166.50333,24.975711711199327
1667,166.603332,24.909661883099304
1668,166.703334,25.18660844814283
1669,166.803336,24.91064210006458
1670,166.90333800000002,24.860726391699107
1671,167.00334,24.875226901496987
1672,167.103342,24.93473645297992
1673,167.20334400000002,24.8107542790039
1674,167.30334599999998,24.70865744773036
1675,167.403348,24.68316952579455
1676,167.50335,24.858576711462568
1677,167.603352,25.026627059060367
1678,167.703354,24.941904190882816
1679,167.803356,24.90027659625207
1680,167.903358,24.873267547117475
1681,168.00336000000001,24.780976442778655
1682,168.103362,24.784430547449332
1683,168.203364,24.754805084195453
1684,168.303366,24.914388874075986
1685,168.40336800000003,24.912938172240498
1686,168.50337,24.881405770334773
1687,168.603372,24.55368896246844
1688,168.703374,24.80008407132877
1689,168.803376,24.843761301422024
1690,168.903378,24.643380301768932
1691,169.00338,24.689977261336086
1692,169.103382,24.632931293522624
1693,169.203384,24.769180225973336
1694,169.303386,24.75644945866436
1695,169.403388,24.961647198271244
1696,169.50339000000002,24.924821912942583
1697,169.60339199999999,24.8703187094698
1698,169.703394,24.572990695696998
1699,169.80339600000002,24.716787369730664
1700,169.903398,24.640467734682893
1701,170.0034,24.867119415303502
1702,170.103402,24.892673442540772
1703,170.203404,24.70232533846812
1704,170.30340600000002,25.202268058926403
1705,170.40340799999998,24.691864594625642
1706,170.50341,24.430142944808257
1707,170.60341200000002,24.689602238926142
1708,170.70341399999998,24.38838552644008
1709,170.803416,24.66668237745452
1710,170.90341800000002,24.746371432247656
1711,171.00342,24.757936463899092
1712,171.103422,24.697671648652232
1713,171.203424,24.778033577087257
1714,171.303426,24.483176815374055
1715,171.40342800000002,24.61714647870781
1716,171.50342999999998,24.644334545060342
1717,171.603432,24.7481095887778
1718,171.70343400000002,24.66790869046583
1719,171.803436,24.759886269003317
1720,171.903438,24.698754357182587
1721,172.00344,24.737461055283276
1722,172.103442,24.99194789486888
1723,172.20344400000002,24.735729677963572
1724,172.303446,24.6775169968275
1725,172.403448,24.82456324727185
1726,172.50345000000002,24.94480054516463
1727,172.603452,25.07149555647386
1728,172.703454,24.91097650225351
1729,172.803456,24.804122629935666
1730,172.903458,24.90858984297469
1731,173.00346,24.69561405445182
1732,173.103462,24.643613996832777
1733,173.203464,24.753908977839068
1734,173.30346600000001,24.921468115646935
1735,173.403468,24.908558386689897
1736,173.50347,24.760828704640684
1737,173.603472,24.802669008131275
1738,173.70347400000003,24.81649007238504
1739,173.803476,24.901900348683398
1740,173.903478,24.91238163859558
1741,174.00348000000002,25.026512357155
1742,174.103482,25.06694240223448
1743,174.203484,24.994943197943776
1744,174.303486,24.94703639104436
1745,174.403488,25.019129357838768
1746,174.50349,25.087715236821303
1747,174.603492,24.793172379992786
1748,174.703494,24.80754228515732
1749,174.80349600000002,24.936579581107992
1750,174.90349799999998,24.804592021626
1751,175.0035,24.800515431454482
1752,175.10350200000002,24.81160793171872
1753,175.203504,24.975441153066907
1754,175.303506,25.138462153606334
1755,175.403508,25.223807584330057
1756,175.50351,25.152553822375285
1757,175.60351200000002,25.178062801731453
1758,175.70351399999998,25.133919929082946
1759,175.803516,25.111410984307845
1760,175.90351800000002,24.805919566333774
1761,176.00351999999998,25.33966557061421
1762,176.103522,25.171048970781115
1763,176.20352400000002,25.075051198873847
1764,176.303526,25.13933304676191
1765,176.403528,25.201906200965244
1766,176.50353,25.123163821486663
1767,176.603532,24.969226539282985
1768,176.70353400000002,25.099778151148282
1769,176.80353599999998,25.091622054665116
1770,176.903538,25.175958862823627
1771,177.00354000000002,25.153049341831593
1772,177.103542,25.305287043748347
1773,177.203544,25.006248411364723
1774,177.303546,25.108466789483533
1775,177.403548,25.130199602298035
1776,177.50355000000002,25.177529970189607
1777,177.603552,25.106806359143008
1778,177.703554,24.92241418906014
1779,177.80355600000001,24.90820576435711
1780,177.903558,24.89800343778053
1781,178.00356,24.82916752991943
1782,178.103562,25.052491563293923
1783,178.203564,24.850634047283364
1784,178.303566,24.961070957844964
1785,178.403568,25.06062133995032
1786,178.50357,24.913270950617925
1787,178.603572,24.921352045222797
1788,178.703574,24.88143123689569
1789,178.803576,25.08672141945476
1790,178.903578,25.080839165770026
1791,179.00358000000003,25.0222271417336
1792,179.103582,25.095318683571257
1793,179.203584,25.1814786633158
1794,179.30358600000002,25.093624062203162
1795,179.403588,25.032499221263553
1796,179.50359,25.19325784541767
1797,179.603592,24.90284120234732
1798,179.703594,25.270835275098076
1799,179.803596,25.232423980200014
1800,179.903598,25.190238560397898
1801,180.0036,24.972008951831064
1802,180.10360200000002,25.095150040809727
1803,180.20360399999998,25.028898732360265
1804,180.303606,24.893080617136736
1805,180.40360800000002,25.016036812913974
1806,180.50361,25.132826414233822
1807,180.603612,24.989137913974073
1808,180.703614,25.071021091738295
1809,180.803616,25.04400598379496
1810,180.90361800000002,25.032199130578196
1811,181.00361999999998,25.000582707164256
1812,181.103622,25.09050902168148
1813,181.20362400000002,25.085706539629935
1814,181.30362599999998,25.025055607705948
1815,181.403628,24.989033877004413
1816,181.50363000000002,25.30163807547752
1817,181.603632,25.088085636535453
1818,181.703634,24.916329896352607
1819,181.803636,25.127831775539605
1820,181.903638,25.24224137781724
1821,182.00364000000002,24.999112830277223
1822,182.10364199999998,25.13944099600904
1823,182.203644,25.24066685030839
1824,182.30364600000001,25.198890233292012
1825,182.403648,25.262492164805927
1826,182.50365,25.22391214533844
1827,182.603652,25.232504689501617
1828,182.703654,25.22020812133114
1829,182.80365600000002,25.331274294897604
1830,182.903658,25.220137929142933
1831,183.00366,25.2652133215688
1832,183.103662,25.235674076042063
1833,183.203664,25.2964746578009
1834,183.303666,25.164712741961928
1835,183.403668,25.228046713407714
1836,183.50367,25.238547318532135
1837,183.603672,25.150964244799702
1838,183.703674,25.272188846212124
1839,183.803676,25.131873712924296
1840,183.903678,25.33682845085283
1841,184.00368,25.418142084745114
1842,184.103682,25.435716119977123
1843,184.203684,25.22270898661965
1844,184.30368600000003,25.186548905670513
1845,184.403688,25.36478646040629
1846,184.50369,25.028587059002117
1847,184.60369200000002,25.209417872873047
1848,184.703694,25.18703309283929
1849,184.803696,25.29989616731849
1850,184.903698,25.14972884181086
1851,185.0037,25.200042861253607
1852,185.103702,25.02330935395215
1853,185.203704,25.178070323772204
1854,185.303706,25.22558324409951
1855,185.40370800000002,25.33611415364283
1856,185.50370999999998,25.35088820908373
1857,185.603712,25.2788810305832
1858,185.70371400000002,25.315127801629405
1859,185.803716,25.21311812541203
1860,185.903718,25.23236838124468
1861,186.00372,25.195220959074895
1862,186.103722,25.22755447835624
1863,186.20372400000002,25.210934121820184
1864,186.30372599999998,25.22586432373189
1865,186.403728,25.22566171732286
1866,186.50373000000002,25.29884699753471
1867,186.603732,25.201841428161377
1868,186.703734,25.164929867300366
1869,186.80373600000001,24.961209258705946
1870,186.903738,25.185941885601544
1871,187.00374,25.138230958830725
1872,187.103742,24.92572234421219
1873,187.203744,25.12636898381004
1874,187.30374600000002,25.12276050202689
1875,187.40374799999998,25.016136557002618
1876,187.50375,25.09836292432254
1877,187.60375200000001,25.293075940495065
1878,187.703754,25.14378525902364
1879,187.803756,25.22386392970655
1880,187.903758,25.187836022859322
1881,188.00376,25.124890924753824
1882,188.10376200000002,25.24533143652186
1883,188.203764,25.19819864041426
1884,188.303766,25.247776408646484
1885,188.403768,25.113590314930786
1886,188.50377,25.287452614980584
1887,188.603772,25.160621318091263
1888,188.703774,25.002636325253206
1889,188.803776,25.144271691687436
1890,188.903778,25.077138918599726
1891,189.00378,25.272714131221292
1892,189.103782,25.109630262529844
1893,189.203784,25.117867044774048
1894,189.303786,25.12671893300814
1895,189.403788,25.022144160389992
1896,189.50379,25.183313804631567
1897,189.60379200000003,25.28898036760417
1898,189.703794,24.89742198924635
1899,189.803796,24.840150172246684
1900,189.90379800000002,24.682246934306733
1901,190.0038,24.87319203329012
1902,190.103802,24.791074383311383
1903,190.203804,24.75621571116656
1904,190.303806,24.73414066613403
1905,190.403808,24.815748142266912
1906,190.50381,24.82749623447813
1907,190.603812,24.86057792343439
1908,190.70381400000002,25.04168474603591
1909,190.80381599999998,24.75568324825057
1910,190.903818,24.711096644295903
1911,191.00382000000002,24.759117900325066
1912,191.103822,24.827064182877418
1913,191.203824,24.566689923548243
1914,191.30382600000002,24.820782336269133
1915,191.403828,24.513314995143176
1916,191.50383000000002,24.563633417741794
1917,191.60383199999998,24.716261020229638
1918,191.703834,24.661606162447253
1919,191.80383600000002,24.580454431839588
1920,191.903838,24.63703100550517
1921,192.00384,24.565296998525422
1922,192.10384200000001,24.526956156864728
1923,192.203844,24.33700609685262
1924,192.303846,24.06777779151004
1925,192.403848,24.143386614651707
1926,192.50385,24.1031319858361
1927,192.60385200000002,23.983412048306217
1928,192.70385399999998,24.426807186707332
1929,192.803856,24.503436123841936
1930,192.903858,24.543897325314713
1931,193.00386,24.645036570885676
1932,193.103862,24.75952389823132
1933,193.203864,24.52975263077786
1934,193.303866,24.65314575193081
1935,193.40386800000002,24.38304895236079
1936,193.50387,24.534061424313993
1937,193.603872,24.683415453957114
1938,193.703874,24.733648703705505
1939,193.80387600000003,24.54718119360231
1940,193.903878,24.750488418349775
1941,194.00388,24.807838223380987
1942,194.103882,24.601504781866996
1943,194.203884,24.736716731821424
1944,194.303886,24.609215317244164
1945,194.403888,24.61305820878998
1946,194.50389,24.651608609122466
1947,194.603892,24.67154380769203
1948,194.703894,24.75875244078279
1949,194.803896,24.890249141302
1950,194.90389800000003,24.757137118632468
1951,195.0039,24.878522976936793
1952,195.103902,24.917593723851724
1953,195.20390400000002,24.42449548398241
1954,195.303906,24.895427102889077
1955,195.403908,24.500487101377566
1956,195.50391,24.665676051737993
1957,195.603912,24.755046456867163
1958,195.703914,24.814954664604475
1959,195.803916,24.662154727812574
1960,195.903918,24.698237762742693
1961,196.00392000000002,24.720766178861318
1962,196.10392199999998,24.91124356793929
1963,196.203924,24.762747968375006
1964,196.30392600000002,24.512816725027168
1965,196.403928,24.737561452881486
1966,196.50393,24.891015232976873
1967,196.60393200000001,24.92636624454353
1968,196.703934,25.117414958506508
1969,196.80393600000002,25.21571595348147
1970,196.90393799999998,24.991691673281995
1971,197.00394,24.789878864407637
1972,197.10394200000002,25.146619445506353
1973,197.203944,24.717829544879233
1974,197.303946,24.493400952287313
1975,197.403948,24.460923684214205
1976,197.50395,24.44709810276482
1977,197.603952,24.52708369945364
1978,197.703954,24.546399414216808
1979,197.803956,24.41904907908935
1980,197.90395800000002,24.379222373405085
1981,198.00395999999998,24.355937278509987
1982,198.103962,24.605221470634344
1983,198.203964,24.66747017753012
1984,198.303966,24.34096323272005
1985,198.403968,24.378860752770226
1986,198.50397,24.605295283193065
1987,198.603972,24.666382233360633
1988,198.70397400000002,24.902652911657864
1989,198.803976,24.860486398013837
1990,198.903978,24.625821383516808
1991,199.00398,24.25226626981271
1992,199.10398200000003,24.446637261834287
1993,199.203984,24.53768859393031
1994,199.303986,24.71566627735496
1995,199.403988,24.51533874175998
1996,199.50399,24.733741553885135
1997,199.603992,24.682544782665634
1998,199.703994,24.45140098214327
1999,199.803996,24.273026570203378
2000,199.903998,24.373504240096487
2001,200.004,24.60980831192011
2002,200.104002,24.36144332850094
2003,200.20400400000003,24.617389424348936
2004,200.304006,24.599123553237675
2005,200.404008,24.485515299672187
2006,200.50401000000002,24.437230545525594
2007,200.604012,24.794142170403497
2008,200.704014,24.79558682188529
2009,200.804016,24.799510039307272
2010,200.904018,24.57073052802824
2011,201.00402000000003,24.78955962587585
2012,201.104022,24.92944458753386
2013,201.204024,24.68862676904213
2014,201.30402600000002,24.777347982831284
2015,201.40402799999998,24.984496445094265
2016,201.50403,25.022615818608056
2017,201.60403200000002,24.97520807174748
2018,201.704034,24.825290591242375
2019,201.804036,24.766555011468753
2020,201.904038,24.59495497065064
2021,202.00404,24.512429950714832
2022,202.10404200000002,24.40382970733432
2023,202.20404399999998,24.39852055646177
2024,202.304046,24.61792251167762
2025,202.40404800000002,24.563367639657454
2026,202.50405,24.588772468662967
2027,202.604052,24.85097685525087
2028,202.704054,24.727199099500783
2029,202.804056,24.593843462058796
2030,202.904058,24.80613067776279
2031,203.00406,24.805920567338955
2032,203.104062,24.6240517369305
2033,203.20406400000002,24.792621222614564
2034,203.30406599999998,24.713321709061365
2035,203.404068,24.75247387775463
2036,203.50407,24.769848454568336
2037,203.604072,24.742177761209884
2038,203.704074,24.787748779672373
2039,203.804076,24.69005087186813
2040,203.904078,24.71398332869993
2041,204.00408000000002,24.823188671772968
2042,204.104082,24.555643521437332
2043,204.204084,24.687493006064013
2044,204.304086,24.78086204709081
2045,204.40408800000003,24.72797148092468
2046,204.50409,24.51528070159649
2047,204.604092,24.874484706156537
2048,204.704094,24.8113685252839
2049,204.804096,24.728482684788087
2050,204.904098,24.661899818728426
2051,205.0041,24.78235138680946
2052,205.104102,24.842452350512545
2053,205.204104,24.957455967787816
2054,205.304106,24.872754517703235
2055,205.404108,24.861957561021846
2056,205.50411000000003,24.857888647683012
2057,205.604112,24.672028895094556
2058,205.704114,24.87644251268661
2059,205.80411600000002,24.66852099989153
2060,205.904118,24.738797123530947
2061,206.00412,24.706528545147055
2062,206.104122,24.598736462218337
2063,206.204124,24.537134441790908
2064,206.30412600000002,24.66367285942822
2065,206.404128,24.915321144995154
2066,206.50413,24.88287113393457
2067,206.60413200000002,24.74642278039308
2068,206.70413399999998,24.607197931685903
2069,206.804136,24.73784947240289
2070,206.90413800000002,24.560758456601114
2071,207.00414,24.33039875719752
2072,207.104142,24.414434291753768
2073,207.204144,24.52391449676775
2074,207.304146,24.574492524421885
2075,207.40414800000002,24.366999363815932
2076,207.50414999999998,24.514867514180477
2077,207.604152,24.74193185896307
2078,207.70415400000002,24.90682128179097
2079,207.804156,24.806611823972187
2080,207.904158,24.801584629462955
2081,208.00416,24.58735106361353
2082,208.104162,24.578718548503755
2083,208.20416400000002,24.795113841561193
2084,208.304166,24.665579178651072
2085,208.404168,24.716977566337356
2086,208.50417000000002,24.644606807711074
2087,208.604172,24.781795556717032
2088,208.704174,24.654125209580418
2089,208.804176,24.496407297336862
2090,208.904178,24.697721452094523
2091,209.00418,24.613133989409846
2092,209.104182,24.470405208383383
2093,209.204184,24.649924238451405
2094,209.30418600000002,24.836673145987387
2095,209.404188,24.809481309463187
2096,209.50419,24.838928435748286
2097,209.604192,24.99976492465109
2098,209.70419400000003,25.014592861654588
2099,209.804196,24.898108164306443
2100,209.904198,24.68919300508027
2101,210.00420000000003,24.962566166769285
2102,210.104202,25.002372035326854
2103,210.204204,24.841376107801985
2104,210.304206,25.0668720763178
2105,210.404208,25.128229292115883
2106,210.50421,25.05004061741572
2107,210.604212,25.004124589996483
2108,210.704214,24.85079494584268
2109,210.80421600000003,24.91846782507184
2110,210.904218,24.878090104898597
2111,211.00422,24.995432036021814
2112,211.10422200000002,24.8247843428107
2113,211.204224,24.70291916069159
2114,211.304226,24.813250192996165
2115,211.404228,25.14991532036498
2116,211.50423,25.059646408542086
2117,211.60423200000002,24.85956187959982
2118,211.70423399999999,24.7734892735875
2119,211.804236,24.7549561558599
2120,211.90423800000002,24.876303418728067
2121,212.00423999999998,24.563487121940465
2122,212.104242,24.15644517625484
2123,212.20424400000002,24.347096643118572
2124,212.304246,24.35988681037543
2125,212.404248,24.65455751221243
2126,212.50425,24.740502451162044
2127,212.604252,24.606060358027996
2128,212.70425400000002,24.84950521603293
2129,212.80425599999998,24.731013054075298
2130,212.904258,24.834411751294255
2131,213.00426000000002,24.791284580239424
2132,213.104262,24.893262964960172
2133,213.204264,24.818555772340247
2134,213.304266,24.796421484643606
2135,213.404268,24.879228842182147
2136,213.50427000000002,24.887446817811426
2137,213.604272,24.672278047919683
2138,213.704274,24.80508293791775
2139,213.80427600000002,24.952796628140582
2140,213.904278,25.047340689772955
2141,214.00428,24.919347585743417
2142,214.104282,24.97356946705391
2143,214.204284,24.872346868421925
2144,214.304286,24.891930296148953
2145,214.404288,24.784444919073284
2146,214.50429,24.85379111478252
2147,214.60429200000002,24.8450828124314
2148,214.704294,24.76817119316474
2149,214.804296,24.90372987766875
2150,214.904298,24.705027698939904
2151,215.00430000000003,24.92129563882438
2152,215.104302,24.906600647824245
2153,215.204304,24.984197082507787
2154,215.30430600000003,24.774042349352023
2155,215.404308,24.707663413963424
2156,215.50431,24.901095785865476
2157,215.604312,24.860332260562902
2158,215.704314,24.60067650005669
2159,215.804316,24.64015609405828
2160,215.904318,24.478645630710535
2161,216.00432,24.890438983595665
2162,216.10432200000002,24.543386776369648
2163,216.20432399999999,24.4671394728402
2164,216.304326,24.84023859730837
2165,216.40432800000002,24.957175405238306
2166,216.50433,24.833818354225617
2167,216.604332,24.759733594871065
2168,216.704334,24.8292994716161
2169,216.804336,24.749185287734772
2170,216.90433800000002,24.729600115404732
2171,217.00433999999998,24.68414140115502
2172,217.104342,24.891288473773105
2173,217.20434400000002,24.95738306482239
2174,217.30434599999998,24.853651319509314
2175,217.404348,24.81735512698026
2176,217.50435000000002,24.886874334531402
2177,217.604352,24.631441210697115
2178,217.704354,24.787115347310355
2179,217.804356,24.798813977196566
2180,217.904358,24.614285499923604
2181,218.00436000000002,24.64286904367074
2182,218.10436199999998,24.753872705822403
2183,218.204364,24.719941722773417
2184,218.30436600000002,24.702010884710628
2185,218.404368,24.743002380340045
2186,218.50437,24.747483655592934
2187,218.604372,24.597804829121245
2188,218.704374,24.729428114194125
2189,218.80437600000002,24.84452114411597
2190,218.904378,24.844730998289677
2191,219.00438,24.824520961369576
2192,219.10438200000002,24.890761851905353
2193,219.204384,24.63945415782366
2194,219.304386,24.49680012945403
2195,219.404388,24.604978615146003
2196,219.50439,24.538818827347257
2197,219.604392,24.472164480625253
2198,219.704394,24.70929598715632
2199,219.804396,24.862174805525125
2200,219.90439800000001,24.749334196201414
2201,220.0044,24.764997072112056
2202,220.104402,24.780059885691838
2203,220.204404,24.86292418138734
2204,220.30440600000003,24.908799188301117
2205,220.404408,24.520827859880963
2206,220.50441,24.939177875634517
2207,220.60441200000002,24.712520223543027
2208,220.704414,24.803663751882205
2209,220.804416,24.961378073256903
2210,220.904418,24.846499068176403
2211,221.00442,24.708248194855532
2212,221.104422,24.82629422367314
2213,221.204424,24.809899505955247
2214,221.304426,24.89957628047309
2215,221.40442800000002,24.89881438277475
2216,221.50442999999999,24.87983433285966
2217,221.604432,24.71563914067632
2218,221.70443400000002,24.899916011769403
2219,221.804436,24.747628401604587
2220,221.904438,24.955418746449986
2221,222.00444,24.85832660938571
2222,222.104442,24.707915099252094
2223,222.20444400000002,25.03261266218705
2224,222.30444599999998,24.85893241350628
2225,222.404448,24.955936428510725
2226,222.50445000000002,24.94791458965591
2227,222.60445199999998,24.917054560952977
2228,222.704454,24.834855024089624
2229,222.80445600000002,24.866149066039892
2230,222.904458,24.929838501635817
2231,223.00446,24.921427952702555
2232,223.104462,24.789533710204037
2233,223.204464,24.92368493997509
2234,223.30446600000002,24.98447941020831
2235,223.40446799999998,24.884881423465146
2236,223.50447,24.739348753270228
2237,223.60447200000002,24.762962073250762
2238,223.704474,24.609214942138312
2239,223.804476,24.699670276447137
2240,223.904478,24.597951563884664
2241,224.00448,24.758131098834607
2242,224.10448200000002,24.671075781551224
2243,224.204484,24.846224327588498
2244,224.304486,24.62081583172392
2245,224.40448800000001,24.725694608787432
2246,224.50449,24.82917530733098
2247,224.604492,24.693258289280536
2248,224.704494,24.77891541257967
2249,224.804496,24.896406053094854
2250,224.904498,24.713636140737012
2251,225.0045,24.69954129847257
2252,225.104502,24.767457346923855
2253,225.20450400000001,24.78679059711974
2254,225.304506,24.849301801429505
2255,225.404508,24.92318398496614
2256,225.50451,24.64743187695902
2257,225.60451200000003,24.840096633555188
2258,225.704514,24.812044710662942
2259,225.804516,24.701282262129727
2260,225.90451800000002,24.857163260312763
2261,226.00452,24.827267021129135
2262,226.104522,24.836362979983345
2263,226.204524,24.90674563061899
2264,226.304526,24.86385853604302
2265,226.404528,24.749019304006495
2266,226.50453,24.789425094743418
2267,226.604532,24.85988053898683
2268,226.70453400000002,24.734075039309534
2269,226.80453599999998,24.745615245193758
2270,226.904538,24.717324186002383
2271,227.00454000000002,24.872908947608682
2272,227.104542,24.83211210954462
2273,227.204544,24.828452228094125
2274,227.30454600000002,24.945684059825574
2275,227.404548,24.743323289652555
2276,227.50455000000002,24.711972493127856
2277,227.60455199999998,24.682542872730675
2278,227.704554,24.71083323371268
2279,227.80455600000002,24.86158735889669
2280,227.904558,25.041538435033463
2281,228.00456,24.7111661942319
2282,228.10456200000002,24.90343460290364
2283,228.204564,24.918938553491568
2284,228.304566,25.002149821074212
2285,228.404568,24.979271680910415
2286,228.50457,24.88476193560242
2287,228.60457200000002,24.85866652004778
2288,228.70457399999998,24.87148555643767
2289,228.804576,24.697356992387093
2290,228.90457800000001,24.68010490596685
2291,229.00458,24.700354123292374
2292,229.104582,24.733276493298654
2293,229.204584,24.458108725199395
2294,229.304586,24.71587003431906
2295,229.40458800000002,24.909013707178516
2296,229.50459,24.752505529983857
2297,229.604592,24.769942935005
2298,229.70459400000001,24.85883176349844
2299,229.804596,24.903770605530756
2300,229.904598,24.777127871748156
2301,230.0046,24.808462278812097
2302,230.104602,24.88196147919434
2303,230.204604,24.816774193964452
2304,230.304606,24.73350950864468
2305,230.404608,24.804403991676775
2306,230.50461,24.7525339951741
2307,230.604612,24.700770733985514
2308,230.704614,24.707562017167756
2309,230.804616,24.755669291770896
2310,230.90461800000003,24.7943219057961
2311,231.00462,24.781005540738523
2312,231.104622,24.79711548204502
2313,231.20462400000002,24.982805062488534
2314,231.304626,24.85433240574185
2315,231.404628,24.98635346644292
2316,231.50463,24.764289629559823
2317,231.604632,24.73247973260124
2318,231.704634,24.693454922778255
2319,231.804636,24.885403830118218
2320,231.904638,24.784016180209925
2321,232.00464000000002,24.821154546939326
2322,232.10464199999998,24.938022984014236
2323,232.204644,24.665713290892782
2324,232.30464600000002,24.721560130062972
2325,232.404648,24.736670502688124
2326,232.50465,24.949231054145454
2327,232.60465200000002,24.923764754977967
2328,232.704654,24.99923366099069
2329,232.80465600000002,24.828815842032505
2330,232.90465799999998,25.053062499993874
2331,233.00466,24.931007354329427
2332,233.10466200000002,24.83339553295981
2333,233.204664,24.85124932280561
2334,233.304666,25.054912728471944
2335,233.40466800000002,24.92771666299789
2336,233.50467,25.10803015619969
2337,233.604672,24.89513114060495
2338,233.704674,24.832889396062555
2339,233.804676,24.53448404141696
2340,233.90467800000002,24.85047043901609
2341,234.00467999999998,24.895239618429336
2342,234.104682,24.850934232912735
2343,234.20468400000001,24.970711269184616
2344,234.304686,24.743353685129247
2345,234.404688,24.797566049421157
2346,234.50469,24.56915395770842
2347,234.604692,24.694679683002406
2348,234.70469400000002,24.786754306387884
2349,234.804696,24.915346590755888
2350,234.904698,25.07906870892072
2351,235.0047,25.08853269899373
2352,235.10470200000003,25.068304834648888
2353,235.204704,24.964752632379607
2354,235.304706,25.08189193963113
2355,235.404708,25.180074221363483
2356,235.50471,24.909379344733498
2357,235.604712,24.8131759946901
2358,235.704714,24.571557827116987
2359,235.804716,24.593846707259612
2360,235.904718,24.782351831016733
2361,236.00472,24.624378490369704
2362,236.104722,24.71043281022885
2363,236.20472400000003,24.649548631800442
2364,236.304726,24.682386813788455
2365,236.404728,24.745839580362144
2366,236.50473000000002,25.019195125149118
2367,236.604732,24.769981762035254
2368,236.704734,24.721614960269626
2369,236.804736,24.66266371992373
2370,236.904738,24.770815583690077
2371,237.00474,24.534018138527397
2372,237.104742,24.765574059661557
2373,237.204744,24.80308497606051
2374,237.30474600000002,24.85830714747298
2375,237.40474799999998,24.95354947607642
2376,237.50475,24.832822328338654
2377,237.60475200000002,24.787901481377194
2378,237.704754,24.758258868388975
2379,237.804756,24.77545417827258
2380,237.90475800000002,24.581682098441835
2381,238.00476,24.64655288115914
2382,238.10476200000002,24.580395023755244
2383,238.20476399999998,24.621937224593932
2384,238.304766,24.765546251698616
2385,238.40476800000002,24.664657660817394
2386,238.50477,24.891404340715386
2387,238.604772,24.904033044838027
2388,238.70477400000001,24.857910082897597
2389,238.804776,24.769494581059742
2390,238.904778,24.803332962328934
2391,239.00478,24.80494658139754
2392,239.104782,25.00104638740191
2393,239.20478400000002,24.981510886276276
2394,239.30478599999998,24.69295934556476
2395,239.404788,24.73867802152986
2396,239.50479,24.882864031417142
2397,239.604792,24.750697608880966
2398,239.704794,24.776981775104865
2399,239.804796,24.72006767601119
2400,239.904798,24.735958049851867
2401,240.00480000000002,24.842606133807926
2402,240.104802,24.773318010683095
2403,240.204804,24.85749464497725
2404,240.304806,24.836043791128336
2405,240.40480800000003,24.802395534958105
2406,240.50481,24.946849831339573
2407,240.604812,24.722564041876595
2408,240.704814,24.782032874920997
2409,240.804816,25.0892957001304
2410,240.904818,24.95472863528434
2411,241.00482,24.83506586769745
2412,241.104822,24.772769291890793
2413,241.204824,24.90464080726696
2414,241.304826,24.91130123563576
2415,241.404828,24.748097710990304
2416,241.50483000000003,24.879043258662414
2417,241.604832,24.675306648258456
2418,241.704834,24.63065063687942
2419,241.80483600000002,24.809835320378156
2420,241.904838,24.844835711896025
2421,242.00484,24.820713384262525
2422,242.104842,25.086337994927394
2423,242.204844,25.00965038316372
2424,242.30484600000003,25.015587628263987
2425,242.404848,24.726732834117666
2426,242.50485,24.789185725317836
2427,242.60485200000002,25.09720797372571
2428,242.70485399999998,25.233964644658148
2429,242.804856,24.958857345493726
2430,242.90485800000002,25.17676511174387
2431,243.00486,24.981062703887996
2432,243.104862,24.901609040450275
2433,243.20486400000001,25.02888594166147
2434,243.304866,24.83544365989344
2435,243.40486800000002,25.056692570469405
2436,243.50486999999998,24.71542684576661
2437,243.604872,24.589738345621782
2438,243.70487400000002,24.85748009147841
2439,243.804876,24.70000161262733
2440,243.904878,24.66055558061841
2441,244.00488,24.6521864207375
2442,244.104882,24.851612130748002
2443,244.204884,24.73729186990434
2444,244.304886,24.727151848776476
2445,244.404888,24.922923625951157
2446,244.50489000000002,24.912669479115056
2447,244.604892,24.720368061571254
2448,244.704894,24.69822234544531
2449,244.804896,24.993377973557102
2450,244.904898,24.59911100596107
2451,245.0049,24.91214752002404
2452,245.104902,25.02725208412712
2453,245.204904,24.979658286833004
2454,245.30490600000002,25.159389493762102
2455,245.404908,25.142685057592082
2456,245.50491,25.063707463678057
2457,245.604912,25.011354701764397
2458,245.70491400000003,24.85877241798392
2459,245.804916,24.869455786692825
2460,245.904918,24.748580784982348
2461,246.00492000000003,24.60853667102808
2462,246.104922,24.914034900127447
2463,246.204924,24.99808185709177
2464,246.304926,25.17259214599587
2465,246.404928,24.862455651239678
2466,246.50493,25.043867839016045
2467,246.604932,24.93365421605069
2468,246.704934,25.001107657756318
2469,246.80493600000003,24.97416240195558
2470,246.904938,24.924239495548935
2471,247.00494,25.146617693061454
2472,247.10494200000002,25.103306764239317
2473,247.204944,25.168247077262986
2474,247.304946,25.003006125418466
2475,247.404948,25.144004239620095
2476,247.50495,25.13450134142035
2477,247.60495200000003,24.84249105283887
2478,247.704954,24.682732189851745
2479,247.804956,24.790591872464795
2480,247.90495800000002,24.658669131922277
2481,248.00495999999998,24.686858880824378
2482,248.104962,24.775818556273403
2483,248.20496400000002,24.610626383641144
2484,248.304966,24.72592673150007
2485,248.404968,24.554214721871176
2486,248.50497000000001,24.645051737186506
2487,248.604972,24.822287644343874
2488,248.70497400000002,24.820306536806363
2489,248.80497599999998,24.744960897738405
2490,248.904978,24.599451359002508
2491,249.00498000000002,24.571706034225134
2492,249.104982,24.55661906128964
2493,249.204984,24.701177550623854
2494,249.304986,24.901449601002263
2495,249.404988,24.803346381248797
2496,249.50499,24.95913697091118
2497,249.604992,24.974273709568354
2498,249.704994,24.892891130732004
2499,249.80499600000002,24.924311535428554
2500,249.904998,24.8528679093047
2501,250.005,24.803800481335298
2502,250.105002,24.850803951691642
2503,250.205004,24.752654958090925
2504,250.305006,24.778021114769768
2505,250.405008,24.89806297975733
2506,250.50501,24.683167814678963
2507,250.60501200000002,24.83936562908422
2508,250.705014,24.837512533641934
2509,250.805016,24.765602461751783
2510,250.905018,24.92813781859853
2511,251.00502000000003,24.76077925809199
2512,251.105022,24.582973231479
2513,251.205024,24.7443320028068
2514,251.30502600000003,24.711619865559744
2515,251.405028,24.88444656203741
2516,251.50503,24.91955528623545
2517,251.605032,24.868103851742674
2518,251.705034,25.106306499938356
2519,251.805036,24.808359202301688
2520,251.905038,24.862677140302793
2521,252.00504,24.912133474241326
2522,252.10504200000003,24.852528334569485
2523,252.205044,24.942942423044325
2524,252.305046,24.660660139628366
2525,252.40504800000002,24.59491512263994
2526,252.50505,24.835378668467207
2527,252.605052,24.92828489119176
2528,252.705054,24.480149038684424
2529,252.805056,24.609043957298613
2530,252.90505800000003,24.49476506610889
2531,253.00506,24.751860794155988
2532,253.105062,24.75499065892835
2533,253.20506400000002,24.652276114650707
2534,253.30506599999998,24.71132710627868
2535,253.405068,24.64648246356105
2536,253.50507000000002,24.937815583001377
2537,253.605072,24.837770968535054
2538,253.705074,24.586165825258533
2539,253.805076,24.80148885279647
2540,253.905078,24.797490365528443
2541,254.00508000000002,24.763717808292707
2542,254.10508199999998,24.66692674779447
2543,254.205084,24.818432577689347
2544,254.30508600000002,24.80839259905987
2545,254.405088,24.78437987922232
2546,254.50509,24.8349239991031
2547,254.605092,24.772030766856023
2548,254.705094,24.90895916304308
2549,254.80509600000002,24.98565534504028
2550,254.905098,24.715469445142777
2551,255.0051,24.83855772822819
2552,255.10510200000002,24.713384591890126
2553,255.205104,24.862153683895322
2554,255.305106,24.780816442545195
2555,255.405108,24.879104321953086
2556,255.50511,24.76042211985487
2557,255.605112,24.759398587853948
2558,255.705114,24.938235623387733
2559,255.805116,24.84787038217713
2560,255.90511800000002,24.93331197235284
2561,256.00512,24.880278829290344
2562,256.105122,24.87733968487426
2563,256.205124,24.82420876112073
2564,256.30512600000003,24.656144727279866
2565,256.405128,24.98085586015854
2566,256.50513,25.04602060464562
2567,256.605132,24.94744463756867
2568,256.705134,24.71794428029659
2569,256.805136,24.774088095031882
2570,256.905138,24.94596023527023
2571,257.00514000000004,24.79281635211257
2572,257.105142,24.860772829281753
2573,257.205144,24.829792340153674
2574,257.30514600000004,24.751224661259737
2575,257.405148,24.78940172719758
2576,257.50515,24.703722301729808
2577,257.605152,24.5949677945861
2578,257.705154,24.84247885293638
2579,257.805156,24.715871400206034
2580,257.905158,24.687171526376748
2581,258.00516,24.77607735704064
2582,258.105162,24.782465246244882
2583,258.205164,24.879386859162633
2584,258.305166,24.62392323742761
2585,258.405168,24.63118047976978
2586,258.50517,24.695960233107108
2587,258.605172,24.547079326262587
2588,258.705174,24.702520570371057
2589,258.805176,24.712371386956665
2590,258.90517800000003,24.594467412341753
2591,259.00518,24.559608488365672
2592,259.105182,24.579164690070616
2593,259.20518400000003,24.57143235856158
2594,259.305186,24.49000698803873
2595,259.405188,24.449021481926767
2596,259.50519,24.653133230025194
2597,259.605192,24.68274155254767
2598,259.705194,24.3732914598728
2599,259.805196,24.364634325605
2600,259.905198,24.37086672897222
2601,260.0052,24.327424602179974
2602,260.105202,24.407418528081525
2603,260.205204,24.40711843106498
2604,260.305206,24.6664460685098
2605,260.405208,24.59851990615376
2606,260.50521,24.723235573684565
2607,260.605212,24.654059801719075
2608,260.705214,24.36715389376801
2609,260.80521600000003,24.499018961475365
2610,260.905218,24.491172586108704
2611,261.00522,24.585613876210065
2612,261.105222,24.658154569965845
2613,261.20522400000004,24.58676673107787
2614,261.305226,24.806225317774373
2615,261.405228,24.977678653881046
2616,261.50523,24.93735084952345
2617,261.605232,24.697484382174817
2618,261.705234,24.94369113073641
2619,261.805236,25.027094209156527
2620,261.905238,24.661172926651478
2621,262.00524,24.55615201030592
2622,262.105242,24.35705871515857
2623,262.205244,24.140697961525166
2624,262.305246,24.35835638376031
2625,262.40524800000003,24.400174447071198
2626,262.50525,24.401945688200048
2627,262.60525199999995,24.343691677919647
2628,262.705254,24.38971860036683
2629,262.805256,24.367583139844072
2630,262.905258,24.448068709481035
2631,263.00526,24.46085664245886
2632,263.105262,24.667847152172502
2633,263.205264,24.73807343693566
2634,263.305266,24.771231880839885
2635,263.405268,24.51817353656094
2636,263.50527,24.711942297567994
2637,263.605272,24.631243491271064
2638,263.70527400000003,24.545407202267477
2639,263.805276,24.643072951489728
2640,263.905278,24.70383251374843
2641,264.00528,24.548125037353415
2642,264.105282,24.68042880466034
2643,264.205284,24.98219944205629
2644,264.305286,24.809502786370594
2645,264.405288,24.583413297954163
2646,264.50529,24.513558687625927
2647,264.605292,24.492993080530777
2648,264.705294,24.598905741402962
2649,264.80529600000006,24.415928347218202
2650,264.905298,24.858122132774433
2651,265.0053,24.74612543664941
2652,265.10530200000005,24.933392398670794
2653,265.205304,24.58014720440777
2654,265.305306,24.80516773495313
2655,265.405308,24.67877234680814
2656,265.50531,24.626124673287958
2657,265.605312,24.668801275764142
2658,265.705314,24.748993037846187
2659,265.805316,24.511477987549302
2660,265.905318,24.62765670593266
2661,266.00532,24.58485244572985
2662,266.105322,24.684463410628542
2663,266.205324,24.660860100591012
2664,266.305326,24.750517047598724
2665,266.405328,24.950673093223177
2666,266.50533,24.855590700602384
2667,266.605332,24.94248902634779
2668,266.70533400000005,24.77331469724304
2669,266.805336,24.70828524492973
2670,266.905338,24.769793353981303
2671,267.00534000000005,24.61386181330385
2672,267.105342,24.72985988337391
2673,267.20534399999997,24.87323709590474
2674,267.30534600000004,24.644187334694504
2675,267.405348,24.614166302430576
2676,267.50534999999996,24.612951673331295
2677,267.60535200000004,24.787581817438884
2678,267.705354,24.66353806512046
2679,267.805356,24.68181521231996
2680,267.90535800000004,24.673246007691198
2681,268.00536,24.870815875144746
2682,268.105362,24.52245698073234
2683,268.205364,24.69030273561188
2684,268.305366,24.704867556293
2685,268.405368,24.836218101235147
2686,268.50536999999997,24.795596450405803
2687,268.60537200000005,24.81156572530105
2688,268.705374,24.90810614704273
2689,268.80537599999997,24.722322055215137
2690,268.90537800000004,24.708441093955983
2691,269.00538,24.79657597271811
2692,269.10538199999996,24.69987836588816
2693,269.20538400000004,24.578172980024245
2694,269.305386,24.452340876361923
2695,269.40538799999996,24.66427645407579
2696,269.50539000000003,24.91529810614497
2697,269.605392,24.980249233438993
2698,269.705394,24.86775231852906
2699,269.80539600000003,24.907104932198855
2700,269.905398,24.792764841925937
2701,270.0054,24.910321141955652
2702,270.105402,24.9125827123148
2703,270.205404,24.764084686748948
2704,270.305406,24.904079373033962
2705,270.405408,24.770143358082382
2706,270.50541000000004,24.974287118673068
2707,270.605412,24.90409817235702
2708,270.70541399999996,24.843417404571994
2709,270.80541600000004,24.6260172477716
2710,270.905418,24.674344438923
2711,271.00541999999996,24.666720793009308
2712,271.10542200000003,24.596182967357464
2713,271.205424,24.567590135244743
2714,271.30542599999995,24.846892794042894
2715,271.40542800000003,24.646974288115263
2716,271.50543,24.65979382526483
2717,271.605432,24.32850296145412
2718,271.705434,24.58847739785027
2719,271.805436,24.69006661472229
2720,271.905438,24.629935135798657
2721,272.00544,24.59275392744234
2722,272.105442,24.59196849513444
2723,272.205444,24.637067818864427
2724,272.305446,24.626440194822862
2725,272.40544800000004,24.607968951231424
2726,272.50545,24.797220059835404
2727,272.605452,24.564767044119613
2728,272.70545400000003,24.69143957344612
2729,272.805456,24.755262459417946
2730,272.905458,24.63441021558888
2731,273.00546,24.807975629965018
2732,273.105462,24.640248926889658
2733,273.205464,24.556462637441385
2734,273.305466,24.743677050808547
2735,273.405468,24.73465857177582
2736,273.50547,24.63063525832319
2737,273.605472,24.720467372910424
2738,273.705474,24.58070201520511
2739,273.805476,24.67334166055948
2740,273.905478,24.69119540134816
2741,274.00548,24.86178552977775
2742,274.105482,24.835057009278742
2743,274.205484,24.929611562193188
2744,274.30548600000003,24.821904548541575
2745,274.405488,24.76154156770557
2746,274.50549,24.89515490221349
2747,274.605492,24.776791525465647
2748,274.705494,24.938703048213174
2749,274.805496,24.739509389336053
2750,274.905498,24.71054254515475
2751,275.0055,24.83804510294188
2752,275.105502,24.77945015850001
2753,275.205504,24.56230318406644
2754,275.305506,24.650528182385585
2755,275.40550800000005,24.632959703752583
2756,275.50551,24.83273168447985
2757,275.605512,24.675918809057507
2758,275.70551400000005,24.670007392880052
2759,275.805516,24.57820167340998
2760,275.905518,24.63248244730472
2761,276.00552000000005,24.672410134919037
2762,276.105522,24.697264353451388
2763,276.205524,24.784459424608155
2764,276.305526,24.589373059911377
2765,276.405528,24.6752157629715
2766,276.50553,24.741798116015964
2767,276.605532,24.655663947475034
2768,276.705534,24.69598630381737
2769,276.805536,24.713117637256836
2770,276.905538,24.746750402496545
2771,277.00554,24.726359604237956
2772,277.105542,24.78407199336878
2773,277.205544,24.979572844010672
2774,277.30554600000005,24.637105680940373
2775,277.405548,24.72113311032194
2776,277.50554999999997,24.87962365988381
2777,277.60555200000005,24.746880647712977
2778,277.705554,24.67653737914375
2779,277.80555599999997,24.960401535356922
2780,277.90555800000004,24.66626691496115
2781,278.00556,24.813455343726602
2782,278.105562,24.72296408780241
2783,278.20556400000004,24.715680601510346
2784,278.305566,24.722922699736195
2785,278.405568,24.928820381554182
2786,278.50557000000003,24.696256212297673
2787,278.605572,24.82676668620921
2788,278.705574,24.70289874142368
2789,278.805576,24.574497198683787
2790,278.905578,24.65904099857072
2791,279.00558,24.87162429413732
2792,279.10558199999997,24.8705824635003
2793,279.20558400000004,24.74087621082157
2794,279.305586,24.705016856863676
2795,279.40558799999997,24.732099379693956
2796,279.50559000000004,24.58475429243916
2797,279.605592,24.45482777488806
2798,279.70559399999996,24.668313753313306
2799,279.80559600000004,24.73441089005167
2800,279.905598,24.651322402030214
2801,280.0056,24.993972271794988
2802,280.10560200000003,24.888752615276143
2803,280.205604,24.935067435164378
2804,280.305606,24.920001658274824
2805,280.40560800000003,24.888074306948763
2806,280.50561,24.85341490605587
2807,280.605612,24.837217792857693
2808,280.705614,24.906098624958037
2809,280.805616,24.937240097808107
2810,280.905618,24.78308939356711
2811,281.00562,24.855291175043615
2812,281.10562200000004,24.952715309695915
2813,281.205624,24.795754280776283
2814,281.30562599999996,24.68592673411336
2815,281.40562800000004,24.89890770984421
2816,281.50563,24.785439913590878
2817,281.60563199999996,24.67225527117949
2818,281.70563400000003,24.647224003380153
2819,281.805636,24.62651072142195
2820,281.90563799999995,24.63327284920287
2821,282.00564,24.580936064993573
2822,282.105642,24.590599039522978
2823,282.205644,24.653970863080957
2824,282.305646,24.50476755800648
2825,282.405648,24.545179713346105
2826,282.50565,24.588313371773825
2827,282.605652,24.63817635258794
2828,282.705654,24.4952794774154
2829,282.805656,24.69625346562193
2830,282.905658,24.54818538764501
2831,283.00566000000003,24.55510428656798
2832,283.105662,24.40235050453497
2833,283.205664,24.526259796588725
2834,283.30566600000003,24.662567292015744
2835,283.405668,24.61427350390747
2836,283.50567,24.59744135977367
2837,283.605672,24.847163093589863
2838,283.705674,24.72380570619901
2839,283.805676,24.677750847794325
2840,283.905678,24.814094301040807
2841,284.00568,24.75931566524491
2842,284.105682,24.756239390789634
2843,284.205684,24.74885820629576
2844,284.305686,24.753336436383464
2845,284.405688,24.721268659094367
2846,284.50569,24.74724390468569
2847,284.605692,24.77647946408396
2848,284.705694,24.81059289155737
2849,284.805696,24.695929867009774
2850,284.90569800000003,24.75543293059741
2851,285.0057,24.96567990158801
2852,285.105702,24.759087330679186
2853,285.205704,24.737942185563845
2854,285.305706,24.817233536002007
2855,285.405708,24.773075250181744
2856,285.50571,24.84605645008311
2857,285.605712,24.82366463488593
2858,285.705714,24.893574185182302
2859,285.805716,24.775076919442206
2860,285.905718,24.66690794690107
2861,286.00572000000005,24.61622473135519
2862,286.105722,24.744080719990556
2863,286.205724,24.800396171305472
2864,286.30572600000005,24.90631063457748
2865,286.405728,24.90432263310849
2866,286.50572999999997,24.808110462843487
2867,286.60573200000005,24.79081086833887
2868,286.705734,25.00105993862362
2869,286.805736,24.89757887751452
2870,286.905738,24.788166727888267
2871,287.00574,24.937220376140363
2872,287.105742,24.868435242928363
2873,287.205744,25.09074204583008
2874,287.305746,25.0283825421187
2875,287.405748,25.033497743871347
2876,287.50575,25.112228116726612
2877,287.605752,25.03623236384777
2878,287.705754,25.009820164665552
2879,287.805756,24.98912249225014
2880,287.90575800000005,24.91950813609416
2881,288.00576,24.844231919118645
2882,288.10576199999997,24.92838619215364
2883,288.20576400000004,24.860850845638453
2884,288.305766,24.943357709589392
2885,288.40576799999997,24.88877791694442
2886,288.50577000000004,24.914584230960227
2887,288.605772,24.805550948817668
2888,288.705774,24.62422790038275
2889,288.80577600000004,24.73537238472145
2890,288.905778,24.82544615102209
2891,289.00578,24.870446282720074
2892,289.10578200000003,24.734785468412664
2893,289.205784,24.755375737042545
2894,289.305786,24.840871783483205
2895,289.405788,24.659993075429014
2896,289.50579,24.7706930191369
2897,289.605792,24.880418009801694
2898,289.70579399999997,24.82833143234432
2899,289.80579600000004,24.902876658415067
2900,289.905798,24.687636486417148
2901,290.00579999999997,24.548296251852108
2902,290.10580200000004,24.673948647602685
2903,290.205804,24.719175466685023
2904,290.30580599999996,24.672639219917663
2905,290.40580800000004,24.726218056556473
2906,290.50581,24.672772681825307
2907,290.605812,24.73845994612217
2908,290.70581400000003,24.81891284475384
2909,290.805816,24.703382255280083
2910,290.905818,24.845641783721018
2911,291.00582,24.72645569509674
2912,291.105822,24.688644459391806
2913,291.205824,24.8571848570572
2914,291.305826,24.710783975875877
2915,291.405828,24.773414306543444
2916,291.50583,24.71252261999432
2917,291.605832,24.757512237627594
2918,291.70583400000004,24.803965579301977
2919,291.805836,24.83206285132786
2920,291.905838,24.742022534683183
2921,292.00584000000003,24.666606368244246
2922,292.105842,24.783451270063612
2923,292.20584399999996,24.764350342673435
2924,292.30584600000003,24.82882426776689
2925,292.405848,24.672554083044883
2926,292.50585,24.810046319037863
2927,292.605852,24.678328681389175
2928,292.705854,24.579118291245635
2929,292.805856,24.704070359765396
2930,292.905858,24.704866835126868
2931,293.00586,24.60718482596043
2932,293.105862,24.592141024687095
2933,293.205864,24.39925289042424
2934,293.305866,24.702384462365952
2935,293.405868,24.70132237226882
2936,293.50587,24.698781136285934
2937,293.60587200000003,24.916937401597448
2938,293.705874,24.6349945447001
2939,293.805876,24.55450832675316
2940,293.90587800000003,24.648457008035734
2941,294.00588,24.705765150839124
2942,294.105882,24.682628188918052
2943,294.205884,24.657944961612994
2944,294.305886,24.81578827882494
2945,294.405888,24.665063704705613
2946,294.50589,24.81012459420701
2947,294.605892,24.8144140365487
2948,294.70589400000006,24.670708039032913
2949,294.805896,24.93987396401327
2950,294.905898,24.823349446298966
2951,295.0059,24.782477153926393
2952,295.105902,24.800412812247217
2953,295.205904,24.81420391958406
2954,295.305906,24.767580115307787
2955,295.405908,24.664020619840983
2956,295.50591000000003,24.61833634894686
2957,295.605912,24.82391434450713
2958,295.705914,24.86691628269502
2959,295.805916,24.73051624298363
2960,295.905918,24.768524376633007
2961,296.00592,24.6117345498021
2962,296.105922,24.673135949165538
2963,296.205924,24.733390098966
2964,296.305926,24.659294783002707
2965,296.405928,24.656327961285925
2966,296.50593,24.705775917454684
2967,296.60593200000005,24.70162591895949
2968,296.705934,24.531284569176044
2969,296.805936,24.462339330576178
2970,296.90593800000005,24.703972847305494
2971,297.00594,24.70542157888082
2972,297.10594199999997,24.73375967218654
2973,297.20594400000004,24.6343966024701
2974,297.305946,24.73004235825384
2975,297.405948,24.779172960089713
2976,297.50595,24.81962754554254
2977,297.605952,24.755479161300183
2978,297.705954,24.737627577763615
2979,297.805956,24.630225497240996
2980,297.905958,24.736956234965415
2981,298.00596,24.810813947082835
2982,298.105962,24.793108894512393
2983,298.205964,24.74944111851772
2984,298.305966,24.847963676692697
2985,298.405968,24.61759725144303
2986,298.50597000000005,24.78401991449004
2987,298.605972,24.723375589796184
2988,298.70597399999997,24.864681581169283
2989,298.80597600000004,24.88362501781865
2990,298.905978,24.954668843714156
2991,299.00597999999997,24.92389410549202
2992,299.10598200000004,24.89424146083403
2993,299.205984,24.825039518848385
2994,299.305986,24.847665439784357
2995,299.40598800000004,24.838510723431767
2996,299.50599,24.833187100491404
2997,299.605992,24.863947433647468
2998,299.70599400000003,24.991707205033364
2999,299.805996,24.991520810263317
3000,299.905998,24.819266959225356
3001,300.006,24.777974000353037
3002,300.106002,24.77652889969853
3003,300.206004,24.677210972644453
3004,300.30600599999997,24.850498124127643
3005,300.40600800000004,24.68466447062353
3006,300.50601,24.834537702911216
3007,300.60601199999996,24.911718715282174
3008,300.70601400000004,24.83967139061177
3009,300.806016,24.91000059044163
3010,300.90601799999996,24.98374273804962
3011,301.00602000000003,24.901512395156804
3012,301.106022,24.93051222482956
3013,301.206024,24.91499615371004
3014,301.30602600000003,24.826004468742546
3015,301.406028,24.845622117832388
3016,301.50603,24.57139465188034
3017,301.606032,24.65507883749166
3018,301.706034,24.68357486640035
3019,301.806036,24.404922515468318
3020,301.906038,24.546948905111712
3021,302.00604,24.684306035133194
3022,302.106042,24.750227630553706
3023,302.206044,24.702425862263254
3024,302.30604600000004,24.403125512854665
3025,302.406048,24.381513331767795
3026,302.50605,24.567899022650554
3027,302.60605200000003,24.616389945706985
3028,302.706054,24.501209559691507
3029,302.80605599999996,24.589570946208383
3030,302.90605800000003,24.55334469378588
3031,303.00606,24.58558905426168
3032,303.106062,24.6585149801898
3033,303.206064,24.53333616535653
3034,303.306066,24.726336770279246
3035,303.406068,24.619843513039523
3036,303.50607,24.72259869524628
3037,303.606072,24.613121402590355
3038,303.706074,24.701734760721394
3039,303.806076,24.873595526906037
3040,303.906078,24.54660277402429
3041,304.00608,24.686366220185057
3042,304.106082,24.851646467253538
3043,304.20608400000003,24.899057316248978
3044,304.306086,24.684754039022458
3045,304.406088,24.8896565708938
3046,304.50609000000003,24.830272356823325
3047,304.606092,24.78320540945087
3048,304.706094,24.827478541611285
3049,304.806096,24.786651153621587
3050,304.906098,24.829761555968947
3051,305.00610000000006,24.89780129563315
3052,305.106102,24.74672834378491
3053,305.206104,24.838135037470185
3054,305.30610600000006,24.65476058056034
3055,305.406108,24.773960913678398
3056,305.50611,24.762630016317488
3057,305.606112,24.814816676897532
3058,305.706114,24.899205275643883
3059,305.806116,24.732658706120638
3060,305.906118,24.573361860922038
3061,306.00612,24.798416089634316
3062,306.106122,24.819310546715368
3063,306.206124,25.00711510355585
3064,306.306126,24.72536066748096
3065,306.406128,24.64403555225918
3066,306.50613,24.683806039934932
3067,306.606132,24.73454300384722
3068,306.706134,24.70904735882595
3069,306.806136,24.800107887968796
3070,306.90613800000006,24.780412165120197
3071,307.00614,24.750775400604446
3072,307.106142,24.89570209562562
3073,307.20614400000005,24.635528012449303
3074,307.306146,24.736422793355004
3075,307.406148,24.72254544007789
3076,307.50615000000005,24.75933553430356
3077,307.606152,24.785994255841203
3078,307.70615399999997,25.035245823786525
3079,307.80615600000004,24.819395667547756
3080,307.906158,24.837852903892184
3081,308.00616,24.785811316122317
3082,308.106162,24.812104492231537
3083,308.206164,24.828510653893247
3084,308.306166,24.956936046487538
3085,308.406168,25.007858018292335
3086,308.50617,24.632632075938776
3087,308.606172,24.942601886461222
3088,308.706174,24.754331137760293
3089,308.806176,24.62734672730567
3090,308.906178,24.7982432155013
3091,309.00618,24.755089842462777
3092,309.10618200000005,24.845514654599008
3093,309.206184,24.898667631777837
3094,309.30618599999997,24.906714160923897
3095,309.40618800000004,24.884215277759573
3096,309.50619,24.756510851884304
3097,309.60619199999996,24.74392209325791
3098,309.70619400000004,24.751977413335577
3099,309.806196,24.79202357171294
3100,309.906198,24.945959470270488
3101,310.00620000000004,24.988454895865452
3102,310.106202,25.178068344275253
3103,310.206204,24.876280125095384
3104,310.30620600000003,24.731037230340387
3105,310.406208,24.807320415703863
3106,310.50621,24.882695703035505
3107,310.606212,24.920114310806927
3108,310.706214,24.89386838340874
3109,310.806216,24.76935066758534
3110,310.90621799999997,24.672495583626567
3111,311.00622000000004,24.894539105481876
3112,311.106222,24.872145112061396
3113,311.20622399999996,24.585925985887776
3114,311.30622600000004,24.747505153560148
3115,311.406228,24.64687902280716
3116,311.50622999999996,24.73986252743859
3117,311.60623200000003,24.483724643878055
3118,311.706234,24.551474991520777
3119,311.806236,24.506106805886763
3120,311.90623800000003,24.469402576824947
3121,312.00624,24.5435777785733
3122,312.106242,24.622946112388487
3123,312.206244,24.597131956558677
3124,312.306246,24.859552242814356
3125,312.406248,24.829718058576198
3126,312.50625,24.668445063290786
3127,312.606252,24.75475135867787
3128,312.706254,24.774631570188376
3129,312.806256,24.89030405646569
3130,312.90625800000004,24.776028229897904
3131,313.00626,24.643316955564778
3132,313.106262,24.762127385160873
3133,313.20626400000003,24.751556490025752
3134,313.306266,24.74998438629597
3135,313.40626799999995,24.596682402759114
3136,313.50627000000003,24.645024807129307
3137,313.606272,24.81691913512371
3138,313.706274,24.83121490413201
3139,313.806276,24.85258160839348
3140,313.906278,24.894418393479
3141,314.00628,24.814915662680047
3142,314.106282,24.778737948615134
3143,314.206284,24.8419496027728
3144,314.306286,24.768758527385597
3145,314.406288,24.918215937769897
3146,314.50629,24.758011298534367
3147,314.606292,24.82590924225293
3148,314.706294,24.907037277563646
3149,314.80629600000003,24.867106499358908
3150,314.906298,24.913015217565963
3151,315.0063,24.84896524361719
3152,315.106302,24.78898810188171
3153,315.206304,24.6862243725519
3154,315.306306,24.877753297491697
3155,315.406308,24.7471224109495
3156,315.50631,24.666311543133983
3157,315.60631200000006,24.694307079837387
3158,315.706314,24.831287524828756
3159,315.806316,24.845401538128524
3160,315.90631800000006,24.472224892523858
3161,316.00632,24.513681157695782
3162,316.106322,24.733121942401425
3163,316.206324,24.623772143933973
3164,316.306326,24.636996979245207
3165,316.406328,24.578480571941427
3166,316.50633,24.446176677061928
3167,316.606332,24.604998119917774
3168,316.706334,24.61800009632615
3169,316.806336,24.56993366639405
3170,316.906338,24.44763417877879
3171,317.00634,24.6643570839835
3172,317.106342,24.5691837570206
3173,317.206344,24.601896019016493
3174,317.306346,24.52763823107643
3175,317.406348,24.527867757184577
3176,317.50635000000005,24.69553309378237
3177,317.606352,24.599784200585898
3178,317.706354,24.699430060394864
3179,317.80635600000005,24.59770394951473
3180,317.906358,24.476861927212674
3181,318.00636,24.750792946487508
3182,318.10636200000005,24.731703806407143
3183,318.206364,24.725394443771993
3184,318.30636599999997,24.675087474652017
3185,318.40636800000004,24.81262670360888
3186,318.50637,24.78281883559795
3187,318.606372,24.654685636277875
3188,318.706374,24.748525357825674
3189,318.806376,24.617730109318853
3190,318.906378,24.716258223081333
3191,319.00638,24.790581602783988
3192,319.106382,24.731070011538343
3193,319.206384,24.681857779897392
3194,319.306386,24.761283053163424
3195,319.40638800000005,24.582991849665916
3196,319.50639,24.72141788267061
3197,319.60639199999997,24.76111304653516
3198,319.70639400000005,24.584324693416598
3199,319.806396,24.742044778744354
3200,319.90639799999997,24.487682350968868
3201,320.00640000000004,24.56110841858824
3202,320.106402,24.448732255742854
3203,320.20640399999996,24.57610057818937
3204,320.30640600000004,24.38375685382732
3205,320.406408,24.637387615051747
3206,320.50641,24.40878756520646
3207,320.60641200000003,24.671778905368644
3208,320.706414,24.522161201118777
3209,320.806416,24.75791938695485
3210,320.90641800000003,24.524529037625996
3211,321.00642,24.63142856063398
3212,321.106422,24.744767630981578
3213,321.206424,24.664731307110618
3214,321.306426,24.596746959139374
3215,321.406428,24.5799230882679
3216,321.50642999999997,24.696767450698644
3217,321.60643200000004,24.781089376426838
3218,321.706434,24.86500725091984
3219,321.80643599999996,24.712468560687814
3220,321.90643800000004,24.886896627786587
3221,322.00644,24.784371959752104
3222,322.10644199999996,24.462986685270938
3223,322.20644400000003,24.813408900184434
3224,322.306446,24.63248025296748
3225,322.406448,24.861315490486035
3226,322.50645000000003,24.731470005606113
3227,322.606452,24.495010840180456
3228,322.706454,24.947674404444644
3229,322.806456,24.719333726395018
3230,322.906458,24.653147674965442
3231,323.00646,24.814027434155282
3232,323.106462,24.68935674801663
3233,323.206464,24.56740164621646
3234,323.306466,24.61054217723122
3235,323.406468,24.95710830802558
3236,323.50647000000004,25.082028045526183
3237,323.606472,24.784013290823392
3238,323.706474,24.992055940308
3239,323.80647600000003,24.767188023255947
3240,323.906478,24.72692100482799
3241,324.00647999999995,24.6405700782555
3242,324.106482,24.907283146545645
3243,324.206484,24.658503522734268
3244,324.306486,24.779658229096313
3245,324.406488,24.800477497620566
3246,324.50649,24.787996592272314
3247,324.606492,24.69139469861733
3248,324.706494,24.657118802373233
3249,324.806496,25.038309497012087
3250,324.906498,25.06454243765583
3251,325.0065,25.114786042985227
3252,325.106502,24.88109206559071
3253,325.206504,24.892278219193525
3254,325.306506,25.075270943691393
3255,325.40650800000003,24.80592106062257
3256,325.50651,24.65302879887614
3257,325.606512,24.627710368912783
3258,325.706514,24.718448890150054
3259,325.806516,24.810939926771198
3260,325.906518,24.782467991788984
3261,326.00652,24.833418722450926
3262,326.106522,24.730616039477113
3263,326.20652400000006,24.488915144192372
3264,326.306526,24.737754955238515
3265,326.406528,24.783226329457477
3266,326.50653000000005,24.82621838178624
3267,326.606532,24.592437469222848
3268,326.706534,24.737205011206033
3269,326.806536,24.86350496507052
3270,326.906538,24.735075010017532
3271,327.00654,24.615246797362246
3272,327.106542,24.644530037976445
3273,327.206544,24.740502860047027
3274,327.306546,24.733540923651482
3275,327.406548,24.816922690285217
3276,327.50655,24.553648735233306
3277,327.606552,24.788427637802908
3278,327.706554,24.701266735073922
3279,327.806556,24.77962931435661
3280,327.906558,24.687773322867507
3281,328.00656,24.635137746565714
3282,328.10656200000005,24.659214445400007
3283,328.206564,24.602841299836385
3284,328.306566,24.7529215544008
3285,328.40656800000005,24.64784117181708
3286,328.50657,24.591719295081337
3287,328.60657199999997,24.684537384037714
3288,328.70657400000005,24.501955918200192
3289,328.806576,24.513070819115907
3290,328.90657799999997,24.647120307928997
3291,329.00658000000004,24.676410211903654
3292,329.106582,24.676197868065355
3293,329.206584,24.75190756885253
3294,329.30658600000004,24.752001339575138
3295,329.406588,24.507277423964435
3296,329.50659,24.623022898935115
3297,329.606592,24.59565190718011
3298,329.706594,24.600755143172943
3299,329.806596,24.639353339236745
3300,329.906598,24.578675326806458
3301,330.00660000000005,24.71257654372377
3302,330.106602,24.607710305744476
3303,330.20660399999997,24.6706236528134
3304,330.30660600000004,24.577263755219466
3305,330.406608,24.59615482255737
3306,330.50660999999997,24.610731221662196
3307,330.60661200000004,24.61790945403746
3308,330.706614,24.663364598576994
3309,330.80661599999996,24.573653321649747
3310,330.90661800000004,24.444362378847273
3311,331.00662,24.69559711927447
3312,331.106622,24.621417332377426
3313,331.20662400000003,24.46923271219822
3314,331.306626,24.63532741287662
3315,331.406628,24.56374475518508
3316,331.50663000000003,24.6185856052615
3317,331.606632,24.60819000374135
3318,331.706634,24.583328130038197
3319,331.806636,24.36007255185858
3320,331.90663800000004,24.516630577516274
3321,332.00664,24.427744994831297
3322,332.10664199999997,24.65577109607455
3323,332.20664400000004,24.79007528736662
3324,332.306646,24.5808478010311
3325,332.40664799999996,24.58987352304129
3326,332.50665000000004,24.514514189358497
3327,332.606652,24.78739872746051
3328,332.70665399999996,24.64862920474262
3329,332.80665600000003,24.57420925827848
3330,332.906658,24.698992362557576
3331,333.00666,24.688453245508768
3332,333.10666200000003,24.571978524247772
3333,333.206664,24.69471227915546
3334,333.306666,24.74947941062809
3335,333.406668,24.467753457073005
3336,333.50667,24.60367412794177
3337,333.606672,24.703402533056973
3338,333.706674,24.802612586057972
3339,333.80667600000004,24.660895964665777
3340,333.906678,24.64329349894458
3341,334.00668,24.54826876352572
3342,334.10668200000003,24.74377973148039
3343,334.206684,24.675897316552966
3344,334.306686,24.664538736796963
3345,334.40668800000003,24.667697459018413
3346,334.50669,24.76796369204862
3347,334.60669199999995,24.659174882981944
3348,334.706694,24.93386439975404
3349,334.806696,24.84103826024008
3350,334.906698,24.71033655791612
3351,335.0067,24.76917411805377
3352,335.106702,24.650282881594173
3353,335.206704,24.715351166862668
3354,335.306706,24.818035469161842
3355,335.406708,24.6861103582857
3356,335.50671,24.817810051035597
3357,335.606712,24.642901471595202
3358,335.706714,24.75751875158142
3359,335.806716,24.660733568445416
3360,335.906718,24.757387379855047
3361,336.00672000000003,24.803420878694368
3362,336.106722,24.556941108900542
3363,336.206724,24.661517430956213
3364,336.306726,24.63991259962378
3365,336.406728,24.573731816480024
3366,336.50673,24.535835907907693
3367,336.606732,24.644238208447394
3368,336.706734,24.572532999887187
3369,336.80673600000006,24.480585321270947
3370,336.906738,24.539488475519263
3371,337.00674,24.675727602679714
3372,337.10674200000005,24.476972430917122
3373,337.206744,24.73842425131097
3374,337.306746,24.695535610316284
3375,337.406748,24.454905836013133
3376,337.50675,24.58615399604665
3377,337.606752,24.799891633839195
3378,337.706754,24.738701378678762
3379,337.806756,24.808843240386718
3380,337.906758,24.918921351428132
3381,338.00676,24.700555697722958
3382,338.106762,24.782935153961443
3383,338.206764,24.79001317743268
3384,338.306766,25.272720737288964
3385,338.406768,24.87991966771734
3386,338.50677,25.05214001233219
3387,338.606772,25.120785762057253
3388,338.70677400000005,25.083977737406894
3389,338.806776,25.16327359649946
3390,338.906778,24.783257865216775
3391,339.00678000000005,25.109902891387193
3392,339.106782,24.892544804554024
3393,339.20678399999997,24.841167069565564
3394,339.30678600000005,24.54057297266275
3395,339.406788,24.83521593110395
3396,339.50678999999997,24.991018697050745
3397,339.60679200000004,25.053325656073557
3398,339.706794,25.072183887111567
3399,339.806796,24.979718371869865
3400,339.90679800000004,25.167560552107865
3401,340.0068,25.361469026452145
3402,340.106802,25.38911517126841
3403,340.206804,25.63141677557874
3404,340.306806,25.734324852003162
3405,340.406808,25.567640105096405
3406,340.50681,25.46159679237887
3407,340.60681200000005,25.263820974727107
3408,340.706814,25.37256956019261
3409,340.80681599999997,25.15997219304772
3410,340.90681800000004,25.303167355267814
3411,341.00682,25.247410564235953
3412,341.10682199999997,25.031286918652846
3413,341.20682400000004,25.011629462563082
3414,341.306826,24.800176664287108
3415,341.40682799999996,24.752243849341788
3416,341.50683000000004,24.97441931814361
3417,341.606832,24.82846564718296
3418,341.706834,25.151529980102172
3419,341.80683600000003,25.261611655469626
3420,341.906838,25.075866126136074
3421,342.00684,25.182195501104182
3422,342.10684200000003,24.924084457648924
3423,342.206844,25.230488349921607
3424,342.306846,25.092492268187524
3425,342.406848,24.919142488929392
3426,342.50685000000004,24.99223934101363
3427,342.606852,24.81020812187835
3428,342.70685399999996,24.759377110915267
3429,342.80685600000004,24.803965904633404
3430,342.906858,24.719109567787292
3431,343.00685999999996,24.761584766498387
3432,343.10686200000004,24.72025633012541
3433,343.206864,24.69522266440782
3434,343.30686599999996,24.612232161243277
3435,343.40686800000003,24.38925558449226
3436,343.50687,24.325196554422607
3437,343.606872,24.313857385045946
3438,343.706874,24.390202563793476
3439,343.806876,24.641576733248616
3440,343.906878,24.169842148235777
3441,344.00688,24.630020406862894
3442,344.106882,24.6159358852408
3443,344.206884,24.65216208166354
3444,344.306886,24.75752087009988
3445,344.40688800000004,24.708514927536264
3446,344.50689,24.605946686918003
3447,344.606892,25.11829881765222
3448,344.70689400000003,24.75568536438481
3449,344.806896,24.941357323010635
3450,344.906898,24.499931537045157
3451,345.00690000000003,24.66670666794244
3452,345.106902,24.822568997259147
3453,345.206904,24.82052381041719
3454,345.306906,24.738497869137877
3455,345.406908,24.629042970313424
3456,345.50691,24.787823772741124
3457,345.606912,24.75333922118158
3458,345.706914,24.56369408760039
3459,345.806916,24.325650256328746
3460,345.906918,24.447939358907647
3461,346.00692,24.475677311787948
3462,346.106922,24.300742535075294
3463,346.206924,24.684098824219124
3464,346.30692600000003,24.46010218140588
3465,346.406928,24.80422964421053
3466,346.50693,24.26466086248032
3467,346.60693200000003,24.46350096601428
3468,346.706934,24.603801131108142
3469,346.806936,24.825878247641153
3470,346.906938,24.665422943016086
3471,347.00694,23.901178554285206
3472,347.106942,24.426497814904582
3473,347.206944,24.78897351096144
3474,347.306946,24.699867930261817
3475,347.40694800000006,24.53668885664984
3476,347.50695,24.51641452733595
3477,347.606952,24.252397237163787
3478,347.70695400000005,24.280266653454206
3479,347.806956,24.831568104178952
3480,347.906958,23.86778025287757
3481,348.00696000000005,24.257189095536805
3482,348.106962,24.165809892662644
3483,348.206964,24.626033018573015
3484,348.306966,24.245047267036828
3485,348.406968,24.20468193274133
3486,348.50697,24.59992470613392
3487,348.606972,24.13202718060434
3488,348.706974,24.530949558829168
3489,348.806976,24.243077236343417
3490,348.906978,24.70230810336561
3491,349.00698,24.40869481418079
3492,349.106982,25.060290128537996
3493,349.206984,24.405436953222406
3494,349.30698600000005,24.440421121466684
3495,349.406988,24.32352361206148
3496,349.50699,24.01261720352901
3497,349.60699200000005,24.317835407887916
3498,349.706994,24.21353190077666
3499,349.80699599999997,24.325938168357638
3500,349.90699800000004,24.327751392699692
3501,350.007,24.338916005769462
3502,350.10700199999997,24.59083863859657
3503,350.20700400000004,24.276039577712577
3504,350.307006,24.458823931043877
3505,350.407008,24.43413975900633
3506,350.50701000000004,24.022668814985714
3507,350.607012,23.651392004163462
3508,350.707014,23.70915735588639
3509,350.807016,23.99172029888469
3510,350.907018,23.969135363959744
3511,351.00702,23.567188618693642
3512,351.107022,23.54536591351524
3513,351.20702400000005,23.415487003229433
3514,351.307026,23.073829295719314
3515,351.40702799999997,23.31390470287978
3516,351.50703000000004,23.47944015468316
3517,351.607032,23.139165787337603
3518,351.70703399999996,23.34568766528688
3519,351.80703600000004,23.931168487840225
3520,351.907038,24.052221308436735
3521,352.00703999999996,24.101184258201357
3522,352.10704200000004,24.091435420352866
3523,352.207044,24.191473344416995
3524,352.307046,24.055045986000195
3525,352.40704800000003,23.693611183016866
3526,352.50705,24.169196762273874
3527,352.607052,23.985450241195352
3528,352.707054,23.946753381675297
3529,352.807056,24.00059032686671
3530,352.907058,24.17366309954201
3531,353.00706,24.26986151507431
3532,353.10706200000004,23.89152449804257
3533,353.207064,24.214274847200805
3534,353.30706599999996,24.132923166192207
3535,353.40706800000004,24.286381856121555
3536,353.50707,24.883681869882412
3537,353.60707199999996,24.388396360621442
3538,353.70707400000003,24.572789686493383
3539,353.807076,24.423523836155812
3540,353.90707799999996,24.231638709737307
3541,354.00708000000003,24.53314029700555
3542,354.107082,24.562991293979465
3543,354.207084,24.575824870126635
3544,354.307086,24.15514290622909
3545,354.407088,24.282255472488377
3546,354.50709,24.161430768363925
3547,354.607092,24.169467333403375
3548,354.707094,24.159255052470467
3549,354.807096,23.90400475711181
3550,354.907098,24.313914414733052
3551,355.00710000000004,24.03497116403603
3552,355.107102,24.30567212877089
3553,355.207104,24.169161351294836
3554,355.30710600000003,23.967031151675677
3555,355.407108,24.039187169704583
3556,355.50711,24.090322753973144
3557,355.60711200000003,23.998624330076566
3558,355.707114,24.2998895082872
3559,355.807116,24.188201445958992
3560,355.907118,24.723918910909898
3561,356.00712,24.349430345161743
3562,356.107122,24.718916033667444
3563,356.207124,24.58080848905264
3564,356.307126,24.593318616572144
3565,356.407128,24.333776944992866
3566,356.50713,24.29377502716172
3567,356.607132,24.439578679790582
3568,356.707134,24.230842115367402
3569,356.807136,24.709053744254685
3570,356.90713800000003,24.326368989748836
3571,357.00714,24.326345054190362
3572,357.107142,23.982210588566723
3573,357.207144,24.268619989523597
3574,357.307146,23.5861801217359
3575,357.407148,23.01497648829515
3576,357.50715,23.051457540251292
3577,357.607152,22.865249043674897
3578,357.707154,22.53505808983332
3579,357.807156,22.828832485363797
3580,357.907158,23.696314014332483
3581,358.00716000000006,22.81085963472053
3582,358.107162,23.0153393101633
3583,358.207164,22.509395661903895
3584,358.30716600000005,22.833997864245475
3585,358.407168,22.59297059305055
3586,358.50717,22.914700496404
3587,358.60717200000005,23.069771663364747
3588,358.707174,23.12533166569864
3589,358.807176,23.254308864603818
3590,358.907178,23.510503210416644
3591,359.00718,23.55051455632829
3592,359.107182,24.19219272701372
3593,359.207184,24.0732357870806
3594,359.307186,23.692809309839785
3595,359.407188,23.33888163737358
3596,359.50719,23.17106332155744
3597,359.607192,22.907581194207825
3598,359.707194,23.086182967368895
3599,359.807196,23.013583424414854
3600,359.90719800000005,22.682716054698197
3601,360.0072,23.114099017847458
3602,360.107202,23.52590964567265
3603,360.20720400000005,22.87378182226739
3604,360.307206,22.878357467515333
3605,360.40720799999997,23.297139617068797
3606,360.50721000000004,23.24081269274469
3607,360.607212,22.934280344225897
3608,360.707214,22.805588956811782
3609,360.80721600000004,23.04807332251723
3610,360.907218,22.950514519087108
3611,361.00722,23.086380814361956
3612,361.10722200000004,22.833239930018983
3613,361.207224,23.14938993764461
3614,361.307226,22.900336199186484
3615,361.407228,23.301643433280216
3616,361.50723,23.387250738841228
3617,361.607232,23.51094314618592
3618,361.70723399999997,23.261549344198176
3619,361.80723600000005,23.261441861936873
3620,361.907238,23.1261499146977
3621,362.00723999999997,23.26627906196963
3622,362.10724200000004,23.253463910278597
3623,362.207244,23.177036187795157
3624,362.30724599999996,23.199738253138126
3625,362.40724800000004,22.890100735065108
3626,362.50725,23.242212549040723
3627,362.60725199999996,23.735693484882777
3628,362.70725400000003,23.99113168684376
3629,362.807256,23.698815317475113
3630,362.907258,23.583264390391534
3631,363.00726000000003,23.84752137901554
3632,363.107262,23.969292699384326
3633,363.207264,23.368365991513063
3634,363.307266,23.941481495721575
3635,363.407268,23.520345200790263
3636,363.50727,24.023255540110064
3637,363.607272,23.474699523706764
3638,363.70727400000004,24.08430218571847
3639,363.807276,24.322094223297267
3640,363.907278,23.886110493697046
3641,364.00728000000004,23.911398456063683
3642,364.107282,24.332608481940095
3643,364.20728399999996,24.05177968126466
3644,364.30728600000003,23.50139626032368
3645,364.407288,23.407379329410173
3646,364.50728999999995,23.432627528354598
3647,364.60729200000003,23.483871051520325
3648,364.707294,23.754768448865214
3649,364.807296,23.75907538467324
3650,364.907298,23.317820911324038
3651,365.0073,23.465739818368444
3652,365.107302,23.806588352039764
3653,365.207304,23.889457288014917
3654,365.307306,23.723382628192358
3655,365.407308,23.6420637103513
3656,365.50731,23.414790345378915
3657,365.60731200000004,23.509378263646386
3658,365.707314,23.449160720754374
3659,365.807316,23.37261470911536
3660,365.90731800000003,23.742332765772506
3661,366.00732,23.577103816803888
3662,366.107322,23.680641594954736
3663,366.207324,24.004058342338695
3664,366.307326,24.095206005479362
3665,366.407328,23.668509969118574
3666,366.50733,23.587910638648562
3667,366.607332,23.649276426504866
3668,366.70733400000006,23.44698088905949
3669,366.807336,23.75049191426334
3670,366.907338,23.834815215422324
3671,367.00734,23.711268283006213
3672,367.107342,24.05159895964407
3673,367.207344,24.20849130462309
3674,367.307346,23.18459691553631
3675,367.407348,23.38501850543386
3676,367.50735000000003,23.745512696778935
3677,367.607352,23.49652192306565
3678,367.707354,23.279415786290386
3679,367.807356,23.205772308538403
3680,367.907358,23.52479653542741
3681,368.00736,23.887647485217762
3682,368.107362,23.688139636824356
3683,368.207364,23.267939402681797
3684,368.307366,23.489790695365496
3685,368.407368,23.50180255056397
3686,368.50737,23.42888764403352
3687,368.60737200000005,23.156185350583268
3688,368.707374,23.826306363494055
3689,368.807376,23.487340226286804
3690,368.90737800000005,23.579382529815888
3691,369.00738,23.622757990091845
3692,369.107382,23.316472271726276
3693,369.20738400000005,23.673376317838233
3694,369.307386,23.897260481671623
3695,369.407388,24.01968326075323
3696,369.50739,24.063982429492743
3697,369.607392,24.14176579616822
3698,369.707394,23.50630434208624
3699,369.807396,23.31331047262178
3700,369.907398,23.65943506472824
3701,370.0074,23.823556205110286
3702,370.107402,24.01365595015173
3703,370.207404,23.934687399121092
3704,370.307406,23.83380039926449
3705,370.407408,23.68238773397472
3706,370.50741000000005,23.48124207283708
3707,370.607412,23.556380604858077
3708,370.70741399999997,23.374076769856426
3709,370.80741600000005,23.40763831977052
3710,370.907418,23.432931196257556
3711,371.00741999999997,23.50872596718262
3712,371.10742200000004,23.32485582604124
3713,371.207424,23.364747144277704
3714,371.307426,23.67582781448789
3715,371.40742800000004,23.758185881931638
3716,371.50743,23.965518980352144
3717,371.607432,23.26695871327045
3718,371.70743400000003,22.780333243304316
3719,371.807436,23.110572446591423
3720,371.907438,22.986319192891173
3721,372.00744,23.477288738076453
3722,372.107442,23.240551088097096
3723,372.207444,23.291686362382578
3724,372.30744599999997,23.67685700718212
3725,372.40744800000004,23.361446331784553
3726,372.50745,23.14390829436943
3727,372.60745199999997,23.624554519480405
3728,372.70745400000004,23.5802132397339
3729,372.807456,23.371576336347836
3730,372.90745799999996,23.30525328637147
3731,373.00746000000004,23.731073223354095
3732,373.107462,23.3026581057555
3733,373.207464,23.362535245827694
3734,373.30746600000003,23.303267678635837
3735,373.407468,23.41468332694754
3736,373.50747,23.011555688657147
3737,373.60747200000003,23.031667175471803
3738,373.707474,23.107020271246316
3739,373.807476,23.652538552117917
3740,373.907478,23.454665081067287
3741,374.00748,23.553734180246963
3742,374.107482,23.471031151277835
3743,374.207484,23.45299027740528
3744,374.30748600000004,23.931808800190854
3745,374.407488,23.51896585690808
3746,374.50749,23.393926981332548
3747,374.60749200000004,23.573039298396246
3748,374.707494,23.01957610612191
3749,374.80749599999996,23.421609581840908
3750,374.90749800000003,23.424615325278868
3751,375.0075,22.946745217446935
3752,375.107502,23.511236072153874
3753,375.20750400000003,23.430366344501675
3754,375.307506,22.872358544471055
3755,375.407508,23.45866287546262
3756,375.50751,22.869625277977665
3757,375.607512,22.63079223916123
3758,375.707514,23.200277685852285
3759,375.807516,23.296029058398858
3760,375.907518,22.896035273783063
3761,376.00752,23.096259337837207
3762,376.107522,23.559603121915554
3763,376.20752400000003,23.53501547915769
3764,376.307526,23.500525735162217
3765,376.407528,23.370473081318767
3766,376.50753000000003,23.502015586086795
3767,376.607532,23.55824013021188
3768,376.707534,23.89857849036338
3769,376.807536,24.19354144463055
3770,376.907538,23.97955298708195
3771,377.00754,24.055278763796974
3772,377.107542,24.43485750175881
3773,377.207544,24.090939446427488
3774,377.30754600000006,24.243824277062593
3775,377.407548,24.196001125718453
3776,377.50755,23.912057862632057
3777,377.607552,24.3844865464436
3778,377.707554,24.60743812297773
3779,377.807556,24.385334086411557
3780,377.907558,24.699179727157908
3781,378.00756,24.393165243134405
3782,378.10756200000003,24.56389194277898
3783,378.207564,24.358905042935206
3784,378.307566,24.40461429255491
3785,378.407568,24.542406551672435
3786,378.50757,24.719743823288503
3787,378.607572,24.441213419291522
3788,378.707574,24.44825218388306
3789,378.807576,24.45224369336434
3790,378.907578,24.520100864970466
3791,379.00758,24.59131159732131
3792,379.107582,24.621593901583125
3793,379.20758400000005,24.634297046381132
3794,379.307586,24.45461043906747
3795,379.407588,24.329333870739926
3796,379.50759000000005,24.397454379769055
3797,379.607592,24.50345004875027
3798,379.707594,24.09697234302194
3799,379.80759600000005,23.96077096056973
3800,379.907598,24.454453278350208
3801,380.0076,23.724761031216598
3802,380.107602,24.133533015226043
3803,380.207604,24.470988456548746
3804,380.307606,23.91572840161454
3805,380.407608,24.247806913642172
3806,380.50761,23.819235202860632
3807,380.607612,24.134995384109494
3808,380.707614,24.128766869031633
3809,380.807616,23.96674454630229
3810,380.907618,24.04236271271526
3811,381.00762,24.075917026942715
3812,381.10762200000005,24.03210940090585
3813,381.207624,24.260917467710648
3814,381.30762599999997,23.707356796789437
3815,381.40762800000005,23.51005938428776
3816,381.50763,23.87037549128846
3817,381.60763199999997,23.25250635883143
3818,381.70763400000004,23.181930148834187
3819,381.807636,23.28974788803803
3820,381.907638,22.67442267971467
3821,382.00764000000004,23.533169781352758
3822,382.107642,24.373466999032185
3823,382.207644,23.621401996647094
3824,382.30764600000003,23.71334941644843
3825,382.407648,23.762466952952682
3826,382.50765,23.437163477160578
3827,382.60765200000003,23.710337495536074
3828,382.707654,23.94319849378639
3829,382.807656,24.301962115296288
3830,382.90765799999997,23.97293516083873
3831,383.00766000000004,23.918252740883755
3832,383.107662,23.773569312306567
3833,383.20766399999997,24.133541333761478
3834,383.30766600000004,24.2417251137768
3835,383.407668,24.304825039078345
3836,383.50766999999996,24.25571804412962
3837,383.60767200000004,24.27334146164022
3838,383.707674,24.289213345057004
3839,383.807676,24.605373618169057
3840,383.90767800000003,24.007683234980444
3841,384.00768,24.000436638267978
3842,384.107682,23.76060963331345
3843,384.20768400000003,23.493056715738923
3844,384.307686,23.890930420825946
3845,384.407688,23.883659912233988
3846,384.50769,23.573669468268776
3847,384.607692,23.527907262954773
3848,384.707694,23.67904862463836
3849,384.807696,23.098911999100572
3850,384.90769800000004,23.394237422703384
3851,385.0077,23.76503275745763
3852,385.107702,24.138006042744937
3853,385.20770400000004,23.694100680801334
3854,385.307706,23.1906258321763
3855,385.40770799999996,23.44456541763874
3856,385.50771000000003,23.537221603247318
3857,385.607712,23.386109471801237
3858,385.707714,23.19380620893243
3859,385.807716,23.190622395271262
3860,385.907718,22.888056789585388
3861,386.00772,23.076560442977385
3862,386.107722,22.931333251682815
3863,386.207724,22.494016650998468
3864,386.307726,22.926104358878103
3865,386.407728,23.38154364346182
3866,386.50773,23.53602602949784
3867,386.607732,23.722639332968463
3868,386.707734,23.277884417822666
3869,386.80773600000003,23.507873958508274
3870,386.907738,23.92941145489797
3871,387.00774,23.550227944605638
3872,387.10774200000003,23.85089988061055
3873,387.207744,23.907770340908353
3874,387.307746,23.793717341418613
3875,387.407748,23.479653989459994
3876,387.50775,23.722258293757193
3877,387.60775200000006,24.03901488427408
3878,387.707754,24.121565742489434
3879,387.807756,24.04591251753109
3880,387.90775800000006,24.05248268715025
3881,388.00776,24.434204809774364
3882,388.107762,23.70833888816455
3883,388.207764,23.488832844064834
3884,388.307766,23.07568858602464
3885,388.407768,23.04183610825658
3886,388.50777,23.44369168691457
3887,388.607772,23.91975476593302
3888,388.70777400000003,23.96486445144656
3889,388.807776,24.159411701986805
3890,388.907778,24.377774633390214
3891,389.00778,24.43926536761231
3892,389.107782,24.254261709999653
3893,389.207784,24.52320502910832
3894,389.307786,24.34873838739517
3895,389.407788,24.086494377987485
3896,389.50779,24.25647242666448
3897,389.607792,23.263890981850142
3898,389.707794,23.37933760522413
3899,389.80779600000005,23.548948309266226
3900,389.907798,23.165698950960824
3901,390.0078,23.161027557740283
3902,390.10780200000005,23.24703041356532
3903,390.207804,23.070863032093005
3904,390.30780599999997,23.597966501614287
3905,390.40780800000005,23.699559991777196
3906,390.50781,23.677555944394154
3907,390.607812,23.935757025072363
3908,390.707814,24.045592259653645
3909,390.807816,24.156661915983207
3910,390.907818,23.97175393365988
3911,391.00782,23.916277406794137
3912,391.107822,23.925657278152435
3913,391.207824,23.72497607976113
3914,391.307826,24.042456519435458
3915,391.407828,24.13287540496578
3916,391.50783,23.52360125651826
3917,391.607832,23.65028954853761
3918,391.70783400000005,23.77570607996887
3919,391.807836,23.679085258367433
3920,391.90783799999997,23.815921071770806
3921,392.00784000000004,24.028205703196438
3922,392.107842,24.287985005954162
3923,392.20784399999997,24.106210509028795
3924,392.30784600000004,24.009601082058882
3925,392.407848,23.805280070451992
3926,392.50785,23.96451097779193
3927,392.60785200000004,23.952294781226126
3928,392.707854,24.070413340863887
3929,392.807856,24.041095826999104
3930,392.90785800000003,24.043178296228184
3931,393.00786,23.991256788806297
3932,393.107862,23.95682906454464
3933,393.20786400000003,24.464369747713903
3934,393.307866,24.50681838978412
3935,393.407868,23.8492003829915
3936,393.50786999999997,23.971110559816303
3937,393.60787200000004,23.869632697229235
3938,393.707874,23.932840401847745
3939,393.80787599999996,24.450639272317787
3940,393.90787800000004,23.67442657493804
3941,394.00788,24.220810600996433
3942,394.10788199999996,24.111941459650296
3943,394.20788400000004,24.264619746767462
3944,394.307886,24.140003937148773
3945,394.407888,24.1775376821289
3946,394.50789000000003,24.123322715024404
3947,394.607892,24.01761537520743
3948,394.707894,24.044367221181382
3949,394.807896,24.27979184162163
3950,394.907898,23.954634539876356
3951,395.0079,23.470932585548397
3952,395.107902,23.988875578790285
3953,395.207904,23.835433688581166
3954,395.307906,23.96396903947524
3955,395.407908,24.192269410955802
3956,395.50791000000004,23.40873079070857
3957,395.607912,23.705106898019338
3958,395.707914,24.121920031408855
3959,395.80791600000003,23.916682156114426
3960,395.907918,24.169872838662766
3961,396.00791999999996,24.190006675850373
3962,396.10792200000003,24.160045644450783
3963,396.207924,23.998425535638262
3964,396.307926,24.044331638707273
3965,396.407928,24.438620119735635
3966,396.50793,24.17080263528193
3967,396.607932,24.0683955928692
3968,396.707934,24.18244465092984
3969,396.807936,24.34268304446413
3970,396.907938,24.14071364385969
3971,397.00794,23.934801017296408
3972,397.107942,23.977535514408874
3973,397.207944,23.887600428724845
3974,397.307946,24.47802381247804
3975,397.40794800000003,23.805483347177493
3976,397.50795,23.747476339126838
3977,397.607952,24.215825413938113
3978,397.70795400000003,23.99633680159044
3979,397.807956,23.93267615066524
3980,397.907958,23.867286946306237
3981,398.00796,23.69069654213648
3982,398.107962,23.53965404531044
3983,398.20796400000006,24.104605230679716
3984,398.307966,23.853668671703243
3985,398.407968,24.269651096820848
3986,398.50797000000006,23.856607811173667
3987,398.607972,24.3247939134788
3988,398.707974,24.25314599982452
3989,398.807976,24.445883215468772
3990,398.907978,24.00931558467125
3991,399.00798,24.21783378157923
3992,399.107982,24.12483583162491
3993,399.207984,23.867652175308372
3994,399.307986,23.71732563963189
3995,399.407988,23.732960440446902
3996,399.50799,23.413988632985358
3997,399.607992,23.426314723654034
3998,399.707994,23.419486325436964
3999,399.807996,24.41726956446967
4000,399.907998,23.704380928318727
4001,400.000014,23.70867756473074
