Frame,Time (ns),RMSD
1,0.0,7.753297137092917e-06
2,0.100002,1.9662652466037824
3,0.200004,2.236433844013918
4,0.30000600000000005,2.9530649870101993
5,0.400008,2.1865011856291576
6,0.50001,2.2005443809390277
7,0.6000120000000001,2.0512942851919065
8,0.700014,2.8848606939805523
9,0.800016,2.392963912006774
10,0.900018,2.6575004741781205
11,1.00002,2.396358851738109
12,1.1000219999999998,2.8224347988852014
13,1.2000240000000002,2.417323473457159
14,1.3000260000000001,2.3972643382161967
15,1.400028,3.0018765344945155
16,1.50003,2.528034019740193
17,1.600032,2.4907926573868098
18,1.700034,2.3438142124145744
19,1.800036,3.112738440555543
20,1.9000380000000001,2.947756565561213
21,2.00004,3.031895299316487
22,2.1000419999999997,3.253574570034132
23,2.2000439999999997,3.0527629964787737
24,2.300046,3.135558190482164
25,2.4000480000000004,2.7141487552490675
26,2.5000500000000003,3.2773547525321387
27,2.6000520000000003,2.8248842649413355
28,2.700054,3.1203666658751112
29,2.800056,3.4494392366177196
30,2.900058,3.291815804653306
31,3.00006,2.2790218244051768
32,3.100062,2.389507314725865
33,3.200064,2.5200405204955523
34,3.300066,2.4334608841440324
35,3.400068,2.5790566423277057
36,3.50007,2.694598498890961
37,3.600072,2.9221325748825606
38,3.700074,3.922257044250822
39,3.8000760000000002,4.415385750757395
40,3.900078,4.707169674998329
41,4.00008,5.10939375480524
42,4.1000820000000004,5.191737490652274
43,4.2000839999999995,5.365881377972681
44,4.300086,5.279540410811889
45,4.400087999999999,5.881831460115807
46,4.50009,5.179350306143347
47,4.600092,5.436737457133058
48,4.700094,5.870181057407413
49,4.800096000000001,5.6185670550512965
50,4.900098,5.5851397159666325
51,5.000100000000001,5.391517658126809
52,5.100102,6.253976562390472
53,5.2001040000000005,5.1963836622259425
54,5.3001059999999995,4.9919357615612645
55,5.400108,5.15994653078054
56,5.500109999999999,4.811014806243283
57,5.600112,5.94026631381403
58,5.700114,5.259497394456004
59,5.800116,5.203357803728101
60,5.900118,4.8236329794307675
61,6.00012,5.0095551532463
62,6.100122000000001,5.347920644882323
63,6.200124,4.803431206769478
64,6.300126000000001,5.6851655871757005
65,6.400128,5.56707331103442
66,6.50013,4.65745146189296
67,6.600132,4.466076392545879
68,6.700134,4.273654876557519
69,6.800136,4.732781855049499
70,6.900138,4.031792651093461
71,7.00014,4.4098817505011745
72,7.100142,4.156879712958896
73,7.200144,4.589580439049377
74,7.300146,4.026645246396433
75,7.400148,4.478654527417253
76,7.5001500000000005,4.393302512097413
77,7.6001520000000005,4.523376577337588
78,7.700154,3.637988809451946
79,7.800156,3.447858891970557
80,7.900158,4.502562476899012
81,8.00016,4.8053175801320425
82,8.100162000000001,4.408231610403332
83,8.200164000000001,4.7660456591256395
84,8.300166,4.913737737509625
85,8.400167999999999,4.9502718423161
86,8.50017,4.590082663411373
87,8.600172,4.19686105624688
88,8.700174,4.993526559878867
89,8.800175999999999,4.9731965267908915
90,8.900178,4.923909117684177
91,9.00018,5.408830598251595
92,9.100182,5.843235152411369
93,9.200184,5.08321355139941
94,9.300186,4.975035799765241
95,9.400188,5.5078365511253065
96,9.50019,5.980649872630103
97,9.600192000000002,5.544807074643634
98,9.700194,5.040765069023632
99,9.800196,5.184215062279687
100,9.900198,4.583024455624325
101,10.000200000000001,6.013329230725792
102,10.100202,6.0582890313365345
103,10.200204,5.637336410989604
104,10.300206,5.4280879329023595
105,10.400208000000001,5.625507348936837
106,10.500210000000001,6.061807328952228
107,10.600211999999999,5.975429285967148
108,10.700214,6.188355318947061
109,10.800216,5.91642943893557
110,10.900218,5.904305029204139
111,11.000219999999999,5.604448322142088
112,11.100222,5.446497210282091
113,11.200224,4.912589079060746
114,11.300226,4.586091526416484
115,11.400228,3.9132383885351083
116,11.50023,4.675477665309173
117,11.600232,4.311704594490015
118,11.700234,4.838109625932867
119,11.800236,5.153951435524229
120,11.900238,5.672760305431094
121,12.00024,5.827132900713282
122,12.100242,5.536510853258525
123,12.200244000000001,5.034119699498757
124,12.300246000000001,5.247184103784504
125,12.400248,5.217128894785937
126,12.50025,5.103062232668683
127,12.600252000000001,5.314567318186439
128,12.700254000000001,6.150441188503363
129,12.800256,5.441620849823493
130,12.900258,6.398584927255465
131,13.00026,6.011360905893671
132,13.100262,5.3472615914469355
133,13.200264,5.593151763034962
134,13.300265999999999,5.258989523207234
135,13.400268,4.96827496304034
136,13.50027,5.127302919121136
137,13.600272,5.338469824605433
138,13.700274,5.307434415567689
139,13.800276,5.717461980411791
140,13.900278,5.011280026019406
141,14.00028,5.410337298519038
142,14.100282000000002,6.1890894356134005
143,14.200284,6.0792461322632825
144,14.300286,5.233551817672507
145,14.400288,6.412267663331503
146,14.500290000000001,5.7296920875265736
147,14.600292,5.351751239674574
148,14.700294,5.7852671439129475
149,14.800296,5.404390655067044
150,14.900298000000001,5.400418756538943
151,15.000300000000001,4.651749006175535
152,15.100302,5.377137646307056
153,15.200304000000001,5.701194546543927
154,15.300306,4.933444139833189
155,15.400308,4.889560302008253
156,15.500309999999999,4.9227299138512635
157,15.600312,5.51333618301326
158,15.700314,5.9556135879069
159,15.800316,5.811669324739548
160,15.900318,5.801209023352901
161,16.00032,6.6026953037915295
162,16.100322,6.41336988131767
163,16.200324000000002,6.417600645367583
164,16.300326000000002,5.2912597251186995
165,16.400328000000002,4.9844062461702405
166,16.50033,5.883483778325029
167,16.600332,5.004538144371979
168,16.700333999999998,5.982130411854386
169,16.800335999999998,6.15298380924131
170,16.900338,5.978170235681566
171,17.00034,6.344389402099499
172,17.100342,6.6334108920862045
173,17.200344,5.960889297588152
174,17.300346,5.846625525208188
175,17.400348,6.716876713537254
176,17.50035,5.9229798326189185
177,17.600351999999997,6.267524839963736
178,17.700354,5.471211976390094
179,17.800356,4.946460372090632
180,17.900358,5.459622507550337
181,18.00036,6.458381616694127
182,18.100362,6.497918079513795
183,18.200364,5.9434032649008675
184,18.300366,6.512432838309166
185,18.400368,6.535606110380807
186,18.50037,5.700557345893578
187,18.600372,5.599101375213381
188,18.700374,5.266193364469217
189,18.800376,5.098965539635161
190,18.900378,4.822796535379757
191,19.00038,6.33163367193738
192,19.100382,6.387654204191344
193,19.200384000000003,5.705270123522816
194,19.300386,6.291622972119372
195,19.400388,5.28445297162952
196,19.50039,4.884139037961672
197,19.600392,5.07663551782944
198,19.700394,5.756822615036806
199,19.800396,5.018751548841847
200,19.900398000000003,5.025902203847407
201,20.000400000000003,6.012082330434074
202,20.100402000000003,6.01702987787161
203,20.200404,5.519924289406951
204,20.300406,4.5611170433914365
205,20.400408,4.532292052369682
206,20.50041,4.8412489590613
207,20.600412,4.53191002699632
208,20.700414000000002,4.001319167821146
209,20.800416000000002,4.68105274598549
210,20.900418000000002,4.601778072512473
211,21.000420000000002,4.089317330045175
212,21.100422,4.852408990921903
213,21.200423999999998,4.502899046944921
214,21.300425999999998,4.345527222652391
215,21.400428,5.26185001755342
216,21.50043,4.629156986577265
217,21.600432,5.029446374711031
218,21.700434,5.581908528876253
219,21.800436,5.7843325622176325
220,21.900438,5.588053093827279
221,22.000439999999998,5.480037378372657
222,22.100441999999997,5.593734760218426
223,22.200444,4.341419790070657
224,22.300446,5.584301792700302
225,22.400448,5.450427251452271
226,22.50045,5.038837066896079
227,22.600452,5.422757935702516
228,22.700454,5.317304627584685
229,22.800456,5.065044792754493
230,22.900458,4.949436137436793
231,23.00046,5.592764550057914
232,23.100462,6.020221090276851
233,23.200464,6.649644665634292
234,23.300466,5.694105298264582
235,23.400468,5.705751993212562
236,23.50047,5.43413808597109
237,23.600472,5.26479686245598
238,23.700474000000003,5.2703928592160425
239,23.800476,5.147428949755083
240,23.900478,4.9613187766193425
241,24.00048,6.2828432811550705
242,24.100482,5.767299119237483
243,24.200484,6.200183388836872
244,24.300486,5.609952406986012
245,24.400488000000003,5.061531415310526
246,24.500490000000003,4.9776465762905495
247,24.600492000000003,5.351767131426708
248,24.700494,5.956578660487291
249,24.800496,5.907207011064037
250,24.900498,5.800401706134263
251,25.0005,5.548693908804462
252,25.100502,5.810870679401651
253,25.200504000000002,5.584070528037073
254,25.300506000000002,5.37060019905569
255,25.400508000000002,5.405140613441815
256,25.500510000000002,6.411730250515973
257,25.600512,5.766369960265304
258,25.700514,5.2952390085085534
259,25.800516,4.879016841521721
260,25.900518,5.361848943866456
261,26.00052,4.769236077725723
262,26.100522,5.173747661188447
263,26.200524,5.36443776171643
264,26.300526,5.255850931695965
265,26.400528,5.15775664237076
266,26.500529999999998,5.432676368707766
267,26.600531999999998,5.411257459064852
268,26.700534,5.532669099880911
269,26.800536,5.332837559785587
270,26.900538,5.922995035743443
271,27.00054,5.265094355063615
272,27.100542,5.49112548025078
273,27.200544,5.199579741673751
274,27.300546,4.6404851558207785
275,27.400548,5.09542509215452
276,27.50055,5.659784238756841
277,27.600552,5.052716440492713
278,27.700554,4.128848415475019
279,27.800556,4.591691072283442
280,27.900558,4.272237736615324
281,28.00056,5.024607179201425
282,28.100562,5.335806387286941
283,28.200564000000004,5.030212609616467
284,28.300566,4.912740013699735
285,28.400568,5.550543961462127
286,28.50057,4.59526931021641
287,28.600572,4.917757567036656
288,28.700574,5.233904051435885
289,28.800576,5.613776149042648
290,28.900578000000003,5.650188345052688
291,29.000580000000003,6.517486336464291
292,29.100582000000003,5.373306436060946
293,29.200584,5.435299699160967
294,29.300586,6.133649624916078
295,29.400588,6.4864214144438606
296,29.50059,6.824903176800446
297,29.600592,6.483866376679323
298,29.700594000000002,5.984832485021641
299,29.800596000000002,5.843643924803284
300,29.900598000000002,5.970351605253176
301,30.000600000000002,4.958230610624433
302,30.100602,5.365207886127245
303,30.200604,5.242099588397398
304,30.300606,4.952298191493213
305,30.400608000000002,6.543891150405666
306,30.50061,6.109937482387693
307,30.600612,5.666941303707363
308,30.700614,5.157947754887171
309,30.800616,4.5622839481771145
310,30.900618,5.2257826261731255
311,31.000619999999998,5.8760089108366405
312,31.100621999999998,5.182877202005901
313,31.200624,5.618217359673067
314,31.300626,5.718293541473689
315,31.400628,5.505108739989603
316,31.50063,5.613115071998605
317,31.600632,6.038295042391595
318,31.700634,5.3519356881418645
319,31.800636,5.763628984755691
320,31.900638,5.826559100229473
321,32.00064,5.963941799563634
322,32.100642,5.0682681378897865
323,32.200644,4.703906624295307
324,32.300646,4.820427209073506
325,32.400648000000004,4.540104818191817
326,32.50065,4.479398353771162
327,32.600652000000004,4.456322668611649
328,32.700654,5.499250581220412
329,32.800656000000004,4.978214989523492
330,32.900658,5.304884543170411
331,33.00066,6.371620573937431
332,33.10066200000001,5.027240150312792
333,33.200664,5.673140012627831
334,33.300666,5.511601246907226
335,33.400667999999996,5.143941435149045
336,33.50067,5.920022343137385
337,33.600671999999996,5.198737823703001
338,33.700674,6.053242281034555
339,33.800676,5.69464104048277
340,33.900678,5.213799164376226
341,34.00068,4.952995529624652
342,34.100682,5.932843935590312
343,34.200684,4.696648786536509
344,34.300686,5.946341239351058
345,34.400688,5.465649911615828
346,34.500690000000006,5.908887439923276
347,34.600692,5.9976150344489545
348,34.700694000000006,5.6610516072403465
349,34.800696,6.14258668394352
350,34.900698000000006,5.482701448530492
351,35.0007,5.500643421967885
352,35.100702,5.209344123810392
353,35.200703999999995,5.8320441651695925
354,35.300706,5.366995983435912
355,35.400708,6.09848588683021
356,35.50071,4.981592920537858
357,35.600712,5.33360879503522
358,35.700714,5.358645843288851
359,35.800716,5.300961171255152
360,35.900718,4.146493091007829
361,36.00072,5.377359340036093
362,36.100722000000005,5.4864660338746365
363,36.200724,5.7550568150591195
364,36.300726000000004,7.394577121355741
365,36.400728,7.192910289111834
366,36.500730000000004,6.522107146682522
367,36.600732,5.326025306165561
368,36.700734000000004,4.98117567100616
369,36.800736,4.957338219839073
370,36.900738,6.144608536001562
371,37.00074,6.0409928700839854
372,37.100742,7.109326560181881
373,37.200744,6.653284857147096
374,37.300746,5.371601335388916
375,37.400748,6.40551091701913
376,37.50075,5.197310610134669
377,37.600752,5.491819525431615
378,37.700754,5.474919251160059
379,37.800756,5.32514303340736
380,37.900758,5.6352360759038
381,38.00076,6.389703422297976
382,38.100762,6.669184824045851
383,38.200764,6.996270658747216
384,38.300766,6.120230523656442
385,38.40076800000001,6.252733823255341
386,38.50077,6.082927158344911
387,38.600772,5.889710536240619
388,38.700773999999996,5.591276946654345
389,38.800776,5.6753760784914284
390,38.900777999999995,5.774595138325313
391,39.00078,5.32038620568297
392,39.100782,5.64879423175849
393,39.200784,5.033753108223844
394,39.300786,4.21517294476198
395,39.400788,3.9718093959616985
396,39.50079,4.548838586132358
397,39.600792,4.653970037837432
398,39.700794,4.364537652622883
399,39.800796000000005,3.9913422713529094
400,39.900798,4.16015745010574
401,40.000800000000005,4.092549467913305
402,40.100802,3.5608019894532
403,40.200804000000005,3.3652678622583276
404,40.300806,3.429801794253281
405,40.400808,3.7821766965988477
406,40.500809999999994,3.737724427680285
407,40.600812,3.9305454297746434
408,40.700814,4.304746335588276
409,40.800816,4.746222790190584
410,40.900818,4.933064771108496
411,41.00082,5.047914033740973
412,41.100822,5.148377714275275
413,41.200824,4.726400122409222
414,41.300826,4.79108696063419
415,41.400828000000004,4.3144703985357085
416,41.50083,4.563105419341468
417,41.600832000000004,4.66087839185189
418,41.700834,5.218145650182228
419,41.800836000000004,5.22512994298738
420,41.900838,5.722603584750559
421,42.000840000000004,4.852508572743566
422,42.10084200000001,5.046921335481299
423,42.200844,5.145006348697566
424,42.300846,5.998047974097823
425,42.400847999999996,5.571526025573543
426,42.50085,4.56497857634262
427,42.600851999999996,5.635380473331854
428,42.700854,4.6435793172309126
429,42.800856,5.1302086263116715
430,42.900858,4.150910540789381
431,43.00086,4.165933763004534
432,43.100862,4.277729477158656
433,43.200864,4.622393510558178
434,43.300866,4.171003066651779
435,43.400868,4.774161478796922
436,43.500870000000006,4.042088272920164
437,43.600872,4.779322566595032
438,43.700874000000006,3.8123365376217637
439,43.800876,4.749276052850967
440,43.900878000000006,4.829530036066538
441,44.000879999999995,4.443056585872035
442,44.100882,5.313855135894101
443,44.200883999999995,5.08341319563976
444,44.300886,4.76982145125089
445,44.400888,3.7793592041444968
446,44.50089,4.115969912837957
447,44.600892,4.626687057039172
448,44.700894,4.843231665393715
449,44.800896,5.436790813281338
450,44.900898,5.097309632947265
451,45.0009,5.378496238003363
452,45.100902000000005,5.5866958898138295
453,45.200904,5.160176771165045
454,45.300906000000005,5.268200327684482
455,45.400908,5.16188700314829
456,45.500910000000005,4.383825300267667
457,45.600912,5.250817218643708
458,45.700914000000004,5.180445653609056
459,45.800916,4.7276410913130045
460,45.900918,4.834005090132087
461,46.00092,4.999957329978958
462,46.100922,5.219521983196192
463,46.200924,4.420464185223664
464,46.300926,4.667983264293108
465,46.400928,4.969823496861655
466,46.50093,4.508894499835443
467,46.600932,4.645744913936006
468,46.700934000000004,5.579486864608865
469,46.800936,4.597190442361848
470,46.900938000000004,4.818449570197743
471,47.00094,4.399459562271135
472,47.100942,5.142676189864409
473,47.200944,4.607792970213466
474,47.300946,5.131846190188279
475,47.40094800000001,4.693437318572303
476,47.50095,5.230607301326603
477,47.600952,4.186204617952045
478,47.700953999999996,4.06869082828914
479,47.800956,5.002643560319283
480,47.900957999999996,4.197632470265976
481,48.00096,4.457008251341917
482,48.100962,4.752330596753501
483,48.200964,4.650508033634398
484,48.300966,4.87632131031365
485,48.400968,5.4905180101345925
486,48.50097,5.331046097451633
487,48.600972,4.825192703935217
488,48.700974,4.2420251489606455
489,48.800976000000006,4.234684231788936
490,48.900978,5.589618473368446
491,49.000980000000006,5.378737872408353
492,49.100982,4.295917119130499
493,49.200984000000005,4.756810364709633
494,49.300986,4.968046297632206
495,49.400988,5.147669050135294
496,49.500989999999994,4.767036497128351
497,49.600992,5.081373111407962
498,49.700994,4.57717264081851
499,49.800996,5.4059318198559305
500,49.900998,5.110775466499489
501,50.001,4.621251819554208
502,50.101002,5.051460511497698
503,50.201004,4.471394014927832
504,50.301006,4.689272909931259
505,50.401008000000004,5.171840155659014
506,50.50101,4.678367300107071
507,50.601012000000004,4.929942675589702
508,50.701014,4.678308807658615
509,50.801016000000004,4.727046406552157
510,50.901018,4.43558626798831
511,51.001020000000004,3.858450859376886
512,51.10102200000001,4.334109936797095
513,51.201024,4.442271900789129
514,51.301026,4.01425747990964
515,51.401028,3.9201914378591267
516,51.50103,4.370724572471536
517,51.601032,3.5214383242197247
518,51.701034,3.268465801258648
519,51.801036,3.606737595796916
520,51.901038,3.0309578219005107
521,52.00104,3.215555298559636
522,52.101042,3.3288657657473006
523,52.201044,3.3676491070587327
524,52.301046,3.3847606792782554
525,52.401048,4.225464151116433
526,52.501050000000006,4.272978712232419
527,52.601052,3.0307885574802014
528,52.701054000000006,4.032068460040667
529,52.801056,4.50904436654971
530,52.901058000000006,5.119071590873953
531,53.001059999999995,4.160437097907107
532,53.101062,3.4314663194786768
533,53.201063999999995,3.683158177723922
534,53.301066,4.557534184160189
535,53.401068,5.009059578210267
536,53.50107,4.519779207059618
537,53.601072,4.414103539106495
538,53.701074,4.836589141464749
539,53.801076,4.489715210202748
540,53.901078,4.435537277682848
541,54.00108,4.9848252266787005
542,54.101082000000005,5.5762020818935625
543,54.201084,4.701564028887349
544,54.301086000000005,4.905665281146549
545,54.401088,4.4850937758134375
546,54.501090000000005,4.393660031598462
547,54.601092,5.543300503058497
548,54.701094000000005,5.3371968013215305
549,54.801096,5.657646038717664
550,54.901098,5.948881013605659
551,55.0011,5.799157888813281
552,55.101102,6.737829045145808
553,55.201104,6.445543281366783
554,55.301106,6.513015112914309
555,55.401108,7.003868413027408
556,55.50111,7.034246748114036
557,55.601112,7.541227845698889
558,55.701114000000004,7.441058338604387
559,55.801116,6.977689165438452
560,55.901118000000004,7.314691205650279
561,56.00112,7.154810188505664
562,56.101122000000004,7.299745880915169
563,56.201124,7.03752604181608
564,56.301126000000004,6.250929743595516
565,56.40112800000001,7.220413496780176
566,56.50113,7.090945813579058
567,56.601132,7.1707079463865
568,56.701133999999996,6.639402504049371
569,56.801136,6.488556975702877
570,56.901137999999996,5.846310739169258
571,57.00114,6.470352005826454
572,57.101142,6.627328354762746
573,57.201144,6.3773198106666085
574,57.301146,6.385471913676901
575,57.401148,6.173239745171944
576,57.50115,5.598317902044667
577,57.601152,5.641543458511069
578,57.701154,6.098165597283525
579,57.801156000000006,5.712077016534409
580,57.901158,5.165083442198514
581,58.001160000000006,5.152458739252921
582,58.101162,4.510304413672734
583,58.201164000000006,5.201336252261413
584,58.301166,5.6255288857842825
585,58.401168,5.226944278650064
586,58.501169999999995,4.41911804618081
587,58.601172,5.947732161626182
588,58.701174,5.319419650066377
589,58.801176,5.514518745874867
590,58.901178,4.732773383003162
591,59.00118,5.055294352904467
592,59.101182,4.583649663678933
593,59.201184,4.544378312445198
594,59.301186,5.032432656425506
595,59.401188000000005,5.246142384608013
596,59.50119,5.678870659048456
597,59.601192000000005,5.122468560237938
598,59.701194,5.381151863092517
599,59.801196000000004,3.9368839784256755
600,59.901198,4.362202265821272
601,60.001200000000004,5.51093281346661
602,60.10120200000001,6.221404802135238
603,60.201204,6.611117403371112
604,60.301206,6.380547975813868
605,60.401208,6.026084414350373
606,60.50121,5.997201043562295
607,60.601212,5.596659364930962
608,60.701214,5.072504282111483
609,60.801216000000004,5.482953225178677
610,60.901218,5.645885114131556
611,61.00122,5.815376717910123
612,61.101222,5.750710522992321
613,61.201224,5.764158574887611
614,61.301226,5.5661229212005265
615,61.401228,5.60093448544602
616,61.50123000000001,4.852502802372204
617,61.601232,4.426397443069173
618,61.70123400000001,4.979464827959462
619,61.801236,5.302780604713999
620,61.901238000000006,5.2473849823251
621,62.001239999999996,6.3869465924735485
622,62.101242,6.682412769542791
623,62.201243999999996,6.198440125926279
624,62.301246,7.096974106120208
625,62.401248,7.196956110406058
626,62.50125,6.91764613244768
627,62.601252,7.59423282411905
628,62.701254,6.775215898923676
629,62.801256,7.415248879983951
630,62.901258,6.860034322554168
631,63.00126,6.982486591474562
632,63.101262000000006,5.242495065416002
633,63.201264,5.720090673077389
634,63.301266000000005,5.593319131822003
635,63.401268,5.482736778785479
636,63.501270000000005,6.550927418917616
637,63.601272,6.482857966790692
638,63.701274000000005,6.764904813720042
639,63.801276,5.8771114456127025
640,63.901278,6.885527135592224
641,64.00128,7.39526879303795
642,64.101282,7.327711180160797
643,64.201284,7.5672993611976125
644,64.301286,7.888542223326432
645,64.401288,7.774599346720541
646,64.50129,7.627253356627339
647,64.601292,6.489531230960811
648,64.701294,6.987841584474305
649,64.80129600000001,6.799790106977189
650,64.901298,6.179504264971291
651,65.0013,5.594842104829078
652,65.101302,6.892642862915424
653,65.20130400000001,7.129237371612754
654,65.30130600000001,6.871905066375451
655,65.401308,6.482032370104214
656,65.50131,7.062508333504242
657,65.60131200000001,7.0174067333262276
658,65.701314,7.388554609437381
659,65.801316,7.381100773062155
660,65.901318,7.2791112331102905
661,66.00132,7.082623170862522
662,66.101322,7.112448248979902
663,66.20132400000001,6.791900377609277
664,66.301326,6.718315139675916
665,66.401328,6.386117130886696
666,66.50133,6.0337263500209
667,66.601332,6.222301918041596
668,66.701334,5.85837505085473
669,66.80133599999999,5.479015523760477
670,66.90133800000001,5.844493378491722
671,67.00134,6.376854571106216
672,67.101342,5.721403573303023
673,67.20134399999999,6.090123636582833
674,67.30134600000001,5.696090308253116
675,67.401348,6.499393862576296
676,67.50135,6.244163030881497
677,67.601352,6.747943109894957
678,67.70135400000001,5.835686357197485
679,67.801356,6.1303510787056315
680,67.901358,5.710240128848644
681,68.00136,5.812723494155118
682,68.10136200000001,5.901830458390397
683,68.201364,5.93582904582509
684,68.301366,6.356572315069183
685,68.401368,5.937588166106176
686,68.50137,5.8394891354929745
687,68.601372,6.18126416285154
688,68.701374,6.847721681974986
689,68.801376,6.464177393418256
690,68.901378,6.372387892224359
691,69.00138000000001,6.169196336512342
692,69.101382,5.407824498423168
693,69.201384,5.744144303377903
694,69.301386,5.581842443601096
695,69.40138800000001,5.581595126707793
696,69.50139,6.057655891099641
697,69.601392,6.175715799742477
698,69.701394,6.183539062865507
699,69.80139600000001,5.878567923520876
700,69.901398,6.148687189601688
701,70.0014,6.10402361293661
702,70.10140200000001,6.332119117816045
703,70.201404,5.793281447207559
704,70.301406,4.776687924696746
705,70.40140799999999,5.298903768331585
706,70.50141,5.89188554037451
707,70.601412,4.8661245129396145
708,70.701414,6.173351899782346
709,70.801416,6.346393851187911
710,70.901418,5.630770289396994
711,71.00142,6.0096491821969105
712,71.101422,6.031670280506845
713,71.201424,5.091569828253219
714,71.301426,5.0360278601166675
715,71.401428,5.6649113593305644
716,71.50143000000001,4.808740944970969
717,71.601432,5.465530391090996
718,71.701434,4.965680526540457
719,71.801436,5.321076296980304
720,71.901438,4.959142914598237
721,72.00144,5.868137064063273
722,72.10144199999999,5.4907859178226195
723,72.20144400000001,5.432829598283383
724,72.301446,6.38217401613772
725,72.401448,5.102194403627695
726,72.50144999999999,5.157699196357366
727,72.60145200000001,5.245404449134451
728,72.701454,5.666708434871851
729,72.801456,5.699121778377945
730,72.901458,4.511254237704095
731,73.00146000000001,4.546422155957397
732,73.101462,4.2736200500724175
733,73.201464,4.418047529688537
734,73.301466,4.729297437114046
735,73.40146800000001,4.865429871716202
736,73.50147,4.972848897123797
737,73.601472,5.247594696432661
738,73.701474,4.909543558084428
739,73.801476,5.008033776582874
740,73.901478,5.346815666230709
741,74.00148,4.983590496698716
742,74.101482,5.0040564772916225
743,74.201484,4.6890458320730435
744,74.30148600000001,4.587123073959034
745,74.401488,4.3684926247632
746,74.50149,4.734978784840972
747,74.601492,5.271285797880238
748,74.70149400000001,3.927870850714276
749,74.801496,4.982918302571083
750,74.901498,5.199038098681769
751,75.0015,4.758748979230776
752,75.10150200000001,4.074352089559267
753,75.201504,4.53972223001589
754,75.301506,5.00487455455414
755,75.401508,4.06800073316745
756,75.50151,3.756811587364758
757,75.601512,4.182245032789224
758,75.70151399999999,4.843293348846355
759,75.801516,4.541318954738896
760,75.901518,5.15133104878067
761,76.00152,5.3533546986310325
762,76.101522,4.567845050702035
763,76.201524,4.979180561501365
764,76.301526,4.894479633399336
765,76.401528,4.997611032192898
766,76.50153,3.978091405752184
767,76.601532,4.378953038476186
768,76.701534,3.724917917319324
769,76.80153600000001,4.3860921531336485
770,76.901538,4.8181738528677025
771,77.00154,4.81864070724418
772,77.101542,4.913302417933849
773,77.201544,5.116772460897902
774,77.301546,5.072477469778791
775,77.40154799999999,4.9685920662296565
776,77.50155000000001,5.034482108751767
777,77.601552,4.88137427671684
778,77.701554,4.942528679934814
779,77.80155599999999,4.372662119031909
780,77.90155800000001,5.087797801326672
781,78.00156,5.406556400295362
782,78.101562,5.41940095655967
783,78.201564,5.846433881651518
784,78.30156600000001,5.699096552074753
785,78.401568,5.572155675689313
786,78.50157,5.048274184551472
787,78.601572,5.794476070543353
788,78.70157400000001,6.158100440253216
789,78.801576,5.543150863470582
790,78.90157800000001,4.903066539797749
791,79.00158,4.876190862311622
792,79.101582,5.853712071835236
793,79.201584,6.020090863231064
794,79.301586,6.84715379347769
795,79.401588,5.599768092295147
796,79.50159,5.380862216104214
797,79.60159200000001,4.10015780518654
798,79.701594,4.407804523241037
799,79.801596,4.931107605920589
800,79.90159799999999,5.578255398056332
801,80.00160000000001,4.990557845459938
802,80.101602,4.670816742200606
803,80.201604,5.230595198035179
804,80.301606,5.418373562400317
805,80.40160800000001,5.802105483755429
806,80.50161,5.947966249078845
807,80.601612,5.817563094740615
808,80.701614,4.981935495847644
809,80.801616,6.118804158173028
810,80.901618,6.349287822488031
811,81.00161999999999,5.261045631209473
812,81.101622,4.601474645558933
813,81.201624,4.348618556775148
814,81.301626,4.290691785848552
815,81.401628,3.7653916069255384
816,81.50163,4.849871519380529
817,81.601632,5.087080338007402
818,81.701634,5.16900024195974
819,81.801636,5.03301392348601
820,81.901638,4.739123956931139
821,82.00164,3.9948176602282173
822,82.10164200000001,4.326171257906233
823,82.201644,4.622640384505382
824,82.301646,4.430580078454734
825,82.401648,3.717909294935421
826,82.50165000000001,4.122432560677461
827,82.601652,5.219951977001523
828,82.70165399999999,5.211191974965506
829,82.80165600000001,4.264145291122289
830,82.901658,3.9895596887781988
831,83.00166,4.699852491706549
832,83.10166199999999,4.2992784192524685
833,83.20166400000001,4.287589619709876
834,83.301666,5.190700301357584
835,83.401668,5.008171979841386
836,83.50167,5.173835297918754
837,83.60167200000001,4.186228933359019
838,83.701674,5.6193522781833325
839,83.801676,6.287262355804963
840,83.901678,5.275518534934505
841,84.00168000000001,5.056707118711492
842,84.101682,4.7376932545445625
843,84.20168400000001,4.884628622635267
844,84.301686,4.0649722141555475
845,84.401688,5.383396726569896
846,84.50169,5.516891531358586
847,84.601692,6.2366348365591655
848,84.701694,4.973819944826435
849,84.80169599999999,4.444926397315272
850,84.90169800000001,4.3738927836526145
851,85.0017,4.340893775639749
852,85.101702,4.24543962396925
853,85.20170399999999,4.631543709242245
854,85.30170600000001,5.0276419159719135
855,85.401708,4.491888008706769
856,85.50171,3.8584243556231406
857,85.601712,4.361687319181617
858,85.70171400000001,4.842070434145336
859,85.801716,4.947062658627386
860,85.901718,4.667107180326662
861,86.00172,5.293627134705748
862,86.10172200000001,5.186786681269898
863,86.201724,4.933756695343976
864,86.301726,4.994864287773874
865,86.401728,4.837298210594856
866,86.50173,4.502511202859319
867,86.601732,4.206907156725952
868,86.701734,4.597708202416751
869,86.801736,4.159161220623223
870,86.901738,4.099405967471597
871,87.00174000000001,4.702519438154395
872,87.101742,4.794493519679195
873,87.201744,4.3678205805371135
874,87.301746,4.032994174488631
875,87.40174800000001,3.828944544594064
876,87.50175,4.10367084544354
877,87.601752,4.986558159727313
878,87.701754,4.931533667461972
879,87.80175600000001,4.622744770561244
880,87.901758,5.28213393727816
881,88.00175999999999,4.860696383710994
882,88.10176200000001,5.368064302658418
883,88.201764,4.564569577722157
884,88.301766,5.287752767490374
885,88.40176799999999,4.72832044794906
886,88.50177000000001,4.172203324960948
887,88.601772,5.412696537306212
888,88.701774,5.597146548413617
889,88.801776,5.161046724050934
890,88.90177800000001,5.4539605315857225
891,89.00178,5.617359684138335
892,89.101782,5.034335158979031
893,89.201784,5.950548576516585
894,89.301786,5.163620849857648
895,89.401788,5.176694120602738
896,89.50179000000001,4.283139318365665
897,89.601792,4.485602920670597
898,89.701794,4.810741554146596
899,89.801796,5.0818018558565505
900,89.901798,5.201664031208387
901,90.0018,5.376054781492476
902,90.10180199999999,5.186639158716539
903,90.20180400000001,4.96306922981245
904,90.301806,5.542956739560248
905,90.401808,5.045769652840716
906,90.50180999999999,4.941834338600587
907,90.60181200000001,4.917870154650691
908,90.701814,4.5759991380908
909,90.801816,4.8687733968030855
910,90.901818,4.688391020120875
911,91.00182000000001,4.8907844403302825
912,91.101822,4.7987771680855635
913,91.201824,4.64153990376601
914,91.301826,4.58106437573338
915,91.40182800000001,4.068893892039251
916,91.50183,4.2229193879151135
917,91.601832,4.2756350101167975
918,91.701834,5.330063440234628
919,91.801836,4.211073624702893
920,91.901838,4.277315874489022
921,92.00184,5.077874250803413
922,92.101842,4.7488461918194504
923,92.201844,4.72977308414752
924,92.30184600000001,4.520673502847031
925,92.401848,4.903162445167363
926,92.50185,5.6209040545784665
927,92.601852,5.67686915980984
928,92.70185400000001,4.409520616674991
929,92.801856,4.647667323320696
930,92.901858,4.628141049368507
931,93.00186,4.18046337267314
932,93.10186200000001,4.363868635143567
933,93.201864,4.487826847721668
934,93.301866,4.557542673085973
935,93.40186800000001,5.368563638256838
936,93.50187,5.6699693051945665
937,93.601872,5.732333857432006
938,93.70187399999999,5.6463210175232135
939,93.80187600000001,5.3747609199037765
940,93.901878,5.461458403287611
941,94.00188,5.500351188948158
942,94.101882,5.192943124505422
943,94.201884,5.3471644081355585
944,94.301886,5.3207422759834335
945,94.401888,5.390340167978973
946,94.50189,4.847050722931138
947,94.601892,5.062953776337309
948,94.701894,5.842107583794607
949,94.80189600000001,6.162943872288064
950,94.901898,5.238247386525712
951,95.0019,4.608244014823213
952,95.101902,5.715179579990138
953,95.201904,6.016682428338912
954,95.301906,6.234482437782938
955,95.40190799999999,6.56898436177164
956,95.50191000000001,6.115156747702374
957,95.601912,5.887536450348187
958,95.701914,6.183632417925217
959,95.80191599999999,5.27287644966482
960,95.90191800000001,5.806275996640046
961,96.00192,5.94146285935581
962,96.101922,5.84969239785426
963,96.201924,6.129086197431042
964,96.30192600000001,5.585680238855892
965,96.401928,5.383691788603339
966,96.50193,5.7290211148018715
967,96.601932,5.561537215733218
968,96.70193400000001,5.196553860067743
969,96.801936,5.32374689634791
970,96.90193800000002,5.176417280646868
971,97.00194,4.673178661250399
972,97.101942,4.950411662588822
973,97.201944,5.956323638368947
974,97.301946,5.617804819684531
975,97.401948,5.5289498693570724
976,97.50195,5.247784028600607
977,97.60195200000001,5.154466117901157
978,97.701954,5.354812126041603
979,97.801956,5.724807075268673
980,97.901958,5.440010040680968
981,98.00196000000001,5.633502652180531
982,98.101962,5.879017136139825
983,98.201964,5.782472945124206
984,98.30196600000001,5.914177622086729
985,98.40196800000001,5.773643353677265
986,98.50197,5.9099176494204295
987,98.601972,6.254948819519298
988,98.701974,6.0433930884462805
989,98.801976,6.251543994796173
990,98.901978,5.527623309824834
991,99.00197999999999,5.85248992673402
992,99.101982,6.663724241749893
993,99.201984,6.22627318227025
994,99.301986,6.16170670455869
995,99.401988,5.87383982874463
996,99.50199,6.791662634987808
997,99.601992,6.577224032751687
998,99.701994,6.68985139255133
999,99.801996,6.918480600569094
1000,99.901998,6.780629265946843
1001,100.002,6.5137908136637686
1002,100.10200200000001,6.287000079541364
1003,100.202004,7.212147612764531
1004,100.302006,6.755939335674188
1005,100.402008,6.376088952038997
1006,100.50201000000001,6.0425530707050505
1007,100.602012,6.939446618026287
1008,100.70201399999999,6.422336830811731
1009,100.80201600000001,6.168419249777812
1010,100.902018,5.753384375269506
1011,101.00202,6.292726805163002
1012,101.10202199999999,6.458522311341002
1013,101.20202400000001,6.7681464908917475
1014,101.302026,6.201053023780705
1015,101.402028,6.2509342356776525
1016,101.50203,6.296329374086883
1017,101.60203200000001,6.114039477745355
1018,101.702034,6.425945145460155
1019,101.802036,6.1419925083771885
1020,101.902038,5.833196086379842
1021,102.00204000000001,6.271951344997089
1022,102.102042,6.202110258929597
1023,102.20204400000001,6.400714754801196
1024,102.302046,6.389329724549736
1025,102.402048,6.560506951337045
1026,102.50205,6.465458969607146
1027,102.602052,6.589529936784424
1028,102.702054,7.0096137414038475
1029,102.802056,6.676883049551978
1030,102.90205800000001,6.746706072184349
1031,103.00206,6.265236333427685
1032,103.102062,6.85598834823848
1033,103.202064,6.357077334987573
1034,103.30206600000001,6.095488718312173
1035,103.402068,6.031829768905928
1036,103.50207,6.002548329319653
1037,103.602072,5.965584923732961
1038,103.70207400000001,6.165943779141099
1039,103.802076,6.694569566059096
1040,103.902078,6.647933623011607
1041,104.00208,6.48300447617605
1042,104.10208200000001,6.511315247010825
1043,104.202084,6.686649297631282
1044,104.302086,6.249593511297788
1045,104.402088,6.871488474881339
1046,104.50209,6.91342880069495
1047,104.602092,6.404823754519952
1048,104.702094,6.4818041734656635
1049,104.802096,6.79450639863901
1050,104.902098,7.010282380671475
1051,105.00210000000001,6.467187960587985
1052,105.102102,6.822224475741669
1053,105.202104,6.785958122016895
1054,105.302106,6.972489432904524
1055,105.40210800000001,7.121503525591432
1056,105.50211,7.061554695814584
1057,105.602112,6.9774725081563576
1058,105.702114,7.176701363537946
1059,105.80211600000001,7.219946491451968
1060,105.902118,7.3546190059975185
1061,106.00211999999999,7.5362564467950826
1062,106.10212200000001,7.250149941198656
1063,106.202124,6.9917618523011305
1064,106.302126,6.7629254369606215
1065,106.40212799999999,6.360730401967195
1066,106.50213000000001,6.637521165985089
1067,106.602132,5.904855179463246
1068,106.702134,6.629033369731444
1069,106.802136,6.549353103167466
1070,106.90213800000001,6.5375629243019535
1071,107.00214,6.533897065340774
1072,107.102142,6.909886879958095
1073,107.202144,7.14694231423885
1074,107.30214600000001,6.905716847518037
1075,107.402148,6.410920398826845
1076,107.50215000000001,6.170132393503164
1077,107.602152,6.22362630306929
1078,107.702154,6.699031251653341
1079,107.802156,6.538600227053125
1080,107.902158,6.901425425398675
1081,108.00216,6.45137527029502
1082,108.10216199999999,6.486435634648017
1083,108.20216400000001,6.4678307393835635
1084,108.302166,6.424990133575129
1085,108.402168,6.343222226824648
1086,108.50216999999999,6.934422398232833
1087,108.60217200000001,6.315252375228375
1088,108.702174,6.477547256609148
1089,108.802176,6.926140464772802
1090,108.902178,6.998765378596538
1091,109.00218000000001,7.108685185650501
1092,109.102182,7.205373229569198
1093,109.202184,7.458059297202744
1094,109.302186,7.029138806410439
1095,109.40218800000001,6.671793262603625
1096,109.50219,6.977625113786639
1097,109.602192,6.199486022446378
1098,109.702194,6.2766372785943085
1099,109.802196,6.215306977876702
1100,109.902198,6.595567489836644
1101,110.0022,6.246408775921676
1102,110.102202,6.811816267524061
1103,110.202204,6.71876860047515
1104,110.30220600000001,6.725169105928425
1105,110.402208,6.235078447969531
1106,110.50221,5.884500168969563
1107,110.602212,5.820583050642181
1108,110.70221400000001,6.63550350340974
1109,110.802216,6.319873431651369
1110,110.902218,6.458716912600485
1111,111.00222,6.219285233659392
1112,111.10222200000001,6.837932437307334
1113,111.202224,6.921131783945278
1114,111.30222599999999,6.221921033834272
1115,111.40222800000001,6.781881944581683
1116,111.50223,6.700033585458392
1117,111.602232,6.141005989506309
1118,111.70223399999999,6.032599897709426
1119,111.80223600000001,6.2161012327331395
1120,111.902238,6.759264971144737
1121,112.00224,6.366823111398541
1122,112.102242,6.68199196932787
1123,112.20224400000001,6.953944572095762
1124,112.302246,6.880177811531032
1125,112.402248,6.22103683289024
1126,112.50225,5.87861589033252
1127,112.60225200000001,5.827317284978604
1128,112.702254,6.229748744837575
1129,112.80225600000001,7.014768545400383
1130,112.902258,6.709605072087699
1131,113.00226,6.849735956997328
1132,113.102262,6.94245670818483
1133,113.202264,6.1365077147349885
1134,113.302266,6.017010709306833
1135,113.40226799999999,5.881839217775066
1136,113.50227000000001,6.821225624205767
1137,113.602272,6.061962422433286
1138,113.702274,5.850173306976658
1139,113.80227599999999,5.566050574848415
1140,113.90227800000001,5.9584254216777515
1141,114.00228,5.376689730002835
1142,114.102282,5.7995096789139104
1143,114.202284,5.69872633390804
1144,114.30228600000001,5.62225802125889
1145,114.402288,6.152846054725729
1146,114.50229,6.056143862983865
1147,114.602292,6.31431244386444
1148,114.70229400000001,5.853989715945566
1149,114.802296,5.681957704535627
1150,114.902298,5.580466596704765
1151,115.0023,5.674217570296045
1152,115.102302,6.176323524939944
1153,115.202304,6.011646071074553
1154,115.302306,6.049860547402699
1155,115.402308,5.231049435600668
1156,115.50231,5.574934554851256
1157,115.60231200000001,5.920316368488612
1158,115.702314,5.781365505171417
1159,115.802316,5.768194915846537
1160,115.902318,5.921680624408842
1161,116.00232000000001,5.860349243914981
1162,116.102322,6.50753461981699
1163,116.202324,6.813697313537789
1164,116.30232600000001,6.816905309492317
1165,116.40232800000001,6.714286607392958
1166,116.50233,6.064522796111663
1167,116.602332,6.268756793895695
1168,116.70233400000001,6.059195488637973
1169,116.802336,5.9901029720757375
1170,116.902338,6.258719384592812
1171,117.00233999999999,5.5927547982289045
1172,117.10234200000001,5.773722172715332
1173,117.202344,5.541580698992365
1174,117.302346,5.730633849437461
1175,117.402348,4.314239043637258
1176,117.50235,4.795443202554714
1177,117.602352,4.1999084307954835
1178,117.702354,4.483239864630937
1179,117.802356,5.190685558447922
1180,117.902358,4.9032382743074665
1181,118.00236,5.569340625126861
1182,118.10236200000001,5.376644433933933
1183,118.202364,5.994300208007222
1184,118.302366,5.954247716671907
1185,118.402368,6.038156345395295
1186,118.50237,5.6729141981472555
1187,118.602372,5.529490455002713
1188,118.70237399999999,5.175669394725888
1189,118.80237600000001,5.79510717314778
1190,118.902378,5.445458166931686
1191,119.00238,5.955505570877234
1192,119.10238199999999,5.402305649536851
1193,119.20238400000001,5.4758386261100425
1194,119.302386,5.927185333003166
1195,119.402388,4.991727283614693
1196,119.50239,5.2509773456311715
1197,119.60239200000001,5.4911500026244795
1198,119.702394,5.975694110668493
1199,119.802396,6.127284720084351
1200,119.902398,6.334452002633051
1201,120.00240000000001,5.764494647087659
1202,120.102402,6.278898640077083
1203,120.20240400000002,6.277534040383071
1204,120.302406,5.863566208823376
1205,120.402408,6.123057613770951
1206,120.50241,6.0291757429772606
1207,120.602412,5.900935246110888
1208,120.702414,5.965945136846986
1209,120.802416,6.418402229795374
1210,120.90241800000001,6.32479595707288
1211,121.00242,5.996532459883569
1212,121.102422,5.884249741610074
1213,121.202424,5.612672929645948
1214,121.30242600000001,4.888582992700739
1215,121.402428,4.735184829347217
1216,121.50243,4.702856395765989
1217,121.60243200000001,5.62698108520266
1218,121.70243400000001,5.4443706677586015
1219,121.802436,4.94815104289861
1220,121.902438,4.988409943497018
1221,122.00244,4.40795693328425
1222,122.102442,4.090934195935651
1223,122.202444,5.195480381893551
1224,122.302446,4.989753701125941
1225,122.402448,5.4098306286683675
1226,122.50245,5.306547224139112
1227,122.602452,5.38904756802679
1228,122.702454,5.110398064792265
1229,122.802456,5.4136162683772096
1230,122.902458,6.500613495475367
1231,123.00246000000001,5.807110193562999
1232,123.102462,5.547972234582365
1233,123.202464,4.81917467099491
1234,123.302466,4.50592489961049
1235,123.40246800000001,5.357756206691248
1236,123.50247,4.703435128691266
1237,123.602472,5.230689269632866
1238,123.702474,5.985316676871536
1239,123.80247600000001,5.869661143931981
1240,123.902478,6.287163185516618
1241,124.00247999999999,4.929499562292675
1242,124.10248200000001,4.818879539686213
1243,124.202484,4.603743771092758
1244,124.302486,4.903889983288061
1245,124.40248799999999,5.178319713083332
1246,124.50249000000001,4.715226304224704
1247,124.602492,4.499312837543189
1248,124.702494,4.907470150245807
1249,124.802496,5.026735409660123
1250,124.90249800000001,5.245078002276694
1251,125.0025,5.4597485094959355
1252,125.102502,4.757173096550945
1253,125.202504,4.884831383972114
1254,125.30250600000001,5.122000019461143
1255,125.402508,4.806956559569438
1256,125.50251000000002,4.926214624934595
1257,125.602512,4.833688005281217
1258,125.702514,4.562634036965301
1259,125.802516,5.147484635376136
1260,125.902518,5.28756961045868
1261,126.00252,4.289419518281988
1262,126.102522,4.691598562755434
1263,126.20252400000001,4.079483595996666
1264,126.302526,4.5565810439026
1265,126.402528,4.273367450039641
1266,126.50253,4.087065438793889
1267,126.60253200000001,4.230081735399375
1268,126.702534,4.609607514697161
1269,126.802536,4.620324868073889
1270,126.902538,5.176219731937459
1271,127.00254000000001,4.40877082227315
1272,127.102542,4.5820934487271
1273,127.202544,5.269118514626646
1274,127.302546,4.797739561614337
1275,127.40254800000001,4.772743460150805
1276,127.50255,4.479975987348956
1277,127.602552,5.079989105227188
1278,127.702554,5.469895223940661
1279,127.802556,4.739820881629068
1280,127.902558,4.61274406204286
1281,128.00256,5.37428874237546
1282,128.102562,4.754423269070989
1283,128.202564,5.173660784442189
1284,128.302566,4.570464021556859
1285,128.402568,5.1158013518794325
1286,128.50257000000002,5.006109895539141
1287,128.602572,5.344894627640605
1288,128.702574,5.4600847536703725
1289,128.802576,5.721561130933723
1290,128.902578,5.514865530078802
1291,129.00258,5.313597816440345
1292,129.102582,6.120387119061277
1293,129.202584,5.213230962370421
1294,129.302586,5.268727104888463
1295,129.402588,5.879014532674462
1296,129.50259,5.046510983686821
1297,129.60259200000002,5.72713749213559
1298,129.702594,5.337655452059152
1299,129.802596,5.688462640027065
1300,129.902598,5.821453148988241
1301,130.0026,5.604368356944706
1302,130.102602,5.6275161242907945
1303,130.202604,4.8359440894367465
1304,130.302606,4.855320488504258
1305,130.40260800000001,4.698013604033554
1306,130.50261,4.7123679134555845
1307,130.60261200000002,5.353021865512933
1308,130.702614,5.021402099750035
1309,130.802616,4.88920362917597
1310,130.902618,5.4575188065622875
1311,131.00262,5.616091546779823
1312,131.102622,5.208067007836881
1313,131.20262400000001,5.4451050148243985
1314,131.30262599999998,5.5201021076498655
1315,131.402628,5.736718482035062
1316,131.50263,5.070415506841627
1317,131.602632,5.30724818859401
1318,131.702634,5.594103901890847
1319,131.802636,5.659666083199606
1320,131.902638,5.218897725351126
1321,132.00264,5.224397107134434
1322,132.102642,4.808092705222437
1323,132.202644,4.762246510614602
1324,132.302646,5.073199760413887
1325,132.40264800000003,5.3741172097474434
1326,132.50265,5.507559454829821
1327,132.602652,5.189754937492244
1328,132.702654,5.122608023823926
1329,132.802656,5.247718549848303
1330,132.902658,4.913297011385747
1331,133.00266,4.992177096542787
1332,133.102662,5.50885853146041
1333,133.202664,4.875723396142564
1334,133.302666,4.671941223917266
1335,133.402668,4.311087110397847
1336,133.50267000000002,4.397317660436766
1337,133.60267199999998,4.277077730036856
1338,133.702674,4.487977348727299
1339,133.80267600000002,4.929376930054791
1340,133.902678,4.547906073269943
1341,134.00268,6.000387329770668
1342,134.102682,5.392732665232303
1343,134.202684,6.378059263553339
1344,134.30268600000002,5.974409712663948
1345,134.40268799999998,5.9063540039653075
1346,134.50269,5.5442020766316285
1347,134.60269200000002,5.546317204145876
1348,134.70269399999998,5.795444539664111
1349,134.802696,5.362228607286315
1350,134.90269800000002,5.621177023102946
1351,135.0027,5.677395600515499
1352,135.102702,5.66068643666071
1353,135.202704,5.387799897870124
1354,135.302706,5.284182282303244
1355,135.40270800000002,5.894992935055603
1356,135.50270999999998,5.3388606438676
1357,135.602712,5.755849361315605
1358,135.70271400000001,5.243058346442649
1359,135.802716,5.422346960976727
1360,135.902718,5.350608233802131
1361,136.00272,5.41994208280988
1362,136.102722,5.165433612165807
1363,136.20272400000002,5.024203958998238
1364,136.302726,5.914407761315041
1365,136.402728,5.817524151854025
1366,136.50273,5.420899812850888
1367,136.602732,6.111049444407546
1368,136.702734,5.601894931892287
1369,136.802736,5.759890249505233
1370,136.902738,6.113615273457424
1371,137.00274,6.105797177098776
1372,137.102742,5.781184452686671
1373,137.202744,5.1090869943056765
1374,137.302746,5.039775040763536
1375,137.402748,5.870138132006386
1376,137.50275,5.45685429495943
1377,137.602752,5.512966434569347
1378,137.70275400000003,5.389003921641878
1379,137.802756,5.667163631915293
1380,137.902758,5.8469640555593285
1381,138.00276000000002,5.951130901879334
1382,138.102762,5.824772149366771
1383,138.202764,5.428689110730257
1384,138.302766,4.886123043635416
1385,138.402768,5.617979678327676
1386,138.50277,5.038714989388749
1387,138.602772,5.185806705831275
1388,138.702774,4.872906529077133
1389,138.80277600000002,4.9024967988173875
1390,138.90277799999998,4.998344984160405
1391,139.00278,5.123899056867687
1392,139.10278200000002,4.953382015346832
1393,139.202784,4.756568551975056
1394,139.302786,5.139804291533068
1395,139.402788,4.630603846193744
1396,139.50279,5.244667904898383
1397,139.60279200000002,4.910249690011132
1398,139.70279399999998,5.018830923708604
1399,139.802796,5.829479574295057
1400,139.90279800000002,5.0659383053263225
1401,140.0028,5.131864835986065
1402,140.102802,5.161185519266341
1403,140.20280400000001,5.015784968283753
1404,140.302806,4.587719399545415
1405,140.402808,4.432160173348505
1406,140.50281,4.75226994152319
1407,140.602812,4.723321317391749
1408,140.70281400000002,4.882618663172711
1409,140.80281599999998,5.108834924729616
1410,140.902818,5.077907241826313
1411,141.00282,5.3537113241114715
1412,141.102822,5.201177860311411
1413,141.202824,5.203483590977269
1414,141.302826,4.611625563551765
1415,141.402828,4.7010676932789375
1416,141.50283000000002,4.014870645043512
1417,141.602832,4.01079106488056
1418,141.702834,3.7898072988386304
1419,141.802836,3.7118004063052856
1420,141.902838,4.808259515332484
1421,142.00284,3.62075678467759
1422,142.102842,3.8011681595006994
1423,142.202844,4.930245494157275
1424,142.302846,5.457329731923264
1425,142.402848,5.049951182534684
1426,142.50285,4.4451019194363095
1427,142.602852,4.525986327207112
1428,142.702854,4.039990624512737
1429,142.802856,4.778497783405032
1430,142.902858,4.5254143387515775
1431,143.00286000000003,4.52120293996039
1432,143.102862,4.805388097446956
1433,143.202864,5.0215471939686624
1434,143.30286600000002,4.391694288385445
1435,143.402868,4.98824584667506
1436,143.50287,5.366907172197601
1437,143.602872,5.041395177891599
1438,143.702874,4.522645993458701
1439,143.802876,4.523736255257478
1440,143.902878,4.794367968818649
1441,144.00288,4.618881204418771
1442,144.10288200000002,4.488983452312492
1443,144.20288399999998,5.741905218447973
1444,144.302886,5.89578502058261
1445,144.40288800000002,5.712603686126641
1446,144.50289,5.590172684643955
1447,144.602892,4.8252833420542025
1448,144.702894,4.8291917417869685
1449,144.802896,4.614981301929382
1450,144.90289800000002,4.579368142861986
1451,145.00289999999998,4.967857835488786
1452,145.102902,5.019116417042921
1453,145.20290400000002,5.683782527192326
1454,145.302906,4.427406097100158
1455,145.402908,4.428812096749506
1456,145.50291,4.2667575547770085
1457,145.602912,5.073964928592469
1458,145.702914,5.353605803046515
1459,145.802916,5.625749270246953
1460,145.902918,5.818253398422992
1461,146.00292000000002,5.214165816243072
1462,146.10292199999998,5.166616982851377
1463,146.202924,5.310488443727244
1464,146.302926,5.355896377169803
1465,146.402928,5.240715194430169
1466,146.50293,4.6004164787065145
1467,146.602932,4.45305939857671
1468,146.702934,5.211314829196759
1469,146.80293600000002,5.392251679106458
1470,146.902938,5.058456136955398
1471,147.00294,4.973797244406906
1472,147.102942,5.145211817061946
1473,147.202944,5.058383791428533
1474,147.302946,5.7149069474088545
1475,147.402948,5.362296547105064
1476,147.50295,4.855675363011509
1477,147.602952,5.454719195883017
1478,147.702954,4.933086657190958
1479,147.802956,4.873193294952937
1480,147.902958,5.43696854717842
1481,148.00296,5.127869323922917
1482,148.102962,5.711190400575039
1483,148.202964,5.6889080049740555
1484,148.30296600000003,5.737645095476462
1485,148.402968,5.225212019389041
1486,148.50297,4.706977178117109
1487,148.60297200000002,5.050079098661489
1488,148.702974,4.66376072576759
1489,148.802976,4.737490469769211
1490,148.902978,5.1507518780878865
1491,149.00298,5.356087891120683
1492,149.102982,5.158729585357233
1493,149.202984,5.15760714095911
1494,149.302986,5.532560225076568
1495,149.40298800000002,5.838282605885976
1496,149.50298999999998,5.750590581515825
1497,149.602992,5.439018402578785
1498,149.70299400000002,5.239132402193217
1499,149.802996,5.308573147266306
1500,149.902998,5.391324736366918
1501,150.003,5.352503057330298
1502,150.103002,5.177098788976731
1503,150.20300400000002,5.3408208960676244
1504,150.30300599999998,5.399953982254115
1505,150.403008,5.722538933030346
1506,150.50301000000002,5.394467863739345
1507,150.603012,5.175769114317703
1508,150.703014,5.648733497743437
1509,150.803016,4.969226776147577
1510,150.903018,5.869306675987507
1511,151.00302,5.648125982094542
1512,151.103022,5.392972873808018
1513,151.203024,5.779445865248474
1514,151.30302600000002,5.78423500365013
1515,151.40302799999998,5.948520663938685
1516,151.50303,5.750219628636739
1517,151.603032,4.757750809750786
1518,151.703034,5.34690204837332
1519,151.803036,4.929859783717181
1520,151.903038,5.551448799719251
1521,152.00304,5.560837707694914
1522,152.10304200000002,5.118966453441488
1523,152.203044,5.5513501075331355
1524,152.303046,5.695604084509281
1525,152.403048,4.80204429802763
1526,152.50305000000003,5.121520976467194
1527,152.603052,5.111482582083258
1528,152.703054,4.599254355404968
1529,152.803056,5.087157961658949
1530,152.903058,4.505259609137622
1531,153.00306,4.29109637078697
1532,153.103062,4.409765881964515
1533,153.203064,4.851799076466083
1534,153.303066,4.734621220480019
1535,153.403068,4.4371087606284645
1536,153.50307,4.04939889762646
1537,153.60307200000003,3.552380065403433
1538,153.703074,4.127420631188417
1539,153.803076,3.7886234872956273
1540,153.90307800000002,4.364670284559977
1541,154.00308,3.7768738193179936
1542,154.103082,4.7203119947945575
1543,154.203084,5.101426479988823
1544,154.303086,5.25142967419173
1545,154.403088,5.202429864216275
1546,154.50309,5.0272754434814555
1547,154.603092,5.059436160692809
1548,154.70309400000002,5.1543252744604855
1549,154.80309599999998,5.577827065568386
1550,154.903098,5.2258242568045725
1551,155.00310000000002,4.580380481090016
1552,155.103102,4.702759766872129
1553,155.203104,4.122646130578542
1554,155.303106,4.840112017770259
1555,155.403108,4.918726827353916
1556,155.50311000000002,4.3272055545433386
1557,155.60311199999998,4.677871445035473
1558,155.703114,4.508910088160101
1559,155.80311600000002,5.15671993896651
1560,155.903118,4.862564871179462
1561,156.00312,5.30417516818304
1562,156.103122,5.3108867567564575
1563,156.203124,5.205285606623188
1564,156.303126,4.508317332953847
1565,156.403128,5.112213557669623
1566,156.50313,4.248778132733305
1567,156.60313200000002,3.8959950649911628
1568,156.70313399999998,4.651621151212334
1569,156.803136,4.578765462021018
1570,156.903138,4.353511278621406
1571,157.00314,4.326523546919055
1572,157.103142,5.008394606259592
1573,157.203144,5.087466469997703
1574,157.303146,4.766629467372928
1575,157.40314800000002,4.6547321246643145
1576,157.50315,4.577270946738735
1577,157.603152,4.502495478306279
1578,157.703154,4.829395195532314
1579,157.80315600000003,4.224782264476407
1580,157.903158,4.787480925056523
1581,158.00316,4.847111975615203
1582,158.103162,4.062324632842351
1583,158.203164,4.795823546556675
1584,158.303166,4.162877009710634
1585,158.403168,4.266091101962215
1586,158.50317,4.3667001993575
1587,158.603172,4.480940603851563
1588,158.703174,4.48559844001026
1589,158.803176,4.531498029195652
1590,158.90317800000003,4.57813051736255
1591,159.00318,4.069278400164036
1592,159.103182,4.128901415288018
1593,159.20318400000002,4.2982507147624345
1594,159.303186,5.356486174178087
1595,159.403188,5.437780663695499
1596,159.50319,5.612364883987912
1597,159.603192,6.00467317912889
1598,159.70319400000002,5.664381817609557
1599,159.80319599999999,5.721019104565352
1600,159.903198,5.8117002045059385
1601,160.00320000000002,5.494753473846135
1602,160.10320199999998,5.48373664492914
1603,160.203204,5.578540933862072
1604,160.30320600000002,5.094361996327388
1605,160.403208,5.637865345454292
1606,160.50321,5.774193533878606
1607,160.603212,5.938809919918401
1608,160.703214,6.28423658616248
1609,160.80321600000002,5.9084140621031835
1610,160.90321799999998,5.724660637848717
1611,161.00322,6.4711953376425955
1612,161.10322200000002,6.000247107199001
1613,161.203224,6.89041957610466
1614,161.303226,6.808909228745369
1615,161.403228,5.281390534861261
1616,161.50323,6.173186350249178
1617,161.603232,6.235062115180846
1618,161.703234,6.098817164539022
1619,161.803236,6.445022687903831
1620,161.90323800000002,6.614482655728982
1621,162.00323999999998,6.417551543878232
1622,162.103242,6.212383003594377
1623,162.203244,6.029045004910756
1624,162.303246,6.141132208251893
1625,162.403248,6.000927529691276
1626,162.50325,6.067723612905847
1627,162.603252,5.355622195548379
1628,162.70325400000002,5.991711391304548
1629,162.803256,5.979552851566467
1630,162.903258,6.3178119770270795
1631,163.00326,5.571762770933622
1632,163.10326200000003,5.42617935961456
1633,163.203264,5.6237159887447605
1634,163.303266,5.491123745792624
1635,163.403268,5.667495458805216
1636,163.50327,5.898857524893632
1637,163.603272,5.094610293058704
1638,163.703274,5.6510225190534795
1639,163.803276,5.272875032371251
1640,163.903278,5.174561815485795
1641,164.00328,6.183703782759749
1642,164.103282,6.487254017506603
1643,164.20328400000002,7.24304563963485
1644,164.30328599999999,7.104986630831861
1645,164.403288,6.588232570898149
1646,164.50329000000002,6.324360840384633
1647,164.603292,5.771877627962153
1648,164.703294,6.238116906146797
1649,164.803296,5.8035939281314075
1650,164.903298,6.195737294773871
1651,165.00330000000002,5.527968999704273
1652,165.10330199999999,5.788044439593699
1653,165.203304,5.378951998365704
1654,165.30330600000002,5.399515813704065
1655,165.40330799999998,4.898345471652287
1656,165.50331,4.682079738281305
1657,165.60331200000002,4.921413796098529
1658,165.703314,5.772203814198398
1659,165.803316,5.2521407966561595
1660,165.903318,5.388646570188326
1661,166.00332,4.985862481543889
1662,166.10332200000002,5.508033699027248
1663,166.20332399999998,4.718479727946844
1664,166.303326,4.892316314792119
1665,166.40332800000002,4.965471657011815
1666,166.50333,5.3148488177870545
1667,166.603332,5.820101544240539
1668,166.703334,5.6515293873928245
1669,166.803336,5.6776511958521425
1670,166.90333800000002,5.733310261538592
1671,167.00334,5.266873855780636
1672,167.103342,5.2482440628618745
1673,167.20334400000002,5.6114392206837875
1674,167.30334599999998,5.249656474766661
1675,167.403348,4.600788472551571
1676,167.50335,4.896754739041673
1677,167.603352,5.42701485011169
1678,167.703354,5.745926965001962
1679,167.803356,5.951289214573217
1680,167.903358,6.0695420401412
1681,168.00336000000001,5.834913219556896
1682,168.103362,4.79862802839718
1683,168.203364,5.505319639879368
1684,168.303366,5.67303497520374
1685,168.40336800000003,6.268857026842489
1686,168.50337,5.721959376756468
1687,168.603372,5.44883912388117
1688,168.703374,4.887389129090686
1689,168.803376,5.394863044033598
1690,168.903378,5.224148875990272
1691,169.00338,5.578002234370605
1692,169.103382,5.51524717168248
1693,169.203384,5.736986360553348
1694,169.303386,5.705943889918779
1695,169.403388,6.456442865077379
1696,169.50339000000002,6.126959299050593
1697,169.60339199999999,5.691551940206293
1698,169.703394,5.792950438985176
1699,169.80339600000002,6.621463613232458
1700,169.903398,6.673517696304174
1701,170.0034,6.348978176211886
1702,170.103402,6.519050859426465
1703,170.203404,5.495712410529079
1704,170.30340600000002,6.404239021497664
1705,170.40340799999998,6.22381046218042
1706,170.50341,5.5147805615505945
1707,170.60341200000002,5.191298445227644
1708,170.70341399999998,5.385709401287591
1709,170.803416,5.8629157132467205
1710,170.90341800000002,6.008698247766902
1711,171.00342,5.900384416627701
1712,171.103422,5.543311199366399
1713,171.203424,5.6882882805635075
1714,171.303426,5.40415301629744
1715,171.40342800000002,5.235995238113708
1716,171.50342999999998,5.053315037811279
1717,171.603432,4.6490604852889215
1718,171.70343400000002,4.537507449560395
1719,171.803436,4.56158768391079
1720,171.903438,4.645499526902167
1721,172.00344,4.491576917456379
1722,172.103442,4.968354183162024
1723,172.20344400000002,4.452128872069079
1724,172.303446,4.1702745373396235
1725,172.403448,4.748427822355648
1726,172.50345000000002,4.755791291574718
1727,172.603452,6.1576092609211805
1728,172.703454,6.11718283936564
1729,172.803456,5.695869082051668
1730,172.903458,4.726231166612358
1731,173.00346,5.455223466159625
1732,173.103462,4.987841549690681
1733,173.203464,5.434187753691505
1734,173.30346600000001,6.455121534880273
1735,173.403468,6.39522045297819
1736,173.50347,5.872587682275974
1737,173.603472,5.429815262609673
1738,173.70347400000003,5.748414119836126
1739,173.803476,5.934426708843199
1740,173.903478,6.336899694567196
1741,174.00348000000002,6.597042500149299
1742,174.103482,6.670729257045735
1743,174.203484,6.103095065103642
1744,174.303486,6.729737055310754
1745,174.403488,6.7927176824244775
1746,174.50349,6.676156468591728
1747,174.603492,6.284263261668247
1748,174.703494,5.975384243526799
1749,174.80349600000002,5.618740249446959
1750,174.90349799999998,5.953390033875459
1751,175.0035,5.655028377413799
1752,175.10350200000002,5.508774739741899
1753,175.203504,4.871981132938406
1754,175.303506,5.888355986404589
1755,175.403508,5.915377159827137
1756,175.50351,6.059273271435006
1757,175.60351200000002,5.548581811041315
1758,175.70351399999998,5.0118819530906755
1759,175.803516,6.033640052113969
1760,175.90351800000002,5.017660107225009
1761,176.00351999999998,6.023408548842776
1762,176.103522,6.338728751758637
1763,176.20352400000002,6.173685292668733
1764,176.303526,6.726519787238785
1765,176.403528,6.384969285687053
1766,176.50353,5.742597893832961
1767,176.603532,6.480552258925568
1768,176.70353400000002,6.617491146237664
1769,176.80353599999998,6.612589356707073
1770,176.903538,6.309075180768087
1771,177.00354000000002,6.026234751372771
1772,177.103542,6.239587082133452
1773,177.203544,5.956106710362355
1774,177.303546,6.189696691899614
1775,177.403548,6.016702474559285
1776,177.50355000000002,5.9791714563195475
1777,177.603552,6.195919171089206
1778,177.703554,6.552024688985398
1779,177.80355600000001,6.589972896457306
1780,177.903558,6.850316654151525
1781,178.00356,7.232402767129583
1782,178.103562,6.615647585040906
1783,178.203564,6.584209377969651
1784,178.303566,6.6686647098781435
1785,178.403568,6.952386400368105
1786,178.50357,6.43796726429028
1787,178.603572,6.395210698745016
1788,178.703574,6.406601770658493
1789,178.803576,6.718160298589379
1790,178.903578,6.145904591514796
1791,179.00358000000003,6.2710431032626355
1792,179.103582,5.953661089141294
1793,179.203584,5.655911266279506
1794,179.30358600000002,5.516886080262457
1795,179.403588,5.550821794607966
1796,179.50359,5.4478318674910975
1797,179.603592,5.887578291966717
1798,179.703594,6.283407177771897
1799,179.803596,6.4636152887277
1800,179.903598,6.87427269058691
1801,180.0036,7.083160580178169
1802,180.10360200000002,6.9045660664489965
1803,180.20360399999998,6.706790618376029
1804,180.303606,6.638765085931362
1805,180.40360800000002,6.733028649148186
1806,180.50361,6.7374847428400795
1807,180.603612,6.409031542409824
1808,180.703614,6.976756947941849
1809,180.803616,7.0787348548569415
1810,180.90361800000002,7.015003985729052
1811,181.00361999999998,6.60508294830565
1812,181.103622,6.7565243379562165
1813,181.20362400000002,7.36596857915766
1814,181.30362599999998,6.603320552917953
1815,181.403628,6.815212267693898
1816,181.50363000000002,6.621615080333527
1817,181.603632,7.157209735341594
1818,181.703634,7.220135920019584
1819,181.803636,6.989731328451804
1820,181.903638,6.921932546569968
1821,182.00364000000002,6.600716801847237
1822,182.10364199999998,6.97665288082067
1823,182.203644,6.874483021851692
1824,182.30364600000001,6.966886773970031
1825,182.403648,7.232081770734269
1826,182.50365,7.767091996648174
1827,182.603652,6.941806004948895
1828,182.703654,7.398428760393095
1829,182.80365600000002,7.24169856834424
1830,182.903658,7.174091698326916
1831,183.00366,7.128051158763128
1832,183.103662,7.312067113879756
1833,183.203664,7.447074765713821
1834,183.303666,7.097414023657987
1835,183.403668,6.489951830796179
1836,183.50367,7.331913714286139
1837,183.603672,7.536539403490213
1838,183.703674,7.276655027389543
1839,183.803676,7.137465742563055
1840,183.903678,7.325154207262886
1841,184.00368,7.304782621996735
1842,184.103682,6.942364285601418
1843,184.203684,6.233688437504198
1844,184.30368600000003,6.41387525968558
1845,184.403688,6.956482081819639
1846,184.50369,6.581684087862693
1847,184.60369200000002,6.8406178566506775
1848,184.703694,6.422054777071553
1849,184.803696,6.102238539283306
1850,184.903698,5.653130113656691
1851,185.0037,6.203837602439927
1852,185.103702,5.570385517338813
1853,185.203704,5.51249999236456
1854,185.303706,6.046251539578814
1855,185.40370800000002,5.861006622182015
1856,185.50370999999998,6.431416896619092
1857,185.603712,6.740580964169986
1858,185.70371400000002,6.229426168986876
1859,185.803716,6.3474879131526105
1860,185.903718,6.487613773073227
1861,186.00372,6.167736834486255
1862,186.103722,6.785602786344685
1863,186.20372400000002,6.173344042984325
1864,186.30372599999998,6.358433437893421
1865,186.403728,6.764257003738792
1866,186.50373000000002,6.526740274867193
1867,186.603732,6.6657533516732155
1868,186.703734,6.498583010633827
1869,186.80373600000001,6.283480450848268
1870,186.903738,6.764140066432232
1871,187.00374,6.872509229964705
1872,187.103742,7.5508653893597115
1873,187.203744,6.74355803470824
1874,187.30374600000002,6.483132706180182
1875,187.40374799999998,6.6288890754507985
1876,187.50375,6.718586935918137
1877,187.60375200000001,6.333391085708719
1878,187.703754,6.30853368673096
1879,187.803756,6.466419808418703
1880,187.903758,6.764839719610803
1881,188.00376,6.412327991607026
1882,188.10376200000002,6.4641076480708275
1883,188.203764,6.495108107119155
1884,188.303766,6.275858668421342
1885,188.403768,5.680021765442988
1886,188.50377,6.14256004726221
1887,188.603772,6.103374001714714
1888,188.703774,6.300905522259662
1889,188.803776,6.93845966073519
1890,188.903778,6.372665465229621
1891,189.00378,6.387146640729938
1892,189.103782,6.489865118617127
1893,189.203784,6.660480342382384
1894,189.303786,6.0747926513298545
1895,189.403788,6.548658517473468
1896,189.50379,6.510220671901125
1897,189.60379200000003,6.500847132634866
1898,189.703794,6.3791070731725625
1899,189.803796,5.6790936448507585
1900,189.90379800000002,5.752749734570624
1901,190.0038,5.86557284917369
1902,190.103802,5.643115091591536
1903,190.203804,5.147280468934752
1904,190.303806,5.42203470311409
1905,190.403808,5.764248326323765
1906,190.50381,5.124857283201903
1907,190.603812,4.684313786304357
1908,190.70381400000002,5.326466478354313
1909,190.80381599999998,5.599779976107538
1910,190.903818,5.521721532842815
1911,191.00382000000002,5.456237818305912
1912,191.103822,5.546957724446192
1913,191.203824,5.70276917655607
1914,191.30382600000002,4.941469517674348
1915,191.403828,5.0153453512811375
1916,191.50383000000002,4.995897126418138
1917,191.60383199999998,4.712275162123763
1918,191.703834,4.935885411386604
1919,191.80383600000002,5.880383868768558
1920,191.903838,6.002010678484578
1921,192.00384,5.294054306271473
1922,192.10384200000001,5.266353758436332
1923,192.203844,5.46445742136707
1924,192.303846,5.378500797407728
1925,192.403848,4.580507834064384
1926,192.50385,4.646874699961157
1927,192.60385200000002,5.20375310530245
1928,192.70385399999998,5.345774822107298
1929,192.803856,5.372922561221292
1930,192.903858,5.258419122457278
1931,193.00386,5.361969493187591
1932,193.103862,5.415896416547766
1933,193.203864,5.028558973357281
1934,193.303866,5.163815218953868
1935,193.40386800000002,5.441581519271162
1936,193.50387,5.470796131005788
1937,193.603872,5.178341731235702
1938,193.703874,5.304710599437766
1939,193.80387600000003,5.073949298216396
1940,193.903878,5.220763519666766
1941,194.00388,4.681266220968988
1942,194.103882,4.958514354745743
1943,194.203884,5.1233420224206405
1944,194.303886,5.454066805061815
1945,194.403888,5.170785947309799
1946,194.50389,5.617770488045944
1947,194.603892,5.575123762140307
1948,194.703894,5.366056941282527
1949,194.803896,5.121796690410816
1950,194.90389800000003,4.58475666966243
1951,195.0039,4.736674837774573
1952,195.103902,5.1285460876469555
1953,195.20390400000002,5.75883336764836
1954,195.303906,5.101337662742896
1955,195.403908,5.596992081529925
1956,195.50391,5.4968570924759135
1957,195.603912,5.388289708784177
1958,195.703914,5.15436748619111
1959,195.803916,5.294371158661178
1960,195.903918,5.415159989480517
1961,196.00392000000002,5.270385541823475
1962,196.10392199999998,5.67107204690545
1963,196.203924,5.122067782732902
1964,196.30392600000002,6.3193723705523945
1965,196.403928,5.1211549237666985
1966,196.50393,4.414318538412886
1967,196.60393200000001,4.612126916449525
1968,196.703934,4.293481881549218
1969,196.80393600000002,4.654066798307792
1970,196.90393799999998,4.336169902646714
1971,197.00394,4.750178997310763
1972,197.10394200000002,4.569593488730468
1973,197.203944,4.8980031160360795
1974,197.303946,4.828474531142059
1975,197.403948,4.9821353387443015
1976,197.50395,5.360163811372343
1977,197.603952,4.731348745757813
1978,197.703954,3.9082444388633033
1979,197.803956,3.7655857325915654
1980,197.90395800000002,3.6105735580350764
1981,198.00395999999998,3.5179033162743925
1982,198.103962,4.029636146095574
1983,198.203964,4.002566509633562
1984,198.303966,4.456890224260694
1985,198.403968,4.235431682201328
1986,198.50397,3.8902324725469595
1987,198.603972,3.954398843621745
1988,198.70397400000002,4.234449508568102
1989,198.803976,4.904261552250549
1990,198.903978,4.534562750300354
1991,199.00398,4.890874898518543
1992,199.10398200000003,5.0485143651241025
1993,199.203984,4.426216037409396
1994,199.303986,4.918624135032437
1995,199.403988,4.7543397843901225
1996,199.50399,5.256275246803119
1997,199.603992,5.101321429994454
1998,199.703994,5.2401389796493785
1999,199.803996,4.551291998453402
2000,199.903998,4.946047285514873
2001,200.004,5.2454053479440335
2002,200.104002,4.580278561594434
2003,200.20400400000003,5.738459796242141
2004,200.304006,5.173031952739643
2005,200.404008,5.187192718504153
2006,200.50401000000002,5.595223327473357
2007,200.604012,5.06578230535773
2008,200.704014,4.314843596915356
2009,200.804016,4.9158060357196876
2010,200.904018,4.389589351535221
2011,201.00402000000003,4.628799566160867
2012,201.104022,4.740371173685368
2013,201.204024,3.854304471091508
2014,201.30402600000002,3.985582721301951
2015,201.40402799999998,4.394459871252855
2016,201.50403,4.6195992615608175
2017,201.60403200000002,4.787610243489978
2018,201.704034,4.55498861575726
2019,201.804036,5.102303698348673
2020,201.904038,5.044252048288147
2021,202.00404,4.606065737651317
2022,202.10404200000002,5.297572827002991
2023,202.20404399999998,4.578497353105029
2024,202.304046,4.621176266328435
2025,202.40404800000002,4.795708219426541
2026,202.50405,4.885105443961391
2027,202.604052,5.19721307808547
2028,202.704054,4.708451325673677
2029,202.804056,4.692257165814478
2030,202.904058,5.533695701660685
2031,203.00406,5.169427435907053
2032,203.104062,5.49263989794414
2033,203.20406400000002,5.406253123815462
2034,203.30406599999998,5.235614223969518
2035,203.404068,5.266887424058131
2036,203.50407,5.404573040954092
2037,203.604072,5.37617168861547
2038,203.704074,5.405286976537425
2039,203.804076,6.128535466718736
2040,203.904078,5.706643618719406
2041,204.00408000000002,5.914003222640708
2042,204.104082,5.328798190885337
2043,204.204084,5.279720673234363
2044,204.304086,5.544330405609822
2045,204.40408800000003,5.278193523382054
2046,204.50409,5.68580392819239
2047,204.604092,5.922089777337238
2048,204.704094,6.15690378104914
2049,204.804096,6.301119108052748
2050,204.904098,4.837904968407322
2051,205.0041,4.839528449765926
2052,205.104102,5.275865808939434
2053,205.204104,4.961286825673487
2054,205.304106,5.101663415686371
2055,205.404108,4.447118819287551
2056,205.50411000000003,5.035029068515832
2057,205.604112,5.105904375807335
2058,205.704114,5.3559075496736135
2059,205.80411600000002,4.949784673183532
2060,205.904118,5.561563280882804
2061,206.00412,5.9073745983593104
2062,206.104122,5.443480922639173
2063,206.204124,5.684150396508339
2064,206.30412600000002,5.998597860090617
2065,206.404128,6.1081303455290525
2066,206.50413,5.9094586053754306
2067,206.60413200000002,5.584416846308222
2068,206.70413399999998,5.08200056384923
2069,206.804136,5.639183890618015
2070,206.90413800000002,5.109836430741181
2071,207.00414,5.927171563666053
2072,207.104142,5.86612100377902
2073,207.204144,5.3095703334827
2074,207.304146,5.300801983634752
2075,207.40414800000002,5.225264285707319
2076,207.50414999999998,5.3351995685068125
2077,207.604152,4.954890118005008
2078,207.70415400000002,4.592659060615092
2079,207.804156,4.53225054545262
2080,207.904158,4.649485278387083
2081,208.00416,4.688351151457666
2082,208.104162,3.9420272516688257
2083,208.20416400000002,4.008437281940419
2084,208.304166,4.683001318020203
2085,208.404168,4.954621778564363
2086,208.50417000000002,4.039671199798911
2087,208.604172,4.409283894933844
2088,208.704174,4.855828110530964
2089,208.804176,4.5730958487879905
2090,208.904178,5.073250590090102
2091,209.00418,5.687671667586177
2092,209.104182,4.81650542842592
2093,209.204184,4.990862879064679
2094,209.30418600000002,5.4049279922615225
2095,209.404188,5.286205562590717
2096,209.50419,4.61861517719662
2097,209.604192,4.800370973051441
2098,209.70419400000003,5.3413595428761145
2099,209.804196,5.168141393283915
2100,209.904198,5.463714739049129
2101,210.00420000000003,6.215427651403606
2102,210.104202,6.155147003968318
2103,210.204204,6.084079881975174
2104,210.304206,5.738338100427103
2105,210.404208,6.6416499191746885
2106,210.50421,6.726415915344051
2107,210.604212,5.92270268621079
2108,210.704214,6.1822253689573055
2109,210.80421600000003,6.663804176899783
2110,210.904218,5.532138212131579
2111,211.00422,6.2372988597553505
2112,211.10422200000002,5.683718667957725
2113,211.204224,5.609448270840818
2114,211.304226,6.039097822244768
2115,211.404228,6.215965739353545
2116,211.50423,5.620541207849419
2117,211.60423200000002,5.495089240088125
2118,211.70423399999999,5.38411447135028
2119,211.804236,5.622149992918648
2120,211.90423800000002,6.023643347611744
2121,212.00423999999998,5.450877983206748
2122,212.104242,5.222501763104359
2123,212.20424400000002,5.761804138943078
2124,212.304246,5.530264157269552
2125,212.404248,5.333072469009274
2126,212.50425,5.738653644574265
2127,212.604252,5.35152152811141
2128,212.70425400000002,5.842836739311453
2129,212.80425599999998,6.016237969458169
2130,212.904258,6.2561275775775345
2131,213.00426000000002,5.376636797683272
2132,213.104262,5.497864706823771
2133,213.204264,5.37807310342126
2134,213.304266,4.837641219336263
2135,213.404268,5.911951782412404
2136,213.50427000000002,5.90407210179052
2137,213.604272,5.912859492956409
2138,213.704274,5.113035683162668
2139,213.80427600000002,5.524012660458394
2140,213.904278,4.93523286773942
2141,214.00428,4.034137203842285
2142,214.104282,4.649120322301375
2143,214.204284,4.170276923557616
2144,214.304286,4.30028530227502
2145,214.404288,4.4842091576140115
2146,214.50429,4.90318281141815
2147,214.60429200000002,4.848132598749669
2148,214.704294,4.864184056308597
2149,214.804296,5.299971478780049
2150,214.904298,5.709727781625312
2151,215.00430000000003,6.281863173576236
2152,215.104302,5.861643915798243
2153,215.204304,5.2253768057816385
2154,215.30430600000003,4.450832842309484
2155,215.404308,4.381430803086746
2156,215.50431,4.833649764554578
2157,215.604312,4.759218611553459
2158,215.704314,4.775789624160632
2159,215.804316,4.948071004968246
2160,215.904318,4.687841880041234
2161,216.00432,5.43933963402196
2162,216.10432200000002,4.945000239599054
2163,216.20432399999999,5.558254392141674
2164,216.304326,5.395999377035513
2165,216.40432800000002,6.159423904491191
2166,216.50433,6.2491208895894745
2167,216.604332,5.53304942774982
2168,216.704334,4.854104131441346
2169,216.804336,4.729308470233447
2170,216.90433800000002,5.65449884690073
2171,217.00433999999998,5.147129746959515
2172,217.104342,5.23772310414764
2173,217.20434400000002,5.564216789951534
2174,217.30434599999998,5.303349000349998
2175,217.404348,4.98941360310273
2176,217.50435000000002,4.86127920709283
2177,217.604352,4.660963822416597
2178,217.704354,5.629448182979471
2179,217.804356,6.1078749468037605
2180,217.904358,5.725538849230383
2181,218.00436000000002,6.229462422728622
2182,218.10436199999998,5.5747871719957836
2183,218.204364,5.705153817861093
2184,218.30436600000002,5.186822461767981
2185,218.404368,5.678018277839292
2186,218.50437,5.804316547408396
2187,218.604372,6.285173309345384
2188,218.704374,5.907416314473805
2189,218.80437600000002,6.148201965489573
2190,218.904378,6.5198301532344605
2191,219.00438,5.893651716451104
2192,219.10438200000002,5.60361998737908
2193,219.204384,5.877957334780986
2194,219.304386,5.917968456051003
2195,219.404388,6.462596892068354
2196,219.50439,5.945859382329555
2197,219.604392,5.364712806133916
2198,219.704394,5.683086033074795
2199,219.804396,5.039152523654457
2200,219.90439800000001,4.951397318185239
2201,220.0044,4.934655789170495
2202,220.104402,4.797855688400809
2203,220.204404,4.982535075919872
2204,220.30440600000003,4.506149010837718
2205,220.404408,5.116692947091052
2206,220.50441,5.223817196924439
2207,220.60441200000002,5.240964296034553
2208,220.704414,5.987885361801453
2209,220.804416,6.017236752546414
2210,220.904418,5.976050620424356
2211,221.00442,5.29774679708825
2212,221.104422,5.522467714828842
2213,221.204424,5.013895330684373
2214,221.304426,4.536742478840199
2215,221.40442800000002,4.704929750605825
2216,221.50442999999999,4.0833340514294
2217,221.604432,4.570886171167746
2218,221.70443400000002,5.4418259636165205
2219,221.804436,4.635078001296483
2220,221.904438,4.9723938469613795
2221,222.00444,5.847608075275735
2222,222.104442,5.261917994490956
2223,222.20444400000002,5.957972817891161
2224,222.30444599999998,5.050377222204589
2225,222.404448,5.259266458750073
2226,222.50445000000002,5.52865450045375
2227,222.60445199999998,5.215784636010458
2228,222.704454,5.2369041449590705
2229,222.80445600000002,4.871394262988699
2230,222.904458,5.2226725894785
2231,223.00446,5.0393935444703795
2232,223.104462,5.49967893232432
2233,223.204464,5.629230222463199
2234,223.30446600000002,4.812960952321716
2235,223.40446799999998,4.656541863851173
2236,223.50447,5.56949156578412
2237,223.60447200000002,5.649455764583503
2238,223.704474,6.139240396500291
2239,223.804476,6.402928131047784
2240,223.904478,5.7603046486043405
2241,224.00448,5.77071853995148
2242,224.10448200000002,5.681414842462422
2243,224.204484,5.943732820220574
2244,224.304486,5.239982342929311
2245,224.40448800000001,5.270564801394864
2246,224.50449,5.139010758290898
2247,224.604492,6.14751878274516
2248,224.704494,5.8048771394742245
2249,224.804496,5.45734642245453
2250,224.904498,6.026606155180894
2251,225.0045,6.005860376000927
2252,225.104502,5.713754331733316
2253,225.20450400000001,6.423550178774169
2254,225.304506,6.361412162395202
2255,225.404508,6.811019100877346
2256,225.50451,6.081250996697456
2257,225.60451200000003,5.903378334712382
2258,225.704514,5.590779627583322
2259,225.804516,5.299211453553575
2260,225.90451800000002,5.738158010797518
2261,226.00452,6.161731923079202
2262,226.104522,5.928959606872231
2263,226.204524,5.8950541166489305
2264,226.304526,6.313489767676103
2265,226.404528,6.329080436918802
2266,226.50453,6.430809507752201
2267,226.604532,6.408260930002121
2268,226.70453400000002,5.670784718262801
2269,226.80453599999998,4.995933456280977
2270,226.904538,5.499250218951237
2271,227.00454000000002,5.2348044148008865
2272,227.104542,5.089374041337781
2273,227.204544,5.039455409495844
2274,227.30454600000002,5.238803002437378
2275,227.404548,5.0816108251797845
2276,227.50455000000002,5.611500742867143
2277,227.60455199999998,5.893247398538917
2278,227.704554,5.764772342596
2279,227.80455600000002,5.5482005009324915
2280,227.904558,5.000947672566527
2281,228.00456,5.631967304309787
2282,228.10456200000002,5.890649771047755
2283,228.204564,5.898736920999554
2284,228.304566,5.948760520510977
2285,228.404568,5.372199095274293
2286,228.50457,5.880399240610904
2287,228.60457200000002,5.9132984085326505
2288,228.70457399999998,5.885110571598099
2289,228.804576,5.943123422126593
2290,228.90457800000001,5.468085006934352
2291,229.00458,5.763171773302212
2292,229.104582,5.095540892860971
2293,229.204584,5.536965741548427
2294,229.304586,6.113049074974475
2295,229.40458800000002,6.234349215810748
2296,229.50459,6.3265612653849335
2297,229.604592,5.959326231792435
2298,229.70459400000001,4.926885456423271
2299,229.804596,4.776429443829325
2300,229.904598,5.149792841032954
2301,230.0046,5.092974213413205
2302,230.104602,4.808414446936655
2303,230.204604,4.502045419169473
2304,230.304606,4.666907818899275
2305,230.404608,4.769007774870831
2306,230.50461,4.7067237935355335
2307,230.604612,4.657886435255294
2308,230.704614,5.1902237808172025
2309,230.804616,5.912148397411448
2310,230.90461800000003,6.025918900459586
2311,231.00462,5.992788405041645
2312,231.104622,5.377091360569914
2313,231.20462400000002,6.098366498554967
2314,231.304626,6.260749995031449
2315,231.404628,5.734626992962387
2316,231.50463,5.713944666801305
2317,231.604632,4.973764931094243
2318,231.704634,4.4034785751396255
2319,231.804636,4.251432159239748
2320,231.904638,4.32144776702472
2321,232.00464000000002,4.698040231845075
2322,232.10464199999998,4.297804560157072
2323,232.204644,4.270902346094383
2324,232.30464600000002,4.486839433726947
2325,232.404648,4.662715577138647
2326,232.50465,5.670254716277058
2327,232.60465200000002,5.986612386502379
2328,232.704654,5.286373056403504
2329,232.80465600000002,4.858613320777911
2330,232.90465799999998,5.2097218891365795
2331,233.00466,5.103371616089886
2332,233.10466200000002,5.3743081224012945
2333,233.204664,5.2673935842557285
2334,233.304666,5.736376066518603
2335,233.40466800000002,5.576483400802801
2336,233.50467,6.514661931048076
2337,233.604672,6.41629564682376
2338,233.704674,5.654619031974128
2339,233.804676,4.656609688840939
2340,233.90467800000002,5.147132064495865
2341,234.00467999999998,5.415859862828066
2342,234.104682,5.170481082192066
2343,234.20468400000001,5.118128216664914
2344,234.304686,5.051587383250033
2345,234.404688,4.4905810931800465
2346,234.50469,3.93873056476528
2347,234.604692,4.611605382190283
2348,234.70469400000002,5.654089978515268
2349,234.804696,5.413211185394611
2350,234.904698,5.9814674232697
2351,235.0047,6.580302566206203
2352,235.10470200000003,6.580080473122319
2353,235.204704,6.967479340822478
2354,235.304706,6.333297199091842
2355,235.404708,6.726316635564133
2356,235.50471,6.665776832729561
2357,235.604712,5.399685911366505
2358,235.704714,4.962327069190403
2359,235.804716,5.533773840480289
2360,235.904718,5.897985375462718
2361,236.00472,5.9519320407873115
2362,236.104722,5.753985695306677
2363,236.20472400000003,5.796519566759708
2364,236.304726,6.280988338229137
2365,236.404728,5.965507997532308
2366,236.50473000000002,5.695428966262091
2367,236.604732,6.034372978001114
2368,236.704734,5.730260602301974
2369,236.804736,5.624605760090467
2370,236.904738,5.784769226791716
2371,237.00474,5.4586799918963225
2372,237.104742,5.85979828940394
2373,237.204744,5.447148786938717
2374,237.30474600000002,5.958814462853863
2375,237.40474799999998,5.716239358693911
2376,237.50475,5.5328082961323615
2377,237.60475200000002,5.02969939086561
2378,237.704754,4.8098741212032
2379,237.804756,4.418663076281512
2380,237.90475800000002,5.107644323282007
2381,238.00476,5.270071448721555
2382,238.10476200000002,5.412261371411779
2383,238.20476399999998,4.9160350014177405
2384,238.304766,5.33953514831282
2385,238.40476800000002,5.487330051376052
2386,238.50477,5.626495593614593
2387,238.604772,5.83759370843139
2388,238.70477400000001,5.933491653890322
2389,238.804776,6.087967540029359
2390,238.904778,5.718458729225727
2391,239.00478,5.628497329666601
2392,239.104782,5.994321852518948
2393,239.20478400000002,5.973917147735913
2394,239.30478599999998,5.634251062097529
2395,239.404788,5.894573143427896
2396,239.50479,6.153462097873527
2397,239.604792,6.099419517523641
2398,239.704794,5.996666449517212
2399,239.804796,5.031496068555821
2400,239.904798,4.952959288463732
2401,240.00480000000002,5.252298163999246
2402,240.104802,5.514422457291655
2403,240.204804,5.55892185932195
2404,240.304806,5.093464090705996
2405,240.40480800000003,5.206142031781725
2406,240.50481,5.90444914099041
2407,240.604812,5.577195680240915
2408,240.704814,5.432526241723142
2409,240.804816,6.322527970802613
2410,240.904818,5.849902871141318
2411,241.00482,5.568555772612502
2412,241.104822,5.695401315089943
2413,241.204824,6.176513633864836
2414,241.304826,6.102731178929226
2415,241.404828,5.681077554543414
2416,241.50483000000003,5.430317999828151
2417,241.604832,5.6957770678716875
2418,241.704834,5.316794437275544
2419,241.80483600000002,5.943326291694176
2420,241.904838,5.836053446897807
2421,242.00484,5.173852620300523
2422,242.104842,6.632846156729239
2423,242.204844,5.691562241667181
2424,242.30484600000003,5.648014815954204
2425,242.404848,5.95866621231314
2426,242.50485,6.334347052473478
2427,242.60485200000002,6.308046647374981
2428,242.70485399999998,6.532765605917589
2429,242.804856,6.698533216317061
2430,242.90485800000002,6.460797153963434
2431,243.00486,6.784339079670423
2432,243.104862,6.452303232471109
2433,243.20486400000001,5.6703745189865495
2434,243.304866,5.425901361999456
2435,243.40486800000002,5.072512341598127
2436,243.50486999999998,5.475329143310719
2437,243.604872,5.406018041965814
2438,243.70487400000002,4.983006609020573
2439,243.804876,4.849210956095269
2440,243.904878,4.261645062903448
2441,244.00488,4.958449317422508
2442,244.104882,5.184484980396858
2443,244.204884,5.662850696655473
2444,244.304886,5.6104692267212455
2445,244.404888,6.422294422532727
2446,244.50489000000002,6.132027359605925
2447,244.604892,5.302839071868905
2448,244.704894,5.898767598449232
2449,244.804896,6.403082643744755
2450,244.904898,5.566756738646143
2451,245.0049,6.141855651076268
2452,245.104902,7.130393366702227
2453,245.204904,6.849020184554005
2454,245.30490600000002,7.457436387323401
2455,245.404908,7.1609454528302106
2456,245.50491,7.379641488646684
2457,245.604912,6.6754470314400915
2458,245.70491400000003,6.046359344004891
2459,245.804916,5.397766085386715
2460,245.904918,6.01564232916828
2461,246.00492000000003,5.890107408256906
2462,246.104922,6.46147292631011
2463,246.204924,6.701526055950972
2464,246.304926,6.511425369588195
2465,246.404928,6.107015997816144
2466,246.50493,6.351741670738817
2467,246.604932,5.993609130243875
2468,246.704934,6.088465143490148
2469,246.80493600000003,5.5735104981005925
2470,246.904938,5.549869482891152
2471,247.00494,5.928585391064584
2472,247.10494200000002,7.036165933846429
2473,247.204944,6.41238038460613
2474,247.304946,6.166808103423505
2475,247.404948,6.122166738329474
2476,247.50495,6.049059618412177
2477,247.60495200000003,5.645804848165839
2478,247.704954,6.19530137527825
2479,247.804956,5.670108320551373
2480,247.90495800000002,5.466745954377269
2481,248.00495999999998,5.689611095181531
2482,248.104962,5.768385257094472
2483,248.20496400000002,5.53526575482717
2484,248.304966,5.057100699151402
2485,248.404968,5.763405973240709
2486,248.50497000000001,5.2203539450107685
2487,248.604972,4.9548154434178535
2488,248.70497400000002,4.7906773012481
2489,248.80497599999998,4.6725113356264805
2490,248.904978,5.198458304069903
2491,249.00498000000002,5.092514452717356
2492,249.104982,4.641722781017398
2493,249.204984,4.81232978038276
2494,249.304986,5.864328118510094
2495,249.404988,6.074884496691089
2496,249.50499,6.231540723984869
2497,249.604992,6.509197241156114
2498,249.704994,6.036062901248119
2499,249.80499600000002,5.087904101456029
2500,249.904998,5.3700745597858495
2501,250.005,4.843990218102431
2502,250.105002,4.863590616211731
2503,250.205004,5.592684475677115
2504,250.305006,5.064033885904542
2505,250.405008,5.509029998737604
2506,250.50501,5.219253165161224
2507,250.60501200000002,5.4731998029383355
2508,250.705014,5.877490620636199
2509,250.805016,5.564540874608436
2510,250.905018,5.554366752901481
2511,251.00502000000003,5.035186715188124
2512,251.105022,4.838052387743378
2513,251.205024,5.233738007367903
2514,251.30502600000003,4.943105456587321
2515,251.405028,5.632382792804472
2516,251.50503,5.311618466614417
2517,251.605032,5.857055789167193
2518,251.705034,5.891708908950966
2519,251.805036,5.894604072443439
2520,251.905038,5.5683664908499875
2521,252.00504,5.4408668905424955
2522,252.10504200000003,4.871462814021398
2523,252.205044,5.766297675287085
2524,252.305046,5.023650439099924
2525,252.40504800000002,5.5055688373979095
2526,252.50505,5.314661277891563
2527,252.605052,5.687468162798747
2528,252.705054,4.987197069904858
2529,252.805056,5.1910406585762665
2530,252.90505800000003,5.80283775542013
2531,253.00506,5.385716697037617
2532,253.105062,5.502351234299584
2533,253.20506400000002,6.142107181213148
2534,253.30506599999998,5.139017508961292
2535,253.405068,5.477961313657626
2536,253.50507000000002,5.745193159147642
2537,253.605072,5.69074812822418
2538,253.705074,5.980629648062455
2539,253.805076,6.428022899567518
2540,253.905078,6.07210299841659
2541,254.00508000000002,5.567536460729728
2542,254.10508199999998,5.357854393588342
2543,254.205084,5.792705167278758
2544,254.30508600000002,5.383160116645693
2545,254.405088,5.54952536290935
2546,254.50509,5.780579800219448
2547,254.605092,5.295295993883704
2548,254.705094,5.47776999157551
2549,254.80509600000002,5.423969130806927
2550,254.905098,5.676921950839175
2551,255.0051,5.166745619090387
2552,255.10510200000002,5.0289397266564695
2553,255.205104,5.482279080492953
2554,255.305106,5.998900204653735
2555,255.405108,6.227793595571761
2556,255.50511,6.001680393772908
2557,255.605112,5.912415239120993
2558,255.705114,6.3354539450716825
2559,255.805116,5.548041350968469
2560,255.90511800000002,6.427041398052929
2561,256.00512,6.101577264102793
2562,256.105122,6.1659581217567165
2563,256.205124,6.506312886847498
2564,256.30512600000003,6.196461518547525
2565,256.405128,6.556943233471897
2566,256.50513,5.979833555030508
2567,256.605132,6.403839849198825
2568,256.705134,6.215466433666454
2569,256.805136,6.091160200376257
2570,256.905138,6.399175409468895
2571,257.00514000000004,5.938289731831239
2572,257.105142,5.742698505587213
2573,257.205144,5.69569600418929
2574,257.30514600000004,6.164610977050126
2575,257.405148,5.96957734775667
2576,257.50515,5.428373653316814
2577,257.605152,5.019681176560472
2578,257.705154,5.0284957010347595
2579,257.805156,4.658950459058368
2580,257.905158,4.878733495252044
2581,258.00516,5.317344692757225
2582,258.105162,5.305754404894335
2583,258.205164,5.347926634618408
2584,258.305166,5.331472051761657
2585,258.405168,5.247092294151121
2586,258.50517,5.026789770213398
2587,258.605172,5.208684936597258
2588,258.705174,4.767502874473889
2589,258.805176,5.151742628394982
2590,258.90517800000003,5.090320448486839
2591,259.00518,5.392419763785528
2592,259.105182,5.660982147303745
2593,259.20518400000003,4.995259162526389
2594,259.305186,4.790927839967963
2595,259.405188,4.628569466609372
2596,259.50519,4.865029009817918
2597,259.605192,5.677884058465765
2598,259.705194,4.4658337021557015
2599,259.805196,4.936554624038971
2600,259.905198,4.176478387529678
2601,260.0052,4.361023431468743
2602,260.105202,5.5472347183330974
2603,260.205204,5.496522037987713
2604,260.305206,5.264939278489099
2605,260.405208,5.169398862130861
2606,260.50521,5.639586587624974
2607,260.605212,5.593931534805574
2608,260.705214,5.699019924097737
2609,260.80521600000003,5.370056566963588
2610,260.905218,5.934684253829077
2611,261.00522,5.4696373020419795
2612,261.105222,5.887058353662658
2613,261.20522400000004,5.750541417748272
2614,261.305226,5.516956140462632
2615,261.405228,5.589522422865325
2616,261.50523,5.578747859687792
2617,261.605232,5.210959281252614
2618,261.705234,5.865673549879747
2619,261.805236,6.071846747037759
2620,261.905238,6.061406817380922
2621,262.00524,5.002016723230138
2622,262.105242,5.7850690599314785
2623,262.205244,5.586863017700867
2624,262.305246,5.1971780458668135
2625,262.40524800000003,5.341309362064797
2626,262.50525,4.341534999414905
2627,262.60525199999995,4.452356182540317
2628,262.705254,4.80075549389299
2629,262.805256,5.297364922263384
2630,262.905258,5.974548951645269
2631,263.00526,5.422142779539064
2632,263.105262,5.574521524026411
2633,263.205264,6.0064134394761215
2634,263.305266,5.848861501562209
2635,263.405268,5.973760441328885
2636,263.50527,6.033449760319764
2637,263.605272,6.3672916522629555
2638,263.70527400000003,6.514270629292808
2639,263.805276,6.201281807744005
2640,263.905278,6.696846078200907
2641,264.00528,5.923439386862996
2642,264.105282,6.800960045988773
2643,264.205284,7.7749134155402535
2644,264.305286,5.9952674838738576
2645,264.405288,6.675114530442573
2646,264.50529,6.730227357628813
2647,264.605292,5.987735013580208
2648,264.705294,6.410183483306314
2649,264.80529600000006,6.465683378042423
2650,264.905298,7.3162928325824605
2651,265.0053,6.989722220665382
2652,265.10530200000005,6.857338792391776
2653,265.205304,6.610392623033932
2654,265.305306,6.385009913632771
2655,265.405308,6.1105261752515725
2656,265.50531,5.591513273087738
2657,265.605312,5.664257371057804
2658,265.705314,6.2337264078922745
2659,265.805316,6.268296553276558
2660,265.905318,5.949503440497312
2661,266.00532,6.375844469986724
2662,266.105322,6.554625184046706
2663,266.205324,6.326072439097443
2664,266.305326,6.481530834728041
2665,266.405328,6.633967243256963
2666,266.50533,6.909006143563013
2667,266.605332,6.143660526415158
2668,266.70533400000005,6.464787759280172
2669,266.805336,6.459324087876979
2670,266.905338,6.323885247591412
2671,267.00534000000005,5.6159444822810105
2672,267.105342,5.884621852348802
2673,267.20534399999997,6.599143730763221
2674,267.30534600000004,6.59269682119525
2675,267.405348,5.938727675966916
2676,267.50534999999996,5.858856556840205
2677,267.60535200000004,6.900356910800228
2678,267.705354,6.3455756979339375
2679,267.805356,6.446127351762783
2680,267.90535800000004,6.418526340681282
2681,268.00536,6.662020244820605
2682,268.105362,6.405339549803391
2683,268.205364,6.388559473567368
2684,268.305366,5.797246368921515
2685,268.405368,6.39742710375852
2686,268.50536999999997,6.865247179179147
2687,268.60537200000005,6.8047509780285935
2688,268.705374,6.497823462069242
2689,268.80537599999997,6.5014888436138785
2690,268.90537800000004,6.609657864704461
2691,269.00538,6.929516986506316
2692,269.10538199999996,6.515989366259362
2693,269.20538400000004,6.4856757239993685
2694,269.305386,5.313121246465026
2695,269.40538799999996,5.992145791619719
2696,269.50539000000003,6.34929239044755
2697,269.605392,6.606047969345791
2698,269.705394,6.381676880038633
2699,269.80539600000003,6.274686466265996
2700,269.905398,5.796492175585307
2701,270.0054,6.385490280131234
2702,270.105402,6.403372650596947
2703,270.205404,6.499442846064169
2704,270.305406,6.2366961076914755
2705,270.405408,5.631736474566641
2706,270.50541000000004,6.335829264526764
2707,270.605412,6.295216378192362
2708,270.70541399999996,6.307673795710081
2709,270.80541600000004,5.783539320237528
2710,270.905418,6.244775434583808
2711,271.00541999999996,6.459182654198578
2712,271.10542200000003,6.2879736033111415
2713,271.205424,6.028458538086931
2714,271.30542599999995,6.362217225507106
2715,271.40542800000003,6.163524103289564
2716,271.50543,6.4446567622153745
2717,271.605432,6.009114837429252
2718,271.705434,5.812519210774759
2719,271.805436,5.951977529131271
2720,271.905438,5.572171919985487
2721,272.00544,5.616599777466017
2722,272.105442,6.358573763718664
2723,272.205444,5.49589555839909
2724,272.305446,6.0397754999406725
2725,272.40544800000004,6.369520176967906
2726,272.50545,5.39592329018979
2727,272.605452,6.324542635621585
2728,272.70545400000003,6.528522503938858
2729,272.805456,6.485496928659136
2730,272.905458,5.867802435551722
2731,273.00546,5.441171878403952
2732,273.105462,6.623004763345675
2733,273.205464,6.623266214634786
2734,273.305466,6.336203699641853
2735,273.405468,6.154552225492128
2736,273.50547,6.37752995404877
2737,273.605472,5.69645591373008
2738,273.705474,5.678680646285091
2739,273.805476,5.957975411779892
2740,273.905478,6.194219212800007
2741,274.00548,6.664903940702924
2742,274.105482,6.529405791319564
2743,274.205484,6.956828745934937
2744,274.30548600000003,6.80962605541034
2745,274.405488,6.355809009251056
2746,274.50549,6.689854817866073
2747,274.605492,6.6658845635562
2748,274.705494,6.862950133826551
2749,274.805496,6.080289083856221
2750,274.905498,6.553382575778159
2751,275.0055,6.515533873480806
2752,275.105502,6.879001963674666
2753,275.205504,6.345089283302573
2754,275.305506,6.69912834942378
2755,275.40550800000005,6.283646448068315
2756,275.50551,6.8735991954997955
2757,275.605512,6.454350950852606
2758,275.70551400000005,6.294304609292673
2759,275.805516,5.568159399455257
2760,275.905518,6.006404217107952
2761,276.00552000000005,5.7364401043113515
2762,276.105522,6.45174857684594
2763,276.205524,6.347563184954242
2764,276.305526,6.151876814543742
2765,276.405528,6.459237766773812
2766,276.50553,5.928165306027481
2767,276.605532,6.105131559181305
2768,276.705534,5.908039362101098
2769,276.805536,5.515835804440899
2770,276.905538,6.392993171787302
2771,277.00554,5.5171939596758115
2772,277.105542,7.030924041678823
2773,277.205544,7.2364048584730485
2774,277.30554600000005,6.3197356038512345
2775,277.405548,5.266865279809521
2776,277.50554999999997,6.068137246279221
2777,277.60555200000005,5.917696451732755
2778,277.705554,5.857534808578681
2779,277.80555599999997,6.674616843073622
2780,277.90555800000004,5.968065503766391
2781,278.00556,6.389954840112969
2782,278.105562,6.491589857188489
2783,278.20556400000004,5.717108096043092
2784,278.305566,6.057437426767693
2785,278.405568,5.5171363310790795
2786,278.50557000000003,5.5645494657686
2787,278.605572,5.787625399969256
2788,278.705574,5.909342696584434
2789,278.805576,5.348599460137303
2790,278.905578,5.964585323681584
2791,279.00558,5.489318650983639
2792,279.10558199999997,5.792625355155698
2793,279.20558400000004,5.6147684515095095
2794,279.305586,4.827121109411515
2795,279.40558799999997,5.582763965131669
2796,279.50559000000004,5.4847814131847175
2797,279.605592,5.411285362170138
2798,279.70559399999996,5.01296135352312
2799,279.80559600000004,4.952294398250082
2800,279.905598,4.9445798164654
2801,280.0056,5.134088493144543
2802,280.10560200000003,5.606427453924806
2803,280.205604,5.799749894808517
2804,280.305606,5.87171806418909
2805,280.40560800000003,5.640113147832605
2806,280.50561,5.079028707030719
2807,280.605612,4.988945947763417
2808,280.705614,4.709284482968671
2809,280.805616,4.156158801985609
2810,280.905618,4.362365642246379
2811,281.00562,4.5073721025978415
2812,281.10562200000004,4.451247499724454
2813,281.205624,4.21908562137464
2814,281.30562599999996,4.574775801930123
2815,281.40562800000004,4.712808705720406
2816,281.50563,4.780107547517812
2817,281.60563199999996,5.3527083026210525
2818,281.70563400000003,5.359422229109738
2819,281.805636,5.021989666033387
2820,281.90563799999995,5.3563247670707375
2821,282.00564,5.196084134960124
2822,282.105642,5.464824358303626
2823,282.205644,5.703207357822482
2824,282.305646,5.629798443932715
2825,282.405648,5.0349599971229315
2826,282.50565,5.160105847942021
2827,282.605652,5.5801814046079
2828,282.705654,4.705063178829076
2829,282.805656,5.335475389296383
2830,282.905658,4.776295509283722
2831,283.00566000000003,5.068224906391181
2832,283.105662,5.425918373327795
2833,283.205664,5.887777047347022
2834,283.30566600000003,5.634268561616004
2835,283.405668,5.1715281060664635
2836,283.50567,5.21673526004831
2837,283.605672,5.656886599678385
2838,283.705674,5.168085774513441
2839,283.805676,5.33898037865503
2840,283.905678,5.918647952134199
2841,284.00568,4.964726218811728
2842,284.105682,5.685821204448738
2843,284.205684,5.362473916580717
2844,284.305686,5.932020193858535
2845,284.405688,5.420033001007967
2846,284.50569,5.386190817669364
2847,284.605692,5.401900107625218
2848,284.705694,5.64988186518034
2849,284.805696,5.424299921638958
2850,284.90569800000003,5.926184402465236
2851,285.0057,5.606132840905018
2852,285.105702,5.159672546132089
2853,285.205704,5.160482602216951
2854,285.305706,5.83726576887873
2855,285.405708,5.784286972431272
2856,285.50571,6.2080079228760034
2857,285.605712,5.57234066768566
2858,285.705714,5.6383605840267865
2859,285.805716,5.975289607700639
2860,285.905718,5.752725543200603
2861,286.00572000000005,5.781168694607818
2862,286.105722,6.283974937336748
2863,286.205724,6.0669676651962305
2864,286.30572600000005,6.273357919001776
2865,286.405728,6.275283908169793
2866,286.50572999999997,6.209350055617939
2867,286.60573200000005,6.613203278477743
2868,286.705734,6.429057785540592
2869,286.805736,6.29307302173662
2870,286.905738,6.086319409829263
2871,287.00574,6.409551306592274
2872,287.105742,6.262043764869291
2873,287.205744,7.028338009726867
2874,287.305746,6.9760856097160495
2875,287.405748,6.966693504203663
2876,287.50575,7.2998997630055324
2877,287.605752,6.837923906400782
2878,287.705754,6.799338206084322
2879,287.805756,5.85892517045187
2880,287.90575800000005,5.319332679470209
2881,288.00576,4.9980637631323575
2882,288.10576199999997,5.260114135822088
2883,288.20576400000004,5.5429597561356
2884,288.305766,5.345720501565378
2885,288.40576799999997,5.132504727457537
2886,288.50577000000004,4.642790786715847
2887,288.605772,4.937169496774447
2888,288.705774,4.991781079033878
2889,288.80577600000004,5.7800502197984756
2890,288.905778,5.68618417031879
2891,289.00578,5.975078012736245
2892,289.10578200000003,5.551557834137435
2893,289.205784,5.168067242540965
2894,289.305786,5.585584673010017
2895,289.405788,5.038661447267175
2896,289.50579,4.687095984616516
2897,289.605792,5.183806488039144
2898,289.70579399999997,5.8069070973173895
2899,289.80579600000004,5.609529493876209
2900,289.905798,5.6111365864290255
2901,290.00579999999997,5.567051757475078
2902,290.10580200000004,5.7490153492277
2903,290.205804,5.906137776288956
2904,290.30580599999996,5.524219854872405
2905,290.40580800000004,6.926608063444731
2906,290.50581,5.872105582150383
2907,290.605812,6.196537710968861
2908,290.70581400000003,5.983920900845025
2909,290.805816,6.085036978643863
2910,290.905818,6.010256123762072
2911,291.00582,5.425897974562279
2912,291.105822,5.635536467623479
2913,291.205824,5.880617745698556
2914,291.305826,5.596152150028824
2915,291.405828,5.653257837078599
2916,291.50583,5.778895665897357
2917,291.605832,5.756688097008985
2918,291.70583400000004,5.662539084407224
2919,291.805836,6.060541492309906
2920,291.905838,5.821713787410691
2921,292.00584000000003,5.678610825310128
2922,292.105842,5.3163190002198615
2923,292.20584399999996,5.016875619386258
2924,292.30584600000003,6.18088240121627
2925,292.405848,5.949259465629189
2926,292.50585,5.844660460803942
2927,292.605852,5.812774357884088
2928,292.705854,5.656949137214688
2929,292.805856,5.387772252992137
2930,292.905858,5.35845772784784
2931,293.00586,5.462884618783412
2932,293.105862,5.145565111642319
2933,293.205864,5.256207981174542
2934,293.305866,5.354314051727522
2935,293.405868,5.925712721216753
2936,293.50587,6.0092398979994375
2937,293.60587200000003,6.012229162427811
2938,293.705874,5.474877573757596
2939,293.805876,5.922137164148216
2940,293.90587800000003,5.636387955025057
2941,294.00588,5.697931881738932
2942,294.105882,5.7607403635151515
2943,294.205884,5.581509999812684
2944,294.305886,5.109934703152926
2945,294.405888,4.756678725564878
2946,294.50589,5.063335220503617
2947,294.605892,5.132563088089357
2948,294.70589400000006,5.180821943651663
2949,294.805896,5.378384053460237
2950,294.905898,5.381000033231113
2951,295.0059,5.88690827438508
2952,295.105902,6.772274814429305
2953,295.205904,5.771704852247906
2954,295.305906,6.247161690222013
2955,295.405908,5.662439133895841
2956,295.50591000000003,5.68207635871606
2957,295.605912,5.249959733660264
2958,295.705914,5.502275780130476
2959,295.805916,5.993205717197653
2960,295.905918,6.043239493862419
2961,296.00592,5.882804674050312
2962,296.105922,5.415615839191727
2963,296.205924,5.5314436801596845
2964,296.305926,5.444891570685612
2965,296.405928,6.1117723787358536
2966,296.50593,5.844904356613835
2967,296.60593200000005,6.184248996524136
2968,296.705934,5.344311614370381
2969,296.805936,5.6803401642252815
2970,296.90593800000005,5.9276790632986955
2971,297.00594,5.768598402360974
2972,297.10594199999997,5.71535202914099
2973,297.20594400000004,5.204862703975635
2974,297.305946,5.334589888098499
2975,297.405948,5.374110528303414
2976,297.50595,5.223970570122598
2977,297.605952,5.280272976688741
2978,297.705954,5.091276648578151
2979,297.805956,4.947643533842564
2980,297.905958,4.551488983412744
2981,298.00596,5.3065348575420055
2982,298.105962,5.603249890632599
2983,298.205964,5.75527478089941
2984,298.305966,5.198832710024563
2985,298.405968,5.383106283327939
2986,298.50597000000005,5.847393020631377
2987,298.605972,5.621338379049781
2988,298.70597399999997,5.864716411730418
2989,298.80597600000004,5.8843873844337224
2990,298.905978,6.081556576252673
2991,299.00597999999997,5.915410384471969
2992,299.10598200000004,6.153378608487615
2993,299.205984,6.028613875208721
2994,299.305986,5.91382575035408
2995,299.40598800000004,6.198802200962786
2996,299.50599,6.499199089008933
2997,299.605992,5.786235236757804
2998,299.70599400000003,5.462189119182644
2999,299.805996,5.803008088586494
3000,299.905998,5.550524883250191
3001,300.006,5.752279320400105
3002,300.106002,5.416502607498494
3003,300.206004,5.072286261826744
3004,300.30600599999997,5.149314983756784
3005,300.40600800000004,5.705031491694136
3006,300.50601,6.077457448919746
3007,300.60601199999996,5.906069963235383
3008,300.70601400000004,5.8863517433932415
3009,300.806016,6.005239225414206
3010,300.90601799999996,5.792563090993121
3011,301.00602000000003,5.623796802254989
3012,301.106022,6.109198774327929
3013,301.206024,6.269612731071773
3014,301.30602600000003,6.122583848573149
3015,301.406028,5.590874958627413
3016,301.50603,5.78537622048908
3017,301.606032,6.337663970722813
3018,301.706034,5.810023611547074
3019,301.806036,5.085751968702957
3020,301.906038,4.730607160723162
3021,302.00604,5.341465008039362
3022,302.106042,4.886121774294644
3023,302.206044,5.062823895363411
3024,302.30604600000004,5.320902402248382
3025,302.406048,5.241847881943283
3026,302.50605,4.890620307013503
3027,302.60605200000003,5.960218252906739
3028,302.706054,4.664239214457359
3029,302.80605599999996,4.896252234083319
3030,302.90605800000003,5.265657190719903
3031,303.00606,5.486565517878371
3032,303.106062,4.758189122557383
3033,303.206064,4.85345388238089
3034,303.306066,5.807828680862831
3035,303.406068,5.487986700774554
3036,303.50607,5.0549413160496135
3037,303.606072,5.933465709740364
3038,303.706074,6.035543347404492
3039,303.806076,6.266074964845809
3040,303.906078,5.379343404782627
3041,304.00608,5.5469859462746145
3042,304.106082,5.395074301695536
3043,304.20608400000003,5.796907814398142
3044,304.306086,5.836175489253434
3045,304.406088,6.090356727132271
3046,304.50609000000003,6.423490298681703
3047,304.606092,6.5665007437949905
3048,304.706094,5.796580903470117
3049,304.806096,5.987089607794946
3050,304.906098,5.651073793460264
3051,305.00610000000006,6.2060620382902325
3052,305.106102,5.92929714672723
3053,305.206104,5.987600910951164
3054,305.30610600000006,5.874738226909707
3055,305.406108,5.481981374200216
3056,305.50611,5.304553931494089
3057,305.606112,6.2351175853679965
3058,305.706114,6.643031798119731
3059,305.806116,5.527157918056308
3060,305.906118,5.629345273079376
3061,306.00612,5.8227055545195325
3062,306.106122,6.075733233005643
3063,306.206124,6.494643941693692
3064,306.306126,6.419426714642426
3065,306.406128,6.408926276848069
3066,306.50613,6.57660103717328
3067,306.606132,6.434481515710027
3068,306.706134,5.788982632331588
3069,306.806136,5.5837268474499835
3070,306.90613800000006,5.523507111874424
3071,307.00614,5.832585468081223
3072,307.106142,5.389951095819817
3073,307.20614400000005,4.97600461871879
3074,307.306146,5.588202245904092
3075,307.406148,5.944747051454359
3076,307.50615000000005,5.730307176075015
3077,307.606152,5.638285919081479
3078,307.70615399999997,5.712306767279856
3079,307.80615600000004,6.1133438956775565
3080,307.906158,6.164666810379923
3081,308.00616,5.954691937938527
3082,308.106162,5.78987666855632
3083,308.206164,5.6365827751141495
3084,308.306166,6.147062131297749
3085,308.406168,6.108788859158176
3086,308.50617,5.875639466916127
3087,308.606172,6.459997243359758
3088,308.706174,6.438125109276904
3089,308.806176,6.003578226648924
3090,308.906178,5.4906472172492915
3091,309.00618,6.147633697206753
3092,309.10618200000005,6.1883723604078735
3093,309.206184,6.325101729467562
3094,309.30618599999997,6.513198877526667
3095,309.40618800000004,6.9174763209717485
3096,309.50619,6.255186293114539
3097,309.60619199999996,6.433800087846627
3098,309.70619400000004,6.329076188991712
3099,309.806196,5.511418558955581
3100,309.906198,5.690638998420266
3101,310.00620000000004,5.829577580406923
3102,310.106202,6.479659751270873
3103,310.206204,6.08972684179916
3104,310.30620600000003,6.339505340212812
3105,310.406208,5.6712829327793
3106,310.50621,6.5066829157942765
3107,310.606212,5.775497100459726
3108,310.706214,5.641125623428424
3109,310.806216,6.010497933900772
3110,310.90621799999997,5.90311848462302
3111,311.00622000000004,5.871102942007237
3112,311.106222,5.423552815298477
3113,311.20622399999996,5.157001083030162
3114,311.30622600000004,5.797557977994728
3115,311.406228,5.102739253010147
3116,311.50622999999996,5.640952934888166
3117,311.60623200000003,5.015186421225055
3118,311.706234,6.0004142726827805
3119,311.806236,5.575232789460775
3120,311.90623800000003,5.416535581367575
3121,312.00624,4.967382054026314
3122,312.106242,5.622616331415965
3123,312.206244,5.50369242141441
3124,312.306246,5.263969611134049
3125,312.406248,6.095401653337168
3126,312.50625,5.631765715196606
3127,312.606252,6.001243472201709
3128,312.706254,6.939332387723761
3129,312.806256,5.758766962496997
3130,312.90625800000004,5.47591926253737
3131,313.00626,5.765352576771028
3132,313.106262,5.258823884614711
3133,313.20626400000003,5.322566688106896
3134,313.306266,5.596220810989892
3135,313.40626799999995,5.744244533855972
3136,313.50627000000003,5.012786632840796
3137,313.606272,5.6700480047618225
3138,313.706274,5.611842391319778
3139,313.806276,5.3455708389432335
3140,313.906278,5.051785326797149
3141,314.00628,5.917824326174975
3142,314.106282,5.360418390238376
3143,314.206284,5.275472916544291
3144,314.306286,5.212232668809452
3145,314.406288,5.442081199824642
3146,314.50629,5.537960862329776
3147,314.606292,5.351314672016491
3148,314.706294,5.373476242740097
3149,314.80629600000003,5.5957550960131845
3150,314.906298,5.833351591591952
3151,315.0063,5.34091584954922
3152,315.106302,5.409316416677678
3153,315.206304,5.265459836030105
3154,315.306306,5.5488262156502834
3155,315.406308,5.36234004804327
3156,315.50631,5.307633342848345
3157,315.60631200000006,4.964654781316908
3158,315.706314,5.627678391043386
3159,315.806316,5.323798176402171
3160,315.90631800000006,5.433153707230643
3161,316.00632,5.688683660163441
3162,316.106322,4.733439738757364
3163,316.206324,4.677342873621852
3164,316.306326,4.796153957737055
3165,316.406328,5.224115093652543
3166,316.50633,5.112777704204909
3167,316.606332,5.133756602042444
3168,316.706334,5.360615320851903
3169,316.806336,5.047271437380052
3170,316.906338,5.4903901337969145
3171,317.00634,5.378234255215067
3172,317.106342,5.2048853409231635
3173,317.206344,4.631471833142747
3174,317.306346,4.895590993386204
3175,317.406348,5.3422794672813945
3176,317.50635000000005,5.4867635209398085
3177,317.606352,5.168836675292264
3178,317.706354,5.429630087295042
3179,317.80635600000005,5.336821237695838
3180,317.906358,5.5463709679262285
3181,318.00636,6.073926290718867
3182,318.10636200000005,6.527898543266103
3183,318.206364,6.168311314332704
3184,318.30636599999997,5.905228149800657
3185,318.40636800000004,6.25122181954444
3186,318.50637,6.118565672700864
3187,318.606372,6.304787523298729
3188,318.706374,5.953883363091113
3189,318.806376,5.7670176207478505
3190,318.906378,6.417251480031594
3191,319.00638,6.388255808268915
3192,319.106382,6.0641949519438185
3193,319.206384,5.850597075364339
3194,319.306386,6.878888996957571
3195,319.40638800000005,5.489445168443135
3196,319.50639,4.959694114844441
3197,319.60639199999997,5.223043774615705
3198,319.70639400000005,5.494610348799332
3199,319.806396,5.1562355522763
3200,319.90639799999997,5.951109106304101
3201,320.00640000000004,5.409636092045923
3202,320.106402,5.03903801131051
3203,320.20640399999996,5.321882527362228
3204,320.30640600000004,5.011031625459173
3205,320.406408,5.137717482982055
3206,320.50641,5.163092635485642
3207,320.60641200000003,5.047923205332688
3208,320.706414,5.792588917702929
3209,320.806416,5.503149512257712
3210,320.90641800000003,5.691457562392512
3211,321.00642,5.925121309154797
3212,321.106422,4.990453830613344
3213,321.206424,5.837412854620988
3214,321.306426,5.3133081277425385
3215,321.406428,4.561994079280842
3216,321.50642999999997,5.799835603396828
3217,321.60643200000004,5.677149506033954
3218,321.706434,5.796899471958913
3219,321.80643599999996,5.9591078295623205
3220,321.90643800000004,6.25251048122244
3221,322.00644,7.2367862972754144
3222,322.10644199999996,5.864675118144167
3223,322.20644400000003,6.387564929569473
3224,322.306446,6.6788608948465535
3225,322.406448,5.55870488714596
3226,322.50645000000003,6.003629949588144
3227,322.606452,4.965172668764458
3228,322.706454,5.329754065722975
3229,322.806456,4.861921630967428
3230,322.906458,4.560717717913668
3231,323.00646,4.664224165518825
3232,323.106462,5.036387585302228
3233,323.206464,5.315225757368531
3234,323.306466,5.295907320333386
3235,323.406468,6.140734708799654
3236,323.50647000000004,6.8107719153690764
3237,323.606472,6.2318884022553585
3238,323.706474,6.162470604841622
3239,323.80647600000003,6.326359198174993
3240,323.906478,5.7039684522076834
3241,324.00647999999995,5.749340467015137
3242,324.106482,6.4601619366415415
3243,324.206484,5.956959088656032
3244,324.306486,7.058737167896783
3245,324.406488,7.319931521349031
3246,324.50649,6.566501026220073
3247,324.606492,6.627123604266841
3248,324.706494,6.039771861883963
3249,324.806496,5.966191513640192
3250,324.906498,6.052731804861612
3251,325.0065,6.278232562142288
3252,325.106502,5.738601991843311
3253,325.206504,5.330927738100661
3254,325.306506,5.635784171068539
3255,325.40650800000003,5.8707054099523495
3256,325.50651,5.521632662721681
3257,325.606512,5.347167923062666
3258,325.706514,5.375589573330361
3259,325.806516,5.1706140988704465
3260,325.906518,5.503972692287669
3261,326.00652,6.079701725503731
3262,326.106522,5.90232463939038
3263,326.20652400000006,6.0669957421385
3264,326.306526,6.140234730364922
3265,326.406528,5.434445581128548
3266,326.50653000000005,6.1337309887449525
3267,326.606532,5.8628869898163245
3268,326.706534,6.105391585587734
3269,326.806536,6.80258104005292
3270,326.906538,5.714606390928764
3271,327.00654,5.403842009057632
3272,327.106542,5.8493119232082345
3273,327.206544,5.526861712093778
3274,327.306546,5.328031323697718
3275,327.406548,5.8583141424887835
3276,327.50655,5.7635706159273346
3277,327.606552,5.536406862692536
3278,327.706554,5.927725797738974
3279,327.806556,5.726785857733567
3280,327.906558,5.610022273345873
3281,328.00656,5.346835774149351
3282,328.10656200000005,5.732256609603351
3283,328.206564,5.354326532756536
3284,328.306566,6.009192723072981
3285,328.40656800000005,5.739707567233776
3286,328.50657,5.284867553484318
3287,328.60657199999997,5.795145262794545
3288,328.70657400000005,5.6547454904039745
3289,328.806576,4.797225289636658
3290,328.90657799999997,5.060307942856598
3291,329.00658000000004,5.00737345583384
3292,329.106582,5.2280994157566365
3293,329.206584,5.484858439418383
3294,329.30658600000004,5.134210536859908
3295,329.406588,5.415116937678913
3296,329.50659,5.98390000880078
3297,329.606592,5.837789897945604
3298,329.706594,6.394807484734596
3299,329.806596,6.222282756324382
3300,329.906598,5.725642703833367
3301,330.00660000000005,6.336142329878082
3302,330.106602,5.169440515009137
3303,330.20660399999997,5.291533329281965
3304,330.30660600000004,5.3746257520638885
3305,330.406608,4.9391394561118
3306,330.50660999999997,4.906211686086696
3307,330.60661200000004,5.263530116769988
3308,330.706614,6.001618017844651
3309,330.80661599999996,5.142412882728902
3310,330.90661800000004,5.094124970052313
3311,331.00662,4.818671891816858
3312,331.106622,4.688400855457106
3313,331.20662400000003,5.198039265380923
3314,331.306626,5.1734207742033
3315,331.406628,4.959329017035179
3316,331.50663000000003,4.622536795726002
3317,331.606632,5.020057742474315
3318,331.706634,5.90153714563581
3319,331.806636,5.491083384150781
3320,331.90663800000004,5.535065690061754
3321,332.00664,4.549381910413237
3322,332.10664199999997,4.689407810509481
3323,332.20664400000004,4.65809006841415
3324,332.306646,5.274572866150892
3325,332.40664799999996,4.796162206693838
3326,332.50665000000004,5.180685181055886
3327,332.606652,4.946351837918028
3328,332.70665399999996,4.892574643233847
3329,332.80665600000003,5.015489972512328
3330,332.906658,5.490388374496419
3331,333.00666,5.384831096712641
3332,333.10666200000003,5.5796749942309765
3333,333.206664,6.140689628643973
3334,333.306666,5.219194827505501
3335,333.406668,5.919457696106345
3336,333.50667,6.189636661773595
3337,333.606672,6.42175347645706
3338,333.706674,6.8190296389962555
3339,333.80667600000004,6.26803180011958
3340,333.906678,6.353269530320538
3341,334.00668,6.568628373449317
3342,334.10668200000003,6.4589872525022765
3343,334.206684,6.558802472227112
3344,334.306686,6.4110643569132755
3345,334.40668800000003,6.175817138201884
3346,334.50669,6.14479747536372
3347,334.60669199999995,6.724060392401972
3348,334.706694,6.8503720002886475
3349,334.806696,7.203410338877939
3350,334.906698,6.146522747188077
3351,335.0067,6.37891895162521
3352,335.106702,6.895479905974859
3353,335.206704,6.375996237991584
3354,335.306706,6.889022328524252
3355,335.406708,6.155635159953385
3356,335.50671,6.458053459281762
3357,335.606712,6.467913522295037
3358,335.706714,7.033256877962428
3359,335.806716,6.659108782058452
3360,335.906718,6.235409025236035
3361,336.00672000000003,6.06936698037767
3362,336.106722,5.9659880354138695
3363,336.206724,6.166057917285032
3364,336.306726,5.425375223947646
3365,336.406728,4.827845851177644
3366,336.50673,4.759314581852468
3367,336.606732,5.6077613507452275
3368,336.706734,5.737113149762307
3369,336.80673600000006,5.530535878974891
3370,336.906738,5.905539823729244
3371,337.00674,4.74769644302328
3372,337.10674200000005,5.069801911713276
3373,337.206744,5.413464847406328
3374,337.306746,4.949452472163705
3375,337.406748,4.922966409787492
3376,337.50675,5.626513934006619
3377,337.606752,4.453494043578758
3378,337.706754,4.498425606325269
3379,337.806756,4.773863812146071
3380,337.906758,4.486042230848774
3381,338.00676,5.019408926238764
3382,338.106762,4.821275335885392
3383,338.206764,4.46531048172829
3384,338.306766,5.1723569894654595
3385,338.406768,4.789075839520482
3386,338.50677,4.6709829429419765
3387,338.606772,4.406990822830871
3388,338.70677400000005,4.510525880202285
3389,338.806776,5.095965984266181
3390,338.906778,4.738855511803706
3391,339.00678000000005,4.930604870156782
3392,339.106782,4.669957111263703
3393,339.20678399999997,4.61065360515699
3394,339.30678600000005,4.377737702270872
3395,339.406788,5.143524156670299
3396,339.50678999999997,5.468169463016214
3397,339.60679200000004,5.494773825871764
3398,339.706794,5.317853401509055
3399,339.806796,5.7084665814861175
3400,339.90679800000004,5.5427185144276825
3401,340.0068,5.739659898532987
3402,340.106802,5.464311212453655
3403,340.206804,6.049235067571828
3404,340.306806,5.948615156273075
3405,340.406808,5.519441897362117
3406,340.50681,5.732709181376355
3407,340.60681200000005,6.051553184090896
3408,340.706814,5.884907244754232
3409,340.80681599999997,5.723946307601084
3410,340.90681800000004,5.370208994300869
3411,341.00682,4.969408741583357
3412,341.10682199999997,4.527574230516783
3413,341.20682400000004,4.76127769512416
3414,341.306826,3.9683094192429857
3415,341.40682799999996,3.5269220390108895
3416,341.50683000000004,4.782117723847128
3417,341.606832,5.015582805546306
3418,341.706834,4.959860501877072
3419,341.80683600000003,5.177494851869302
3420,341.906838,5.498927388084523
3421,342.00684,5.364119769007884
3422,342.10684200000003,4.843221272189005
3423,342.206844,5.5515770718095805
3424,342.306846,5.037345049972764
3425,342.406848,4.564884558702109
3426,342.50685000000004,5.172990663263053
3427,342.606852,4.615861745497432
3428,342.70685399999996,4.899994261557437
3429,342.80685600000004,4.514527119785794
3430,342.906858,4.6318291482765295
3431,343.00685999999996,4.266726089300389
3432,343.10686200000004,3.9815329523420857
3433,343.206864,3.9441657648537185
3434,343.30686599999996,3.9583766601513566
3435,343.40686800000003,3.781465240493222
3436,343.50687,3.884593930509671
3437,343.606872,3.7250048214372145
3438,343.706874,3.7297401067720526
3439,343.806876,4.204797820635522
3440,343.906878,4.440521710302936
3441,344.00688,3.8284863247997847
3442,344.106882,3.8707056804856457
3443,344.206884,3.987331590484887
3444,344.306886,4.104872235195983
3445,344.40688800000004,4.817547200771888
3446,344.50689,4.544510194673523
3447,344.606892,5.441351524529035
3448,344.70689400000003,5.764036728428817
3449,344.806896,5.482729429536283
3450,344.906898,5.13296004667052
3451,345.00690000000003,4.906352371762024
3452,345.106902,5.429444133044594
3453,345.206904,5.61869540391107
3454,345.306906,5.586942223742883
3455,345.406908,4.866501014163934
3456,345.50691,4.2426336840343195
3457,345.606912,4.568412723918769
3458,345.706914,4.426673987760243
3459,345.806916,4.5668366440858295
3460,345.906918,4.880226018618569
3461,346.00692,4.28928614132827
3462,346.106922,4.039713685900812
3463,346.206924,4.182152188024914
3464,346.30692600000003,4.263099241112093
3465,346.406928,4.2812809173036275
3466,346.50693,4.1807780975448505
3467,346.60693200000003,3.73042570776507
3468,346.706934,4.288892854460745
3469,346.806936,4.98724704864222
3470,346.906938,4.385080970929801
3471,347.00694,4.0347286196578125
3472,347.106942,3.8799195949896377
3473,347.206944,4.28734373871503
3474,347.306946,4.236541025396859
3475,347.40694800000006,4.1034948016803225
3476,347.50695,3.9525104282334893
3477,347.606952,3.775307904259244
3478,347.70695400000005,3.9785278233739643
3479,347.806956,4.367832655387873
3480,347.906958,4.170319313132516
3481,348.00696000000005,3.879169618722979
3482,348.106962,4.427886009490568
3483,348.206964,4.4592995967302045
3484,348.306966,4.943524962367877
3485,348.406968,4.8844233066455045
3486,348.50697,4.880376143838613
3487,348.606972,4.13252546053933
3488,348.706974,4.819753880674817
3489,348.806976,4.150046182301724
3490,348.906978,4.653530928446944
3491,349.00698,4.686664898039702
3492,349.106982,4.735313217044423
3493,349.206984,4.34037718586264
3494,349.30698600000005,3.953434889240072
3495,349.406988,4.337684603167565
3496,349.50699,3.8483838591288078
3497,349.60699200000005,4.3277208064509365
3498,349.706994,3.978153770050032
3499,349.80699599999997,4.532497251087475
3500,349.90699800000004,4.198240091327043
3501,350.007,3.8461672438564127
3502,350.10700199999997,3.868176892575986
3503,350.20700400000004,3.874063050139208
3504,350.307006,4.26085373772069
3505,350.407008,4.898079842602049
3506,350.50701000000004,4.468361545941372
3507,350.607012,3.7646858763600117
3508,350.707014,4.020037896695531
3509,350.807016,3.939712574106242
3510,350.907018,4.36350646887969
3511,351.00702,4.984850401504961
3512,351.107022,4.906704581859848
3513,351.20702400000005,4.502499531278317
3514,351.307026,4.536977943484258
3515,351.40702799999997,4.220825486303802
3516,351.50703000000004,3.5963514519321573
3517,351.607032,4.873604735088235
3518,351.70703399999996,4.979582450356708
3519,351.80703600000004,4.329030044405631
3520,351.907038,4.052571713617324
3521,352.00703999999996,4.83892008702474
3522,352.10704200000004,3.9790917018383922
3523,352.207044,4.674407860837083
3524,352.307046,4.472558922903463
3525,352.40704800000003,4.346325992552176
3526,352.50705,4.032100104864108
3527,352.607052,4.158392880354
3528,352.707054,4.511924208282769
3529,352.807056,3.7163215633766837
3530,352.907058,4.733007994441266
3531,353.00706,4.651826123535746
3532,353.10706200000004,4.477252968491023
3533,353.207064,4.57718049029875
3534,353.30706599999996,4.644427186949061
3535,353.40706800000004,4.923572896480472
3536,353.50707,5.046104991074808
3537,353.60707199999996,4.421076849802597
3538,353.70707400000003,4.764715174433396
3539,353.807076,4.890855518606545
3540,353.90707799999996,5.349552006248765
3541,354.00708000000003,5.040484369754478
3542,354.107082,5.26381131569837
3543,354.207084,5.407869461096677
3544,354.307086,4.81553318955623
3545,354.407088,5.22382638404586
3546,354.50709,4.574965369755172
3547,354.607092,3.9320773335537016
3548,354.707094,3.9265892440632952
3549,354.807096,4.329027087359326
3550,354.907098,4.6909805638149
3551,355.00710000000004,4.292814406006688
3552,355.107102,4.838924870754248
3553,355.207104,5.695671987493193
3554,355.30710600000003,4.908822441160527
3555,355.407108,3.8099907795662533
3556,355.50711,3.869228829444654
3557,355.60711200000003,4.538874230882681
3558,355.707114,4.430259422620729
3559,355.807116,4.489766524926449
3560,355.907118,4.462139261708683
3561,356.00712,4.609967948094666
3562,356.107122,5.355583466717205
3563,356.207124,4.720675373525837
3564,356.307126,5.490047980514009
3565,356.407128,5.160967046859308
3566,356.50713,5.102369220272445
3567,356.607132,5.275930945527653
3568,356.707134,5.395731443671938
3569,356.807136,5.62538817708501
3570,356.90713800000003,5.208253618637595
3571,357.00714,5.310771901152384
3572,357.107142,4.499695786187845
3573,357.207144,4.37357924399386
3574,357.307146,3.971966296079389
3575,357.407148,4.163858031991683
3576,357.50715,3.5989533082554077
3577,357.607152,4.290874033972987
3578,357.707154,4.742454995441857
3579,357.807156,4.303165822120725
3580,357.907158,4.378561556752292
3581,358.00716000000006,4.3872302822358575
3582,358.107162,4.329939070299307
3583,358.207164,4.72644852577396
3584,358.30716600000005,4.3206328424141125
3585,358.407168,4.485472810454843
3586,358.50717,4.21346074320953
3587,358.60717200000005,4.026095997556167
3588,358.707174,3.8742956264360484
3589,358.807176,3.4747854624430152
3590,358.907178,3.464631488588433
3591,359.00718,3.3911611884703827
3592,359.107182,4.144376964574185
3593,359.207184,3.7966410697162116
3594,359.307186,3.927311138462533
3595,359.407188,4.224942386155433
3596,359.50719,3.6272527309969074
3597,359.607192,4.346409600830052
3598,359.707194,3.657070084351777
3599,359.807196,4.2284413077740055
3600,359.90719800000005,5.152900500393902
3601,360.0072,4.459402392734561
3602,360.107202,4.578594716373019
3603,360.20720400000005,4.920137884802482
3604,360.307206,5.017364203891748
3605,360.40720799999997,4.321910514202217
3606,360.50721000000004,4.786515133900407
3607,360.607212,4.741012559602576
3608,360.707214,4.922487967144941
3609,360.80721600000004,4.77272869679268
3610,360.907218,5.141323224538757
3611,361.00722,4.674464312017248
3612,361.10722200000004,4.9470027861195955
3613,361.207224,5.766023229702123
3614,361.307226,4.9231110074779645
3615,361.407228,4.236229441251383
3616,361.50723,4.611527917659512
3617,361.607232,5.201824741685349
3618,361.70723399999997,5.276869219409233
3619,361.80723600000005,5.161035909991974
3620,361.907238,4.825051714569477
3621,362.00723999999997,4.855184575090017
3622,362.10724200000004,4.637748765590163
3623,362.207244,4.621011283714165
3624,362.30724599999996,4.748149032472245
3625,362.40724800000004,4.857179996530935
3626,362.50725,4.328064722409156
3627,362.60725199999996,4.3107974950743
3628,362.70725400000003,4.511614491797037
3629,362.807256,4.368322863335944
3630,362.907258,4.444178109200878
3631,363.00726000000003,3.9947830882762845
3632,363.107262,4.256993296755366
3633,363.207264,3.782183231241073
3634,363.307266,3.9005649912590967
3635,363.407268,3.778852097585916
3636,363.50727,4.249285649145864
3637,363.607272,4.417901572393682
3638,363.70727400000004,4.298861562109437
3639,363.807276,4.633399676969525
3640,363.907278,4.4800582739016725
3641,364.00728000000004,3.896968761093399
3642,364.107282,4.298544966724254
3643,364.20728399999996,3.785281443945705
3644,364.30728600000003,4.124106583247383
3645,364.407288,3.888523888818853
3646,364.50728999999995,3.5781956588945487
3647,364.60729200000003,4.050102205220039
3648,364.707294,3.6445945380578184
3649,364.807296,4.344601949501426
3650,364.907298,4.091116069111843
3651,365.0073,3.403651275055641
3652,365.107302,3.7263433580084437
3653,365.207304,3.89849881359719
3654,365.307306,4.406920353102809
3655,365.407308,3.5081942059348417
3656,365.50731,3.9082894896760187
3657,365.60731200000004,3.633525562657107
3658,365.707314,3.793216839701986
3659,365.807316,4.07547933683599
3660,365.90731800000003,3.9043674187898985
3661,366.00732,4.065319268058082
3662,366.107322,3.7284664463066006
3663,366.207324,4.011509241865007
3664,366.307326,4.081008328408242
3665,366.407328,4.364455023983092
3666,366.50733,3.603437050956802
3667,366.607332,3.422813733172702
3668,366.70733400000006,3.929696185362227
3669,366.807336,3.8750774606792393
3670,366.907338,3.559102209208136
3671,367.00734,4.122493049750994
3672,367.107342,5.057125878500797
3673,367.207344,4.904791920263652
3674,367.307346,4.32366352739226
3675,367.407348,4.223141073745921
3676,367.50735000000003,3.653449994815643
3677,367.607352,3.352456076657323
3678,367.707354,3.7734386601655303
3679,367.807356,3.5431420394842514
3680,367.907358,3.3574417182575553
3681,368.00736,3.474020581229478
3682,368.107362,3.855132065365464
3683,368.207364,3.509159474381166
3684,368.307366,3.3972285175024317
3685,368.407368,3.6121411007019377
3686,368.50737,3.940362326668881
3687,368.60737200000005,3.830486650836061
3688,368.707374,4.108072554308111
3689,368.807376,3.8520215820372488
3690,368.90737800000005,3.604116922832691
3691,369.00738,4.453240456367782
3692,369.107382,4.173156359166973
3693,369.20738400000005,3.4445399909025562
3694,369.307386,4.047133802479037
3695,369.407388,4.646351379265711
3696,369.50739,4.693087076004876
3697,369.607392,3.9025936994236723
3698,369.707394,4.132492761826184
3699,369.807396,4.248402250170339
3700,369.907398,4.897304768699839
3701,370.0074,5.065070795060454
3702,370.107402,5.616960304493437
3703,370.207404,4.758146769003909
3704,370.307406,4.672444134881096
3705,370.407408,5.008302799006639
3706,370.50741000000005,4.509807401123756
3707,370.607412,4.705201455110091
3708,370.70741399999997,4.915437383379199
3709,370.80741600000005,4.311228251352032
3710,370.907418,4.228808471428021
3711,371.00741999999997,4.003462274698362
3712,371.10742200000004,4.676597190783778
3713,371.207424,4.374145466108632
3714,371.307426,4.211452820515296
3715,371.40742800000004,4.3150461881175515
3716,371.50743,4.204809930976619
3717,371.607432,3.6313413180803127
3718,371.70743400000003,4.42762113312997
3719,371.807436,4.876655289793237
3720,371.907438,5.041429408989887
3721,372.00744,4.390525547969673
3722,372.107442,4.633269795355447
3723,372.207444,5.290977927150401
3724,372.30744599999997,4.994446338239852
3725,372.40744800000004,4.335312974518355
3726,372.50745,4.019132193602445
3727,372.60745199999997,4.23546176752993
3728,372.70745400000004,4.155545532682223
3729,372.807456,4.363659913092839
3730,372.90745799999996,3.842805439643082
3731,373.00746000000004,3.807452601262063
3732,373.107462,3.7064878334151574
3733,373.207464,3.700161548720269
3734,373.30746600000003,3.85075761146468
3735,373.407468,4.069413517377522
3736,373.50747,4.160125841968676
3737,373.60747200000003,4.593227816318647
3738,373.707474,3.7288067603754085
3739,373.807476,4.11372117568773
3740,373.907478,3.746411265616475
3741,374.00748,4.159907466547163
3742,374.107482,4.167607351055342
3743,374.207484,3.8737513841903946
3744,374.30748600000004,3.706038242447123
3745,374.407488,3.593079180523625
3746,374.50749,3.7014131222079754
3747,374.60749200000004,3.4380157364684467
3748,374.707494,4.044262127218905
3749,374.80749599999996,4.347733979319266
3750,374.90749800000003,4.20285115627915
3751,375.0075,4.648858847244581
3752,375.107502,4.660491028902895
3753,375.20750400000003,4.7771039524128005
3754,375.307506,4.633248805085263
3755,375.407508,4.427750490155872
3756,375.50751,4.6888394075761015
3757,375.607512,4.752431004668413
3758,375.707514,4.867540458825193
3759,375.807516,4.556234972213099
3760,375.907518,4.425985518109776
3761,376.00752,4.875409925333259
3762,376.107522,5.138777709419902
3763,376.20752400000003,5.8076788558405985
3764,376.307526,5.335914356085132
3765,376.407528,5.617523175959271
3766,376.50753000000003,5.541500114256884
3767,376.607532,5.475795702909853
3768,376.707534,4.817075588934638
3769,376.807536,5.2239492574012045
3770,376.907538,5.1353183009790895
3771,377.00754,5.127451802191305
3772,377.107542,4.539799038212673
3773,377.207544,4.611915765953803
3774,377.30754600000006,4.654484960373861
3775,377.407548,4.91760609765072
3776,377.50755,4.8080159667215705
3777,377.607552,5.084882076543332
3778,377.707554,4.960696577815633
3779,377.807556,4.703816178916588
3780,377.907558,4.764313133891557
3781,378.00756,4.494314659151044
3782,378.10756200000003,5.263183480122001
3783,378.207564,5.441294738324241
3784,378.307566,5.899264652094737
3785,378.407568,6.021473805801197
3786,378.50757,6.29805595469708
3787,378.607572,6.1017341158453045
3788,378.707574,5.709066581404865
3789,378.807576,5.60216721310108
3790,378.907578,5.882304830407133
3791,379.00758,5.822165468727506
3792,379.107582,6.027232530431966
3793,379.20758400000005,5.633612506241126
3794,379.307586,5.202190480084841
3795,379.407588,5.037816757969726
3796,379.50759000000005,5.781809560859336
3797,379.607592,5.507830925409065
3798,379.707594,5.029289918307285
3799,379.80759600000005,4.932423841003509
3800,379.907598,4.797630135742567
3801,380.0076,4.729352155632777
3802,380.107602,5.648955575964678
3803,380.207604,5.4187061919452635
3804,380.307606,5.595977700657026
3805,380.407608,4.885819460612262
3806,380.50761,4.3457161847113115
3807,380.607612,4.90608515176988
3808,380.707614,4.570816854149569
3809,380.807616,4.921187263700376
3810,380.907618,5.1213380750306605
3811,381.00762,4.184574976712788
3812,381.10762200000005,4.069277627590138
3813,381.207624,4.591848939486845
3814,381.30762599999997,4.4454951570621075
3815,381.40762800000005,4.055414061780873
3816,381.50763,4.617845356942699
3817,381.60763199999997,4.384751200638261
3818,381.70763400000004,4.742662260326108
3819,381.807636,4.44980508459157
3820,381.907638,4.583070166011756
3821,382.00764000000004,4.176098360242684
3822,382.107642,4.424346161299978
3823,382.207644,3.866983303974565
3824,382.30764600000003,4.135797955153643
3825,382.407648,4.170455587740275
3826,382.50765,4.276836996189305
3827,382.60765200000003,4.274428572585416
3828,382.707654,4.708093561661393
3829,382.807656,3.552963122702662
3830,382.90765799999997,4.513515817725253
3831,383.00766000000004,4.058318050604237
3832,383.107662,4.39018010566217
3833,383.20766399999997,4.147183919707379
3834,383.30766600000004,5.355520117402098
3835,383.407668,5.085332451632264
3836,383.50766999999996,5.366849365171306
3837,383.60767200000004,5.077865320539806
3838,383.707674,5.354482737203324
3839,383.807676,4.598731409236225
3840,383.90767800000003,4.338010868054643
3841,384.00768,3.84774051637677
3842,384.107682,4.333418705216025
3843,384.20768400000003,4.456215939141266
3844,384.307686,4.5813125283190494
3845,384.407688,4.334657384058813
3846,384.50769,4.095280534816393
3847,384.607692,4.633587030711444
3848,384.707694,4.768912298881288
3849,384.807696,4.726616935958703
3850,384.90769800000004,4.689706569820061
3851,385.0077,4.83226838745124
3852,385.107702,4.985202516472351
3853,385.20770400000004,4.5075343233535605
3854,385.307706,4.219468494285529
3855,385.40770799999996,4.489092349619456
3856,385.50771000000003,4.524330281947049
3857,385.607712,4.478482171169222
3858,385.707714,4.485261525269164
3859,385.807716,4.64573236532928
3860,385.907718,5.047986136243049
3861,386.00772,5.046918733823217
3862,386.107722,5.525522949433729
3863,386.207724,5.756571932997645
3864,386.307726,5.002280676595936
3865,386.407728,4.550938124636664
3866,386.50773,5.059375136259343
3867,386.607732,4.694294873788711
3868,386.707734,4.501847142396579
3869,386.80773600000003,3.390147099232546
3870,386.907738,3.689103412079262
3871,387.00774,3.9121568755754117
3872,387.10774200000003,3.203345709075553
3873,387.207744,3.9962675497661952
3874,387.307746,4.119976167889717
3875,387.407748,4.142460408669312
3876,387.50775,3.4141344301393968
3877,387.60775200000006,4.6518339238937285
3878,387.707754,4.3913469983944875
3879,387.807756,5.236899279143434
3880,387.90775800000006,4.602608473774561
3881,388.00776,4.5443818084205505
3882,388.107762,4.434811660643484
3883,388.207764,4.636909476805007
3884,388.307766,4.0600336168923725
3885,388.407768,4.171611138638597
3886,388.50777,5.047777247483115
3887,388.607772,5.041786513000016
3888,388.70777400000003,4.605344372518659
3889,388.807776,4.604855138521589
3890,388.907778,4.665253903397395
3891,389.00778,4.530273203701187
3892,389.107782,3.6215439533196836
3893,389.207784,4.293730880090722
3894,389.307786,4.505204850503971
3895,389.407788,3.528550647667898
3896,389.50779,3.3917899380947905
3897,389.607792,2.6662633240622746
3898,389.707794,2.9912809360646357
3899,389.80779600000005,2.3891473149908733
3900,389.907798,3.4757411058204886
3901,390.0078,2.9060991859330225
3902,390.10780200000005,3.2695335404369636
3903,390.207804,3.8317181862985867
3904,390.30780599999997,3.1580510415465164
3905,390.40780800000005,3.429746817640354
3906,390.50781,4.1537218111972285
3907,390.607812,4.364944659235266
3908,390.707814,3.595229877176281
3909,390.807816,4.2349324754385895
3910,390.907818,4.39332339013243
3911,391.00782,5.070900191026538
3912,391.107822,5.37414771728976
3913,391.207824,4.922344111996212
3914,391.307826,5.119378975373907
3915,391.407828,4.902989680244046
3916,391.50783,4.408830042688409
3917,391.607832,3.9638798522608782
3918,391.70783400000005,4.235340862618166
3919,391.807836,4.776921675913837
3920,391.90783799999997,4.3917998406974
3921,392.00784000000004,4.387209331750703
3922,392.107842,4.523707683605761
3923,392.20784399999997,5.207115720737428
3924,392.30784600000004,4.829214514288732
3925,392.407848,5.506002108687975
3926,392.50785,5.2487327283347724
3927,392.60785200000004,5.02737998132129
3928,392.707854,5.169332302572824
3929,392.807856,5.454606818846479
3930,392.90785800000003,5.089067036459968
3931,393.00786,5.008916187832874
3932,393.107862,5.197427114306021
3933,393.20786400000003,5.656205732061623
3934,393.307866,5.371300293165584
3935,393.407868,4.487848743878352
3936,393.50786999999997,4.830257488280511
3937,393.60787200000004,4.81808963233644
3938,393.707874,5.146029196467581
3939,393.80787599999996,5.30824742555351
3940,393.90787800000004,4.291654806256205
3941,394.00788,3.9459164761721777
3942,394.10788199999996,4.550710749130781
3943,394.20788400000004,4.765314184213339
3944,394.307886,4.7119952858133765
3945,394.407888,4.869303162151538
3946,394.50789000000003,4.878251870099906
3947,394.607892,3.986004364680229
3948,394.707894,4.482747175928479
3949,394.807896,4.52455417924089
3950,394.907898,5.197721641836071
3951,395.0079,4.596947353566701
3952,395.107902,5.10621275570489
3953,395.207904,5.761471589951779
3954,395.307906,5.487087348109139
3955,395.407908,5.297653669257033
3956,395.50791000000004,4.608433291919193
3957,395.607912,5.700937214973015
3958,395.707914,5.274329776783695
3959,395.80791600000003,4.412197635066312
3960,395.907918,5.3678255046701375
3961,396.00791999999996,4.923089080013571
3962,396.10792200000003,5.238274575606452
3963,396.207924,5.050112776210496
3964,396.307926,5.424770355102573
3965,396.407928,5.469498663496865
3966,396.50793,5.037661524717687
3967,396.607932,4.646222267650632
3968,396.707934,4.714867423496484
3969,396.807936,4.820060765924272
3970,396.907938,4.9796234009523745
3971,397.00794,4.610005565716729
3972,397.107942,4.5554423303047535
3973,397.207944,4.563981898292725
3974,397.307946,5.58549193381004
3975,397.40794800000003,4.767669408385878
3976,397.50795,5.126259853503672
3977,397.607952,4.760304499092153
3978,397.70795400000003,4.808474691434579
3979,397.807956,5.236207609151027
3980,397.907958,5.697254841709163
3981,398.00796,5.289762213814316
3982,398.107962,5.315176579800702
3983,398.20796400000006,5.658318078184135
3984,398.307966,5.321008517218233
3985,398.407968,5.738961891557906
3986,398.50797000000006,5.059657725402231
3987,398.607972,6.396678194683104
3988,398.707974,6.6126719242659435
3989,398.807976,6.2761431513633505
3990,398.907978,6.332466207762861
3991,399.00798,5.8220645271132545
3992,399.107982,5.435618864943336
3993,399.207984,5.413398291693166
3994,399.307986,5.199825194591126
3995,399.407988,5.095802495547995
3996,399.50799,5.162320852760432
3997,399.607992,5.167776894673507
3998,399.707994,5.1688209199763255
3999,399.807996,4.880615154076246
4000,399.907998,4.634347512105737
4001,400.000014,4.544647147548238
