Frame,Time (ns),RMSD
1,0.0,1.0351382748211395e-06
2,0.100002,1.4076864457295497
3,0.200004,2.4597054061080135
4,0.30000600000000005,2.8386410266270827
5,0.400008,3.334705331329927
6,0.50001,2.9848774016714223
7,0.6000120000000001,3.390244905862063
8,0.700014,3.2168921513771993
9,0.800016,3.321598579713129
10,0.900018,3.426369584990882
11,1.00002,3.476187035522773
12,1.1000219999999998,3.1652480229722726
13,1.2000240000000002,3.6552640741109363
14,1.3000260000000001,3.475868373239101
15,1.400028,3.5595656453634272
16,1.50003,3.0990894977260153
17,1.600032,3.1351816330912223
18,1.700034,3.6798889939453177
19,1.800036,3.22153723279647
20,1.9000380000000001,2.993856547143404
21,2.00004,3.628415677306587
22,2.1000419999999997,3.514690222437148
23,2.2000439999999997,3.5907738077977767
24,2.300046,4.025650970038165
25,2.4000480000000004,3.909590422165677
26,2.5000500000000003,3.801042475269289
27,2.6000520000000003,3.404207015923823
28,2.700054,3.8051150410954766
29,2.800056,4.096192228419219
30,2.900058,4.650704464077681
31,3.00006,4.140055968521821
32,3.100062,4.02166568052685
33,3.200064,3.7480667612220104
34,3.300066,3.835051122702903
35,3.400068,3.6176448782599806
36,3.50007,3.562258802993841
37,3.600072,4.078802361162525
38,3.700074,3.967320462776451
39,3.8000760000000002,4.1409390415511425
40,3.900078,4.016996447287334
41,4.00008,3.764643353672276
42,4.1000820000000004,3.864716186895259
43,4.2000839999999995,3.8138398061721666
44,4.300086,3.809251466646574
45,4.400087999999999,3.700969889754733
46,4.50009,4.0299174210413415
47,4.600092,3.889375271171278
48,4.700094,4.438501656755248
49,4.800096000000001,4.387270329930158
50,4.900098,5.237017686072599
51,5.000100000000001,5.008410970007076
52,5.100102,5.255906967123219
53,5.2001040000000005,5.163060474573218
54,5.3001059999999995,5.5897571328737685
55,5.400108,5.7416687005071045
56,5.500109999999999,4.7127724236908195
57,5.600112,4.745318984128673
58,5.700114,4.680866997622427
59,5.800116,4.889326257039174
60,5.900118,3.539241514762867
61,6.00012,4.208781687754704
62,6.100122000000001,4.515947899267368
63,6.200124,4.913839338503837
64,6.300126000000001,3.6351824945023457
65,6.400128,3.8531783776580513
66,6.50013,3.6058525473372356
67,6.600132,3.6624065591963757
68,6.700134,3.774529682830151
69,6.800136,3.455895985220559
70,6.900138,3.5337660018684245
71,7.00014,4.011421362340255
72,7.100142,2.7248877766810913
73,7.200144,2.5182643707422816
74,7.300146,3.2323178147773084
75,7.400148,3.7279038174749233
76,7.5001500000000005,3.2488700852846084
77,7.6001520000000005,3.2230665198291093
78,7.700154,3.165425631614783
79,7.800156,3.4543791769205443
80,7.900158,3.3038850190524367
81,8.00016,3.4493727330356903
82,8.100162000000001,3.8009931388277365
83,8.200164000000001,3.3444487090220365
84,8.300166,3.3700079909759038
85,8.400167999999999,3.3951149559709184
86,8.50017,3.2724858094697167
87,8.600172,3.117016775579757
88,8.700174,3.0519961279003245
89,8.800175999999999,3.0623214620932924
90,8.900178,2.8863533258728
91,9.00018,3.0808018634519536
92,9.100182,3.742173895775848
93,9.200184,4.182951789222071
94,9.300186,4.419524898964014
95,9.400188,4.720417910593198
96,9.50019,3.3331959700934943
97,9.600192000000002,3.09613496432356
98,9.700194,2.7119103179008155
99,9.800196,3.122427605281424
100,9.900198,3.3592568422381
101,10.000200000000001,3.634310487608457
102,10.100202,3.5629144239870403
103,10.200204,3.3414299111174377
104,10.300206,2.9817540532109104
105,10.400208000000001,3.215640421703492
106,10.500210000000001,3.4730530758663782
107,10.600211999999999,2.664613824074988
108,10.700214,3.118242088774042
109,10.800216,2.88355598465789
110,10.900218,2.9316194581663386
111,11.000219999999999,3.913604889785928
112,11.100222,3.0955627310695046
113,11.200224,3.010426477429109
114,11.300226,3.1952243604823267
115,11.400228,3.091083663933577
116,11.50023,3.066845931337898
117,11.600232,3.505668612462283
118,11.700234,3.325689993317055
119,11.800236,3.291440397427203
120,11.900238,3.573822635216555
121,12.00024,3.673199622379316
122,12.100242,3.7584844825258004
123,12.200244000000001,3.685110197001351
124,12.300246000000001,3.7563340779237175
125,12.400248,3.0728755265673398
126,12.50025,3.6395985785807694
127,12.600252000000001,3.4583680884503756
128,12.700254000000001,3.5530867986868704
129,12.800256,3.330647673562726
130,12.900258,3.3732311522474276
131,13.00026,3.5647564527140467
132,13.100262,3.7446430607605485
133,13.200264,3.739962245550327
134,13.300265999999999,3.952634568281789
135,13.400268,3.990267965910211
136,13.50027,3.9962926822309917
137,13.600272,3.8329383434559925
138,13.700274,4.072729118698828
139,13.800276,3.805256816593117
140,13.900278,4.016544096703099
141,14.00028,3.859304027404973
142,14.100282000000002,3.793312966393019
143,14.200284,3.8420434712999088
144,14.300286,3.716599236900007
145,14.400288,3.5596230368305655
146,14.500290000000001,3.515993194596687
147,14.600292,3.656348796547317
148,14.700294,4.747365062525553
149,14.800296,4.084419199627151
150,14.900298000000001,4.426519876250496
151,15.000300000000001,3.9213248800843865
152,15.100302,3.957531326608002
153,15.200304000000001,4.1679488506915785
154,15.300306,3.5776351020490464
155,15.400308,3.805907479231575
156,15.500309999999999,4.091988908262659
157,15.600312,4.244321749791437
158,15.700314,4.621387101283074
159,15.800316,4.642082659500344
160,15.900318,4.247274450572836
161,16.00032,4.284114660541201
162,16.100322,4.4004433099365
163,16.200324000000002,3.8811600970927693
164,16.300326000000002,3.652201908381609
165,16.400328000000002,4.357087849054689
166,16.50033,3.8827575956272264
167,16.600332,3.911671888719397
168,16.700333999999998,3.908014517157566
169,16.800335999999998,4.1977543069526995
170,16.900338,4.306487877806664
171,17.00034,3.9383535698280765
172,17.100342,4.043760863925163
173,17.200344,4.164577388382354
174,17.300346,4.05381984065367
175,17.400348,3.5597595384975182
176,17.50035,3.546925458374678
177,17.600351999999997,3.5505292115902924
178,17.700354,3.5163619463955045
179,17.800356,3.3674873201963162
180,17.900358,3.046454893394798
181,18.00036,3.346045396211751
182,18.100362,3.4060901728229678
183,18.200364,3.5256186987025626
184,18.300366,3.3332813499531175
185,18.400368,3.4750000576406856
186,18.50037,3.6908042877798706
187,18.600372,3.647506153755959
188,18.700374,3.687749494898246
189,18.800376,3.601510491936589
190,18.900378,3.4914881371538615
191,19.00038,3.682009565927956
192,19.100382,3.6065820077428823
193,19.200384000000003,3.5640485683077703
194,19.300386,5.54207545873927
195,19.400388,5.524552202738372
196,19.50039,5.100875365593598
197,19.600392,5.469344669823408
198,19.700394,5.2340404441937665
199,19.800396,5.155173609296274
200,19.900398000000003,5.104503769452907
201,20.000400000000003,4.97526693449964
202,20.100402000000003,5.101567900322492
203,20.200404,4.987784655813634
204,20.300406,5.303465641719651
205,20.400408,5.662102417207301
206,20.50041,5.9123442986673185
207,20.600412,5.444950958759089
208,20.700414000000002,5.532972005626461
209,20.800416000000002,5.415806220461431
210,20.900418000000002,5.980671806018899
211,21.000420000000002,5.292685608592325
212,21.100422,5.578554716253728
213,21.200423999999998,4.456243930994456
214,21.300425999999998,5.160455735972563
215,21.400428,6.175467346415558
216,21.50043,5.467424175228017
217,21.600432,5.364577815165374
218,21.700434,6.07088549457639
219,21.800436,6.18580435836138
220,21.900438,5.742452008715855
221,22.000439999999998,5.2333888894173795
222,22.100441999999997,5.954112372546681
223,22.200444,6.05928660767358
224,22.300446,6.03005961760901
225,22.400448,5.894403918466257
226,22.50045,5.699457907023476
227,22.600452,5.358924630596703
228,22.700454,4.911589210335457
229,22.800456,5.488532806336357
230,22.900458,6.802083447936832
231,23.00046,5.96093287257986
232,23.100462,5.944147768995343
233,23.200464,5.205072987073219
234,23.300466,5.47518584537247
235,23.400468,5.337079568375514
236,23.50047,5.6828229796905765
237,23.600472,4.938392854448156
238,23.700474000000003,3.8758072920532207
239,23.800476,4.12235162899774
240,23.900478,4.2251528727252605
241,24.00048,3.574032784804694
242,24.100482,3.837327276488844
243,24.200484,4.212380479578243
244,24.300486,3.924523155106334
245,24.400488000000003,4.334726591198261
246,24.500490000000003,3.7838337132382653
247,24.600492000000003,3.623551474428632
248,24.700494,4.113334980815282
249,24.800496,3.8857724570551513
250,24.900498,3.7358780828187306
251,25.0005,4.062940024277066
252,25.100502,4.587160850869718
253,25.200504000000002,4.5265799832234235
254,25.300506000000002,4.467509622781214
255,25.400508000000002,4.607910939406753
256,25.500510000000002,4.3798790613057434
257,25.600512,4.432908456873292
258,25.700514,4.553240871379419
259,25.800516,4.496230816030168
260,25.900518,4.3561532823668685
261,26.00052,4.350630280619571
262,26.100522,4.765275814273263
263,26.200524,4.653478379544586
264,26.300526,4.394732279347105
265,26.400528,4.4206403039220294
266,26.500529999999998,4.430951858313284
267,26.600531999999998,4.19321390690131
268,26.700534,4.338291432369926
269,26.800536,4.452642683397635
270,26.900538,4.865873094460551
271,27.00054,4.529116654806403
272,27.100542,4.327729943676196
273,27.200544,4.596442261629011
274,27.300546,4.339445254972105
275,27.400548,4.757259644987033
276,27.50055,5.003353817287945
277,27.600552,4.7853960505680835
278,27.700554,4.565340293759133
279,27.800556,4.790498031008408
280,27.900558,4.661218238438643
281,28.00056,4.29838096692966
282,28.100562,4.557936782111361
283,28.200564000000004,4.556530366430797
284,28.300566,4.52885506798969
285,28.400568,4.411746326886493
286,28.50057,4.531410310899842
287,28.600572,4.499755623891402
288,28.700574,4.802058472301522
289,28.800576,4.7144768009603935
290,28.900578000000003,4.69913693281177
291,29.000580000000003,4.969471172327625
292,29.100582000000003,4.21731058362203
293,29.200584,4.6113303677453015
294,29.300586,4.450027776676431
295,29.400588,4.375005462277128
296,29.50059,4.5037411671476715
297,29.600592,4.469566786937778
298,29.700594000000002,4.208127172353489
299,29.800596000000002,4.018930849445746
300,29.900598000000002,4.065279102431505
301,30.000600000000002,4.003939480665267
302,30.100602,4.5781397003343045
303,30.200604,4.739777491959129
304,30.300606,4.494429194080144
305,30.400608000000002,4.4397453101238025
306,30.50061,4.702383776404557
307,30.600612,4.375746420992489
308,30.700614,4.847582678042722
309,30.800616,5.531458631111318
310,30.900618,4.480536241223075
311,31.000619999999998,5.256914804550916
312,31.100621999999998,5.085295854154036
313,31.200624,5.670226850429719
314,31.300626,5.513509842278221
315,31.400628,4.96709632089025
316,31.50063,5.171602992587555
317,31.600632,5.055816598461931
318,31.700634,4.983056811901253
319,31.800636,4.974804468524895
320,31.900638,4.030487992895455
321,32.00064,3.6211429415189507
322,32.100642,3.9173232395163886
323,32.200644,3.921915851325953
324,32.300646,4.720001462906845
325,32.400648000000004,4.99629802261265
326,32.50065,4.856155322716132
327,32.600652000000004,4.952708248331947
328,32.700654,5.450774706765176
329,32.800656000000004,3.7870468497180387
330,32.900658,3.5658310131898543
331,33.00066,3.550586242058549
332,33.10066200000001,3.724081373966862
333,33.200664,3.9680465724417293
334,33.300666,3.847971774598766
335,33.400667999999996,3.649835178687945
336,33.50067,3.3623022913764
337,33.600671999999996,3.4750768604128575
338,33.700674,3.738520319470182
339,33.800676,3.49347922958868
340,33.900678,3.9123237224150644
341,34.00068,3.600747597567667
342,34.100682,4.185922410207014
343,34.200684,3.980627146617962
344,34.300686,3.824458826086243
345,34.400688,3.5013587171014766
346,34.500690000000006,3.759573841221964
347,34.600692,4.12518255244479
348,34.700694000000006,3.698141912243345
349,34.800696,4.103833867425946
350,34.900698000000006,3.9229646575299557
351,35.0007,3.795030265544773
352,35.100702,3.887189062422237
353,35.200703999999995,3.9559130751436804
354,35.300706,4.622690665421023
355,35.400708,4.021674699420056
356,35.50071,4.416338936810228
357,35.600712,3.821396562818498
358,35.700714,3.7561389532006815
359,35.800716,3.9977973318266957
360,35.900718,3.6907325138690164
361,36.00072,3.8489160081196676
362,36.100722000000005,4.017324327652647
363,36.200724,4.083711564915656
364,36.300726000000004,4.053750983151725
365,36.400728,4.074635238351797
366,36.500730000000004,3.9858826476253584
367,36.600732,4.461618139492018
368,36.700734000000004,4.111696033652672
369,36.800736,4.209634349748423
370,36.900738,4.092821308198562
371,37.00074,4.290767621591331
372,37.100742,4.0283086624737106
373,37.200744,4.057334192840471
374,37.300746,3.8898916060160476
375,37.400748,4.524747352049462
376,37.50075,4.774710369995973
377,37.600752,4.005042508974505
378,37.700754,3.732430878024945
379,37.800756,3.933894097150788
380,37.900758,3.7517179041664197
381,38.00076,3.8830511616615553
382,38.100762,4.0024173256527344
383,38.200764,3.9380492413583688
384,38.300766,3.6006758483364916
385,38.40076800000001,3.687372946836564
386,38.50077,3.9116241836523824
387,38.600772,4.122225933858981
388,38.700773999999996,4.224773991936779
389,38.800776,3.926494391861442
390,38.900777999999995,3.5618217579312406
391,39.00078,3.8092704630626533
392,39.100782,3.942014884215792
393,39.200784,3.8464741260529993
394,39.300786,4.144277214090388
395,39.400788,3.674752557507985
396,39.50079,3.9801518907150073
397,39.600792,4.015585802028347
398,39.700794,4.106988240664478
399,39.800796000000005,4.185491480865419
400,39.900798,4.149087999144397
401,40.000800000000005,4.288188460600255
402,40.100802,4.424009999487579
403,40.200804000000005,4.740336241499793
404,40.300806,4.769296046381896
405,40.400808,4.412291878944521
406,40.500809999999994,4.18815854360963
407,40.600812,4.478380943153128
408,40.700814,4.251534313672686
409,40.800816,4.263430799266355
410,40.900818,4.3998531964916605
411,41.00082,4.199646553381273
412,41.100822,4.612616421535562
413,41.200824,4.716448776069735
414,41.300826,5.090408265567326
415,41.400828000000004,5.315376172684508
416,41.50083,5.5597122884499415
417,41.600832000000004,5.427578622023642
418,41.700834,4.818896219422889
419,41.800836000000004,5.148928895481324
420,41.900838,5.350256424666774
421,42.000840000000004,5.195144101609984
422,42.10084200000001,5.681354666460996
423,42.200844,5.616602352486191
424,42.300846,5.6920593338119785
425,42.400847999999996,5.23062953378496
426,42.50085,5.405672961364099
427,42.600851999999996,5.303983333952204
428,42.700854,5.520445681027247
429,42.800856,5.694156100237708
430,42.900858,5.15242758740749
431,43.00086,5.323231067135465
432,43.100862,5.289581720616641
433,43.200864,5.502211654574883
434,43.300866,5.569480653268016
435,43.400868,5.461830261408268
436,43.500870000000006,5.838265330489723
437,43.600872,5.486079154782792
438,43.700874000000006,5.537390957198035
439,43.800876,5.495957596867989
440,43.900878000000006,5.403216637374327
441,44.000879999999995,5.203616397980429
442,44.100882,5.272154494497338
443,44.200883999999995,5.013685723736571
444,44.300886,5.119820635517401
445,44.400888,5.667914955979623
446,44.50089,6.092263078826157
447,44.600892,5.15238929578081
448,44.700894,4.9491583989139425
449,44.800896,5.007126882663207
450,44.900898,4.8831083685774574
451,45.0009,5.10360739165851
452,45.100902000000005,5.227465874927314
453,45.200904,5.2354302390938345
454,45.300906000000005,5.590567116210495
455,45.400908,5.817278462222294
456,45.500910000000005,5.610452754240145
457,45.600912,5.999138698719905
458,45.700914000000004,5.774989181193028
459,45.800916,5.36028715698392
460,45.900918,5.5798257325625285
461,46.00092,5.616274668452772
462,46.100922,4.887078526198038
463,46.200924,5.833197194951564
464,46.300926,5.755941551918939
465,46.400928,5.051306082815282
466,46.50093,5.678868285052983
467,46.600932,5.72095343883668
468,46.700934000000004,5.679349661311431
469,46.800936,5.59835295752425
470,46.900938000000004,5.64737666783203
471,47.00094,5.4279033234342515
472,47.100942,5.176119530377801
473,47.200944,5.012460677279726
474,47.300946,4.930083716844214
475,47.40094800000001,5.041965901377045
476,47.50095,4.981287699544453
477,47.600952,4.805839586447409
478,47.700953999999996,4.77676208631419
479,47.800956,4.606720124340756
480,47.900957999999996,4.89808714877556
481,48.00096,5.246360418597493
482,48.100962,4.905208247976399
483,48.200964,4.752665698276317
484,48.300966,4.8294573861040595
485,48.400968,4.863798612179653
486,48.50097,4.9362912281725135
487,48.600972,4.928047432552352
488,48.700974,4.888446765702459
489,48.800976000000006,4.562505205948696
490,48.900978,4.5888911205310166
491,49.000980000000006,4.669026917951201
492,49.100982,4.937707475095793
493,49.200984000000005,4.925021808780831
494,49.300986,4.757510707420549
495,49.400988,4.80598986459353
496,49.500989999999994,4.9913585028337755
497,49.600992,4.801760814381248
498,49.700994,4.610327059202129
499,49.800996,4.348125416015141
500,49.900998,4.588637306324098
501,50.001,4.646677085242781
502,50.101002,4.688745312204806
503,50.201004,4.4643801243886205
504,50.301006,4.547029183976166
505,50.401008000000004,4.47010439314128
506,50.50101,4.232003611396736
507,50.601012000000004,4.5563072492788255
508,50.701014,4.365593812674005
509,50.801016000000004,4.669598218813135
510,50.901018,4.653496839210018
511,51.001020000000004,4.69650618932004
512,51.10102200000001,4.653044908642212
513,51.201024,4.918838560035764
514,51.301026,4.734982256671692
515,51.401028,4.597996886207165
516,51.50103,5.050186689054233
517,51.601032,4.7254156161760035
518,51.701034,4.782524142307434
519,51.801036,4.59589458704506
520,51.901038,4.587697722492611
521,52.00104,4.865373723370013
522,52.101042,4.979861110207722
523,52.201044,4.6635513437198695
524,52.301046,4.868109571431336
525,52.401048,5.052278666405885
526,52.501050000000006,4.5549251079419335
527,52.601052,4.899380579846583
528,52.701054000000006,4.914279912428071
529,52.801056,4.964295893823825
530,52.901058000000006,4.660569132724085
531,53.001059999999995,5.174963607730621
532,53.101062,4.883017693878105
533,53.201063999999995,4.883382148920624
534,53.301066,4.5863979758405415
535,53.401068,4.974623565083953
536,53.50107,4.722760008253877
537,53.601072,4.607248957732728
538,53.701074,4.780628696579387
539,53.801076,5.075339391041358
540,53.901078,5.105256105660781
541,54.00108,4.81202144296414
542,54.101082000000005,4.941871017228805
543,54.201084,5.177961303218589
544,54.301086000000005,4.856969831495628
545,54.401088,4.737649831594017
546,54.501090000000005,5.030083880325841
547,54.601092,4.7416441907686915
548,54.701094000000005,4.842220343302155
549,54.801096,4.548254414270382
550,54.901098,4.97809870993003
551,55.0011,4.892924445356716
552,55.101102,4.892376824131268
553,55.201104,4.724516930687343
554,55.301106,4.728221776181808
555,55.401108,5.022129370130998
556,55.50111,4.538525166448798
557,55.601112,5.080278932760122
558,55.701114000000004,5.0381768976715495
559,55.801116,4.740397156011886
560,55.901118000000004,4.739586312384755
561,56.00112,4.618784117553023
562,56.101122000000004,4.736856625164255
563,56.201124,4.943305126595432
564,56.301126000000004,4.844258007427723
565,56.40112800000001,4.8133300476749525
566,56.50113,4.760698334131233
567,56.601132,5.103328601015361
568,56.701133999999996,4.589446883483268
569,56.801136,4.958927648820478
570,56.901137999999996,4.836211191621618
571,57.00114,4.783243153621245
572,57.101142,4.9045349208431706
573,57.201144,5.014387926725799
574,57.301146,4.933663080729952
575,57.401148,4.7198933495080455
576,57.50115,4.630538877759884
577,57.601152,4.676851767899674
578,57.701154,4.66356750023199
579,57.801156000000006,4.789083101927752
580,57.901158,4.613928385575762
581,58.001160000000006,4.909553841666722
582,58.101162,4.477631923398805
583,58.201164000000006,4.624666985076751
584,58.301166,4.617751102703081
585,58.401168,4.426715449990989
586,58.501169999999995,4.489637299904863
587,58.601172,4.621616275158972
588,58.701174,4.574049599563752
589,58.801176,4.718117747714195
590,58.901178,4.400851710407425
591,59.00118,4.726480989365101
592,59.101182,4.711987881579986
593,59.201184,4.7333606594265065
594,59.301186,4.6781802443108145
595,59.401188000000005,4.486557983263727
596,59.50119,4.865302422179697
597,59.601192000000005,4.728808137579598
598,59.701194,4.741993134770681
599,59.801196000000004,4.85426467851766
600,59.901198,4.521059457833818
601,60.001200000000004,4.5252041645976515
602,60.10120200000001,4.699796857396567
603,60.201204,4.5003747249495865
604,60.301206,4.5250644414599694
605,60.401208,4.59450523617019
606,60.50121,4.557849988354009
607,60.601212,4.749799397028131
608,60.701214,4.700697451771291
609,60.801216000000004,4.470789970877341
610,60.901218,4.516737062295765
611,61.00122,4.648287640758022
612,61.101222,4.540716333051897
613,61.201224,4.556739080367652
614,61.301226,4.577920235635337
615,61.401228,4.63108813269628
616,61.50123000000001,4.6118498133582015
617,61.601232,4.399950707467136
618,61.70123400000001,4.506588863860834
619,61.801236,4.592213025307832
620,61.901238000000006,4.703860288536642
621,62.001239999999996,4.816124928765498
622,62.101242,4.492582882753938
623,62.201243999999996,4.292997128816315
624,62.301246,4.601037988682704
625,62.401248,4.807824969458522
626,62.50125,4.548091354755419
627,62.601252,4.609423419984858
628,62.701254,4.483489090404778
629,62.801256,4.881353589560237
630,62.901258,4.639850221157942
631,63.00126,4.803836210717492
632,63.101262000000006,4.527200119194603
633,63.201264,4.588141338760075
634,63.301266000000005,4.631735053173736
635,63.401268,4.617525592021952
636,63.501270000000005,4.638611364113695
637,63.601272,5.002042174818511
638,63.701274000000005,4.798654933936319
639,63.801276,4.78958419553628
640,63.901278,4.621816072223612
641,64.00128,4.905261228959078
642,64.101282,4.632890169782264
643,64.201284,4.72483256292603
644,64.301286,4.800083946117584
645,64.401288,5.078425581496138
646,64.50129,4.575585394300551
647,64.601292,4.709232529345117
648,64.701294,4.596860577126105
649,64.80129600000001,4.7971256324523415
650,64.901298,4.7458401343414485
651,65.0013,4.739985894975369
652,65.101302,4.365514035644555
653,65.20130400000001,4.504027011587084
654,65.30130600000001,4.644019313553556
655,65.401308,4.649805404117947
656,65.50131,4.764121785506159
657,65.60131200000001,4.864402900972908
658,65.701314,4.904637743092114
659,65.801316,4.923904423602095
660,65.901318,4.744285728332881
661,66.00132,4.763677135073414
662,66.101322,4.716893868259343
663,66.20132400000001,4.9517020961322435
664,66.301326,5.021110597619252
665,66.401328,4.7033909132178255
666,66.50133,5.026923613728701
667,66.601332,4.748820002903691
668,66.701334,4.687199268602983
669,66.80133599999999,4.875803992095803
670,66.90133800000001,4.563335284135293
671,67.00134,4.661832318166078
672,67.101342,4.547258312905792
673,67.20134399999999,4.655023023499991
674,67.30134600000001,4.566803120436482
675,67.401348,4.6897060619914335
676,67.50135,4.872957869593067
677,67.601352,4.737030336799424
678,67.70135400000001,4.907694370760185
679,67.801356,4.641185484718766
680,67.901358,4.710527915220024
681,68.00136,4.763146243296201
682,68.10136200000001,4.949417607432958
683,68.201364,5.131042566521965
684,68.301366,4.767793957931371
685,68.401368,4.898884440615935
686,68.50137,4.8358204858189415
687,68.601372,4.603072336562622
688,68.701374,4.829898406216148
689,68.801376,4.995196436449447
690,68.901378,4.704786713769333
691,69.00138000000001,4.845771442355208
692,69.101382,4.483464119802961
693,69.201384,4.603427979172931
694,69.301386,4.369095211174872
695,69.40138800000001,4.591512068138858
696,69.50139,4.5694192402146045
697,69.601392,4.740061803852701
698,69.701394,4.500618680276533
699,69.80139600000001,4.787690034695017
700,69.901398,4.7041546124131015
701,70.0014,4.56523706534348
702,70.10140200000001,4.4067440892895
703,70.201404,4.426251784654946
704,70.301406,4.610760862808137
705,70.40140799999999,4.686482303635972
706,70.50141,4.504991182536729
707,70.601412,4.914941556069101
708,70.701414,4.681306776245832
709,70.801416,4.914997437052781
710,70.901418,4.677241481611037
711,71.00142,4.81419622687313
712,71.101422,4.567625485447334
713,71.201424,4.788881044113504
714,71.301426,4.469567898425454
715,71.401428,4.799286169051224
716,71.50143000000001,4.752998023390172
717,71.601432,4.680816911601556
718,71.701434,4.975088124287719
719,71.801436,4.596899399296561
720,71.901438,4.512680232834386
721,72.00144,4.635877408864551
722,72.10144199999999,4.762013353925446
723,72.20144400000001,4.46523761179289
724,72.301446,4.816886322498824
725,72.401448,4.601003022842106
726,72.50144999999999,4.553895053334419
727,72.60145200000001,4.791531683763143
728,72.701454,4.775550085927486
729,72.801456,4.650547623077641
730,72.901458,5.006857496302957
731,73.00146000000001,4.801149860856432
732,73.101462,4.970884880392902
733,73.201464,4.68680969398057
734,73.301466,4.672198773842423
735,73.40146800000001,4.734480386595109
736,73.50147,4.849939109903454
737,73.601472,4.968141561764058
738,73.701474,4.806205512694458
739,73.801476,4.682879451502605
740,73.901478,4.925627374941583
741,74.00148,4.525639350781307
742,74.101482,5.014688204942232
743,74.201484,4.887565978440133
744,74.30148600000001,4.693949560047743
745,74.401488,4.947043992847873
746,74.50149,4.986343372630123
747,74.601492,4.988141074195892
748,74.70149400000001,4.745179488579737
749,74.801496,5.063542461138802
750,74.901498,4.874946475778534
751,75.0015,4.837000954239761
752,75.10150200000001,4.781784004289514
753,75.201504,4.748085727639554
754,75.301506,5.1831481274322915
755,75.401508,4.836361173115156
756,75.50151,4.555416270377764
757,75.601512,4.915719445922167
758,75.70151399999999,4.7239575078733385
759,75.801516,4.90765139466069
760,75.901518,4.831689793486354
761,76.00152,4.517111400054437
762,76.101522,4.821705120812311
763,76.201524,4.76020360480225
764,76.301526,4.62036330469345
765,76.401528,4.968394385657175
766,76.50153,4.939359818571099
767,76.601532,4.760480251002986
768,76.701534,4.881118433490364
769,76.80153600000001,4.968491273293079
770,76.901538,4.559213603260073
771,77.00154,4.743734141989549
772,77.101542,4.739739842089405
773,77.201544,4.540592441446342
774,77.301546,4.690555510111743
775,77.40154799999999,4.879808981891031
776,77.50155000000001,4.865363440386032
777,77.601552,4.8181002812107465
778,77.701554,4.724453100936507
779,77.80155599999999,4.938519593604909
780,77.90155800000001,5.016036461897361
781,78.00156,5.023519826939643
782,78.101562,4.71122439580598
783,78.201564,4.860872066308893
784,78.30156600000001,5.0651489983904865
785,78.401568,5.263804557671695
786,78.50157,5.079367216473941
787,78.601572,4.8577221093080345
788,78.70157400000001,4.919072719837621
789,78.801576,4.953888705065665
790,78.90157800000001,5.140977039387057
791,79.00158,5.113836186592309
792,79.101582,5.114288189422239
793,79.201584,4.689527241293194
794,79.301586,4.917448345171934
795,79.401588,4.779260940022278
796,79.50159,4.875216087176549
797,79.60159200000001,4.901607317795969
798,79.701594,5.057895448469439
799,79.801596,4.94456542609201
800,79.90159799999999,4.998058283575698
801,80.00160000000001,5.095766304830479
802,80.101602,5.082380483444632
803,80.201604,4.861644423375383
804,80.301606,4.789164172466224
805,80.40160800000001,4.654244159080005
806,80.50161,4.738185429095871
807,80.601612,5.02548525482741
808,80.701614,4.9791414144275175
809,80.801616,4.762350873672954
810,80.901618,4.706859725307034
811,81.00161999999999,4.552103857965374
812,81.101622,4.860285889452569
813,81.201624,5.098557865109854
814,81.301626,4.682869825615001
815,81.401628,4.92513134860973
816,81.50163,4.9050606362797335
817,81.601632,5.040772764223406
818,81.701634,4.815585549355013
819,81.801636,5.00803817918425
820,81.901638,5.009553862051788
821,82.00164,4.984466253150294
822,82.10164200000001,5.106603323093086
823,82.201644,4.960040680271772
824,82.301646,5.08737519302459
825,82.401648,4.901858658195942
826,82.50165000000001,4.5736183792709415
827,82.601652,4.717258702222539
828,82.70165399999999,4.6169967522923345
829,82.80165600000001,4.872510678603127
830,82.901658,4.682938774303103
831,83.00166,4.7201847905762335
832,83.10166199999999,4.901567801116578
833,83.20166400000001,5.075573170659633
834,83.301666,4.865483621171928
835,83.401668,4.926006183465815
836,83.50167,4.971069279638615
837,83.60167200000001,4.813085880441524
838,83.701674,5.093512687796169
839,83.801676,4.868561586811002
840,83.901678,4.957536902339404
841,84.00168000000001,4.841322849682513
842,84.101682,5.0552581178340485
843,84.20168400000001,4.53615356697931
844,84.301686,4.8012746984437324
845,84.401688,4.682529509751807
846,84.50169,4.676162544526885
847,84.601692,4.83224790137616
848,84.701694,4.838892291864773
849,84.80169599999999,4.760381559021325
850,84.90169800000001,4.9640824435642275
851,85.0017,4.824998636443627
852,85.101702,4.629884618004754
853,85.20170399999999,4.90519909171485
854,85.30170600000001,4.872684424418477
855,85.401708,5.007704694556386
856,85.50171,4.705247651871696
857,85.601712,4.663279491023585
858,85.70171400000001,4.593067721514647
859,85.801716,4.754227824909531
860,85.901718,4.578964507723742
861,86.00172,4.710735962237255
862,86.10172200000001,4.595352426541941
863,86.201724,4.571466168211816
864,86.301726,4.79196373879066
865,86.401728,4.781418810886647
866,86.50173,5.060844418809366
867,86.601732,5.037003122669228
868,86.701734,4.884577493973747
869,86.801736,5.00299430244773
870,86.901738,4.524914166512573
871,87.00174000000001,4.749070743138895
872,87.101742,4.891123736531835
873,87.201744,4.863300320030445
874,87.301746,4.801121290618797
875,87.40174800000001,4.42642921775645
876,87.50175,4.59279589722031
877,87.601752,4.512141635634909
878,87.701754,4.603425050421507
879,87.80175600000001,4.489553900145751
880,87.901758,4.845441720659197
881,88.00175999999999,4.928174531505524
882,88.10176200000001,4.772644991542952
883,88.201764,4.653330708720797
884,88.301766,4.980815432353228
885,88.40176799999999,4.677717037438838
886,88.50177000000001,4.769058588530011
887,88.601772,4.764618038250316
888,88.701774,4.52325543569228
889,88.801776,4.438562185957494
890,88.90177800000001,4.62799980932297
891,89.00178,4.4326740063615055
892,89.101782,4.6754809060635925
893,89.201784,4.719781845293331
894,89.301786,4.8599007474826665
895,89.401788,4.718221061020216
896,89.50179000000001,4.865895476795454
897,89.601792,4.714964814644631
898,89.701794,4.646810922334493
899,89.801796,4.7636680726981595
900,89.901798,4.764524938769235
901,90.0018,4.782702192164998
902,90.10180199999999,5.082468965684173
903,90.20180400000001,4.852906159597024
904,90.301806,4.557236932594449
905,90.401808,4.808713555411782
906,90.50180999999999,4.830612019605977
907,90.60181200000001,4.7401360204022165
908,90.701814,5.124569113976691
909,90.801816,4.800936903441492
910,90.901818,4.784344094079446
911,91.00182000000001,4.9735151294271995
912,91.101822,4.762330698283284
913,91.201824,4.876425060747742
914,91.301826,4.9420992840258045
915,91.40182800000001,4.8528453107954315
916,91.50183,4.710754794369567
917,91.601832,4.886829065718966
918,91.701834,4.7262618401727075
919,91.801836,5.005400805480669
920,91.901838,4.830176752868612
921,92.00184,4.812531766331876
922,92.101842,5.120069530843199
923,92.201844,5.099928180025487
924,92.30184600000001,4.682462548148093
925,92.401848,5.1160454548355165
926,92.50185,4.9328099213346634
927,92.601852,4.877173531054421
928,92.70185400000001,5.012012985819041
929,92.801856,5.040283491339624
930,92.901858,5.1008209130439175
931,93.00186,4.730626972993271
932,93.10186200000001,5.072366537744004
933,93.201864,5.104518215724048
934,93.301866,4.827038554822783
935,93.40186800000001,5.05536962434502
936,93.50187,4.935327031731189
937,93.601872,4.700209829269815
938,93.70187399999999,4.958270480731611
939,93.80187600000001,5.100749360869924
940,93.901878,4.937814913591124
941,94.00188,5.06863809741541
942,94.101882,4.941440493327601
943,94.201884,4.7662546680081554
944,94.301886,4.804215987744029
945,94.401888,5.130712546513547
946,94.50189,4.648437447833023
947,94.601892,4.64894317629115
948,94.701894,5.150835562383591
949,94.80189600000001,4.875527736087266
950,94.901898,4.575874155476948
951,95.0019,4.864532933983069
952,95.101902,5.320976773562642
953,95.201904,5.080984482068211
954,95.301906,5.089091296005532
955,95.40190799999999,5.15591717158721
956,95.50191000000001,4.925685603575859
957,95.601912,4.882325902802286
958,95.701914,5.023320451942795
959,95.80191599999999,4.920882078546534
960,95.90191800000001,4.501967226925413
961,96.00192,4.882718633068193
962,96.101922,4.660383724548659
963,96.201924,4.855675485053984
964,96.30192600000001,4.610378562078228
965,96.401928,5.0759710472848765
966,96.50193,4.762530506501036
967,96.601932,4.720015688526464
968,96.70193400000001,4.934476106117166
969,96.801936,5.001717796738965
970,96.90193800000002,4.940357552114003
971,97.00194,4.708362013512006
972,97.101942,4.690239022919232
973,97.201944,5.047291094394604
974,97.301946,4.416305015394345
975,97.401948,5.004221041131435
976,97.50195,4.7330117939407
977,97.60195200000001,4.477781712746149
978,97.701954,4.819211048035496
979,97.801956,4.6918612738034255
980,97.901958,4.904835791911514
981,98.00196000000001,4.776466462800862
982,98.101962,4.749643854323811
983,98.201964,5.131525795077823
984,98.30196600000001,5.05741343176313
985,98.40196800000001,4.89775154466914
986,98.50197,4.837949552964757
987,98.601972,4.776565801669761
988,98.701974,4.911525886033869
989,98.801976,4.7985637536061585
990,98.901978,5.037353848506079
991,99.00197999999999,4.7495902536225385
992,99.101982,5.039560483685877
993,99.201984,4.882526653386285
994,99.301986,4.955022302756048
995,99.401988,4.9958804819381175
996,99.50199,4.689250728809033
997,99.601992,4.864108820053835
998,99.701994,5.074233277901552
999,99.801996,5.015495089581075
1000,99.901998,4.81568431098504
1001,100.002,4.851765410359185
1002,100.10200200000001,5.112352557761739
1003,100.202004,4.906859123084355
1004,100.302006,4.937814633568354
1005,100.402008,4.647858165339562
1006,100.50201000000001,4.718075984393745
1007,100.602012,4.710018193612038
1008,100.70201399999999,4.819477449641705
1009,100.80201600000001,4.9040494954524965
1010,100.902018,4.669952865036968
1011,101.00202,4.855477719543774
1012,101.10202199999999,4.826135686308652
1013,101.20202400000001,4.838618583448178
1014,101.302026,4.835702854580641
1015,101.402028,5.007364546212182
1016,101.50203,4.957392875989046
1017,101.60203200000001,4.754645259328296
1018,101.702034,4.730009546725146
1019,101.802036,4.637113669340345
1020,101.902038,4.992476825943959
1021,102.00204000000001,4.800610684066132
1022,102.102042,4.569492947285883
1023,102.20204400000001,4.849045031821446
1024,102.302046,4.627979214354647
1025,102.402048,4.623681194245099
1026,102.50205,4.698645369671875
1027,102.602052,4.699079738210821
1028,102.702054,4.919564684759581
1029,102.802056,5.045367099743486
1030,102.90205800000001,5.216754277295005
1031,103.00206,4.869502426699369
1032,103.102062,5.269195964209404
1033,103.202064,5.24992376842756
1034,103.30206600000001,5.553258198326492
1035,103.402068,5.571040580113981
1036,103.50207,5.332283611263271
1037,103.602072,5.327082440463889
1038,103.70207400000001,5.15301112514507
1039,103.802076,5.375342336500114
1040,103.902078,5.1880725398952965
1041,104.00208,5.073931194477608
1042,104.10208200000001,4.936306356705775
1043,104.202084,5.5266315847726455
1044,104.302086,5.465899163900491
1045,104.402088,5.279331760603224
1046,104.50209,5.127275236453579
1047,104.602092,5.44640537122659
1048,104.702094,5.332337618315064
1049,104.802096,4.954903700234018
1050,104.902098,5.440308358082035
1051,105.00210000000001,5.554705534928832
1052,105.102102,5.374890464386259
1053,105.202104,5.357393451130989
1054,105.302106,5.332993972586325
1055,105.40210800000001,5.520635230216794
1056,105.50211,5.53818382161235
1057,105.602112,5.633376335162759
1058,105.702114,5.19212489469821
1059,105.80211600000001,4.694439784398958
1060,105.902118,5.198194444413721
1061,106.00211999999999,5.55591469406764
1062,106.10212200000001,5.041881203924683
1063,106.202124,5.581162295675609
1064,106.302126,5.287310568108926
1065,106.40212799999999,5.204115513335826
1066,106.50213000000001,4.996630560733244
1067,106.602132,5.079523347422138
1068,106.702134,5.932718393201726
1069,106.802136,5.427620040972526
1070,106.90213800000001,5.512014248171182
1071,107.00214,5.598045741010942
1072,107.102142,5.365894390393496
1073,107.202144,5.635875030760082
1074,107.30214600000001,5.587208984854483
1075,107.402148,5.4668051388713454
1076,107.50215000000001,4.979289856809945
1077,107.602152,4.679289699393202
1078,107.702154,5.395832263247562
1079,107.802156,5.454251570702207
1080,107.902158,5.647199399211777
1081,108.00216,5.560892440928314
1082,108.10216199999999,5.464396517393776
1083,108.20216400000001,5.336650486169204
1084,108.302166,5.561902785149272
1085,108.402168,5.026900641190621
1086,108.50216999999999,5.425799210637524
1087,108.60217200000001,5.247999429841867
1088,108.702174,5.265747731711186
1089,108.802176,5.4410877749615
1090,108.902178,5.313977865246738
1091,109.00218000000001,5.582436600379978
1092,109.102182,5.504416112844505
1093,109.202184,5.165008293234796
1094,109.302186,5.252835469302671
1095,109.40218800000001,5.137846954885978
1096,109.50219,5.101335473014851
1097,109.602192,5.539564652721714
1098,109.702194,5.4854726658407404
1099,109.802196,5.32095871839693
1100,109.902198,5.573798211187824
1101,110.0022,5.584769714719445
1102,110.102202,5.102484359348164
1103,110.202204,5.383450146217842
1104,110.30220600000001,5.3752045848792065
1105,110.402208,5.185749773492205
1106,110.50221,5.62918982726078
1107,110.602212,5.400727506584642
1108,110.70221400000001,5.649851085046817
1109,110.802216,5.17580935864301
1110,110.902218,5.3292907360669055
1111,111.00222,5.442366350345803
1112,111.10222200000001,5.502651741305465
1113,111.202224,5.158049382364144
1114,111.30222599999999,5.278133722607182
1115,111.40222800000001,5.187974741053968
1116,111.50223,5.484943589773934
1117,111.602232,5.382115868563939
1118,111.70223399999999,5.391423117621987
1119,111.80223600000001,5.626536393346923
1120,111.902238,5.4023048125419
1121,112.00224,5.456471610893195
1122,112.102242,5.4011693125447096
1123,112.20224400000001,5.372911505618346
1124,112.302246,5.520864859781877
1125,112.402248,5.442185736594244
1126,112.50225,5.592422312157437
1127,112.60225200000001,5.369671257871883
1128,112.702254,5.24845587121999
1129,112.80225600000001,4.948147242569822
1130,112.902258,4.8640414182560745
1131,113.00226,5.005620527254816
1132,113.102262,5.584788178294382
1133,113.202264,5.625141821112087
1134,113.302266,5.456508419318749
1135,113.40226799999999,5.114399735320069
1136,113.50227000000001,5.120567644596556
1137,113.602272,4.6689537865728505
1138,113.702274,5.0373473541102465
1139,113.80227599999999,4.86387088129584
1140,113.90227800000001,4.879960673011087
1141,114.00228,4.578304449935286
1142,114.102282,4.549796191607415
1143,114.202284,4.652953565851769
1144,114.30228600000001,4.803964041226428
1145,114.402288,4.328082034386576
1146,114.50229,4.279055453317541
1147,114.602292,4.507205966054831
1148,114.70229400000001,4.519876967056232
1149,114.802296,4.586593122635131
1150,114.902298,4.383982996435528
1151,115.0023,4.834946069332947
1152,115.102302,5.513317528914854
1153,115.202304,5.377599701706647
1154,115.302306,5.308096941712896
1155,115.402308,4.8790900004888655
1156,115.50231,4.85523242322876
1157,115.60231200000001,5.18415307361751
1158,115.702314,5.218145139682154
1159,115.802316,5.303618616384391
1160,115.902318,5.384482046478275
1161,116.00232000000001,5.32787261017331
1162,116.102322,5.5699991346594295
1163,116.202324,5.776393364449196
1164,116.30232600000001,5.368809733146879
1165,116.40232800000001,5.6314554827308445
1166,116.50233,5.464447675810754
1167,116.602332,5.768470739600279
1168,116.70233400000001,5.516038887166136
1169,116.802336,5.581970220596946
1170,116.902338,5.412140744459921
1171,117.00233999999999,5.653040331543523
1172,117.10234200000001,5.426237045432144
1173,117.202344,5.6335760181141366
1174,117.302346,5.248629449247039
1175,117.402348,5.3742302326037885
1176,117.50235,5.279215361684836
1177,117.602352,5.514305620486155
1178,117.702354,5.434307013733726
1179,117.802356,5.142852436757443
1180,117.902358,5.311569003864582
1181,118.00236,5.593453576522058
1182,118.10236200000001,5.544428765043989
1183,118.202364,5.467193223178187
1184,118.302366,5.63276685671311
1185,118.402368,5.2682369124226245
1186,118.50237,5.448320236508267
1187,118.602372,5.418955303875161
1188,118.70237399999999,5.626925932625895
1189,118.80237600000001,5.598740550657868
1190,118.902378,5.607297988775318
1191,119.00238,5.821167415647623
1192,119.10238199999999,5.701335368656872
1193,119.20238400000001,5.554685110688116
1194,119.302386,5.660530951388663
1195,119.402388,5.626225975657682
1196,119.50239,5.603334027693561
1197,119.60239200000001,5.810321268932158
1198,119.702394,5.737456216583115
1199,119.802396,5.9391026692010795
1200,119.902398,5.847296132334512
1201,120.00240000000001,5.772357514979806
1202,120.102402,5.723422580037379
1203,120.20240400000002,5.631176568140414
1204,120.302406,5.669056640983856
1205,120.402408,5.627484141548629
1206,120.50241,5.688366575965751
1207,120.602412,5.55671836593071
1208,120.702414,5.4358356573557876
1209,120.802416,5.321432343420718
1210,120.90241800000001,5.571095562664867
1211,121.00242,5.652676739860699
1212,121.102422,5.794430790006945
1213,121.202424,5.522887524228098
1214,121.30242600000001,5.60244663774891
1215,121.402428,5.418543643873243
1216,121.50243,5.5422538514599475
1217,121.60243200000001,5.513345307727288
1218,121.70243400000001,5.6284815118792295
1219,121.802436,5.460919845616138
1220,121.902438,5.44889088142465
1221,122.00244,5.642537045178341
1222,122.102442,5.586040823763294
1223,122.202444,5.691891199140504
1224,122.302446,5.8018557682232395
1225,122.402448,5.542061343052531
1226,122.50245,5.361277195730225
1227,122.602452,5.370872275116666
1228,122.702454,5.358600396629633
1229,122.802456,5.804601982555419
1230,122.902458,5.478482933335078
1231,123.00246000000001,5.619950804017069
1232,123.102462,5.542670795775688
1233,123.202464,5.7555174644722875
1234,123.302466,5.862511043469644
1235,123.40246800000001,5.460473729574548
1236,123.50247,5.863293496078586
1237,123.602472,6.105663928876019
1238,123.702474,5.861878037500679
1239,123.80247600000001,5.98481935155098
1240,123.902478,5.705351467536906
1241,124.00247999999999,5.3559593056056105
1242,124.10248200000001,5.243661905420199
1243,124.202484,4.874361005598081
1244,124.302486,5.544037726859535
1245,124.40248799999999,5.860351817845267
1246,124.50249000000001,5.4744968494767665
1247,124.602492,5.460952799100981
1248,124.702494,5.386454206303887
1249,124.802496,5.278659585981972
1250,124.90249800000001,5.49109909768946
1251,125.0025,5.333644950640235
1252,125.102502,5.4255930842666285
1253,125.202504,5.273985043625025
1254,125.30250600000001,5.323626154831043
1255,125.402508,5.316249816457262
1256,125.50251000000002,5.614450178741716
1257,125.602512,5.368842725027501
1258,125.702514,5.485000029705047
1259,125.802516,5.666863596780587
1260,125.902518,5.5534984232492315
1261,126.00252,5.407900794293003
1262,126.102522,5.559102320935892
1263,126.20252400000001,5.253383182786999
1264,126.302526,5.636523276286084
1265,126.402528,5.432663275075583
1266,126.50253,5.361160383260111
1267,126.60253200000001,5.569862982550114
1268,126.702534,5.377234065240883
1269,126.802536,5.298517519667256
1270,126.902538,5.533595956146156
1271,127.00254000000001,5.520013436864505
1272,127.102542,5.566925462358971
1273,127.202544,5.613562071353558
1274,127.302546,5.52804442766445
1275,127.40254800000001,5.541160555876773
1276,127.50255,4.964340293535582
1277,127.602552,5.424883635334614
1278,127.702554,5.274306206723375
1279,127.802556,5.276382844789131
1280,127.902558,5.561581144115533
1281,128.00256,5.274431070123059
1282,128.102562,5.085889752093045
1283,128.202564,5.5416262605648035
1284,128.302566,5.343022179287976
1285,128.402568,5.732969691753637
1286,128.50257000000002,5.252719351922814
1287,128.602572,5.457847992525675
1288,128.702574,5.430441133867315
1289,128.802576,5.428097920016741
1290,128.902578,5.330826219374541
1291,129.00258,5.14167815351334
1292,129.102582,5.636136479466995
1293,129.202584,5.713409957881811
1294,129.302586,5.843461408073648
1295,129.402588,5.688098799908761
1296,129.50259,5.332457911589501
1297,129.60259200000002,5.645322653398291
1298,129.702594,6.0215424385740715
1299,129.802596,5.793647983517879
1300,129.902598,5.300128791982854
1301,130.0026,5.529373194482388
1302,130.102602,5.384396381664676
1303,130.202604,5.591731591116239
1304,130.302606,5.64822772012638
1305,130.40260800000001,5.319761174415083
1306,130.50261,5.439294274705536
1307,130.60261200000002,5.353585763749932
1308,130.702614,5.303973798077228
1309,130.802616,5.303520077501485
1310,130.902618,5.380328800611637
1311,131.00262,5.387171928279061
1312,131.102622,5.609284008058213
1313,131.20262400000001,5.623837554465424
1314,131.30262599999998,5.653609414298043
1315,131.402628,5.2932750454373725
1316,131.50263,5.210483710672894
1317,131.602632,5.206163675700081
1318,131.702634,5.68817892469564
1319,131.802636,5.418433572855844
1320,131.902638,5.55822709967349
1321,132.00264,5.66699250283516
1322,132.102642,5.438503121315895
1323,132.202644,5.387976926039509
1324,132.302646,5.6382489632450605
1325,132.40264800000003,5.664501969920729
1326,132.50265,5.388293877481624
1327,132.602652,5.344203397505875
1328,132.702654,5.39652807481733
1329,132.802656,5.398537740347069
1330,132.902658,5.468343533997841
1331,133.00266,5.3156451746770275
1332,133.102662,5.472146443485801
1333,133.202664,5.388527256380498
1334,133.302666,5.425363229242382
1335,133.402668,5.470573177149947
1336,133.50267000000002,5.427479851400933
1337,133.60267199999998,5.546072658826879
1338,133.702674,5.519079057199803
1339,133.80267600000002,5.300640754450884
1340,133.902678,5.628074953127001
1341,134.00268,5.534634069670114
1342,134.102682,5.471783215541172
1343,134.202684,5.309506964249066
1344,134.30268600000002,5.677039493621118
1345,134.40268799999998,5.385367042533873
1346,134.50269,5.552749706480128
1347,134.60269200000002,5.609277637486464
1348,134.70269399999998,5.689003379887942
1349,134.802696,5.6529458490660645
1350,134.90269800000002,5.821962892350431
1351,135.0027,5.364595157491907
1352,135.102702,5.500290065303576
1353,135.202704,5.527220595651892
1354,135.302706,5.873340348108018
1355,135.40270800000002,5.956208998640614
1356,135.50270999999998,5.259052218103243
1357,135.602712,4.788751063839512
1358,135.70271400000001,5.10574143804772
1359,135.802716,5.470172226538647
1360,135.902718,4.881771174387398
1361,136.00272,4.858918043598358
1362,136.102722,4.729368714102607
1363,136.20272400000002,4.735838270488738
1364,136.302726,4.994155477652835
1365,136.402728,4.601378104333538
1366,136.50273,5.0201617430414105
1367,136.602732,5.229372198278147
1368,136.702734,4.8732693827224836
1369,136.802736,4.7765371117546165
1370,136.902738,4.671718568801173
1371,137.00274,5.404556594012447
1372,137.102742,4.918354431017074
1373,137.202744,5.239251040047196
1374,137.302746,4.891088946167353
1375,137.402748,5.381356707582771
1376,137.50275,5.137125388312485
1377,137.602752,5.122026786289705
1378,137.70275400000003,4.978799363521043
1379,137.802756,5.135735976565303
1380,137.902758,5.203659625567627
1381,138.00276000000002,5.233410114647267
1382,138.102762,5.042164869065401
1383,138.202764,4.844684073628194
1384,138.302766,4.854987658110129
1385,138.402768,4.958215552955276
1386,138.50277,4.689857576797308
1387,138.602772,4.847647359179333
1388,138.702774,5.039064749559523
1389,138.80277600000002,4.944079999889416
1390,138.90277799999998,4.947376658888304
1391,139.00278,5.0571953057907
1392,139.10278200000002,5.002554524412423
1393,139.202784,4.745264237328509
1394,139.302786,4.588505086649662
1395,139.402788,4.81563286192057
1396,139.50279,5.237427271576479
1397,139.60279200000002,5.248465068392668
1398,139.70279399999998,5.327910329255271
1399,139.802796,5.503225201207104
1400,139.90279800000002,5.171497560743235
1401,140.0028,5.104611682211221
1402,140.102802,5.080620933698724
1403,140.20280400000001,5.302685900758263
1404,140.302806,5.065326036579279
1405,140.402808,5.212911819318131
1406,140.50281,4.824463246111994
1407,140.602812,5.0605561411958995
1408,140.70281400000002,5.003367623171638
1409,140.80281599999998,5.200122242315126
1410,140.902818,5.1987787321990915
1411,141.00282,4.929008410469128
1412,141.102822,5.1903848619550015
1413,141.202824,4.773741384906597
1414,141.302826,4.728004549037364
1415,141.402828,5.032589963156787
1416,141.50283000000002,5.335666777537343
1417,141.602832,5.141093020045234
1418,141.702834,4.947778436043153
1419,141.802836,5.137743237410581
1420,141.902838,5.025031432644203
1421,142.00284,5.094794893465365
1422,142.102842,5.085313632213028
1423,142.202844,5.298088129999225
1424,142.302846,4.661441061805419
1425,142.402848,5.028003030826791
1426,142.50285,5.279278421924481
1427,142.602852,5.103736900834726
1428,142.702854,4.971455110447611
1429,142.802856,5.069932158295087
1430,142.902858,4.881318054480917
1431,143.00286000000003,5.249682831470511
1432,143.102862,5.238306673046078
1433,143.202864,5.261653354558288
1434,143.30286600000002,5.3325071870389715
1435,143.402868,4.9844699184485535
1436,143.50287,5.4014071339350265
1437,143.602872,5.604637498884674
1438,143.702874,5.579255955123524
1439,143.802876,5.402733974724842
1440,143.902878,5.508571582255413
1441,144.00288,5.4086824534664
1442,144.10288200000002,5.539085692757026
1443,144.20288399999998,5.136719071260469
1444,144.302886,5.3846191776697365
1445,144.40288800000002,5.339448658906988
1446,144.50289,5.4175550934989785
1447,144.602892,5.631768770193385
1448,144.702894,5.3358695641087
1449,144.802896,5.437792297746654
1450,144.90289800000002,5.206901938780692
1451,145.00289999999998,4.659899096703769
1452,145.102902,4.921008581554971
1453,145.20290400000002,4.5659432185571305
1454,145.302906,4.794856805503391
1455,145.402908,4.913375516845571
1456,145.50291,5.138687397766155
1457,145.602912,5.178604516033154
1458,145.702914,4.879831674864238
1459,145.802916,5.045481953283403
1460,145.902918,4.835217547097413
1461,146.00292000000002,4.687508190586984
1462,146.10292199999998,4.865897735811522
1463,146.202924,4.622891282184724
1464,146.302926,4.919535103536875
1465,146.402928,5.169362217438113
1466,146.50293,4.774257568690663
1467,146.602932,4.765103019015548
1468,146.702934,4.800177577512513
1469,146.80293600000002,4.6680828218127575
1470,146.902938,4.660641838870312
1471,147.00294,4.657569989909741
1472,147.102942,4.778206904907765
1473,147.202944,4.725526980249604
1474,147.302946,4.720920155184146
1475,147.402948,4.757005004498225
1476,147.50295,4.704066480172547
1477,147.602952,4.887280564090627
1478,147.702954,4.702259656858368
1479,147.802956,4.348817750486675
1480,147.902958,5.184225999902832
1481,148.00296,5.158105105787551
1482,148.102962,4.854209238353451
1483,148.202964,4.673308443408298
1484,148.30296600000003,4.524113153351809
1485,148.402968,4.740197394138246
1486,148.50297,4.420674987606593
1487,148.60297200000002,4.773342996627894
1488,148.702974,4.688607126251746
1489,148.802976,4.839301487704952
1490,148.902978,4.969699119874772
1491,149.00298,5.085433129141072
1492,149.102982,4.7509933856732
1493,149.202984,4.864915478848174
1494,149.302986,5.161151792401671
1495,149.40298800000002,5.008517085584485
1496,149.50298999999998,5.121858330839824
1497,149.602992,4.50183751927833
1498,149.70299400000002,4.463478936599126
1499,149.802996,4.600445297260498
1500,149.902998,4.89083678907667
1501,150.003,4.477351489113104
1502,150.103002,4.39282052291112
1503,150.20300400000002,4.279858904466964
1504,150.30300599999998,4.276253993142764
1505,150.403008,4.523415763757025
1506,150.50301000000002,4.546681141907663
1507,150.603012,4.532517158986314
1508,150.703014,4.33947059355672
1509,150.803016,4.537252899948604
1510,150.903018,4.74837473010284
1511,151.00302,4.96171007248058
1512,151.103022,4.721844342673372
1513,151.203024,5.064582233513645
1514,151.30302600000002,4.556156861743232
1515,151.40302799999998,4.195788551356562
1516,151.50303,4.730768304878814
1517,151.603032,4.329342726286975
1518,151.703034,4.58147196759582
1519,151.803036,4.117218374876509
1520,151.903038,4.761115209183557
1521,152.00304,4.355169513304077
1522,152.10304200000002,4.680253224743129
1523,152.203044,4.209233820792484
1524,152.303046,4.732085429215915
1525,152.403048,4.580407219330826
1526,152.50305000000003,4.442414356248718
1527,152.603052,4.5295458324860505
1528,152.703054,4.411182386229289
1529,152.803056,4.330214452772234
1530,152.903058,4.250523928026302
1531,153.00306,4.169114499789232
1532,153.103062,4.2771960670948115
1533,153.203064,4.369141363740203
1534,153.303066,4.191247401615192
1535,153.403068,3.712505464928702
1536,153.50307,3.6589657827052737
1537,153.60307200000003,3.9984165050857903
1538,153.703074,4.00054322764182
1539,153.803076,3.8958903231829156
1540,153.90307800000002,4.0899789847604415
1541,154.00308,4.225747676173799
1542,154.103082,3.801430174629395
1543,154.203084,4.71954476743606
1544,154.303086,4.327293582508022
1545,154.403088,4.435786744301098
1546,154.50309,4.22128728129278
1547,154.603092,3.9793192774612858
1548,154.70309400000002,4.254522526331322
1549,154.80309599999998,4.394278344937656
1550,154.903098,4.257666045487789
1551,155.00310000000002,4.487903527842244
1552,155.103102,4.567137169907028
1553,155.203104,4.235198085239123
1554,155.303106,4.796094609951069
1555,155.403108,4.676051105041495
1556,155.50311000000002,4.3710479591188305
1557,155.60311199999998,4.436240696673506
1558,155.703114,4.405710492987207
1559,155.80311600000002,4.861904126133566
1560,155.903118,5.046631811142171
1561,156.00312,4.653011846123649
1562,156.103122,4.737799265455364
1563,156.203124,4.574321841641767
1564,156.303126,4.757770576858188
1565,156.403128,4.453905261746094
1566,156.50313,4.53692400631597
1567,156.60313200000002,4.534775005708314
1568,156.70313399999998,4.1594386662788265
1569,156.803136,4.198545042438948
1570,156.903138,4.127360017749278
1571,157.00314,4.66309659098335
1572,157.103142,3.9058736368951306
1573,157.203144,3.9002760923679483
1574,157.303146,4.178331604615741
1575,157.40314800000002,4.668639670467232
1576,157.50315,4.346309333090302
1577,157.603152,4.0118687450065895
1578,157.703154,4.223226831314374
1579,157.80315600000003,3.8884057979269193
1580,157.903158,4.295998477544053
1581,158.00316,4.489758307674943
1582,158.103162,4.333761562463927
1583,158.203164,4.418018870359792
1584,158.303166,4.611488337765273
1585,158.403168,4.234579869733659
1586,158.50317,4.124060212398502
1587,158.603172,4.358091658391919
1588,158.703174,4.223091055080273
1589,158.803176,4.205570370639914
1590,158.90317800000003,4.393562035478257
1591,159.00318,4.477108334392422
1592,159.103182,4.816546718971825
1593,159.20318400000002,4.137855392077014
1594,159.303186,4.199596472069127
1595,159.403188,4.130080584634556
1596,159.50319,4.449255396229182
1597,159.603192,4.17846032513468
1598,159.70319400000002,4.509908971136104
1599,159.80319599999999,4.626801534028454
1600,159.903198,4.202964469929046
1601,160.00320000000002,5.1185328613393555
1602,160.10320199999998,4.6945830406139475
1603,160.203204,4.676523755693204
1604,160.30320600000002,3.9356690561736114
1605,160.403208,4.445306765140958
1606,160.50321,4.555385711704137
1607,160.603212,4.232630238452145
1608,160.703214,4.672410514527229
1609,160.80321600000002,4.447758462370716
1610,160.90321799999998,4.632585541311235
1611,161.00322,4.490355401734645
1612,161.10322200000002,5.182261109869206
1613,161.203224,5.030030377990852
1614,161.303226,4.4995278800226535
1615,161.403228,4.955496900094275
1616,161.50323,4.611786663616666
1617,161.603232,4.443754451362469
1618,161.703234,4.487689780415721
1619,161.803236,4.036825919964689
1620,161.90323800000002,4.554622846118345
1621,162.00323999999998,4.241157509686915
1622,162.103242,4.885051832256626
1623,162.203244,4.589598389144465
1624,162.303246,4.553873688357991
1625,162.403248,4.666782207273063
1626,162.50325,4.937889449664702
1627,162.603252,4.62934619027419
1628,162.70325400000002,5.007056583214129
1629,162.803256,4.777232341064711
1630,162.903258,4.812246450126937
1631,163.00326,4.880597372837751
1632,163.10326200000003,4.449035268776523
1633,163.203264,4.561429721749382
1634,163.303266,4.608078236496041
1635,163.403268,4.500180182179673
1636,163.50327,4.488759727450572
1637,163.603272,4.5212414402392955
1638,163.703274,4.746264153884621
1639,163.803276,4.619430423304281
1640,163.903278,4.857913486054678
1641,164.00328,4.8168804702790435
1642,164.103282,5.060109989101087
1643,164.20328400000002,4.870208516524184
1644,164.30328599999999,4.802768514043538
1645,164.403288,4.845555623221854
1646,164.50329000000002,4.979089228099127
1647,164.603292,5.2145484537027
1648,164.703294,4.71112996190913
1649,164.803296,4.816787076951007
1650,164.903298,4.531121901292284
1651,165.00330000000002,4.870275297359893
1652,165.10330199999999,4.693035975018195
1653,165.203304,4.82905688145672
1654,165.30330600000002,4.63020583024587
1655,165.40330799999998,4.7674806792371625
1656,165.50331,4.793960943226028
1657,165.60331200000002,4.60282299870238
1658,165.703314,4.724654875006193
1659,165.803316,4.825952782687188
1660,165.903318,4.558865822646686
1661,166.00332,4.25569307392337
1662,166.10332200000002,4.693299005856147
1663,166.20332399999998,4.08755811000225
1664,166.303326,4.47187698782647
1665,166.40332800000002,4.1119959247235816
1666,166.50333,4.267409759894482
1667,166.603332,4.407570971565168
1668,166.703334,4.14543185203028
1669,166.803336,4.256586315267471
1670,166.90333800000002,4.087067296330008
1671,167.00334,4.314620558447789
1672,167.103342,4.223635614534048
1673,167.20334400000002,4.31611944696719
1674,167.30334599999998,4.166011283077125
1675,167.403348,3.8882315774192517
1676,167.50335,4.200885650561315
1677,167.603352,4.022825529279346
1678,167.703354,4.126870363455232
1679,167.803356,3.9831229987675223
1680,167.903358,4.152711111246161
1681,168.00336000000001,4.211594735828264
1682,168.103362,3.992329735225337
1683,168.203364,4.35126318377886
1684,168.303366,3.907431318058432
1685,168.40336800000003,4.049342084588818
1686,168.50337,4.004863122678749
1687,168.603372,4.049740694067392
1688,168.703374,4.506143987380022
1689,168.803376,4.441223646622181
1690,168.903378,4.3613778168466375
1691,169.00338,4.131775904555524
1692,169.103382,4.038749363067466
1693,169.203384,4.168792674322787
1694,169.303386,4.479699887886424
1695,169.403388,4.454287308053788
1696,169.50339000000002,4.549127738895267
1697,169.60339199999999,4.629128118590213
1698,169.703394,4.636300449258914
1699,169.80339600000002,4.831412955286684
1700,169.903398,4.464062302971387
1701,170.0034,4.306255215302166
1702,170.103402,4.283753217163201
1703,170.203404,4.84196272475654
1704,170.30340600000002,5.194895246210244
1705,170.40340799999998,4.845575075066443
1706,170.50341,4.904253129349403
1707,170.60341200000002,4.6487302692311365
1708,170.70341399999998,4.8538800789759895
1709,170.803416,4.592917848454015
1710,170.90341800000002,4.214874647362547
1711,171.00342,4.125805289997143
1712,171.103422,4.006087936880082
1713,171.203424,4.2678387552485715
1714,171.303426,4.475083300337598
1715,171.40342800000002,4.651042784679898
1716,171.50342999999998,4.308845327960667
1717,171.603432,4.229998404575171
1718,171.70343400000002,4.327711524339481
1719,171.803436,4.674067354510524
1720,171.903438,4.359055855299565
1721,172.00344,4.653523701960915
1722,172.103442,4.3129462290567515
1723,172.20344400000002,4.390231908318312
1724,172.303446,4.077144703847769
1725,172.403448,4.275995981379537
1726,172.50345000000002,4.248814246987091
1727,172.603452,4.165786128767057
1728,172.703454,4.066355784757842
1729,172.803456,4.149680620538368
1730,172.903458,3.8694684285034766
1731,173.00346,3.930954007247165
1732,173.103462,3.975918397910947
1733,173.203464,4.329558009869341
1734,173.30346600000001,4.254655643854107
1735,173.403468,4.2687333640735785
1736,173.50347,4.011571855319775
1737,173.603472,4.728014499258021
1738,173.70347400000003,3.9137482633421548
1739,173.803476,4.433739024470791
1740,173.903478,4.247217064475832
1741,174.00348000000002,3.947788659658257
1742,174.103482,4.158401342906489
1743,174.203484,4.130590083494152
1744,174.303486,3.8710363003461086
1745,174.403488,3.787746022146892
1746,174.50349,3.840038179743699
1747,174.603492,3.8753144605132914
1748,174.703494,4.0932051606231985
1749,174.80349600000002,4.14528092799905
1750,174.90349799999998,4.095399514933397
1751,175.0035,4.022388270013211
1752,175.10350200000002,4.181502356563087
1753,175.203504,4.114796028458164
1754,175.303506,3.8611988726666095
1755,175.403508,3.9428376040750157
1756,175.50351,3.938482299906597
1757,175.60351200000002,3.894975918441849
1758,175.70351399999998,4.000869302801173
1759,175.803516,4.39986592999302
1760,175.90351800000002,4.275797915111004
1761,176.00351999999998,4.238662132282576
1762,176.103522,4.047300333124081
1763,176.20352400000002,3.99690149051036
1764,176.303526,4.123369129718572
1765,176.403528,4.084155623189393
1766,176.50353,4.123003887974461
1767,176.603532,3.910389018734907
1768,176.70353400000002,4.001146343586437
1769,176.80353599999998,3.8348685733840457
1770,176.903538,4.264546692524312
1771,177.00354000000002,4.02897704019492
1772,177.103542,3.928875977400459
1773,177.203544,3.76242052650698
1774,177.303546,3.7440233213659977
1775,177.403548,4.241049779385693
1776,177.50355000000002,3.9320781664666784
1777,177.603552,4.095203474384816
1778,177.703554,4.298593278694853
1779,177.80355600000001,4.606520506020523
1780,177.903558,4.56067921920918
1781,178.00356,4.65924412822173
1782,178.103562,4.092050629343752
1783,178.203564,4.134778573590483
1784,178.303566,4.27998321608317
1785,178.403568,4.16769953742159
1786,178.50357,4.355867269401567
1787,178.603572,3.980240242342832
1788,178.703574,4.2360374765253574
1789,178.803576,3.956476772563385
1790,178.903578,4.334837713350037
1791,179.00358000000003,4.251559330962938
1792,179.103582,3.9860377878597957
1793,179.203584,4.277782846958844
1794,179.30358600000002,4.022992863460946
1795,179.403588,4.0725035722138445
1796,179.50359,4.326608464599604
1797,179.603592,4.114030250250601
1798,179.703594,3.709276015965069
1799,179.803596,4.100673957882479
1800,179.903598,3.9588215001099516
1801,180.0036,4.198393061459686
1802,180.10360200000002,4.108321026492375
1803,180.20360399999998,4.165468145709387
1804,180.303606,4.286559541072379
1805,180.40360800000002,4.417541327739317
1806,180.50361,4.512790061919911
1807,180.603612,4.189882652448859
1808,180.703614,4.012963137646515
1809,180.803616,3.9346011701723946
1810,180.90361800000002,4.238399616428561
1811,181.00361999999998,4.158685926249718
1812,181.103622,4.161068988403719
1813,181.20362400000002,4.332160555563755
1814,181.30362599999998,4.153836794944789
1815,181.403628,3.820575802637063
1816,181.50363000000002,3.9840248911318157
1817,181.603632,3.9900541911858003
1818,181.703634,4.408253752311929
1819,181.803636,4.302996673942551
1820,181.903638,4.308065199189036
1821,182.00364000000002,3.9613413776062916
1822,182.10364199999998,4.604053972782415
1823,182.203644,4.198267619850454
1824,182.30364600000001,4.2608923944559685
1825,182.403648,4.065493647499352
1826,182.50365,4.015981740867909
1827,182.603652,4.443210102812207
1828,182.703654,4.303059777573516
1829,182.80365600000002,4.613714263746059
1830,182.903658,4.416507042603988
1831,183.00366,4.496027987832948
1832,183.103662,4.291390188668208
1833,183.203664,4.240132776125196
1834,183.303666,4.271655672601094
1835,183.403668,4.461021253352459
1836,183.50367,4.369134560899717
1837,183.603672,4.290311527005596
1838,183.703674,4.1375945175743984
1839,183.803676,4.3255663635052555
1840,183.903678,4.402795817714443
1841,184.00368,4.25483590832466
1842,184.103682,4.363181875009256
1843,184.203684,4.586894286571806
1844,184.30368600000003,4.322284333060759
1845,184.403688,4.531377464901661
1846,184.50369,3.9412036142773146
1847,184.60369200000002,4.508117566885801
1848,184.703694,4.028258241482367
1849,184.803696,3.8230773551621544
1850,184.903698,4.149216283057844
1851,185.0037,3.9868948915211293
1852,185.103702,4.048414163644692
1853,185.203704,4.037084337654736
1854,185.303706,4.249078140401234
1855,185.40370800000002,4.126101847792516
1856,185.50370999999998,4.124983163775541
1857,185.603712,4.15348272777531
1858,185.70371400000002,4.1968534305809
1859,185.803716,4.1668292406702765
1860,185.903718,4.1754036704213835
1861,186.00372,4.0033082893212155
1862,186.103722,4.064260192649403
1863,186.20372400000002,3.9898584444314205
1864,186.30372599999998,4.327209000723132
1865,186.403728,4.480502434253554
1866,186.50373000000002,4.208732018318629
1867,186.603732,4.545759833486862
1868,186.703734,4.414229486517692
1869,186.80373600000001,4.284683617013685
1870,186.903738,4.233311365893732
1871,187.00374,4.200916395151641
1872,187.103742,4.361028933304116
1873,187.203744,4.198426264788129
1874,187.30374600000002,4.21606313076879
1875,187.40374799999998,4.427027452314375
1876,187.50375,4.204820641590236
1877,187.60375200000001,4.286286261074036
1878,187.703754,3.7991705494968366
1879,187.803756,4.331320500362862
1880,187.903758,4.433809904603111
1881,188.00376,4.238900884343881
1882,188.10376200000002,4.19337243029598
1883,188.203764,3.9739745007638363
1884,188.303766,4.502234749265124
1885,188.403768,4.3069420790105575
1886,188.50377,4.031408942651816
1887,188.603772,4.252450409307803
1888,188.703774,4.40328180333216
1889,188.803776,4.3784325312601
1890,188.903778,4.208222543245302
1891,189.00378,4.432994285515645
1892,189.103782,4.182731779071246
1893,189.203784,4.147322936879233
1894,189.303786,4.2306993945286
1895,189.403788,4.238279020207596
1896,189.50379,4.013804091358263
1897,189.60379200000003,4.610591509789685
1898,189.703794,4.207625207755579
1899,189.803796,4.369138226452083
1900,189.90379800000002,4.184340415975512
1901,190.0038,4.271479723711163
1902,190.103802,4.351864290383822
1903,190.203804,4.248542080362789
1904,190.303806,4.4008804972031115
1905,190.403808,4.400893924444466
1906,190.50381,4.654930240987772
1907,190.603812,4.289527941565796
1908,190.70381400000002,4.499569186060499
1909,190.80381599999998,4.4017267365877855
1910,190.903818,4.587333357095931
1911,191.00382000000002,4.315553662817354
1912,191.103822,4.251680300038469
1913,191.203824,4.1322684770044615
1914,191.30382600000002,4.235380104390017
1915,191.403828,4.018504494365107
1916,191.50383000000002,3.9939846159142567
1917,191.60383199999998,4.238309637991683
1918,191.703834,3.8739020875697574
1919,191.80383600000002,4.220023107984988
1920,191.903838,4.44675581095895
1921,192.00384,4.28361092689682
1922,192.10384200000001,4.164703458054668
1923,192.203844,4.35937408833876
1924,192.303846,4.449444895813712
1925,192.403848,4.234457124422988
1926,192.50385,4.404434574982878
1927,192.60385200000002,4.216882598083447
1928,192.70385399999998,4.361294138012321
1929,192.803856,4.244406484282789
1930,192.903858,4.224420592041896
1931,193.00386,4.415647883947098
1932,193.103862,4.264385862218149
1933,193.203864,4.316119783971765
1934,193.303866,4.445903170990323
1935,193.40386800000002,4.348387908066417
1936,193.50387,4.269739342051748
1937,193.603872,4.214663387112409
1938,193.703874,4.533766074999308
1939,193.80387600000003,4.1157849776611215
1940,193.903878,4.2714406848736814
1941,194.00388,4.117385917837223
1942,194.103882,3.980108013995409
1943,194.203884,4.12493851496923
1944,194.303886,4.147244681791307
1945,194.403888,3.853170040747558
1946,194.50389,4.020194256180535
1947,194.603892,4.183731167315011
1948,194.703894,3.9876745928652277
1949,194.803896,4.43314442759422
1950,194.90389800000003,4.250464267273496
1951,195.0039,4.024449438560146
1952,195.103902,4.611701706628083
1953,195.20390400000002,4.445487497023802
1954,195.303906,4.432316675975462
1955,195.403908,4.111606113356755
1956,195.50391,4.2011599206258134
1957,195.603912,3.932908926533236
1958,195.703914,4.025743182221396
1959,195.803916,4.01791327644114
1960,195.903918,4.125081122418416
1961,196.00392000000002,3.8495866375661594
1962,196.10392199999998,4.04161019105594
1963,196.203924,4.197666406243126
1964,196.30392600000002,4.0483286280513235
1965,196.403928,4.098834255451875
1966,196.50393,4.1923340592496645
1967,196.60393200000001,4.1257138637571655
1968,196.703934,4.071454291362496
1969,196.80393600000002,3.9505142425182647
1970,196.90393799999998,4.537760242870951
1971,197.00394,4.255600880533288
1972,197.10394200000002,4.314477627455583
1973,197.203944,4.2605538706559765
1974,197.303946,4.305112451872027
1975,197.403948,4.488131258340664
1976,197.50395,4.208641633278354
1977,197.603952,4.184539801725515
1978,197.703954,4.125398605985695
1979,197.803956,3.871118491025863
1980,197.90395800000002,4.240935671705308
1981,198.00395999999998,4.227360849962988
1982,198.103962,4.16390609909161
1983,198.203964,4.18802727447288
1984,198.303966,4.260797465827389
1985,198.403968,4.151128187537564
1986,198.50397,4.0661867033376575
1987,198.603972,4.076383910046674
1988,198.70397400000002,4.098660730983124
1989,198.803976,4.20429833369856
1990,198.903978,3.6474403054730993
1991,199.00398,4.396195756615387
1992,199.10398200000003,4.38263074491155
1993,199.203984,4.452912073999022
1994,199.303986,4.200546891563373
1995,199.403988,4.029355029200859
1996,199.50399,3.8242321450958077
1997,199.603992,4.1392045592318345
1998,199.703994,4.422128251996683
1999,199.803996,3.8123805226688927
2000,199.903998,3.8014605942539283
2001,200.004,4.010600143710769
2002,200.104002,4.046205544810902
2003,200.20400400000003,4.016596561763044
2004,200.304006,4.120814866931413
2005,200.404008,4.108121035366601
2006,200.50401000000002,4.22589968863804
2007,200.604012,4.03044740306368
2008,200.704014,4.366855924974456
2009,200.804016,4.093471138928725
2010,200.904018,4.146682343562234
2011,201.00402000000003,4.159049684299972
2012,201.104022,4.4715657170911705
2013,201.204024,4.393364247998607
2014,201.30402600000002,4.15757243478662
2015,201.40402799999998,4.0987141340410504
2016,201.50403,4.491949941341477
2017,201.60403200000002,4.219639592007382
2018,201.704034,4.4271157408245765
2019,201.804036,4.381953734268386
2020,201.904038,4.4354956387960085
2021,202.00404,4.08868080100179
2022,202.10404200000002,4.206378492849193
2023,202.20404399999998,4.119987755925581
2024,202.304046,4.304898504131378
2025,202.40404800000002,4.531130740397216
2026,202.50405,4.19232779177661
2027,202.604052,4.257304293099211
2028,202.704054,4.288429269248769
2029,202.804056,4.066564448164745
2030,202.904058,4.312268556502861
2031,203.00406,4.379744462201586
2032,203.104062,4.02459746106118
2033,203.20406400000002,4.361222070833333
2034,203.30406599999998,4.317730781867886
2035,203.404068,4.22951127906457
2036,203.50407,4.17480984134993
2037,203.604072,4.198679827320057
2038,203.704074,4.210264950171803
2039,203.804076,3.8482605808142107
2040,203.904078,4.084324402620445
2041,204.00408000000002,4.3223261714331205
2042,204.104082,4.078659766395251
2043,204.204084,4.167514227422572
2044,204.304086,4.276504927258049
2045,204.40408800000003,4.220468798357915
2046,204.50409,4.485384629975355
2047,204.604092,4.68243710383842
2048,204.704094,4.277428650960908
2049,204.804096,4.493703808315919
2050,204.904098,4.388308269680494
2051,205.0041,4.258338811896942
2052,205.104102,4.432173700494155
2053,205.204104,4.157755125648369
2054,205.304106,4.304327574723561
2055,205.404108,4.292604796708583
2056,205.50411000000003,4.513765245892979
2057,205.604112,4.276842473955237
2058,205.704114,4.270251640334891
2059,205.80411600000002,4.15955186988445
2060,205.904118,4.715244159054693
2061,206.00412,4.356379887384634
2062,206.104122,4.417140576132061
2063,206.204124,4.441721301772415
2064,206.30412600000002,4.448468279618897
2065,206.404128,4.1863053854771675
2066,206.50413,4.3368859448878885
2067,206.60413200000002,4.2686498097353605
2068,206.70413399999998,4.4350700008734405
2069,206.804136,4.516508631087246
2070,206.90413800000002,4.641088282486522
2071,207.00414,4.4854870469351855
2072,207.104142,4.184867260676327
2073,207.204144,4.316467228603818
2074,207.304146,4.175497280047657
2075,207.40414800000002,4.263472213163991
2076,207.50414999999998,4.28548352957571
2077,207.604152,4.226407442011549
2078,207.70415400000002,4.066928537600987
2079,207.804156,4.240575653766881
2080,207.904158,4.289309833531798
2081,208.00416,4.242559026023951
2082,208.104162,4.277430399203963
2083,208.20416400000002,3.9669989784756314
2084,208.304166,4.331509424466929
2085,208.404168,4.124261685490546
2086,208.50417000000002,4.403777511748609
2087,208.604172,4.471229338733664
2088,208.704174,4.294934668099544
2089,208.804176,4.48188752988293
2090,208.904178,4.308190841381447
2091,209.00418,4.360682955114741
2092,209.104182,4.352605107336312
2093,209.204184,4.185283490889336
2094,209.30418600000002,4.342200091189646
2095,209.404188,4.2566351934223645
2096,209.50419,4.341536880025712
2097,209.604192,4.488517024268655
2098,209.70419400000003,4.585171287992673
2099,209.804196,4.352034050573419
2100,209.904198,4.388080868300901
2101,210.00420000000003,4.689029263555709
2102,210.104202,4.116755237567655
2103,210.204204,4.218072127667509
2104,210.304206,4.190464308379314
2105,210.404208,4.216427153113161
2106,210.50421,4.460687956235004
2107,210.604212,4.253320500838726
2108,210.704214,4.38768258864131
2109,210.80421600000003,4.2991977351469375
2110,210.904218,4.163271475241442
2111,211.00422,4.718016777520586
2112,211.10422200000002,4.8490009445091475
2113,211.204224,4.761710251033038
2114,211.304226,5.095729594863727
2115,211.404228,5.028945804503547
2116,211.50423,5.098299883344757
2117,211.60423200000002,4.905166211074398
2118,211.70423399999999,4.958480497482807
2119,211.804236,4.717969335866861
2120,211.90423800000002,4.770919147390033
2121,212.00423999999998,4.432180329171942
2122,212.104242,4.8525808410455085
2123,212.20424400000002,4.788549867685734
2124,212.304246,4.823858479980953
2125,212.404248,4.779660591756477
2126,212.50425,4.709510345155862
2127,212.604252,4.940520231901943
2128,212.70425400000002,4.7476335473653295
2129,212.80425599999998,4.661586358775578
2130,212.904258,4.784248997675915
2131,213.00426000000002,4.841399964612729
2132,213.104262,4.790424467163173
2133,213.204264,4.883850501528272
2134,213.304266,4.793661762096945
2135,213.404268,4.937646585599852
2136,213.50427000000002,4.684077467407824
2137,213.604272,4.839842069619181
2138,213.704274,4.594195549854117
2139,213.80427600000002,4.748643712341237
2140,213.904278,4.930840910031905
2141,214.00428,5.140506093677052
2142,214.104282,4.964496667530232
2143,214.204284,5.114117949627578
2144,214.304286,5.018676885594004
2145,214.404288,4.680534198496873
2146,214.50429,4.968402405515204
2147,214.60429200000002,5.073735296669702
2148,214.704294,5.284512491803628
2149,214.804296,5.368650038504982
2150,214.904298,5.250686680472848
2151,215.00430000000003,5.2000989768205645
2152,215.104302,5.023756411162506
2153,215.204304,5.126915560498511
2154,215.30430600000003,5.127978892369768
2155,215.404308,4.764243784986383
2156,215.50431,5.1712156705148535
2157,215.604312,4.930752682004797
2158,215.704314,5.074384983919456
2159,215.804316,5.125833918279536
2160,215.904318,5.169411024774166
2161,216.00432,4.902368321185161
2162,216.10432200000002,5.084305445498585
2163,216.20432399999999,4.791706749627767
2164,216.304326,5.0018059676360975
2165,216.40432800000002,5.113196253183421
2166,216.50433,4.868906649797084
2167,216.604332,4.82595269977464
2168,216.704334,5.198555729726932
2169,216.804336,5.4002388194575435
2170,216.90433800000002,5.08384188785976
2171,217.00433999999998,5.0581974832441325
2172,217.104342,4.854577094116974
2173,217.20434400000002,4.910955608264252
2174,217.30434599999998,4.9580523744378
2175,217.404348,5.320149130258872
2176,217.50435000000002,5.012607916844554
2177,217.604352,4.977311647990214
2178,217.704354,5.039884010006717
2179,217.804356,5.167480538497976
2180,217.904358,5.075358444426314
2181,218.00436000000002,5.136291871300598
2182,218.10436199999998,5.08501132717828
2183,218.204364,4.705470822257872
2184,218.30436600000002,5.070044430570967
2185,218.404368,5.080781554799859
2186,218.50437,5.227152133657675
2187,218.604372,4.9194564951365605
2188,218.704374,4.798639969594263
2189,218.80437600000002,4.853964955726201
2190,218.904378,4.620169908928333
2191,219.00438,4.866221136682349
2192,219.10438200000002,4.73625932125835
2193,219.204384,4.971331249276463
2194,219.304386,4.992704181543334
2195,219.404388,4.779771612282129
2196,219.50439,4.8044767895369445
2197,219.604392,4.986544214180349
2198,219.704394,5.1330182237784525
2199,219.804396,4.774922537567082
2200,219.90439800000001,5.005628878327468
2201,220.0044,4.832676433123332
2202,220.104402,4.727524821275488
2203,220.204404,4.889961237127839
2204,220.30440600000003,4.700754327549876
2205,220.404408,4.694652010053565
2206,220.50441,4.764776751909606
2207,220.60441200000002,4.953369435179022
2208,220.704414,5.102225871256611
2209,220.804416,4.796672389738687
2210,220.904418,4.839274782469428
2211,221.00442,5.0158144828818125
2212,221.104422,5.135102152306061
2213,221.204424,4.996666175500732
2214,221.304426,5.035563051578545
2215,221.40442800000002,5.1965263783223214
2216,221.50442999999999,4.840157381098638
2217,221.604432,4.855699420516024
2218,221.70443400000002,5.034151317110925
2219,221.804436,4.795375288768761
2220,221.904438,4.838228305359903
2221,222.00444,4.893457781064207
2222,222.104442,5.045602691184261
2223,222.20444400000002,5.02109744888801
2224,222.30444599999998,5.128538138862635
2225,222.404448,5.028190723666804
2226,222.50445000000002,4.87059454642477
2227,222.60445199999998,4.913379250091621
2228,222.704454,4.691632447045932
2229,222.80445600000002,4.778266326428593
2230,222.904458,4.823509847288294
2231,223.00446,4.905993198829924
2232,223.104462,4.639472345271088
2233,223.204464,4.755217291892554
2234,223.30446600000002,4.531583770915131
2235,223.40446799999998,4.967840771844594
2236,223.50447,4.874578217630066
2237,223.60447200000002,5.024409969738973
2238,223.704474,4.8710872236747615
2239,223.804476,4.852720646083915
2240,223.904478,4.904133865085748
2241,224.00448,4.799692000581411
2242,224.10448200000002,4.3610961546485605
2243,224.204484,4.643534590458652
2244,224.304486,4.574882331525504
2245,224.40448800000001,4.540569676085009
2246,224.50449,4.468725925781597
2247,224.604492,4.59710472554423
2248,224.704494,4.37883590835535
2249,224.804496,4.754985372135957
2250,224.904498,4.845549248676226
2251,225.0045,4.743867181891047
2252,225.104502,4.947360620709464
2253,225.20450400000001,4.4638242076493215
2254,225.304506,4.919419276654115
2255,225.404508,4.426816208538968
2256,225.50451,4.2680718016777766
2257,225.60451200000003,4.574085438877434
2258,225.704514,4.47826959935945
2259,225.804516,4.166159005108994
2260,225.90451800000002,4.443034796016984
2261,226.00452,4.2991258869588105
2262,226.104522,4.566933980249378
2263,226.204524,4.302895956017916
2264,226.304526,4.176384528981777
2265,226.404528,4.293605747309036
2266,226.50453,4.4565523134070695
2267,226.604532,4.283540250361907
2268,226.70453400000002,4.173679975654959
2269,226.80453599999998,4.552170491273776
2270,226.904538,4.2917850202040855
2271,227.00454000000002,4.2818876535198855
2272,227.104542,4.37433577859269
2273,227.204544,4.4838213641411055
2274,227.30454600000002,4.374906693001368
2275,227.404548,4.396036770518376
2276,227.50455000000002,4.404266053120236
2277,227.60455199999998,4.2300084409881915
2278,227.704554,4.34708421630415
2279,227.80455600000002,4.589121458670791
2280,227.904558,4.337509828338007
2281,228.00456,4.679681059777222
2282,228.10456200000002,4.6401396441361955
2283,228.204564,4.253244153668256
2284,228.304566,4.457921423444929
2285,228.404568,4.343902533358013
2286,228.50457,4.457519158229776
2287,228.60457200000002,4.4394926888501836
2288,228.70457399999998,4.707339982951185
2289,228.804576,4.525716992230499
2290,228.90457800000001,4.455301476744485
2291,229.00458,4.384995107892161
2292,229.104582,4.241539095401825
2293,229.204584,4.581467415510846
2294,229.304586,4.611603845042303
2295,229.40458800000002,4.441811368410012
2296,229.50459,4.204245019140822
2297,229.604592,4.270955195476775
2298,229.70459400000001,4.605776676345123
2299,229.804596,4.477316424668022
2300,229.904598,4.518930866961018
2301,230.0046,4.169444705973499
2302,230.104602,4.288810623846002
2303,230.204604,4.505109799447878
2304,230.304606,4.508656783790862
2305,230.404608,4.3327538551438245
2306,230.50461,4.415286542457472
2307,230.604612,4.230559966752837
2308,230.704614,4.379803921242685
2309,230.804616,4.2064832868358915
2310,230.90461800000003,4.198845630197503
2311,231.00462,4.190474185781673
2312,231.104622,4.297038768584719
2313,231.20462400000002,4.878073759813501
2314,231.304626,5.001645061358563
2315,231.404628,4.974422296721972
2316,231.50463,5.009275203382616
2317,231.604632,5.121544514033193
2318,231.704634,5.242516878998477
2319,231.804636,5.08978202514919
2320,231.904638,4.920645183711265
2321,232.00464000000002,5.039796504564817
2322,232.10464199999998,4.546483113536339
2323,232.204644,4.696796031374567
2324,232.30464600000002,4.277160137253891
2325,232.404648,4.165747531323197
2326,232.50465,4.523873637232076
2327,232.60465200000002,4.55185092591956
2328,232.704654,4.587871876543477
2329,232.80465600000002,4.396409371716784
2330,232.90465799999998,4.276352809833919
2331,233.00466,4.364392074069343
2332,233.10466200000002,4.209693843501688
2333,233.204664,4.256474548535236
2334,233.304666,4.114387577914041
2335,233.40466800000002,4.13112845410908
2336,233.50467,4.089995178617661
2337,233.604672,4.61921733906853
2338,233.704674,4.51402526432509
2339,233.804676,4.325404468269882
2340,233.90467800000002,4.332184126324197
2341,234.00467999999998,4.517929787286304
2342,234.104682,4.77312122920877
2343,234.20468400000001,4.4876348558033365
2344,234.304686,4.189210562101501
2345,234.404688,4.403183479428849
2346,234.50469,4.188882651657744
2347,234.604692,4.326868776029383
2348,234.70469400000002,4.321230259776758
2349,234.804696,4.214589940445551
2350,234.904698,4.249542182918514
2351,235.0047,4.034203044101744
2352,235.10470200000003,4.263112814431005
2353,235.204704,4.34690045802454
2354,235.304706,4.723602095099806
2355,235.404708,4.394127736895532
2356,235.50471,4.392313576109294
2357,235.604712,4.566395805492023
2358,235.704714,4.627501505660206
2359,235.804716,4.827639919436216
2360,235.904718,4.521085774285951
2361,236.00472,4.3755430174965495
2362,236.104722,4.344009349996579
2363,236.20472400000003,4.24528994718571
2364,236.304726,4.4768067523191615
2365,236.404728,4.682392574843701
2366,236.50473000000002,4.426962497343527
2367,236.604732,4.327361106742387
2368,236.704734,4.471421134748542
2369,236.804736,4.510062788432895
2370,236.904738,4.45039255350987
2371,237.00474,4.286203842192787
2372,237.104742,4.3317764998935075
2373,237.204744,4.40672151311763
2374,237.30474600000002,4.5307019400303465
2375,237.40474799999998,4.486017154746316
2376,237.50475,4.113043160498555
2377,237.60475200000002,4.479661396815393
2378,237.704754,4.443419711471122
2379,237.804756,4.493764131628023
2380,237.90475800000002,4.696460556354656
2381,238.00476,4.25142732862085
2382,238.10476200000002,4.420764260749026
2383,238.20476399999998,4.438803991995078
2384,238.304766,4.426056410203995
2385,238.40476800000002,4.464875023402818
2386,238.50477,4.499432279100386
2387,238.604772,4.262677114821679
2388,238.70477400000001,4.330452948122597
2389,238.804776,4.4294521311720185
2390,238.904778,4.396393281539761
2391,239.00478,4.564493724015338
2392,239.104782,4.123318570314886
2393,239.20478400000002,4.693434997691789
2394,239.30478599999998,4.590923340816575
2395,239.404788,4.795536983026524
2396,239.50479,4.545599551428413
2397,239.604792,4.788972726462346
2398,239.704794,4.224796306597738
2399,239.804796,4.387750758295803
2400,239.904798,4.247256067640378
2401,240.00480000000002,4.528699273363372
2402,240.104802,4.586923475596792
2403,240.204804,4.304875101355439
2404,240.304806,4.19713205426294
2405,240.40480800000003,4.452078512222271
2406,240.50481,4.664434446084717
2407,240.604812,4.298997310155994
2408,240.704814,4.608618064328554
2409,240.804816,4.2839006137433175
2410,240.904818,4.563685299597823
2411,241.00482,4.567496318279085
2412,241.104822,4.689919876802423
2413,241.204824,4.2505080522279455
2414,241.304826,4.654742588923445
2415,241.404828,4.464301467122398
2416,241.50483000000003,4.711274045948682
2417,241.604832,4.15801653059056
2418,241.704834,4.327436105272469
2419,241.80483600000002,4.1304061776215075
2420,241.904838,4.448604047519551
2421,242.00484,4.250690173466633
2422,242.104842,4.42682405952913
2423,242.204844,4.2953144060630155
2424,242.30484600000003,4.509201838998604
2425,242.404848,4.1787445741480935
2426,242.50485,4.763933883701372
2427,242.60485200000002,4.533490902724807
2428,242.70485399999998,4.528075700278214
2429,242.804856,4.3952527352356485
2430,242.90485800000002,4.2168550761264685
2431,243.00486,4.435503070521641
2432,243.104862,4.541137431802363
2433,243.20486400000001,5.019817264989201
2434,243.304866,4.9024368502158815
2435,243.40486800000002,4.6286541196843185
2436,243.50486999999998,4.509945463741834
2437,243.604872,4.384098958165404
2438,243.70487400000002,4.474518688398324
2439,243.804876,4.438183508256309
2440,243.904878,4.170049956976946
2441,244.00488,4.5703329374135
2442,244.104882,4.513197405946203
2443,244.204884,4.299864231985058
2444,244.304886,4.3215631656388345
2445,244.404888,4.617163397632558
2446,244.50489000000002,4.228061226992552
2447,244.604892,4.300461464809946
2448,244.704894,4.274280363178511
2449,244.804896,4.523996699747615
2450,244.904898,4.493559926719259
2451,245.0049,4.74818558093763
2452,245.104902,4.576789475442824
2453,245.204904,4.613019829939715
2454,245.30490600000002,3.968364511789264
2455,245.404908,4.444222417231835
2456,245.50491,4.470228637835086
2457,245.604912,4.410600175471519
2458,245.70491400000003,4.382229150606165
2459,245.804916,4.21478201104471
2460,245.904918,4.229991733480347
2461,246.00492000000003,4.291869844278906
2462,246.104922,4.0434295432926906
2463,246.204924,4.167570312971862
2464,246.304926,4.008122889213921
2465,246.404928,4.226511723595745
2466,246.50493,4.404019781130346
2467,246.604932,4.47480411437222
2468,246.704934,4.28728835730715
2469,246.80493600000003,4.397518869573501
2470,246.904938,4.264513348765332
2471,247.00494,4.265114653747226
2472,247.10494200000002,4.160399465819012
2473,247.204944,4.155134185041403
2474,247.304946,4.419569828906552
2475,247.404948,4.425385137368247
2476,247.50495,4.463366061669906
2477,247.60495200000003,4.239794710934658
2478,247.704954,4.194532964520072
2479,247.804956,4.139524294579973
2480,247.90495800000002,4.095394371803667
2481,248.00495999999998,4.343384593082937
2482,248.104962,4.85168749385216
2483,248.20496400000002,4.768816875128134
2484,248.304966,4.415317804999066
2485,248.404968,4.0795334709029145
2486,248.50497000000001,4.27979295410947
2487,248.604972,4.047272031175428
2488,248.70497400000002,4.201888986345643
2489,248.80497599999998,4.264245615539029
2490,248.904978,4.262532184635656
2491,249.00498000000002,4.382265621403515
2492,249.104982,4.312188756572796
2493,249.204984,4.462356861323661
2494,249.304986,4.371976891242069
2495,249.404988,4.106505987699057
2496,249.50499,4.388276829972219
2497,249.604992,4.429543221545839
2498,249.704994,4.459712912779993
2499,249.80499600000002,4.626072722641567
2500,249.904998,4.315629981228657
2501,250.005,4.460742124437432
2502,250.105002,4.434983453817504
2503,250.205004,4.378319541198572
2504,250.305006,4.44093852664711
2505,250.405008,4.576671365712054
2506,250.50501,4.6581887038111365
2507,250.60501200000002,4.379834275062914
2508,250.705014,4.151142491658004
2509,250.805016,4.397080921142958
2510,250.905018,4.581852952241369
2511,251.00502000000003,4.504526271413615
2512,251.105022,4.40980520347535
2513,251.205024,4.395290587545052
2514,251.30502600000003,4.5357066067855945
2515,251.405028,4.461318575739122
2516,251.50503,4.519397810393287
2517,251.605032,4.452674191349572
2518,251.705034,4.601767822999032
2519,251.805036,4.357732948064614
2520,251.905038,4.455856062439995
2521,252.00504,4.665316565957435
2522,252.10504200000003,4.549539196933239
2523,252.205044,4.541760339371463
2524,252.305046,4.621713911670971
2525,252.40504800000002,4.4756321376118535
2526,252.50505,4.718056933567677
2527,252.605052,4.433453095133219
2528,252.705054,4.3765110144262245
2529,252.805056,4.471399560332765
2530,252.90505800000003,4.499735589340374
2531,253.00506,4.672202851328077
2532,253.105062,4.53867993553586
2533,253.20506400000002,4.480335420195354
2534,253.30506599999998,4.267825831494011
2535,253.405068,4.584097614543545
2536,253.50507000000002,4.647018612299105
2537,253.605072,4.326878904282546
2538,253.705074,4.705101747824867
2539,253.805076,4.463569293876433
2540,253.905078,4.6054638775109416
2541,254.00508000000002,4.21704226622032
2542,254.10508199999998,4.562116569354683
2543,254.205084,4.8412365094004395
2544,254.30508600000002,4.700313660397085
2545,254.405088,4.654691190513687
2546,254.50509,4.356020972790492
2547,254.605092,4.508443554936375
2548,254.705094,4.587987174738283
2549,254.80509600000002,4.653359724315636
2550,254.905098,4.695633597658821
2551,255.0051,4.718797760739242
2552,255.10510200000002,4.213235476259812
2553,255.205104,4.556465035478392
2554,255.305106,4.434292299774962
2555,255.405108,4.422023996145888
2556,255.50511,4.500346094226781
2557,255.605112,4.581866783563292
2558,255.705114,4.351285536805754
2559,255.805116,4.841021767253038
2560,255.90511800000002,4.351862392699232
2561,256.00512,4.45911896417851
2562,256.105122,4.874507623579558
2563,256.205124,4.436350832739931
2564,256.30512600000003,4.355426791676766
2565,256.405128,4.387978866083669
2566,256.50513,4.203094186671306
2567,256.605132,4.627460692674521
2568,256.705134,4.433505186491168
2569,256.805136,4.220431488831904
2570,256.905138,4.1705292329310835
2571,257.00514000000004,4.62198940972333
2572,257.105142,4.7081406132489105
2573,257.205144,4.2967900456453885
2574,257.30514600000004,4.67112624401221
2575,257.405148,4.460609094875272
2576,257.50515,4.360833488843061
2577,257.605152,4.336252146015436
2578,257.705154,4.359659588091995
2579,257.805156,4.2691021795065724
2580,257.905158,4.199184967783729
2581,258.00516,4.513583263938681
2582,258.105162,4.106270831653791
2583,258.205164,4.235575665928148
2584,258.305166,4.150604100892731
2585,258.405168,4.149886393354428
2586,258.50517,4.401406252159271
2587,258.605172,4.202760179243276
2588,258.705174,4.3722865740158054
2589,258.805176,4.165370735073882
2590,258.90517800000003,4.3507705123564735
2591,259.00518,4.832835047838934
2592,259.105182,4.7955279965265385
2593,259.20518400000003,4.251896758580112
2594,259.305186,4.335354556192843
2595,259.405188,4.31419624829823
2596,259.50519,4.113035621973246
2597,259.605192,4.520941980490135
2598,259.705194,4.186708208840396
2599,259.805196,4.6452526516830055
2600,259.905198,4.162257132179364
2601,260.0052,4.426453207307371
2602,260.105202,4.477075217492697
2603,260.205204,4.556674310839223
2604,260.305206,4.325145809282416
2605,260.405208,4.68554995956691
2606,260.50521,4.495768026526635
2607,260.605212,4.482306131688117
2608,260.705214,4.205005039108689
2609,260.80521600000003,4.5956615149409545
2610,260.905218,4.501262725490061
2611,261.00522,4.404092262327898
2612,261.105222,4.59349683704063
2613,261.20522400000004,4.403005061007939
2614,261.305226,4.492834145298492
2615,261.405228,4.139613492424845
2616,261.50523,4.548034031046359
2617,261.605232,4.150437962585592
2618,261.705234,4.4154743307098405
2619,261.805236,4.372018616059986
2620,261.905238,4.194811480944751
2621,262.00524,4.26026932267025
2622,262.105242,4.739094255595946
2623,262.205244,4.277252042244383
2624,262.305246,4.3039216937875056
2625,262.40524800000003,4.407572046608224
2626,262.50525,4.612175636543837
2627,262.60525199999995,4.73424327432377
2628,262.705254,4.423491055129654
2629,262.805256,4.289637981106115
2630,262.905258,4.4564965861799735
2631,263.00526,4.425151769534996
2632,263.105262,4.472455586857367
2633,263.205264,4.860579273193842
2634,263.305266,4.550027750324939
2635,263.405268,4.5473215496938755
2636,263.50527,4.166670218788405
2637,263.605272,4.424071835166119
2638,263.70527400000003,4.7086980015324995
2639,263.805276,4.409182086772108
2640,263.905278,4.640982537503891
2641,264.00528,4.741620064278074
2642,264.105282,4.240085601456559
2643,264.205284,4.309524256134657
2644,264.305286,4.494326248293037
2645,264.405288,4.045368391835777
2646,264.50529,4.617922757290052
2647,264.605292,4.820777414205276
2648,264.705294,4.392343366661907
2649,264.80529600000006,4.456340717475145
2650,264.905298,4.6470183285959905
2651,265.0053,4.752693603323793
2652,265.10530200000005,4.201313315749093
2653,265.205304,5.051551744792712
2654,265.305306,4.931559294102862
2655,265.405308,4.484920979698036
2656,265.50531,4.276123504070497
2657,265.605312,4.259732643440068
2658,265.705314,4.863521732298746
2659,265.805316,4.495531872719787
2660,265.905318,4.05324366760068
2661,266.00532,4.632768988858522
2662,266.105322,5.071481492886764
2663,266.205324,5.141450494644814
2664,266.305326,5.058260588257295
2665,266.405328,5.367903210389082
2666,266.50533,5.175125973583848
2667,266.605332,5.348439048797946
2668,266.70533400000005,5.374917035561307
2669,266.805336,5.460498909896609
2670,266.905338,5.378536698325546
2671,267.00534000000005,4.975897148952734
2672,267.105342,5.466951288119469
2673,267.20534399999997,4.361567462180908
2674,267.30534600000004,3.9405228327776043
2675,267.405348,4.430552358540225
2676,267.50534999999996,3.8555943029913085
2677,267.60535200000004,4.4141665352456005
2678,267.705354,4.907210771094265
2679,267.805356,4.192097013446628
2680,267.90535800000004,4.843519291638829
2681,268.00536,4.9287762632829235
2682,268.105362,4.515340272100977
2683,268.205364,4.828154290021077
2684,268.305366,4.981781878120022
2685,268.405368,4.53105888973133
2686,268.50536999999997,4.434649922134002
2687,268.60537200000005,4.264641473624958
2688,268.705374,4.675800751285536
2689,268.80537599999997,4.627799890277738
2690,268.90537800000004,4.4465165983489925
2691,269.00538,4.40088039971092
2692,269.10538199999996,3.8560595754222216
2693,269.20538400000004,4.307232862410371
2694,269.305386,4.666411802965149
2695,269.40538799999996,5.075703378909314
2696,269.50539000000003,4.943564632911481
2697,269.605392,5.374961552234992
2698,269.705394,4.880340735463825
2699,269.80539600000003,4.65439818725955
2700,269.905398,4.664282017425893
2701,270.0054,4.132312596559665
2702,270.105402,4.976755738247956
2703,270.205404,4.190367645297593
2704,270.305406,4.2751601195660855
2705,270.405408,4.113597858625944
2706,270.50541000000004,3.9815412106889316
2707,270.605412,4.887749086308955
2708,270.70541399999996,3.9872028451417374
2709,270.80541600000004,4.140645598942747
2710,270.905418,4.077531758946261
2711,271.00541999999996,4.25549106065816
2712,271.10542200000003,4.708432108783165
2713,271.205424,3.809370389857156
2714,271.30542599999995,4.013209264744938
2715,271.40542800000003,3.8253272415158492
2716,271.50543,3.9015817998227558
2717,271.605432,3.8242562064267895
2718,271.705434,4.4867135812044365
2719,271.805436,4.058728839460305
2720,271.905438,4.085749778143089
2721,272.00544,3.8226027971941208
2722,272.105442,4.033032305707062
2723,272.205444,4.232995201227411
2724,272.305446,4.6559607809292975
2725,272.40544800000004,4.43045720628403
2726,272.50545,3.9237725626249116
2727,272.605452,4.139315933562284
2728,272.70545400000003,4.86145539231593
2729,272.805456,4.493386328574763
2730,272.905458,4.238952344123406
2731,273.00546,4.510903890063962
2732,273.105462,4.638696471887057
2733,273.205464,4.26397738725486
2734,273.305466,4.21076346404789
2735,273.405468,4.2605023319445765
2736,273.50547,4.388427021721917
2737,273.605472,4.447076898775467
2738,273.705474,4.457992449445944
2739,273.805476,4.2536962851614
2740,273.905478,4.236585203779276
2741,274.00548,4.340539641285079
2742,274.105482,4.251258087668135
2743,274.205484,3.928568418728225
2744,274.30548600000003,3.8097918017396077
2745,274.405488,3.5992089854065745
2746,274.50549,3.7916185357228978
2747,274.605492,3.497747929147549
2748,274.705494,3.8154497208080738
2749,274.805496,3.9962746894790215
2750,274.905498,4.007933619848633
2751,275.0055,4.177412357736279
2752,275.105502,3.8719717516905483
2753,275.205504,3.8855655132795426
2754,275.305506,3.922339586995769
2755,275.40550800000005,3.9816986115283806
2756,275.50551,3.9409863463154187
2757,275.605512,4.459149288074095
2758,275.70551400000005,4.366401236440213
2759,275.805516,4.394424875069647
2760,275.905518,4.476747238763612
2761,276.00552000000005,4.096447795387413
2762,276.105522,4.580359564242795
2763,276.205524,4.725889051764439
2764,276.305526,4.802482655285898
2765,276.405528,4.9547714212853435
2766,276.50553,5.071730403176492
2767,276.605532,5.567654038833587
2768,276.705534,5.232022153081677
2769,276.805536,5.01755789123275
2770,276.905538,4.395698321527399
2771,277.00554,4.361700002808482
2772,277.105542,4.543662274038486
2773,277.205544,4.374243473807068
2774,277.30554600000005,5.154569854609404
2775,277.405548,5.057768094345061
2776,277.50554999999997,5.041601474740881
2777,277.60555200000005,4.18416540788499
2778,277.705554,4.430946018983735
2779,277.80555599999997,4.125118257127303
2780,277.90555800000004,3.8910013304257105
2781,278.00556,4.205745827347642
2782,278.105562,4.419734147616055
2783,278.20556400000004,4.290899016556097
2784,278.305566,4.50263930258663
2785,278.405568,5.206130867456178
2786,278.50557000000003,5.147042145159794
2787,278.605572,5.280110595345337
2788,278.705574,4.937292766985468
2789,278.805576,5.014949807417225
2790,278.905578,4.677904510896041
2791,279.00558,4.790850095325163
2792,279.10558199999997,4.994561870165655
2793,279.20558400000004,4.942152513489901
2794,279.305586,4.672476044115289
2795,279.40558799999997,4.602058390964113
2796,279.50559000000004,5.272803867944359
2797,279.605592,5.116805533793872
2798,279.70559399999996,4.347580823405976
2799,279.80559600000004,4.268577380288394
2800,279.905598,4.709133574288211
2801,280.0056,4.698146058709775
2802,280.10560200000003,4.569006273708207
2803,280.205604,4.238209326554254
2804,280.305606,4.190633985481875
2805,280.40560800000003,3.822798097839662
2806,280.50561,4.369195601378382
2807,280.605612,4.20365505522092
2808,280.705614,4.404915256358055
2809,280.805616,4.7134984963605975
2810,280.905618,4.809431270398113
2811,281.00562,4.894817142759951
2812,281.10562200000004,4.767682137976498
2813,281.205624,4.748852615711583
2814,281.30562599999996,4.9191349604739525
2815,281.40562800000004,4.966972125205293
2816,281.50563,4.601662529960931
2817,281.60563199999996,4.638625766885742
2818,281.70563400000003,4.745724068199182
2819,281.805636,5.124901556418632
2820,281.90563799999995,5.370376488592176
2821,282.00564,5.461899315731597
2822,282.105642,5.114685174579434
2823,282.205644,5.327553236400699
2824,282.305646,5.156665296713205
2825,282.405648,5.03270417589035
2826,282.50565,5.25605875640449
2827,282.605652,4.687326079853229
2828,282.705654,4.463257398760122
2829,282.805656,4.029815856203359
2830,282.905658,3.890107840091523
2831,283.00566000000003,3.958861072234228
2832,283.105662,4.108329927166191
2833,283.205664,4.085533194348581
2834,283.30566600000003,4.037973553139484
2835,283.405668,4.243472643529486
2836,283.50567,4.090403381012432
2837,283.605672,4.350972344153366
2838,283.705674,4.020117159986519
2839,283.805676,4.10937908828176
2840,283.905678,4.078287713395591
2841,284.00568,4.240597691563874
2842,284.105682,4.158713149207032
2843,284.205684,4.079728791606796
2844,284.305686,4.174790779452064
2845,284.405688,4.342501671863886
2846,284.50569,4.17045434829681
2847,284.605692,4.175219005285734
2848,284.705694,4.398045438675745
2849,284.805696,4.255056105300066
2850,284.90569800000003,4.347266359682969
2851,285.0057,4.349349337640912
2852,285.105702,4.3160470576551795
2853,285.205704,4.4076556358169485
2854,285.305706,4.344953713432247
2855,285.405708,4.194425497007191
2856,285.50571,4.098462814516883
2857,285.605712,4.246931767192857
2858,285.705714,4.212072856554674
2859,285.805716,4.297843427363398
2860,285.905718,4.282441420332667
2861,286.00572000000005,4.187313958342312
2862,286.105722,4.330948607010677
2863,286.205724,4.18892399425232
2864,286.30572600000005,4.349855115207046
2865,286.405728,4.222541190120841
2866,286.50572999999997,4.443740599339479
2867,286.60573200000005,4.135318504665375
2868,286.705734,4.206214542853799
2869,286.805736,4.235124557099818
2870,286.905738,4.249095968223801
2871,287.00574,4.432587937705624
2872,287.105742,4.586312023882966
2873,287.205744,4.2252466303894805
2874,287.305746,4.427076234877064
2875,287.405748,4.220588650406257
2876,287.50575,4.134375148902697
2877,287.605752,4.395325377035299
2878,287.705754,4.772240756891834
2879,287.805756,4.279814170127742
2880,287.90575800000005,4.73613362839522
2881,288.00576,5.139257511028612
2882,288.10576199999997,4.711170061028207
2883,288.20576400000004,4.3718607027353125
2884,288.305766,4.597969446496962
2885,288.40576799999997,4.143046915454154
2886,288.50577000000004,4.276078164440152
2887,288.605772,4.254530162465777
2888,288.705774,4.379521390451344
2889,288.80577600000004,4.6655575529314595
2890,288.905778,4.437930508216653
2891,289.00578,4.528312753797139
2892,289.10578200000003,4.343811603356874
2893,289.205784,4.5940734755567
2894,289.305786,4.469541945878818
2895,289.405788,4.4191959807477055
2896,289.50579,4.438475140805839
2897,289.605792,4.3080709603432314
2898,289.70579399999997,4.602044720786044
2899,289.80579600000004,4.536487199834061
2900,289.905798,4.345631807151084
2901,290.00579999999997,4.516426191201701
2902,290.10580200000004,4.578478918367017
2903,290.205804,4.712751260790266
2904,290.30580599999996,4.508363929904616
2905,290.40580800000004,4.460745981324673
2906,290.50581,4.764083690766489
2907,290.605812,4.197071609259234
2908,290.70581400000003,4.25212279633461
2909,290.805816,4.466779706647896
2910,290.905818,4.471255944907814
2911,291.00582,4.472102823056842
2912,291.105822,4.428657834932899
2913,291.205824,4.516010290810235
2914,291.305826,4.8530250009443225
2915,291.405828,4.746167528625003
2916,291.50583,4.455771003808543
2917,291.605832,4.769949681611173
2918,291.70583400000004,4.761726618715036
2919,291.805836,4.644663415475719
2920,291.905838,4.700754609804838
2921,292.00584000000003,4.657067713597961
2922,292.105842,4.6323419475245435
2923,292.20584399999996,4.575429806462091
2924,292.30584600000003,4.290102613238522
2925,292.405848,4.470513580842458
2926,292.50585,4.274836500562808
2927,292.605852,4.779936352928971
2928,292.705854,4.421603028054957
2929,292.805856,4.42191725019527
2930,292.905858,4.21025242181401
2931,293.00586,4.359864878133847
2932,293.105862,4.529691878252559
2933,293.205864,4.57352958760063
2934,293.305866,4.5306885392106535
2935,293.405868,4.766371169936271
2936,293.50587,4.377695332799339
2937,293.60587200000003,4.46814358129972
2938,293.705874,4.447052589131552
2939,293.805876,4.409764120139392
2940,293.90587800000003,4.234670939344856
2941,294.00588,4.1060764807318275
2942,294.105882,4.661353298336783
2943,294.205884,4.568759182167362
2944,294.305886,4.646264739236711
2945,294.405888,4.574695958080859
2946,294.50589,4.709263255234546
2947,294.605892,4.769471118230514
2948,294.70589400000006,4.649663632049606
2949,294.805896,4.470532074521463
2950,294.905898,4.771034024267769
2951,295.0059,4.5655268756143075
2952,295.105902,4.677600604330611
2953,295.205904,4.894010896045199
2954,295.305906,4.7208546115686945
2955,295.405908,4.390014364425595
2956,295.50591000000003,4.564162403057857
2957,295.605912,4.508072395812919
2958,295.705914,4.5672916845337586
2959,295.805916,4.447795891597187
2960,295.905918,4.400304022446925
2961,296.00592,4.676054463698457
2962,296.105922,4.604976756046044
2963,296.205924,4.742227159360238
2964,296.305926,4.950882107280178
2965,296.405928,4.453647471387581
2966,296.50593,4.190702478518147
2967,296.60593200000005,4.732228630122585
2968,296.705934,4.66010327980522
2969,296.805936,4.606157033412076
2970,296.90593800000005,4.8691854446572655
2971,297.00594,4.458320653941191
2972,297.10594199999997,4.535493154007848
2973,297.20594400000004,4.36360639701907
2974,297.305946,4.4337695897866665
2975,297.405948,4.646665566172321
2976,297.50595,5.005648481678427
2977,297.605952,5.091724642660483
2978,297.705954,4.553558127677409
2979,297.805956,4.521167530231261
2980,297.905958,4.550643823022375
2981,298.00596,4.505703522189766
2982,298.105962,4.706791815037189
2983,298.205964,4.460455068853735
2984,298.305966,4.855124030838811
2985,298.405968,4.469929251923081
2986,298.50597000000005,4.25428014290904
2987,298.605972,4.525946268091305
2988,298.70597399999997,4.25626079967905
2989,298.80597600000004,4.429003676093597
2990,298.905978,4.312088078800753
2991,299.00597999999997,4.367521905363458
2992,299.10598200000004,4.285431510003655
2993,299.205984,4.508487954529547
2994,299.305986,4.986758852214623
2995,299.40598800000004,4.943961674833115
2996,299.50599,4.625776440915789
2997,299.605992,5.078561791427301
2998,299.70599400000003,5.081208682324719
2999,299.805996,5.254948941301014
3000,299.905998,4.78172266889915
3001,300.006,5.0952174266216055
3002,300.106002,4.527499680998109
3003,300.206004,4.491123251791262
3004,300.30600599999997,5.009133374060904
3005,300.40600800000004,4.757882075525256
3006,300.50601,4.812382668155045
3007,300.60601199999996,4.778436907098993
3008,300.70601400000004,5.285740419456761
3009,300.806016,4.6791004052176355
3010,300.90601799999996,4.358544655279647
3011,301.00602000000003,5.151285100085067
3012,301.106022,4.832175077130449
3013,301.206024,5.018551779831074
3014,301.30602600000003,5.5238604409644925
3015,301.406028,5.008903081284048
3016,301.50603,5.035044664867594
3017,301.606032,5.000571486588412
3018,301.706034,5.447019044773804
3019,301.806036,5.24999520304541
3020,301.906038,5.141263872564925
3021,302.00604,4.751794145119105
3022,302.106042,5.049537758809087
3023,302.206044,4.277098870024793
3024,302.30604600000004,4.261075805265114
3025,302.406048,4.777129395791857
3026,302.50605,4.519772261376508
3027,302.60605200000003,4.993693342669051
3028,302.706054,4.592743459562725
3029,302.80605599999996,4.758999433323058
3030,302.90605800000003,4.652285884318194
3031,303.00606,4.510683681793337
3032,303.106062,4.461640055456557
3033,303.206064,4.381022419373025
3034,303.306066,4.312411978053996
3035,303.406068,4.3605340150221
3036,303.50607,4.595111922563917
3037,303.606072,4.6478482974810555
3038,303.706074,4.386147710048677
3039,303.806076,4.7436098491318095
3040,303.906078,4.540352783031081
3041,304.00608,4.590808993040298
3042,304.106082,4.71281317616853
3043,304.20608400000003,4.868345692215483
3044,304.306086,4.889177906710078
3045,304.406088,4.509636030700322
3046,304.50609000000003,4.796821411042998
3047,304.606092,4.391259836080323
3048,304.706094,4.576442236107332
3049,304.806096,4.354490075965992
3050,304.906098,4.49028230255974
3051,305.00610000000006,4.628366918686452
3052,305.106102,4.664742034994271
3053,305.206104,4.610228104071314
3054,305.30610600000006,4.595905996567248
3055,305.406108,4.539761020110203
3056,305.50611,4.692411145694127
3057,305.606112,4.294352477003673
3058,305.706114,4.5565601410488625
3059,305.806116,4.554739078984054
3060,305.906118,4.7860452628478765
3061,306.00612,4.333195362178131
3062,306.106122,4.602359203486618
3063,306.206124,4.585596676117697
3064,306.306126,4.779606282069102
3065,306.406128,4.403377229356367
3066,306.50613,4.598763270071846
3067,306.606132,4.2869314300488215
3068,306.706134,4.5980434614451
3069,306.806136,4.532242412124284
3070,306.90613800000006,4.380501449648977
3071,307.00614,4.786414705293695
3072,307.106142,5.228098912942809
3073,307.20614400000005,4.5640357416228134
3074,307.306146,4.710578567995704
3075,307.406148,4.779496701080747
3076,307.50615000000005,4.671490253562427
3077,307.606152,5.177218856572942
3078,307.70615399999997,5.337161142249943
3079,307.80615600000004,5.011409433568886
3080,307.906158,4.855559028569429
3081,308.00616,4.408235837125164
3082,308.106162,4.687769840732469
3083,308.206164,4.62236246652491
3084,308.306166,4.2647668894464825
3085,308.406168,4.510597854227147
3086,308.50617,4.891588800564245
3087,308.606172,4.763497813213285
3088,308.706174,4.8604439391178
3089,308.806176,4.988271624874205
3090,308.906178,4.67724041647715
3091,309.00618,4.927649169077107
3092,309.10618200000005,5.101015246409532
3093,309.206184,4.973156961173996
3094,309.30618599999997,5.151297876923037
3095,309.40618800000004,5.541986488823695
3096,309.50619,5.1633578519272465
3097,309.60619199999996,5.182134292276335
3098,309.70619400000004,5.369610481616335
3099,309.806196,5.334660439079465
3100,309.906198,4.734789296054681
3101,310.00620000000004,4.6302947998469905
3102,310.106202,4.254737394168019
3103,310.206204,4.418996289577594
3104,310.30620600000003,4.418322451066414
3105,310.406208,4.638449630332443
3106,310.50621,4.609873009127651
3107,310.606212,4.943893682564117
3108,310.706214,4.673990885230844
3109,310.806216,4.7692225460358655
3110,310.90621799999997,4.654155164281573
3111,311.00622000000004,4.541065898165677
3112,311.106222,4.914491077145409
3113,311.20622399999996,4.964175085187688
3114,311.30622600000004,4.623440096218141
3115,311.406228,4.29477322264219
3116,311.50622999999996,4.261053720620887
3117,311.60623200000003,4.462390655652424
3118,311.706234,4.3000801799986546
3119,311.806236,4.645111891841002
3120,311.90623800000003,4.852556969140696
3121,312.00624,4.539172480133925
3122,312.106242,4.398659855622776
3123,312.206244,4.235921370278525
3124,312.306246,4.128213026787196
3125,312.406248,4.426747374280088
3126,312.50625,4.42748273050162
3127,312.606252,4.504355423279383
3128,312.706254,4.386654494298116
3129,312.806256,4.764186004785092
3130,312.90625800000004,4.7183084177684895
3131,313.00626,4.342319765358611
3132,313.106262,3.8150236639407353
3133,313.20626400000003,4.2491939582663845
3134,313.306266,4.165877792627983
3135,313.40626799999995,3.962306515516192
3136,313.50627000000003,4.629839453852375
3137,313.606272,3.7129218848314514
3138,313.706274,3.8949094418303627
3139,313.806276,4.232297329623094
3140,313.906278,3.9440928471036707
3141,314.00628,4.014525607550916
3142,314.106282,4.331631811414404
3143,314.206284,4.768776739569513
3144,314.306286,4.3480428701698735
3145,314.406288,4.60347084828027
3146,314.50629,4.439620685573238
3147,314.606292,4.210452066866349
3148,314.706294,4.524796128491849
3149,314.80629600000003,4.819463120319807
3150,314.906298,4.812930022388762
3151,315.0063,5.1502346757386155
3152,315.106302,5.00733779929664
3153,315.206304,5.1246245775546635
3154,315.306306,5.322977069284129
3155,315.406308,5.258454562787562
3156,315.50631,5.459045577114729
3157,315.60631200000006,5.696863768646613
3158,315.706314,5.203936188329244
3159,315.806316,5.022942842994059
3160,315.90631800000006,4.771643500040135
3161,316.00632,4.778769109731728
3162,316.106322,5.291477821007558
3163,316.206324,4.780717760131373
3164,316.306326,4.5021012384944825
3165,316.406328,4.550850901174176
3166,316.50633,4.381278326891425
3167,316.606332,4.384921908612264
3168,316.706334,4.458923869597086
3169,316.806336,4.280233287888956
3170,316.906338,4.280941678787735
3171,317.00634,4.486821025874229
3172,317.106342,4.17486436049741
3173,317.206344,4.79440989446486
3174,317.306346,4.812588262065159
3175,317.406348,4.867845007072451
3176,317.50635000000005,5.064168693376921
3177,317.606352,4.6400124320966825
3178,317.706354,4.4375920818132055
3179,317.80635600000005,4.306635471803405
3180,317.906358,4.973545765100263
3181,318.00636,4.5431321268405185
3182,318.10636200000005,5.457703235792492
3183,318.206364,5.056457733757556
3184,318.30636599999997,5.1793647634653235
3185,318.40636800000004,5.698679273725655
3186,318.50637,5.260156482631494
3187,318.606372,5.11057367502122
3188,318.706374,4.840431531986507
3189,318.806376,4.20801921077667
3190,318.906378,4.419009636246074
3191,319.00638,4.465737184242038
3192,319.106382,4.477295766397681
3193,319.206384,4.889497823069296
3194,319.306386,5.187523863068452
3195,319.40638800000005,4.961842102868357
3196,319.50639,5.232657927734183
3197,319.60639199999997,5.593417537417422
3198,319.70639400000005,5.143176920996149
3199,319.806396,5.049975663255794
3200,319.90639799999997,4.6350012970671
3201,320.00640000000004,4.456050820805137
3202,320.106402,4.519418188747413
3203,320.20640399999996,4.593647480780273
3204,320.30640600000004,4.409833955899198
3205,320.406408,4.148685427306388
3206,320.50641,4.283787342929179
3207,320.60641200000003,4.29001252861763
3208,320.706414,4.533951916500587
3209,320.806416,4.308504501941049
3210,320.90641800000003,4.2236273810511165
3211,321.00642,4.34069337329916
3212,321.106422,4.054210201032764
3213,321.206424,4.374965879047572
3214,321.306426,4.499634335179973
3215,321.406428,4.309626676477202
3216,321.50642999999997,4.516751144854892
3217,321.60643200000004,4.693327618649056
3218,321.706434,4.675195923382383
3219,321.80643599999996,4.7291232703009385
3220,321.90643800000004,4.691687850424691
3221,322.00644,5.628447349168896
3222,322.10644199999996,4.239695476255257
3223,322.20644400000003,4.5576304224485416
3224,322.306446,5.208141600153077
3225,322.406448,5.028781003007878
3226,322.50645000000003,5.364261556405615
3227,322.606452,4.643674548589976
3228,322.706454,4.36705497504369
3229,322.806456,4.461483129762141
3230,322.906458,4.388971053052327
3231,323.00646,4.523915572007624
3232,323.106462,5.087347354887784
3233,323.206464,4.553593831266011
3234,323.306466,4.371864565530817
3235,323.406468,4.0927692866810235
3236,323.50647000000004,4.498348762191774
3237,323.606472,4.006856801607278
3238,323.706474,4.204522151172464
3239,323.80647600000003,4.482600547630126
3240,323.906478,4.20307577725291
3241,324.00647999999995,4.011226170513559
3242,324.106482,5.088258084226324
3243,324.206484,5.247462504030792
3244,324.306486,5.006494479188387
3245,324.406488,4.775727081128509
3246,324.50649,4.450020423875712
3247,324.606492,4.352445596222245
3248,324.706494,4.283097147797205
3249,324.806496,4.480998459367264
3250,324.906498,4.2380158125496665
3251,325.0065,4.456451729667398
3252,325.106502,4.5110249055520875
3253,325.206504,4.425048818433741
3254,325.306506,4.4073656334576325
3255,325.40650800000003,4.335775828629309
3256,325.50651,4.196473253669544
3257,325.606512,4.322000340180589
3258,325.706514,4.398455961865296
3259,325.806516,4.3388672971310696
3260,325.906518,4.41919431352348
3261,326.00652,4.6948824917702945
3262,326.106522,4.671504717861585
3263,326.20652400000006,5.096739787356199
3264,326.306526,4.789498612114498
3265,326.406528,4.256131538358098
3266,326.50653000000005,4.306422188948074
3267,326.606532,4.015968341068088
3268,326.706534,4.632735623867
3269,326.806536,4.452482503539557
3270,326.906538,5.238109867222002
3271,327.00654,4.465375712461458
3272,327.106542,4.580722191479488
3273,327.206544,4.701257259302938
3274,327.306546,4.944648561543915
3275,327.406548,5.067087785189656
3276,327.50655,5.137573673285718
3277,327.606552,4.7423424883435565
3278,327.706554,4.18857510962949
3279,327.806556,4.740386124704441
3280,327.906558,4.255813720017546
3281,328.00656,4.646880733926577
3282,328.10656200000005,4.824896926991369
3283,328.206564,4.986587371716704
3284,328.306566,4.099492312688916
3285,328.40656800000005,4.13992927565896
3286,328.50657,4.25275401686907
3287,328.60657199999997,4.819285200593261
3288,328.70657400000005,4.975857525971864
3289,328.806576,4.254432814049281
3290,328.90657799999997,5.118071020011759
3291,329.00658000000004,4.770535379119523
3292,329.106582,5.727495157629767
3293,329.206584,5.946321393640638
3294,329.30658600000004,5.1970839838956175
3295,329.406588,4.6443683855429265
3296,329.50659,5.2480673521508825
3297,329.606592,4.360985564402357
3298,329.706594,4.679308454363096
3299,329.806596,4.180168139238066
3300,329.906598,5.702616650442344
3301,330.00660000000005,5.183548356675223
3302,330.106602,5.093219314691997
3303,330.20660399999997,5.332410044270397
3304,330.30660600000004,4.890209150923284
3305,330.406608,4.773126637755614
3306,330.50660999999997,5.413359978666244
3307,330.60661200000004,5.349491539661271
3308,330.706614,4.222318584105469
3309,330.80661599999996,4.384426151904733
3310,330.90661800000004,4.853828430495969
3311,331.00662,5.15503051320415
3312,331.106622,5.074673205968173
3313,331.20662400000003,4.673285006454741
3314,331.306626,4.6451599612311805
3315,331.406628,4.047630463997261
3316,331.50663000000003,4.579472826722016
3317,331.606632,4.368589418343431
3318,331.706634,4.74981711404267
3319,331.806636,4.606678188887183
3320,331.90663800000004,4.552762781004493
3321,332.00664,4.189017837125542
3322,332.10664199999997,4.208547830426022
3323,332.20664400000004,4.477253091418912
3324,332.306646,4.428140667292364
3325,332.40664799999996,4.406248474775568
3326,332.50665000000004,4.340028917024174
3327,332.606652,4.368716814955906
3328,332.70665399999996,4.304750657820388
3329,332.80665600000003,4.442599333558722
3330,332.906658,4.558454280878782
3331,333.00666,4.548829699283906
3332,333.10666200000003,4.443683741419315
3333,333.206664,4.5195546360276735
3334,333.306666,5.206415092868656
3335,333.406668,5.230408275616106
3336,333.50667,5.579451666586642
3337,333.606672,5.3178728244697675
3338,333.706674,5.601968640333525
3339,333.80667600000004,5.5366946178079015
3340,333.906678,5.066475516946344
3341,334.00668,5.065612174187475
3342,334.10668200000003,5.156179194364268
3343,334.206684,5.72041983911425
3344,334.306686,5.8809364687042835
3345,334.40668800000003,5.559335950763303
3346,334.50669,5.304601442421316
3347,334.60669199999995,5.8062249150376255
3348,334.706694,6.205400883959126
3349,334.806696,6.352242726241746
3350,334.906698,6.143722668802594
3351,335.0067,6.151512634401783
3352,335.106702,6.268637421025776
3353,335.206704,6.0812549728603615
3354,335.306706,5.744957302737749
3355,335.406708,5.9015715719474535
3356,335.50671,5.534725034462614
3357,335.606712,5.100743960199555
3358,335.706714,5.627183847477448
3359,335.806716,6.264878763938092
3360,335.906718,5.535248363276578
3361,336.00672000000003,6.10839907174832
3362,336.106722,6.416295106985705
3363,336.206724,7.104375082009131
3364,336.306726,7.255207247552548
3365,336.406728,6.465012631233902
3366,336.50673,6.690473308322006
3367,336.606732,6.043326884151347
3368,336.706734,6.066674152856552
3369,336.80673600000006,6.309828459602817
3370,336.906738,6.570024662252139
3371,337.00674,6.548064264830681
3372,337.10674200000005,6.108584469229699
3373,337.206744,5.836649166390736
3374,337.306746,6.063698009838308
3375,337.406748,6.157020579102353
3376,337.50675,4.930858388663586
3377,337.606752,5.8826365796312725
3378,337.706754,6.514361807881515
3379,337.806756,6.75726518169803
3380,337.906758,4.960840914663514
3381,338.00676,4.480529289339035
3382,338.106762,4.596410069151806
3383,338.206764,4.823583933199344
3384,338.306766,5.24728060592849
3385,338.406768,4.7282202030254945
3386,338.50677,4.644628347494905
3387,338.606772,4.206326432567104
3388,338.70677400000005,4.334889235199485
3389,338.806776,3.7241775078665844
3390,338.906778,4.648872186408118
3391,339.00678000000005,4.367556527734769
3392,339.106782,4.709558527149234
3393,339.20678399999997,4.444568075496958
3394,339.30678600000005,4.678661191306225
3395,339.406788,4.237039523689791
3396,339.50678999999997,4.47328002870255
3397,339.60679200000004,4.304519286321984
3398,339.706794,4.025632661653848
3399,339.806796,4.835676342605735
3400,339.90679800000004,4.2750388463108875
3401,340.0068,4.300695659902604
3402,340.106802,4.464603821916697
3403,340.206804,4.488856087815896
3404,340.306806,4.473351305961142
3405,340.406808,4.369983287232524
3406,340.50681,4.614955236835054
3407,340.60681200000005,4.296438063177016
3408,340.706814,4.264973022470489
3409,340.80681599999997,4.194347010634538
3410,340.90681800000004,4.5510351712988575
3411,341.00682,4.0091393987029225
3412,341.10682199999997,4.076353634588177
3413,341.20682400000004,4.114468428570824
3414,341.306826,4.1429354699528735
3415,341.40682799999996,4.491040279600997
3416,341.50683000000004,4.259436573997161
3417,341.606832,4.103711544043269
3418,341.706834,3.8247592093956877
3419,341.80683600000003,4.050720646895578
3420,341.906838,3.854898310403708
3421,342.00684,4.206247057998812
3422,342.10684200000003,4.062172173431606
3423,342.206844,4.083508968400333
3424,342.306846,3.9357468078232
3425,342.406848,3.8194496903802753
3426,342.50685000000004,3.7929015892823905
3427,342.606852,4.140137684921425
3428,342.70685399999996,4.158284812032264
3429,342.80685600000004,4.320266828880798
3430,342.906858,4.2722312377527825
3431,343.00685999999996,4.417282156663
3432,343.10686200000004,4.605685521268963
3433,343.206864,4.522123027751546
3434,343.30686599999996,4.16622291840851
3435,343.40686800000003,3.8823498197964628
3436,343.50687,5.072465107301757
3437,343.606872,4.505999526295022
3438,343.706874,4.805819968930134
3439,343.806876,4.237570942222166
3440,343.906878,4.191057221547855
3441,344.00688,4.130672410236921
3442,344.106882,3.668886087586704
3443,344.206884,3.3962900289281857
3444,344.306886,3.8810895500756843
3445,344.40688800000004,3.551678173989217
3446,344.50689,4.02723298004029
3447,344.606892,3.856184102256314
3448,344.70689400000003,3.7989014063491995
3449,344.806896,3.6083299169189953
3450,344.906898,3.8671222385767305
3451,345.00690000000003,4.274671886637691
3452,345.106902,4.743617796476875
3453,345.206904,5.526090944655789
3454,345.306906,5.092698772232365
3455,345.406908,4.282782757580079
3456,345.50691,4.672658715932197
3457,345.606912,4.310072723768236
3458,345.706914,3.883265423877239
3459,345.806916,4.315546557929031
3460,345.906918,3.797389340174141
3461,346.00692,4.17493465095649
3462,346.106922,4.4124855447730535
3463,346.206924,4.321092098800591
3464,346.30692600000003,3.892416990375097
3465,346.406928,4.158878639997257
3466,346.50693,4.095119466010095
3467,346.60693200000003,4.689920090232184
3468,346.706934,4.232247050226603
3469,346.806936,4.5881829369666285
3470,346.906938,4.221172471552384
3471,347.00694,6.036440297882665
3472,347.106942,4.72607709743844
3473,347.206944,5.514041950592049
3474,347.306946,5.7142689068684
3475,347.40694800000006,5.384166308253643
3476,347.50695,6.328961329022049
3477,347.606952,5.767304125415242
3478,347.70695400000005,6.351659599192864
3479,347.806956,5.762095358645228
3480,347.906958,5.4929189092298385
3481,348.00696000000005,6.035403656034142
3482,348.106962,5.726734815014442
3483,348.206964,5.5900080314052145
3484,348.306966,6.961642232581408
3485,348.406968,6.844076399484835
3486,348.50697,6.05329990390315
3487,348.606972,6.004410167368576
3488,348.706974,5.679350738084307
3489,348.806976,5.698172465449717
3490,348.906978,5.935954007455445
3491,349.00698,5.783325188660961
3492,349.106982,6.310578711996046
3493,349.206984,6.154280751379681
3494,349.30698600000005,5.841332662917813
3495,349.406988,6.618561832703213
3496,349.50699,6.295419104341494
3497,349.60699200000005,6.435862175900443
3498,349.706994,6.815430064177933
3499,349.80699599999997,6.524131073238164
3500,349.90699800000004,6.814382945598906
3501,350.007,6.983169716164063
3502,350.10700199999997,6.7871352617636065
3503,350.20700400000004,6.555823891861086
3504,350.307006,7.003205112874312
3505,350.407008,6.99443507136726
3506,350.50701000000004,7.0748142530119855
3507,350.607012,7.08392984166151
3508,350.707014,7.145802336891937
3509,350.807016,7.1509683955559895
3510,350.907018,6.866186017495878
3511,351.00702,7.29485352713777
3512,351.107022,7.06211204306632
3513,351.20702400000005,6.874721620359116
3514,351.307026,6.973433640963121
3515,351.40702799999997,7.252088228629423
3516,351.50703000000004,7.096118438293852
3517,351.607032,7.2888378000942895
3518,351.70703399999996,7.31565328896066
3519,351.80703600000004,6.581293163424758
3520,351.907038,6.819668911561593
3521,352.00703999999996,7.182638174385538
3522,352.10704200000004,7.21760769465
3523,352.207044,7.476591634829226
3524,352.307046,6.851543201083419
3525,352.40704800000003,6.889435655666682
3526,352.50705,6.9576054406796715
3527,352.607052,6.648096415063588
3528,352.707054,6.792644605679103
3529,352.807056,6.965859050231995
3530,352.907058,6.634111448271703
3531,353.00706,6.332411427971294
3532,353.10706200000004,6.543754017850918
3533,353.207064,6.556167192819179
3534,353.30706599999996,6.189273032783417
3535,353.40706800000004,6.815175780427579
3536,353.50707,6.500795636333904
3537,353.60707199999996,6.504159853109165
3538,353.70707400000003,6.497833228642754
3539,353.807076,6.285170971179289
3540,353.90707799999996,6.632975273260168
3541,354.00708000000003,6.559163580147211
3542,354.107082,6.567478408828819
3543,354.207084,6.8831857686161015
3544,354.307086,6.739778213344714
3545,354.407088,6.567835044507456
3546,354.50709,6.647456071735847
3547,354.607092,6.573207563970866
3548,354.707094,6.470729672894762
3549,354.807096,6.708167656593379
3550,354.907098,6.653356007032645
3551,355.00710000000004,6.587815990865522
3552,355.107102,5.745674831331891
3553,355.207104,6.024191031550782
3554,355.30710600000003,6.162764665191814
3555,355.407108,5.925363770750961
3556,355.50711,6.043972498177665
3557,355.60711200000003,6.065348426788861
3558,355.707114,5.996631093799225
3559,355.807116,6.151390586897618
3560,355.907118,5.989715332880115
3561,356.00712,6.173667943243642
3562,356.107122,6.284160521571574
3563,356.207124,6.540454515071518
3564,356.307126,6.265691735012517
3565,356.407128,6.12508570304308
3566,356.50713,6.154363155609422
3567,356.607132,6.034612115384816
3568,356.707134,6.274110412828228
3569,356.807136,5.806625713145341
3570,356.90713800000003,5.958880128889959
3571,357.00714,5.987820969401183
3572,357.107142,6.252369798348731
3573,357.207144,6.181657836002755
3574,357.307146,6.066766610466196
3575,357.407148,5.9014994067352
3576,357.50715,6.103884426384136
3577,357.607152,5.8497396876116925
3578,357.707154,5.904290677895632
3579,357.807156,5.9479015944080516
3580,357.907158,6.323479662491854
3581,358.00716000000006,6.970818683171625
3582,358.107162,6.7581975548645445
3583,358.207164,6.578270536557166
3584,358.30716600000005,7.072007419061425
3585,358.407168,6.774063572375862
3586,358.50717,6.193285688021219
3587,358.60717200000005,6.055009858140303
3588,358.707174,6.043358911702234
3589,358.807176,6.2406610971971235
3590,358.907178,6.017739287941309
3591,359.00718,5.852392272805023
3592,359.107182,5.485515238319447
3593,359.207184,5.633217339676331
3594,359.307186,6.147399542227183
3595,359.407188,5.857133305322797
3596,359.50719,5.969287277675074
3597,359.607192,6.4932595675415605
3598,359.707194,6.392198253006237
3599,359.807196,6.54347570564368
3600,359.90719800000005,7.082231874194293
3601,360.0072,6.939756376757437
3602,360.107202,7.040609485096902
3603,360.20720400000005,6.8647567157940275
3604,360.307206,6.841268188868272
3605,360.40720799999997,6.8671495579451225
3606,360.50721000000004,7.101017467514419
3607,360.607212,7.122750779761015
3608,360.707214,7.196826010630725
3609,360.80721600000004,7.009741167997932
3610,360.907218,6.501500011201982
3611,361.00722,6.735094697012939
3612,361.10722200000004,6.330887465432333
3613,361.207224,6.086438613447206
3614,361.307226,5.811476677267124
3615,361.407228,6.258130132336928
3616,361.50723,6.029637971183515
3617,361.607232,5.996162194237819
3618,361.70723399999997,5.581474511731621
3619,361.80723600000005,5.94372790683381
3620,361.907238,6.2347870442393365
3621,362.00723999999997,5.905787672584392
3622,362.10724200000004,5.847727511780552
3623,362.207244,5.874066163538949
3624,362.30724599999996,5.3196016172113625
3625,362.40724800000004,5.6547683868608685
3626,362.50725,5.897960266545374
3627,362.60725199999996,5.215366178943134
3628,362.70725400000003,5.619198145717918
3629,362.807256,5.407623944913679
3630,362.907258,5.664717815058171
3631,363.00726000000003,6.192471548543892
3632,363.107262,5.750582656371662
3633,363.207264,6.204745230351963
3634,363.307266,5.197053919812039
3635,363.407268,5.333084691338154
3636,363.50727,5.882959595164765
3637,363.607272,5.649878910579141
3638,363.70727400000004,5.755207198221108
3639,363.807276,6.137339665367863
3640,363.907278,5.80564280972935
3641,364.00728000000004,5.994286646492894
3642,364.107282,5.518987954582115
3643,364.20728399999996,5.904799889693589
3644,364.30728600000003,5.703951420823198
3645,364.407288,5.5346164425840625
3646,364.50728999999995,5.72393686159821
3647,364.60729200000003,5.819085489794016
3648,364.707294,6.0150303231950115
3649,364.807296,6.245192138056855
3650,364.907298,5.885752987590299
3651,365.0073,6.000099522868914
3652,365.107302,5.318857474432848
3653,365.207304,5.913866305410098
3654,365.307306,6.2906318770939365
3655,365.407308,5.691153160090324
3656,365.50731,6.079670644436657
3657,365.60731200000004,6.09723489036151
3658,365.707314,6.276469495553316
3659,365.807316,5.909602516949139
3660,365.90731800000003,6.048158045074528
3661,366.00732,6.024302006509979
3662,366.107322,5.399266569722311
3663,366.207324,5.82916597408558
3664,366.307326,5.967347018558809
3665,366.407328,5.989803737597254
3666,366.50733,6.0972732395639495
3667,366.607332,6.174888260317767
3668,366.70733400000006,6.099279363870133
3669,366.807336,5.888192266552165
3670,366.907338,5.841978159517175
3671,367.00734,5.939740386377927
3672,367.107342,5.252483431192106
3673,367.207344,5.881751960124576
3674,367.307346,5.990375894249006
3675,367.407348,6.351170338519642
3676,367.50735000000003,5.727419439455656
3677,367.607352,5.920420131606515
3678,367.707354,5.645146894920575
3679,367.807356,5.735989159266887
3680,367.907358,5.981663749529821
3681,368.00736,5.945670485968352
3682,368.107362,6.1159623495306255
3683,368.207364,5.835806937696107
3684,368.307366,6.181562211137885
3685,368.407368,6.013757444293066
3686,368.50737,6.644851894729268
3687,368.60737200000005,6.460404594278636
3688,368.707374,6.5283462666496375
3689,368.807376,6.042866856620991
3690,368.90737800000005,6.220506104818068
3691,369.00738,6.2799853249812925
3692,369.107382,5.935848016396245
3693,369.20738400000005,5.852994565661209
3694,369.307386,6.266810393537557
3695,369.407388,5.921238458476784
3696,369.50739,6.308944499820602
3697,369.607392,6.392021090327585
3698,369.707394,6.28784802985634
3699,369.807396,6.345835791773947
3700,369.907398,6.031504959848471
3701,370.0074,5.954562408391962
3702,370.107402,6.260842341150472
3703,370.207404,5.821177014513852
3704,370.307406,6.039497832186819
3705,370.407408,6.143049016336076
3706,370.50741000000005,5.989493098905199
3707,370.607412,5.8035031670225
3708,370.70741399999997,5.9148227022894
3709,370.80741600000005,5.87104922753228
3710,370.907418,5.656549158113137
3711,371.00741999999997,5.637336217496798
3712,371.10742200000004,5.367820495560944
3713,371.207424,5.239697606524849
3714,371.307426,5.630722038442711
3715,371.40742800000004,5.894721647178747
3716,371.50743,5.025748882091932
3717,371.607432,5.787349738114447
3718,371.70743400000003,5.557200352981349
3719,371.807436,5.147972255534045
3720,371.907438,5.135145715845185
3721,372.00744,5.500365768907172
3722,372.107442,5.486072841368954
3723,372.207444,5.428643182688753
3724,372.30744599999997,5.965837577152794
3725,372.40744800000004,6.0398752722270155
3726,372.50745,5.945519812072324
3727,372.60745199999997,6.249226091950682
3728,372.70745400000004,5.790954548414117
3729,372.807456,6.0294702024927025
3730,372.90745799999996,5.988842164227702
3731,373.00746000000004,5.412622935004716
3732,373.107462,5.587852808574902
3733,373.207464,5.458460247752904
3734,373.30746600000003,5.518583249212067
3735,373.407468,5.367337670274716
3736,373.50747,5.450960246468235
3737,373.60747200000003,5.232494048439877
3738,373.707474,5.462163474953204
3739,373.807476,5.487320755300294
3740,373.907478,5.4391066142689315
3741,374.00748,5.27322332225995
3742,374.107482,5.602489162123792
3743,374.207484,5.441576073077123
3744,374.30748600000004,5.595904170623276
3745,374.407488,5.007566360533818
3746,374.50749,5.59497743553881
3747,374.60749200000004,5.911928836775088
3748,374.707494,5.7539878366109924
3749,374.80749599999996,5.919423321217721
3750,374.90749800000003,5.84988929445533
3751,375.0075,5.692304122469714
3752,375.107502,5.882145838102642
3753,375.20750400000003,5.631017535919597
3754,375.307506,5.871212504655449
3755,375.407508,5.582727064712446
3756,375.50751,5.537093618194444
3757,375.607512,5.645510447665602
3758,375.707514,5.62022849451403
3759,375.807516,5.668386754247813
3760,375.907518,5.686426086831456
3761,376.00752,5.567725540176225
3762,376.107522,5.617371844901365
3763,376.20752400000003,5.582339680485386
3764,376.307526,5.608005409624135
3765,376.407528,5.626743286958627
3766,376.50753000000003,5.596929929099667
3767,376.607532,5.678122647591037
3768,376.707534,5.5554582830074075
3769,376.807536,5.705331768358735
3770,376.907538,5.797499550991708
3771,377.00754,5.748723775545819
3772,377.107542,5.941111760523794
3773,377.207544,5.992486338436642
3774,377.30754600000006,5.948755066502593
3775,377.407548,5.895301818300247
3776,377.50755,5.897309788039691
3777,377.607552,6.692941522194755
3778,377.707554,6.826820716887442
3779,377.807556,5.623952092498366
3780,377.907558,5.618194391332957
3781,378.00756,6.038474252766367
3782,378.10756200000003,6.0764244967152665
3783,378.207564,6.756553065307256
3784,378.307566,6.600312889011739
3785,378.407568,6.528913905561331
3786,378.50757,6.156010580228502
3787,378.607572,6.829746630721874
3788,378.707574,6.599553578137202
3789,378.807576,7.1795375186421975
3790,378.907578,7.170790804744391
3791,379.00758,7.762030003675353
3792,379.107582,7.2341656950576185
3793,379.20758400000005,7.371696719082779
3794,379.307586,7.386797340742669
3795,379.407588,7.512547062551379
3796,379.50759000000005,7.034994194118996
3797,379.607592,7.175331823131958
3798,379.707594,7.6112994969450645
3799,379.80759600000005,7.614594882662005
3800,379.907598,6.904839337523793
3801,380.0076,7.363626519730009
3802,380.107602,7.8136304252376245
3803,380.207604,8.035320475443482
3804,380.307606,7.825383007068867
3805,380.407608,7.906591784126171
3806,380.50761,7.799652949692337
3807,380.607612,7.58732514849491
3808,380.707614,7.786732542127783
3809,380.807616,8.063699252185344
3810,380.907618,7.634655705035732
3811,381.00762,7.407849354071009
3812,381.10762200000005,7.591774545432285
3813,381.207624,7.2755317604411776
3814,381.30762599999997,7.106773083055958
3815,381.40762800000005,7.109548024858518
3816,381.50763,7.018381959653842
3817,381.60763199999997,7.6334136749442125
3818,381.70763400000004,8.081399034646115
3819,381.807636,7.882706850752586
3820,381.907638,6.992553136823714
3821,382.00764000000004,7.857560271882058
3822,382.107642,7.511982508382655
3823,382.207644,7.885536352541916
3824,382.30764600000003,7.573688835583276
3825,382.407648,7.2349380547950215
3826,382.50765,7.612241861494124
3827,382.60765200000003,7.165463798636943
3828,382.707654,6.780542023264239
3829,382.807656,6.898809256514738
3830,382.90765799999997,6.827524900316859
3831,383.00766000000004,6.85740140018783
3832,383.107662,6.882779169374552
3833,383.20766399999997,6.8512339979984045
3834,383.30766600000004,6.600403929431092
3835,383.407668,7.04148125545141
3836,383.50766999999996,6.992018341371507
3837,383.60767200000004,7.068400269401181
3838,383.707674,7.135638504830581
3839,383.807676,7.4737945143268165
3840,383.90767800000003,6.6570348955978895
3841,384.00768,7.052169804981756
3842,384.107682,6.962681220986872
3843,384.20768400000003,7.100474938880947
3844,384.307686,7.28793105917873
3845,384.407688,7.34053256896079
3846,384.50769,7.54473227721632
3847,384.607692,7.474893896917599
3848,384.707694,7.3722173014045
3849,384.807696,7.373434295934731
3850,384.90769800000004,7.384210928441389
3851,385.0077,7.382427274078175
3852,385.107702,6.970762857539297
3853,385.20770400000004,7.379459961886471
3854,385.307706,7.347572632586146
3855,385.40770799999996,7.580328870970805
3856,385.50771000000003,7.6370454711130185
3857,385.607712,7.429874551916711
3858,385.707714,7.552697684853704
3859,385.807716,7.090412156231794
3860,385.907718,7.348843187785216
3861,386.00772,7.587786578098089
3862,386.107722,7.282084783289319
3863,386.207724,7.324786607093986
3864,386.307726,7.21983631140504
3865,386.407728,7.356752241449057
3866,386.50773,7.457198403964683
3867,386.607732,7.531588986497212
3868,386.707734,7.5881643901787506
3869,386.80773600000003,7.316944349790702
3870,386.907738,7.512157151560093
3871,387.00774,7.133719818928272
3872,387.10774200000003,7.464288786669191
3873,387.207744,7.175561884476734
3874,387.307746,7.3498384411136355
3875,387.407748,7.454589244866568
3876,387.50775,7.18869622774433
3877,387.60775200000006,7.4408394642956095
3878,387.707754,7.564590148960898
3879,387.807756,6.941860348193573
3880,387.90775800000006,7.394019778878792
3881,388.00776,7.405776759778296
3882,388.107762,7.189216823337236
3883,388.207764,7.29423874975157
3884,388.307766,6.9766895856701625
3885,388.407768,7.380942193126091
3886,388.50777,6.911991170834666
3887,388.607772,6.934015206443004
3888,388.70777400000003,7.051179147801081
3889,388.807776,7.1598449981254415
3890,388.907778,7.382836279989718
3891,389.00778,7.374492457011511
3892,389.107782,7.1795590353645515
3893,389.207784,7.615159308535133
3894,389.307786,7.5023403853476065
3895,389.407788,7.72380418457877
3896,389.50779,7.850500049514543
3897,389.607792,7.780200882836887
3898,389.707794,7.1405724806964415
3899,389.80779600000005,7.597845168284181
3900,389.907798,7.495090195770966
3901,390.0078,7.778719507659343
3902,390.10780200000005,7.859714778640787
3903,390.207804,7.7190627947336665
3904,390.30780599999997,7.49681097869423
3905,390.40780800000005,7.099388733017075
3906,390.50781,6.895612708052653
3907,390.607812,6.8829985874312385
3908,390.707814,6.922717995844375
3909,390.807816,6.872342912978084
3910,390.907818,7.154759159634006
3911,391.00782,7.158680585091771
3912,391.107822,6.542963539970714
3913,391.207824,6.893604822241153
3914,391.307826,6.650908532673656
3915,391.407828,6.6678379492706314
3916,391.50783,6.856928997219307
3917,391.607832,6.658878979875935
3918,391.70783400000005,6.9757355038802595
3919,391.807836,6.36048656116642
3920,391.90783799999997,6.292582818690991
3921,392.00784000000004,6.261217867047788
3922,392.107842,6.499460463460716
3923,392.20784399999997,6.223219391595055
3924,392.30784600000004,6.213009727816398
3925,392.407848,6.3066768381920175
3926,392.50785,6.331019033345089
3927,392.60785200000004,6.0117884267606945
3928,392.707854,6.555868972228586
3929,392.807856,6.454175662718724
3930,392.90785800000003,6.491007881887707
3931,393.00786,6.806135986423655
3932,393.107862,5.554441526597435
3933,393.20786400000003,6.071489629153613
3934,393.307866,5.844517935452478
3935,393.407868,5.593424709990893
3936,393.50786999999997,5.543012049044584
3937,393.60787200000004,5.759144193074455
3938,393.707874,5.803434763982922
3939,393.80787599999996,5.3578184566199605
3940,393.90787800000004,5.036332452999549
3941,394.00788,5.312720469403044
3942,394.10788199999996,5.242007567309383
3943,394.20788400000004,5.044475390930358
3944,394.307886,4.932989245799108
3945,394.407888,5.007859744791084
3946,394.50789000000003,5.269616054617953
3947,394.607892,4.922114125439473
3948,394.707894,4.7105277082694625
3949,394.807896,4.652377437943668
3950,394.907898,4.517948388021814
3951,395.0079,4.688014181407805
3952,395.107902,4.731677378548629
3953,395.207904,4.653759767443564
3954,395.307906,4.6690830016298
3955,395.407908,4.653517820217966
3956,395.50791000000004,4.9248830153487875
3957,395.607912,4.662677683408013
3958,395.707914,4.831798563753672
3959,395.80791600000003,4.410240626155928
3960,395.907918,4.6245518081410575
3961,396.00791999999996,5.529635252747448
3962,396.10792200000003,5.8108847535076515
3963,396.207924,5.245952430967671
3964,396.307926,4.448237569454521
3965,396.407928,4.304110847571068
3966,396.50793,3.9459947906299515
3967,396.607932,4.701637625248254
3968,396.707934,4.291441895259767
3969,396.807936,4.524583231937954
3970,396.907938,4.202433205362403
3971,397.00794,4.868541896362504
3972,397.107942,4.467173346488382
3973,397.207944,4.2199447349666075
3974,397.307946,4.318333967935244
3975,397.40794800000003,4.2854699947170465
3976,397.50795,4.195221337219337
3977,397.607952,4.087332843431557
3978,397.70795400000003,3.879897386997602
3979,397.807956,4.103190295927357
3980,397.907958,4.146654758462823
3981,398.00796,4.487862899835219
3982,398.107962,4.48874367348017
3983,398.20796400000006,4.003134198597142
3984,398.307966,3.9914875136530727
3985,398.407968,4.154711221739537
3986,398.50797000000006,4.186956622767295
3987,398.607972,4.235142344478889
3988,398.707974,3.968318465632953
3989,398.807976,4.4181814543783196
3990,398.907978,4.651193410621383
3991,399.00798,4.568964828755272
3992,399.107982,4.315487080615485
3993,399.207984,4.463167193647596
3994,399.307986,4.418809585082245
3995,399.407988,4.42010800901537
3996,399.50799,4.927711556436178
3997,399.607992,4.93444423841812
3998,399.707994,4.750780841140132
3999,399.807996,5.025007441159324
4000,399.907998,4.87846768039201
4001,400.000014,4.768198156433829
