Frame,Time (ns),RMSD
1,0.0,1.9248222907006364e-06
2,0.100002,1.7505245185650242
3,0.200004,2.1259424632524264
4,0.30000600000000005,2.6116774351850722
5,0.400008,2.883876991364515
6,0.50001,2.5079604238143443
7,0.6000120000000001,2.1796513950945227
8,0.700014,2.7534337925319905
9,0.800016,2.536220863245844
10,0.900018,2.5796049231997835
11,1.00002,2.443802837864242
12,1.1000219999999998,2.8615981153707444
13,1.2000240000000002,2.3213194899144125
14,1.3000260000000001,2.4186295642008186
15,1.400028,2.854166474423987
16,1.50003,3.944207941025905
17,1.600032,5.186714710062321
18,1.700034,3.8679799500616685
19,1.800036,4.225886758668161
20,1.9000380000000001,4.546790349639046
21,2.00004,3.192883481851899
22,2.1000419999999997,3.3146166858410586
23,2.2000439999999997,3.9690572300908173
24,2.300046,4.362930561302375
25,2.4000480000000004,4.3420276288426365
26,2.5000500000000003,4.972280149735768
27,2.6000520000000003,4.510215780816067
28,2.700054,2.9565003643089343
29,2.800056,3.335033703699368
30,2.900058,3.4123407425580106
31,3.00006,3.519644724972474
32,3.100062,4.345767855575691
33,3.200064,4.295119515678922
34,3.300066,4.775519164605671
35,3.400068,3.75355181533547
36,3.50007,2.3895324224005714
37,3.600072,3.689021220590982
38,3.700074,3.136140162298873
39,3.8000760000000002,2.971703893128551
40,3.900078,3.9935989621420154
41,4.00008,4.318441523277754
42,4.1000820000000004,4.34705885188866
43,4.2000839999999995,4.193507375179398
44,4.300086,3.7974545848910073
45,4.400087999999999,4.743259226318447
46,4.50009,3.3853096368638935
47,4.600092,4.189770448466948
48,4.700094,4.6500479138833875
49,4.800096000000001,4.20933937821648
50,4.900098,5.1551024826765985
51,5.000100000000001,3.7568257099322975
52,5.100102,3.4709820354749645
53,5.2001040000000005,3.0254099788188946
54,5.3001059999999995,3.3587457640906813
55,5.400108,3.280046141549877
56,5.500109999999999,3.767960123869
57,5.600112,3.317134901648656
58,5.700114,4.090663138348592
59,5.800116,4.198189327594757
60,5.900118,4.877581976934844
61,6.00012,5.74533825181587
62,6.100122000000001,6.079949288265736
63,6.200124,6.193380871954308
64,6.300126000000001,5.959685375051309
65,6.400128,5.8779904369682505
66,6.50013,6.0348391756756286
67,6.600132,6.257328673001408
68,6.700134,5.9423773276115135
69,6.800136,6.193784745706681
70,6.900138,6.3544102973136045
71,7.00014,6.3490039077490765
72,7.100142,6.2198474880417205
73,7.200144,6.420741549483055
74,7.300146,5.424894869617136
75,7.400148,6.024288049112664
76,7.5001500000000005,5.984996095539111
77,7.6001520000000005,6.32591280066083
78,7.700154,6.157974832356012
79,7.800156,6.378411968281051
80,7.900158,6.302590188854919
81,8.00016,6.024532515496508
82,8.100162000000001,5.452529225153952
83,8.200164000000001,5.588879181551484
84,8.300166,6.170034148991258
85,8.400167999999999,6.031126206383738
86,8.50017,6.5844103626590655
87,8.600172,5.697795914112796
88,8.700174,5.709000473941778
89,8.800175999999999,6.308091951761697
90,8.900178,6.060724397260268
91,9.00018,5.666530723624327
92,9.100182,6.354517128205599
93,9.200184,5.667163388414847
94,9.300186,5.213896307734676
95,9.400188,5.313713650417529
96,9.50019,4.961807112917479
97,9.600192000000002,4.7337537303387025
98,9.700194,4.846476484968373
99,9.800196,4.590180998301781
100,9.900198,4.70648330779358
101,10.000200000000001,3.9993163593971475
102,10.100202,3.772575195402133
103,10.200204,4.908924926255959
104,10.300206,5.2091165265713295
105,10.400208000000001,4.759616871013504
106,10.500210000000001,4.940060669497721
107,10.600211999999999,4.791268574187806
108,10.700214,4.820617510866807
109,10.800216,4.09130468964999
110,10.900218,4.49269307327459
111,11.000219999999999,4.951640114999677
112,11.100222,4.717693103001784
113,11.200224,4.572232092721207
114,11.300226,4.22985605339284
115,11.400228,4.403683796581657
116,11.50023,4.025675605319287
117,11.600232,4.154623415102745
118,11.700234,4.811315120084859
119,11.800236,6.727956633334291
120,11.900238,5.810242993383023
121,12.00024,5.5934076269799995
122,12.100242,4.104543623944189
123,12.200244000000001,4.2110951004144646
124,12.300246000000001,4.815398615499524
125,12.400248,4.53712288532961
126,12.50025,4.732072829143735
127,12.600252000000001,4.529276570531138
128,12.700254000000001,4.222889462880993
129,12.800256,4.77347963211389
130,12.900258,4.614596253483792
131,13.00026,4.07888280966982
132,13.100262,4.205143635679334
133,13.200264,4.1014409066712245
134,13.300265999999999,4.672588809841658
135,13.400268,4.523972940240057
136,13.50027,4.6176224828460555
137,13.600272,4.661893840483565
138,13.700274,4.844160599643728
139,13.800276,4.212941142462483
140,13.900278,5.51580395480095
141,14.00028,4.762289522380113
142,14.100282000000002,4.972850914138207
143,14.200284,4.823695650236044
144,14.300286,4.925609772511407
145,14.400288,5.226611912802449
146,14.500290000000001,5.238381357302677
147,14.600292,4.9269850725745234
148,14.700294,4.648974292322227
149,14.800296,4.450111459041239
150,14.900298000000001,4.89721984441975
151,15.000300000000001,4.236621521358326
152,15.100302,4.826544613012104
153,15.200304000000001,4.3499109305781785
154,15.300306,4.479855697994721
155,15.400308,4.12270633347559
156,15.500309999999999,3.944038916183274
157,15.600312,4.162638521168813
158,15.700314,4.189983684603318
159,15.800316,4.228737918029719
160,15.900318,4.635321808671144
161,16.00032,3.677090043283783
162,16.100322,4.249448348317761
163,16.200324000000002,4.06076836490412
164,16.300326000000002,4.3186735621723376
165,16.400328000000002,4.442608619243141
166,16.50033,4.891007923736739
167,16.600332,4.183170323007486
168,16.700333999999998,4.398272476940445
169,16.800335999999998,5.487142368955077
170,16.900338,6.09406251791203
171,17.00034,5.506374894761369
172,17.100342,5.460187239798101
173,17.200344,5.788572665832838
174,17.300346,5.211108191096133
175,17.400348,4.968894974790348
176,17.50035,5.444385977535967
177,17.600351999999997,5.5836807688764925
178,17.700354,5.743201395693404
179,17.800356,5.3538405208131055
180,17.900358,5.147263336164246
181,18.00036,5.2972232070694485
182,18.100362,5.569858130732843
183,18.200364,5.309583898085298
184,18.300366,5.581396570161254
185,18.400368,5.061081354912225
186,18.50037,5.391403300458605
187,18.600372,5.133192898572317
188,18.700374,5.068219465864604
189,18.800376,5.512719729796092
190,18.900378,5.410285628542191
191,19.00038,5.115038220436042
192,19.100382,5.673305502044731
193,19.200384000000003,6.112395562494975
194,19.300386,5.528026473698984
195,19.400388,5.304840024906996
196,19.50039,5.637828328990016
197,19.600392,5.794524607315062
198,19.700394,5.4450976956406585
199,19.800396,5.139659952023383
200,19.900398000000003,5.409719397788052
201,20.000400000000003,5.337057715725707
202,20.100402000000003,5.098964928787849
203,20.200404,5.688022318156217
204,20.300406,4.8609344286124
205,20.400408,5.513057312937039
206,20.50041,5.405918783317122
207,20.600412,5.1621359084844665
208,20.700414000000002,5.272381615483362
209,20.800416000000002,5.209555195389159
210,20.900418000000002,5.757916182372606
211,21.000420000000002,5.104557805292397
212,21.100422,5.389107672764782
213,21.200423999999998,5.453662806448115
214,21.300425999999998,5.66561951917618
215,21.400428,6.263855913991075
216,21.50043,5.552021747852672
217,21.600432,5.498969639181412
218,21.700434,4.961933285485475
219,21.800436,4.821792519730495
220,21.900438,4.846247278061811
221,22.000439999999998,4.868605055358031
222,22.100441999999997,5.421637097697297
223,22.200444,5.8136317548747325
224,22.300446,5.848450205105085
225,22.400448,5.154835847299287
226,22.50045,5.865553615432299
227,22.600452,5.217451920925845
228,22.700454,5.259161414347308
229,22.800456,5.002551154733235
230,22.900458,5.080901090158486
231,23.00046,5.862886539602027
232,23.100462,4.6860234026167396
233,23.200464,5.644216203238049
234,23.300466,5.498997837473394
235,23.400468,5.64882731035141
236,23.50047,5.209146331180813
237,23.600472,5.642793459545874
238,23.700474000000003,5.738381216921368
239,23.800476,5.574513020218822
240,23.900478,5.32867343316355
241,24.00048,5.381287656509973
242,24.100482,5.750513826631817
243,24.200484,5.563823549680374
244,24.300486,5.197768703509762
245,24.400488000000003,5.465990340893036
246,24.500490000000003,5.2384208340712926
247,24.600492000000003,5.031052887106755
248,24.700494,5.375537415023621
249,24.800496,5.153612706671111
250,24.900498,5.480762335122448
251,25.0005,5.2078219091295805
252,25.100502,5.238761574521152
253,25.200504000000002,5.638081597242504
254,25.300506000000002,5.534756183119677
255,25.400508000000002,5.130584878109476
256,25.500510000000002,5.289137135976859
257,25.600512,5.161377971394727
258,25.700514,4.870330547607696
259,25.800516,5.069371843205396
260,25.900518,5.004649870554095
261,26.00052,5.107758581304701
262,26.100522,5.325290772532281
263,26.200524,5.158577123991025
264,26.300526,5.0030962112818385
265,26.400528,5.286968171413798
266,26.500529999999998,4.918191537968857
267,26.600531999999998,5.414080965831394
268,26.700534,5.169338570444269
269,26.800536,5.103624816706177
270,26.900538,5.353111978015717
271,27.00054,5.05457655134441
272,27.100542,4.613966913231765
273,27.200544,5.060243809128547
274,27.300546,5.178422372638584
275,27.400548,5.376309159051321
276,27.50055,5.362280488529799
277,27.600552,5.456470769705088
278,27.700554,5.1780243168882105
279,27.800556,5.113675263410126
280,27.900558,5.219377229549839
281,28.00056,5.163980733550774
282,28.100562,5.0935310958798485
283,28.200564000000004,5.3962398790289186
284,28.300566,5.885436808287485
285,28.400568,5.639890935519409
286,28.50057,5.276525573706427
287,28.600572,5.585293891484261
288,28.700574,5.0392390648300545
289,28.800576,4.887227171887522
290,28.900578000000003,4.962533772491828
291,29.000580000000003,5.0336879209922225
292,29.100582000000003,5.471486216455419
293,29.200584,5.027369005636682
294,29.300586,4.6237217463109035
295,29.400588,5.122820080511941
296,29.50059,5.214011131350112
297,29.600592,5.664416830242551
298,29.700594000000002,5.346728343447791
299,29.800596000000002,5.460436723976087
300,29.900598000000002,5.593499666737972
301,30.000600000000002,5.490009378295453
302,30.100602,5.760001964384749
303,30.200604,4.856184030633144
304,30.300606,4.881482964882559
305,30.400608000000002,4.939502073406807
306,30.50061,4.906353388408639
307,30.600612,5.008581797601333
308,30.700614,4.909729158948467
309,30.800616,4.667268628853981
310,30.900618,4.777011604398441
311,31.000619999999998,4.86803511243026
312,31.100621999999998,4.741779508566149
313,31.200624,4.676612870349716
314,31.300626,4.317101572292576
315,31.400628,4.705342498910517
316,31.50063,4.621299251134532
317,31.600632,4.982138976348532
318,31.700634,5.604980675318613
319,31.800636,5.345355245595052
320,31.900638,5.488806267989909
321,32.00064,5.608946569095228
322,32.100642,5.32480658366467
323,32.200644,5.442567952540825
324,32.300646,5.410011978407166
325,32.400648000000004,5.03814178721529
326,32.50065,4.903099383754945
327,32.600652000000004,4.7277100897823665
328,32.700654,4.6800946012729225
329,32.800656000000004,4.964588449580261
330,32.900658,5.082464159459138
331,33.00066,5.446757037953048
332,33.10066200000001,5.379326057428482
333,33.200664,5.317080392243348
334,33.300666,5.459602119415701
335,33.400667999999996,5.516463708459014
336,33.50067,5.506218272546659
337,33.600671999999996,5.4516564608119005
338,33.700674,5.521260918067954
339,33.800676,5.352204212871498
340,33.900678,5.191162682989089
341,34.00068,5.456999812441401
342,34.100682,4.821355718390458
343,34.200684,4.903116830424365
344,34.300686,4.817771798365557
345,34.400688,5.0290037510000305
346,34.500690000000006,4.921490197134304
347,34.600692,5.0605378647331145
348,34.700694000000006,5.2695722006393995
349,34.800696,5.263692060600696
350,34.900698000000006,5.443933775968845
351,35.0007,5.219955834376893
352,35.100702,5.147806873079351
353,35.200703999999995,5.53612283230841
354,35.300706,5.052285879461333
355,35.400708,5.442821545729716
356,35.50071,5.337919053051182
357,35.600712,5.427377681203761
358,35.700714,5.522870420147071
359,35.800716,5.4090348526107475
360,35.900718,5.22617418262571
361,36.00072,5.4953597112725125
362,36.100722000000005,5.586419938404539
363,36.200724,5.545040463922168
364,36.300726000000004,5.674861586889297
365,36.400728,5.536020415892657
366,36.500730000000004,5.255528756742883
367,36.600732,5.526498257165631
368,36.700734000000004,5.474082632578272
369,36.800736,5.385894340113044
370,36.900738,5.408124288914797
371,37.00074,5.447828230724252
372,37.100742,5.518401671679624
373,37.200744,5.533573529236434
374,37.300746,5.56221943608311
375,37.400748,5.1656662121753625
376,37.50075,5.548135052728011
377,37.600752,4.994826681915876
378,37.700754,5.163111271264271
379,37.800756,4.98648406984015
380,37.900758,5.291427388102571
381,38.00076,5.294881091006199
382,38.100762,4.925219892719864
383,38.200764,5.200534426939
384,38.300766,5.596932650825036
385,38.40076800000001,5.564437139701541
386,38.50077,5.652787705147646
387,38.600772,5.689457063511781
388,38.700773999999996,5.720935167240234
389,38.800776,5.750345152242156
390,38.900777999999995,5.417228081203447
391,39.00078,5.34475551177499
392,39.100782,5.1988243137633265
393,39.200784,5.416435983817216
394,39.300786,5.243264732703106
395,39.400788,4.905275127913964
396,39.50079,5.022503042879604
397,39.600792,5.377965153309156
398,39.700794,4.907816836592331
399,39.800796000000005,5.196558602585524
400,39.900798,5.409637449803363
401,40.000800000000005,5.324554011458426
402,40.100802,5.168527471316255
403,40.200804000000005,5.101623949104691
404,40.300806,5.421555133735361
405,40.400808,5.252326682861232
406,40.500809999999994,5.322985734008984
407,40.600812,5.419497185759959
408,40.700814,5.429558705446997
409,40.800816,5.2866522406438765
410,40.900818,5.755632894154024
411,41.00082,5.735067934470836
412,41.100822,5.677459613991948
413,41.200824,5.514307611512818
414,41.300826,5.261249209310418
415,41.400828000000004,5.786409885825011
416,41.50083,5.629785004140559
417,41.600832000000004,5.548570949349151
418,41.700834,5.5201471534854045
419,41.800836000000004,5.581323397553587
420,41.900838,5.463639799772167
421,42.000840000000004,5.381462566424213
422,42.10084200000001,5.5197277966604155
423,42.200844,5.612485921086564
424,42.300846,5.7256239861871965
425,42.400847999999996,5.583337638234338
426,42.50085,5.407291237417085
427,42.600851999999996,5.299549656051569
428,42.700854,5.255342570024875
429,42.800856,5.575377139801176
430,42.900858,5.613531657483444
431,43.00086,5.276556822371633
432,43.100862,5.530465215709103
433,43.200864,5.941967296576312
434,43.300866,5.260446763847702
435,43.400868,5.06105261696732
436,43.500870000000006,5.228888088059384
437,43.600872,5.359414035365071
438,43.700874000000006,4.702170410913716
439,43.800876,5.0075988803344345
440,43.900878000000006,5.0303654526305195
441,44.000879999999995,4.7339763093126725
442,44.100882,4.7346575404386755
443,44.200883999999995,4.741364317349042
444,44.300886,4.843481726990355
445,44.400888,5.311080338383671
446,44.50089,5.2443968917476464
447,44.600892,5.255395455713397
448,44.700894,5.391908258923094
449,44.800896,5.2986644229042525
450,44.900898,5.4139942839563835
451,45.0009,5.696238891970107
452,45.100902000000005,5.312518356897982
453,45.200904,5.213418303740379
454,45.300906000000005,5.1883077659937085
455,45.400908,4.610212041510101
456,45.500910000000005,5.038333945428772
457,45.600912,4.595095419232237
458,45.700914000000004,4.768168233516736
459,45.800916,4.668331329827877
460,45.900918,4.863580416670604
461,46.00092,5.2196821598346315
462,46.100922,5.191228003111123
463,46.200924,5.054804952724328
464,46.300926,5.25919855274684
465,46.400928,5.398734877794059
466,46.50093,5.030631390951746
467,46.600932,5.057492937334645
468,46.700934000000004,5.191619957370524
469,46.800936,4.769406154433473
470,46.900938000000004,4.917250765824892
471,47.00094,4.534110427139605
472,47.100942,4.804696138710152
473,47.200944,4.772340618258376
474,47.300946,4.612059991105237
475,47.40094800000001,4.694807333886434
476,47.50095,4.965740533764203
477,47.600952,4.91321967710044
478,47.700953999999996,5.06506676039573
479,47.800956,5.190655397621246
480,47.900957999999996,5.394276791251828
481,48.00096,5.138177765237272
482,48.100962,4.709938332914559
483,48.200964,4.757061136209964
484,48.300966,5.151801617291592
485,48.400968,5.026973565794849
486,48.50097,5.054339209924172
487,48.600972,5.194288121904698
488,48.700974,5.281345831527176
489,48.800976000000006,5.11483742727939
490,48.900978,5.23064272134177
491,49.000980000000006,5.239745352658686
492,49.100982,5.006021593568818
493,49.200984000000005,5.011876348456199
494,49.300986,4.9243244698855095
495,49.400988,4.876512538135389
496,49.500989999999994,5.481667996745104
497,49.600992,5.0189718754889885
498,49.700994,5.184270688160962
499,49.800996,5.092685139438804
500,49.900998,4.771815395925872
501,50.001,5.219728371175737
502,50.101002,5.181332960180194
503,50.201004,4.839521793732322
504,50.301006,5.116932996130201
505,50.401008000000004,4.915128499807412
506,50.50101,4.442009493388223
507,50.601012000000004,4.609412633133666
508,50.701014,4.611509867394901
509,50.801016000000004,5.483426442257882
510,50.901018,4.8716814858882795
511,51.001020000000004,4.7865310022255025
512,51.10102200000001,5.215277450572227
513,51.201024,5.268908598012974
514,51.301026,5.319293657335768
515,51.401028,5.317237421044806
516,51.50103,5.407999995390485
517,51.601032,5.518847789677882
518,51.701034,5.098230992579004
519,51.801036,5.117201311945945
520,51.901038,5.109612026572184
521,52.00104,4.926257323796005
522,52.101042,5.1876984538910795
523,52.201044,5.459050426334486
524,52.301046,5.189536703853168
525,52.401048,4.939666265431933
526,52.501050000000006,5.112575503041335
527,52.601052,4.932698642786083
528,52.701054000000006,5.217058215824282
529,52.801056,5.01914196828467
530,52.901058000000006,5.147937715834331
531,53.001059999999995,5.061790421969354
532,53.101062,5.179646958625675
533,53.201063999999995,5.371302817026127
534,53.301066,5.262062734217781
535,53.401068,4.781417164087706
536,53.50107,4.9088846608074865
537,53.601072,4.930744171362783
538,53.701074,4.6313633327045745
539,53.801076,4.222217501213968
540,53.901078,4.491130423072769
541,54.00108,4.648132041489818
542,54.101082000000005,4.545241890943646
543,54.201084,4.5521411760476855
544,54.301086000000005,4.966643989456961
545,54.401088,4.672317614615174
546,54.501090000000005,4.77856975999727
547,54.601092,4.669622828208048
548,54.701094000000005,5.315733551011286
549,54.801096,5.012004496967399
550,54.901098,4.662171865428518
551,55.0011,5.257651627850523
552,55.101102,5.518945201635072
553,55.201104,5.410572636622951
554,55.301106,5.748455970629719
555,55.401108,5.570892668802106
556,55.50111,4.80144987920385
557,55.601112,5.115882473063181
558,55.701114000000004,5.258724198255373
559,55.801116,5.255325708668516
560,55.901118000000004,5.262529821688013
561,56.00112,5.242234573614496
562,56.101122000000004,4.719586505070694
563,56.201124,4.426308885210487
564,56.301126000000004,4.834930931185061
565,56.40112800000001,4.960909626791946
566,56.50113,5.151465850691731
567,56.601132,5.056432603679996
568,56.701133999999996,5.063050876811453
569,56.801136,5.103914367214571
570,56.901137999999996,4.8726917625865935
571,57.00114,4.926034008306014
572,57.101142,4.793295935826738
573,57.201144,4.741986342585799
574,57.301146,4.639379327265752
575,57.401148,4.9520831426978
576,57.50115,4.888579043507272
577,57.601152,4.683849080929579
578,57.701154,4.933655446695307
579,57.801156000000006,5.125801293687493
580,57.901158,5.209650210916102
581,58.001160000000006,5.279059346468597
582,58.101162,4.999740844047583
583,58.201164000000006,5.316169969224051
584,58.301166,5.245878506602793
585,58.401168,5.39014573819752
586,58.501169999999995,5.197467690382556
587,58.601172,5.457447920521412
588,58.701174,5.346024939510987
589,58.801176,5.243508961612819
590,58.901178,5.517695548562784
591,59.00118,5.404652837785093
592,59.101182,5.320714181951919
593,59.201184,4.9623914661346165
594,59.301186,5.187604240381529
595,59.401188000000005,5.606261025484579
596,59.50119,5.413722380161795
597,59.601192000000005,5.333321363235041
598,59.701194,5.595159959529514
599,59.801196000000004,5.65483046880369
600,59.901198,5.422442604580088
601,60.001200000000004,5.239974677310869
602,60.10120200000001,5.074510991514794
603,60.201204,5.075400876332683
604,60.301206,5.4593610972595945
605,60.401208,5.295532456126034
606,60.50121,5.179750951467261
607,60.601212,5.488093222307012
608,60.701214,5.546507276452457
609,60.801216000000004,5.136918033596088
610,60.901218,5.200952959535607
611,61.00122,5.440101432738219
612,61.101222,5.225650405822671
613,61.201224,5.235946705230006
614,61.301226,5.397011976398375
615,61.401228,5.374791944990825
616,61.50123000000001,4.94491520044662
617,61.601232,5.017215870605186
618,61.70123400000001,4.998570126550395
619,61.801236,4.865344498980654
620,61.901238000000006,5.265516972195778
621,62.001239999999996,5.137853155151018
622,62.101242,5.201190311561299
623,62.201243999999996,5.1151980303041595
624,62.301246,4.889076410237918
625,62.401248,5.141481135876922
626,62.50125,5.168742505305819
627,62.601252,5.374177316860123
628,62.701254,5.1951365992338845
629,62.801256,4.997128377499632
630,62.901258,5.0966675973612805
631,63.00126,5.3370944836767595
632,63.101262000000006,5.449213268623732
633,63.201264,5.428905858399677
634,63.301266000000005,5.282735128888354
635,63.401268,5.577638679959846
636,63.501270000000005,5.1017609955841055
637,63.601272,5.425401170801876
638,63.701274000000005,5.052640603951978
639,63.801276,5.0924405396609105
640,63.901278,4.80974280071465
641,64.00128,5.125601927394614
642,64.101282,5.383151701785994
643,64.201284,5.37031165432786
644,64.301286,5.380650929940243
645,64.401288,5.136179799057734
646,64.50129,5.142001842599808
647,64.601292,5.151424455955506
648,64.701294,5.4066200202912835
649,64.80129600000001,5.412301421622326
650,64.901298,5.173718734012867
651,65.0013,5.113773143332833
652,65.101302,5.036110277595859
653,65.20130400000001,5.0788293335924575
654,65.30130600000001,4.985779112303235
655,65.401308,4.795664735972149
656,65.50131,5.086465259551445
657,65.60131200000001,4.803046637689414
658,65.701314,4.626470855604722
659,65.801316,4.694595091940454
660,65.901318,5.055611435625777
661,66.00132,4.949540083798381
662,66.101322,4.853680698564734
663,66.20132400000001,4.964630381291435
664,66.301326,4.697034208405779
665,66.401328,5.296633344535318
666,66.50133,5.302117910281387
667,66.601332,5.043691955324464
668,66.701334,5.176698894088816
669,66.80133599999999,5.26019715166082
670,66.90133800000001,5.52366727261082
671,67.00134,5.046483240531224
672,67.101342,5.50463542361285
673,67.20134399999999,5.1271725199654625
674,67.30134600000001,5.776724081497079
675,67.401348,5.409815536523795
676,67.50135,5.133791322200356
677,67.601352,5.19621825723793
678,67.70135400000001,5.037154984609686
679,67.801356,5.374386475580081
680,67.901358,5.209751254181235
681,68.00136,4.995967235327602
682,68.10136200000001,5.019570513597809
683,68.201364,4.932844357861373
684,68.301366,5.381515887085411
685,68.401368,5.141874421989079
686,68.50137,5.223234601273708
687,68.601372,4.920593268047682
688,68.701374,5.016179567521248
689,68.801376,5.042665702509499
690,68.901378,5.033799188604976
691,69.00138000000001,4.721282605065144
692,69.101382,5.115188718393024
693,69.201384,5.320099896751992
694,69.301386,5.264880373966708
695,69.40138800000001,5.2755572351896465
696,69.50139,4.965084036405115
697,69.601392,5.0906582661342785
698,69.701394,4.823720273649357
699,69.80139600000001,5.001744004977181
700,69.901398,4.999971981564425
701,70.0014,4.741079276609427
702,70.10140200000001,5.2697631450877855
703,70.201404,5.303203611503364
704,70.301406,4.943339279743009
705,70.40140799999999,5.2136177661863075
706,70.50141,5.36085022775422
707,70.601412,5.057593816004821
708,70.701414,5.511971123975898
709,70.801416,5.384557206163441
710,70.901418,5.517884749459684
711,71.00142,5.146928852187747
712,71.101422,5.048160507724268
713,71.201424,5.3769189110229005
714,71.301426,5.192338543653806
715,71.401428,5.252826155126052
716,71.50143000000001,4.900458656623154
717,71.601432,5.081963997040727
718,71.701434,5.226009085718758
719,71.801436,5.289344807110317
720,71.901438,5.399869909878834
721,72.00144,5.1485429095714546
722,72.10144199999999,5.175100136995284
723,72.20144400000001,5.0412362719479065
724,72.301446,5.523957432674667
725,72.401448,5.015924482678589
726,72.50144999999999,5.744692686413785
727,72.60145200000001,5.49683669434168
728,72.701454,5.430234702757097
729,72.801456,5.636571795632
730,72.901458,5.46395651190358
731,73.00146000000001,5.360289300209684
732,73.101462,5.276231363111115
733,73.201464,4.995581287343655
734,73.301466,5.071453287294503
735,73.40146800000001,4.893628028074902
736,73.50147,5.350603215434075
737,73.601472,5.232548803798708
738,73.701474,4.947836228794682
739,73.801476,5.121620706512983
740,73.901478,5.096990300937083
741,74.00148,4.893537791601142
742,74.101482,4.772242728037823
743,74.201484,4.60072198378175
744,74.30148600000001,4.38560132421594
745,74.401488,4.424616044570985
746,74.50149,4.520846695801411
747,74.601492,4.837210859430112
748,74.70149400000001,4.863017478356839
749,74.801496,4.823807933739702
750,74.901498,4.829129837957349
751,75.0015,4.607606308823649
752,75.10150200000001,4.736249944556112
753,75.201504,4.913993940545821
754,75.301506,5.215731920700806
755,75.401508,5.14750174203674
756,75.50151,5.55468607480025
757,75.601512,5.668539532577176
758,75.70151399999999,4.397678103956438
759,75.801516,4.607736586851249
760,75.901518,5.188859302011014
761,76.00152,5.25838345855017
762,76.101522,5.215091158149792
763,76.201524,5.414561773131896
764,76.301526,5.083583162377686
765,76.401528,4.799170984397086
766,76.50153,4.840482042417999
767,76.601532,5.149980791905034
768,76.701534,5.211396688222735
769,76.80153600000001,5.073529799867202
770,76.901538,4.94555104631459
771,77.00154,4.8205618447137555
772,77.101542,4.691366080539941
773,77.201544,4.7001228487083795
774,77.301546,5.022691700070004
775,77.40154799999999,4.919010312925098
776,77.50155000000001,5.0075080665181195
777,77.601552,5.0366382901746745
778,77.701554,5.386525608638551
779,77.80155599999999,4.986403242120549
780,77.90155800000001,5.145279446381171
781,78.00156,5.069664034115575
782,78.101562,4.994203631371193
783,78.201564,5.060088396065549
784,78.30156600000001,5.049224195942457
785,78.401568,5.3240894487830595
786,78.50157,5.067147098615035
787,78.601572,4.971763255779946
788,78.70157400000001,5.0511385217559415
789,78.801576,5.235591262972851
790,78.90157800000001,5.4933442451864885
791,79.00158,5.257639503037472
792,79.101582,5.366972642928758
793,79.201584,5.150619991215704
794,79.301586,5.383728213346303
795,79.401588,5.483698588266323
796,79.50159,5.07222339392005
797,79.60159200000001,5.461276945793569
798,79.701594,5.311144216864818
799,79.801596,5.259142101165378
800,79.90159799999999,5.2493358549227915
801,80.00160000000001,5.174627410361308
802,80.101602,5.249733190033848
803,80.201604,5.171556411650445
804,80.301606,5.199817178427961
805,80.40160800000001,4.842664204848661
806,80.50161,4.9590186331736845
807,80.601612,4.683693709939394
808,80.701614,4.987717633481746
809,80.801616,5.338745672745852
810,80.901618,5.104047720227951
811,81.00161999999999,5.191135751608004
812,81.101622,5.297329931041398
813,81.201624,5.2158769047336
814,81.301626,5.636563661158935
815,81.401628,5.158561549678984
816,81.50163,5.40676330020889
817,81.601632,5.343122805521741
818,81.701634,5.10051091991124
819,81.801636,5.553039067151833
820,81.901638,5.218546027777095
821,82.00164,5.711688132281153
822,82.10164200000001,5.299751789012185
823,82.201644,5.412546120966319
824,82.301646,5.73407283379172
825,82.401648,5.8601105734643335
826,82.50165000000001,5.539273005306619
827,82.601652,5.787942990988282
828,82.70165399999999,5.270866997513336
829,82.80165600000001,5.099557039865868
830,82.901658,5.567430499690141
831,83.00166,5.494866707535948
832,83.10166199999999,5.432944299113126
833,83.20166400000001,4.983036421837734
834,83.301666,5.610189750783592
835,83.401668,5.688429112609638
836,83.50167,5.071510461278482
837,83.60167200000001,5.033167513202546
838,83.701674,4.978216741310817
839,83.801676,5.046885856467016
840,83.901678,5.115440264427642
841,84.00168000000001,5.148377484300047
842,84.101682,5.046950912477714
843,84.20168400000001,5.0413813801192155
844,84.301686,5.182694167442212
845,84.401688,4.943736850274249
846,84.50169,5.461107288139822
847,84.601692,5.284660087082548
848,84.701694,5.129682008561427
849,84.80169599999999,5.2471756489221635
850,84.90169800000001,5.335944768518233
851,85.0017,5.48639029545882
852,85.101702,5.253081047794738
853,85.20170399999999,5.019229590901607
854,85.30170600000001,5.112388786964981
855,85.401708,5.165852931961259
856,85.50171,5.366655239480514
857,85.601712,5.199774924489071
858,85.70171400000001,5.116814227018576
859,85.801716,5.412643618126751
860,85.901718,5.133576827743197
861,86.00172,5.078601041668857
862,86.10172200000001,5.209686163070191
863,86.201724,5.445412628610384
864,86.301726,4.8613880513030745
865,86.401728,5.020624545268958
866,86.50173,5.212927218905478
867,86.601732,5.170317044269703
868,86.701734,5.54029563721813
869,86.801736,5.427625071868685
870,86.901738,5.122922473146393
871,87.00174000000001,4.724271371305484
872,87.101742,5.124676562038804
873,87.201744,4.650878248797563
874,87.301746,4.840050155140922
875,87.40174800000001,5.110813587749784
876,87.50175,5.467987515475543
877,87.601752,5.1652727610165385
878,87.701754,4.882879886264853
879,87.80175600000001,4.998135469690102
880,87.901758,5.084801493248362
881,88.00175999999999,5.1474201648919315
882,88.10176200000001,5.112245303725498
883,88.201764,4.91577471503232
884,88.301766,5.114696349837544
885,88.40176799999999,5.017194355924937
886,88.50177000000001,4.9284752399016325
887,88.601772,4.974021207832259
888,88.701774,5.157986998088688
889,88.801776,5.247405360571563
890,88.90177800000001,5.110439736205064
891,89.00178,5.03932501271136
892,89.101782,4.641947716005601
893,89.201784,4.827558661677862
894,89.301786,4.678228431603329
895,89.401788,4.978662608398097
896,89.50179000000001,5.006889913817824
897,89.601792,5.021890266922234
898,89.701794,4.985728149003494
899,89.801796,4.932360042216672
900,89.901798,4.7171065608523906
901,90.0018,5.028742608276209
902,90.10180199999999,4.9354094281126
903,90.20180400000001,4.876054190975952
904,90.301806,4.952685867150498
905,90.401808,5.0498469028742115
906,90.50180999999999,5.073079875882508
907,90.60181200000001,4.958140213999234
908,90.701814,5.106279218835151
909,90.801816,4.987998656293227
910,90.901818,5.001886690268716
911,91.00182000000001,5.049148659888158
912,91.101822,5.157731545660542
913,91.201824,5.007275431323961
914,91.301826,4.870930284190822
915,91.40182800000001,4.969528072777104
916,91.50183,5.231294685400122
917,91.601832,5.056673237034602
918,91.701834,5.14480599899072
919,91.801836,5.055611133123494
920,91.901838,4.945069020967683
921,92.00184,5.0165524198757305
922,92.101842,5.07042463957256
923,92.201844,4.726828246779776
924,92.30184600000001,5.002771171126165
925,92.401848,4.952928279229569
926,92.50185,4.977813222368099
927,92.601852,4.743389757385401
928,92.70185400000001,5.058930560005355
929,92.801856,4.5678137245405726
930,92.901858,4.7555823435532805
931,93.00186,4.590131850746628
932,93.10186200000001,4.812803340423646
933,93.201864,4.508677608703197
934,93.301866,4.762258585041053
935,93.40186800000001,4.954675673264035
936,93.50187,4.861237416391381
937,93.601872,4.488746801023199
938,93.70187399999999,4.57067965025927
939,93.80187600000001,4.961672480653302
940,93.901878,4.856967753073107
941,94.00188,5.13501153305373
942,94.101882,4.90973329255881
943,94.201884,4.781525624679941
944,94.301886,4.744476031247487
945,94.401888,4.7855304341707186
946,94.50189,4.8578138667325454
947,94.601892,4.9340383205120695
948,94.701894,5.10248516986225
949,94.80189600000001,5.085106829192149
950,94.901898,4.918909732826668
951,95.0019,5.092185890105308
952,95.101902,5.183641174501469
953,95.201904,4.945123000014992
954,95.301906,4.727242917933073
955,95.40190799999999,4.819865144462235
956,95.50191000000001,4.985847370041209
957,95.601912,4.90382437309584
958,95.701914,5.235686496946446
959,95.80191599999999,5.143166607562536
960,95.90191800000001,5.215340473106065
961,96.00192,5.208841193652002
962,96.101922,5.264571819260457
963,96.201924,4.999675392430634
964,96.30192600000001,5.112367612701345
965,96.401928,4.921850499875532
966,96.50193,5.06571213768716
967,96.601932,5.260571786558901
968,96.70193400000001,4.913392001492038
969,96.801936,5.033052078075912
970,96.90193800000002,4.940066458133509
971,97.00194,4.9148834458832384
972,97.101942,4.99720226288196
973,97.201944,5.136605872887527
974,97.301946,4.987888600555338
975,97.401948,5.185661452525965
976,97.50195,5.0545334837040725
977,97.60195200000001,5.1509147346812005
978,97.701954,4.8231922360582
979,97.801956,5.082542958003555
980,97.901958,5.05122035363505
981,98.00196000000001,4.871395456589573
982,98.101962,5.137061490109712
983,98.201964,5.009353206838056
984,98.30196600000001,4.773233792888068
985,98.40196800000001,5.195774264371274
986,98.50197,5.072134231685228
987,98.601972,5.008920405664545
988,98.701974,5.179613519939415
989,98.801976,5.154751456250094
990,98.901978,5.050814364914604
991,99.00197999999999,5.036612189704231
992,99.101982,5.046893441307297
993,99.201984,4.747264567555835
994,99.301986,4.862064593719473
995,99.401988,5.011372472798501
996,99.50199,4.9365218808785825
997,99.601992,4.797225298008899
998,99.701994,4.8760266734757645
999,99.801996,5.429121855938378
1000,99.901998,5.169585075269078
1001,100.002,4.9628581491197306
1002,100.10200200000001,5.177096336255949
1003,100.202004,5.255737889506474
1004,100.302006,5.112563043028303
1005,100.402008,4.8133234521923445
1006,100.50201000000001,5.143435095721532
1007,100.602012,5.0831014062277315
1008,100.70201399999999,4.950598323355631
1009,100.80201600000001,4.9684638064659685
1010,100.902018,5.30640064565678
1011,101.00202,5.107605069758178
1012,101.10202199999999,4.865726519347038
1013,101.20202400000001,4.792111652850611
1014,101.302026,5.313802238822261
1015,101.402028,5.258726041476337
1016,101.50203,4.844918461149892
1017,101.60203200000001,5.1322118543351
1018,101.702034,4.857420100716791
1019,101.802036,5.049457111000854
1020,101.902038,4.685647399217972
1021,102.00204000000001,4.608822153511219
1022,102.102042,4.811960090089106
1023,102.20204400000001,4.985074464402526
1024,102.302046,4.958760335838747
1025,102.402048,4.894199767885362
1026,102.50205,5.213379683667075
1027,102.602052,4.903849529062341
1028,102.702054,5.124823968555712
1029,102.802056,5.110702681358712
1030,102.90205800000001,4.968414209023797
1031,103.00206,4.796508476283988
1032,103.102062,5.124762399906408
1033,103.202064,5.069954856561842
1034,103.30206600000001,4.93848143433354
1035,103.402068,4.738177695315883
1036,103.50207,5.029205283432861
1037,103.602072,4.575752656812607
1038,103.70207400000001,4.964654244588131
1039,103.802076,4.876562879394502
1040,103.902078,4.624063338534711
1041,104.00208,4.591555032405023
1042,104.10208200000001,4.812774951366971
1043,104.202084,5.301930760733064
1044,104.302086,4.963486629542893
1045,104.402088,4.905818341843157
1046,104.50209,5.161935487843782
1047,104.602092,4.934613730093237
1048,104.702094,4.909822897590953
1049,104.802096,5.251373151719273
1050,104.902098,5.046969367257288
1051,105.00210000000001,5.318454779573461
1052,105.102102,5.276567998402403
1053,105.202104,5.326336581285474
1054,105.302106,5.063173802379725
1055,105.40210800000001,5.197835248179388
1056,105.50211,5.300213784606545
1057,105.602112,5.228505575220962
1058,105.702114,5.09479932171493
1059,105.80211600000001,4.932178582018246
1060,105.902118,5.028924417667833
1061,106.00211999999999,5.240097021260627
1062,106.10212200000001,5.516056536815957
1063,106.202124,5.435265936800758
1064,106.302126,4.944987056996788
1065,106.40212799999999,5.025092305612026
1066,106.50213000000001,4.916469968329449
1067,106.602132,5.183114495397849
1068,106.702134,5.203949098687173
1069,106.802136,5.019889705367183
1070,106.90213800000001,5.1418454825047055
1071,107.00214,5.324491378918534
1072,107.102142,5.182640682883566
1073,107.202144,5.045438184570461
1074,107.30214600000001,5.294085467445305
1075,107.402148,5.257389471608823
1076,107.50215000000001,4.849689249463061
1077,107.602152,4.755185064623338
1078,107.702154,4.759038489560923
1079,107.802156,4.961755855026511
1080,107.902158,5.255877675809172
1081,108.00216,5.113071202359296
1082,108.10216199999999,4.803379000508782
1083,108.20216400000001,4.693472369259692
1084,108.302166,4.635665241365268
1085,108.402168,4.995174858250708
1086,108.50216999999999,4.80310459429999
1087,108.60217200000001,5.119827916043163
1088,108.702174,4.943824330241783
1089,108.802176,4.9927931589586345
1090,108.902178,5.10216762672152
1091,109.00218000000001,4.911785491470636
1092,109.102182,5.005558533244734
1093,109.202184,4.84964166420243
1094,109.302186,5.079978968054662
1095,109.40218800000001,5.087051822908749
1096,109.50219,5.119998834452796
1097,109.602192,4.9781935762954195
1098,109.702194,4.935367780582045
1099,109.802196,5.171761865541629
1100,109.902198,5.310413689444335
1101,110.0022,5.278372727872778
1102,110.102202,5.408263533183354
1103,110.202204,5.107151725388995
1104,110.30220600000001,5.1516161304072785
1105,110.402208,4.994379682110157
1106,110.50221,4.828958034875424
1107,110.602212,4.766394840091147
1108,110.70221400000001,4.629043973317258
1109,110.802216,4.737792040547318
1110,110.902218,4.901257201382208
1111,111.00222,4.805456374715795
1112,111.10222200000001,4.871060958900738
1113,111.202224,4.797187760541257
1114,111.30222599999999,4.566349786641604
1115,111.40222800000001,4.753727995569891
1116,111.50223,4.527940650648072
1117,111.602232,4.526149716254332
1118,111.70223399999999,4.469306905459391
1119,111.80223600000001,4.515165939470389
1120,111.902238,4.616156965943208
1121,112.00224,4.44659898379918
1122,112.102242,4.268018589640369
1123,112.20224400000001,4.611232066396313
1124,112.302246,4.810277775638686
1125,112.402248,4.949083634254912
1126,112.50225,4.710290934912008
1127,112.60225200000001,4.699990692820255
1128,112.702254,4.760257145443855
1129,112.80225600000001,4.53629866101315
1130,112.902258,4.557212629216213
1131,113.00226,4.635655750519588
1132,113.102262,5.026146773733301
1133,113.202264,4.803891009938907
1134,113.302266,5.331921791036717
1135,113.40226799999999,4.975490578607328
1136,113.50227000000001,4.923882683542284
1137,113.602272,5.144616347473264
1138,113.702274,5.161275821367589
1139,113.80227599999999,5.144548637752341
1140,113.90227800000001,4.834528126123822
1141,114.00228,4.781159439970343
1142,114.102282,5.060487325505721
1143,114.202284,4.634053113862899
1144,114.30228600000001,4.6996886953692565
1145,114.402288,4.885253866943426
1146,114.50229,5.076441231113886
1147,114.602292,5.0068476032171345
1148,114.70229400000001,4.982131418127221
1149,114.802296,4.641872145300484
1150,114.902298,4.932256719720105
1151,115.0023,4.373624288630783
1152,115.102302,4.660892336578907
1153,115.202304,4.627411778561465
1154,115.302306,4.691715353746856
1155,115.402308,4.727591706446379
1156,115.50231,4.833032206586328
1157,115.60231200000001,4.9336367080870565
1158,115.702314,5.0259896183224155
1159,115.802316,4.829818265489461
1160,115.902318,4.870947034138278
1161,116.00232000000001,5.085544279891114
1162,116.102322,5.0747835553648954
1163,116.202324,4.9661878945025535
1164,116.30232600000001,4.9048056946626994
1165,116.40232800000001,4.991040957183895
1166,116.50233,4.989076049672173
1167,116.602332,4.861900863401009
1168,116.70233400000001,5.1730727463487804
1169,116.802336,5.276220959255243
1170,116.902338,4.9396848065088825
1171,117.00233999999999,5.333774787036774
1172,117.10234200000001,5.152621332568015
1173,117.202344,4.943851379206769
1174,117.302346,4.966814705211277
1175,117.402348,4.795740471849042
1176,117.50235,4.868942091536158
1177,117.602352,4.727402992090697
1178,117.702354,4.888742809071066
1179,117.802356,5.067368803118745
1180,117.902358,5.150460331370565
1181,118.00236,5.221681216994734
1182,118.10236200000001,5.1001668919465795
1183,118.202364,5.104661482209583
1184,118.302366,4.840089321569843
1185,118.402368,4.768014182181793
1186,118.50237,4.766471459047164
1187,118.602372,4.81181802849496
1188,118.70237399999999,4.910952087318101
1189,118.80237600000001,4.760667189062599
1190,118.902378,4.790776278666224
1191,119.00238,5.050840180338881
1192,119.10238199999999,5.171229533862837
1193,119.20238400000001,5.059396568939565
1194,119.302386,4.9676407157418785
1195,119.402388,4.726464075201453
1196,119.50239,5.003457467023149
1197,119.60239200000001,5.045738099743417
1198,119.702394,4.897857575150058
1199,119.802396,5.032500011968112
1200,119.902398,4.837320190365805
1201,120.00240000000001,4.854674788489789
1202,120.102402,5.084339340899987
1203,120.20240400000002,5.260483685917424
1204,120.302406,5.259756921685317
1205,120.402408,5.09722846856123
1206,120.50241,4.867895649022427
1207,120.602412,5.116738619487623
1208,120.702414,5.006680210705455
1209,120.802416,5.462211444859815
1210,120.90241800000001,5.159586150179108
1211,121.00242,4.918902700723891
1212,121.102422,5.3776250488499935
1213,121.202424,4.612183821032721
1214,121.30242600000001,4.832505766989896
1215,121.402428,4.8508594369945905
1216,121.50243,4.653777193912348
1217,121.60243200000001,4.8472238025846766
1218,121.70243400000001,4.882533941723773
1219,121.802436,4.856641025002454
1220,121.902438,5.01304851656838
1221,122.00244,4.731407598194676
1222,122.102442,4.697189704379725
1223,122.202444,4.74271072065881
1224,122.302446,4.6932277446483
1225,122.402448,5.053423876149145
1226,122.50245,4.8908250855043605
1227,122.602452,4.910002586740957
1228,122.702454,5.067277808727135
1229,122.802456,5.169709282487509
1230,122.902458,4.94051728343438
1231,123.00246000000001,4.897264067801658
1232,123.102462,4.601517720669438
1233,123.202464,4.6519040807023355
1234,123.302466,4.923363442498863
1235,123.40246800000001,4.455127697885658
1236,123.50247,4.5206056784411786
1237,123.602472,4.413769291145013
1238,123.702474,4.529810214360821
1239,123.80247600000001,4.484885607333461
1240,123.902478,4.747594307908379
1241,124.00247999999999,4.453559279718897
1242,124.10248200000001,4.455042166667916
1243,124.202484,4.6986948566906355
1244,124.302486,4.660003249498524
1245,124.40248799999999,4.560557911190841
1246,124.50249000000001,4.364465225338291
1247,124.602492,4.5897300185081935
1248,124.702494,4.807101952218691
1249,124.802496,5.026698254585406
1250,124.90249800000001,4.957101018833154
1251,125.0025,4.75610562277074
1252,125.102502,4.888231266307591
1253,125.202504,4.685815199630118
1254,125.30250600000001,4.494196282061202
1255,125.402508,4.798806760366009
1256,125.50251000000002,4.7598410026756675
1257,125.602512,4.735954223591306
1258,125.702514,4.860536052055409
1259,125.802516,4.646337337968115
1260,125.902518,4.655723759889012
1261,126.00252,4.904754954691504
1262,126.102522,5.084385140886434
1263,126.20252400000001,5.244935547006127
1264,126.302526,5.130924611321978
1265,126.402528,4.861091665610119
1266,126.50253,4.817760161420521
1267,126.60253200000001,4.7428404734932
1268,126.702534,5.029237937596364
1269,126.802536,5.211838330040686
1270,126.902538,4.9179658469487
1271,127.00254000000001,5.148468477933826
1272,127.102542,5.055441399320491
1273,127.202544,5.015520046267318
1274,127.302546,5.006070702794824
1275,127.40254800000001,4.760716322204905
1276,127.50255,4.857556210163915
1277,127.602552,4.845256304586326
1278,127.702554,4.826423280743855
1279,127.802556,4.659948533370147
1280,127.902558,4.7970578270978885
1281,128.00256,4.790627980396744
1282,128.102562,4.666160514714864
1283,128.202564,4.513649022139446
1284,128.302566,4.921450898362342
1285,128.402568,4.671200952177679
1286,128.50257000000002,4.49822254627496
1287,128.602572,4.82239588261025
1288,128.702574,4.6357888361554815
1289,128.802576,4.843527233142251
1290,128.902578,4.723354054468844
1291,129.00258,4.7889086327593064
1292,129.102582,4.8240554164465435
1293,129.202584,4.778044877215487
1294,129.302586,4.919370613432719
1295,129.402588,4.773197129972498
1296,129.50259,4.778693365307928
1297,129.60259200000002,4.676875967157877
1298,129.702594,4.924534758412315
1299,129.802596,5.1392839600911095
1300,129.902598,4.796934072240875
1301,130.0026,5.075029518775779
1302,130.102602,4.883227549213712
1303,130.202604,4.865468435343703
1304,130.302606,4.895623393211111
1305,130.40260800000001,4.969217227893218
1306,130.50261,4.688566653340145
1307,130.60261200000002,5.294185674991651
1308,130.702614,5.0733471442985305
1309,130.802616,5.13901991884639
1310,130.902618,5.176696727690116
1311,131.00262,4.988349944941676
1312,131.102622,5.015838201850355
1313,131.20262400000001,4.9139794932920315
1314,131.30262599999998,4.974053007808337
1315,131.402628,4.883915365293117
1316,131.50263,4.719502583715704
1317,131.602632,4.978754987676453
1318,131.702634,4.813251092299639
1319,131.802636,4.888604846351298
1320,131.902638,4.606560355805479
1321,132.00264,4.614235120138383
1322,132.102642,4.872544205718137
1323,132.202644,4.644915179468059
1324,132.302646,4.836145703727227
1325,132.40264800000003,4.781271411954128
1326,132.50265,4.743892705807981
1327,132.602652,4.949874197627416
1328,132.702654,4.819659581185331
1329,132.802656,4.997584170216621
1330,132.902658,5.109346434058616
1331,133.00266,4.830339345677038
1332,133.102662,4.822337038062006
1333,133.202664,4.9290625195196585
1334,133.302666,5.029676544176478
1335,133.402668,4.999787831119556
1336,133.50267000000002,5.123781925325911
1337,133.60267199999998,5.200924555536317
1338,133.702674,5.034272253027689
1339,133.80267600000002,4.863370477356931
1340,133.902678,4.9690988017032325
1341,134.00268,5.214593976621948
1342,134.102682,5.278551378860378
1343,134.202684,5.288352355095263
1344,134.30268600000002,5.209925157746979
1345,134.40268799999998,5.053831228556053
1346,134.50269,5.088849948151257
1347,134.60269200000002,5.032834641501959
1348,134.70269399999998,5.049498249649814
1349,134.802696,5.363053759120383
1350,134.90269800000002,5.32101917738062
1351,135.0027,5.248109598816779
1352,135.102702,4.944702711001773
1353,135.202704,5.029866440912108
1354,135.302706,5.076618225694921
1355,135.40270800000002,5.1737157028475
1356,135.50270999999998,5.015191482314747
1357,135.602712,4.995562790303492
1358,135.70271400000001,4.584720347227563
1359,135.802716,4.871814322393002
1360,135.902718,4.989323945625995
1361,136.00272,5.309380580926216
1362,136.102722,5.138080386925919
1363,136.20272400000002,5.321577745578009
1364,136.302726,4.87034908432627
1365,136.402728,5.002485142151026
1366,136.50273,4.848930319654027
1367,136.602732,5.174952278616221
1368,136.702734,5.131776217313233
1369,136.802736,5.08623280811809
1370,136.902738,5.0441159443388575
1371,137.00274,5.221885675888878
1372,137.102742,5.01533458520888
1373,137.202744,5.1562411022116486
1374,137.302746,4.85681263592816
1375,137.402748,5.113234277588823
1376,137.50275,5.165907271586072
1377,137.602752,5.002187532026953
1378,137.70275400000003,4.935306438372081
1379,137.802756,5.414582172889522
1380,137.902758,4.824785744248403
1381,138.00276000000002,5.089174429230386
1382,138.102762,5.300464354590572
1383,138.202764,4.91712499788187
1384,138.302766,5.0215188648042774
1385,138.402768,5.15233647010867
1386,138.50277,5.126988640111113
1387,138.602772,5.134474042507015
1388,138.702774,5.047134111117652
1389,138.80277600000002,4.854447818985491
1390,138.90277799999998,4.714703988070931
1391,139.00278,5.0177322783279195
1392,139.10278200000002,4.894366330640672
1393,139.202784,5.008764121479909
1394,139.302786,5.258256252194994
1395,139.402788,4.902417605551147
1396,139.50279,4.838361069912326
1397,139.60279200000002,5.324386638701328
1398,139.70279399999998,5.408190152605931
1399,139.802796,5.197557835872003
1400,139.90279800000002,5.264632125780406
1401,140.0028,5.345622890380619
1402,140.102802,5.369661837208035
1403,140.20280400000001,5.336087177601562
1404,140.302806,5.388068067550522
1405,140.402808,5.384569466847574
1406,140.50281,5.307891547797459
1407,140.602812,5.308326012948764
1408,140.70281400000002,5.1005328238662875
1409,140.80281599999998,5.273045281943444
1410,140.902818,5.11683784999786
1411,141.00282,5.08488651511581
1412,141.102822,5.380113585536792
1413,141.202824,4.95036353037732
1414,141.302826,5.129552362498663
1415,141.402828,4.860759554693726
1416,141.50283000000002,5.289473530490064
1417,141.602832,4.75612991106896
1418,141.702834,5.444390861143566
1419,141.802836,5.036106565748141
1420,141.902838,4.950455155024403
1421,142.00284,5.2652332934719235
1422,142.102842,5.717588336977913
1423,142.202844,5.512908411445778
1424,142.302846,5.266066438634299
1425,142.402848,5.578610036886163
1426,142.50285,5.476359309929876
1427,142.602852,5.2914585970795
1428,142.702854,5.749334289834626
1429,142.802856,5.631523224511543
1430,142.902858,5.624297416867987
1431,143.00286000000003,5.390470234209774
1432,143.102862,5.547113041957343
1433,143.202864,5.4119122727138445
1434,143.30286600000002,5.771305832138219
1435,143.402868,5.701813145216426
1436,143.50287,5.593601539031853
1437,143.602872,5.380330368219229
1438,143.702874,5.279408988887349
1439,143.802876,5.3436331762885505
1440,143.902878,5.224005329997511
1441,144.00288,5.079900785240574
1442,144.10288200000002,5.588688613796193
1443,144.20288399999998,5.390669434620338
1444,144.302886,5.441671649000982
1445,144.40288800000002,5.406518393964869
1446,144.50289,5.382086313593174
1447,144.602892,5.118555108780532
1448,144.702894,5.665904306621252
1449,144.802896,5.401059668696788
1450,144.90289800000002,5.462933979531744
1451,145.00289999999998,5.45065705513509
1452,145.102902,5.488616998630204
1453,145.20290400000002,5.098759724892011
1454,145.302906,5.039679072885999
1455,145.402908,5.580651163234972
1456,145.50291,5.540829665273416
1457,145.602912,5.356207687699078
1458,145.702914,4.973520015975424
1459,145.802916,5.702031423189408
1460,145.902918,5.554306357721787
1461,146.00292000000002,5.2651187228273075
1462,146.10292199999998,5.595643781365125
1463,146.202924,5.640947159204768
1464,146.302926,5.266984354133258
1465,146.402928,5.056738019819238
1466,146.50293,5.356908563663442
1467,146.602932,5.275917101118004
1468,146.702934,5.3207231851623105
1469,146.80293600000002,5.35158900898364
1470,146.902938,5.514469278871739
1471,147.00294,5.6730811250455
1472,147.102942,5.427131554341614
1473,147.202944,5.50820149995997
1474,147.302946,5.552437378622742
1475,147.402948,5.348988057335214
1476,147.50295,5.512016443498355
1477,147.602952,5.208526930896159
1478,147.702954,5.4447733244650935
1479,147.802956,5.307588258225343
1480,147.902958,5.367672431633488
1481,148.00296,5.303920447706073
1482,148.102962,5.222861035481014
1483,148.202964,4.684314543121936
1484,148.30296600000003,4.923311720175584
1485,148.402968,5.145403938434579
1486,148.50297,5.146315073527118
1487,148.60297200000002,5.317414275738821
1488,148.702974,5.038907091544732
1489,148.802976,5.388344409086735
1490,148.902978,4.947817664768968
1491,149.00298,5.218940676721002
1492,149.102982,5.408115514146077
1493,149.202984,5.218984588243203
1494,149.302986,5.630056390405393
1495,149.40298800000002,5.857674044740623
1496,149.50298999999998,5.906915149760792
1497,149.602992,5.892182214338085
1498,149.70299400000002,5.551302581950416
1499,149.802996,5.608623586781075
1500,149.902998,5.741651253590054
1501,150.003,5.345485041379195
1502,150.103002,5.942032121356808
1503,150.20300400000002,5.838851938725792
1504,150.30300599999998,5.373383303856929
1505,150.403008,6.258028462751952
1506,150.50301000000002,4.983300652709141
1507,150.603012,5.430903543894723
1508,150.703014,5.161666470142353
1509,150.803016,5.661356042845581
1510,150.903018,5.752205764378193
1511,151.00302,5.916574756042072
1512,151.103022,5.4623369053637445
1513,151.203024,5.8699408120427785
1514,151.30302600000002,5.760687517832062
1515,151.40302799999998,5.27007084223315
1516,151.50303,5.334030975966578
1517,151.603032,5.219637232213243
1518,151.703034,5.288534838408434
1519,151.803036,5.511994653070674
1520,151.903038,5.51300369402024
1521,152.00304,5.431763760535491
1522,152.10304200000002,5.4832591613164015
1523,152.203044,5.168361823871421
1524,152.303046,5.578513163733461
1525,152.403048,5.851061232808665
1526,152.50305000000003,5.746405839793806
1527,152.603052,5.5584027246108345
1528,152.703054,5.69331846663079
1529,152.803056,5.83144145005621
1530,152.903058,5.278681848625925
1531,153.00306,5.584449872636835
1532,153.103062,5.613645250374982
1533,153.203064,5.638043396560319
1534,153.303066,4.751417767764012
1535,153.403068,5.266602900937646
1536,153.50307,5.182062379067022
1537,153.60307200000003,5.83988694914833
1538,153.703074,5.698898621856378
1539,153.803076,5.854810128908025
1540,153.90307800000002,5.532668309551445
1541,154.00308,4.773740030157017
1542,154.103082,4.717337631206942
1543,154.203084,4.328134851411995
1544,154.303086,4.437880335895361
1545,154.403088,4.580255731090416
1546,154.50309,5.131385765154193
1547,154.603092,4.536225964765182
1548,154.70309400000002,4.12835109765114
1549,154.80309599999998,4.385990679804409
1550,154.903098,3.9847586068134544
1551,155.00310000000002,4.163047011448638
1552,155.103102,4.485014022045801
1553,155.203104,4.1991147536777556
1554,155.303106,3.83105205601289
1555,155.403108,3.9342814167116322
1556,155.50311000000002,4.33329758437185
1557,155.60311199999998,3.8572962623780866
1558,155.703114,4.531949436260504
1559,155.80311600000002,4.086379345400784
1560,155.903118,3.85396569965806
1561,156.00312,3.9405304481805596
1562,156.103122,3.843457777296629
1563,156.203124,4.334114272656497
1564,156.303126,4.414940412251161
1565,156.403128,5.042193085921687
1566,156.50313,4.190550057075043
1567,156.60313200000002,5.03814695179461
1568,156.70313399999998,4.79710387903454
1569,156.803136,4.282068341924459
1570,156.903138,4.464188165310741
1571,157.00314,5.376469788378572
1572,157.103142,5.067120042537252
1573,157.203144,5.057546860954001
1574,157.303146,4.633843107536173
1575,157.40314800000002,4.148405681685421
1576,157.50315,3.9050411216368546
1577,157.603152,4.147680352618304
1578,157.703154,4.3410037988502905
1579,157.80315600000003,4.152984389611535
1580,157.903158,4.642824316307228
1581,158.00316,4.449017063407446
1582,158.103162,4.098001406189238
1583,158.203164,4.427606479275861
1584,158.303166,4.4827097991918965
1585,158.403168,4.430359012039973
1586,158.50317,4.535232231238151
1587,158.603172,4.435408501151192
1588,158.703174,4.527145660514647
1589,158.803176,3.91020238858206
1590,158.90317800000003,4.415728966302051
1591,159.00318,4.095274769835637
1592,159.103182,5.00402089722635
1593,159.20318400000002,3.3502193640790017
1594,159.303186,4.335878277205049
1595,159.403188,4.982870828327115
1596,159.50319,4.830207030663716
1597,159.603192,5.114434088636755
1598,159.70319400000002,5.2667119772079385
1599,159.80319599999999,4.80479475461411
1600,159.903198,4.915211676431115
1601,160.00320000000002,5.120138557049766
1602,160.10320199999998,5.118814493350066
1603,160.203204,5.154477737088692
1604,160.30320600000002,5.090733733142086
1605,160.403208,5.273392135915823
1606,160.50321,5.094815895165463
1607,160.603212,4.825037506074415
1608,160.703214,5.162124307652857
1609,160.80321600000002,5.174856098306084
1610,160.90321799999998,4.913583366841968
1611,161.00322,5.032942255541296
1612,161.10322200000002,5.1078921152874655
1613,161.203224,5.068097243356828
1614,161.303226,4.8001833467063095
1615,161.403228,4.5227427447315565
1616,161.50323,4.870577950141854
1617,161.603232,4.918050721805393
1618,161.703234,5.378569720866208
1619,161.803236,5.579053385281342
1620,161.90323800000002,5.100199264673178
1621,162.00323999999998,4.746983755903069
1622,162.103242,4.865287851306675
1623,162.203244,5.207749673854753
1624,162.303246,5.346381975623878
1625,162.403248,5.095173159797014
1626,162.50325,4.97154728169531
1627,162.603252,5.557113446588814
1628,162.70325400000002,5.425947500683113
1629,162.803256,5.442533996262973
1630,162.903258,5.305271040179611
1631,163.00326,4.705478539393737
1632,163.10326200000003,5.179633357346777
1633,163.203264,4.332463419146277
1634,163.303266,4.907283810977324
1635,163.403268,4.886086239193971
1636,163.50327,4.693362661409112
1637,163.603272,5.243658989183663
1638,163.703274,4.742651263423893
1639,163.803276,4.636167820756318
1640,163.903278,5.290624266430516
1641,164.00328,4.926603059735834
1642,164.103282,4.703011489659988
1643,164.20328400000002,4.952701410339016
1644,164.30328599999999,5.232027964533091
1645,164.403288,5.06318283464511
1646,164.50329000000002,4.814745574295049
1647,164.603292,4.808951829109823
1648,164.703294,4.69181621092684
1649,164.803296,5.855478667915718
1650,164.903298,5.865801453917128
1651,165.00330000000002,5.849276335913792
1652,165.10330199999999,5.3363435886438175
1653,165.203304,5.742132518771846
1654,165.30330600000002,4.996336229773751
1655,165.40330799999998,5.08622266973359
1656,165.50331,5.422896416468562
1657,165.60331200000002,5.747082691267955
1658,165.703314,5.027525282433073
1659,165.803316,5.214607532889404
1660,165.903318,5.25271399618427
1661,166.00332,5.570989412234659
1662,166.10332200000002,5.730470630869477
1663,166.20332399999998,5.835325012455946
1664,166.303326,5.7981225260305225
1665,166.40332800000002,5.281854048550906
1666,166.50333,6.009397886909182
1667,166.603332,5.65385661030755
1668,166.703334,6.0026873928300795
1669,166.803336,5.825560371769779
1670,166.90333800000002,5.35911246908222
1671,167.00334,5.2690653174587805
1672,167.103342,5.4834003524472
1673,167.20334400000002,5.21784265288466
1674,167.30334599999998,5.565559893087522
1675,167.403348,5.2852732184323274
1676,167.50335,5.896977115455172
1677,167.603352,5.6298855073023315
1678,167.703354,5.72394234496305
1679,167.803356,5.571709330942424
1680,167.903358,5.7857672397333175
1681,168.00336000000001,5.8881840183914695
1682,168.103362,5.7029297652506505
1683,168.203364,5.829674129486271
1684,168.303366,5.981037978218352
1685,168.40336800000003,5.564093464617531
1686,168.50337,5.705106342356232
1687,168.603372,5.112372385773969
1688,168.703374,5.595214954953688
1689,168.803376,5.43595657915848
1690,168.903378,5.662230141477153
1691,169.00338,5.6613369144345675
1692,169.103382,5.474742620137986
1693,169.203384,4.886083995254543
1694,169.303386,5.316833575033719
1695,169.403388,5.73165095547964
1696,169.50339000000002,5.437321708999175
1697,169.60339199999999,5.475232583625407
1698,169.703394,5.385732784780317
1699,169.80339600000002,5.068258440097824
1700,169.903398,5.169143506846371
1701,170.0034,5.241371064901344
1702,170.103402,5.220786785021292
1703,170.203404,5.699543787790519
1704,170.30340600000002,5.3021288296525935
1705,170.40340799999998,5.8578259661026815
1706,170.50341,5.499219758600161
1707,170.60341200000002,5.370481190680859
1708,170.70341399999998,5.6785727237984425
1709,170.803416,5.7986618306157975
1710,170.90341800000002,5.6806596019773306
1711,171.00342,5.488535963380185
1712,171.103422,5.408988737504922
1713,171.203424,5.319964855480576
1714,171.303426,5.322609841863558
1715,171.40342800000002,5.5414659969163464
1716,171.50342999999998,5.33905091367525
1717,171.603432,5.484348991835251
1718,171.70343400000002,5.579831061684619
1719,171.803436,5.0697756961833225
1720,171.903438,5.246291838147997
1721,172.00344,5.3436536846728915
1722,172.103442,4.939561906158719
1723,172.20344400000002,5.059986144272887
1724,172.303446,5.217308600264471
1725,172.403448,5.16770005394857
1726,172.50345000000002,4.947102547335792
1727,172.603452,5.559487713332246
1728,172.703454,5.578908041087381
1729,172.803456,5.826697510371121
1730,172.903458,6.059326651668701
1731,173.00346,5.624625025484104
1732,173.103462,5.6401045087033195
1733,173.203464,5.855252264218441
1734,173.30346600000001,5.172347652132233
1735,173.403468,5.552925592975453
1736,173.50347,5.607233355795748
1737,173.603472,5.130130277241696
1738,173.70347400000003,5.242804498867189
1739,173.803476,5.544706937411694
1740,173.903478,5.488110994991273
1741,174.00348000000002,5.537411767408652
1742,174.103482,5.8718444811693375
1743,174.203484,5.513136480778405
1744,174.303486,5.789961216631027
1745,174.403488,5.271233996548469
1746,174.50349,5.391176656498256
1747,174.603492,5.822831427691864
1748,174.703494,5.766461593344697
1749,174.80349600000002,5.855421529366452
1750,174.90349799999998,5.887035829108148
1751,175.0035,5.653069623490723
1752,175.10350200000002,5.436969213946471
1753,175.203504,5.003737407046771
1754,175.303506,5.369684028942835
1755,175.403508,5.303436638179783
1756,175.50351,4.990818357940077
1757,175.60351200000002,5.067729454318584
1758,175.70351399999998,5.494786934097069
1759,175.803516,5.180315450304091
1760,175.90351800000002,5.522686826950617
1761,176.00351999999998,5.278844662269784
1762,176.103522,5.246353725043656
1763,176.20352400000002,5.38393027759842
1764,176.303526,5.417740304395351
1765,176.403528,5.5202116752185795
1766,176.50353,4.9083681234083505
1767,176.603532,5.087332682790311
1768,176.70353400000002,5.265727344907073
1769,176.80353599999998,5.236846458200656
1770,176.903538,5.536389636380855
1771,177.00354000000002,5.720626744310787
1772,177.103542,5.212647460554862
1773,177.203544,5.282333786137199
1774,177.303546,4.791171276833713
1775,177.403548,4.960833535775634
1776,177.50355000000002,4.851457266869774
1777,177.603552,5.093648809050026
1778,177.703554,5.37707501352035
1779,177.80355600000001,5.384624174066915
1780,177.903558,5.19505259526784
1781,178.00356,5.242779490612611
1782,178.103562,5.134349238226187
1783,178.203564,5.642818419274275
1784,178.303566,5.121553311154905
1785,178.403568,5.231647863484832
1786,178.50357,5.452722508381224
1787,178.603572,5.17947088534089
1788,178.703574,5.083696089040783
1789,178.803576,5.481346814850108
1790,178.903578,5.317006454081463
1791,179.00358000000003,4.936697882069214
1792,179.103582,5.356417845020097
1793,179.203584,5.175273826512576
1794,179.30358600000002,5.36978746730198
1795,179.403588,5.342205518803985
1796,179.50359,5.4798783496351735
1797,179.603592,5.428679717270012
1798,179.703594,5.268618683356966
1799,179.803596,5.141351100931049
1800,179.903598,5.135681037938301
1801,180.0036,4.94854876972492
1802,180.10360200000002,5.246618478695399
1803,180.20360399999998,5.471793106974329
1804,180.303606,5.010352641059685
1805,180.40360800000002,5.336896334538501
1806,180.50361,5.319547157364464
1807,180.603612,5.202055802169049
1808,180.703614,5.311086964355276
1809,180.803616,5.3251550672246974
1810,180.90361800000002,5.600921322313037
1811,181.00361999999998,5.185462738636622
1812,181.103622,5.330749505684561
1813,181.20362400000002,4.906970450913761
1814,181.30362599999998,5.101626957981762
1815,181.403628,5.272979920814973
1816,181.50363000000002,5.136038420404389
1817,181.603632,5.150097290094626
1818,181.703634,5.390507904300373
1819,181.803636,5.522145134181169
1820,181.903638,5.479110801471183
1821,182.00364000000002,5.085728996842595
1822,182.10364199999998,5.407135480596215
1823,182.203644,5.3147272993936525
1824,182.30364600000001,4.679341293976293
1825,182.403648,5.314526689162212
1826,182.50365,5.190730902759373
1827,182.603652,5.424696520528747
1828,182.703654,5.676761699219399
1829,182.80365600000002,5.172280184898113
1830,182.903658,5.259587662832991
1831,183.00366,5.103280812110807
1832,183.103662,5.313124668315186
1833,183.203664,5.22739951405113
1834,183.303666,5.226833116586325
1835,183.403668,5.557763511106694
1836,183.50367,5.516100556165894
1837,183.603672,5.53614623117524
1838,183.703674,5.5592693790227
1839,183.803676,5.57577604501206
1840,183.903678,5.2310305139844075
1841,184.00368,5.8928024044918486
1842,184.103682,5.59940110957528
1843,184.203684,5.285094583582766
1844,184.30368600000003,5.233782618337953
1845,184.403688,5.529894334562387
1846,184.50369,5.527689463916291
1847,184.60369200000002,5.160217494855458
1848,184.703694,5.08157070594657
1849,184.803696,5.345019036992843
1850,184.903698,5.1536199709217065
1851,185.0037,5.726128856860727
1852,185.103702,5.456731341483157
1853,185.203704,5.767735530968032
1854,185.303706,5.471095991156175
1855,185.40370800000002,5.618389546384528
1856,185.50370999999998,5.396611344303882
1857,185.603712,5.445473181987071
1858,185.70371400000002,5.41138694702238
1859,185.803716,5.339914410118665
1860,185.903718,5.612754532516493
1861,186.00372,5.549659692981703
1862,186.103722,5.307525800249379
1863,186.20372400000002,5.768135424640237
1864,186.30372599999998,5.7053111622514905
1865,186.403728,5.6641150639331075
1866,186.50373000000002,5.841176445575879
1867,186.603732,5.373270135573998
1868,186.703734,5.6188128971978495
1869,186.80373600000001,5.738360441374442
1870,186.903738,5.649614876159174
1871,187.00374,5.162313750119482
1872,187.103742,5.437625941878635
1873,187.203744,5.534169698308988
1874,187.30374600000002,5.569704294671337
1875,187.40374799999998,5.635154027398119
1876,187.50375,5.812975736336754
1877,187.60375200000001,5.646393432296983
1878,187.703754,5.715458912069163
1879,187.803756,5.566101359128896
1880,187.903758,5.483598438477163
1881,188.00376,5.736944229960609
1882,188.10376200000002,5.538165685722558
1883,188.203764,5.403742258089147
1884,188.303766,5.368955348679695
1885,188.403768,4.865241880170651
1886,188.50377,5.902404899182301
1887,188.603772,5.408700808237535
1888,188.703774,5.423339402084615
1889,188.803776,5.539085103797769
1890,188.903778,5.817180766609869
1891,189.00378,5.885369291964191
1892,189.103782,5.656940082666061
1893,189.203784,5.831148147004623
1894,189.303786,5.54010127780988
1895,189.403788,5.678437944116884
1896,189.50379,5.737218893271386
1897,189.60379200000003,5.81216909824068
1898,189.703794,5.925413036103663
1899,189.803796,6.136612972885909
1900,189.90379800000002,5.780235206465409
1901,190.0038,5.950543225895286
1902,190.103802,5.636383094716819
1903,190.203804,5.256630886424444
1904,190.303806,5.394472321510889
1905,190.403808,5.610183283111295
1906,190.50381,5.695323839526378
1907,190.603812,5.748292611516394
1908,190.70381400000002,5.6073720329969925
1909,190.80381599999998,5.383946275524605
1910,190.903818,5.5136976758687455
1911,191.00382000000002,5.348461182868384
1912,191.103822,5.0474324760937
1913,191.203824,5.622754539975622
1914,191.30382600000002,5.334867186431132
1915,191.403828,5.268429929460188
1916,191.50383000000002,5.305168489279039
1917,191.60383199999998,5.417052261860867
1918,191.703834,5.587959292191231
1919,191.80383600000002,5.541572972617779
1920,191.903838,5.701956848028357
1921,192.00384,5.356725443207557
1922,192.10384200000001,5.501713196727475
1923,192.203844,5.495440207803942
1924,192.303846,5.620696614581287
1925,192.403848,5.25401003182614
1926,192.50385,5.248845677102365
1927,192.60385200000002,5.234585079639753
1928,192.70385399999998,5.254290932669979
1929,192.803856,5.3172034504541115
1930,192.903858,5.503422929567278
1931,193.00386,5.759428516412961
1932,193.103862,5.5033366902280685
1933,193.203864,5.627430329784297
1934,193.303866,5.590855703906794
1935,193.40386800000002,5.609690225427784
1936,193.50387,5.242984676296722
1937,193.603872,5.513765395368988
1938,193.703874,5.403472545893172
1939,193.80387600000003,5.104655126100465
1940,193.903878,5.513065603667276
1941,194.00388,5.615507185835667
1942,194.103882,5.45138507769659
1943,194.203884,5.531460231191151
1944,194.303886,5.8618946991491905
1945,194.403888,5.73373247576736
1946,194.50389,5.724482830810812
1947,194.603892,5.3169401664845335
1948,194.703894,5.5497560250078255
1949,194.803896,5.672779408426307
1950,194.90389800000003,5.528973461004837
1951,195.0039,5.63012295460222
1952,195.103902,5.650560790776779
1953,195.20390400000002,5.530934821654248
1954,195.303906,5.91950357672717
1955,195.403908,5.612139654426954
1956,195.50391,5.75812481348368
1957,195.603912,5.845888264877739
1958,195.703914,5.730229452276751
1959,195.803916,5.558312952799767
1960,195.903918,5.445986510294902
1961,196.00392000000002,5.6176682210020665
1962,196.10392199999998,5.70337131791238
1963,196.203924,5.6635105039498095
1964,196.30392600000002,5.827340913278043
1965,196.403928,5.862791956419679
1966,196.50393,5.453638137562945
1967,196.60393200000001,6.0698174115904555
1968,196.703934,5.545367430576116
1969,196.80393600000002,5.66292116509619
1970,196.90393799999998,5.731299612268289
1971,197.00394,5.752564371888148
1972,197.10394200000002,5.85700913796287
1973,197.203944,5.779895167306415
1974,197.303946,5.285277856554431
1975,197.403948,5.626511467349262
1976,197.50395,5.463626613875045
1977,197.603952,5.649181881814784
1978,197.703954,5.737126097605563
1979,197.803956,5.4714806374921485
1980,197.90395800000002,5.48405315305628
1981,198.00395999999998,5.915852985675248
1982,198.103962,5.4978847918579525
1983,198.203964,5.467233748451738
1984,198.303966,5.326665474200883
1985,198.403968,5.361310714099778
1986,198.50397,5.517905455014049
1987,198.603972,5.219493441845581
1988,198.70397400000002,5.508201506818592
1989,198.803976,5.123226867893436
1990,198.903978,5.184386754732991
1991,199.00398,5.380287332840329
1992,199.10398200000003,5.493083543216753
1993,199.203984,5.42585306280443
1994,199.303986,5.285882718566476
1995,199.403988,5.784715326359543
1996,199.50399,5.575749395718507
1997,199.603992,5.613239928189684
1998,199.703994,5.596175969326193
1999,199.803996,5.747920376969638
2000,199.903998,5.670798001056782
2001,200.004,5.746073604411275
2002,200.104002,5.738173935548295
2003,200.20400400000003,5.460948241704674
2004,200.304006,5.49155386318436
2005,200.404008,5.750937025244386
2006,200.50401000000002,5.690864080784627
2007,200.604012,5.769499287081454
2008,200.704014,5.869416553017206
2009,200.804016,5.401533241318759
2010,200.904018,5.442386746432998
2011,201.00402000000003,5.51133439501148
2012,201.104022,5.873866280629362
2013,201.204024,5.52147554786037
2014,201.30402600000002,5.220467856514294
2015,201.40402799999998,5.706859055311982
2016,201.50403,5.773314833090196
2017,201.60403200000002,5.632567345289012
2018,201.704034,5.437235680639154
2019,201.804036,5.660213448515525
2020,201.904038,5.317742596346582
2021,202.00404,5.783422791250444
2022,202.10404200000002,5.633210923560349
2023,202.20404399999998,5.767657484428363
2024,202.304046,5.575859921590575
2025,202.40404800000002,5.380193240137693
2026,202.50405,5.4668403185351355
2027,202.604052,5.4504525822063705
2028,202.704054,5.032408843502637
2029,202.804056,5.524625583855296
2030,202.904058,5.404294186290378
2031,203.00406,5.291640435290898
2032,203.104062,5.000827098879735
2033,203.20406400000002,5.553700886982349
2034,203.30406599999998,5.312662096311705
2035,203.404068,5.176670210257117
2036,203.50407,5.2350636967852235
2037,203.604072,5.561437073372134
2038,203.704074,5.471555584944468
2039,203.804076,5.454233149961889
2040,203.904078,5.831452748850865
2041,204.00408000000002,5.723425928914518
2042,204.104082,5.275440686522291
2043,204.204084,5.518197253324
2044,204.304086,5.502466401058944
2045,204.40408800000003,5.667385851195925
2046,204.50409,5.588074462136642
2047,204.604092,5.138881273817502
2048,204.704094,5.464188786529622
2049,204.804096,5.625423873661016
2050,204.904098,5.676327777105468
2051,205.0041,5.609908724596255
2052,205.104102,5.485759872068665
2053,205.204104,5.4829328075000605
2054,205.304106,5.307618158717476
2055,205.404108,5.348608134903374
2056,205.50411000000003,5.728181692922841
2057,205.604112,5.717527051073336
2058,205.704114,5.36235952777434
2059,205.80411600000002,5.387863381598182
2060,205.904118,5.712762923487628
2061,206.00412,5.232883689016891
2062,206.104122,5.089915829323522
2063,206.204124,5.816881903898996
2064,206.30412600000002,5.551249225443098
2065,206.404128,5.345872393514406
2066,206.50413,5.419212997828371
2067,206.60413200000002,5.616341082186229
2068,206.70413399999998,5.32866106791365
2069,206.804136,5.355510343068128
2070,206.90413800000002,5.276133557770551
2071,207.00414,5.3130745177983085
2072,207.104142,5.63615471355928
2073,207.204144,5.675672872402565
2074,207.304146,5.41500329802017
2075,207.40414800000002,5.5139919149922
2076,207.50414999999998,5.2396658568587
2077,207.604152,4.892123055610514
2078,207.70415400000002,5.1834246657698335
2079,207.804156,4.979787701072681
2080,207.904158,5.484583251461316
2081,208.00416,5.628288376535847
2082,208.104162,5.087294830886092
2083,208.20416400000002,5.571737872848241
2084,208.304166,5.723864413034876
2085,208.404168,5.550206379667859
2086,208.50417000000002,6.002638276442388
2087,208.604172,5.392725230463995
2088,208.704174,5.568452478331836
2089,208.804176,5.725876315150253
2090,208.904178,5.563321356596259
2091,209.00418,5.63036202981557
2092,209.104182,5.57648100336565
2093,209.204184,5.5154976552136
2094,209.30418600000002,5.335166216693519
2095,209.404188,5.302793364256653
2096,209.50419,5.241568813918434
2097,209.604192,5.316447596470008
2098,209.70419400000003,5.338569103372549
2099,209.804196,5.362032289631309
2100,209.904198,5.505641464537337
2101,210.00420000000003,4.8535576125356465
2102,210.104202,5.092472904644427
2103,210.204204,4.935001009234222
2104,210.304206,5.0609310756662484
2105,210.404208,5.5005452868881655
2106,210.50421,5.388381747938868
2107,210.604212,5.2741434579188216
2108,210.704214,5.3069308476061305
2109,210.80421600000003,5.217391568313529
2110,210.904218,5.642148086166057
2111,211.00422,5.548540533140768
2112,211.10422200000002,5.471444782529197
2113,211.204224,5.693460933673982
2114,211.304226,5.6977233415614705
2115,211.404228,5.314033870749637
2116,211.50423,5.5383061607868385
2117,211.60423200000002,5.294575551443001
2118,211.70423399999999,5.421197636150332
2119,211.804236,5.506287494051147
2120,211.90423800000002,5.161953761858829
2121,212.00423999999998,5.5353439510286915
2122,212.104242,5.577234610464035
2123,212.20424400000002,5.31596622232874
2124,212.304246,5.124285662186264
2125,212.404248,5.267580435968042
2126,212.50425,5.858015734355529
2127,212.604252,4.9560674885038605
2128,212.70425400000002,5.4318218397279985
2129,212.80425599999998,5.362308744118459
2130,212.904258,5.247958376189363
2131,213.00426000000002,5.424580098424138
2132,213.104262,4.9540660544097666
2133,213.204264,5.335902250997824
2134,213.304266,4.908201397918299
2135,213.404268,5.32478414742763
2136,213.50427000000002,5.413494529583653
2137,213.604272,5.4387496158017505
2138,213.704274,5.075001433859052
2139,213.80427600000002,5.331137410375628
2140,213.904278,4.996554905575997
2141,214.00428,5.584836846194697
2142,214.104282,5.339854242311988
2143,214.204284,5.339381712469082
2144,214.304286,5.5605512632594785
2145,214.404288,5.648591922004822
2146,214.50429,5.805511578458881
2147,214.60429200000002,5.623477449120958
2148,214.704294,5.597025501979381
2149,214.804296,5.748661669684565
2150,214.904298,5.6802504610293045
2151,215.00430000000003,5.29503856562571
2152,215.104302,5.582060660987161
2153,215.204304,5.248019899057464
2154,215.30430600000003,5.304265730736151
2155,215.404308,5.490500326781492
2156,215.50431,5.186294857472802
2157,215.604312,5.137094739596566
2158,215.704314,5.645737606091865
2159,215.804316,5.221419253190277
2160,215.904318,5.345989313108892
2161,216.00432,5.53154093519203
2162,216.10432200000002,5.149207287303381
2163,216.20432399999999,5.400323770182657
2164,216.304326,5.296594393224042
2165,216.40432800000002,5.388282735628997
2166,216.50433,5.571394390684355
2167,216.604332,5.450262665147465
2168,216.704334,5.476602880903838
2169,216.804336,5.697102896897601
2170,216.90433800000002,5.134081094668388
2171,217.00433999999998,5.393377054575742
2172,217.104342,5.283637319826795
2173,217.20434400000002,5.361512523745681
2174,217.30434599999998,4.993734199120885
2175,217.404348,5.220474159669003
2176,217.50435000000002,5.179778099714263
2177,217.604352,5.699744440492291
2178,217.704354,5.324195296203349
2179,217.804356,5.356007259475035
2180,217.904358,5.3718908261711
2181,218.00436000000002,5.154154313955855
2182,218.10436199999998,5.127520626186508
2183,218.204364,5.234879454760036
2184,218.30436600000002,5.2633185054389156
2185,218.404368,5.305979482990964
2186,218.50437,5.565690042280363
2187,218.604372,4.792988320855274
2188,218.704374,4.793596807583305
2189,218.80437600000002,5.315120776372332
2190,218.904378,5.410120859802385
2191,219.00438,5.196609492667981
2192,219.10438200000002,5.230786440582907
2193,219.204384,4.856663922604525
2194,219.304386,5.219514913180437
2195,219.404388,5.006474833564173
2196,219.50439,5.081762122614636
2197,219.604392,4.9932352515583265
2198,219.704394,5.068350426966436
2199,219.804396,5.395359773879414
2200,219.90439800000001,5.354785837529934
2201,220.0044,5.610963826446272
2202,220.104402,5.435808048430431
2203,220.204404,5.564224353556541
2204,220.30440600000003,5.092712756164873
2205,220.404408,5.6328586675879135
2206,220.50441,5.269423781124182
2207,220.60441200000002,5.693996534290134
2208,220.704414,5.727121763287171
2209,220.804416,5.705118921938076
2210,220.904418,5.299024381547894
2211,221.00442,5.58855909474864
2212,221.104422,5.588286808107679
2213,221.204424,5.362223643637736
2214,221.304426,5.395818647419166
2215,221.40442800000002,5.671677685512593
2216,221.50442999999999,5.504555280989122
2217,221.604432,5.410159590351053
2218,221.70443400000002,5.577842143009711
2219,221.804436,5.4507615063904815
2220,221.904438,5.334857577865472
2221,222.00444,5.225066519727553
2222,222.104442,5.703915288572876
2223,222.20444400000002,5.386565241898117
2224,222.30444599999998,5.211355687316375
2225,222.404448,5.213714440664534
2226,222.50445000000002,5.209277721938696
2227,222.60445199999998,5.296213717637877
2228,222.704454,5.376008862339454
2229,222.80445600000002,5.2722615584965355
2230,222.904458,5.7631989657048175
2231,223.00446,5.802847257490119
2232,223.104462,5.436885041940225
2233,223.204464,5.452120120175024
2234,223.30446600000002,5.729896761732533
2235,223.40446799999998,5.4520391282908465
2236,223.50447,5.396665702149782
2237,223.60447200000002,5.61314136479345
2238,223.704474,5.244983557480963
2239,223.804476,5.2251319860898775
2240,223.904478,5.461708056059967
2241,224.00448,5.565995949297941
2242,224.10448200000002,5.232512019622569
2243,224.204484,5.849144537560288
2244,224.304486,5.3701032804136615
2245,224.40448800000001,5.476289577486034
2246,224.50449,5.839332211612787
2247,224.604492,5.49207781024828
2248,224.704494,5.680564454535292
2249,224.804496,5.4305054607268275
2250,224.904498,5.501528049951534
2251,225.0045,5.419925052345841
2252,225.104502,5.439876590905855
2253,225.20450400000001,5.052071713120627
2254,225.304506,5.593129965044322
2255,225.404508,5.397402627996805
2256,225.50451,5.765427604674791
2257,225.60451200000003,5.3571951670204205
2258,225.704514,5.673472562545933
2259,225.804516,5.617345855585158
2260,225.90451800000002,5.632230582538498
2261,226.00452,5.139345711582142
2262,226.104522,5.691190219270422
2263,226.204524,5.106535379564221
2264,226.304526,5.220788280119121
2265,226.404528,5.29072213760866
2266,226.50453,5.43099469737354
2267,226.604532,5.504827936097407
2268,226.70453400000002,5.675894429456041
2269,226.80453599999998,5.513059170572138
2270,226.904538,5.580745555196244
2271,227.00454000000002,5.4832527761707075
2272,227.104542,5.250859583933974
2273,227.204544,5.133929434557486
2274,227.30454600000002,5.412490997438843
2275,227.404548,5.3466472504005145
2276,227.50455000000002,5.213152256492835
2277,227.60455199999998,5.252308309395923
2278,227.704554,5.495872596417289
2279,227.80455600000002,5.4316591483058465
2280,227.904558,5.381542922053465
2281,228.00456,5.219253807300317
2282,228.10456200000002,5.425667000626992
2283,228.204564,5.167486752410754
2284,228.304566,5.265819313977869
2285,228.404568,5.253142759058537
2286,228.50457,5.064547271058944
2287,228.60457200000002,5.7928837559539375
2288,228.70457399999998,5.225014281923753
2289,228.804576,4.758240010681339
2290,228.90457800000001,5.22373132087343
2291,229.00458,5.370522370645525
2292,229.104582,4.977791990382232
2293,229.204584,5.326090549011935
2294,229.304586,5.505123216976744
2295,229.40458800000002,5.3569851081348245
2296,229.50459,5.414501902317514
2297,229.604592,5.199935535992092
2298,229.70459400000001,5.398175702731281
2299,229.804596,5.248663852353876
2300,229.904598,5.21423608059037
2301,230.0046,5.629359831727297
2302,230.104602,5.309385171274173
2303,230.204604,5.604665756687717
2304,230.304606,5.382798375995453
2305,230.404608,4.993690347165653
2306,230.50461,5.127267148147323
2307,230.604612,5.232711400178335
2308,230.704614,5.037476385190135
2309,230.804616,4.714199745524408
2310,230.90461800000003,5.425442991412332
2311,231.00462,5.251252720532324
2312,231.104622,5.218828896792138
2313,231.20462400000002,5.258885531728914
2314,231.304626,4.941196000774313
2315,231.404628,4.909772427383002
2316,231.50463,5.189395988389902
2317,231.604632,5.09075605611503
2318,231.704634,5.184958814741186
2319,231.804636,4.9750347634751675
2320,231.904638,5.02889524583914
2321,232.00464000000002,4.743273639136148
2322,232.10464199999998,5.377063439096103
2323,232.204644,5.000408257293131
2324,232.30464600000002,5.074321846055092
2325,232.404648,4.724245355833629
2326,232.50465,4.956891414157545
2327,232.60465200000002,5.3570284352411806
2328,232.704654,5.730205648775763
2329,232.80465600000002,5.032037843341462
2330,232.90465799999998,5.192629148731103
2331,233.00466,4.994235438894402
2332,233.10466200000002,4.972383918850691
2333,233.204664,5.225693891682153
2334,233.304666,5.2444233458723035
2335,233.40466800000002,5.349612619434054
2336,233.50467,4.686746914752897
2337,233.604672,4.756560896950729
2338,233.704674,4.845499163703591
2339,233.804676,4.643436966811904
2340,233.90467800000002,4.879724705791871
2341,234.00467999999998,4.851104450957124
2342,234.104682,4.87619202727169
2343,234.20468400000001,5.365239257782755
2344,234.304686,4.806189293019593
2345,234.404688,5.256390884569436
2346,234.50469,5.226543170759824
2347,234.604692,4.938887646068625
2348,234.70469400000002,5.23359838687088
2349,234.804696,5.517535202794589
2350,234.904698,5.146162012868142
2351,235.0047,5.030619224769694
2352,235.10470200000003,4.601326569035238
2353,235.204704,4.556948865893352
2354,235.304706,4.835102710733303
2355,235.404708,4.969168561414258
2356,235.50471,4.6424711987800125
2357,235.604712,4.817270070960749
2358,235.704714,4.756011084311779
2359,235.804716,4.854768389671321
2360,235.904718,4.904293664861511
2361,236.00472,4.615129603297446
2362,236.104722,4.718228134381201
2363,236.20472400000003,4.858731925654154
2364,236.304726,4.8576885908377285
2365,236.404728,5.40789225824344
2366,236.50473000000002,4.86828148619566
2367,236.604732,4.969835585239445
2368,236.704734,4.70366915754353
2369,236.804736,4.929857288717942
2370,236.904738,4.899571952226211
2371,237.00474,4.339268947688444
2372,237.104742,4.579758900923643
2373,237.204744,4.559181061255353
2374,237.30474600000002,4.602849906747906
2375,237.40474799999998,5.065257519008014
2376,237.50475,5.401790081559674
2377,237.60475200000002,4.963121335828668
2378,237.704754,4.761598942814591
2379,237.804756,4.380895479604404
2380,237.90475800000002,4.914088236111767
2381,238.00476,4.802908518475111
2382,238.10476200000002,4.949299435876459
2383,238.20476399999998,4.97121308205258
2384,238.304766,4.636052034595992
2385,238.40476800000002,4.930955683788518
2386,238.50477,5.4224344330818335
2387,238.604772,5.6145983212398685
2388,238.70477400000001,5.673937420592333
2389,238.804776,5.503175034090728
2390,238.904778,5.3338825242617
2391,239.00478,5.5854965441380156
2392,239.104782,5.6630267258574944
2393,239.20478400000002,5.729891841947782
2394,239.30478599999998,5.668590861321065
2395,239.404788,5.693021017381777
2396,239.50479,5.493646867189323
2397,239.604792,5.1574010906639405
2398,239.704794,5.1155160176137935
2399,239.804796,5.145475288826004
2400,239.904798,5.369208968398646
2401,240.00480000000002,5.4459761272065474
2402,240.104802,5.242381508748139
2403,240.204804,5.292972767645627
2404,240.304806,5.345473172994
2405,240.40480800000003,5.657347357547573
2406,240.50481,5.464390258925541
2407,240.604812,5.691719118215347
2408,240.704814,4.957572403668033
2409,240.804816,5.350663245198976
2410,240.904818,5.422376751866466
2411,241.00482,4.681896590150652
2412,241.104822,4.82877896960018
2413,241.204824,4.925739209146495
2414,241.304826,5.138307056059531
2415,241.404828,5.323260313963032
2416,241.50483000000003,5.384348313983351
2417,241.604832,5.558007740229348
2418,241.704834,5.478290935243654
2419,241.80483600000002,5.322145066906806
2420,241.904838,5.286008549111342
2421,242.00484,5.149724563463988
2422,242.104842,5.1135626325536485
2423,242.204844,5.130683250068435
2424,242.30484600000003,5.210074969739428
2425,242.404848,5.030992278933498
2426,242.50485,4.91957119865958
2427,242.60485200000002,5.219843758626135
2428,242.70485399999998,5.412822534378525
2429,242.804856,5.412707465293299
2430,242.90485800000002,5.497922966638845
2431,243.00486,5.453741031671416
2432,243.104862,5.169535533607977
2433,243.20486400000001,5.225562377007418
2434,243.304866,5.58034322626721
2435,243.40486800000002,5.157028053749352
2436,243.50486999999998,5.567880674594298
2437,243.604872,5.5315011359432456
2438,243.70487400000002,5.417612248938815
2439,243.804876,5.466856531741278
2440,243.904878,5.63972998128601
2441,244.00488,5.247190064569913
2442,244.104882,5.44957717465765
2443,244.204884,5.398135046972569
2444,244.304886,5.652301283256114
2445,244.404888,5.255341654929141
2446,244.50489000000002,5.524710736067605
2447,244.604892,5.382253951127655
2448,244.704894,5.590746071049626
2449,244.804896,5.6767883744671215
2450,244.904898,5.804186368740637
2451,245.0049,5.509952529507951
2452,245.104902,5.421616560200807
2453,245.204904,5.246730690502493
2454,245.30490600000002,5.3125266018988295
2455,245.404908,5.37465889959818
2456,245.50491,5.631593986692251
2457,245.604912,5.983857405436616
2458,245.70491400000003,5.456249808792399
2459,245.804916,5.16798012412313
2460,245.904918,5.369571339685822
2461,246.00492000000003,5.742450932056044
2462,246.104922,5.219309034088632
2463,246.204924,5.53369698899497
2464,246.304926,5.586482244662042
2465,246.404928,5.621821284402185
2466,246.50493,5.382004598431793
2467,246.604932,5.054911282690475
2468,246.704934,4.670160022790256
2469,246.80493600000003,4.908959734919664
2470,246.904938,4.976781698417032
2471,247.00494,5.6550439170730105
2472,247.10494200000002,5.52002671744791
2473,247.204944,5.974681149613524
2474,247.304946,5.564397597216473
2475,247.404948,5.723119648371441
2476,247.50495,5.353148521819937
2477,247.60495200000003,5.541880189424276
2478,247.704954,5.472252141925106
2479,247.804956,5.001564775497191
2480,247.90495800000002,5.633639144512164
2481,248.00495999999998,5.6681194980928575
2482,248.104962,5.906211286490213
2483,248.20496400000002,6.317961946292452
2484,248.304966,5.34713913460135
2485,248.404968,5.623369695764797
2486,248.50497000000001,5.494174339360273
2487,248.604972,5.600931455025668
2488,248.70497400000002,5.5811479520049865
2489,248.80497599999998,5.546240702674547
2490,248.904978,5.599805155283146
2491,249.00498000000002,5.326216026450045
2492,249.104982,4.711702850610015
2493,249.204984,3.9397459631071925
2494,249.304986,4.007255310459979
2495,249.404988,4.837669282755903
2496,249.50499,4.218179984297676
2497,249.604992,4.2541071946794515
2498,249.704994,3.8131905515176694
2499,249.80499600000002,4.174506143164536
2500,249.904998,5.318636586739791
2501,250.005,5.363405103920174
2502,250.105002,6.467830215870566
2503,250.205004,5.3879670481579796
2504,250.305006,5.650414728033722
2505,250.405008,5.423603175384204
2506,250.50501,5.812485608999913
2507,250.60501200000002,5.592018682008458
2508,250.705014,5.7645690121502
2509,250.805016,5.063246359116594
2510,250.905018,5.119830279243703
2511,251.00502000000003,5.438674668901072
2512,251.105022,5.370496948520982
2513,251.205024,5.167906766961415
2514,251.30502600000003,5.414052374752612
2515,251.405028,4.904870651869943
2516,251.50503,5.449419266621422
2517,251.605032,5.27126091394842
2518,251.705034,5.278430822948225
2519,251.805036,4.87691182271747
2520,251.905038,4.673949949958096
2521,252.00504,4.987567525941201
2522,252.10504200000003,5.361678095354266
2523,252.205044,5.156072040607347
2524,252.305046,5.538585724056874
2525,252.40504800000002,5.7090227973004195
2526,252.50505,5.736453514153192
2527,252.605052,5.650273308048581
2528,252.705054,5.497482430312806
2529,252.805056,5.18176616059767
2530,252.90505800000003,5.806382301561069
2531,253.00506,5.927360798775505
2532,253.105062,5.34124801149856
2533,253.20506400000002,5.291200106328542
2534,253.30506599999998,5.485939281299512
2535,253.405068,5.6155100860357985
2536,253.50507000000002,5.52676651056542
2537,253.605072,5.711734091715064
2538,253.705074,5.740860092669393
2539,253.805076,5.615183068739995
2540,253.905078,6.1849569053866364
2541,254.00508000000002,5.706133648817481
2542,254.10508199999998,5.542471429782044
2543,254.205084,5.512032604999805
2544,254.30508600000002,5.800631695302193
2545,254.405088,5.178190447570156
2546,254.50509,5.80957841160788
2547,254.605092,5.645283950910642
2548,254.705094,5.711591374904004
2549,254.80509600000002,5.762547855286925
2550,254.905098,5.328655731923767
2551,255.0051,5.459026615007359
2552,255.10510200000002,5.8945228404158
2553,255.205104,5.281853089791605
2554,255.305106,5.6334679192414425
2555,255.405108,5.428829960045435
2556,255.50511,5.381781175287446
2557,255.605112,5.4766474538541186
2558,255.705114,5.985973247818314
2559,255.805116,5.534354493428113
2560,255.90511800000002,5.079794255692501
2561,256.00512,5.155922839198856
2562,256.105122,5.220839109042872
2563,256.205124,5.316149379274953
2564,256.30512600000003,5.3846383348909725
2565,256.405128,5.653452088138321
2566,256.50513,5.561566842423065
2567,256.605132,5.560450256695989
2568,256.705134,5.427115368367176
2569,256.805136,5.459652587349986
2570,256.905138,5.463898764585598
2571,257.00514000000004,5.5763582076545415
2572,257.105142,5.3980161434154486
2573,257.205144,5.584026550985099
2574,257.30514600000004,5.590314301543178
2575,257.405148,5.006459147669254
2576,257.50515,5.393389244653896
2577,257.605152,5.538313966067335
2578,257.705154,5.230826385437434
2579,257.805156,5.443086697605329
2580,257.905158,5.264192183072653
2581,258.00516,5.817504758625127
2582,258.105162,5.716406509011377
2583,258.205164,5.562046843133089
2584,258.305166,5.337904566903746
2585,258.405168,5.483858385207228
2586,258.50517,5.209925457864984
2587,258.605172,5.3289576052808085
2588,258.705174,5.266871502959896
2589,258.805176,5.133700739952774
2590,258.90517800000003,5.440838335909658
2591,259.00518,4.91307152006045
2592,259.105182,5.182064235430194
2593,259.20518400000003,4.946401043403411
2594,259.305186,5.359255486977515
2595,259.405188,4.811077093572065
2596,259.50519,5.038775348251689
2597,259.605192,5.011607689965587
2598,259.705194,4.763087298188572
2599,259.805196,4.697330667380499
2600,259.905198,4.514493703423521
2601,260.0052,5.209108384163909
2602,260.105202,4.931512873508225
2603,260.205204,5.153388271626315
2604,260.305206,5.209869704072214
2605,260.405208,5.25600031461718
2606,260.50521,5.256305422724343
2607,260.605212,5.139869502528723
2608,260.705214,5.38790867228366
2609,260.80521600000003,5.283000722354113
2610,260.905218,5.009827865719581
2611,261.00522,5.224851625606766
2612,261.105222,4.779619085838823
2613,261.20522400000004,4.897173826028658
2614,261.305226,4.866605363540102
2615,261.405228,4.955964822167127
2616,261.50523,5.1894579364602205
2617,261.605232,5.189608089297435
2618,261.705234,5.1637987390773095
2619,261.805236,4.903768971606565
2620,261.905238,5.016766449838264
2621,262.00524,5.2868682711467025
2622,262.105242,4.626140386700285
2623,262.205244,5.027422652858636
2624,262.305246,5.081803832557506
2625,262.40524800000003,5.226128358616241
2626,262.50525,4.720977644344079
2627,262.60525199999995,4.975728218092185
2628,262.705254,5.1236661797789065
2629,262.805256,4.94507505270867
2630,262.905258,5.211882961657669
2631,263.00526,5.283289768026081
2632,263.105262,4.952850951934784
2633,263.205264,4.561774366478363
2634,263.305266,5.253529439938314
2635,263.405268,5.407355591416159
2636,263.50527,5.589006431921305
2637,263.605272,5.173240321815541
2638,263.70527400000003,5.250660115581005
2639,263.805276,5.01924744568805
2640,263.905278,4.929357390203133
2641,264.00528,5.293506181705974
2642,264.105282,4.860304024386259
2643,264.205284,5.217218869914317
2644,264.305286,5.385727376077723
2645,264.405288,5.585870806270093
2646,264.50529,5.159668309671651
2647,264.605292,5.515670247579839
2648,264.705294,5.373629680091403
2649,264.80529600000006,5.4753933786732265
2650,264.905298,5.182602755295729
2651,265.0053,5.111738519310627
2652,265.10530200000005,5.310733165965523
2653,265.205304,5.127087433175914
2654,265.305306,4.941629230264354
2655,265.405308,5.057415840710804
2656,265.50531,5.1660074168014125
2657,265.605312,5.157234911160772
2658,265.705314,5.333708397699011
2659,265.805316,5.509166099045895
2660,265.905318,4.639375022682692
2661,266.00532,5.362530367378848
2662,266.105322,5.5003408514411625
2663,266.205324,5.316586060511005
2664,266.305326,5.1029957685619305
2665,266.405328,5.312885115244382
2666,266.50533,5.194808698352757
2667,266.605332,4.629118800897557
2668,266.70533400000005,5.038175184981675
2669,266.805336,5.27504155058702
2670,266.905338,5.255724601758178
2671,267.00534000000005,4.989041902334681
2672,267.105342,4.798611829461105
2673,267.20534399999997,5.448955251760427
2674,267.30534600000004,5.23801911845149
2675,267.405348,5.225976778180293
2676,267.50534999999996,5.330632554501835
2677,267.60535200000004,5.44438350038493
2678,267.705354,5.6448271898877245
2679,267.805356,4.918605551666362
2680,267.90535800000004,4.959888467369099
2681,268.00536,5.33993622421316
2682,268.105362,5.424482133372083
2683,268.205364,4.844180806319402
2684,268.305366,5.3441841639801515
2685,268.405368,5.1430862215770725
2686,268.50536999999997,5.3470539188109525
2687,268.60537200000005,5.267521952856359
2688,268.705374,5.446231533372186
2689,268.80537599999997,5.429192880472932
2690,268.90537800000004,5.7655663834387925
2691,269.00538,5.638836291789924
2692,269.10538199999996,5.4917827351744
2693,269.20538400000004,5.419345893320811
2694,269.305386,5.520492410121809
2695,269.40538799999996,5.69270942762425
2696,269.50539000000003,5.362518373828919
2697,269.605392,5.47274552669362
2698,269.705394,5.476292973646387
2699,269.80539600000003,5.242729130281788
2700,269.905398,5.71111464849017
2701,270.0054,5.490439680844523
2702,270.105402,5.442643728866909
2703,270.205404,5.601128279795348
2704,270.305406,5.094556678304655
2705,270.405408,5.3446225810808565
2706,270.50541000000004,5.561646025285806
2707,270.605412,5.448165014146406
2708,270.70541399999996,5.564105041610883
2709,270.80541600000004,5.15216442467845
2710,270.905418,5.2431891941784565
2711,271.00541999999996,5.286867838624826
2712,271.10542200000003,5.047132838977186
2713,271.205424,5.561945572220004
2714,271.30542599999995,5.5331269904488405
2715,271.40542800000003,5.791876015973794
2716,271.50543,5.6342988912690295
2717,271.605432,5.606235587560439
2718,271.705434,5.413888477187777
2719,271.805436,5.414930718896834
2720,271.905438,5.840201244641931
2721,272.00544,5.2995540404301
2722,272.105442,5.819742310866339
2723,272.205444,5.748487790793648
2724,272.305446,5.637691894418314
2725,272.40544800000004,5.249612218926519
2726,272.50545,5.585877702281667
2727,272.605452,5.2544177137135835
2728,272.70545400000003,5.5334870683556145
2729,272.805456,5.230842395959635
2730,272.905458,5.483870229889033
2731,273.00546,5.658304086896674
2732,273.105462,5.1815834582058296
2733,273.205464,5.358079621371107
2734,273.305466,5.554107734081247
2735,273.405468,5.376205619234621
2736,273.50547,5.648476336348793
2737,273.605472,5.312786779769267
2738,273.705474,5.502243345684986
2739,273.805476,5.423254953862813
2740,273.905478,5.232221210044992
2741,274.00548,5.313330084031755
2742,274.105482,4.749240566134019
2743,274.205484,5.40818794074185
2744,274.30548600000003,5.565750754211687
2745,274.405488,4.9045820038178976
2746,274.50549,5.663511052912527
2747,274.605492,5.063152623169137
2748,274.705494,5.595699719916771
2749,274.805496,5.131109269252209
2750,274.905498,5.28580336233613
2751,275.0055,5.609494023798627
2752,275.105502,5.389913937768751
2753,275.205504,5.135422579512744
2754,275.305506,5.090798211741563
2755,275.40550800000005,5.728334176858169
2756,275.50551,5.102954537235668
2757,275.605512,4.687272410206045
2758,275.70551400000005,5.0074866373387055
2759,275.805516,5.260050925441065
2760,275.905518,5.117973522425866
2761,276.00552000000005,5.120851651677115
2762,276.105522,5.260993088550294
2763,276.205524,5.437523735209044
2764,276.305526,5.448419830889472
2765,276.405528,5.501726952399616
2766,276.50553,5.355469245647224
2767,276.605532,5.381387663866777
2768,276.705534,5.445184041633127
2769,276.805536,5.030305745429706
2770,276.905538,5.286918258630497
2771,277.00554,4.890334290798176
2772,277.105542,5.305003113912533
2773,277.205544,5.4965042427628905
2774,277.30554600000005,5.159252302168611
2775,277.405548,4.7022676582273695
2776,277.50554999999997,4.877205589698288
2777,277.60555200000005,5.174407920051403
2778,277.705554,5.119158548815228
2779,277.80555599999997,5.315769588835172
2780,277.90555800000004,4.818565838736799
2781,278.00556,5.647841672402239
2782,278.105562,5.251209157019373
2783,278.20556400000004,4.563082428715932
2784,278.305566,5.248233347653787
2785,278.405568,5.2936876317405455
2786,278.50557000000003,5.480526637890291
2787,278.605572,5.363435925496274
2788,278.705574,5.213497346875973
2789,278.805576,5.473429780835078
2790,278.905578,5.304641585325088
2791,279.00558,5.476493332313971
2792,279.10558199999997,5.372106185190794
2793,279.20558400000004,5.394911266019221
2794,279.305586,5.479777649904125
2795,279.40558799999997,5.370220333493728
2796,279.50559000000004,5.2370807017967484
2797,279.605592,5.250434855091434
2798,279.70559399999996,5.539774356193914
2799,279.80559600000004,5.4441923467917555
2800,279.905598,5.2666355699199165
2801,280.0056,5.569205156545967
2802,280.10560200000003,5.19083179048531
2803,280.205604,4.790604434911147
2804,280.305606,5.024120883717734
2805,280.40560800000003,5.273079414292618
2806,280.50561,5.203492569008851
2807,280.605612,5.332909657336652
2808,280.705614,5.578893670997083
2809,280.805616,5.411848221390889
2810,280.905618,5.507643005363765
2811,281.00562,5.0871058741062045
2812,281.10562200000004,5.359261738981572
2813,281.205624,5.545672392574228
2814,281.30562599999996,4.860160688484002
2815,281.40562800000004,5.0905371956069105
2816,281.50563,5.15566263711557
2817,281.60563199999996,5.278476319730798
2818,281.70563400000003,5.080034017791552
2819,281.805636,5.163103162332567
2820,281.90563799999995,5.301749432630212
2821,282.00564,5.105850975231599
2822,282.105642,5.242189408468401
2823,282.205644,5.424032854361995
2824,282.305646,5.065687340742019
2825,282.405648,5.343713979873601
2826,282.50565,5.584863523571633
2827,282.605652,5.1971756828653355
2828,282.705654,5.583940984085138
2829,282.805656,5.695583617368235
2830,282.905658,5.4840587662721525
2831,283.00566000000003,5.289159858929588
2832,283.105662,5.349243514681916
2833,283.205664,5.514544127444702
2834,283.30566600000003,4.855279906637066
2835,283.405668,5.543883537020285
2836,283.50567,5.012143543703685
2837,283.605672,5.145709399630737
2838,283.705674,5.376397535009233
2839,283.805676,4.870399590404151
2840,283.905678,5.011073053741924
2841,284.00568,5.036496108230306
2842,284.105682,5.057278143392184
2843,284.205684,5.214790795296297
2844,284.305686,5.472695589436133
2845,284.405688,4.975237241768635
2846,284.50569,5.078842868345548
2847,284.605692,4.980117725303637
2848,284.705694,4.883559966167265
2849,284.805696,5.381406376127416
2850,284.90569800000003,5.087623566122986
2851,285.0057,5.0531143468257405
2852,285.105702,5.101757692693751
2853,285.205704,5.373673628449635
2854,285.305706,5.409197088566484
2855,285.405708,5.626107779275164
2856,285.50571,5.5170760474629805
2857,285.605712,5.043697738646755
2858,285.705714,5.203090169727898
2859,285.805716,5.090070397819624
2860,285.905718,5.224232998073097
2861,286.00572000000005,5.349524717013185
2862,286.105722,5.531268822600847
2863,286.205724,5.159398832992277
2864,286.30572600000005,5.566200259204813
2865,286.405728,5.532545705603511
2866,286.50572999999997,4.983869598448602
2867,286.60573200000005,4.854225550679039
2868,286.705734,5.153865377258533
2869,286.805736,5.242338980587786
2870,286.905738,5.2506375790403395
2871,287.00574,5.238642910836209
2872,287.105742,5.0341348812063496
2873,287.205744,5.318961673186034
2874,287.305746,5.00556363640671
2875,287.405748,4.819684186205785
2876,287.50575,4.742276702298259
2877,287.605752,5.116956272138992
2878,287.705754,5.54409257082867
2879,287.805756,5.325348395541035
2880,287.90575800000005,4.977084174466605
2881,288.00576,5.159486082177268
2882,288.10576199999997,5.0189785561603095
2883,288.20576400000004,5.152774033883516
2884,288.305766,4.830029176749163
2885,288.40576799999997,5.05973901556276
2886,288.50577000000004,5.40491786854099
2887,288.605772,5.131681255648263
2888,288.705774,4.808967513570625
2889,288.80577600000004,5.6038375577370205
2890,288.905778,4.9755265485784825
2891,289.00578,5.37907628044428
2892,289.10578200000003,4.888880183952297
2893,289.205784,4.84360062365431
2894,289.305786,5.308081647838346
2895,289.405788,4.6897329868139455
2896,289.50579,4.858287608385133
2897,289.605792,5.194733375579566
2898,289.70579399999997,5.080758870204866
2899,289.80579600000004,5.224492804013096
2900,289.905798,4.568457784786994
2901,290.00579999999997,4.90214870080821
2902,290.10580200000004,5.108774247734794
2903,290.205804,5.646063948953545
2904,290.30580599999996,5.6763223692798395
2905,290.40580800000004,5.871233885016637
2906,290.50581,5.578316265548375
2907,290.605812,5.899237349127819
2908,290.70581400000003,5.647915999839535
2909,290.805816,5.314736816555421
2910,290.905818,5.367239662595117
2911,291.00582,5.726220746333771
2912,291.105822,5.715000337493342
2913,291.205824,5.749573556372727
2914,291.305826,5.6279911499824715
2915,291.405828,5.426487902921868
2916,291.50583,5.562229032577605
2917,291.605832,5.809910876052856
2918,291.70583400000004,5.13790592379445
2919,291.805836,5.056628636838911
2920,291.905838,5.063350114215594
2921,292.00584000000003,5.297314694112255
2922,292.105842,5.335512489630014
2923,292.20584399999996,5.325642952696791
2924,292.30584600000003,5.435855894082975
2925,292.405848,5.4926814609590044
2926,292.50585,5.580642934999566
2927,292.605852,5.652311144804797
2928,292.705854,4.99572975970629
2929,292.805856,5.278126285765874
2930,292.905858,4.862737680060037
2931,293.00586,5.362920695757783
2932,293.105862,5.417331743161884
2933,293.205864,5.709230346936378
2934,293.305866,5.443203452559098
2935,293.405868,5.7987333084304264
2936,293.50587,5.533153391859011
2937,293.60587200000003,5.6282146455989
2938,293.705874,5.770245570705122
2939,293.805876,5.298191324703324
2940,293.90587800000003,5.68049006907237
2941,294.00588,5.375433776084132
2942,294.105882,5.5073600772703095
2943,294.205884,5.311306660558948
2944,294.305886,5.637783637148352
2945,294.405888,5.035538950606789
2946,294.50589,5.742412836843525
2947,294.605892,4.763323201526698
2948,294.70589400000006,5.622287682424744
2949,294.805896,4.95815499102938
2950,294.905898,5.3496154628989
2951,295.0059,5.436569651204833
2952,295.105902,5.278463607491585
2953,295.205904,5.285064234497572
2954,295.305906,4.70496933461604
2955,295.405908,4.931974597583915
2956,295.50591000000003,4.851299913878182
2957,295.605912,4.883512951637954
2958,295.705914,5.369187600075913
2959,295.805916,5.388359855980901
2960,295.905918,4.947982587833381
2961,296.00592,5.130426386369959
2962,296.105922,4.9979828246465035
2963,296.205924,5.295062603203521
2964,296.305926,5.667685784812152
2965,296.405928,5.411644787739462
2966,296.50593,5.840844191024901
2967,296.60593200000005,5.104277180786024
2968,296.705934,5.780141667128339
2969,296.805936,5.450521108459417
2970,296.90593800000005,5.190602568142186
2971,297.00594,5.714950054552644
2972,297.10594199999997,5.732467329691895
2973,297.20594400000004,5.499317327395451
2974,297.305946,5.379278098872105
2975,297.405948,5.242544755920991
2976,297.50595,5.33322840521245
2977,297.605952,4.4381222614871625
2978,297.705954,3.371854206109577
2979,297.805956,4.037273317289297
2980,297.905958,4.8962847794765265
2981,298.00596,4.422633127694197
2982,298.105962,3.9128337514062967
2983,298.205964,4.625143682990621
2984,298.305966,5.129177836452309
2985,298.405968,4.486853775308564
2986,298.50597000000005,5.256682507824737
2987,298.605972,4.742752860383917
2988,298.70597399999997,4.997085368934405
2989,298.80597600000004,5.757604813582439
2990,298.905978,5.04320457537308
2991,299.00597999999997,5.028451197562201
2992,299.10598200000004,5.168399735642257
2993,299.205984,5.071353153376214
2994,299.305986,4.8086944547907
2995,299.40598800000004,5.143278822729348
2996,299.50599,5.248631468944544
2997,299.605992,5.670749043479379
2998,299.70599400000003,5.42674151835238
2999,299.805996,5.546967729363371
3000,299.905998,5.271570112238013
3001,300.006,5.177655004730682
3002,300.106002,5.41867666861281
3003,300.206004,5.376379118716988
3004,300.30600599999997,5.762040858388241
3005,300.40600800000004,5.411228862279911
3006,300.50601,4.877933286530627
3007,300.60601199999996,5.4230514645492125
3008,300.70601400000004,5.631855001834756
3009,300.806016,5.22183874438639
3010,300.90601799999996,5.08945334087544
3011,301.00602000000003,5.140693310855654
3012,301.106022,4.876263171694213
3013,301.206024,5.294048813192757
3014,301.30602600000003,5.359865625408571
3015,301.406028,5.542964851781828
3016,301.50603,5.418138792666348
3017,301.606032,5.35813204687179
3018,301.706034,5.299078225171691
3019,301.806036,5.718275581632477
3020,301.906038,5.1567032242240725
3021,302.00604,5.378018373124668
3022,302.106042,5.083285804489992
3023,302.206044,5.493965818466036
3024,302.30604600000004,5.217816571040075
3025,302.406048,5.071170017661878
3026,302.50605,5.040328115358087
3027,302.60605200000003,5.263338238658079
3028,302.706054,5.503280745254536
3029,302.80605599999996,5.663396094044352
3030,302.90605800000003,5.024118034725011
3031,303.00606,5.464616804043051
3032,303.106062,5.1878919217448285
3033,303.206064,5.042449977822053
3034,303.306066,5.255720060042459
3035,303.406068,5.178124663300132
3036,303.50607,5.792014621336107
3037,303.606072,5.21695190323559
3038,303.706074,5.228358928737757
3039,303.806076,5.092230939917433
3040,303.906078,5.268613587743394
3041,304.00608,5.107131387563567
3042,304.106082,5.102647004889547
3043,304.20608400000003,5.406359771459275
3044,304.306086,5.694692738889799
3045,304.406088,5.479339824059594
3046,304.50609000000003,5.284636148189568
3047,304.606092,5.496755988032663
3048,304.706094,5.756103715532715
3049,304.806096,5.371707066540188
3050,304.906098,5.220272126599578
3051,305.00610000000006,5.348896161512288
3052,305.106102,5.396514121873811
3053,305.206104,5.369456677697839
3054,305.30610600000006,5.353120577012746
3055,305.406108,5.485583142384935
3056,305.50611,5.4024651109547905
3057,305.606112,5.429666110722921
3058,305.706114,5.66779404379682
3059,305.806116,5.407744891568528
3060,305.906118,6.040352021929843
3061,306.00612,5.924037727917538
3062,306.106122,6.022923456469778
3063,306.206124,5.415858903990502
3064,306.306126,5.3307374009132795
3065,306.406128,5.346610851751078
3066,306.50613,5.535500177452029
3067,306.606132,4.59740145162551
3068,306.706134,4.406073981647529
3069,306.806136,4.949227228211749
3070,306.90613800000006,5.072663224095643
3071,307.00614,5.021296940848401
3072,307.106142,5.301838813129545
3073,307.20614400000005,5.668683037207299
3074,307.306146,5.376733279512029
3075,307.406148,5.3528263785276025
3076,307.50615000000005,5.100977030829849
3077,307.606152,5.077032216262463
3078,307.70615399999997,4.796844275012519
3079,307.80615600000004,4.529171383110337
3080,307.906158,4.568662096614961
3081,308.00616,5.16086176140616
3082,308.106162,4.824636443618041
3083,308.206164,4.836818981617392
3084,308.306166,5.086253615779711
3085,308.406168,5.27470119674279
3086,308.50617,5.307765520917846
3087,308.606172,4.8668400330735935
3088,308.706174,5.027538904627258
3089,308.806176,4.959881449664496
3090,308.906178,4.932160743139213
3091,309.00618,5.623140089918187
3092,309.10618200000005,4.749218832869812
3093,309.206184,4.76809689587278
3094,309.30618599999997,4.986471131820329
3095,309.40618800000004,5.134253325312665
3096,309.50619,5.332208675350901
3097,309.60619199999996,5.413350505957688
3098,309.70619400000004,5.453640861179787
3099,309.806196,4.854235925784755
3100,309.906198,4.843997258364792
3101,310.00620000000004,4.860981606658749
3102,310.106202,4.942603189781634
3103,310.206204,4.9792058701182045
3104,310.30620600000003,5.0024344080475265
3105,310.406208,4.852992611217178
3106,310.50621,5.0096510603144875
3107,310.606212,5.136403108208476
3108,310.706214,5.156559679453864
3109,310.806216,4.936469228257566
3110,310.90621799999997,5.083163158384957
3111,311.00622000000004,4.848391856518869
3112,311.106222,5.2014440949841205
3113,311.20622399999996,5.047571597650187
3114,311.30622600000004,5.08515438493604
3115,311.406228,5.011497200907784
3116,311.50622999999996,5.008451997028116
3117,311.60623200000003,4.984604098521285
3118,311.706234,5.058885105432405
3119,311.806236,4.859050981661239
3120,311.90623800000003,4.969859410087119
3121,312.00624,5.25864055569477
3122,312.106242,4.80170273824967
3123,312.206244,4.982607130396663
3124,312.306246,5.213024772328637
3125,312.406248,5.199835147325526
3126,312.50625,4.706938072716786
3127,312.606252,4.882970410998747
3128,312.706254,5.041252289539812
3129,312.806256,5.01271902431248
3130,312.90625800000004,5.195654844534086
3131,313.00626,5.005662299531441
3132,313.106262,5.035120070926206
3133,313.20626400000003,5.040725052986231
3134,313.306266,5.04614730861962
3135,313.40626799999995,5.236813061999588
3136,313.50627000000003,4.921060045042429
3137,313.606272,5.204675652655516
3138,313.706274,5.392304203909345
3139,313.806276,5.357962957441447
3140,313.906278,5.289757056190015
3141,314.00628,5.841060144583386
3142,314.106282,5.52378629939591
3143,314.206284,5.628678214821068
3144,314.306286,5.6427998676376685
3145,314.406288,5.964742339063945
3146,314.50629,5.832260919988509
3147,314.606292,6.251909692983584
3148,314.706294,5.87143897844906
3149,314.80629600000003,5.585553847112578
3150,314.906298,5.400090295931899
3151,315.0063,5.202284872638817
3152,315.106302,5.102941333222604
3153,315.206304,5.205017550748423
3154,315.306306,5.123284398990082
3155,315.406308,5.31451160180586
3156,315.50631,5.6424251065307685
3157,315.60631200000006,5.5243796816897115
3158,315.706314,5.555455933226276
3159,315.806316,5.676651576924041
3160,315.90631800000006,5.773656757137809
3161,316.00632,5.739389999724349
3162,316.106322,5.968146683687023
3163,316.206324,5.6618094408032915
3164,316.306326,5.792724820707106
3165,316.406328,5.585314667575155
3166,316.50633,5.663169735413581
3167,316.606332,5.554634296442429
3168,316.706334,5.562887740548395
3169,316.806336,6.143360856842155
3170,316.906338,5.418413983006995
3171,317.00634,5.661426013626931
3172,317.106342,5.9475880666282075
3173,317.206344,5.721014930535845
3174,317.306346,5.778269457594989
3175,317.406348,5.408457580282247
3176,317.50635000000005,5.844049559335417
3177,317.606352,5.639867972232332
3178,317.706354,5.8184234078494566
3179,317.80635600000005,5.705451278313633
3180,317.906358,5.842843240537262
3181,318.00636,5.5504464411734356
3182,318.10636200000005,5.695545826044133
3183,318.206364,5.517113999910123
3184,318.30636599999997,5.503731284511113
3185,318.40636800000004,5.691049685450334
3186,318.50637,5.904411629730738
3187,318.606372,6.033541229987445
3188,318.706374,5.883123421124346
3189,318.806376,6.00788572388709
3190,318.906378,6.101913527289007
3191,319.00638,5.57301754241289
3192,319.106382,5.097532658158828
3193,319.206384,5.869978909236714
3194,319.306386,5.665603494859625
3195,319.40638800000005,5.707084734987796
3196,319.50639,5.8153485889149925
3197,319.60639199999997,5.537724411083943
3198,319.70639400000005,5.309105691856408
3199,319.806396,5.521737594607327
3200,319.90639799999997,5.314897194587554
3201,320.00640000000004,5.307407492863873
3202,320.106402,5.5477543147364345
3203,320.20640399999996,5.670963596645676
3204,320.30640600000004,5.433013387437012
3205,320.406408,5.5069463401870875
3206,320.50641,4.906681629548599
3207,320.60641200000003,5.668089248992827
3208,320.706414,5.838679344318502
3209,320.806416,5.533683196972322
3210,320.90641800000003,5.606164896603863
3211,321.00642,6.068840457492433
3212,321.106422,5.290755724630209
3213,321.206424,5.26693418827176
3214,321.306426,5.648111177246612
3215,321.406428,5.22150103677141
3216,321.50642999999997,5.488778574972186
3217,321.60643200000004,5.307755431270435
3218,321.706434,6.128386951748246
3219,321.80643599999996,5.217631103558303
3220,321.90643800000004,5.55117333086112
3221,322.00644,5.581477238711622
3222,322.10644199999996,5.322470654496711
3223,322.20644400000003,5.9259336419393
3224,322.306446,5.750055672258734
3225,322.406448,5.687546403742253
3226,322.50645000000003,5.69571580677948
3227,322.606452,5.353545795889762
3228,322.706454,5.06279936549515
3229,322.806456,5.441864574860419
3230,322.906458,5.425638038121284
3231,323.00646,5.396447191513983
3232,323.106462,5.346969549100324
3233,323.206464,5.883139276921399
3234,323.306466,6.005822387449892
3235,323.406468,5.719046188658185
3236,323.50647000000004,5.360062817255604
3237,323.606472,5.880871349494677
3238,323.706474,5.76761634727731
3239,323.80647600000003,5.7294412005742705
3240,323.906478,5.79863848261275
3241,324.00647999999995,5.603236311281485
3242,324.106482,5.695714157344138
3243,324.206484,5.351658393622728
3244,324.306486,4.387755733530596
3245,324.406488,4.0439023424593294
3246,324.50649,4.03376724959659
3247,324.606492,4.155891095396127
3248,324.706494,3.857086902447239
3249,324.806496,4.028303316765746
3250,324.906498,3.334150511771108
3251,325.0065,3.8631197930826993
3252,325.106502,4.328999035199016
3253,325.206504,4.172455792733154
3254,325.306506,4.585395594302609
3255,325.40650800000003,4.679319607589528
3256,325.50651,4.734561524122396
3257,325.606512,4.74804459307631
3258,325.706514,3.6027341261735044
3259,325.806516,4.077831701588648
3260,325.906518,5.146693758530518
3261,326.00652,4.615646990228665
3262,326.106522,4.593344266948654
3263,326.20652400000006,4.995508683668246
3264,326.306526,4.133796729618689
3265,326.406528,3.917532396082475
3266,326.50653000000005,3.665902897326498
3267,326.606532,4.3783153113006055
3268,326.706534,5.339068538946561
3269,326.806536,4.794932753258689
3270,326.906538,4.660461410827201
3271,327.00654,4.524719098323339
3272,327.106542,4.396528303081444
3273,327.206544,4.759085967295057
3274,327.306546,4.459679594383067
3275,327.406548,5.003774127908799
3276,327.50655,4.36173765584483
3277,327.606552,4.538196588212616
3278,327.706554,4.778740426681905
3279,327.806556,4.72965968853618
3280,327.906558,4.575148619251079
3281,328.00656,4.697647550319961
3282,328.10656200000005,5.131082200741744
3283,328.206564,4.95570453858815
3284,328.306566,4.9717537441310435
3285,328.40656800000005,4.881420195633097
3286,328.50657,4.620075681014101
3287,328.60657199999997,4.505297567853099
3288,328.70657400000005,4.806932251925171
3289,328.806576,5.030339879044996
3290,328.90657799999997,4.879058365913387
3291,329.00658000000004,4.737256504541773
3292,329.106582,5.332292244263521
3293,329.206584,4.893903227784774
3294,329.30658600000004,4.715943460361481
3295,329.406588,5.342632406657466
3296,329.50659,5.193133082395369
3297,329.606592,5.090591618477806
3298,329.706594,5.5023567870956045
3299,329.806596,5.14535924469687
3300,329.906598,4.903919632261098
3301,330.00660000000005,5.143394246223974
3302,330.106602,5.029703535345352
3303,330.20660399999997,4.763889972558526
3304,330.30660600000004,4.410720009019551
3305,330.406608,4.273940381427334
3306,330.50660999999997,4.402592003568805
3307,330.60661200000004,5.1347846806848585
3308,330.706614,5.21591549291339
3309,330.80661599999996,5.139145543140728
3310,330.90661800000004,4.659546361295429
3311,331.00662,5.046858451123156
3312,331.106622,4.869613472855448
3313,331.20662400000003,5.160056093505115
3314,331.306626,4.0891648089003265
3315,331.406628,4.596990702970901
3316,331.50663000000003,3.957527977539172
3317,331.606632,4.354511271638758
3318,331.706634,4.129045542465026
3319,331.806636,4.27715567984948
3320,331.90663800000004,3.7237429038321683
3321,332.00664,3.8557989572420355
3322,332.10664199999997,3.7452247179936013
3323,332.20664400000004,3.909340233354271
3324,332.306646,3.7270359917072793
3325,332.40664799999996,3.846477527112574
3326,332.50665000000004,3.861672575945597
3327,332.606652,4.404950722815924
3328,332.70665399999996,5.1442507852149655
3329,332.80665600000003,5.444660650537996
3330,332.906658,4.523063486977441
3331,333.00666,3.7718919152408965
3332,333.10666200000003,4.147972039396125
3333,333.206664,4.010386214964386
3334,333.306666,4.0455230771456545
3335,333.406668,3.8213105482503917
3336,333.50667,4.0281596251783265
3337,333.606672,4.412487336914512
3338,333.706674,4.400045543182239
3339,333.80667600000004,4.419975828228319
3340,333.906678,4.074916371503137
3341,334.00668,4.712460429488222
3342,334.10668200000003,5.230593327944011
3343,334.206684,4.542358842283051
3344,334.306686,4.203131865531747
3345,334.40668800000003,4.7437835391933225
3346,334.50669,4.170955122583749
3347,334.60669199999995,5.081639736337778
3348,334.706694,5.372129211562796
3349,334.806696,4.273417842288888
3350,334.906698,3.576466248102556
3351,335.0067,4.317433930062049
3352,335.106702,4.2125556477052335
3353,335.206704,4.2889890003448405
3354,335.306706,5.01361955125014
3355,335.406708,5.182149466312631
3356,335.50671,5.406272495640305
3357,335.606712,5.253675366122467
3358,335.706714,5.53761617231656
3359,335.806716,4.5158553434382025
3360,335.906718,5.0552331374583215
3361,336.00672000000003,3.4673862503919803
3362,336.106722,4.1088221892942185
3363,336.206724,3.849868791796186
3364,336.306726,4.454906921721863
3365,336.406728,5.582220431270396
3366,336.50673,4.998537434074012
3367,336.606732,5.353871148274127
3368,336.706734,4.906648408483677
3369,336.80673600000006,4.601269360630377
3370,336.906738,4.0427993963838
3371,337.00674,5.299097250807219
3372,337.10674200000005,5.271447345315658
3373,337.206744,5.486426842236693
3374,337.306746,5.925810197193993
3375,337.406748,5.500157734197605
3376,337.50675,5.405260398670589
3377,337.606752,5.550601315426536
3378,337.706754,5.407522900483285
3379,337.806756,5.756988308658506
3380,337.906758,5.521737685779664
3381,338.00676,5.711525330678903
3382,338.106762,5.384756169849756
3383,338.206764,4.98643648642871
3384,338.306766,4.790978108991432
3385,338.406768,5.1443298801675015
3386,338.50677,4.802618502468114
3387,338.606772,5.484717110985449
3388,338.70677400000005,5.303285416143153
3389,338.806776,5.188809230938996
3390,338.906778,5.537028975377513
3391,339.00678000000005,5.901099666573358
3392,339.106782,4.931238102538911
3393,339.20678399999997,4.967324801694706
3394,339.30678600000005,5.141463487509748
3395,339.406788,5.609610388126485
3396,339.50678999999997,5.393961391429409
3397,339.60679200000004,4.660828866878139
3398,339.706794,4.696528244548037
3399,339.806796,5.275028949122787
3400,339.90679800000004,5.3093110648394735
3401,340.0068,4.925795951188043
3402,340.106802,5.362074540789153
3403,340.206804,5.237167918338583
3404,340.306806,5.748398784941601
3405,340.406808,5.257693333810814
3406,340.50681,5.372247354097828
3407,340.60681200000005,5.241672085960888
3408,340.706814,5.262017502894019
3409,340.80681599999997,4.961283462142423
3410,340.90681800000004,4.930398169818093
3411,341.00682,4.99601622076404
3412,341.10682199999997,5.27085638405632
3413,341.20682400000004,5.4055551974371125
3414,341.306826,5.509641479708878
3415,341.40682799999996,5.680457647315903
3416,341.50683000000004,5.380180679959548
3417,341.606832,5.0410629774547875
3418,341.706834,5.200169018874386
3419,341.80683600000003,5.519044532056155
3420,341.906838,5.013261556608906
3421,342.00684,5.3892226925919235
3422,342.10684200000003,5.447023163759117
3423,342.206844,5.697414279923927
3424,342.306846,5.44696510745215
3425,342.406848,5.3245614973250115
3426,342.50685000000004,5.1468698303496945
3427,342.606852,5.4855571393851905
3428,342.70685399999996,5.427964142753363
3429,342.80685600000004,4.967263364912118
3430,342.906858,5.71553478372406
3431,343.00685999999996,5.190677994064916
3432,343.10686200000004,5.048610293593966
3433,343.206864,5.561883683693347
3434,343.30686599999996,5.371719956525237
3435,343.40686800000003,5.76335519984718
3436,343.50687,5.416211852962916
3437,343.606872,5.570267027139548
3438,343.706874,5.312139332772964
3439,343.806876,5.11766580141305
3440,343.906878,5.5076910282419105
3441,344.00688,5.311186574223245
3442,344.106882,5.194813229035231
3443,344.206884,5.131431587071492
3444,344.306886,5.098783994297213
3445,344.40688800000004,5.582366439249801
3446,344.50689,5.586129468013797
3447,344.606892,5.3144102607729105
3448,344.70689400000003,4.587263846709088
3449,344.806896,4.210149237047408
3450,344.906898,4.6055353963686105
3451,345.00690000000003,4.656809685447569
3452,345.106902,4.5451258678452415
3453,345.206904,4.089920584859736
3454,345.306906,4.061053889688292
3455,345.406908,4.314515370329863
3456,345.50691,4.5809678366434685
3457,345.606912,4.249467086766998
3458,345.706914,3.6247404435203467
3459,345.806916,3.682977668132299
3460,345.906918,3.9194329795025307
3461,346.00692,4.136232340655468
3462,346.106922,3.842669790538451
3463,346.206924,3.925590717227091
3464,346.30692600000003,4.062635498903292
3465,346.406928,4.6434478553421625
3466,346.50693,4.306926458595654
3467,346.60693200000003,4.2829408678932195
3468,346.706934,3.7055881041536938
3469,346.806936,3.5852111871749286
3470,346.906938,4.349245727971733
3471,347.00694,3.966979007669769
3472,347.106942,4.454812295056932
3473,347.206944,3.6589727526259535
3474,347.306946,3.862622073729331
3475,347.40694800000006,4.331236556251119
3476,347.50695,5.177650683111502
3477,347.606952,4.155057834404849
3478,347.70695400000005,4.756880567279887
3479,347.806956,5.142813613867304
3480,347.906958,4.275460659082421
3481,348.00696000000005,3.8727945437224762
3482,348.106962,3.4597237192851855
3483,348.206964,3.7727032108382668
3484,348.306966,4.020942120213999
3485,348.406968,4.119893908670193
3486,348.50697,3.9457269113874562
3487,348.606972,3.7706873016013174
3488,348.706974,3.4013457110716105
3489,348.806976,3.342672269035683
3490,348.906978,4.190428633111482
3491,349.00698,3.642538049942932
3492,349.106982,3.5399498496001365
3493,349.206984,3.416940170443576
3494,349.30698600000005,4.233345304901369
3495,349.406988,4.520853372531754
3496,349.50699,4.5529875467211145
3497,349.60699200000005,4.731737875243733
3498,349.706994,5.4188671004105675
3499,349.80699599999997,5.229288425202141
3500,349.90699800000004,5.142969039437167
3501,350.007,4.86099359149215
3502,350.10700199999997,4.322131121648722
3503,350.20700400000004,5.011800585785037
3504,350.307006,5.392560891058832
3505,350.407008,5.683421977768
3506,350.50701000000004,5.36936366074109
3507,350.607012,5.120041640215849
3508,350.707014,4.923740636545553
3509,350.807016,5.536973967199603
3510,350.907018,5.453384304421024
3511,351.00702,5.484918199324759
3512,351.107022,5.456440848176561
3513,351.20702400000005,5.453937558152639
3514,351.307026,5.384745325877315
3515,351.40702799999997,5.814665080673678
3516,351.50703000000004,5.3337036562542375
3517,351.607032,4.975468848017954
3518,351.70703399999996,5.3658910261095265
3519,351.80703600000004,5.688857185465175
3520,351.907038,4.951225197110185
3521,352.00703999999996,4.810577157112007
3522,352.10704200000004,5.026904317710922
3523,352.207044,4.58802384576258
3524,352.307046,5.018120588152456
3525,352.40704800000003,5.694873895709948
3526,352.50705,5.500213169374543
3527,352.607052,5.02456946127888
3528,352.707054,4.773056373674279
3529,352.807056,4.15040454731861
3530,352.907058,4.690271186821953
3531,353.00706,4.128161787668804
3532,353.10706200000004,4.031122700331649
3533,353.207064,4.776578400566592
3534,353.30706599999996,4.867579569288299
3535,353.40706800000004,4.696721290244637
3536,353.50707,5.160071044772704
3537,353.60707199999996,4.961988729221078
3538,353.70707400000003,4.781408183260786
3539,353.807076,3.930395062341684
3540,353.90707799999996,5.089023973469617
3541,354.00708000000003,4.478990045844766
3542,354.107082,4.333111630062384
3543,354.207084,3.905513472414121
3544,354.307086,4.314121624168221
3545,354.407088,4.700692743642174
3546,354.50709,4.105407124102097
3547,354.607092,4.0200995923898235
3548,354.707094,4.162685722119831
3549,354.807096,3.6307131973149604
3550,354.907098,4.402721436258254
3551,355.00710000000004,4.54140458515763
3552,355.107102,5.071835431409127
3553,355.207104,4.311318447507357
3554,355.30710600000003,3.5007023052675073
3555,355.407108,3.419014126445009
3556,355.50711,3.4012051812413624
3557,355.60711200000003,4.388853028803365
3558,355.707114,4.719237696822575
3559,355.807116,4.082811444317551
3560,355.907118,4.193746151827584
3561,356.00712,4.420580421904035
3562,356.107122,4.294614991404623
3563,356.207124,4.300345769518455
3564,356.307126,4.353092017863233
3565,356.407128,4.021908298621898
3566,356.50713,4.26613753478896
3567,356.607132,5.1699573342675755
3568,356.707134,4.070751759055358
3569,356.807136,4.292001600833628
3570,356.90713800000003,4.200842086978882
3571,357.00714,3.8694493475604395
3572,357.107142,3.85014868873608
3573,357.207144,4.167721507133078
3574,357.307146,3.7606961220397634
3575,357.407148,4.557087203135484
3576,357.50715,4.936292595227698
3577,357.607152,5.237586799377258
3578,357.707154,5.175976295932759
3579,357.807156,5.091037982280467
3580,357.907158,5.269299242168542
3581,358.00716000000006,5.084354585520837
3582,358.107162,5.127587574333611
3583,358.207164,5.3016883641877195
3584,358.30716600000005,5.62890140008311
3585,358.407168,5.283669309952153
3586,358.50717,4.95510016038331
3587,358.60717200000005,4.787884385732911
3588,358.707174,5.291958461938299
3589,358.807176,5.090857728538247
3590,358.907178,5.704640665889499
3591,359.00718,4.63752033220443
3592,359.107182,4.703964961493042
3593,359.207184,4.790783740761283
3594,359.307186,4.61852751274294
3595,359.407188,5.015687358582833
3596,359.50719,4.549246804677084
3597,359.607192,4.77753203845936
3598,359.707194,4.633204083958359
3599,359.807196,4.765168787018406
3600,359.90719800000005,4.608131095350581
3601,360.0072,3.8141271304838575
3602,360.107202,4.278296129275967
3603,360.20720400000005,4.226652564647748
3604,360.307206,4.4686400585915695
3605,360.40720799999997,5.201362063982048
3606,360.50721000000004,4.688641858664327
3607,360.607212,4.203204286707404
3608,360.707214,4.712817190374163
3609,360.80721600000004,5.033533754136143
3610,360.907218,5.000448228313901
3611,361.00722,5.164297658251891
3612,361.10722200000004,5.247532100335055
3613,361.207224,4.945351506122001
3614,361.307226,5.1369273595265295
3615,361.407228,5.135555999976782
3616,361.50723,4.880939723509842
3617,361.607232,5.370509224879361
3618,361.70723399999997,5.048062082552622
3619,361.80723600000005,4.706783006434273
3620,361.907238,4.533063207284158
3621,362.00723999999997,4.763431800358143
3622,362.10724200000004,4.7657799776055185
3623,362.207244,4.70940974465158
3624,362.30724599999996,4.842670473770069
3625,362.40724800000004,4.470735857789459
3626,362.50725,4.616744701083186
3627,362.60725199999996,4.712625682552174
3628,362.70725400000003,4.834206733281575
3629,362.807256,4.709926331964896
3630,362.907258,4.7420830696281975
3631,363.00726000000003,4.503357414370611
3632,363.107262,4.609694690350629
3633,363.207264,4.557855402978835
3634,363.307266,4.5797495386230205
3635,363.407268,4.930641573703812
3636,363.50727,4.765113829128824
3637,363.607272,4.81927624558873
3638,363.70727400000004,4.7961936501614835
3639,363.807276,4.580412304976339
3640,363.907278,4.860175484743892
3641,364.00728000000004,4.85704878128897
3642,364.107282,4.787185335435758
3643,364.20728399999996,4.775460861234373
3644,364.30728600000003,4.873698541946063
3645,364.407288,4.763969417923806
3646,364.50728999999995,4.616862948022321
3647,364.60729200000003,4.889339057297127
3648,364.707294,5.003915628379216
3649,364.807296,4.796591285708571
3650,364.907298,4.881915266679428
3651,365.0073,4.840134414957229
3652,365.107302,4.981408557254642
3653,365.207304,4.965790593103524
3654,365.307306,4.974075681797538
3655,365.407308,4.750498815220169
3656,365.50731,5.159996533373523
3657,365.60731200000004,4.9491648898108025
3658,365.707314,4.763823427346725
3659,365.807316,4.839512104247234
3660,365.90731800000003,5.1315442514597125
3661,366.00732,5.093739623893662
3662,366.107322,4.906162635829568
3663,366.207324,4.71914935237882
3664,366.307326,5.185390352934023
3665,366.407328,4.93652072277741
3666,366.50733,4.708846798527442
3667,366.607332,4.700388482411162
3668,366.70733400000006,4.928081249461244
3669,366.807336,5.130229382927626
3670,366.907338,5.049760370689684
3671,367.00734,4.862446768163518
3672,367.107342,4.797437989646831
3673,367.207344,4.674855130599709
3674,367.307346,4.978149682546524
3675,367.407348,4.835470046460043
3676,367.50735000000003,4.708832115030089
3677,367.607352,4.183268057038691
3678,367.707354,4.654658075156761
3679,367.807356,4.893434704370631
3680,367.907358,4.765207953236488
3681,368.00736,4.9450224691318105
3682,368.107362,4.705137104744947
3683,368.207364,5.099062049927304
3684,368.307366,5.416141122409148
3685,368.407368,5.372387692632951
3686,368.50737,5.07404950622161
3687,368.60737200000005,4.571069636690484
3688,368.707374,5.498500675031116
3689,368.807376,4.915148065445125
3690,368.90737800000005,4.787280555243166
3691,369.00738,5.082746927628634
3692,369.107382,4.387157684294156
3693,369.20738400000005,4.739944940110831
3694,369.307386,4.494003843148291
3695,369.407388,4.68298303374514
3696,369.50739,5.213841104795797
3697,369.607392,5.256868146454527
3698,369.707394,4.7246561436057
3699,369.807396,4.960609237057723
3700,369.907398,4.727691597889528
3701,370.0074,4.794639748646034
3702,370.107402,5.039790793623122
3703,370.207404,4.23580684764212
3704,370.307406,4.944790349113244
3705,370.407408,5.015935575924415
3706,370.50741000000005,4.472597053259326
3707,370.607412,5.11154822211321
3708,370.70741399999997,4.757127740532173
3709,370.80741600000005,4.919215004544609
3710,370.907418,5.24762328405218
3711,371.00741999999997,5.145628440071732
3712,371.10742200000004,5.094755884156191
3713,371.207424,4.917287630094268
3714,371.307426,4.619913965945722
3715,371.40742800000004,4.698916948875501
3716,371.50743,5.419504781089442
3717,371.607432,4.573902939525466
3718,371.70743400000003,4.095441898887455
3719,371.807436,4.065514719763081
3720,371.907438,4.749228955276882
3721,372.00744,4.038402356114933
3722,372.107442,3.948458763389375
3723,372.207444,3.97363395048308
3724,372.30744599999997,4.099395767231931
3725,372.40744800000004,4.71180597890271
3726,372.50745,4.4128383587762094
3727,372.60745199999997,4.997758720728222
3728,372.70745400000004,4.329981367898328
3729,372.807456,4.149084217755783
3730,372.90745799999996,3.8010320545199083
3731,373.00746000000004,4.012691358127154
3732,373.107462,3.683089389968448
3733,373.207464,4.5200197391881565
3734,373.30746600000003,4.115237468620156
3735,373.407468,4.48950644113965
3736,373.50747,4.36002430513622
3737,373.60747200000003,4.7366334790042
3738,373.707474,4.512964469253637
3739,373.807476,4.188906137211567
3740,373.907478,4.7800376959213695
3741,374.00748,4.920503388346824
3742,374.107482,4.227319103446647
3743,374.207484,3.9157181960169836
3744,374.30748600000004,3.7828108033249808
3745,374.407488,3.946221761215393
3746,374.50749,3.792815013755612
3747,374.60749200000004,3.8926419467591016
3748,374.707494,3.743299147573295
3749,374.80749599999996,4.0342593739706585
3750,374.90749800000003,4.610592171253114
3751,375.0075,4.672071602916596
3752,375.107502,4.2811830417919685
3753,375.20750400000003,4.828374550414374
3754,375.307506,3.7240836664962442
3755,375.407508,4.507427529221755
3756,375.50751,4.641179774180453
3757,375.607512,4.700547440753203
3758,375.707514,4.2471756471352915
3759,375.807516,4.680202717842669
3760,375.907518,4.760051796598192
3761,376.00752,4.720914115643409
3762,376.107522,4.737648526660477
3763,376.20752400000003,4.494742016145907
3764,376.307526,4.688593780132145
3765,376.407528,4.937212125558372
3766,376.50753000000003,4.87913505909971
3767,376.607532,4.705536246719483
3768,376.707534,4.727848238894208
3769,376.807536,4.537185477120976
3770,376.907538,4.5975483791380025
3771,377.00754,4.39898498251906
3772,377.107542,4.725887459788182
3773,377.207544,4.998266902275945
3774,377.30754600000006,4.762989392393593
3775,377.407548,4.43694907098884
3776,377.50755,4.747712479320692
3777,377.607552,4.230910684717432
3778,377.707554,4.388616447318054
3779,377.807556,4.132375796793161
3780,377.907558,3.9785139567482233
3781,378.00756,4.031922629880529
3782,378.10756200000003,4.333996171913276
3783,378.207564,4.199188066248591
3784,378.307566,4.169482151138013
3785,378.407568,4.4130029170091465
3786,378.50757,4.4621744980595714
3787,378.607572,4.107408347550145
3788,378.707574,4.002648878723776
3789,378.807576,4.200498824013535
3790,378.907578,4.2851413016251145
3791,379.00758,4.778555891519003
3792,379.107582,4.597490197933228
3793,379.20758400000005,4.383526669418298
3794,379.307586,3.856631576174876
3795,379.407588,3.749439730220253
3796,379.50759000000005,4.939670815651167
3797,379.607592,4.6620833965886455
3798,379.707594,4.651921985057872
3799,379.80759600000005,4.628902414818995
3800,379.907598,4.096380503634869
3801,380.0076,4.888201950061435
3802,380.107602,5.103450127663926
3803,380.207604,5.038295187987823
3804,380.307606,4.612566675537739
3805,380.407608,4.712672533287312
3806,380.50761,5.192211716134378
3807,380.607612,4.257147140128726
3808,380.707614,4.176366177557129
3809,380.807616,5.055164591301464
3810,380.907618,4.839386458349196
3811,381.00762,4.772152518357018
3812,381.10762200000005,4.523849229752719
3813,381.207624,4.55093922977329
3814,381.30762599999997,4.610489342925977
3815,381.40762800000005,4.849734137447168
3816,381.50763,4.030995642528679
3817,381.60763199999997,5.499480497366041
3818,381.70763400000004,4.931078976807372
3819,381.807636,5.095196820883144
3820,381.907638,5.072270964265819
3821,382.00764000000004,5.416157240773436
3822,382.107642,4.4048217281025615
3823,382.207644,5.319037446104057
3824,382.30764600000003,4.742762819313232
3825,382.407648,5.03321310169197
3826,382.50765,5.426606047580904
3827,382.60765200000003,4.972349175307227
3828,382.707654,4.974351745907468
3829,382.807656,4.863490074947189
3830,382.90765799999997,4.761331930457615
3831,383.00766000000004,5.123947336829074
3832,383.107662,4.535294169550285
3833,383.20766399999997,4.109941384391776
3834,383.30766600000004,3.735664071751316
3835,383.407668,4.51727724558343
3836,383.50766999999996,4.161773169262717
3837,383.60767200000004,4.407640938207914
3838,383.707674,4.729624407727466
3839,383.807676,5.2056968098834195
3840,383.90767800000003,4.451928883108242
3841,384.00768,4.304792335652948
3842,384.107682,4.692322980458099
3843,384.20768400000003,4.644271556226372
3844,384.307686,4.607954446536182
3845,384.407688,4.67658944821208
3846,384.50769,3.8739589893442665
3847,384.607692,4.934720414249793
3848,384.707694,3.910610813577324
3849,384.807696,5.8244734028749665
3850,384.90769800000004,5.521576784038802
3851,385.0077,5.556540109795982
3852,385.107702,5.521788054328175
3853,385.20770400000004,5.603868821262982
3854,385.307706,4.996386840382416
3855,385.40770799999996,5.537219520191217
3856,385.50771000000003,5.273392952514685
3857,385.607712,5.542465774316975
3858,385.707714,5.528196989244695
3859,385.807716,5.31366603928876
3860,385.907718,5.3878445022644055
3861,386.00772,5.043962318553851
3862,386.107722,5.434683106322049
3863,386.207724,5.370073066251919
3864,386.307726,5.304109029416979
3865,386.407728,4.994877224223523
3866,386.50773,5.27888778743293
3867,386.607732,5.063073752728775
3868,386.707734,5.0252234640494216
3869,386.80773600000003,5.346845579190108
3870,386.907738,5.0532684727222525
3871,387.00774,5.34518372568979
3872,387.10774200000003,4.94144868948382
3873,387.207744,5.5463484972175285
3874,387.307746,4.85354638633385
3875,387.407748,4.941261630527392
3876,387.50775,4.889909143817325
3877,387.60775200000006,5.446030143872831
3878,387.707754,5.516818864221623
3879,387.807756,4.93634274153757
3880,387.90775800000006,5.1072165957188185
3881,388.00776,5.044032268266699
3882,388.107762,5.274822530551693
3883,388.207764,5.266374951615069
3884,388.307766,5.390539638987141
3885,388.407768,4.726102117920767
3886,388.50777,5.219256268892468
3887,388.607772,4.787122141607194
3888,388.70777400000003,5.023051884367214
3889,388.807776,5.249661605325246
3890,388.907778,5.261640626528645
3891,389.00778,4.492950049828529
3892,389.107782,5.036708020585521
3893,389.207784,5.081765970784686
3894,389.307786,5.355158651866703
3895,389.407788,5.594906442664258
3896,389.50779,4.837767085874527
3897,389.607792,4.827439537275026
3898,389.707794,4.609935112517482
3899,389.80779600000005,4.8932519087629425
3900,389.907798,5.504816360736764
3901,390.0078,5.125268500893389
3902,390.10780200000005,5.003317192685832
3903,390.207804,5.072598082815427
3904,390.30780599999997,5.202590909178082
3905,390.40780800000005,5.612193433460176
3906,390.50781,5.364704537396625
3907,390.607812,4.752675696004848
3908,390.707814,5.200497609809124
3909,390.807816,5.115177211242658
3910,390.907818,5.015429670737554
3911,391.00782,5.427091044290163
3912,391.107822,5.170270798435628
3913,391.207824,5.090638778408349
3914,391.307826,5.206270743923361
3915,391.407828,5.391492006382519
3916,391.50783,5.538767952074199
3917,391.607832,5.708234408323088
3918,391.70783400000005,5.1928285781707
3919,391.807836,5.283287386609473
3920,391.90783799999997,5.514966357229167
3921,392.00784000000004,5.020579186394486
3922,392.107842,4.6912615998515195
3923,392.20784399999997,5.514677183318727
3924,392.30784600000004,5.460334370495847
3925,392.407848,5.784463827479167
3926,392.50785,4.911574988376904
3927,392.60785200000004,4.9477661051482835
3928,392.707854,5.465579530198871
3929,392.807856,5.196466797918835
3930,392.90785800000003,4.514462061666805
3931,393.00786,5.255812556561055
3932,393.107862,5.594493287247789
3933,393.20786400000003,5.151753352422765
3934,393.307866,5.177683246414034
3935,393.407868,4.513030546013511
3936,393.50786999999997,5.455140489278888
3937,393.60787200000004,5.334642509171598
3938,393.707874,5.3341406443122334
3939,393.80787599999996,4.858578038902033
3940,393.90787800000004,4.993156996734765
3941,394.00788,5.48232370100168
3942,394.10788199999996,5.108584339833549
3943,394.20788400000004,5.515084190672384
3944,394.307886,5.41509286435998
3945,394.407888,5.238532424231215
3946,394.50789000000003,5.689493910832412
3947,394.607892,5.616749045153584
3948,394.707894,4.952576787250801
3949,394.807896,4.895898865007219
3950,394.907898,5.357123007592228
3951,395.0079,5.064504163993476
3952,395.107902,5.345498780984438
3953,395.207904,5.6829738354079256
3954,395.307906,5.126437101300492
3955,395.407908,5.476996198905289
3956,395.50791000000004,5.401298449125926
3957,395.607912,5.333272630763922
3958,395.707914,5.416652019780033
3959,395.80791600000003,5.279657964629748
3960,395.907918,5.39697452615238
3961,396.00791999999996,5.372550690454932
3962,396.10792200000003,5.365395544631076
3963,396.207924,5.015609723347012
3964,396.307926,4.791410167119932
3965,396.407928,4.532592611028263
3966,396.50793,5.083300036563772
3967,396.607932,5.133947663336554
3968,396.707934,5.535363675113673
3969,396.807936,4.952097216415923
3970,396.907938,5.836011342305303
3971,397.00794,5.509888532009145
3972,397.107942,5.382829847670872
3973,397.207944,5.709361769489768
3974,397.307946,5.622360120672248
3975,397.40794800000003,5.5715515258642
3976,397.50795,5.224730056352657
3977,397.607952,5.792648937233995
3978,397.70795400000003,5.169063196067686
3979,397.807956,5.501074782741195
3980,397.907958,6.174135662703438
3981,398.00796,5.392917021895079
3982,398.107962,5.784378022165903
3983,398.20796400000006,5.413024705985656
3984,398.307966,5.548268144188775
3985,398.407968,5.484667515414157
3986,398.50797000000006,5.918470557073996
3987,398.607972,5.7349027213938
3988,398.707974,5.455090269043434
3989,398.807976,5.527519437666521
3990,398.907978,5.016664256871432
3991,399.00798,5.000928555769998
3992,399.107982,4.983505616919487
3993,399.207984,4.987976756460039
3994,399.307986,5.165420635858444
3995,399.407988,5.060871502071223
3996,399.50799,5.87474693783658
3997,399.607992,5.544161295549318
3998,399.707994,5.429536272578118
3999,399.807996,5.6678108894963914
4000,399.907998,5.515219510223374
4001,400.000014,5.607446677289273
