Frame,Time (ns),RMSD
1,0.0,2.92632390212274e-06
2,0.100002,2.314707300636042
3,0.200004,2.484402725126279
4,0.30000600000000005,2.287313997314066
5,0.400008,2.211756146691131
6,0.50001,2.3057954002632792
7,0.6000120000000001,2.107582872135138
8,0.700014,1.8247126747789089
9,0.800016,2.3480954192905865
10,0.900018,2.215176425843454
11,1.00002,2.3421622891748672
12,1.1000219999999998,2.108469987575781
13,1.2000240000000002,2.2050614423264023
14,1.3000260000000001,2.2005972271992547
15,1.400028,2.273032757202016
16,1.50003,2.4367663188242528
17,1.600032,2.7558410577546906
18,1.700034,3.293458907787872
19,1.800036,3.211737625146731
20,1.9000380000000001,3.074303029348059
21,2.00004,3.287042187159812
22,2.1000419999999997,3.133718516244295
23,2.2000439999999997,2.6881972886719985
24,2.300046,2.740954990296917
25,2.4000480000000004,2.637437718861865
26,2.5000500000000003,2.570266426633663
27,2.6000520000000003,2.5931585908605688
28,2.700054,2.364342215835343
29,2.800056,3.0554652612986444
30,2.900058,2.8988938683108456
31,3.00006,2.950217497716132
32,3.100062,3.033192701315516
33,3.200064,3.3873377906107067
34,3.300066,3.9138676510691415
35,3.400068,3.9007347828516226
36,3.50007,4.003295145010068
37,3.600072,4.123215031411405
38,3.700074,4.365900957274396
39,3.8000760000000002,4.061257254714673
40,3.900078,3.5270431561557647
41,4.00008,4.125230116332779
42,4.1000820000000004,3.8123342625576275
43,4.2000839999999995,3.7885711003186375
44,4.300086,4.276688114625587
45,4.400087999999999,4.294061997384123
46,4.50009,4.360893716718699
47,4.600092,4.172580849315363
48,4.700094,3.847916341628219
49,4.800096000000001,4.084550978569042
50,4.900098,4.27905415727732
51,5.000100000000001,4.568581469701204
52,5.100102,3.713205375077013
53,5.2001040000000005,4.487516019943112
54,5.3001059999999995,4.249621008462987
55,5.400108,4.009369236894963
56,5.500109999999999,3.988507176363088
57,5.600112,4.010206545060703
58,5.700114,4.346962531881773
59,5.800116,4.397928623543644
60,5.900118,3.694175925749574
61,6.00012,3.806044463499642
62,6.100122000000001,3.8072812044379494
63,6.200124,3.9117089544217825
64,6.300126000000001,3.7249266626609607
65,6.400128,4.7697179245061285
66,6.50013,4.2698808007558275
67,6.600132,4.164375813578348
68,6.700134,3.5389580148895634
69,6.800136,3.549330208197033
70,6.900138,3.77718196251363
71,7.00014,4.845146171997882
72,7.100142,5.250560641955119
73,7.200144,5.233531905002084
74,7.300146,4.908595768076352
75,7.400148,5.370474191531069
76,7.5001500000000005,5.555497684730342
77,7.6001520000000005,4.723647897253488
78,7.700154,5.264572844703819
79,7.800156,4.968408877191846
80,7.900158,5.606495319405201
81,8.00016,5.368110152643115
82,8.100162000000001,5.704906959556694
83,8.200164000000001,5.111576032915782
84,8.300166,4.2989708202746275
85,8.400167999999999,4.130647348575787
86,8.50017,4.111806933692516
87,8.600172,4.44651613510159
88,8.700174,4.609744383144683
89,8.800175999999999,4.10635143391752
90,8.900178,4.835650700230969
91,9.00018,3.4409764647924455
92,9.100182,4.216008029212744
93,9.200184,4.547755077348324
94,9.300186,4.339921446903482
95,9.400188,4.677074512622503
96,9.50019,5.236989779436948
97,9.600192000000002,5.714554228874797
98,9.700194,4.863286149863174
99,9.800196,3.8127306010281607
100,9.900198,5.1818370779729115
101,10.000200000000001,6.280539200414935
102,10.100202,5.600669258357652
103,10.200204,6.625606669066419
104,10.300206,6.410476863576361
105,10.400208000000001,6.887956433485977
106,10.500210000000001,7.299060704849048
107,10.600211999999999,6.658348439831308
108,10.700214,6.071046373427566
109,10.800216,5.793353217174231
110,10.900218,6.209711814261894
111,11.000219999999999,5.766627846649
112,11.100222,6.003507588675034
113,11.200224,5.958465546812416
114,11.300226,5.837369094581926
115,11.400228,5.522752825679658
116,11.50023,5.156135923103333
117,11.600232,5.68470306808207
118,11.700234,5.210668260628858
119,11.800236,5.470734798801204
120,11.900238,5.7362733449983985
121,12.00024,6.277380036462358
122,12.100242,5.136605584408728
123,12.200244000000001,4.9080610109846905
124,12.300246000000001,5.205668740124541
125,12.400248,5.902141262075165
126,12.50025,6.624263903723384
127,12.600252000000001,6.795565754058276
128,12.700254000000001,8.633772346466179
129,12.800256,7.406203112390002
130,12.900258,6.93977641163771
131,13.00026,7.104048287511189
132,13.100262,7.961721693962234
133,13.200264,9.099348458760348
134,13.300265999999999,7.858198353796556
135,13.400268,7.79262584212935
136,13.50027,8.927505827204314
137,13.600272,8.359009709888063
138,13.700274,7.1746931710830495
139,13.800276,8.20839499734923
140,13.900278,8.821472536358373
141,14.00028,8.429581357787402
142,14.100282000000002,8.407858389344508
143,14.200284,9.030074227396728
144,14.300286,9.107700214328373
145,14.400288,8.42618903769675
146,14.500290000000001,9.690959154591365
147,14.600292,10.52704126066733
148,14.700294,9.416639436559228
149,14.800296,9.525761349649526
150,14.900298000000001,9.380265551623342
151,15.000300000000001,8.714488602349569
152,15.100302,7.843361728466903
153,15.200304000000001,7.34548095101832
154,15.300306,7.3017131845983565
155,15.400308,8.202882557471105
156,15.500309999999999,7.7098862446276
157,15.600312,7.708828409913872
158,15.700314,7.117883006598966
159,15.800316,8.020421625177518
160,15.900318,7.4911083218156085
161,16.00032,7.332828858400848
162,16.100322,8.08793811481606
163,16.200324000000002,7.642551109535829
164,16.300326000000002,7.515873198191389
165,16.400328000000002,8.99460179373828
166,16.50033,7.426873259191097
167,16.600332,6.686427577314543
168,16.700333999999998,6.927226435886003
169,16.800335999999998,5.352575536538791
170,16.900338,4.7756124690195545
171,17.00034,6.117786675451607
172,17.100342,6.018079381543183
173,17.200344,5.123618674385764
174,17.300346,5.147507890973139
175,17.400348,4.387513588775222
176,17.50035,5.46077240576269
177,17.600351999999997,5.518075861255035
178,17.700354,5.941151610386593
179,17.800356,5.469809061044487
180,17.900358,4.531057940219826
181,18.00036,4.653167885124092
182,18.100362,5.452978962400108
183,18.200364,5.321537403145746
184,18.300366,5.5622485080201995
185,18.400368,4.564055322014614
186,18.50037,4.130166722007645
187,18.600372,4.363000614278305
188,18.700374,4.144420285948513
189,18.800376,4.171915500609155
190,18.900378,4.6245712389722815
191,19.00038,5.218263522549477
192,19.100382,4.544444841095953
193,19.200384000000003,3.790127172950097
194,19.300386,4.269662103673626
195,19.400388,4.354677155725202
196,19.50039,4.361196361763951
197,19.600392,3.6497488107398635
198,19.700394,4.293757004084478
199,19.800396,3.972591193388177
200,19.900398000000003,4.542120290587927
201,20.000400000000003,4.755372009247432
202,20.100402000000003,5.304903616329736
203,20.200404,4.592724365326871
204,20.300406,3.6709076912558545
205,20.400408,3.700562875554281
206,20.50041,4.245885142434534
207,20.600412,3.915910343711846
208,20.700414000000002,4.080699468337091
209,20.800416000000002,4.67607406315791
210,20.900418000000002,5.154883492144218
211,21.000420000000002,5.0741363393971515
212,21.100422,4.147003501722342
213,21.200423999999998,4.274921996203188
214,21.300425999999998,4.103080029930158
215,21.400428,3.815349365221071
216,21.50043,4.906067214811158
217,21.600432,5.04856876519909
218,21.700434,5.566931682151529
219,21.800436,4.523625675982831
220,21.900438,4.792832721415897
221,22.000439999999998,3.6808410411210413
222,22.100441999999997,4.2262112116795105
223,22.200444,5.016908551393877
224,22.300446,5.558057502766828
225,22.400448,5.323870485605719
226,22.50045,4.9001687783524925
227,22.600452,4.89965509125174
228,22.700454,5.111319495278351
229,22.800456,4.947186725038909
230,22.900458,4.778903545088954
231,23.00046,5.720625109432684
232,23.100462,5.25925241125722
233,23.200464,5.4974501904057265
234,23.300466,4.94635472451124
235,23.400468,4.427294871331737
236,23.50047,4.680315815340578
237,23.600472,4.548673250312862
238,23.700474000000003,5.126522424664936
239,23.800476,5.179107899033457
240,23.900478,5.264888878960591
241,24.00048,5.2151732336443555
242,24.100482,5.2642232548653975
243,24.200484,5.572398530998487
244,24.300486,6.087559505369627
245,24.400488000000003,5.591294696430505
246,24.500490000000003,5.37191621886729
247,24.600492000000003,4.814760776865186
248,24.700494,4.827960662501644
249,24.800496,4.939317711104803
250,24.900498,5.100643829648368
251,25.0005,5.684095658880391
252,25.100502,5.946051652020733
253,25.200504000000002,6.426622062528994
254,25.300506000000002,6.7623985947830985
255,25.400508000000002,6.665658382123924
256,25.500510000000002,8.336511156439816
257,25.600512,7.993918829725857
258,25.700514,6.887116457739208
259,25.800516,5.851787359913613
260,25.900518,6.468920894493411
261,26.00052,5.503575190263315
262,26.100522,6.278033872701426
263,26.200524,5.632683740819765
264,26.300526,5.458469894961586
265,26.400528,6.81253780118139
266,26.500529999999998,6.2271125854028275
267,26.600531999999998,5.997513411610673
268,26.700534,6.7707806135247965
269,26.800536,6.583382203116987
270,26.900538,5.796040085823697
271,27.00054,5.235788847240986
272,27.100542,5.124484420474377
273,27.200544,6.499458060080588
274,27.300546,6.556027330675721
275,27.400548,6.888450572451213
276,27.50055,6.927666117059262
277,27.600552,7.939733204713309
278,27.700554,7.553055692621469
279,27.800556,7.595150891717772
280,27.900558,6.67063897810787
281,28.00056,6.323897527280354
282,28.100562,5.359534402257589
283,28.200564000000004,5.882854984086005
284,28.300566,5.0580806478455616
285,28.400568,5.330660209285056
286,28.50057,5.379142600045755
287,28.600572,4.890354286358196
288,28.700574,4.866628870751057
289,28.800576,3.8706176795310596
290,28.900578000000003,4.390472387716591
291,29.000580000000003,3.5841798989804587
292,29.100582000000003,3.900463609435785
293,29.200584,3.670213519472053
294,29.300586,3.4609804736183727
295,29.400588,5.010942549326324
296,29.50059,5.654993482631677
297,29.600592,5.293539877989043
298,29.700594000000002,5.245045167336697
299,29.800596000000002,4.532925460979524
300,29.900598000000002,4.4205772051169445
301,30.000600000000002,4.794610340560846
302,30.100602,4.391335782246694
303,30.200604,5.208274678771305
304,30.300606,5.900697185556589
305,30.400608000000002,5.816221762284232
306,30.50061,4.817349704398224
307,30.600612,5.223556517355369
308,30.700614,4.384722244731953
309,30.800616,4.025683187534397
310,30.900618,3.7781199342194647
311,31.000619999999998,3.835951878879538
312,31.100621999999998,3.7514244534235437
313,31.200624,3.429359041833366
314,31.300626,3.9148384934202345
315,31.400628,3.375106001952309
316,31.50063,3.84055539189911
317,31.600632,4.345247363203961
318,31.700634,4.0628970315010005
319,31.800636,4.350617952868802
320,31.900638,4.53555936096042
321,32.00064,4.337728051025455
322,32.100642,5.046890907328795
323,32.200644,5.737533631392858
324,32.300646,5.26745683246336
325,32.400648000000004,6.002951192162755
326,32.50065,6.617943075413671
327,32.600652000000004,5.91102022502209
328,32.700654,5.177804750413195
329,32.800656000000004,4.850764349345017
330,32.900658,5.014211143489385
331,33.00066,4.812350400634543
332,33.10066200000001,5.58341548801861
333,33.200664,5.263460769114223
334,33.300666,5.529335785328584
335,33.400667999999996,5.039850288345148
336,33.50067,5.968067800278962
337,33.600671999999996,5.229329989526007
338,33.700674,4.654264846374719
339,33.800676,5.378478038786214
340,33.900678,6.134478401165384
341,34.00068,5.311826961433325
342,34.100682,4.1982141414142164
343,34.200684,5.13355926870967
344,34.300686,3.976786160490697
345,34.400688,4.733163233624099
346,34.500690000000006,4.24263434478347
347,34.600692,5.3694446584298765
348,34.700694000000006,5.34509014424715
349,34.800696,5.3955547974827915
350,34.900698000000006,5.189961692804746
351,35.0007,5.440218977669621
352,35.100702,5.882529769003467
353,35.200703999999995,5.336183490289212
354,35.300706,5.730105703338987
355,35.400708,5.141569831989166
356,35.50071,6.356891135217521
357,35.600712,4.766421650323132
358,35.700714,5.09676834783466
359,35.800716,4.730626454492435
360,35.900718,4.9143595326002005
361,36.00072,4.435036090274704
362,36.100722000000005,4.49254735026306
363,36.200724,4.355702556453976
364,36.300726000000004,4.357362708501289
365,36.400728,4.337458848404764
366,36.500730000000004,5.334578824312011
367,36.600732,4.352486693960197
368,36.700734000000004,3.81880185487956
369,36.800736,4.203699411227596
370,36.900738,5.308162873792687
371,37.00074,5.089546411803293
372,37.100742,6.051965273713111
373,37.200744,5.52299863576724
374,37.300746,5.808457635750515
375,37.400748,5.638066493966682
376,37.50075,5.694604573259012
377,37.600752,5.657934989692863
378,37.700754,6.188414617619187
379,37.800756,5.377597359143253
380,37.900758,5.794014128308287
381,38.00076,6.173313497239692
382,38.100762,6.397535553370481
383,38.200764,6.139440322092525
384,38.300766,6.485187146296467
385,38.40076800000001,5.860393111781144
386,38.50077,6.047901101690038
387,38.600772,7.5357329320325634
388,38.700773999999996,7.195029816496139
389,38.800776,6.271355107186621
390,38.900777999999995,6.031579565126821
391,39.00078,5.87597152682024
392,39.100782,5.939079278544083
393,39.200784,5.857684451952861
394,39.300786,6.094260616451847
395,39.400788,5.309116965210543
396,39.50079,6.097521488354465
397,39.600792,5.651760446448998
398,39.700794,6.390864719839347
399,39.800796000000005,6.530603442823141
400,39.900798,5.437060526979408
401,40.000800000000005,6.0271409885242475
402,40.100802,5.1663364386725155
403,40.200804000000005,5.696923842578142
404,40.300806,5.281172992233336
405,40.400808,6.014197884040173
406,40.500809999999994,5.678884727204603
407,40.600812,5.54339873410836
408,40.700814,5.115162133273161
409,40.800816,4.805957739553657
410,40.900818,5.355506183545136
411,41.00082,4.954553987102376
412,41.100822,4.958760348350638
413,41.200824,4.5898589430586325
414,41.300826,5.103069163917825
415,41.400828000000004,4.476799325835119
416,41.50083,5.191012188235881
417,41.600832000000004,6.368819063560949
418,41.700834,6.603440542823098
419,41.800836000000004,5.8470144810273865
420,41.900838,4.977613096566865
421,42.000840000000004,5.238248643338574
422,42.10084200000001,4.669382212228436
423,42.200844,4.983045742699304
424,42.300846,5.635320585188175
425,42.400847999999996,4.476949679964336
426,42.50085,4.668137096779411
427,42.600851999999996,4.539707717944215
428,42.700854,4.473273971880796
429,42.800856,4.45152358745944
430,42.900858,4.7402295880636975
431,43.00086,4.966584085953709
432,43.100862,5.644162817499601
433,43.200864,5.577041750106309
434,43.300866,4.983880835804938
435,43.400868,6.611364249460534
436,43.500870000000006,6.254022325558651
437,43.600872,6.943446859341402
438,43.700874000000006,5.6338955339081505
439,43.800876,5.294522441868116
440,43.900878000000006,5.147720992631417
441,44.000879999999995,5.650730681974224
442,44.100882,5.676576548355264
443,44.200883999999995,5.988403146825552
444,44.300886,5.23660316668768
445,44.400888,4.9273494845953385
446,44.50089,5.223812671021219
447,44.600892,5.457840938231412
448,44.700894,5.317948625849077
449,44.800896,5.317779883009461
450,44.900898,6.272999242189197
451,45.0009,6.145662507297713
452,45.100902000000005,5.983871205209012
453,45.200904,6.7165277953376625
454,45.300906000000005,6.699837013864809
455,45.400908,5.9326835023889934
456,45.500910000000005,5.701074189197343
457,45.600912,5.5016902532986425
458,45.700914000000004,5.667862651527205
459,45.800916,5.064002151342939
460,45.900918,4.68247116496557
461,46.00092,5.409174244166394
462,46.100922,5.914489970040779
463,46.200924,6.036912542711058
464,46.300926,5.561977360123045
465,46.400928,5.211406311404907
466,46.50093,5.963055868558027
467,46.600932,5.950813739917269
468,46.700934000000004,5.713069747120964
469,46.800936,5.659159801985101
470,46.900938000000004,6.465136448913391
471,47.00094,5.930384423293582
472,47.100942,5.418750038192659
473,47.200944,5.623812829835721
474,47.300946,5.007580204952581
475,47.40094800000001,4.8235926369440945
476,47.50095,4.596743081436389
477,47.600952,5.098401524270091
478,47.700953999999996,4.819675318772006
479,47.800956,5.135054991080396
480,47.900957999999996,4.58748397626791
481,48.00096,5.466495193355558
482,48.100962,5.7414733542566445
483,48.200964,4.906594894609383
484,48.300966,5.063628309476835
485,48.400968,4.966386787639159
486,48.50097,5.335458337165047
487,48.600972,5.056090362347119
488,48.700974,5.047413354778252
489,48.800976000000006,5.0982962292408
490,48.900978,4.491680752003661
491,49.000980000000006,4.129508271417703
492,49.100982,5.19036896998867
493,49.200984000000005,4.621373777964284
494,49.300986,5.093351418186491
495,49.400988,6.010536338506391
496,49.500989999999994,6.020722249609153
497,49.600992,5.28170975523731
498,49.700994,5.368851207916558
499,49.800996,5.51353783975543
500,49.900998,5.2315644320838945
501,50.001,5.156198927017083
502,50.101002,5.461133393451079
503,50.201004,5.278510004320965
504,50.301006,6.033086480122544
505,50.401008000000004,5.834153365506405
506,50.50101,5.253978918736383
507,50.601012000000004,3.9446185601172035
508,50.701014,4.516438671715417
509,50.801016000000004,4.868481751963869
510,50.901018,4.910118327992055
511,51.001020000000004,4.923862851352106
512,51.10102200000001,4.410612614065391
513,51.201024,3.5857777656803145
514,51.301026,4.021131539755303
515,51.401028,4.092580387383155
516,51.50103,3.878545203971645
517,51.601032,4.135733727361348
518,51.701034,4.159600446298553
519,51.801036,3.728184410828935
520,51.901038,3.738527243632968
521,52.00104,3.6727913244172194
522,52.101042,4.238330718583827
523,52.201044,4.489728871101213
524,52.301046,4.364098865042277
525,52.401048,4.308613163144555
526,52.501050000000006,4.399534468577725
527,52.601052,4.666583568572957
528,52.701054000000006,5.279278204153688
529,52.801056,5.1489864046099925
530,52.901058000000006,4.676261133150355
531,53.001059999999995,5.615710911388622
532,53.101062,5.316755780431703
533,53.201063999999995,7.098870865479962
534,53.301066,7.035555179207147
535,53.401068,7.12473131175815
536,53.50107,5.7075307508219035
537,53.601072,5.77134145034916
538,53.701074,5.7596267999640105
539,53.801076,5.954867395588715
540,53.901078,5.4123398205337665
541,54.00108,5.294420159160375
542,54.101082000000005,5.127370925526268
543,54.201084,5.313853633629746
544,54.301086000000005,7.179096862550961
545,54.401088,6.164530709195926
546,54.501090000000005,5.365258802356782
547,54.601092,5.290990277409007
548,54.701094000000005,4.463662721619135
549,54.801096,5.180562564813656
550,54.901098,5.313913857297542
551,55.0011,5.260534476763987
552,55.101102,5.88794497733351
553,55.201104,5.279449958372389
554,55.301106,4.757367675483475
555,55.401108,4.558465245744555
556,55.50111,5.157576498602631
557,55.601112,4.634924054923554
558,55.701114000000004,4.469996962423616
559,55.801116,4.142838493185979
560,55.901118000000004,4.160844855218488
561,56.00112,5.493949749072077
562,56.101122000000004,5.596672210823626
563,56.201124,5.645653791339713
564,56.301126000000004,5.560651622040904
565,56.40112800000001,4.845123600072945
566,56.50113,5.379352289806261
567,56.601132,5.298673713911378
568,56.701133999999996,5.095568957675485
569,56.801136,4.991953117494132
570,56.901137999999996,4.951308785503358
571,57.00114,4.786814016608004
572,57.101142,4.5564930347387
573,57.201144,5.821125354761085
574,57.301146,5.675935113561008
575,57.401148,4.7010037609008535
576,57.50115,5.264436558331569
577,57.601152,5.11068853326792
578,57.701154,5.159220133302951
579,57.801156000000006,4.5006752666594405
580,57.901158,4.565961880205286
581,58.001160000000006,4.414363320452372
582,58.101162,4.365631381977224
583,58.201164000000006,3.907671972080425
584,58.301166,4.6451309942785475
585,58.401168,4.580651771563088
586,58.501169999999995,3.98230876549494
587,58.601172,3.35105309151082
588,58.701174,3.4422541451863142
589,58.801176,3.3586886485918006
590,58.901178,3.396599047713941
591,59.00118,3.6299931303653064
592,59.101182,3.522498592052573
593,59.201184,3.8741920550069575
594,59.301186,4.377522125213222
595,59.401188000000005,3.5775726549330877
596,59.50119,3.5741419009457482
597,59.601192000000005,4.061989568418843
598,59.701194,4.178631829773441
599,59.801196000000004,4.176741041874428
600,59.901198,3.6385346629054998
601,60.001200000000004,4.139621352210955
602,60.10120200000001,4.831240335145548
603,60.201204,5.010500148471201
604,60.301206,4.268108693043809
605,60.401208,4.3961287171831005
606,60.50121,5.129744235484909
607,60.601212,4.481777572017975
608,60.701214,4.813950745183935
609,60.801216000000004,4.421117924181823
610,60.901218,5.140265204415031
611,61.00122,5.366676703859405
612,61.101222,5.217271944053078
613,61.201224,4.678382641885201
614,61.301226,5.2175048372353565
615,61.401228,5.679160034883671
616,61.50123000000001,5.633272811798594
617,61.601232,5.234113886263722
618,61.70123400000001,5.299855855425891
619,61.801236,6.714888569220654
620,61.901238000000006,7.043895059901061
621,62.001239999999996,6.021717721305302
622,62.101242,5.2776521178754
623,62.201243999999996,5.112188485632007
624,62.301246,5.246479025986155
625,62.401248,4.782235536928669
626,62.50125,5.195607690083992
627,62.601252,4.898337631953245
628,62.701254,5.296926386208073
629,62.801256,5.341253902588526
630,62.901258,5.069184440912791
631,63.00126,5.8460895488950415
632,63.101262000000006,5.5255290940229385
633,63.201264,5.995440884249584
634,63.301266000000005,6.973817127035551
635,63.401268,6.923240191962789
636,63.501270000000005,7.258220439477057
637,63.601272,6.616198426799932
638,63.701274000000005,5.7558805385112475
639,63.801276,4.9160898522813286
640,63.901278,4.710141477912243
641,64.00128,6.226402843303108
642,64.101282,6.0460389932022185
643,64.201284,5.60580726927665
644,64.301286,5.5112905039374125
645,64.401288,5.83087347479265
646,64.50129,5.059358436235765
647,64.601292,4.92471769014352
648,64.701294,5.016548901887167
649,64.80129600000001,5.010033156850231
650,64.901298,5.215163149243428
651,65.0013,4.637737534114436
652,65.101302,5.489508602347011
653,65.20130400000001,5.310576489564776
654,65.30130600000001,4.166886844263128
655,65.401308,5.602783251584344
656,65.50131,6.689164078009661
657,65.60131200000001,6.166820018416232
658,65.701314,5.21306309474489
659,65.801316,5.9712451036754315
660,65.901318,5.8925540492243025
661,66.00132,5.238019685362502
662,66.101322,5.928432925746056
663,66.20132400000001,5.922755964117912
664,66.301326,5.574133636355311
665,66.401328,5.668692849835803
666,66.50133,6.075606548335268
667,66.601332,6.053125807653516
668,66.701334,6.5745980653928555
669,66.80133599999999,6.609572637655671
670,66.90133800000001,5.598041654248335
671,67.00134,5.613067897485104
672,67.101342,5.223418062621633
673,67.20134399999999,5.0367389899158255
674,67.30134600000001,4.689364377968485
675,67.401348,5.119703372826551
676,67.50135,5.363154624154762
677,67.601352,5.320529172011039
678,67.70135400000001,5.501313285954756
679,67.801356,5.07092847063817
680,67.901358,5.302366014315919
681,68.00136,4.91565033930271
682,68.10136200000001,4.7230747653764675
683,68.201364,5.265268361436889
684,68.301366,5.6207957621430955
685,68.401368,5.548583092044521
686,68.50137,5.503000629161304
687,68.601372,5.647481764272029
688,68.701374,4.944526297080592
689,68.801376,5.1920746300274665
690,68.901378,4.997045446689781
691,69.00138000000001,5.807824858039719
692,69.101382,4.681197336751361
693,69.201384,4.718364233903722
694,69.301386,4.863866212272259
695,69.40138800000001,4.261902864882191
696,69.50139,5.091435841759746
697,69.601392,4.690480029595353
698,69.701394,3.8880369144443465
699,69.80139600000001,4.4838348799583825
700,69.901398,4.4693409808812
701,70.0014,4.177697682730052
702,70.10140200000001,4.635388879943007
703,70.201404,5.050968856822133
704,70.301406,4.755919051067688
705,70.40140799999999,5.040302599059032
706,70.50141,4.9070989730507035
707,70.601412,4.788080378483395
708,70.701414,5.399085292880327
709,70.801416,5.910813313352871
710,70.901418,5.415185352421018
711,71.00142,5.451762202184094
712,71.101422,5.327502912535571
713,71.201424,5.778056676557992
714,71.301426,6.340774012050898
715,71.401428,5.949125097340859
716,71.50143000000001,5.20163997305325
717,71.601432,5.211003926564624
718,71.701434,5.746002934798642
719,71.801436,5.229832265848513
720,71.901438,6.17414342364092
721,72.00144,6.929162991323089
722,72.10144199999999,6.715369371101475
723,72.20144400000001,5.92197355954036
724,72.301446,6.11370407610097
725,72.401448,7.470527227625131
726,72.50144999999999,7.793960768440394
727,72.60145200000001,7.507777718260761
728,72.701454,6.276272609678826
729,72.801456,6.1831046286680005
730,72.901458,5.79924913118314
731,73.00146000000001,5.358343603842149
732,73.101462,5.131350119376045
733,73.201464,5.899879445803714
734,73.301466,5.7409000753328145
735,73.40146800000001,5.500822145151828
736,73.50147,5.44215977555877
737,73.601472,5.593259456538744
738,73.701474,5.782425089947669
739,73.801476,5.907753164093495
740,73.901478,6.1611214440377475
741,74.00148,6.4456161805732375
742,74.101482,6.119580453199671
743,74.201484,6.756612625779462
744,74.30148600000001,6.146244436327542
745,74.401488,6.224956092815416
746,74.50149,5.911250426993727
747,74.601492,5.277871086051987
748,74.70149400000001,5.976806140245009
749,74.801496,5.708445705942976
750,74.901498,4.447086166670465
751,75.0015,4.656263253927201
752,75.10150200000001,4.977351248605245
753,75.201504,5.637951902573083
754,75.301506,5.530362701512193
755,75.401508,4.213565172716572
756,75.50151,4.879740352340294
757,75.601512,4.580690707024953
758,75.70151399999999,3.7382738503122734
759,75.801516,3.669695066911604
760,75.901518,3.8120205645310508
761,76.00152,3.6266188345387307
762,76.101522,3.21133142350175
763,76.201524,4.446167094647873
764,76.301526,4.345282664678446
765,76.401528,3.8298298238712545
766,76.50153,3.9838106737659698
767,76.601532,4.018287488057271
768,76.701534,4.524834402275709
769,76.80153600000001,4.069858320817076
770,76.901538,4.150706594154566
771,77.00154,5.161759097422963
772,77.101542,5.809189214017347
773,77.201544,5.528750476490621
774,77.301546,6.271849025354497
775,77.40154799999999,6.077661200021399
776,77.50155000000001,5.985640527759155
777,77.601552,6.744018749636342
778,77.701554,6.913499170148373
779,77.80155599999999,6.863062107483805
780,77.90155800000001,6.680559288049549
781,78.00156,5.883496688275109
782,78.101562,5.36145113246349
783,78.201564,5.5774144668824714
784,78.30156600000001,5.591300938641695
785,78.401568,5.856982767854891
786,78.50157,5.890337179240143
787,78.601572,5.945953995509914
788,78.70157400000001,5.993851472348106
789,78.801576,5.791201605583219
790,78.90157800000001,5.559850742282633
791,79.00158,5.42051714988054
792,79.101582,5.599658123269382
793,79.201584,5.606028593147127
794,79.301586,5.4616118862876135
795,79.401588,5.937023441732554
796,79.50159,5.921670189059029
797,79.60159200000001,5.93086332730258
798,79.701594,5.748221995110323
799,79.801596,5.877059893954719
800,79.90159799999999,6.168289661763962
801,80.00160000000001,5.773262908393533
802,80.101602,6.027922500615763
803,80.201604,6.610485035805735
804,80.301606,6.967093218025445
805,80.40160800000001,6.405640922289366
806,80.50161,6.257898521399252
807,80.601612,5.848130542017135
808,80.701614,6.07154088309444
809,80.801616,6.779304444883749
810,80.901618,6.735231930841753
811,81.00161999999999,6.678859921429677
812,81.101622,6.6263788669491195
813,81.201624,6.702177167616089
814,81.301626,6.409422344449452
815,81.401628,6.1660657446252545
816,81.50163,6.3651921510682925
817,81.601632,7.026697726121415
818,81.701634,6.79978882184856
819,81.801636,6.851021002862462
820,81.901638,6.363440433448474
821,82.00164,6.8724325567710745
822,82.10164200000001,6.658234469052944
823,82.201644,7.26915475781109
824,82.301646,6.112480198550194
825,82.401648,6.016524243257612
826,82.50165000000001,6.863540899947394
827,82.601652,5.988169139763208
828,82.70165399999999,5.865109426875713
829,82.80165600000001,5.658495120944951
830,82.901658,5.820808133197593
831,83.00166,6.486484837436807
832,83.10166199999999,6.382176147857428
833,83.20166400000001,6.127416722185471
834,83.301666,6.649720710016633
835,83.401668,6.627348291498779
836,83.50167,6.216329473157506
837,83.60167200000001,6.851586925114441
838,83.701674,6.350124573319914
839,83.801676,6.739991572292783
840,83.901678,7.028115522253479
841,84.00168000000001,6.828457414258673
842,84.101682,6.933970483978388
843,84.20168400000001,7.025806553980139
844,84.301686,7.651335485241234
845,84.401688,7.475359212544021
846,84.50169,7.662617987708206
847,84.601692,7.551639590335754
848,84.701694,7.8573561026366425
849,84.80169599999999,8.413692268281052
850,84.90169800000001,8.75022624977754
851,85.0017,8.39244855366879
852,85.101702,8.062901596751848
853,85.20170399999999,7.866741106628549
854,85.30170600000001,8.707319913256198
855,85.401708,8.701056470429023
856,85.50171,7.977867491084669
857,85.601712,7.7296588199449685
858,85.70171400000001,7.439039774567199
859,85.801716,6.955173959532842
860,85.901718,7.985415184172986
861,86.00172,7.808340073135494
862,86.10172200000001,7.640531759434965
863,86.201724,7.458718382827412
864,86.301726,7.41600737325224
865,86.401728,8.124894960240063
866,86.50173,7.591755015436378
867,86.601732,7.287294380951162
868,86.701734,7.4142075498866555
869,86.801736,7.583804507559478
870,86.901738,7.572885812091118
871,87.00174000000001,7.376067512661958
872,87.101742,7.977851255928872
873,87.201744,7.508698007330868
874,87.301746,7.324816659117907
875,87.40174800000001,7.8445538559836825
876,87.50175,7.7056878289090855
877,87.601752,7.523852730036292
878,87.701754,8.167319212242097
879,87.80175600000001,7.906741506855607
880,87.901758,7.726568683666499
881,88.00175999999999,6.869052186540219
882,88.10176200000001,6.664386330666427
883,88.201764,5.442637864770784
884,88.301766,5.896030562914389
885,88.40176799999999,6.595621448616675
886,88.50177000000001,7.041226477057088
887,88.601772,7.170492643742121
888,88.701774,8.185950672550856
889,88.801776,6.7727123752342315
890,88.90177800000001,6.37961523987757
891,89.00178,6.553818516622452
892,89.101782,7.028672502816165
893,89.201784,6.8984788287622
894,89.301786,6.629104549194056
895,89.401788,6.939191075392231
896,89.50179000000001,7.29895350676797
897,89.601792,7.280915024231647
898,89.701794,5.967347592451126
899,89.801796,6.130024715194923
900,89.901798,5.7587625710147385
901,90.0018,6.013350722705435
902,90.10180199999999,6.712028200001594
903,90.20180400000001,6.63747492098846
904,90.301806,6.006316614140032
905,90.401808,6.500741264313954
906,90.50180999999999,5.338530756077523
907,90.60181200000001,6.268351255329721
908,90.701814,6.497682760332645
909,90.801816,6.4486084377180175
910,90.901818,6.341973493930455
911,91.00182000000001,6.755333048607586
912,91.101822,6.047307235717229
913,91.201824,6.407953913000445
914,91.301826,6.469681874962892
915,91.40182800000001,6.124996517867862
916,91.50183,6.195689430099102
917,91.601832,6.089949213088215
918,91.701834,6.09973077244625
919,91.801836,6.161297912143411
920,91.901838,5.812464748715918
921,92.00184,6.871168448381406
922,92.101842,6.070266800921165
923,92.201844,6.2125094060507715
924,92.30184600000001,5.782747348358494
925,92.401848,6.836365162092042
926,92.50185,7.557758682678174
927,92.601852,7.350908830826994
928,92.70185400000001,6.898991364622987
929,92.801856,7.1253319746465005
930,92.901858,7.349305395552922
931,93.00186,6.689425510821941
932,93.10186200000001,7.182458534127428
933,93.201864,7.250195378859368
934,93.301866,6.62682222923885
935,93.40186800000001,7.215902992804377
936,93.50187,7.189346080021496
937,93.601872,7.169014662393639
938,93.70187399999999,6.791446598685589
939,93.80187600000001,7.099038896857836
940,93.901878,6.219727328240359
941,94.00188,7.281273601528449
942,94.101882,7.311529985615347
943,94.201884,6.6409717878508205
944,94.301886,6.796632070024613
945,94.401888,7.044017196862123
946,94.50189,7.376910378648531
947,94.601892,8.184091643616323
948,94.701894,7.658279409118821
949,94.80189600000001,7.641471932443483
950,94.901898,7.622875911643109
951,95.0019,7.053917523700801
952,95.101902,7.95269767701777
953,95.201904,9.045754522577095
954,95.301906,8.518062901567868
955,95.40190799999999,7.2341419913605325
956,95.50191000000001,8.109329551332557
957,95.601912,8.509512022884138
958,95.701914,8.769489035029714
959,95.80191599999999,10.21771035977261
960,95.90191800000001,10.703843010371584
961,96.00192,10.625443755379292
962,96.101922,10.464777824318567
963,96.201924,10.516361753162668
964,96.30192600000001,11.071316250328334
965,96.401928,10.896577688500797
966,96.50193,10.190392577233176
967,96.601932,10.470845173402077
968,96.70193400000001,9.395588054912553
969,96.801936,10.115852485596328
970,96.90193800000002,10.29612337642019
971,97.00194,9.541904613349574
972,97.101942,9.874840289073628
973,97.201944,10.392868766818415
974,97.301946,10.700736528325868
975,97.401948,11.31387028070186
976,97.50195,11.803073425374562
977,97.60195200000001,11.449171857554086
978,97.701954,10.92730647003678
979,97.801956,10.096498534439657
980,97.901958,10.631125447920658
981,98.00196000000001,10.945397117664486
982,98.101962,10.793222324673927
983,98.201964,11.047353837518717
984,98.30196600000001,10.297545003006132
985,98.40196800000001,10.258634696056259
986,98.50197,10.05069202306726
987,98.601972,9.45891055191515
988,98.701974,10.537718270303259
989,98.801976,10.098734308571787
990,98.901978,11.297656097850314
991,99.00197999999999,11.464990228996305
992,99.101982,11.18509694404675
993,99.201984,10.89541717198066
994,99.301986,10.305058556781947
995,99.401988,9.931617420390237
996,99.50199,9.805353506984671
997,99.601992,10.5850607925887
998,99.701994,10.158964447110305
999,99.801996,10.192486284142488
1000,99.901998,10.111663563542148
1001,100.002,9.831675912456529
1002,100.10200200000001,10.735160521627753
1003,100.202004,11.34376159998577
1004,100.302006,10.951153418586648
1005,100.402008,11.288787606208574
1006,100.50201000000001,12.234621172623264
1007,100.602012,12.893021078006228
1008,100.70201399999999,13.324824314073274
1009,100.80201600000001,13.560348242620407
1010,100.902018,13.04148248549944
1011,101.00202,13.239968060766094
1012,101.10202199999999,13.016537604670075
1013,101.20202400000001,13.218960447127278
1014,101.302026,13.616232479489188
1015,101.402028,13.652631180163041
1016,101.50203,13.091539300932395
1017,101.60203200000001,12.880490277301117
1018,101.702034,13.448639970703136
1019,101.802036,13.443981258189025
1020,101.902038,13.518402878096747
1021,102.00204000000001,13.180334271236061
1022,102.102042,13.599729969762327
1023,102.20204400000001,12.884863053421347
1024,102.302046,13.100382908752925
1025,102.402048,12.393376634347284
1026,102.50205,12.491332193559826
1027,102.602052,12.274942439755657
1028,102.702054,11.317943907594627
1029,102.802056,11.923825025577719
1030,102.90205800000001,12.117707262787079
1031,103.00206,11.22640777816531
1032,103.102062,11.605792417925668
1033,103.202064,11.16946527526123
1034,103.30206600000001,10.839401654375699
1035,103.402068,11.401735505072079
1036,103.50207,11.591283106622473
1037,103.602072,11.402955912701765
1038,103.70207400000001,11.32084281642833
1039,103.802076,10.933532993799941
1040,103.902078,11.770183609250449
1041,104.00208,11.800541507354955
1042,104.10208200000001,11.302164091952905
1043,104.202084,10.563697024740973
1044,104.302086,10.598899750550725
1045,104.402088,11.690281193515881
1046,104.50209,11.354231734920841
1047,104.602092,11.421475424133185
1048,104.702094,11.871031845309785
1049,104.802096,11.768843801088547
1050,104.902098,11.204151461515007
1051,105.00210000000001,11.99771226337207
1052,105.102102,11.921608762233435
1053,105.202104,11.104858197395888
1054,105.302106,11.191314868239374
1055,105.40210800000001,11.209848787578705
1056,105.50211,11.753719116265119
1057,105.602112,11.99176894325457
1058,105.702114,11.661605575853914
1059,105.80211600000001,12.236585619079978
1060,105.902118,11.79944247243993
1061,106.00211999999999,11.509015518593353
1062,106.10212200000001,12.004690792498177
1063,106.202124,10.63015748171525
1064,106.302126,10.690620649659609
1065,106.40212799999999,11.409941668504427
1066,106.50213000000001,11.60516960538156
1067,106.602132,11.055065004679944
1068,106.702134,11.422271743093079
1069,106.802136,11.346269547310976
1070,106.90213800000001,12.28370382200796
1071,107.00214,11.931522904254884
1072,107.102142,11.7599271990409
1073,107.202144,11.43541991847408
1074,107.30214600000001,11.86697303376707
1075,107.402148,12.690000911033403
1076,107.50215000000001,11.942820167530469
1077,107.602152,11.883944880496173
1078,107.702154,10.757666653462346
1079,107.802156,11.814534961887423
1080,107.902158,11.215195380148373
1081,108.00216,10.712676597099849
1082,108.10216199999999,11.329956383431064
1083,108.20216400000001,11.438594966626486
1084,108.302166,11.031633934190385
1085,108.402168,11.06492529049496
1086,108.50216999999999,10.874519541746203
1087,108.60217200000001,11.985240130470652
1088,108.702174,12.035039302921524
1089,108.802176,11.262047228892444
1090,108.902178,10.75678406310976
1091,109.00218000000001,10.938709017280098
1092,109.102182,11.6696319984796
1093,109.202184,12.69452099559147
1094,109.302186,12.574981105652464
1095,109.40218800000001,12.36854965486259
1096,109.50219,11.937120181100111
1097,109.602192,12.60123907153274
1098,109.702194,12.356523355754598
1099,109.802196,12.170315771603715
1100,109.902198,12.571614145143897
1101,110.0022,12.379019058643626
1102,110.102202,12.412969753084786
1103,110.202204,10.961229533641234
1104,110.30220600000001,12.144782690434011
1105,110.402208,12.276355779835075
1106,110.50221,12.060535013170348
1107,110.602212,11.574508291060736
1108,110.70221400000001,10.7601041332947
1109,110.802216,11.457255970196172
1110,110.902218,11.022621052408446
1111,111.00222,10.808841929915978
1112,111.10222200000001,11.531642037543481
1113,111.202224,11.24956307223461
1114,111.30222599999999,11.544074403211601
1115,111.40222800000001,12.141468043246402
1116,111.50223,12.373941374574239
1117,111.602232,12.366364719413586
1118,111.70223399999999,11.919490773961172
1119,111.80223600000001,12.355064487197655
1120,111.902238,12.284678382022117
1121,112.00224,11.812060235668467
1122,112.102242,11.71589724146075
1123,112.20224400000001,11.662210909960852
1124,112.302246,11.796011625825917
1125,112.402248,12.100985730332212
1126,112.50225,12.62230216896225
1127,112.60225200000001,12.564696837353921
1128,112.702254,12.425003699480298
1129,112.80225600000001,12.14065998963275
1130,112.902258,12.074460506197777
1131,113.00226,12.604763278855424
1132,113.102262,12.580135521082521
1133,113.202264,12.582981318508715
1134,113.302266,12.565807874365749
1135,113.40226799999999,12.433993726645769
1136,113.50227000000001,12.726346607473767
1137,113.602272,12.499909629399712
1138,113.702274,12.232917954068574
1139,113.80227599999999,11.68503392969942
1140,113.90227800000001,11.814656973084482
1141,114.00228,11.604849872356079
1142,114.102282,11.857273481744464
1143,114.202284,11.594299921303246
1144,114.30228600000001,11.234742448876906
1145,114.402288,11.204769058480831
1146,114.50229,11.049587810214462
1147,114.602292,11.636780892061422
1148,114.70229400000001,11.31024011863635
1149,114.802296,12.148549248052639
1150,114.902298,12.139780218858247
1151,115.0023,11.892655843114108
1152,115.102302,11.714320852808008
1153,115.202304,11.36705596455515
1154,115.302306,11.524103379678754
1155,115.402308,11.582570549288244
1156,115.50231,10.983329519499225
1157,115.60231200000001,11.813154882859083
1158,115.702314,11.197563965228722
1159,115.802316,10.338975023896692
1160,115.902318,10.439382406078373
1161,116.00232000000001,11.002479214581399
1162,116.102322,11.097652624671987
1163,116.202324,10.919143498805193
1164,116.30232600000001,10.790547877014397
1165,116.40232800000001,11.743553127856076
1166,116.50233,10.995930758707274
1167,116.602332,12.00966188912378
1168,116.70233400000001,10.846995410205503
1169,116.802336,11.846091649108072
1170,116.902338,10.154835544678239
1171,117.00233999999999,9.171735717148144
1172,117.10234200000001,10.742578472048574
1173,117.202344,9.15290048572514
1174,117.302346,10.049601916413941
1175,117.402348,9.270832015271582
1176,117.50235,9.202044785872582
1177,117.602352,9.146745906931654
1178,117.702354,8.47116119726589
1179,117.802356,8.583129839775781
1180,117.902358,9.534023595306707
1181,118.00236,9.817128312158456
1182,118.10236200000001,10.633902305052095
1183,118.202364,10.863222921563954
1184,118.302366,10.693356890865326
1185,118.402368,10.490608537183073
1186,118.50237,8.136547178598699
1187,118.602372,9.696971884899893
1188,118.70237399999999,10.228887980950379
1189,118.80237600000001,9.560519067387965
1190,118.902378,10.593237541630561
1191,119.00238,10.469839367164447
1192,119.10238199999999,11.037336163060376
1193,119.20238400000001,11.414889874317726
1194,119.302386,11.369808851523329
1195,119.402388,10.903678731398378
1196,119.50239,11.377168662968023
1197,119.60239200000001,11.145244590365055
1198,119.702394,11.48518412218805
1199,119.802396,11.154107434210504
1200,119.902398,11.031566242498755
1201,120.00240000000001,11.07265521187897
1202,120.102402,12.233132616904522
1203,120.20240400000002,13.035557168285509
1204,120.302406,11.615934253899626
1205,120.402408,11.73018959097038
1206,120.50241,11.763102130452408
1207,120.602412,11.808271721803594
1208,120.702414,12.196405802266588
1209,120.802416,11.711044358322491
1210,120.90241800000001,12.217294907489494
1211,121.00242,11.474472760098328
1212,121.102422,10.951889061415715
1213,121.202424,11.469952253909842
1214,121.30242600000001,12.020309452705199
1215,121.402428,12.219132814996572
1216,121.50243,12.985042523464221
1217,121.60243200000001,12.515938820263901
1218,121.70243400000001,12.42439993565153
1219,121.802436,11.802697940308379
1220,121.902438,11.876201552905725
1221,122.00244,12.405909161185923
1222,122.102442,11.855279274608051
1223,122.202444,12.11047749133335
1224,122.302446,11.91020300194809
1225,122.402448,12.05774305684935
1226,122.50245,11.72874835259427
1227,122.602452,12.247781834391164
1228,122.702454,12.61776340736215
1229,122.802456,12.344430722986688
1230,122.902458,11.399800423982393
1231,123.00246000000001,11.934342018959638
1232,123.102462,12.118091153020933
1233,123.202464,11.112138189922506
1234,123.302466,11.17975481495279
1235,123.40246800000001,11.039099921923702
1236,123.50247,11.151029425926128
1237,123.602472,11.931517145761632
1238,123.702474,11.383367298256571
1239,123.80247600000001,11.287871294006175
1240,123.902478,11.413399313252656
1241,124.00247999999999,11.510025110229735
1242,124.10248200000001,11.527757342521946
1243,124.202484,12.563752823731088
1244,124.302486,12.223233200970377
1245,124.40248799999999,11.524605740798972
1246,124.50249000000001,11.406497853732976
1247,124.602492,11.950559901035732
1248,124.702494,11.765615552373605
1249,124.802496,9.923470672792991
1250,124.90249800000001,11.310723091112406
1251,125.0025,11.339679294905249
1252,125.102502,11.61634372910307
1253,125.202504,10.681548375011134
1254,125.30250600000001,11.185316037784574
1255,125.402508,11.41300620666232
1256,125.50251000000002,12.288132936325109
1257,125.602512,11.986012905103307
1258,125.702514,12.246804925610183
1259,125.802516,12.88127710480734
1260,125.902518,11.84940455067027
1261,126.00252,12.352730532924639
1262,126.102522,12.013970432541292
1263,126.20252400000001,11.963262895771127
1264,126.302526,11.397488645637452
1265,126.402528,11.070237860982957
1266,126.50253,12.47034030048061
1267,126.60253200000001,12.30160235702772
1268,126.702534,12.297491276180903
1269,126.802536,12.469857022917651
1270,126.902538,12.754430305127888
1271,127.00254000000001,12.066127079884367
1272,127.102542,12.520525960801107
1273,127.202544,11.671137891715485
1274,127.302546,11.270389085956458
1275,127.40254800000001,10.03762818911948
1276,127.50255,10.580142775820477
1277,127.602552,12.52874451092254
1278,127.702554,12.456647983884002
1279,127.802556,12.701825170681976
1280,127.902558,11.304669610268434
1281,128.00256,11.780781164172346
1282,128.102562,12.337377635524781
1283,128.202564,12.058516887972953
1284,128.302566,11.279005504720509
1285,128.402568,11.265132784297407
1286,128.50257000000002,11.597766479050227
1287,128.602572,11.625173438047293
1288,128.702574,10.508672470218997
1289,128.802576,11.541872851554823
1290,128.902578,11.89077129451172
1291,129.00258,11.509956795855095
1292,129.102582,12.052400287108087
1293,129.202584,11.63241611930412
1294,129.302586,12.72923687503762
1295,129.402588,12.633622122298
1296,129.50259,13.310824083514195
1297,129.60259200000002,12.803858716155563
1298,129.702594,13.581313760372446
1299,129.802596,13.360299646653718
1300,129.902598,12.322197517849556
1301,130.0026,10.855157995633629
1302,130.102602,10.00041293457543
1303,130.202604,11.38392625201138
1304,130.302606,11.192848836616987
1305,130.40260800000001,11.491416087752762
1306,130.50261,10.561886974761077
1307,130.60261200000002,11.027002444541402
1308,130.702614,11.46434733966063
1309,130.802616,10.973480230260973
1310,130.902618,11.512582710208408
1311,131.00262,11.939140291661692
1312,131.102622,11.082403468773473
1313,131.20262400000001,12.242039180566497
1314,131.30262599999998,12.321622214487542
1315,131.402628,11.723499460554455
1316,131.50263,9.773673949280221
1317,131.602632,9.692843482088408
1318,131.702634,9.577180375676477
1319,131.802636,9.449613390276742
1320,131.902638,10.951280598848653
1321,132.00264,10.44537884249362
1322,132.102642,11.428127755852124
1323,132.202644,11.043761587816281
1324,132.302646,11.428242967783278
1325,132.40264800000003,10.923963330174779
1326,132.50265,11.22243642201271
1327,132.602652,10.788510464006611
1328,132.702654,11.283612652557153
1329,132.802656,10.66495212107812
1330,132.902658,10.512768533081335
1331,133.00266,11.83927139648206
1332,133.102662,12.010662746240788
1333,133.202664,11.576350416370286
1334,133.302666,10.664638225888076
1335,133.402668,10.848347779717798
1336,133.50267000000002,10.695734026047171
1337,133.60267199999998,10.3178436838252
1338,133.702674,10.225379631439663
1339,133.80267600000002,10.849715104491949
1340,133.902678,11.67209205216179
1341,134.00268,11.154126166122568
1342,134.102682,11.199683139550055
1343,134.202684,11.161297505441357
1344,134.30268600000002,10.88961420009607
1345,134.40268799999998,9.939411850461347
1346,134.50269,10.670583959801313
1347,134.60269200000002,10.929141332640924
1348,134.70269399999998,10.816467176029539
1349,134.802696,11.459812359069817
1350,134.90269800000002,11.435016067685467
1351,135.0027,11.74344345848558
1352,135.102702,12.380313748773608
1353,135.202704,11.924160995458736
1354,135.302706,11.463353540812705
1355,135.40270800000002,11.360766123020419
1356,135.50270999999998,11.300553771987621
1357,135.602712,12.832662082161916
1358,135.70271400000001,12.711695450341404
1359,135.802716,12.342810340482249
1360,135.902718,12.841142494945501
1361,136.00272,13.221850860101366
1362,136.102722,12.253548670674576
1363,136.20272400000002,12.326222020973072
1364,136.302726,12.459360184824542
1365,136.402728,12.040263271500006
1366,136.50273,13.480134364242511
1367,136.602732,12.839516353318938
1368,136.702734,13.498562740626257
1369,136.802736,13.710132156890861
1370,136.902738,13.752485827694992
1371,137.00274,14.038976838314806
1372,137.102742,14.677542044126598
1373,137.202744,14.424915583535936
1374,137.302746,14.04002329252669
1375,137.402748,13.881861288467176
1376,137.50275,14.08429784521267
1377,137.602752,13.020582260554269
1378,137.70275400000003,13.568828655097004
1379,137.802756,14.003417235068316
1380,137.902758,14.538429820152311
1381,138.00276000000002,14.723633024226032
1382,138.102762,14.821220873085982
1383,138.202764,14.524219716117923
1384,138.302766,14.241438569465782
1385,138.402768,14.24569171438849
1386,138.50277,14.328108718165018
1387,138.602772,14.325826365167586
1388,138.702774,14.292503869083951
1389,138.80277600000002,13.93170115619084
1390,138.90277799999998,14.283043206461185
1391,139.00278,14.036911949056039
1392,139.10278200000002,14.34252042154756
1393,139.202784,14.09125812469487
1394,139.302786,14.173004728031291
1395,139.402788,14.597001660517032
1396,139.50279,14.149085921947872
1397,139.60279200000002,14.226623440517796
1398,139.70279399999998,14.730988329543191
1399,139.802796,14.72360273857218
1400,139.90279800000002,14.314473876500246
1401,140.0028,14.40739733785997
1402,140.102802,13.643932132390642
1403,140.20280400000001,13.588923645097957
1404,140.302806,13.73882606396995
1405,140.402808,13.465408281621967
1406,140.50281,13.942305352049157
1407,140.602812,13.49753169004301
1408,140.70281400000002,13.924002502885827
1409,140.80281599999998,14.258865339210873
1410,140.902818,13.89572195804577
1411,141.00282,13.822876364268035
1412,141.102822,13.309955139643538
1413,141.202824,13.375713915060913
1414,141.302826,13.679300470596715
1415,141.402828,13.538221951456958
1416,141.50283000000002,13.84121350639767
1417,141.602832,14.170753868028154
1418,141.702834,13.832718483853176
1419,141.802836,14.09750029033469
1420,141.902838,13.394330592252441
1421,142.00284,14.079238278356769
1422,142.102842,13.421056601346455
1423,142.202844,13.975796333373268
1424,142.302846,14.246497710045118
1425,142.402848,13.938092809377821
1426,142.50285,13.671682895795826
1427,142.602852,13.694686897219158
1428,142.702854,14.46685954872065
1429,142.802856,13.801196767936483
1430,142.902858,14.595644120796615
1431,143.00286000000003,14.153098012070446
1432,143.102862,14.51084173489221
1433,143.202864,14.110980085332578
1434,143.30286600000002,14.327243284198929
1435,143.402868,14.445305706069654
1436,143.50287,14.695434857020107
1437,143.602872,14.08048563119878
1438,143.702874,14.386935418705901
1439,143.802876,14.262668519570337
1440,143.902878,14.5946622787136
1441,144.00288,14.363694721801659
1442,144.10288200000002,14.072435299421645
1443,144.20288399999998,13.735400275065038
1444,144.302886,14.260553365316964
1445,144.40288800000002,13.971096850313108
1446,144.50289,13.807180586618268
1447,144.602892,14.235163877831395
1448,144.702894,14.016026628063605
1449,144.802896,14.210330315211964
1450,144.90289800000002,14.490705378196475
1451,145.00289999999998,14.445515952287959
1452,145.102902,14.061619522339493
1453,145.20290400000002,14.780558136188343
1454,145.302906,14.589128818426195
1455,145.402908,14.750010333173233
1456,145.50291,13.996346066712116
1457,145.602912,14.125460911803282
1458,145.702914,14.101317893524428
1459,145.802916,14.373563570614511
1460,145.902918,14.090401378649053
1461,146.00292000000002,13.945897446116762
1462,146.10292199999998,13.671148863435935
1463,146.202924,14.004701318758002
1464,146.302926,14.274925621682572
1465,146.402928,14.028097982444875
1466,146.50293,14.300205519781517
1467,146.602932,14.316881933816093
1468,146.702934,14.11304367217419
1469,146.80293600000002,13.763781591625058
1470,146.902938,14.303967117175414
1471,147.00294,14.557525874491047
1472,147.102942,14.644813562972443
1473,147.202944,13.789562753281857
1474,147.302946,14.253869887524452
1475,147.402948,14.118202365374232
1476,147.50295,13.906942349891258
1477,147.602952,14.113305663785328
1478,147.702954,14.31777172629568
1479,147.802956,14.404994692909758
1480,147.902958,14.708902870961625
1481,148.00296,14.05589602962005
1482,148.102962,13.998745483055414
1483,148.202964,14.18344582259238
1484,148.30296600000003,14.301016276348799
1485,148.402968,13.904959660737887
1486,148.50297,13.932957567112627
1487,148.60297200000002,13.696848980336387
1488,148.702974,14.14403848689045
1489,148.802976,14.383818508599639
1490,148.902978,14.442586883385603
1491,149.00298,14.264051675365785
1492,149.102982,14.4023782329154
1493,149.202984,14.086322250418288
1494,149.302986,14.131746166651107
1495,149.40298800000002,13.68836287656149
1496,149.50298999999998,14.283375641482438
1497,149.602992,14.193220859300407
1498,149.70299400000002,13.805037046898942
1499,149.802996,14.260052345803782
1500,149.902998,13.67459349310815
1501,150.003,14.15282003414947
1502,150.103002,13.698301801529999
1503,150.20300400000002,14.50847320246924
1504,150.30300599999998,14.556997015271161
1505,150.403008,14.836835586504598
1506,150.50301000000002,14.404896513909545
1507,150.603012,13.568372348321653
1508,150.703014,13.699129195598877
1509,150.803016,14.076092647907767
1510,150.903018,14.135987096187575
1511,151.00302,14.18434591979241
1512,151.103022,14.02369129377825
1513,151.203024,13.798798556695713
1514,151.30302600000002,14.214039584557884
1515,151.40302799999998,14.459229768708344
1516,151.50303,13.85416239911671
1517,151.603032,14.3762898587132
1518,151.703034,13.585717092871825
1519,151.803036,13.385344568454768
1520,151.903038,13.62571159027529
1521,152.00304,13.592060840047287
1522,152.10304200000002,13.323302061515596
1523,152.203044,13.98378111409326
1524,152.303046,13.37364441020603
1525,152.403048,13.839144384277905
1526,152.50305000000003,14.285943242027516
1527,152.603052,14.132333505354884
1528,152.703054,14.149638697962656
1529,152.803056,13.97175869732022
1530,152.903058,14.16989621522131
1531,153.00306,14.33960929416471
1532,153.103062,13.822325052957178
1533,153.203064,13.56927402109924
1534,153.303066,14.017081679247891
1535,153.403068,13.975320876799373
1536,153.50307,13.966971769678597
1537,153.60307200000003,13.930088724150583
1538,153.703074,14.438273735891729
1539,153.803076,14.529295615716102
1540,153.90307800000002,14.364773637760617
1541,154.00308,14.07298842200109
1542,154.103082,14.381686618660991
1543,154.203084,13.713692761941674
1544,154.303086,14.460847555943339
1545,154.403088,14.182286341991365
1546,154.50309,13.992735257452445
1547,154.603092,13.835624023229661
1548,154.70309400000002,13.986490772007
1549,154.80309599999998,14.339375007496928
1550,154.903098,14.286594531680233
1551,155.00310000000002,13.718999628023207
1552,155.103102,13.846085652958775
1553,155.203104,14.319206505197606
1554,155.303106,13.549634909683617
1555,155.403108,13.31462672366057
1556,155.50311000000002,13.760471620286737
1557,155.60311199999998,14.115032876978843
1558,155.703114,13.917014692348967
1559,155.80311600000002,14.591356914692456
1560,155.903118,14.680650286595638
1561,156.00312,14.334857859683627
1562,156.103122,14.620428258834837
1563,156.203124,14.828200815654876
1564,156.303126,13.86143896258765
1565,156.403128,14.23192484416546
1566,156.50313,14.670232453682873
1567,156.60313200000002,14.254899177858118
1568,156.70313399999998,14.240828198535297
1569,156.803136,14.271436229608225
1570,156.903138,14.266915894665921
1571,157.00314,14.535535244847994
1572,157.103142,14.269920735569062
1573,157.203144,14.567054323417185
1574,157.303146,14.453794428034563
1575,157.40314800000002,14.283828954963624
1576,157.50315,14.42647492145326
1577,157.603152,13.842863654278565
1578,157.703154,14.410679562638833
1579,157.80315600000003,14.59961776425095
1580,157.903158,14.41045508545214
1581,158.00316,14.546488763089018
1582,158.103162,14.292434058019335
1583,158.203164,14.473738956209294
1584,158.303166,14.359526781433708
1585,158.403168,14.219823516794259
1586,158.50317,14.827949890187465
1587,158.603172,14.602070377700407
1588,158.703174,14.49258792616132
1589,158.803176,13.968176513916834
1590,158.90317800000003,13.884498285910055
1591,159.00318,13.81659109552332
1592,159.103182,14.369205587981519
1593,159.20318400000002,13.689367061863983
1594,159.303186,13.835835217327288
1595,159.403188,14.177760704693597
1596,159.50319,14.417221397537407
1597,159.603192,14.30052313944165
1598,159.70319400000002,14.31062729566176
1599,159.80319599999999,14.377513877292186
1600,159.903198,14.594287630390095
1601,160.00320000000002,13.86517557925376
1602,160.10320199999998,14.146499977714763
1603,160.203204,14.507839961115149
1604,160.30320600000002,13.7470405947488
1605,160.403208,13.975817227273978
1606,160.50321,14.094222639840165
1607,160.603212,14.459281116743178
1608,160.703214,14.519900752763684
1609,160.80321600000002,14.119061906863106
1610,160.90321799999998,14.101569148790917
1611,161.00322,13.934629204390678
1612,161.10322200000002,13.651191541105069
1613,161.203224,13.788125505093083
1614,161.303226,14.060442821523743
1615,161.403228,14.296687371843001
1616,161.50323,14.20349224230565
1617,161.603232,13.953184320422318
1618,161.703234,13.664375783496567
1619,161.803236,14.225510383736006
1620,161.90323800000002,13.82132444565307
1621,162.00323999999998,14.297447861202386
1622,162.103242,13.945644063127242
1623,162.203244,14.0323373298291
1624,162.303246,14.347546798952177
1625,162.403248,14.024309129652206
1626,162.50325,14.274745459617534
1627,162.603252,14.094492661125905
1628,162.70325400000002,14.091070896737643
1629,162.803256,14.316826194925088
1630,162.903258,14.419597756490127
1631,163.00326,13.581714734661313
1632,163.10326200000003,13.93317721383149
1633,163.203264,13.786787774234082
1634,163.303266,13.88284578624445
1635,163.403268,13.838538876289716
1636,163.50327,14.08539463904682
1637,163.603272,13.743147298177833
1638,163.703274,13.352250780497707
1639,163.803276,13.72258189499414
1640,163.903278,14.038864543240244
1641,164.00328,13.505672766221572
1642,164.103282,13.657352642738768
1643,164.20328400000002,13.685981777670232
1644,164.30328599999999,13.862301304646463
1645,164.403288,13.90956051462153
1646,164.50329000000002,13.973407331378393
1647,164.603292,13.926926729172648
1648,164.703294,14.037852880292562
1649,164.803296,13.624327854003575
1650,164.903298,13.759817117265701
1651,165.00330000000002,13.91473440577128
1652,165.10330199999999,13.815750757420282
1653,165.203304,14.053537406542569
1654,165.30330600000002,14.425248010093183
1655,165.40330799999998,14.28075996976863
1656,165.50331,14.022912815193365
1657,165.60331200000002,13.745541265252584
1658,165.703314,14.391204505879212
1659,165.803316,14.21978506231644
1660,165.903318,14.41608417309928
1661,166.00332,13.802729009171506
1662,166.10332200000002,14.135730095407782
1663,166.20332399999998,14.1635261586228
1664,166.303326,14.24192427776737
1665,166.40332800000002,13.882684822844004
1666,166.50333,14.07911764199796
1667,166.603332,13.94776747584567
1668,166.703334,14.400821259900795
1669,166.803336,14.774401259709139
1670,166.90333800000002,14.761546388742905
1671,167.00334,14.580489494434211
1672,167.103342,14.751621490073635
1673,167.20334400000002,15.087336969131181
1674,167.30334599999998,14.743891106463401
1675,167.403348,14.410741133985992
1676,167.50335,14.172104971739621
1677,167.603352,13.930897899787716
1678,167.703354,14.324752024993009
1679,167.803356,13.860066234556216
1680,167.903358,14.12719066626887
1681,168.00336000000001,14.221751378457652
1682,168.103362,13.747945028350557
1683,168.203364,14.149455804329268
1684,168.303366,14.170887876254524
1685,168.40336800000003,14.384847685927705
1686,168.50337,14.386967693956299
1687,168.603372,14.42639417429227
1688,168.703374,14.190988895185917
1689,168.803376,14.43607910654641
1690,168.903378,14.372577039045227
1691,169.00338,14.09298882813566
1692,169.103382,14.21068251999649
1693,169.203384,14.220084006529186
1694,169.303386,14.23373677492948
1695,169.403388,13.940110282647575
1696,169.50339000000002,13.822958714175591
1697,169.60339199999999,14.087836616069357
1698,169.703394,14.199859976324381
1699,169.80339600000002,13.952924196189414
1700,169.903398,14.273621214218517
1701,170.0034,14.193186125786598
1702,170.103402,14.447258803913517
1703,170.203404,14.141845537166862
1704,170.30340600000002,13.900633601923932
1705,170.40340799999998,13.95602814974128
1706,170.50341,14.0264060215442
1707,170.60341200000002,14.26993688015732
1708,170.70341399999998,14.198980966181825
1709,170.803416,14.018922902037726
1710,170.90341800000002,14.388097139623685
1711,171.00342,14.17896383272033
1712,171.103422,14.382332802236593
1713,171.203424,14.128562192415618
1714,171.303426,14.42643612068168
1715,171.40342800000002,14.022252789379888
1716,171.50342999999998,14.34142883966779
1717,171.603432,14.058244903919572
1718,171.70343400000002,14.27191632893941
1719,171.803436,14.509195580543231
1720,171.903438,14.035820892190182
1721,172.00344,13.992987562240131
1722,172.103442,13.9457833115597
1723,172.20344400000002,13.744760087548636
1724,172.303446,14.389834777797823
1725,172.403448,13.953072513536686
1726,172.50345000000002,13.82555528354339
1727,172.603452,13.761179229540941
1728,172.703454,13.574069481785296
1729,172.803456,13.407883655541779
1730,172.903458,14.02490736451107
1731,173.00346,13.8806374841513
1732,173.103462,13.949948210085585
1733,173.203464,13.428654382340873
1734,173.30346600000001,14.2080864014283
1735,173.403468,13.702569221538301
1736,173.50347,13.901858911751123
1737,173.603472,14.008677801962392
1738,173.70347400000003,13.689814453439018
1739,173.803476,14.53875085707405
1740,173.903478,13.470199021504722
1741,174.00348000000002,13.461952740561108
1742,174.103482,14.00665056604878
1743,174.203484,14.247148453888041
1744,174.303486,13.78787396005893
1745,174.403488,14.063994901285763
1746,174.50349,14.305925543827598
1747,174.603492,13.916562419371507
1748,174.703494,13.45491038417906
1749,174.80349600000002,13.546636830840047
1750,174.90349799999998,13.9904174105732
1751,175.0035,13.805794033862602
1752,175.10350200000002,13.714013915339097
1753,175.203504,13.860463965428076
1754,175.303506,14.10126505379294
1755,175.403508,14.21745427037739
1756,175.50351,13.908157243578339
1757,175.60351200000002,13.83582656431417
1758,175.70351399999998,14.202158567487903
1759,175.803516,13.876452487328512
1760,175.90351800000002,13.78173624062451
1761,176.00351999999998,13.703346074776471
1762,176.103522,14.124944260559536
1763,176.20352400000002,14.094165470535211
1764,176.303526,13.877514989285093
1765,176.403528,13.864863674028184
1766,176.50353,13.879344023047171
1767,176.603532,14.505888567271436
1768,176.70353400000002,14.111514051297426
1769,176.80353599999998,14.048148762353392
1770,176.903538,14.293653272165093
1771,177.00354000000002,13.9701488113838
1772,177.103542,14.132330955970216
1773,177.203544,13.867093366588247
1774,177.303546,13.420674622864137
1775,177.403548,13.444311285483975
1776,177.50355000000002,14.056342721945297
1777,177.603552,13.811721709762802
1778,177.703554,14.03006108355177
1779,177.80355600000001,14.41797467193205
1780,177.903558,14.3020619130579
1781,178.00356,13.852851583760229
1782,178.103562,13.878750339676971
1783,178.203564,13.635174844690429
1784,178.303566,14.00732693976577
1785,178.403568,13.85401274120457
1786,178.50357,13.876006340860425
1787,178.603572,13.666586850528196
1788,178.703574,13.57007520766336
1789,178.803576,13.496009887291201
1790,178.903578,13.24455877634604
1791,179.00358000000003,13.395612155980098
1792,179.103582,13.442188932344902
1793,179.203584,13.295457834931009
1794,179.30358600000002,13.070013519808239
1795,179.403588,13.095494300501471
1796,179.50359,12.994347935948525
1797,179.603592,12.56805243812173
1798,179.703594,13.098988539619823
1799,179.803596,12.561420525741196
1800,179.903598,12.603046515220397
1801,180.0036,12.93885528878049
1802,180.10360200000002,12.652912628609792
1803,180.20360399999998,12.771594400237701
1804,180.303606,13.062580114409746
1805,180.40360800000002,12.839676787589186
1806,180.50361,12.45183232991556
1807,180.603612,13.235358810159667
1808,180.703614,13.267723168406658
1809,180.803616,13.246965495638792
1810,180.90361800000002,12.929647621201596
1811,181.00361999999998,13.106120680486848
1812,181.103622,13.079622052135404
1813,181.20362400000002,13.00515953235548
1814,181.30362599999998,12.897987057949495
1815,181.403628,12.523802094604081
1816,181.50363000000002,12.965422459489703
1817,181.603632,12.27581338610276
1818,181.703634,12.510134987971098
1819,181.803636,12.675422491728833
1820,181.903638,12.353966354602113
1821,182.00364000000002,12.44439924024291
1822,182.10364199999998,12.98087026523057
1823,182.203644,12.319420434367451
1824,182.30364600000001,12.817178051311618
1825,182.403648,12.059861972483683
1826,182.50365,12.272713566579176
1827,182.603652,12.003707764375351
1828,182.703654,12.042870317752493
1829,182.80365600000002,11.941436712532497
1830,182.903658,11.414800924511562
1831,183.00366,12.091844830159314
1832,183.103662,11.629305419380115
1833,183.203664,12.008560957793497
1834,183.303666,11.724858072837621
1835,183.403668,12.418057779699145
1836,183.50367,12.233243866059855
1837,183.603672,12.415165301583349
1838,183.703674,12.416716957038204
1839,183.803676,12.420039274908282
1840,183.903678,12.597033090482727
1841,184.00368,13.379769180385882
1842,184.103682,12.984330797678235
1843,184.203684,12.720654815449455
1844,184.30368600000003,12.752816989595718
1845,184.403688,12.590797907377565
1846,184.50369,12.466932223713274
1847,184.60369200000002,12.632488932442378
1848,184.703694,12.198654914365143
1849,184.803696,12.462326267026825
1850,184.903698,11.7345960232072
1851,185.0037,11.767982144593413
1852,185.103702,12.77940031771436
1853,185.203704,12.121897373783133
1854,185.303706,12.21429287436762
1855,185.40370800000002,11.934715804646874
1856,185.50370999999998,12.039846492225339
1857,185.603712,12.219255448859245
1858,185.70371400000002,12.020776333625188
1859,185.803716,12.356967108199102
1860,185.903718,11.812789443920527
1861,186.00372,12.17969175154475
1862,186.103722,12.153796200286486
1863,186.20372400000002,12.247039984424534
1864,186.30372599999998,12.285910893281933
1865,186.403728,12.13915912014003
1866,186.50373000000002,11.967385584764246
1867,186.603732,12.40184240052285
1868,186.703734,12.463891957561666
1869,186.80373600000001,12.95073919823949
1870,186.903738,12.557054480898417
1871,187.00374,12.567318105088532
1872,187.103742,12.544092036040585
1873,187.203744,12.250600801908178
1874,187.30374600000002,12.56081958703867
1875,187.40374799999998,12.095114214579196
1876,187.50375,12.254617878490825
1877,187.60375200000001,12.311910308996643
1878,187.703754,12.041879767997886
1879,187.803756,12.430474139201426
1880,187.903758,10.527177841530284
1881,188.00376,11.138328061793622
1882,188.10376200000002,10.910376561883222
1883,188.203764,11.463940734936148
1884,188.303766,12.286100660498585
1885,188.403768,12.52384864916765
1886,188.50377,12.001006009856852
1887,188.603772,12.446159755701123
1888,188.703774,12.078255395476583
1889,188.803776,12.390347832308311
1890,188.903778,12.010958743575765
1891,189.00378,12.192899893531
1892,189.103782,11.713971483361087
1893,189.203784,12.159265164519596
1894,189.303786,11.611855501589114
1895,189.403788,11.789181322168027
1896,189.50379,12.345979237618488
1897,189.60379200000003,12.04027769420423
1898,189.703794,12.325979457242118
1899,189.803796,12.406701864885758
1900,189.90379800000002,12.591647366556222
1901,190.0038,12.696436293238966
1902,190.103802,12.751905837488705
1903,190.203804,12.424465068039588
1904,190.303806,12.24895078211608
1905,190.403808,12.490389307465975
1906,190.50381,11.99666814991789
1907,190.603812,11.981921717119361
1908,190.70381400000002,12.283410494219593
1909,190.80381599999998,12.156012043936585
1910,190.903818,12.265491502818145
1911,191.00382000000002,12.386874235748484
1912,191.103822,12.505802448456448
1913,191.203824,12.615466228324584
1914,191.30382600000002,12.644876844710723
1915,191.403828,12.285547552532737
1916,191.50383000000002,11.924988119762865
1917,191.60383199999998,13.135840639272269
1918,191.703834,11.98346764585731
1919,191.80383600000002,12.003880097752457
1920,191.903838,12.271891425649892
1921,192.00384,12.020802584920975
1922,192.10384200000001,12.27830194756857
1923,192.203844,12.457146023148937
1924,192.303846,12.37733848513893
1925,192.403848,12.142312344072373
1926,192.50385,12.29014968407354
1927,192.60385200000002,12.4043275496079
1928,192.70385399999998,12.408885824002502
1929,192.803856,12.337912736732234
1930,192.903858,13.070051763129023
1931,193.00386,12.74105333874266
1932,193.103862,12.544763925454326
1933,193.203864,12.413608561873879
1934,193.303866,12.836954043924417
1935,193.40386800000002,12.58763476309156
1936,193.50387,12.992370141014566
1937,193.603872,12.71088869541781
1938,193.703874,13.11078042177579
1939,193.80387600000003,12.942356383119089
1940,193.903878,12.7698349269041
1941,194.00388,11.825219649621648
1942,194.103882,11.870319319495211
1943,194.203884,11.978290721685651
1944,194.303886,12.622724373420207
1945,194.403888,12.302885120994334
1946,194.50389,12.998971138329017
1947,194.603892,12.734606174777122
1948,194.703894,12.47977128425389
1949,194.803896,11.980136120796102
1950,194.90389800000003,11.392906812405284
1951,195.0039,12.060188773296584
1952,195.103902,12.065352483366333
1953,195.20390400000002,11.684658446897132
1954,195.303906,11.303285711045387
1955,195.403908,12.067653688782348
1956,195.50391,11.837149521961496
1957,195.603912,11.869631422502104
1958,195.703914,11.873587136228926
1959,195.803916,12.425114515409735
1960,195.903918,12.396463286088672
1961,196.00392000000002,12.379275498332316
1962,196.10392199999998,12.955583216002003
1963,196.203924,12.629929351191297
1964,196.30392600000002,12.609568317170796
1965,196.403928,12.376957059685774
1966,196.50393,12.121111913852518
1967,196.60393200000001,12.630041419743012
1968,196.703934,12.408440321073861
1969,196.80393600000002,12.520514432224413
1970,196.90393799999998,12.997036164545824
1971,197.00394,12.36641025535232
1972,197.10394200000002,12.361457316981161
1973,197.203944,11.832450373489221
1974,197.303946,12.704692198766413
1975,197.403948,12.311466227321112
1976,197.50395,12.504871877841174
1977,197.603952,12.255023520679877
1978,197.703954,12.191955930911524
1979,197.803956,11.45552535718025
1980,197.90395800000002,12.3811541415759
1981,198.00395999999998,12.772572195007006
1982,198.103962,11.946127961160757
1983,198.203964,12.540421016117117
1984,198.303966,12.694880459381189
1985,198.403968,12.351704925368942
1986,198.50397,12.81729949662873
1987,198.603972,12.486644508856536
1988,198.70397400000002,12.107389388030876
1989,198.803976,12.56145931335563
1990,198.903978,12.013989630735
1991,199.00398,11.61468445355975
1992,199.10398200000003,11.350459631512242
1993,199.203984,11.804271795263219
1994,199.303986,12.905719965260467
1995,199.403988,12.293649866454418
1996,199.50399,12.691644664421634
1997,199.603992,12.965751442510392
1998,199.703994,12.679360831397156
1999,199.803996,12.217754924337155
2000,199.903998,12.510536435826797
2001,200.004,12.399888446444232
2002,200.104002,11.566410311582388
2003,200.20400400000003,12.12080597977641
2004,200.304006,12.276698056327662
2005,200.404008,12.194411445818176
2006,200.50401000000002,12.080451848847476
2007,200.604012,12.011829392846277
2008,200.704014,12.275241181730056
2009,200.804016,11.503107719974258
2010,200.904018,11.931543016124905
2011,201.00402000000003,12.142310453848182
2012,201.104022,11.954683055604105
2013,201.204024,11.480415327055761
2014,201.30402600000002,12.047956910525798
2015,201.40402799999998,11.622324227390415
2016,201.50403,12.633999966242747
2017,201.60403200000002,12.564198526513206
2018,201.704034,12.415861294478336
2019,201.804036,11.745252855923544
2020,201.904038,12.373815413201806
2021,202.00404,11.040581782564487
2022,202.10404200000002,11.856434767598625
2023,202.20404399999998,11.332724414056297
2024,202.304046,11.622946896859363
2025,202.40404800000002,12.210975023592137
2026,202.50405,11.980357076462774
2027,202.604052,11.68681817160162
2028,202.704054,11.996544731494543
2029,202.804056,12.391608385994585
2030,202.904058,11.951583025124467
2031,203.00406,11.881622217130634
2032,203.104062,12.19852925079525
2033,203.20406400000002,11.956181037159363
2034,203.30406599999998,12.03730035079657
2035,203.404068,11.550511063523027
2036,203.50407,11.970420106356114
2037,203.604072,11.731790154831923
2038,203.704074,12.112496565397363
2039,203.804076,12.334865143906567
2040,203.904078,12.300096267453267
2041,204.00408000000002,12.00155095064158
2042,204.104082,11.74201707035296
2043,204.204084,12.200542966463358
2044,204.304086,12.119564879935607
2045,204.40408800000003,11.882143590480318
2046,204.50409,12.047645205313193
2047,204.604092,11.542910478752175
2048,204.704094,11.776743420898885
2049,204.804096,12.366617715354725
2050,204.904098,12.202794260220792
2051,205.0041,11.839768532268561
2052,205.104102,12.643051808688938
2053,205.204104,12.042935853019156
2054,205.304106,12.391006193130703
2055,205.404108,11.947509069546614
2056,205.50411000000003,11.956322592474585
2057,205.604112,12.143175200736014
2058,205.704114,12.24065171791049
2059,205.80411600000002,12.171105862726044
2060,205.904118,12.902088407018054
2061,206.00412,12.737601603855872
2062,206.104122,13.345983246625718
2063,206.204124,13.072405051768685
2064,206.30412600000002,13.043432354520325
2065,206.404128,12.27813065704851
2066,206.50413,12.466850294540023
2067,206.60413200000002,13.019925882953562
2068,206.70413399999998,12.62353153634765
2069,206.804136,12.875764206277157
2070,206.90413800000002,12.867117988246322
2071,207.00414,12.851727265579482
2072,207.104142,13.164959676316947
2073,207.204144,13.18452160334
2074,207.304146,12.704312090505685
2075,207.40414800000002,12.900561970506596
2076,207.50414999999998,13.318148114521547
2077,207.604152,13.035778050571047
2078,207.70415400000002,12.817814548223941
2079,207.804156,13.994738931446113
2080,207.904158,13.34683119583378
2081,208.00416,12.72854385123813
2082,208.104162,12.5053787146541
2083,208.20416400000002,12.592283081658316
2084,208.304166,12.813641588334622
2085,208.404168,12.66348632491413
2086,208.50417000000002,12.231354587075785
2087,208.604172,12.012158580109533
2088,208.704174,12.251292038310192
2089,208.804176,12.272131002708589
2090,208.904178,11.856114338485064
2091,209.00418,12.420336325645321
2092,209.104182,12.012478784357357
2093,209.204184,12.649178843585307
2094,209.30418600000002,12.065211943053473
2095,209.404188,12.254902144134297
2096,209.50419,12.070248860008041
2097,209.604192,12.332811509214404
2098,209.70419400000003,11.753411501083422
2099,209.804196,11.473962920920568
2100,209.904198,11.992109700801592
2101,210.00420000000003,11.818030572823
2102,210.104202,12.480230259985118
2103,210.204204,12.52743469024575
2104,210.304206,12.129712540197588
2105,210.404208,12.225959456888223
2106,210.50421,11.957793090179527
2107,210.604212,12.87929068301758
2108,210.704214,12.504205461346091
2109,210.80421600000003,11.786431940568024
2110,210.904218,12.184014686892708
2111,211.00422,11.579163333869788
2112,211.10422200000002,11.922817958358944
2113,211.204224,11.928495499465754
2114,211.304226,12.28125661532433
2115,211.404228,12.236515164585027
2116,211.50423,12.033666553476854
2117,211.60423200000002,11.950593126929043
2118,211.70423399999999,11.381853668451265
2119,211.804236,10.793016296707346
2120,211.90423800000002,11.811445410359628
2121,212.00423999999998,11.153535424796516
2122,212.104242,11.144594255220644
2123,212.20424400000002,11.383680859716918
2124,212.304246,10.864380077007283
2125,212.404248,11.306993241542417
2126,212.50425,11.275146010619967
2127,212.604252,12.057549813764945
2128,212.70425400000002,12.20614268957315
2129,212.80425599999998,12.06381032646272
2130,212.904258,12.377298998327312
2131,213.00426000000002,11.479556339157218
2132,213.104262,11.3747190536402
2133,213.204264,11.66209962249126
2134,213.304266,11.501888516670894
2135,213.404268,11.79285924266751
2136,213.50427000000002,11.25874248232289
2137,213.604272,11.310266840141
2138,213.704274,11.581124355505356
2139,213.80427600000002,12.231226888264041
2140,213.904278,11.949181702647605
2141,214.00428,11.229980644349524
2142,214.104282,10.849619810367765
2143,214.204284,11.344062340140384
2144,214.304286,10.95622408154094
2145,214.404288,11.362688658179335
2146,214.50429,11.473326304126347
2147,214.60429200000002,12.048923401550827
2148,214.704294,11.335895864832006
2149,214.804296,11.633065567722186
2150,214.904298,12.05867558382357
2151,215.00430000000003,13.061981465711213
2152,215.104302,13.258675992283303
2153,215.204304,12.485845810646877
2154,215.30430600000003,12.960861000400332
2155,215.404308,13.146122380379689
2156,215.50431,12.684017119699016
2157,215.604312,12.579624692624348
2158,215.704314,12.875429159755498
2159,215.804316,12.89935672430215
2160,215.904318,12.723467406292553
2161,216.00432,12.70209310893349
2162,216.10432200000002,12.98964559925193
2163,216.20432399999999,13.060253397862173
2164,216.304326,13.0130600557158
2165,216.40432800000002,13.19746855757003
2166,216.50433,13.194827541446656
2167,216.604332,13.541097291622004
2168,216.704334,13.72434458037792
2169,216.804336,12.827077430961795
2170,216.90433800000002,12.95650398787931
2171,217.00433999999998,12.692589997414446
2172,217.104342,13.146756477443143
2173,217.20434400000002,13.257245523552818
2174,217.30434599999998,13.231288437651038
2175,217.404348,12.919057381852202
2176,217.50435000000002,12.982166602815186
2177,217.604352,12.949132145806429
2178,217.704354,13.37709432456863
2179,217.804356,13.10455254247821
2180,217.904358,12.442268891473255
2181,218.00436000000002,13.249955829819255
2182,218.10436199999998,13.016148042296917
2183,218.204364,12.735029514481873
2184,218.30436600000002,13.166864110857729
2185,218.404368,13.428087466157635
2186,218.50437,13.31799049202533
2187,218.604372,13.388087644594753
2188,218.704374,13.3387178171926
2189,218.80437600000002,13.112053792596484
2190,218.904378,13.21405606008705
2191,219.00438,13.004745299511953
2192,219.10438200000002,13.034253332304111
2193,219.204384,13.46170449818875
2194,219.304386,13.2716968093554
2195,219.404388,13.066666788121513
2196,219.50439,13.048050089657874
2197,219.604392,12.9076741232584
2198,219.704394,12.902815671405744
2199,219.804396,12.919208577687767
2200,219.90439800000001,12.887911219745147
2201,220.0044,13.165114613140197
2202,220.104402,13.171857045598673
2203,220.204404,13.189922444375146
2204,220.30440600000003,13.592013344125743
2205,220.404408,13.083152450600618
2206,220.50441,13.489627656727867
2207,220.60441200000002,13.21840425388565
2208,220.704414,13.204134400898408
2209,220.804416,12.999562309591925
2210,220.904418,13.1644180095869
2211,221.00442,13.639401636260796
2212,221.104422,13.65531179559159
2213,221.204424,13.582639308233567
2214,221.304426,13.634541852620842
2215,221.40442800000002,13.280014402277146
2216,221.50442999999999,13.474050020037195
2217,221.604432,13.520158583914274
2218,221.70443400000002,13.32317903409158
2219,221.804436,13.605790140735596
2220,221.904438,13.706454454767169
2221,222.00444,13.083779357231792
2222,222.104442,13.385022590926189
2223,222.20444400000002,13.794410887220897
2224,222.30444599999998,13.408329328053437
2225,222.404448,13.063328256338538
2226,222.50445000000002,13.216367674633913
2227,222.60445199999998,13.329938683607024
2228,222.704454,13.395269210549774
2229,222.80445600000002,13.66810517930168
2230,222.904458,13.272853612646877
2231,223.00446,13.586173821039617
2232,223.104462,13.305345445753641
2233,223.204464,13.075649292869729
2234,223.30446600000002,13.102454089025942
2235,223.40446799999998,13.143537572959538
2236,223.50447,13.511465224855696
2237,223.60447200000002,13.344613529111959
2238,223.704474,13.115187183304517
2239,223.804476,13.223708369734513
2240,223.904478,13.473795246903666
2241,224.00448,13.280856690511047
2242,224.10448200000002,13.380688354997687
2243,224.204484,13.011798862701093
2244,224.304486,13.46427483970304
2245,224.40448800000001,13.148662415574279
2246,224.50449,13.420313874831658
2247,224.604492,13.51351786765953
2248,224.704494,13.612394636867384
2249,224.804496,13.501626051781773
2250,224.904498,13.52901903418721
2251,225.0045,12.859895931623202
2252,225.104502,13.519305384348565
2253,225.20450400000001,14.223068052274252
2254,225.304506,13.29025803964864
2255,225.404508,13.690958138941909
2256,225.50451,13.284995762227874
2257,225.60451200000003,12.89951001725507
2258,225.704514,13.114734053652256
2259,225.804516,12.673259132700537
2260,225.90451800000002,13.449581755061976
2261,226.00452,13.665542659348972
2262,226.104522,13.365372491971211
2263,226.204524,13.339191193003755
2264,226.304526,13.354408911539997
2265,226.404528,13.419826715680678
2266,226.50453,12.81519634478708
2267,226.604532,13.762334248293252
2268,226.70453400000002,13.781131880220833
2269,226.80453599999998,14.161552866758962
2270,226.904538,13.44028956421904
2271,227.00454000000002,13.66043859859631
2272,227.104542,13.707268083345326
2273,227.204544,13.324421575180029
2274,227.30454600000002,12.725217970808087
2275,227.404548,12.920328198685523
2276,227.50455000000002,12.773275672997316
2277,227.60455199999998,13.28085175885558
2278,227.704554,13.717049559612128
2279,227.80455600000002,13.809639799641962
2280,227.904558,13.203906921705244
2281,228.00456,13.45559542528933
2282,228.10456200000002,13.545611160280293
2283,228.204564,13.684006062320224
2284,228.304566,13.93018699969674
2285,228.404568,13.512855616276788
2286,228.50457,13.457778099334181
2287,228.60457200000002,13.358841668208816
2288,228.70457399999998,13.510477067612024
2289,228.804576,13.56698462165665
2290,228.90457800000001,12.93416501699429
2291,229.00458,13.473377906137816
2292,229.104582,13.43935415757992
2293,229.204584,13.035849352708436
2294,229.304586,13.32870174980989
2295,229.40458800000002,13.17644870412855
2296,229.50459,13.748006470639044
2297,229.604592,13.644443457571406
2298,229.70459400000001,13.278611137077357
2299,229.804596,13.62470352958345
2300,229.904598,13.549121606782462
2301,230.0046,13.628358701101721
2302,230.104602,13.402148245995418
2303,230.204604,13.57402940916118
2304,230.304606,13.854337406995947
2305,230.404608,13.48165889605341
2306,230.50461,13.380742005884516
2307,230.604612,13.328389111011356
2308,230.704614,13.516011340925195
2309,230.804616,13.372516667839097
2310,230.90461800000003,12.690710195315413
2311,231.00462,13.256839021100419
2312,231.104622,12.974669111118882
2313,231.20462400000002,12.817297514924116
2314,231.304626,13.031411126798545
2315,231.404628,12.841370606473527
2316,231.50463,13.348249372424668
2317,231.604632,12.671078035456917
2318,231.704634,13.412052161376714
2319,231.804636,13.06280720523192
2320,231.904638,12.597889587706847
2321,232.00464000000002,12.849605601874
2322,232.10464199999998,12.898080213790582
2323,232.204644,12.623503627146556
2324,232.30464600000002,12.909640640321616
2325,232.404648,13.114923128595658
2326,232.50465,12.526381150000558
2327,232.60465200000002,12.737188055271742
2328,232.704654,13.194720868568867
2329,232.80465600000002,12.932458051006206
2330,232.90465799999998,13.249728861168174
2331,233.00466,13.021644740584527
2332,233.10466200000002,13.31134325426748
2333,233.204664,12.698429738993747
2334,233.304666,13.277812113311692
2335,233.40466800000002,13.098735458014684
2336,233.50467,13.015702093122856
2337,233.604672,13.153014944698654
2338,233.704674,13.203434794263009
2339,233.804676,12.870491310390843
2340,233.90467800000002,12.849412336748065
2341,234.00467999999998,12.90135139582307
2342,234.104682,13.086780694723696
2343,234.20468400000001,12.894052015679993
2344,234.304686,12.867160281556698
2345,234.404688,12.996846940819308
2346,234.50469,12.857205730304129
2347,234.604692,12.903476749554303
2348,234.70469400000002,13.350793064917845
2349,234.804696,12.983359898486132
2350,234.904698,12.63956836735761
2351,235.0047,12.539340270070538
2352,235.10470200000003,12.971584143644419
2353,235.204704,12.952421560774107
2354,235.304706,13.050448699438931
2355,235.404708,12.947707983563514
2356,235.50471,12.882132427276238
2357,235.604712,12.583999209053149
2358,235.704714,12.684371958642059
2359,235.804716,12.732689129053638
2360,235.904718,12.691014586333791
2361,236.00472,12.402415770028703
2362,236.104722,12.409768987088075
2363,236.20472400000003,12.373404946865712
2364,236.304726,12.355127808610892
2365,236.404728,12.6246630252101
2366,236.50473000000002,12.361603421450106
2367,236.604732,12.109864213830313
2368,236.704734,12.501594653297401
2369,236.804736,12.72631056255895
2370,236.904738,12.138765420643479
2371,237.00474,12.444034051300074
2372,237.104742,12.026866552119392
2373,237.204744,12.553309660681384
2374,237.30474600000002,12.563078477843808
2375,237.40474799999998,13.247134495182003
2376,237.50475,12.973412476248486
2377,237.60475200000002,12.918719627983256
2378,237.704754,12.870264312612472
2379,237.804756,12.526399063709235
2380,237.90475800000002,12.366646091278236
2381,238.00476,12.719202251986689
2382,238.10476200000002,12.604009592677084
2383,238.20476399999998,12.648982387739874
2384,238.304766,12.994725996539374
2385,238.40476800000002,12.59366268957616
2386,238.50477,12.500345824846313
2387,238.604772,12.72814643800701
2388,238.70477400000001,12.422153432098714
2389,238.804776,12.447152507655922
2390,238.904778,12.617993260011357
2391,239.00478,12.430704283618091
2392,239.104782,12.405943889602765
2393,239.20478400000002,12.262308523132543
2394,239.30478599999998,12.403710008534258
2395,239.404788,12.0120299381105
2396,239.50479,12.001103332656184
2397,239.604792,12.163307886411237
2398,239.704794,12.194600520236163
2399,239.804796,12.420305114912185
2400,239.904798,12.130218410130983
2401,240.00480000000002,12.016041686750906
2402,240.104802,12.553312371489021
2403,240.204804,12.686730746655316
2404,240.304806,12.264359238698304
2405,240.40480800000003,12.284510230136744
2406,240.50481,12.5708087717834
2407,240.604812,12.509557758933648
2408,240.704814,12.327001415173328
2409,240.804816,12.731727329164439
2410,240.904818,12.296446639123701
2411,241.00482,12.637961845440646
2412,241.104822,12.259452396967289
2413,241.204824,12.419202135884015
2414,241.304826,12.699045280859602
2415,241.404828,12.879106298381243
2416,241.50483000000003,12.892555245562331
2417,241.604832,12.449581912389306
2418,241.704834,12.889140764853176
2419,241.80483600000002,12.892384767085652
2420,241.904838,12.584429301431983
2421,242.00484,12.693879054121158
2422,242.104842,12.630003560974453
2423,242.204844,12.65775702589612
2424,242.30484600000003,12.050501975141215
2425,242.404848,12.194648786395224
2426,242.50485,12.228583704785892
2427,242.60485200000002,11.863427020608132
2428,242.70485399999998,11.722419349934297
2429,242.804856,11.97457507885188
2430,242.90485800000002,12.571001122997167
2431,243.00486,12.393941302001364
2432,243.104862,12.62844131068071
2433,243.20486400000001,12.192145670334712
2434,243.304866,12.811391750658316
2435,243.40486800000002,12.38591305786591
2436,243.50486999999998,11.937951584026242
2437,243.604872,11.89921483883669
2438,243.70487400000002,11.759975205394467
2439,243.804876,12.277592416800584
2440,243.904878,12.694763325258284
2441,244.00488,12.015554492507963
2442,244.104882,12.23200458391579
2443,244.204884,12.671993227775356
2444,244.304886,12.477487676142815
2445,244.404888,12.280337619594796
2446,244.50489000000002,11.604258838330981
2447,244.604892,11.679192273076163
2448,244.704894,11.969012667163012
2449,244.804896,12.065973798933593
2450,244.904898,11.92906861937749
2451,245.0049,11.800139562897995
2452,245.104902,12.649219007633839
2453,245.204904,11.465370113201832
2454,245.30490600000002,11.347773050133192
2455,245.404908,11.226210899168546
2456,245.50491,11.658509186052749
2457,245.604912,11.433042257431925
2458,245.70491400000003,10.875788502124802
2459,245.804916,10.785186598687352
2460,245.904918,11.549512299988432
2461,246.00492000000003,11.657878657949837
2462,246.104922,11.666905436457093
2463,246.204924,11.714986167145069
2464,246.304926,12.05701003401757
2465,246.404928,11.094992430234234
2466,246.50493,11.553267338225414
2467,246.604932,11.672836800359857
2468,246.704934,12.032428257429874
2469,246.80493600000003,12.142568343476285
2470,246.904938,12.234446014829494
2471,247.00494,12.156067079267897
2472,247.10494200000002,12.204668772018753
2473,247.204944,11.772072723656015
2474,247.304946,12.21697814066023
2475,247.404948,12.657517938637769
2476,247.50495,12.097102452410853
2477,247.60495200000003,12.253821911666867
2478,247.704954,11.74442485446657
2479,247.804956,11.715890096554261
2480,247.90495800000002,11.71312441265205
2481,248.00495999999998,11.80639227069688
2482,248.104962,12.16705988047421
2483,248.20496400000002,12.126597179631565
2484,248.304966,12.466108586808089
2485,248.404968,12.228661507062048
2486,248.50497000000001,12.640495215466789
2487,248.604972,12.0143531631744
2488,248.70497400000002,12.208387430651559
2489,248.80497599999998,12.028162562480947
2490,248.904978,12.430689773314057
2491,249.00498000000002,12.209142243810328
2492,249.104982,11.622837099018877
2493,249.204984,12.459361681721367
2494,249.304986,12.180827375308093
2495,249.404988,12.193565690860027
2496,249.50499,11.921025319218774
2497,249.604992,11.77967588342244
2498,249.704994,12.420330956659512
2499,249.80499600000002,11.912473425174944
2500,249.904998,11.748333062734199
2501,250.005,12.150358960047914
2502,250.105002,12.350776382703573
2503,250.205004,11.837300355330076
2504,250.305006,11.433166730300876
2505,250.405008,12.018089699812279
2506,250.50501,11.5227587796228
2507,250.60501200000002,11.313876578684987
2508,250.705014,11.41189430280934
2509,250.805016,12.19678181020413
2510,250.905018,12.684412133202418
2511,251.00502000000003,12.40203824472402
2512,251.105022,12.623021412109603
2513,251.205024,12.795079758035314
2514,251.30502600000003,12.469162834855068
2515,251.405028,12.768488552220738
2516,251.50503,13.019932182278684
2517,251.605032,12.635865543236132
2518,251.705034,12.625136557565547
2519,251.805036,12.210607754344244
2520,251.905038,11.536591984878932
2521,252.00504,11.473508377253644
2522,252.10504200000003,11.386707572592535
2523,252.205044,11.310708031030211
2524,252.305046,11.535686848350391
2525,252.40504800000002,11.999091834333377
2526,252.50505,11.386845157573694
2527,252.605052,11.262212442004971
2528,252.705054,11.205938939644492
2529,252.805056,11.576524865772937
2530,252.90505800000003,11.11995849063096
2531,253.00506,11.687124051064497
2532,253.105062,12.12142460809078
2533,253.20506400000002,13.14880120528422
2534,253.30506599999998,12.615515962181163
2535,253.405068,12.968404551819486
2536,253.50507000000002,13.607737472437083
2537,253.605072,12.96969698907207
2538,253.705074,12.936451824516466
2539,253.805076,13.116129784892255
2540,253.905078,12.345171380997671
2541,254.00508000000002,12.3319011662648
2542,254.10508199999998,12.510777621587005
2543,254.205084,12.138251622518426
2544,254.30508600000002,12.456928968140646
2545,254.405088,12.91298437287861
2546,254.50509,12.372239454980207
2547,254.605092,12.731453334050533
2548,254.705094,12.834194835031125
2549,254.80509600000002,12.465322992647975
2550,254.905098,12.59385570326006
2551,255.0051,12.189955577215914
2552,255.10510200000002,13.283348845165657
2553,255.205104,13.319892009387253
2554,255.305106,13.383170554645348
2555,255.405108,13.869218330222736
2556,255.50511,13.27771896471613
2557,255.605112,12.872769787684966
2558,255.705114,12.487529223949911
2559,255.805116,12.337899470748358
2560,255.90511800000002,13.159204261876472
2561,256.00512,12.775451648932433
2562,256.105122,12.489256283601819
2563,256.205124,12.31885663857774
2564,256.30512600000003,12.440971478711129
2565,256.405128,12.719570653650763
2566,256.50513,12.615428239735783
2567,256.605132,12.142649894307372
2568,256.705134,12.961030886316964
2569,256.805136,12.791787408145604
2570,256.905138,13.234723829451566
2571,257.00514000000004,12.54439968758227
2572,257.105142,12.895883584179465
2573,257.205144,12.768853756647943
2574,257.30514600000004,12.80709431473304
2575,257.405148,13.27687326231728
2576,257.50515,12.979591132721803
2577,257.605152,13.071094339615474
2578,257.705154,12.98098632796972
2579,257.805156,13.203980515151585
2580,257.905158,13.31180432757353
2581,258.00516,13.193362221031371
2582,258.105162,13.071538675715075
2583,258.205164,13.244317339540766
2584,258.305166,12.763255685320562
2585,258.405168,13.067579493505427
2586,258.50517,13.155667292932996
2587,258.605172,12.72276859705401
2588,258.705174,13.374124397533905
2589,258.805176,13.33207993057941
2590,258.90517800000003,12.58900747918597
2591,259.00518,13.210021359300061
2592,259.105182,13.256134320257534
2593,259.20518400000003,12.811990818887923
2594,259.305186,13.113638187331139
2595,259.405188,13.02922436103486
2596,259.50519,13.524909193979294
2597,259.605192,13.41321227715477
2598,259.705194,13.006719600855815
2599,259.805196,13.007836186153133
2600,259.905198,12.957184206662912
2601,260.0052,12.792754973433802
2602,260.105202,13.241228838082133
2603,260.205204,12.601065812726185
2604,260.305206,12.567720619806657
2605,260.405208,12.591746210232134
2606,260.50521,13.11972944809192
2607,260.605212,12.669766118178568
2608,260.705214,12.751420973171124
2609,260.80521600000003,12.822268603309801
2610,260.905218,12.387796837211077
2611,261.00522,12.882812827433932
2612,261.105222,12.7177147379891
2613,261.20522400000004,12.748442537750643
2614,261.305226,12.92596754290779
2615,261.405228,12.622750463653801
2616,261.50523,12.808175694810972
2617,261.605232,13.294161841905341
2618,261.705234,12.892248501834194
2619,261.805236,13.268827488576846
2620,261.905238,12.949654556463335
2621,262.00524,13.077822575557612
2622,262.105242,13.06137553644471
2623,262.205244,13.374118997744974
2624,262.305246,13.254720533401537
2625,262.40524800000003,13.202507002196336
2626,262.50525,13.484110414800137
2627,262.60525199999995,13.161941770902478
2628,262.705254,12.062408296304032
2629,262.805256,12.1799203809233
2630,262.905258,12.624916282849066
2631,263.00526,12.74177452039149
2632,263.105262,12.991504076817174
2633,263.205264,12.567681017761387
2634,263.305266,12.90937551604717
2635,263.405268,12.943085865384809
2636,263.50527,13.008164500801495
2637,263.605272,13.090675459418781
2638,263.70527400000003,13.15910457562974
2639,263.805276,13.404089526488951
2640,263.905278,13.364148204307904
2641,264.00528,13.213950135416917
2642,264.105282,13.403449927737194
2643,264.205284,12.546380105642216
2644,264.305286,12.951327057806669
2645,264.405288,12.140248934615025
2646,264.50529,12.279707124962473
2647,264.605292,11.836663842688667
2648,264.705294,12.648167755562335
2649,264.80529600000006,12.844027381586331
2650,264.905298,13.406081560733874
2651,265.0053,12.563428166238232
2652,265.10530200000005,12.95392495381359
2653,265.205304,12.848805409650016
2654,265.305306,12.834655726491848
2655,265.405308,13.060184326389567
2656,265.50531,13.33078656331285
2657,265.605312,12.909820892472398
2658,265.705314,13.227370526338298
2659,265.805316,12.550163239465425
2660,265.905318,12.597793845089559
2661,266.00532,12.993525817412044
2662,266.105322,13.033659201860283
2663,266.205324,12.030504254480727
2664,266.305326,12.561350601089407
2665,266.405328,12.701405837157488
2666,266.50533,12.57767100218615
2667,266.605332,12.487714405299451
2668,266.70533400000005,12.007436717763536
2669,266.805336,11.80392325520718
2670,266.905338,12.870724304687311
2671,267.00534000000005,12.660153273895277
2672,267.105342,12.81615664580864
2673,267.20534399999997,12.796055432327567
2674,267.30534600000004,12.79002869686664
2675,267.405348,12.740428672886507
2676,267.50534999999996,12.69291249357517
2677,267.60535200000004,12.35395020779714
2678,267.705354,12.25314712561825
2679,267.805356,12.909975485950564
2680,267.90535800000004,12.666538205262325
2681,268.00536,12.788841716933968
2682,268.105362,13.234653525303962
2683,268.205364,12.917401455122187
2684,268.305366,12.980366080562824
2685,268.405368,12.818069751522486
2686,268.50536999999997,12.846741639145458
2687,268.60537200000005,12.113989314123293
2688,268.705374,12.097564523613356
2689,268.80537599999997,12.61105790869818
2690,268.90537800000004,12.687665312311845
2691,269.00538,12.651370518247516
2692,269.10538199999996,12.231260019886355
2693,269.20538400000004,12.896727333788164
2694,269.305386,12.99987019329091
2695,269.40538799999996,13.142320735171195
2696,269.50539000000003,12.56589560380954
2697,269.605392,12.298867725209822
2698,269.705394,12.197630568549284
2699,269.80539600000003,11.927927400440161
2700,269.905398,12.647636095309425
2701,270.0054,12.615384774833377
2702,270.105402,12.443761954004126
2703,270.205404,12.635632449976576
2704,270.305406,12.481356601755685
2705,270.405408,11.949695010321008
2706,270.50541000000004,12.190956041199863
2707,270.605412,12.019450345431567
2708,270.70541399999996,12.611184825231646
2709,270.80541600000004,13.095118107501293
2710,270.905418,13.32331712833915
2711,271.00541999999996,13.537612173612661
2712,271.10542200000003,12.81785993019956
2713,271.205424,13.082481837282176
2714,271.30542599999995,13.26972567107822
2715,271.40542800000003,13.297393090290255
2716,271.50543,13.150361297824634
2717,271.605432,13.27194798067572
2718,271.705434,13.07991039735108
2719,271.805436,12.862632613317517
2720,271.905438,13.554265750689204
2721,272.00544,13.072848501825268
2722,272.105442,12.917600982730022
2723,272.205444,12.834491433760745
2724,272.305446,13.430374915956751
2725,272.40544800000004,12.463514097505628
2726,272.50545,12.886876810423777
2727,272.605452,13.18957100123635
2728,272.70545400000003,12.779021685679293
2729,272.805456,12.459213171090921
2730,272.905458,13.090437057320234
2731,273.00546,12.126155172879313
2732,273.105462,12.096697835045884
2733,273.205464,12.414630861314345
2734,273.305466,12.471100576462119
2735,273.405468,12.47520121891828
2736,273.50547,11.928546231410465
2737,273.605472,12.621442016284995
2738,273.705474,12.141937886356528
2739,273.805476,12.45737538528902
2740,273.905478,12.648185842801823
2741,274.00548,11.593585905644037
2742,274.105482,12.079573065635246
2743,274.205484,11.90842536592763
2744,274.30548600000003,12.106233700190444
2745,274.405488,12.120361913593516
2746,274.50549,12.62943336631955
2747,274.605492,12.268993746604085
2748,274.705494,12.783385886629144
2749,274.805496,12.45131305164924
2750,274.905498,12.551438364086588
2751,275.0055,12.417166512587094
2752,275.105502,12.306386158336556
2753,275.205504,12.582224355683541
2754,275.305506,12.28508196433565
2755,275.40550800000005,12.06621266174124
2756,275.50551,11.963667660917006
2757,275.605512,11.968632420612575
2758,275.70551400000005,11.412735521678023
2759,275.805516,12.098882257535402
2760,275.905518,12.94082889193764
2761,276.00552000000005,12.103869142457507
2762,276.105522,12.142745937827588
2763,276.205524,12.465052121030112
2764,276.305526,12.000050153808962
2765,276.405528,12.331800898055711
2766,276.50553,13.06487347522411
2767,276.605532,12.912399751923964
2768,276.705534,12.480518288928893
2769,276.805536,12.954432354875387
2770,276.905538,12.590930280194806
2771,277.00554,12.886854324521538
2772,277.105542,12.759637369928235
2773,277.205544,11.77364708338489
2774,277.30554600000005,11.65500903321217
2775,277.405548,11.380448431736063
2776,277.50554999999997,11.005380411985175
2777,277.60555200000005,10.779681672060905
2778,277.705554,11.21190787809447
2779,277.80555599999997,11.63008979415923
2780,277.90555800000004,11.016862582656554
2781,278.00556,11.82259996376447
2782,278.105562,12.370989936964984
2783,278.20556400000004,12.403196316693554
2784,278.305566,11.079581121253728
2785,278.405568,11.03727207647396
2786,278.50557000000003,10.651675100595272
2787,278.605572,11.209906934111062
2788,278.705574,12.59146259277468
2789,278.805576,12.4041843695458
2790,278.905578,12.777696314927017
2791,279.00558,12.093032877126747
2792,279.10558199999997,11.22486977791446
2793,279.20558400000004,11.732050243120952
2794,279.305586,10.803520692951322
2795,279.40558799999997,11.298872730852429
2796,279.50559000000004,12.463570136064053
2797,279.605592,11.576489351331384
2798,279.70559399999996,11.910035151695773
2799,279.80559600000004,11.908650722345284
2800,279.905598,12.438674735881905
2801,280.0056,11.816139811524485
2802,280.10560200000003,11.223686182803245
2803,280.205604,11.29595669329563
2804,280.305606,11.63156324727934
2805,280.40560800000003,10.973318992788245
2806,280.50561,10.561947838408596
2807,280.605612,10.172190502255766
2808,280.705614,9.156588106646177
2809,280.805616,9.491961532414846
2810,280.905618,9.172373697709553
2811,281.00562,9.420986051361316
2812,281.10562200000004,9.519623214514832
2813,281.205624,9.565529791459891
2814,281.30562599999996,8.884016369803886
2815,281.40562800000004,9.166790949763922
2816,281.50563,9.112640164197924
2817,281.60563199999996,8.83098535324381
2818,281.70563400000003,9.440806369470826
2819,281.805636,9.724215595464308
2820,281.90563799999995,9.682657014789699
2821,282.00564,9.931136480954077
2822,282.105642,9.390950977534379
2823,282.205644,9.486158927260382
2824,282.305646,10.321340531949891
2825,282.405648,10.719612928376462
2826,282.50565,10.218923234558908
2827,282.605652,9.641387962110805
2828,282.705654,10.713370243895236
2829,282.805656,10.63168523717376
2830,282.905658,11.273694977643485
2831,283.00566000000003,11.42885732836698
2832,283.105662,11.051576777485721
2833,283.205664,10.727814129788783
2834,283.30566600000003,11.175056818656715
2835,283.405668,10.629249079122873
2836,283.50567,11.258473626115247
2837,283.605672,10.343525542940387
2838,283.705674,11.356049143364903
2839,283.805676,10.833529052981222
2840,283.905678,11.825448193378273
2841,284.00568,12.410079807601212
2842,284.105682,12.156713227554093
2843,284.205684,12.29145614370473
2844,284.305686,11.047774472085942
2845,284.405688,11.489438543678647
2846,284.50569,11.136746827866387
2847,284.605692,11.210336673601935
2848,284.705694,11.482151116202605
2849,284.805696,11.276737902969598
2850,284.90569800000003,11.864267294876635
2851,285.0057,11.81861718566511
2852,285.105702,11.553763065197364
2853,285.205704,11.546226536499686
2854,285.305706,12.339593903587005
2855,285.405708,12.276979803647643
2856,285.50571,11.43330362849176
2857,285.605712,11.821943799295923
2858,285.705714,10.54577813320388
2859,285.805716,10.733630567358361
2860,285.905718,10.926376453753257
2861,286.00572000000005,11.367343616762112
2862,286.105722,11.112162603337277
2863,286.205724,11.541412622423062
2864,286.30572600000005,11.915935067125037
2865,286.405728,12.284924846250291
2866,286.50572999999997,11.87497243188653
2867,286.60573200000005,11.462324370097326
2868,286.705734,10.6704294874275
2869,286.805736,11.866677020011048
2870,286.905738,11.693550720393892
2871,287.00574,11.847077457660404
2872,287.105742,12.229391840845679
2873,287.205744,11.335249174840643
2874,287.305746,11.511686469415855
2875,287.405748,11.538939024360493
2876,287.50575,10.968571113757404
2877,287.605752,11.135085738253771
2878,287.705754,11.672600615599926
2879,287.805756,11.017544422905049
2880,287.90575800000005,11.918502938223712
2881,288.00576,12.100290423030335
2882,288.10576199999997,11.90073216173438
2883,288.20576400000004,11.719641797080362
2884,288.305766,12.480093818047623
2885,288.40576799999997,11.654623866241439
2886,288.50577000000004,12.485962823668793
2887,288.605772,11.777418245537062
2888,288.705774,11.467666308626931
2889,288.80577600000004,11.775876271107958
2890,288.905778,12.155933012905335
2891,289.00578,12.492614515100303
2892,289.10578200000003,12.078983490240008
2893,289.205784,12.37800205285321
2894,289.305786,12.326671332547775
2895,289.405788,11.923529331709792
2896,289.50579,11.74149149612914
2897,289.605792,12.010457337892227
2898,289.70579399999997,12.158885885593627
2899,289.80579600000004,12.669060613173336
2900,289.905798,12.041189063421411
2901,290.00579999999997,10.975088112391377
2902,290.10580200000004,12.375334735054176
2903,290.205804,12.059847667048208
2904,290.30580599999996,11.941229043245604
2905,290.40580800000004,10.856064730648848
2906,290.50581,11.738398885383683
2907,290.605812,11.28593580769054
2908,290.70581400000003,11.426341662576554
2909,290.805816,11.932671299079194
2910,290.905818,11.984548219359013
2911,291.00582,12.503521463608612
2912,291.105822,11.85680335063296
2913,291.205824,11.945321674675665
2914,291.305826,11.709685136705344
2915,291.405828,12.509222054781423
2916,291.50583,12.55175730820804
2917,291.605832,12.845045123828308
2918,291.70583400000004,13.684913697169517
2919,291.805836,13.418092840011766
2920,291.905838,13.62726613834429
2921,292.00584000000003,13.030742941314193
2922,292.105842,12.846983775086242
2923,292.20584399999996,13.370588559510349
2924,292.30584600000003,13.458493311127809
2925,292.405848,13.926300807198055
2926,292.50585,13.387173972789768
2927,292.605852,13.659181075173057
2928,292.705854,13.429317692887688
2929,292.805856,12.879444055924662
2930,292.905858,13.243694352290815
2931,293.00586,13.772355216077507
2932,293.105862,13.246095357057133
2933,293.205864,12.73007827757197
2934,293.305866,11.31226848536616
2935,293.405868,11.39883212055774
2936,293.50587,10.878835816930883
2937,293.60587200000003,11.41095961388981
2938,293.705874,12.680828343534206
2939,293.805876,12.667100746413434
2940,293.90587800000003,12.061977261218885
2941,294.00588,12.122493513445544
2942,294.105882,12.621419600572159
2943,294.205884,12.726221445297348
2944,294.305886,12.609693039471157
2945,294.405888,11.677774467953311
2946,294.50589,11.06903586785953
2947,294.605892,11.608341077320773
2948,294.70589400000006,12.07346939425445
2949,294.805896,11.8831910644921
2950,294.905898,12.108819665804162
2951,295.0059,11.089173756396802
2952,295.105902,11.050243952659521
2953,295.205904,11.353986137112626
2954,295.305906,11.236910753515321
2955,295.405908,11.04219723574826
2956,295.50591000000003,11.60357783554788
2957,295.605912,11.466417655493563
2958,295.705914,11.150371342520186
2959,295.805916,11.465804022893508
2960,295.905918,11.832055161450718
2961,296.00592,11.298492684743897
2962,296.105922,11.926414144480708
2963,296.205924,11.785649262750228
2964,296.305926,11.551426163082663
2965,296.405928,12.534878486609001
2966,296.50593,12.171999042593358
2967,296.60593200000005,11.783574226045713
2968,296.705934,11.553845400422993
2969,296.805936,11.819729664003635
2970,296.90593800000005,12.05107263861669
2971,297.00594,12.179296024823975
2972,297.10594199999997,12.168266750686758
2973,297.20594400000004,12.175192512238056
2974,297.305946,11.30589192734987
2975,297.405948,11.366933875637764
2976,297.50595,10.985485388456711
2977,297.605952,10.67526310965096
2978,297.705954,11.059936556949381
2979,297.805956,11.534864926501996
2980,297.905958,11.065889383272625
2981,298.00596,12.421563085217274
2982,298.105962,12.070504513862424
2983,298.205964,11.680055323383016
2984,298.305966,12.535499074802894
2985,298.405968,13.155645860095182
2986,298.50597000000005,12.698658214332413
2987,298.605972,12.351911957644074
2988,298.70597399999997,12.659420282089348
2989,298.80597600000004,12.027471619257994
2990,298.905978,12.13601513285726
2991,299.00597999999997,11.355393858478703
2992,299.10598200000004,11.37710995151132
2993,299.205984,11.768161853676174
2994,299.305986,11.35173004593898
2995,299.40598800000004,10.695444265057137
2996,299.50599,11.234868262417164
2997,299.605992,11.51699826656635
2998,299.70599400000003,12.250931245119341
2999,299.805996,11.72908627596424
3000,299.905998,11.928549346509238
3001,300.006,12.292072811252758
3002,300.106002,12.134550280446435
3003,300.206004,10.832407087785024
3004,300.30600599999997,12.386259427027968
3005,300.40600800000004,12.889641430445822
3006,300.50601,12.595784079885256
3007,300.60601199999996,11.886956975180873
3008,300.70601400000004,12.773825378695378
3009,300.806016,11.797407421977837
3010,300.90601799999996,12.211888325032268
3011,301.00602000000003,12.1610251413497
3012,301.106022,12.104747067792166
3013,301.206024,12.411409285983025
3014,301.30602600000003,13.034698671225966
3015,301.406028,12.685385455382605
3016,301.50603,12.625521487204686
3017,301.606032,12.785180026338828
3018,301.706034,12.038983308344598
3019,301.806036,12.06537308435836
3020,301.906038,11.647010120099484
3021,302.00604,11.137662298486102
3022,302.106042,11.214537283328093
3023,302.206044,11.80565125383885
3024,302.30604600000004,11.933755500852058
3025,302.406048,12.117174617361178
3026,302.50605,12.129295233612442
3027,302.60605200000003,12.491590102513406
3028,302.706054,11.931452654991118
3029,302.80605599999996,12.131157641870116
3030,302.90605800000003,11.95838941097952
3031,303.00606,11.545351942637835
3032,303.106062,12.15048821603028
3033,303.206064,11.237453510507049
3034,303.306066,11.891040735428987
3035,303.406068,11.905344266386779
3036,303.50607,12.389696639333863
3037,303.606072,12.160882738493994
3038,303.706074,11.838605758435198
3039,303.806076,12.10454501921178
3040,303.906078,11.418747780192659
3041,304.00608,11.78973460679717
3042,304.106082,12.661132329676493
3043,304.20608400000003,11.126481237406596
3044,304.306086,12.616348382464192
3045,304.406088,13.06729642249054
3046,304.50609000000003,12.247060587354708
3047,304.606092,11.855609291233515
3048,304.706094,11.629921394648957
3049,304.806096,12.516330332235738
3050,304.906098,12.369686956886044
3051,305.00610000000006,12.376043214629115
3052,305.106102,12.192866744424666
3053,305.206104,12.082320138470841
3054,305.30610600000006,12.033796557351465
3055,305.406108,12.193157204472389
3056,305.50611,12.357536177845825
3057,305.606112,12.123007606206484
3058,305.706114,12.81649535362239
3059,305.806116,12.916180334374218
3060,305.906118,13.432587539433902
3061,306.00612,12.31559038694557
3062,306.106122,12.260427198122168
3063,306.206124,11.912850757405886
3064,306.306126,12.113218690418755
3065,306.406128,12.42800714417114
3066,306.50613,12.884648797435865
3067,306.606132,12.005584416305698
3068,306.706134,12.941570818438095
3069,306.806136,12.114674878265664
3070,306.90613800000006,11.572657318975446
3071,307.00614,12.319425024019003
3072,307.106142,12.872799938543821
3073,307.20614400000005,12.26601626013259
3074,307.306146,11.453535330355983
3075,307.406148,10.726664421489273
3076,307.50615000000005,10.637576639718754
3077,307.606152,11.24570281534484
3078,307.70615399999997,11.498449530502475
3079,307.80615600000004,11.694629274128147
3080,307.906158,11.869751539143639
3081,308.00616,11.987199554678604
3082,308.106162,11.801707003915784
3083,308.206164,12.194440776155348
3084,308.306166,11.575650844171596
3085,308.406168,11.380701974628094
3086,308.50617,11.398179775014373
3087,308.606172,11.958050229723396
3088,308.706174,11.92321672967753
3089,308.806176,11.966225355212872
3090,308.906178,12.432715439384099
3091,309.00618,12.451967032226591
3092,309.10618200000005,12.514156472085483
3093,309.206184,12.074481871744979
3094,309.30618599999997,11.501684750088668
3095,309.40618800000004,11.716215227918397
3096,309.50619,11.433560961111132
3097,309.60619199999996,12.360386701590377
3098,309.70619400000004,11.903032922954761
3099,309.806196,12.304111823951775
3100,309.906198,12.985213112544546
3101,310.00620000000004,12.471097462435118
3102,310.106202,13.183297279993083
3103,310.206204,12.36088396369538
3104,310.30620600000003,11.101325584706792
3105,310.406208,11.130014599515418
3106,310.50621,11.063068423077537
3107,310.606212,12.04439798224107
3108,310.706214,12.920412124018645
3109,310.806216,13.28734405729779
3110,310.90621799999997,13.691365906055571
3111,311.00622000000004,12.7171351907321
3112,311.106222,12.49330055245441
3113,311.20622399999996,12.009982328581655
3114,311.30622600000004,12.001903535755206
3115,311.406228,12.406948488984508
3116,311.50622999999996,11.783715961817196
3117,311.60623200000003,12.225819056076096
3118,311.706234,11.508344783776659
3119,311.806236,12.056505354131781
3120,311.90623800000003,12.656831182823417
3121,312.00624,12.694896319800254
3122,312.106242,12.719827513629342
3123,312.206244,13.538053954144662
3124,312.306246,13.107889003042747
3125,312.406248,12.970138675663208
3126,312.50625,13.387005832116566
3127,312.606252,13.115206487874692
3128,312.706254,13.551401144804476
3129,312.806256,13.578665508936874
3130,312.90625800000004,13.169048953700042
3131,313.00626,13.131801830171833
3132,313.106262,13.028884534623836
3133,313.20626400000003,12.944407425270995
3134,313.306266,13.17946670501202
3135,313.40626799999995,13.127069635139586
3136,313.50627000000003,13.73884092625355
3137,313.606272,13.464199395266899
3138,313.706274,13.219769629175595
3139,313.806276,13.313628039908712
3140,313.906278,13.124265408400971
3141,314.00628,13.027148987968259
3142,314.106282,12.885785649091607
3143,314.206284,12.692862250507678
3144,314.306286,13.078734078073028
3145,314.406288,13.024449816746834
3146,314.50629,13.305625783855309
3147,314.606292,13.09372341398876
3148,314.706294,13.048688929981932
3149,314.80629600000003,12.722588877645032
3150,314.906298,12.971956770137187
3151,315.0063,13.55125187812642
3152,315.106302,12.43074514670853
3153,315.206304,12.594071370916366
3154,315.306306,12.231699045933112
3155,315.406308,12.381660951154085
3156,315.50631,11.947963816070898
3157,315.60631200000006,11.994261892090174
3158,315.706314,11.405961586450482
3159,315.806316,11.990528119809868
3160,315.90631800000006,11.939785833780265
3161,316.00632,12.229365272861221
3162,316.106322,11.29282733268169
3163,316.206324,12.90073999122055
3164,316.306326,12.70740991583644
3165,316.406328,12.556056068660226
3166,316.50633,12.046654046634686
3167,316.606332,12.381878521739722
3168,316.706334,12.517809558644137
3169,316.806336,12.675928107361557
3170,316.906338,12.933410887445028
3171,317.00634,12.668524245664562
3172,317.106342,11.837319213203404
3173,317.206344,11.345142337584017
3174,317.306346,12.142284459619116
3175,317.406348,12.232038799625018
3176,317.50635000000005,12.192271972343297
3177,317.606352,11.55560985110589
3178,317.706354,12.08069086988076
3179,317.80635600000005,12.224973272122936
3180,317.906358,12.38502780310423
3181,318.00636,12.231924744067475
3182,318.10636200000005,12.0425143299429
3183,318.206364,12.446273245073606
3184,318.30636599999997,12.144751058618779
3185,318.40636800000004,12.213199354692309
3186,318.50637,11.637874304542692
3187,318.606372,11.773515872695409
3188,318.706374,10.69061359096266
3189,318.806376,11.153157164405291
3190,318.906378,12.669097438669535
3191,319.00638,11.738135590147738
3192,319.106382,12.795515968193788
3193,319.206384,12.56758335240557
3194,319.306386,11.929835437913887
3195,319.40638800000005,12.264860467881373
3196,319.50639,12.783958838560892
3197,319.60639199999997,12.516962127607233
3198,319.70639400000005,12.339699714980515
3199,319.806396,12.850040751182974
3200,319.90639799999997,12.082559121469927
3201,320.00640000000004,11.808399072615233
3202,320.106402,12.836697103030593
3203,320.20640399999996,12.209673382754403
3204,320.30640600000004,12.551309363340295
3205,320.406408,12.293414582457384
3206,320.50641,11.635591908369294
3207,320.60641200000003,12.119952124006968
3208,320.706414,12.436177057711397
3209,320.806416,12.424585108668857
3210,320.90641800000003,12.3386525894024
3211,321.00642,12.178112996918811
3212,321.106422,12.132773639436042
3213,321.206424,12.50909764934848
3214,321.306426,11.718679228020799
3215,321.406428,12.623920100895354
3216,321.50642999999997,12.589727401835189
3217,321.60643200000004,13.140898157100521
3218,321.706434,13.428377923238664
3219,321.80643599999996,13.151625620481495
3220,321.90643800000004,12.421762258973187
3221,322.00644,12.350189579765317
3222,322.10644199999996,12.000768002332311
3223,322.20644400000003,12.553882772502773
3224,322.306446,11.894334582485897
3225,322.406448,11.731356398037466
3226,322.50645000000003,12.06003547628651
3227,322.606452,11.586136747698944
3228,322.706454,11.843826797544086
3229,322.806456,12.560894144250566
3230,322.906458,11.56966652545759
3231,323.00646,11.789180251559724
3232,323.106462,11.445236823341755
3233,323.206464,12.801321105158989
3234,323.306466,12.049802274584469
3235,323.406468,12.738837263726595
3236,323.50647000000004,12.302325202647944
3237,323.606472,11.866631202445678
3238,323.706474,11.633842647564714
3239,323.80647600000003,12.58697532636303
3240,323.906478,12.546239848529455
3241,324.00647999999995,12.659583934771598
3242,324.106482,11.720190043935622
3243,324.206484,11.733023013868252
3244,324.306486,12.747263228944739
3245,324.406488,12.077759549036458
3246,324.50649,11.644378049785466
3247,324.606492,11.779879992861199
3248,324.706494,12.000258385018638
3249,324.806496,11.227448141349141
3250,324.906498,11.365593006544728
3251,325.0065,12.192373878898346
3252,325.106502,12.14677644945908
3253,325.206504,11.919508061185148
3254,325.306506,11.948334229985205
3255,325.40650800000003,11.875035034559579
3256,325.50651,12.324513325958884
3257,325.606512,12.1944212847272
3258,325.706514,12.434298010404332
3259,325.806516,12.134606900630281
3260,325.906518,12.820954004617631
3261,326.00652,12.261422766121763
3262,326.106522,11.721516196842503
3263,326.20652400000006,11.385732701654991
3264,326.306526,12.226527764430758
3265,326.406528,11.375250349836305
3266,326.50653000000005,11.498047485426
3267,326.606532,11.662278531122425
3268,326.706534,12.02687843325343
3269,326.806536,12.431557958622387
3270,326.906538,12.15801338320247
3271,327.00654,12.182888045547402
3272,327.106542,12.094966348191418
3273,327.206544,12.755731435586982
3274,327.306546,12.470850527372292
3275,327.406548,12.455106062009008
3276,327.50655,12.288132114564917
3277,327.606552,12.275285880294886
3278,327.706554,12.559564451898668
3279,327.806556,11.789360588468881
3280,327.906558,12.68182346365201
3281,328.00656,11.474023267818492
3282,328.10656200000005,11.48273778676504
3283,328.206564,11.291425173037648
3284,328.306566,10.9705217885096
3285,328.40656800000005,10.374218133517958
3286,328.50657,9.482538997985701
3287,328.60657199999997,9.645335912620077
3288,328.70657400000005,9.604121204339217
3289,328.806576,10.258120673933618
3290,328.90657799999997,10.467335767269622
3291,329.00658000000004,11.291942174462626
3292,329.106582,10.560516583995044
3293,329.206584,10.070803427070864
3294,329.30658600000004,10.998753917744311
3295,329.406588,11.274475651380694
3296,329.50659,10.659598663689849
3297,329.606592,11.297518900892694
3298,329.706594,10.923170973531262
3299,329.806596,11.048746124839694
3300,329.906598,10.479806708159954
3301,330.00660000000005,10.874456423771644
3302,330.106602,10.050661015625328
3303,330.20660399999997,9.170204287307339
3304,330.30660600000004,10.795305227704386
3305,330.406608,10.192422282978924
3306,330.50660999999997,10.541965732041684
3307,330.60661200000004,9.78344154038318
3308,330.706614,10.99182469520307
3309,330.80661599999996,10.160959937050585
3310,330.90661800000004,9.922389121932898
3311,331.00662,9.594730329749591
3312,331.106622,8.58404946891216
3313,331.20662400000003,9.387085009659632
3314,331.306626,9.490724939589523
3315,331.406628,9.864742927349807
3316,331.50663000000003,10.085370664917862
3317,331.606632,10.214950621293385
3318,331.706634,10.914018357729919
3319,331.806636,10.447348842427225
3320,331.90663800000004,10.143650334462743
3321,332.00664,10.524087897923174
3322,332.10664199999997,10.722999516462828
3323,332.20664400000004,11.106606337492565
3324,332.306646,11.445694543915666
3325,332.40664799999996,11.759760295542232
3326,332.50665000000004,11.322537269684782
3327,332.606652,11.47446010186267
3328,332.70665399999996,12.073953735143546
3329,332.80665600000003,11.864479982549032
3330,332.906658,11.779953315342837
3331,333.00666,11.83347506680653
3332,333.10666200000003,10.610265701527654
3333,333.206664,11.021435036890217
3334,333.306666,10.385133840900249
3335,333.406668,10.414510108380771
3336,333.50667,11.033284651509275
3337,333.606672,11.327242036972327
3338,333.706674,11.039146353938026
3339,333.80667600000004,11.271906555789387
3340,333.906678,11.61346768040667
3341,334.00668,11.087904817344565
3342,334.10668200000003,10.881288186677489
3343,334.206684,11.147747770456276
3344,334.306686,11.850314210457729
3345,334.40668800000003,11.472040493991603
3346,334.50669,11.376518095380353
3347,334.60669199999995,10.452867999026436
3348,334.706694,10.630594075629984
3349,334.806696,10.284455936772995
3350,334.906698,10.640458436477905
3351,335.0067,10.871892000286211
3352,335.106702,11.12791487827039
3353,335.206704,10.57275332008163
3354,335.306706,10.510960055334898
3355,335.406708,10.422813658806582
3356,335.50671,10.456452977519708
3357,335.606712,10.279281388305447
3358,335.706714,10.975777699429958
3359,335.806716,11.357875319834866
3360,335.906718,10.59819697141368
3361,336.00672000000003,10.732064440667912
3362,336.106722,10.313716059679681
3363,336.206724,10.33618747224296
3364,336.306726,10.310181823900706
3365,336.406728,10.736211781882751
3366,336.50673,10.251366586097516
3367,336.606732,10.369144227772926
3368,336.706734,10.811808993387658
3369,336.80673600000006,10.099360592207734
3370,336.906738,11.478035861663255
3371,337.00674,10.83647213199218
3372,337.10674200000005,11.572011480107228
3373,337.206744,11.05317391111966
3374,337.306746,10.545432929541573
3375,337.406748,10.274107454695905
3376,337.50675,10.666379254957503
3377,337.606752,11.186938433398138
3378,337.706754,10.437302307125005
3379,337.806756,10.335366266880651
3380,337.906758,11.812778800470687
3381,338.00676,11.38715870803991
3382,338.106762,10.738718060190259
3383,338.206764,10.883041455052032
3384,338.306766,10.788078108056139
3385,338.406768,10.566327328218659
3386,338.50677,10.556947547320773
3387,338.606772,10.842736751422365
3388,338.70677400000005,10.700972529963698
3389,338.806776,10.998338402223737
3390,338.906778,10.552651970297703
3391,339.00678000000005,9.339849346046048
3392,339.106782,9.27407334695126
3393,339.20678399999997,9.801927272039608
3394,339.30678600000005,10.512242960051609
3395,339.406788,10.797878757408952
3396,339.50678999999997,10.77780539088505
3397,339.60679200000004,11.293645190985881
3398,339.706794,11.012561127732889
3399,339.806796,10.98642309014891
3400,339.90679800000004,10.906092711994978
3401,340.0068,10.441931810420217
3402,340.106802,10.900805566794872
3403,340.206804,10.806355042787024
3404,340.306806,10.65138089063195
3405,340.406808,11.028379598108984
3406,340.50681,10.652229270838856
3407,340.60681200000005,10.94939354885651
3408,340.706814,11.193866316192533
3409,340.80681599999997,10.775303683640868
3410,340.90681800000004,11.355488404907753
3411,341.00682,11.621670201792472
3412,341.10682199999997,10.11702233885819
3413,341.20682400000004,10.467902846829645
3414,341.306826,9.901293501113226
3415,341.40682799999996,9.964639597684297
3416,341.50683000000004,10.053587932739942
3417,341.606832,10.684318947395733
3418,341.706834,11.042983130510788
3419,341.80683600000003,11.492819657051426
3420,341.906838,11.150002346891393
3421,342.00684,11.427205315041313
3422,342.10684200000003,10.99942961198332
3423,342.206844,10.87642099340918
3424,342.306846,11.470596612116683
3425,342.406848,10.855012079084835
3426,342.50685000000004,10.973336659054077
3427,342.606852,11.843301336840385
3428,342.70685399999996,11.937227070394865
3429,342.80685600000004,11.760797442363124
3430,342.906858,11.352285535940133
3431,343.00685999999996,11.364041408726123
3432,343.10686200000004,12.576497831977578
3433,343.206864,12.721621353217945
3434,343.30686599999996,12.772968168329015
3435,343.40686800000003,11.445166574845162
3436,343.50687,12.046913254355335
3437,343.606872,12.188820830079676
3438,343.706874,12.494422483525339
3439,343.806876,12.582291870546076
3440,343.906878,12.332032434594277
3441,344.00688,11.94780217727525
3442,344.106882,12.070025173361918
3443,344.206884,11.787476260625809
3444,344.306886,12.880335413509714
3445,344.40688800000004,14.01970947615222
3446,344.50689,12.743062679228977
3447,344.606892,13.463127180029623
3448,344.70689400000003,13.461652567389073
3449,344.806896,12.802971372479142
3450,344.906898,13.852006762269266
3451,345.00690000000003,13.590478705683953
3452,345.106902,12.964406415270245
3453,345.206904,13.148924114206253
3454,345.306906,13.389436385647514
3455,345.406908,13.418624741544951
3456,345.50691,13.287515870742235
3457,345.606912,13.098301723271184
3458,345.706914,12.57013856211725
3459,345.806916,13.464676583713628
3460,345.906918,12.643779027355023
3461,346.00692,12.800128797652373
3462,346.106922,12.169313222322183
3463,346.206924,11.752100248564242
3464,346.30692600000003,12.18000063007069
3465,346.406928,12.194212089006005
3466,346.50693,12.789672341850414
3467,346.60693200000003,12.697312253453527
3468,346.706934,12.587859632176848
3469,346.806936,12.786196542733876
3470,346.906938,12.584434949148678
3471,347.00694,12.805243762046304
3472,347.106942,13.100643006419233
3473,347.206944,12.78219328241134
3474,347.306946,13.062167573050454
3475,347.40694800000006,12.83685462599729
3476,347.50695,13.133928640433973
3477,347.606952,13.042912062644426
3478,347.70695400000005,12.630278252892174
3479,347.806956,12.621368759479266
3480,347.906958,12.138701283076882
3481,348.00696000000005,13.003607839136226
3482,348.106962,13.179400588264915
3483,348.206964,12.216790027843867
3484,348.306966,11.820410187032424
3485,348.406968,11.708558725380053
3486,348.50697,11.767847759986298
3487,348.606972,12.06746005175752
3488,348.706974,11.867147184895973
3489,348.806976,11.561045673503282
3490,348.906978,11.705244980341615
3491,349.00698,11.14231470892496
3492,349.106982,11.854915932120408
3493,349.206984,10.939032499354605
3494,349.30698600000005,11.33878989038457
3495,349.406988,11.385023145548047
3496,349.50699,12.28893138886029
3497,349.60699200000005,11.315436553398602
3498,349.706994,12.107597634035967
3499,349.80699599999997,11.359371834754183
3500,349.90699800000004,11.12825959628241
3501,350.007,11.340172245519726
3502,350.10700199999997,10.564307741205768
3503,350.20700400000004,11.270238706874506
3504,350.307006,11.069250794883287
3505,350.407008,11.228843594918581
3506,350.50701000000004,11.903531144098881
3507,350.607012,11.461186139998675
3508,350.707014,11.00936014266955
3509,350.807016,10.849666340329481
3510,350.907018,11.11869149585591
3511,351.00702,10.884546959400781
3512,351.107022,11.008078062447218
3513,351.20702400000005,11.453824057999524
3514,351.307026,10.987956151639208
3515,351.40702799999997,10.878789874529527
3516,351.50703000000004,11.306810056243151
3517,351.607032,11.49639105863216
3518,351.70703399999996,11.570790161334003
3519,351.80703600000004,10.787280533462804
3520,351.907038,10.955387666560474
3521,352.00703999999996,11.303238209509338
3522,352.10704200000004,11.124706288941764
3523,352.207044,10.541881987980542
3524,352.307046,10.710483674696604
3525,352.40704800000003,10.593332422834102
3526,352.50705,10.558456592325188
3527,352.607052,11.092665243877889
3528,352.707054,10.66586957722698
3529,352.807056,11.443446961071686
3530,352.907058,10.821913365234728
3531,353.00706,10.729400602250605
3532,353.10706200000004,11.010872955075792
3533,353.207064,10.710330371876758
3534,353.30706599999996,10.617033035954032
3535,353.40706800000004,10.375537625264284
3536,353.50707,10.721879863579714
3537,353.60707199999996,10.113276815719267
3538,353.70707400000003,10.746043626863926
3539,353.807076,10.40757707942388
3540,353.90707799999996,10.114095866303156
3541,354.00708000000003,10.36188352257299
3542,354.107082,10.472158113026076
3543,354.207084,10.402259169056446
3544,354.307086,10.548557016191122
3545,354.407088,10.437006340092054
3546,354.50709,11.297464315346994
3547,354.607092,10.553714241832338
3548,354.707094,10.98650579546499
3549,354.807096,9.934045018110577
3550,354.907098,10.341797001313276
3551,355.00710000000004,10.073837520777884
3552,355.107102,9.57334277548951
3553,355.207104,9.669317061480577
3554,355.30710600000003,10.037313675822936
3555,355.407108,10.083531656227402
3556,355.50711,10.633809346102671
3557,355.60711200000003,10.876706857268339
3558,355.707114,10.561289288963417
3559,355.807116,10.891166105823093
3560,355.907118,10.58467756137223
3561,356.00712,10.797426022945439
3562,356.107122,10.74025876981435
3563,356.207124,10.800607873751764
3564,356.307126,10.920441812291429
3565,356.407128,10.819642656096308
3566,356.50713,11.545522421501591
3567,356.607132,10.819504528085638
3568,356.707134,10.787298746402355
3569,356.807136,11.235268261100188
3570,356.90713800000003,10.466586263943963
3571,357.00714,10.877408851115213
3572,357.107142,10.848726498138035
3573,357.207144,11.314487270473427
3574,357.307146,11.30513591293699
3575,357.407148,10.94877085164673
3576,357.50715,10.7023906694453
3577,357.607152,10.695631657357504
3578,357.707154,11.267562395220049
3579,357.807156,11.0088114276116
3580,357.907158,10.942311995302509
3581,358.00716000000006,10.585021579181209
3582,358.107162,10.793097529050424
3583,358.207164,10.533542494505536
3584,358.30716600000005,11.19439942097232
3585,358.407168,10.605741281856357
3586,358.50717,11.001979472242393
3587,358.60717200000005,11.061310814067179
3588,358.707174,10.562342360165578
3589,358.807176,10.776054169771973
3590,358.907178,10.872675968498754
3591,359.00718,10.807987844734742
3592,359.107182,11.58123190944128
3593,359.207184,11.59621307290331
3594,359.307186,12.043595390953175
3595,359.407188,12.504866288472439
3596,359.50719,11.91170287387827
3597,359.607192,11.485850799719158
3598,359.707194,11.439336799485686
3599,359.807196,11.241140023854152
3600,359.90719800000005,10.70522993123882
3601,360.0072,10.963158320529844
3602,360.107202,11.135478863430462
3603,360.20720400000005,10.998325782492477
3604,360.307206,11.353784769853808
3605,360.40720799999997,11.295076838150603
3606,360.50721000000004,11.7600532967157
3607,360.607212,11.231472503881772
3608,360.707214,11.85499184869362
3609,360.80721600000004,11.197292856238027
3610,360.907218,11.114448493204916
3611,361.00722,11.704019066431638
3612,361.10722200000004,11.993494898875756
3613,361.207224,12.029069184817477
3614,361.307226,11.920727872985367
3615,361.407228,11.908104125393445
3616,361.50723,11.804339578344019
3617,361.607232,11.427678642613007
3618,361.70723399999997,11.668177391042853
3619,361.80723600000005,11.785211046317697
3620,361.907238,11.487125210337695
3621,362.00723999999997,11.372338504619561
3622,362.10724200000004,11.438141465189668
3623,362.207244,10.559289150621122
3624,362.30724599999996,11.295674619884826
3625,362.40724800000004,10.936386642190099
3626,362.50725,10.025306828940453
3627,362.60725199999996,9.473269275527116
3628,362.70725400000003,11.380700140975524
3629,362.807256,11.268575753956819
3630,362.907258,10.742275473006655
3631,363.00726000000003,11.498366119449544
3632,363.107262,10.629959023907054
3633,363.207264,10.952884639349536
3634,363.307266,11.205024149341485
3635,363.407268,10.809377949990587
3636,363.50727,10.987675343578468
3637,363.607272,10.59247361728007
3638,363.70727400000004,10.51083573869621
3639,363.807276,10.371196513568567
3640,363.907278,10.623205709603493
3641,364.00728000000004,11.056414869384184
3642,364.107282,10.586036645910925
3643,364.20728399999996,10.56154512182766
3644,364.30728600000003,10.202804030993402
3645,364.407288,10.302964055559436
3646,364.50728999999995,10.664929662336112
3647,364.60729200000003,11.435254005257733
3648,364.707294,11.30046171327224
3649,364.807296,11.891979269252694
3650,364.907298,11.682830107901573
3651,365.0073,11.318394794194413
3652,365.107302,11.118885916100425
3653,365.207304,11.727893736580805
3654,365.307306,11.825653727980638
3655,365.407308,12.270538182686396
3656,365.50731,11.3664714969216
3657,365.60731200000004,12.090614015486393
3658,365.707314,12.285995400303351
3659,365.807316,12.216752507482141
3660,365.90731800000003,12.371152944403454
3661,366.00732,12.104549131356332
3662,366.107322,11.830393870085338
3663,366.207324,12.192362487866527
3664,366.307326,11.63494460987753
3665,366.407328,12.394871587662772
3666,366.50733,11.771141762532412
3667,366.607332,11.119021403744659
3668,366.70733400000006,10.37720548137614
3669,366.807336,10.127060678360182
3670,366.907338,10.61492576103391
3671,367.00734,11.637976481985152
3672,367.107342,10.942077982570028
3673,367.207344,10.338462391386733
3674,367.307346,10.123166682600743
3675,367.407348,10.658141000084786
3676,367.50735000000003,11.008026378990817
3677,367.607352,10.559629600307652
3678,367.707354,11.563004097557213
3679,367.807356,11.311949107497663
3680,367.907358,11.099080155702636
3681,368.00736,10.561902753839803
3682,368.107362,10.764591810147989
3683,368.207364,11.57606277228513
3684,368.307366,10.899758935512168
3685,368.407368,11.132831395375732
3686,368.50737,10.72890671367557
3687,368.60737200000005,10.887702330784107
3688,368.707374,10.780899458058746
3689,368.807376,10.950249972535044
3690,368.90737800000005,11.049045761107582
3691,369.00738,11.123101913159793
3692,369.107382,10.383132408191724
3693,369.20738400000005,9.943262902095789
3694,369.307386,10.50437325823077
3695,369.407388,10.480476061835697
3696,369.50739,10.620135614718198
3697,369.607392,10.809838623306556
3698,369.707394,10.841365211940328
3699,369.807396,11.25226908060005
3700,369.907398,10.982879922011676
3701,370.0074,11.3735124215781
3702,370.107402,11.380403701985623
3703,370.207404,11.717333137532568
3704,370.307406,10.882924573400494
3705,370.407408,11.574342382446002
3706,370.50741000000005,10.919741052888499
3707,370.607412,10.991686252254402
3708,370.70741399999997,10.513697684062777
3709,370.80741600000005,10.568042574085434
3710,370.907418,11.095556656186034
3711,371.00741999999997,11.783351716322338
3712,371.10742200000004,11.220621953748918
3713,371.207424,10.594058430974185
3714,371.307426,11.014375513448968
3715,371.40742800000004,11.132791762521114
3716,371.50743,10.418292993405386
3717,371.607432,10.696522664255147
3718,371.70743400000003,11.265049229149438
3719,371.807436,11.295679860538165
3720,371.907438,10.670341615510605
3721,372.00744,11.16472254393315
3722,372.107442,11.03860634248226
3723,372.207444,10.394936219014545
3724,372.30744599999997,10.193283116217449
3725,372.40744800000004,10.228322177881974
3726,372.50745,10.491781094711383
3727,372.60745199999997,10.543378256297729
3728,372.70745400000004,10.486838503727096
3729,372.807456,10.45284884849938
3730,372.90745799999996,10.425666563741874
3731,373.00746000000004,10.366545985760036
3732,373.107462,10.296335037583523
3733,373.207464,10.525618747535493
3734,373.30746600000003,11.061014637714305
3735,373.407468,10.902328294964207
3736,373.50747,10.12463337572344
3737,373.60747200000003,10.747100879631002
3738,373.707474,11.17992755710466
3739,373.807476,11.062756430597034
3740,373.907478,10.984767887472024
3741,374.00748,11.001209514893784
3742,374.107482,10.509035578566515
3743,374.207484,10.053531765504482
3744,374.30748600000004,10.638814386778806
3745,374.407488,10.75475677949109
3746,374.50749,10.234995352114769
3747,374.60749200000004,10.117029078208471
3748,374.707494,11.214662895108708
3749,374.80749599999996,11.17278579421284
3750,374.90749800000003,10.79385483720624
3751,375.0075,12.163799459487958
3752,375.107502,12.720649810506766
3753,375.20750400000003,12.124462079110588
3754,375.307506,11.481699638067873
3755,375.407508,11.294890128441653
3756,375.50751,11.326808173500996
3757,375.607512,12.216682681415593
3758,375.707514,12.146432722775724
3759,375.807516,11.779913691761221
3760,375.907518,12.389210302479203
3761,376.00752,11.762070477996147
3762,376.107522,11.865347070924178
3763,376.20752400000003,11.493876358940872
3764,376.307526,11.727221634418749
3765,376.407528,11.992132924401696
3766,376.50753000000003,12.048271141051796
3767,376.607532,12.85260901956585
3768,376.707534,12.099550311057076
3769,376.807536,12.432491258264221
3770,376.907538,12.168880404557862
3771,377.00754,12.275656003297833
3772,377.107542,11.746979982265735
3773,377.207544,12.062758995802755
3774,377.30754600000006,12.383197934834074
3775,377.407548,12.225532323562472
3776,377.50755,12.98903454917115
3777,377.607552,13.075476770394392
3778,377.707554,12.984161701212235
3779,377.807556,12.765493018376263
3780,377.907558,13.156838224454331
3781,378.00756,13.188427311669303
3782,378.10756200000003,12.929426968639337
3783,378.207564,12.915448750779944
3784,378.307566,12.893604141221086
3785,378.407568,13.107339311942951
3786,378.50757,12.812463226276805
3787,378.607572,11.280258383588684
3788,378.707574,11.880128717981846
3789,378.807576,11.190423713458253
3790,378.907578,12.168085622683511
3791,379.00758,11.814277401187033
3792,379.107582,12.447244460297483
3793,379.20758400000005,13.127140072821323
3794,379.307586,12.375970140814065
3795,379.407588,13.249818344832898
3796,379.50759000000005,13.62833970179094
3797,379.607592,12.492498076680638
3798,379.707594,13.283475445631865
3799,379.80759600000005,12.926707341010072
3800,379.907598,11.591943503372056
3801,380.0076,11.525242850455022
3802,380.107602,11.417044201974551
3803,380.207604,11.666507452805016
3804,380.307606,11.719070925982175
3805,380.407608,11.5512077061368
3806,380.50761,11.842754609163721
3807,380.607612,12.018346269681839
3808,380.707614,11.902699790542451
3809,380.807616,11.831255426543825
3810,380.907618,11.688065145544456
3811,381.00762,12.026607855078886
3812,381.10762200000005,11.576670775419531
3813,381.207624,11.644279061827952
3814,381.30762599999997,12.971234323847508
3815,381.40762800000005,12.032857107900792
3816,381.50763,12.790779383801938
3817,381.60763199999997,12.720695785540888
3818,381.70763400000004,12.256945838763084
3819,381.807636,12.191636643995523
3820,381.907638,12.551610421145357
3821,382.00764000000004,11.958245896609935
3822,382.107642,12.249317217633328
3823,382.207644,13.05442394522905
3824,382.30764600000003,12.82011090976582
3825,382.407648,12.712955442702391
3826,382.50765,13.00596361785464
3827,382.60765200000003,12.449383995297888
3828,382.707654,11.94414002213342
3829,382.807656,12.524189860413363
3830,382.90765799999997,12.625222344929082
3831,383.00766000000004,12.531041525851947
3832,383.107662,12.546050947669135
3833,383.20766399999997,12.902455243278816
3834,383.30766600000004,12.834970130663915
3835,383.407668,13.39769710663711
3836,383.50766999999996,13.47798700081225
3837,383.60767200000004,13.092796247908877
3838,383.707674,12.896875946928352
3839,383.807676,12.903922530075945
3840,383.90767800000003,12.37830647946053
3841,384.00768,13.592646182674779
3842,384.107682,13.004710490743193
3843,384.20768400000003,12.942518036478672
3844,384.307686,12.396344655957762
3845,384.407688,12.30507169683131
3846,384.50769,12.22889117088365
3847,384.607692,12.294769532485876
3848,384.707694,12.021168510655436
3849,384.807696,12.395949039911743
3850,384.90769800000004,12.467852516833913
3851,385.0077,12.06412145796415
3852,385.107702,12.0433426919775
3853,385.20770400000004,12.127230028950294
3854,385.307706,11.931186764492635
3855,385.40770799999996,12.852395235713644
3856,385.50771000000003,12.693091865753289
3857,385.607712,12.255260769595864
3858,385.707714,12.355221129565178
3859,385.807716,11.880887539890521
3860,385.907718,12.311627600146844
3861,386.00772,12.977333912942957
3862,386.107722,12.375785495293265
3863,386.207724,12.882928776721826
3864,386.307726,12.304955436044807
3865,386.407728,12.06002638130987
3866,386.50773,12.579203652845841
3867,386.607732,13.041646818717277
3868,386.707734,12.793940858081534
3869,386.80773600000003,11.18387587731483
3870,386.907738,11.807478952901734
3871,387.00774,11.06908766037025
3872,387.10774200000003,11.531945309447039
3873,387.207744,11.576493863115234
3874,387.307746,12.249698770253277
3875,387.407748,11.967770143064131
3876,387.50775,12.052785231226613
3877,387.60775200000006,11.182906435239651
3878,387.707754,11.292616225147853
3879,387.807756,11.708255845625779
3880,387.90775800000006,12.043441715442563
3881,388.00776,11.407053342250927
3882,388.107762,12.428356733735844
3883,388.207764,12.636526277818684
3884,388.307766,12.753828822854821
3885,388.407768,12.48856753982035
3886,388.50777,11.805343697311221
3887,388.607772,11.717970173312096
3888,388.70777400000003,10.453129407077414
3889,388.807776,10.709682737320374
3890,388.907778,11.076115631271703
3891,389.00778,10.545532593416652
3892,389.107782,10.826127266846347
3893,389.207784,11.126184417190444
3894,389.307786,11.113652417145513
3895,389.407788,11.296385634836836
3896,389.50779,10.717103042813187
3897,389.607792,10.465264996206889
3898,389.707794,10.430213903961489
3899,389.80779600000005,10.00329615980315
3900,389.907798,10.314858014913876
3901,390.0078,10.220807950907083
3902,390.10780200000005,10.594699434063191
3903,390.207804,11.024200123160853
3904,390.30780599999997,11.282167554855503
3905,390.40780800000005,10.384332424385926
3906,390.50781,10.062296964166665
3907,390.607812,10.635221128235258
3908,390.707814,10.901879615474302
3909,390.807816,10.783093869855145
3910,390.907818,10.523747387409811
3911,391.00782,11.071356349176641
3912,391.107822,11.406261921902118
3913,391.207824,11.443715293620265
3914,391.307826,11.509440704932906
3915,391.407828,12.176095126701945
3916,391.50783,11.322157207168527
3917,391.607832,11.57058803425639
3918,391.70783400000005,11.933028283803447
3919,391.807836,11.929264669269944
3920,391.90783799999997,11.74995911003578
3921,392.00784000000004,11.603822490145584
3922,392.107842,11.653688750624413
3923,392.20784399999997,11.531288786836686
3924,392.30784600000004,11.694032321832333
3925,392.407848,11.418482256883351
3926,392.50785,11.341216797469384
3927,392.60785200000004,11.580463618920472
3928,392.707854,11.237660119467854
3929,392.807856,11.238736647007114
3930,392.90785800000003,10.759294841648453
3931,393.00786,10.889172740931278
3932,393.107862,10.564807058946336
3933,393.20786400000003,11.748541833332846
3934,393.307866,10.910463398095443
3935,393.407868,11.76274762412558
3936,393.50786999999997,11.000250678083884
3937,393.60787200000004,10.838431272368611
3938,393.707874,11.030350929028662
3939,393.80787599999996,10.675392057907573
3940,393.90787800000004,10.915877114251947
3941,394.00788,11.729302448833222
3942,394.10788199999996,12.185565664819206
3943,394.20788400000004,12.094848317230268
3944,394.307886,11.67178727628134
3945,394.407888,12.378104611147762
3946,394.50789000000003,10.72815363042961
3947,394.607892,10.992052353447862
3948,394.707894,11.090536284629584
3949,394.807896,10.844941091408465
3950,394.907898,11.142840132738202
3951,395.0079,10.930468908440508
3952,395.107902,10.426694518275468
3953,395.207904,9.99912762985458
3954,395.307906,10.987799077112376
3955,395.407908,10.832234175988587
3956,395.50791000000004,11.328332794014152
3957,395.607912,11.38469099997983
3958,395.707914,11.42304381533925
3959,395.80791600000003,11.720148181897768
3960,395.907918,10.944675309691915
3961,396.00791999999996,11.745615665079415
3962,396.10792200000003,11.294194428315668
3963,396.207924,11.095613002419391
3964,396.307926,10.979815066461347
3965,396.407928,11.048295844988035
3966,396.50793,11.61687692313649
3967,396.607932,11.107271482077666
3968,396.707934,10.911679008314547
3969,396.807936,11.290549821107662
3970,396.907938,11.19753928854613
3971,397.00794,11.817238530542546
3972,397.107942,11.363586335224799
3973,397.207944,10.873358220781514
3974,397.307946,10.972734245073466
3975,397.40794800000003,11.063594639916843
3976,397.50795,10.64095243867139
3977,397.607952,11.496617309488958
3978,397.70795400000003,10.541455412821989
3979,397.807956,10.629700280518493
3980,397.907958,10.998080741685476
3981,398.00796,10.89495560717224
3982,398.107962,11.007835328179432
3983,398.20796400000006,10.864626028515595
3984,398.307966,11.659179713203713
3985,398.407968,11.24890582843376
3986,398.50797000000006,10.922267761468834
3987,398.607972,11.003997110931229
3988,398.707974,10.959754507245897
3989,398.807976,11.491207430692388
3990,398.907978,11.00659067946027
3991,399.00798,11.065391915890599
3992,399.107982,11.044843343642736
3993,399.207984,11.13127236606232
3994,399.307986,11.405073054646259
3995,399.407988,11.889081261932533
3996,399.50799,10.950672173560013
3997,399.607992,11.821985134132747
3998,399.707994,11.5119374097677
3999,399.807996,11.949841787676514
4000,399.907998,11.70977363472164
4001,400.000014,11.950151218999078
