Frame,Time (ns),RMSD
1,0.0,6.870268267442103e-07
2,0.100002,1.2570671491961964
3,0.200004,1.3053914141320293
4,0.30000600000000005,1.5075349088425285
5,0.400008,2.4895933579413563
6,0.50001,2.832596007523682
7,0.6000120000000001,2.3177302797204273
8,0.700014,2.2591565242990397
9,0.800016,2.4179901420219134
10,0.900018,2.6980367993751533
11,1.00002,3.631607153761993
12,1.1000219999999998,3.4036870837965227
13,1.2000240000000002,3.3423486416741306
14,1.3000260000000001,3.782492504414378
15,1.400028,3.0519682439405487
16,1.50003,3.443019076222767
17,1.600032,3.2994832040435895
18,1.700034,3.1776453466385637
19,1.800036,3.439261134116112
20,1.9000380000000001,3.451547144129697
21,2.00004,3.8697875821751273
22,2.1000419999999997,4.119301903666607
23,2.2000439999999997,3.3341176235753758
24,2.300046,3.979449263926038
25,2.4000480000000004,3.9130322579841175
26,2.5000500000000003,3.2926232990486826
27,2.6000520000000003,2.963126550938824
28,2.700054,2.669448322133424
29,2.800056,2.613042729390569
30,2.900058,3.122263970487894
31,3.00006,3.1782695410643904
32,3.100062,2.5650719503679498
33,3.200064,3.0321029230034826
34,3.300066,3.3052480465624874
35,3.400068,2.7808730965082895
36,3.50007,2.992617087385616
37,3.600072,3.1370362805363783
38,3.700074,3.173891500293176
39,3.8000760000000002,3.5053197058856873
40,3.900078,4.191872125805421
41,4.00008,4.488299260506156
42,4.1000820000000004,3.602722369883194
43,4.2000839999999995,3.4964303965626224
44,4.300086,3.6618775535021606
45,4.400087999999999,3.6960588391488653
46,4.50009,3.172004547194492
47,4.600092,3.4692755045204993
48,4.700094,3.2871026412862596
49,4.800096000000001,3.1663834780952254
50,4.900098,2.9551511673579522
51,5.000100000000001,3.0503544998629724
52,5.100102,3.287114405406833
53,5.2001040000000005,3.4157306544729824
54,5.3001059999999995,3.173646046311288
55,5.400108,3.636292553740149
56,5.500109999999999,3.781127011466946
57,5.600112,3.967695760498699
58,5.700114,3.9374822633648603
59,5.800116,3.988474409575494
60,5.900118,3.534015622761267
61,6.00012,3.757128111412745
62,6.100122000000001,3.697441164532235
63,6.200124,3.8349772014247843
64,6.300126000000001,3.830701283294774
65,6.400128,3.6449508574500054
66,6.50013,3.417052623940822
67,6.600132,3.6444042933389613
68,6.700134,3.333541978766828
69,6.800136,3.07328050899201
70,6.900138,3.31341285233297
71,7.00014,3.0706345689329164
72,7.100142,3.545018566107308
73,7.200144,3.066234420240888
74,7.300146,3.4537064561334128
75,7.400148,3.697809269983336
76,7.5001500000000005,3.123700577123079
77,7.6001520000000005,2.5362304622479876
78,7.700154,3.4497854859020483
79,7.800156,3.2403782441658193
80,7.900158,2.552806180473977
81,8.00016,2.9648967039985
82,8.100162000000001,3.054639041393083
83,8.200164000000001,3.0336461419489944
84,8.300166,2.8518542009181425
85,8.400167999999999,2.8864411727578383
86,8.50017,2.8035733310954476
87,8.600172,3.1522952432548657
88,8.700174,2.7326731444027845
89,8.800175999999999,3.1934110415742607
90,8.900178,3.2742047948792674
91,9.00018,3.004794187430947
92,9.100182,3.2148983683725882
93,9.200184,3.2470234744944855
94,9.300186,3.2003701026112115
95,9.400188,2.466953350741063
96,9.50019,3.3820626593633825
97,9.600192000000002,3.767286154965622
98,9.700194,2.701135184722827
99,9.800196,2.9750371722291202
100,9.900198,2.744364464126308
101,10.000200000000001,3.2978582397750054
102,10.100202,3.3598307664830798
103,10.200204,3.375063827803156
104,10.300206,3.465126927174653
105,10.400208000000001,3.8221386700373374
106,10.500210000000001,3.79992685136732
107,10.600211999999999,3.7751173383322922
108,10.700214,3.8339436437578773
109,10.800216,3.742017022825906
110,10.900218,3.7132868928484175
111,11.000219999999999,3.711282909256349
112,11.100222,3.305527332702382
113,11.200224,4.080021405141664
114,11.300226,2.943988807134022
115,11.400228,3.364227326864873
116,11.50023,3.2499119964569605
117,11.600232,3.1745340076590676
118,11.700234,3.3530023103980384
119,11.800236,2.3684792613408003
120,11.900238,2.4525956486855383
121,12.00024,3.1948447825066175
122,12.100242,3.498569972409342
123,12.200244000000001,3.3462538180881234
124,12.300246000000001,3.069001020489813
125,12.400248,3.487944990573363
126,12.50025,4.141461918129529
127,12.600252000000001,3.6612465111043773
128,12.700254000000001,3.905674513530849
129,12.800256,3.844010417869999
130,12.900258,4.24749229108414
131,13.00026,4.977980285783372
132,13.100262,3.801574822752012
133,13.200264,4.364001161873819
134,13.300265999999999,3.9792288365347277
135,13.400268,3.775931380015256
136,13.50027,4.383948388201644
137,13.600272,4.3829508657928775
138,13.700274,4.1590843511017885
139,13.800276,4.0165531771643765
140,13.900278,4.276402919027803
141,14.00028,4.194034517636833
142,14.100282000000002,4.220925645107837
143,14.200284,4.443373198035916
144,14.300286,4.1583915385314505
145,14.400288,3.8426529047538405
146,14.500290000000001,4.2775896876510116
147,14.600292,4.353069338634151
148,14.700294,4.761016522356036
149,14.800296,3.8241031411065847
150,14.900298000000001,3.509780546422385
151,15.000300000000001,3.727130167261036
152,15.100302,3.861608876401858
153,15.200304000000001,4.423805140890461
154,15.300306,4.225630127568203
155,15.400308,3.6425591084793747
156,15.500309999999999,3.6390443165782633
157,15.600312,3.838713471806467
158,15.700314,4.15919132233727
159,15.800316,4.659188798838021
160,15.900318,3.501769476683851
161,16.00032,3.8767503387593663
162,16.100322,4.029855569172191
163,16.200324000000002,3.877640569267036
164,16.300326000000002,3.9383057430700763
165,16.400328000000002,3.305821037394411
166,16.50033,3.7038114929011483
167,16.600332,3.3123919726479496
168,16.700333999999998,3.509896523799442
169,16.800335999999998,3.901672171550977
170,16.900338,3.5310624478509056
171,17.00034,4.111206962960604
172,17.100342,3.6993840418520403
173,17.200344,3.7921267009784563
174,17.300346,3.8192806331511897
175,17.400348,3.3508612659894013
176,17.50035,3.2027770200484458
177,17.600351999999997,4.9320352782021475
178,17.700354,4.57536716888305
179,17.800356,4.257329678487482
180,17.900358,3.9199354618530537
181,18.00036,4.224490474136452
182,18.100362,3.6009050060682615
183,18.200364,3.442177109308371
184,18.300366,3.4019926047781937
185,18.400368,3.4271029198983043
186,18.50037,3.6966166922023365
187,18.600372,3.941787900601868
188,18.700374,3.784906084391622
189,18.800376,4.409541148873442
190,18.900378,3.190647835438082
191,19.00038,3.701908185827931
192,19.100382,3.7363791227838963
193,19.200384000000003,3.584712796359836
194,19.300386,3.855948607745728
195,19.400388,3.6434759340355174
196,19.50039,3.4221731748101476
197,19.600392,3.508708126485249
198,19.700394,3.93368285455925
199,19.800396,3.959677008500211
200,19.900398000000003,4.155962068579719
201,20.000400000000003,4.152910265138338
202,20.100402000000003,4.434177932514569
203,20.200404,3.7106816169729067
204,20.300406,3.9181156520069282
205,20.400408,4.370541830413597
206,20.50041,4.402455437268071
207,20.600412,3.8885401934677524
208,20.700414000000002,4.274749546129136
209,20.800416000000002,4.420595113623637
210,20.900418000000002,4.4625475253721
211,21.000420000000002,4.855756929683728
212,21.100422,3.9637160647705354
213,21.200423999999998,3.9829860942439805
214,21.300425999999998,4.332735455549003
215,21.400428,3.554179675476899
216,21.50043,3.8668771933849397
217,21.600432,3.9293163270127707
218,21.700434,4.054461951537028
219,21.800436,4.0291109588789125
220,21.900438,4.203643596527495
221,22.000439999999998,3.9329169478367474
222,22.100441999999997,3.941721796601157
223,22.200444,3.4528419796099032
224,22.300446,3.5702157264945686
225,22.400448,3.889202510495806
226,22.50045,3.215307302232003
227,22.600452,2.477024481141828
228,22.700454,2.3962207662232395
229,22.800456,2.4390934806417683
230,22.900458,2.455822421128493
231,23.00046,2.675976185851286
232,23.100462,3.522568077502266
233,23.200464,4.115136570104946
234,23.300466,3.8661281398943927
235,23.400468,3.710571153270293
236,23.50047,3.964258307775491
237,23.600472,4.039560272779768
238,23.700474000000003,4.009737401151253
239,23.800476,3.5004876893076893
240,23.900478,3.6933233982142917
241,24.00048,4.278972294025883
242,24.100482,4.751827780654789
243,24.200484,4.521436625417303
244,24.300486,3.608687897423766
245,24.400488000000003,3.697486236772489
246,24.500490000000003,4.039974182040073
247,24.600492000000003,3.441535652044407
248,24.700494,3.8060894170558477
249,24.800496,3.586494815583048
250,24.900498,3.7691174641474494
251,25.0005,3.3703713882765136
252,25.100502,3.9311395853984976
253,25.200504000000002,3.427530430184146
254,25.300506000000002,4.210759847951724
255,25.400508000000002,3.744295541652882
256,25.500510000000002,3.3689684708883854
257,25.600512,3.482778070427839
258,25.700514,3.5098048299835427
259,25.800516,3.799992398908497
260,25.900518,3.818635813024601
261,26.00052,4.379083299582252
262,26.100522,4.158934352944518
263,26.200524,3.7462541134768723
264,26.300526,3.972683935624604
265,26.400528,4.1807060707164
266,26.500529999999998,4.2743155065248395
267,26.600531999999998,4.569961478394365
268,26.700534,4.02099166906332
269,26.800536,4.082087862206182
270,26.900538,3.8484657329812397
271,27.00054,3.6738499885750677
272,27.100542,4.17383205872185
273,27.200544,3.9549939174849618
274,27.300546,3.6000732503466084
275,27.400548,3.1612571754595047
276,27.50055,3.5018178941984504
277,27.600552,3.2948985432091886
278,27.700554,3.735498464064395
279,27.800556,3.965151132328965
280,27.900558,3.6077000675746627
281,28.00056,3.6403820195960903
282,28.100562,5.021318051627535
283,28.200564000000004,3.7625826476297606
284,28.300566,4.50603561660176
285,28.400568,4.480373192525631
286,28.50057,4.440254591036851
287,28.600572,4.2117341795070145
288,28.700574,3.9156638241350032
289,28.800576,4.632514429229616
290,28.900578000000003,4.251668664995427
291,29.000580000000003,4.210469098759261
292,29.100582000000003,4.029838914702819
293,29.200584,4.116797738146786
294,29.300586,4.765188103705132
295,29.400588,3.9934519627367195
296,29.50059,4.257832078600601
297,29.600592,3.559623534953951
298,29.700594000000002,3.9185323092049806
299,29.800596000000002,3.890808127522039
300,29.900598000000002,3.6077612508392276
301,30.000600000000002,4.037686812504788
302,30.100602,3.857858572501449
303,30.200604,3.7268732059288934
304,30.300606,3.223613793544755
305,30.400608000000002,3.1530696462424315
306,30.50061,3.759167483661779
307,30.600612,3.8751321061844797
308,30.700614,3.9093473899884374
309,30.800616,3.6411564059913104
310,30.900618,3.8409669671729785
311,31.000619999999998,3.842386945628572
312,31.100621999999998,4.248303335786395
313,31.200624,4.6583097663032715
314,31.300626,4.219773073575996
315,31.400628,3.918381439783111
316,31.50063,4.023336066878651
317,31.600632,4.516654700496344
318,31.700634,5.071518352015488
319,31.800636,4.826278367251342
320,31.900638,4.977809358901049
321,32.00064,5.170183906248994
322,32.100642,4.54319080867862
323,32.200644,4.463279413659765
324,32.300646,4.441567199309152
325,32.400648000000004,4.408238322419438
326,32.50065,4.632606154341806
327,32.600652000000004,3.8199666845690197
328,32.700654,4.783418805081937
329,32.800656000000004,4.190816947299522
330,32.900658,3.9693807535752703
331,33.00066,3.349448218179106
332,33.10066200000001,4.206170092022586
333,33.200664,4.62077151269345
334,33.300666,4.08602239315197
335,33.400667999999996,4.5674901191164645
336,33.50067,4.2685652956283056
337,33.600671999999996,4.757676313496456
338,33.700674,4.657261325682946
339,33.800676,4.964744789463632
340,33.900678,3.8459927778266687
341,34.00068,4.511213376190993
342,34.100682,4.18595899624521
343,34.200684,3.4455051545497595
344,34.300686,4.128244245899559
345,34.400688,4.78677911865834
346,34.500690000000006,4.257917587029007
347,34.600692,4.4398350026564595
348,34.700694000000006,3.460440342530653
349,34.800696,3.1854340205124787
350,34.900698000000006,3.477515928919201
351,35.0007,3.1620583338088704
352,35.100702,3.7847743547757244
353,35.200703999999995,3.9824666218384976
354,35.300706,3.852999966126057
355,35.400708,4.501883965057599
356,35.50071,4.19461088979712
357,35.600712,3.825541046409778
358,35.700714,4.1112545349987535
359,35.800716,4.200149364146565
360,35.900718,3.7006308102029712
361,36.00072,3.9721415154292883
362,36.100722000000005,3.9342098955000466
363,36.200724,3.972824158639129
364,36.300726000000004,4.443704471404686
365,36.400728,3.7399104398020944
366,36.500730000000004,3.4486598648198847
367,36.600732,3.8209900097854645
368,36.700734000000004,3.6723363378139364
369,36.800736,3.888763401660691
370,36.900738,3.285722624519596
371,37.00074,3.124293904252312
372,37.100742,3.096507499361841
373,37.200744,3.4291025663060006
374,37.300746,3.2294829465189245
375,37.400748,3.4315143156431693
376,37.50075,3.6204488975776976
377,37.600752,3.68230474010854
378,37.700754,3.3247977383794387
379,37.800756,3.202692997965644
380,37.900758,3.2131752886002594
381,38.00076,3.272311652890489
382,38.100762,3.3563058703737587
383,38.200764,3.5611740766725846
384,38.300766,3.102402959467684
385,38.40076800000001,3.472812599402221
386,38.50077,3.1415371259493465
387,38.600772,3.2563477312502913
388,38.700773999999996,3.434974113584274
389,38.800776,3.4303355619807903
390,38.900777999999995,3.3274214968052234
391,39.00078,3.4016528083073827
392,39.100782,3.4450650660848936
393,39.200784,2.8726673256876514
394,39.300786,3.4402546328983568
395,39.400788,3.562095005541132
396,39.50079,3.626939178492278
397,39.600792,3.427963599666645
398,39.700794,3.217543270525426
399,39.800796000000005,3.558466543234008
400,39.900798,3.545082234517057
401,40.000800000000005,3.567403176269514
402,40.100802,3.3441130491451494
403,40.200804000000005,3.2849569395383513
404,40.300806,3.4274194465551355
405,40.400808,3.309335795336647
406,40.500809999999994,3.1773116863000417
407,40.600812,3.1368594897370103
408,40.700814,3.321156363367087
409,40.800816,3.3414307634229417
410,40.900818,3.3634906316225837
411,41.00082,3.4464975107140106
412,41.100822,3.0635772237250873
413,41.200824,3.4078763888021433
414,41.300826,3.5082828917887823
415,41.400828000000004,3.67625721381601
416,41.50083,3.6216424205958577
417,41.600832000000004,3.3915486491371767
418,41.700834,3.4702398475617766
419,41.800836000000004,3.3943655194625397
420,41.900838,3.5357451622682734
421,42.000840000000004,3.7385540892258797
422,42.10084200000001,3.466722941716982
423,42.200844,2.9300687648768062
424,42.300846,4.021605806779737
425,42.400847999999996,3.408840058058281
426,42.50085,3.384984773375359
427,42.600851999999996,3.493263631662098
428,42.700854,3.265793171673741
429,42.800856,3.1935403397858293
430,42.900858,3.2600152285168695
431,43.00086,3.4101215485953325
432,43.100862,3.066305036924392
433,43.200864,3.478868513959893
434,43.300866,3.13347022831759
435,43.400868,3.2710844828495618
436,43.500870000000006,4.0593622130514335
437,43.600872,3.83727730149929
438,43.700874000000006,4.084906425805254
439,43.800876,4.175071677981129
440,43.900878000000006,3.7188611145503363
441,44.000879999999995,3.7493675509639957
442,44.100882,4.142244115251983
443,44.200883999999995,3.5554398822039515
444,44.300886,4.040480777059172
445,44.400888,4.43902952892983
446,44.50089,4.371370850660848
447,44.600892,3.7974030801488863
448,44.700894,3.882893874225548
449,44.800896,4.391123304139559
450,44.900898,3.7244248991218694
451,45.0009,4.014518009724768
452,45.100902000000005,3.6306743005564783
453,45.200904,4.033308067159312
454,45.300906000000005,4.207404494294414
455,45.400908,3.7986019968274345
456,45.500910000000005,3.1639757982171846
457,45.600912,3.3333350802955057
458,45.700914000000004,3.819842254456902
459,45.800916,3.8226949786826334
460,45.900918,3.8097807473952963
461,46.00092,3.6669110383114774
462,46.100922,3.56404970295203
463,46.200924,3.6048086868521656
464,46.300926,3.32466486304163
465,46.400928,3.941699928020049
466,46.50093,3.432519198668947
467,46.600932,3.2065076778200488
468,46.700934000000004,3.872610960052826
469,46.800936,3.594864482626692
470,46.900938000000004,3.5577085778597977
471,47.00094,3.6492121335128713
472,47.100942,3.470739457153021
473,47.200944,3.60984874824204
474,47.300946,3.940492269542104
475,47.40094800000001,3.558061227040013
476,47.50095,4.18425108989282
477,47.600952,3.6408211121685237
478,47.700953999999996,3.341879617765308
479,47.800956,3.4785346099132095
480,47.900957999999996,3.3587228380862357
481,48.00096,3.7677808614465116
482,48.100962,3.3843757801636767
483,48.200964,3.463268220682575
484,48.300966,3.4299602121799984
485,48.400968,3.4410030788439054
486,48.50097,3.318282781789681
487,48.600972,3.277986751847855
488,48.700974,3.4915198721159215
489,48.800976000000006,3.557774564249447
490,48.900978,3.7030959662202516
491,49.000980000000006,3.8159935711096744
492,49.100982,3.18372928437966
493,49.200984000000005,2.8576847869222406
494,49.300986,3.2736037878126707
495,49.400988,3.6492112003156256
496,49.500989999999994,3.912414217908624
497,49.600992,4.44675750269556
498,49.700994,4.008452789635835
499,49.800996,3.9033223837481223
500,49.900998,4.857468597683873
501,50.001,4.525030628004206
502,50.101002,4.689684028744449
503,50.201004,5.085918361068523
504,50.301006,4.33678789910387
505,50.401008000000004,4.62198350982172
506,50.50101,4.796684116571362
507,50.601012000000004,4.758413604780027
508,50.701014,4.541065975497654
509,50.801016000000004,5.290658834242223
510,50.901018,4.962143703376885
511,51.001020000000004,4.472862269042607
512,51.10102200000001,4.68749815893845
513,51.201024,4.899028945747705
514,51.301026,3.92769309163956
515,51.401028,4.011035273832161
516,51.50103,4.254086187366133
517,51.601032,3.908999063695582
518,51.701034,3.767895179955545
519,51.801036,3.828024743259588
520,51.901038,3.651741741225672
521,52.00104,3.7653618190465195
522,52.101042,4.589340722870124
523,52.201044,4.331948347937698
524,52.301046,4.2559578094962385
525,52.401048,4.463226886791106
526,52.501050000000006,4.282984941273813
527,52.601052,4.03754629107289
528,52.701054000000006,4.519743022681869
529,52.801056,4.059895941072284
530,52.901058000000006,4.33915651812865
531,53.001059999999995,4.460643435881483
532,53.101062,4.11869873574962
533,53.201063999999995,4.129459972837934
534,53.301066,3.8022116710732696
535,53.401068,4.2675321134951165
536,53.50107,4.041078905629754
537,53.601072,4.098739936090115
538,53.701074,4.29805578181975
539,53.801076,4.9727299146837245
540,53.901078,4.978681891783455
541,54.00108,5.059447563630939
542,54.101082000000005,5.127307982824454
543,54.201084,5.041309059374117
544,54.301086000000005,4.531827308102384
545,54.401088,3.942372170287015
546,54.501090000000005,3.9216317764853375
547,54.601092,3.9605747450778397
548,54.701094000000005,4.569014981840189
549,54.801096,4.8183385877321285
550,54.901098,4.581533509233611
551,55.0011,4.448548192295605
552,55.101102,4.326876793725293
553,55.201104,4.146866677682164
554,55.301106,4.978034227411772
555,55.401108,4.306153935119569
556,55.50111,4.352904842151106
557,55.601112,4.205552824323279
558,55.701114000000004,4.240925595516683
559,55.801116,3.757753890800217
560,55.901118000000004,4.736240272407042
561,56.00112,4.975235383214715
562,56.101122000000004,3.8031270227156946
563,56.201124,4.597977043678616
564,56.301126000000004,3.5651162307100743
565,56.40112800000001,3.1241286116352702
566,56.50113,3.1188153196064152
567,56.601132,3.7109215307866896
568,56.701133999999996,3.6805174134123666
569,56.801136,4.489940166051286
570,56.901137999999996,4.149234224810536
571,57.00114,4.67874354642065
572,57.101142,4.496365633238418
573,57.201144,4.372480146979152
574,57.301146,4.3548446484727
575,57.401148,3.539209770586128
576,57.50115,3.8528190389081836
577,57.601152,3.6249542713815472
578,57.701154,4.368264644864843
579,57.801156000000006,3.9227343863294313
580,57.901158,3.8391493656561404
581,58.001160000000006,4.155918194478305
582,58.101162,4.16462909597496
583,58.201164000000006,4.479089219152498
584,58.301166,4.185234656995582
585,58.401168,4.248829403388569
586,58.501169999999995,4.037524865190625
587,58.601172,4.079089096128037
588,58.701174,4.157724841164646
589,58.801176,3.9827113464717985
590,58.901178,4.007314344951276
591,59.00118,3.7711249577343304
592,59.101182,4.306614304062187
593,59.201184,4.339827752104392
594,59.301186,3.718899149916587
595,59.401188000000005,3.8235884231667696
596,59.50119,3.27535197845541
597,59.601192000000005,3.813753993922602
598,59.701194,3.6111043566709218
599,59.801196000000004,3.9026046339309666
600,59.901198,5.212701074562808
601,60.001200000000004,5.621953118342559
602,60.10120200000001,5.111660362425989
603,60.201204,4.6225208882989595
604,60.301206,5.486444747652191
605,60.401208,5.749108657762625
606,60.50121,4.788469457376611
607,60.601212,4.54229141997739
608,60.701214,4.796316304249454
609,60.801216000000004,5.126983971538304
610,60.901218,4.77522649409076
611,61.00122,6.039172556061503
612,61.101222,6.461356111350358
613,61.201224,6.38518729288088
614,61.301226,5.439825896195054
615,61.401228,6.113183526841889
616,61.50123000000001,6.190589697850992
617,61.601232,6.149757506920166
618,61.70123400000001,6.052618473529032
619,61.801236,6.363803064517647
620,61.901238000000006,6.106400698419222
621,62.001239999999996,6.080418079134442
622,62.101242,5.9604961890015
623,62.201243999999996,5.715968185783246
624,62.301246,6.108383614065972
625,62.401248,6.198634316406554
626,62.50125,5.97486850518661
627,62.601252,5.970282504788613
628,62.701254,5.93289694811015
629,62.801256,5.994950373639924
630,62.901258,6.242762906518356
631,63.00126,5.6647558688732715
632,63.101262000000006,6.075747040122277
633,63.201264,6.031584489152505
634,63.301266000000005,5.441897762249697
635,63.401268,6.05666106499374
636,63.501270000000005,5.472368969647581
637,63.601272,5.510739672097474
638,63.701274000000005,5.723716147049773
639,63.801276,5.895730459243141
640,63.901278,6.219948169704079
641,64.00128,5.465052450138103
642,64.101282,5.917564945585642
643,64.201284,6.42448572605091
644,64.301286,5.943761199166064
645,64.401288,5.769627294609256
646,64.50129,6.026817731447411
647,64.601292,6.276325896920796
648,64.701294,6.347326479146552
649,64.80129600000001,5.651534493724268
650,64.901298,6.407026873517546
651,65.0013,6.599100057981515
652,65.101302,6.086342518303273
653,65.20130400000001,4.5016995985066215
654,65.30130600000001,4.968495978090728
655,65.401308,5.19095288352191
656,65.50131,5.774977504268635
657,65.60131200000001,5.387879041757785
658,65.701314,5.938951133150584
659,65.801316,5.695228975835691
660,65.901318,5.96088363516025
661,66.00132,5.926422678070984
662,66.101322,5.905248726897123
663,66.20132400000001,6.143397695214094
664,66.301326,6.884893006446838
665,66.401328,7.254616100376334
666,66.50133,6.780235025291656
667,66.601332,6.926409179140103
668,66.701334,6.9184060205609645
669,66.80133599999999,7.128512293562241
670,66.90133800000001,6.998918761520204
671,67.00134,6.197888214311742
672,67.101342,6.103307533355749
673,67.20134399999999,6.5315183876441845
674,67.30134600000001,6.521894896541642
675,67.401348,6.120470226948511
676,67.50135,7.267681509153038
677,67.601352,7.066780693348145
678,67.70135400000001,5.920906352602326
679,67.801356,6.730750578441024
680,67.901358,5.884628217425171
681,68.00136,6.25224612911803
682,68.10136200000001,6.376448332839864
683,68.201364,6.613648402998835
684,68.301366,7.104443898486576
685,68.401368,7.3656635750035635
686,68.50137,6.9217977828798745
687,68.601372,6.355390190961739
688,68.701374,6.47490450779741
689,68.801376,5.431062590302292
690,68.901378,5.330780519524946
691,69.00138000000001,5.6883776839702636
692,69.101382,4.866468792107649
693,69.201384,5.4148107037660385
694,69.301386,5.2748767870596165
695,69.40138800000001,5.939234454515419
696,69.50139,6.307229468875845
697,69.601392,5.740425780497789
698,69.701394,6.095366252123785
699,69.80139600000001,6.512945970889424
700,69.901398,5.429895238095489
701,70.0014,5.171865042093116
702,70.10140200000001,6.048908443460307
703,70.201404,5.821657240719479
704,70.301406,6.110390576279901
705,70.40140799999999,5.450985081063731
706,70.50141,5.312852906743738
707,70.601412,5.587152801151793
708,70.701414,6.374093903344066
709,70.801416,6.16066572264402
710,70.901418,5.368967890245923
711,71.00142,4.58374752322731
712,71.101422,5.603869838028162
713,71.201424,5.210765041910336
714,71.301426,4.8600007499191085
715,71.401428,4.40985744486033
716,71.50143000000001,5.327983027514936
717,71.601432,5.161296384867526
718,71.701434,5.685269118054773
719,71.801436,4.931057356515098
720,71.901438,4.022626571345174
721,72.00144,4.997936497973944
722,72.10144199999999,4.460269703777313
723,72.20144400000001,4.797801016583117
724,72.301446,4.93921217779363
725,72.401448,5.311532701833283
726,72.50144999999999,5.328734854309726
727,72.60145200000001,4.97160338266072
728,72.701454,4.971818642060481
729,72.801456,4.770190038401562
730,72.901458,5.115227227847954
731,73.00146000000001,4.551450492400756
732,73.101462,4.8871493429948725
733,73.201464,3.9859233224094304
734,73.301466,4.3224012482595615
735,73.40146800000001,4.76012972052861
736,73.50147,5.474230744944935
737,73.601472,4.592200856609025
738,73.701474,4.4865125534486685
739,73.801476,4.814946139584002
740,73.901478,4.390388859916181
741,74.00148,4.277082795710144
742,74.101482,4.9760450762917605
743,74.201484,4.989704191835365
744,74.30148600000001,4.990162729587777
745,74.401488,5.146624858037318
746,74.50149,5.791937788813757
747,74.601492,6.129905664840152
748,74.70149400000001,5.71783903654542
749,74.801496,5.725206983525842
750,74.901498,5.909041618855908
751,75.0015,5.642257750068499
752,75.10150200000001,5.9062950985210945
753,75.201504,6.193602321410572
754,75.301506,6.276262099012081
755,75.401508,6.285503870250884
756,75.50151,6.6193736884526375
757,75.601512,6.334572221071849
758,75.70151399999999,6.39647209947722
759,75.801516,6.641145581578278
760,75.901518,6.310522346089704
761,76.00152,6.661605922986085
762,76.101522,7.017306293364799
763,76.201524,6.283645905714354
764,76.301526,6.268597604892269
765,76.401528,6.56864026394328
766,76.50153,6.383236933941061
767,76.601532,6.351951641003023
768,76.701534,6.6346584245868225
769,76.80153600000001,5.980783257663542
770,76.901538,6.471329853784567
771,77.00154,6.408551056696059
772,77.101542,6.410202632867647
773,77.201544,6.338197997260556
774,77.301546,6.880428632574266
775,77.40154799999999,7.003909122257422
776,77.50155000000001,6.0487380792971415
777,77.601552,6.199924571955221
778,77.701554,6.610603720396793
779,77.80155599999999,6.378052113779752
780,77.90155800000001,6.229565337242033
781,78.00156,6.768849374525132
782,78.101562,6.551362562476353
783,78.201564,7.040079496330732
784,78.30156600000001,6.881602549443475
785,78.401568,6.032247819186183
786,78.50157,4.8573293360031915
787,78.601572,6.7025452331788
788,78.70157400000001,7.03878910220808
789,78.801576,6.4745629853496105
790,78.90157800000001,6.487737213574675
791,79.00158,6.059950101155912
792,79.101582,6.663883039073497
793,79.201584,5.273996508944838
794,79.301586,4.679317277981602
795,79.401588,4.661928572477924
796,79.50159,5.209888508682293
797,79.60159200000001,5.576507207019727
798,79.701594,5.369068134199645
799,79.801596,5.222213028751026
800,79.90159799999999,5.307119953753504
801,80.00160000000001,5.433344798525632
802,80.101602,5.188984706593272
803,80.201604,5.32780208491367
804,80.301606,5.679290510817763
805,80.40160800000001,5.403856885428836
806,80.50161,5.439189313414567
807,80.601612,5.776154295559952
808,80.701614,5.068664598053237
809,80.801616,4.834847742546039
810,80.901618,5.0210734044068985
811,81.00161999999999,5.019135593861978
812,81.101622,5.349366545602655
813,81.201624,5.3704403917756265
814,81.301626,5.5476521955021285
815,81.401628,5.714751151134876
816,81.50163,5.153731861186339
817,81.601632,4.5172002434321135
818,81.701634,4.595092054870557
819,81.801636,5.776568766340139
820,81.901638,5.551358859599083
821,82.00164,6.418885154026824
822,82.10164200000001,6.207278046036387
823,82.201644,5.855682222879812
824,82.301646,6.186351608276229
825,82.401648,5.622538750864731
826,82.50165000000001,6.625271195989473
827,82.601652,6.264895004519442
828,82.70165399999999,6.758540116749728
829,82.80165600000001,5.706382842707762
830,82.901658,5.5801786356744145
831,83.00166,5.824154245995053
832,83.10166199999999,5.511399766511046
833,83.20166400000001,4.956843469103862
834,83.301666,4.724661396377681
835,83.401668,4.522167299948817
836,83.50167,4.350661164611516
837,83.60167200000001,4.827990585490239
838,83.701674,5.2521235311037655
839,83.801676,5.4033688585134865
840,83.901678,4.767506697185656
841,84.00168000000001,4.1159976474889115
842,84.101682,3.997480576339782
843,84.20168400000001,5.076355196624265
844,84.301686,4.302394955195403
845,84.401688,4.1895894138696965
846,84.50169,5.593057000380778
847,84.601692,5.178021490085953
848,84.701694,5.170550102242718
849,84.80169599999999,4.395670195860179
850,84.90169800000001,4.780649346662399
851,85.0017,4.710437084508559
852,85.101702,4.406395502030072
853,85.20170399999999,5.139145279198709
854,85.30170600000001,5.3950087514704315
855,85.401708,5.556808563737589
856,85.50171,6.024076517034145
857,85.601712,5.924823734285492
858,85.70171400000001,5.295131397798841
859,85.801716,5.950969219524385
860,85.901718,6.305091810676315
861,86.00172,6.221324689138232
862,86.10172200000001,6.443577227996341
863,86.201724,6.987352465951055
864,86.301726,5.642505882093006
865,86.401728,6.166265247751049
866,86.50173,5.892837335087953
867,86.601732,6.408818038240923
868,86.701734,6.655276202642963
869,86.801736,6.46889782652406
870,86.901738,6.540873037864968
871,87.00174000000001,7.163464504464745
872,87.101742,6.942005446461973
873,87.201744,5.689246079556286
874,87.301746,7.056848296669887
875,87.40174800000001,7.233632534314802
876,87.50175,7.326985351336091
877,87.601752,6.202727859312713
878,87.701754,5.563325949469299
879,87.80175600000001,6.279691550245516
880,87.901758,6.306809135745541
881,88.00175999999999,6.281246897311084
882,88.10176200000001,5.217821706259073
883,88.201764,5.770447110634317
884,88.301766,5.470766293398896
885,88.40176799999999,5.209711542668434
886,88.50177000000001,6.20669008847949
887,88.601772,5.898320564552649
888,88.701774,5.012407939065224
889,88.801776,5.319178223427763
890,88.90177800000001,5.152632029857905
891,89.00178,5.075023916152647
892,89.101782,5.2901912136465565
893,89.201784,5.395395629115503
894,89.301786,5.170025220559517
895,89.401788,5.17485316965917
896,89.50179000000001,5.0503393506237275
897,89.601792,5.082520385232513
898,89.701794,5.335067176306919
899,89.801796,5.007796287688192
900,89.901798,5.396188397269969
901,90.0018,5.155541601700547
902,90.10180199999999,5.112333432356741
903,90.20180400000001,5.531708473255829
904,90.301806,5.322626880800792
905,90.401808,5.26740674337214
906,90.50180999999999,5.634886094702039
907,90.60181200000001,5.0011291981376775
908,90.701814,4.782492118165274
909,90.801816,4.541120014055586
910,90.901818,4.630905335625597
911,91.00182000000001,4.196681244225036
912,91.101822,3.8682485525616936
913,91.201824,4.308907720777674
914,91.301826,4.326518849159985
915,91.40182800000001,4.76186838584529
916,91.50183,5.689719502946632
917,91.601832,4.632929333090872
918,91.701834,5.286312665822163
919,91.801836,5.111498954189296
920,91.901838,4.385569294985749
921,92.00184,4.119611868730643
922,92.101842,4.403232654961697
923,92.201844,4.849430996595083
924,92.30184600000001,5.186683822302317
925,92.401848,5.510722872383898
926,92.50185,5.903910712125087
927,92.601852,5.727496178592857
928,92.70185400000001,5.670166523949069
929,92.801856,5.13491019378656
930,92.901858,4.797322293676508
931,93.00186,4.723751867336116
932,93.10186200000001,4.572020199176373
933,93.201864,5.053414195436555
934,93.301866,4.937576602766199
935,93.40186800000001,5.278238227422707
936,93.50187,5.6427017524494225
937,93.601872,4.842241434010806
938,93.70187399999999,4.989632292707666
939,93.80187600000001,3.676272028663089
940,93.901878,4.110813735071656
941,94.00188,4.961003607983157
942,94.101882,4.606737763562138
943,94.201884,4.505210669130181
944,94.301886,4.275282208581388
945,94.401888,4.710964442966312
946,94.50189,4.639471065849155
947,94.601892,4.766998575271286
948,94.701894,4.571766957948707
949,94.80189600000001,4.330409343872602
950,94.901898,4.867663053417415
951,95.0019,4.609872602029952
952,95.101902,4.243533277333059
953,95.201904,4.470066893109277
954,95.301906,3.556904268978542
955,95.40190799999999,3.658945824159892
956,95.50191000000001,3.6005655239289536
957,95.601912,3.4475138091303807
958,95.701914,4.0079827502421335
959,95.80191599999999,3.8490508849639657
960,95.90191800000001,4.414577288402801
961,96.00192,4.1892664986538
962,96.101922,4.307711013380889
963,96.201924,4.11862897464565
964,96.30192600000001,3.927914091032501
965,96.401928,4.170399278877033
966,96.50193,4.202934898678817
967,96.601932,4.722347841081389
968,96.70193400000001,4.305857162991227
969,96.801936,4.326690936085467
970,96.90193800000002,4.328414774512679
971,97.00194,4.422228779077886
972,97.101942,4.223359712553496
973,97.201944,4.048930760267397
974,97.301946,4.278352680164973
975,97.401948,4.634427897098185
976,97.50195,4.4791471813024035
977,97.60195200000001,4.80351356173127
978,97.701954,4.488998476388412
979,97.801956,4.453418338744649
980,97.901958,4.6888823526879095
981,98.00196000000001,4.877509510900179
982,98.101962,5.251596084489016
983,98.201964,5.061300997508019
984,98.30196600000001,5.308966498331722
985,98.40196800000001,5.396514429431465
986,98.50197,5.299704706443285
987,98.601972,5.201750506574387
988,98.701974,6.045897909949662
989,98.801976,5.748244902929908
990,98.901978,5.762364144803388
991,99.00197999999999,5.372501471512653
992,99.101982,5.713564778681224
993,99.201984,5.812448282216488
994,99.301986,5.5709667797957785
995,99.401988,5.61401911633713
996,99.50199,4.66741664000039
997,99.601992,5.106970936997587
998,99.701994,4.833603285941258
999,99.801996,4.943761613893946
1000,99.901998,4.613652999842746
1001,100.002,5.30727203529883
1002,100.10200200000001,4.917918094425776
1003,100.202004,4.976261768342423
1004,100.302006,4.625074106330238
1005,100.402008,4.440028021826545
1006,100.50201000000001,4.698962446941575
1007,100.602012,4.597162600180682
1008,100.70201399999999,4.982348016110504
1009,100.80201600000001,4.664656486915269
1010,100.902018,5.01186371846078
1011,101.00202,4.81393180499763
1012,101.10202199999999,4.155894270275349
1013,101.20202400000001,4.472795659034967
1014,101.302026,4.9334776063082035
1015,101.402028,5.716512458141244
1016,101.50203,5.354349643766478
1017,101.60203200000001,5.185639376688357
1018,101.702034,4.730687109060458
1019,101.802036,4.945297251928174
1020,101.902038,4.885687985070921
1021,102.00204000000001,4.563424568314271
1022,102.102042,4.742424763163649
1023,102.20204400000001,4.884183933270515
1024,102.302046,4.991438361160817
1025,102.402048,4.66135627874092
1026,102.50205,4.9956190768943145
1027,102.602052,4.89165380360259
1028,102.702054,4.841120753524085
1029,102.802056,4.07518657901354
1030,102.90205800000001,4.619989638165122
1031,103.00206,4.794551661151102
1032,103.102062,4.655143818122428
1033,103.202064,4.073123744099884
1034,103.30206600000001,4.3134573832641285
1035,103.402068,4.508456671557016
1036,103.50207,4.298685249871001
1037,103.602072,4.408600072844351
1038,103.70207400000001,4.6216096465427885
1039,103.802076,4.479178713971532
1040,103.902078,4.384138625896781
1041,104.00208,4.2115136828640685
1042,104.10208200000001,4.492290339982124
1043,104.202084,4.4435170807137165
1044,104.302086,4.497578409950564
1045,104.402088,4.503269276190234
1046,104.50209,4.133757613293868
1047,104.602092,4.190669403914769
1048,104.702094,4.325423741501217
1049,104.802096,4.3514296906743875
1050,104.902098,4.1078755721830635
1051,105.00210000000001,4.437864320964798
1052,105.102102,3.884652020785094
1053,105.202104,4.671419923615068
1054,105.302106,4.830504307337631
1055,105.40210800000001,4.698307521778226
1056,105.50211,4.56844482101609
1057,105.602112,4.594821392948142
1058,105.702114,4.7047111930012075
1059,105.80211600000001,4.649912169163993
1060,105.902118,4.806890641450121
1061,106.00211999999999,4.780236911250562
1062,106.10212200000001,4.9840365190001386
1063,106.202124,4.9348959664947545
1064,106.302126,5.083380878797141
1065,106.40212799999999,5.023895826488254
1066,106.50213000000001,4.898947361227982
1067,106.602132,4.971934378934593
1068,106.702134,5.058969052145121
1069,106.802136,4.780308554895673
1070,106.90213800000001,4.961781988481185
1071,107.00214,4.826769848610732
1072,107.102142,4.90613246829736
1073,107.202144,4.885275472728425
1074,107.30214600000001,4.85330192002571
1075,107.402148,4.840320509403623
1076,107.50215000000001,5.219707567050059
1077,107.602152,5.10356729972726
1078,107.702154,5.070201014603436
1079,107.802156,4.981013081337236
1080,107.902158,4.664497140558469
1081,108.00216,5.120390528320201
1082,108.10216199999999,4.9431914622286826
1083,108.20216400000001,4.9899526845774655
1084,108.302166,4.771684074961897
1085,108.402168,5.156705519968553
1086,108.50216999999999,4.970565356498279
1087,108.60217200000001,5.107086809047557
1088,108.702174,5.220191349795048
1089,108.802176,4.741082263046864
1090,108.902178,4.995993941800741
1091,109.00218000000001,4.7601043550581705
1092,109.102182,4.95573200484534
1093,109.202184,4.7995924090149975
1094,109.302186,4.83119317370992
1095,109.40218800000001,4.879603652784982
1096,109.50219,4.963879529277218
1097,109.602192,4.948450172839391
1098,109.702194,4.766897795242437
1099,109.802196,5.021350850124059
1100,109.902198,4.283247233790397
1101,110.0022,5.119066701866541
1102,110.102202,4.846999083247293
1103,110.202204,4.785539202114459
1104,110.30220600000001,4.566741500607856
1105,110.402208,4.152276975371476
1106,110.50221,4.394237804684077
1107,110.602212,5.16745343368062
1108,110.70221400000001,4.901906506380067
1109,110.802216,4.752821707650823
1110,110.902218,4.535908475517237
1111,111.00222,4.296619147124334
1112,111.10222200000001,4.73985980193094
1113,111.202224,4.784819155796938
1114,111.30222599999999,5.623742591149831
1115,111.40222800000001,4.653357480816891
1116,111.50223,5.195104261538224
1117,111.602232,4.955704962760365
1118,111.70223399999999,4.794413568442856
1119,111.80223600000001,4.343415435201884
1120,111.902238,4.604599822170812
1121,112.00224,4.714963925324276
1122,112.102242,4.837341725963161
1123,112.20224400000001,5.1994426729161365
1124,112.302246,4.757085533212764
1125,112.402248,4.430089968379806
1126,112.50225,4.847014907935862
1127,112.60225200000001,4.8436698534397795
1128,112.702254,4.743535680465289
1129,112.80225600000001,4.785768946603804
1130,112.902258,4.342350249927664
1131,113.00226,4.570310407350458
1132,113.102262,5.353111423077657
1133,113.202264,4.985316803540995
1134,113.302266,4.6548137808202705
1135,113.40226799999999,4.895802494950271
1136,113.50227000000001,5.129127187597034
1137,113.602272,5.377055858599423
1138,113.702274,5.435649037767098
1139,113.80227599999999,5.436883264763478
1140,113.90227800000001,5.177845651539129
1141,114.00228,5.636973446505734
1142,114.102282,5.058436716502236
1143,114.202284,5.259163134785138
1144,114.30228600000001,5.312501093563457
1145,114.402288,5.4629520604427295
1146,114.50229,5.561533610782357
1147,114.602292,5.336279434757737
1148,114.70229400000001,5.606879608550144
1149,114.802296,4.469801537622906
1150,114.902298,5.096558807589472
1151,115.0023,6.0304856502828645
1152,115.102302,5.560413744042035
1153,115.202304,5.1468769401819126
1154,115.302306,5.371176219685363
1155,115.402308,5.087575574063467
1156,115.50231,5.9531580435262565
1157,115.60231200000001,5.485276343480375
1158,115.702314,5.493242445803696
1159,115.802316,4.967589116946387
1160,115.902318,5.159219518912888
1161,116.00232000000001,5.053971426342762
1162,116.102322,4.228310318824599
1163,116.202324,4.5581029888683275
1164,116.30232600000001,5.243078598559658
1165,116.40232800000001,4.802019820100524
1166,116.50233,5.387532093387466
1167,116.602332,5.342085511847486
1168,116.70233400000001,5.788360553936921
1169,116.802336,5.217965043578627
1170,116.902338,5.463737185196257
1171,117.00233999999999,5.4327513307597535
1172,117.10234200000001,5.472396138180874
1173,117.202344,5.381217351166127
1174,117.302346,5.044655098311735
1175,117.402348,4.902593167552214
1176,117.50235,4.963972552543606
1177,117.602352,4.532723276792123
1178,117.702354,5.251277193477295
1179,117.802356,5.695382570661725
1180,117.902358,5.061897129611162
1181,118.00236,5.102903299477273
1182,118.10236200000001,5.689161309333527
1183,118.202364,5.5784074999115845
1184,118.302366,5.745510819801782
1185,118.402368,5.480560339901795
1186,118.50237,4.453007110989732
1187,118.602372,4.887520294748239
1188,118.70237399999999,4.925031600086825
1189,118.80237600000001,4.1226575688518405
1190,118.902378,4.542402592033474
1191,119.00238,4.131208000932104
1192,119.10238199999999,4.695225304625112
1193,119.20238400000001,4.301319144299655
1194,119.302386,4.267646083213702
1195,119.402388,4.847741168920753
1196,119.50239,5.098393868080201
1197,119.60239200000001,5.5519840192105345
1198,119.702394,5.585128963730936
1199,119.802396,5.355234748989975
1200,119.902398,5.4895599396227395
1201,120.00240000000001,5.472496600453649
1202,120.102402,4.894373506222086
1203,120.20240400000002,5.121786455476712
1204,120.302406,4.802016816025741
1205,120.402408,5.303040537585018
1206,120.50241,5.084025839809709
1207,120.602412,6.015668184663124
1208,120.702414,5.241181052775488
1209,120.802416,5.215266732363651
1210,120.90241800000001,5.624551037017315
1211,121.00242,5.636653442239979
1212,121.102422,5.824614065109046
1213,121.202424,5.916176354595967
1214,121.30242600000001,5.971112565820076
1215,121.402428,5.076196321922264
1216,121.50243,5.709735011047361
1217,121.60243200000001,6.028393228161882
1218,121.70243400000001,6.493747646607654
1219,121.802436,6.471895302148945
1220,121.902438,6.438363908316081
1221,122.00244,5.911163229176238
1222,122.102442,5.525385932409392
1223,122.202444,5.66897318683894
1224,122.302446,5.721295422983111
1225,122.402448,5.7533102578467155
1226,122.50245,5.782262483313292
1227,122.602452,6.098833576927631
1228,122.702454,5.5614604160672965
1229,122.802456,5.732130364220764
1230,122.902458,6.044714393159736
1231,123.00246000000001,5.997858150449477
1232,123.102462,5.95269199100629
1233,123.202464,6.541328106353459
1234,123.302466,5.646763202138109
1235,123.40246800000001,5.422161777751442
1236,123.50247,5.419420037770818
1237,123.602472,5.615368205782924
1238,123.702474,6.308651559042815
1239,123.80247600000001,5.878303484472035
1240,123.902478,5.812556134527158
1241,124.00247999999999,5.376044073256536
1242,124.10248200000001,5.189075083930611
1243,124.202484,5.39008656631965
1244,124.302486,5.476564514471856
1245,124.40248799999999,5.717153955957207
1246,124.50249000000001,5.541409425533786
1247,124.602492,5.5499737751788665
1248,124.702494,5.5695213633270475
1249,124.802496,5.772936646649346
1250,124.90249800000001,5.213247596289851
1251,125.0025,5.361975267390053
1252,125.102502,5.102794195281224
1253,125.202504,5.109022278287468
1254,125.30250600000001,5.504683911163935
1255,125.402508,5.443872305808316
1256,125.50251000000002,5.268315062451478
1257,125.602512,5.173153900428574
1258,125.702514,4.669511518366547
1259,125.802516,4.651360466964168
1260,125.902518,4.730219919788403
1261,126.00252,4.648872147688896
1262,126.102522,4.770761563707588
1263,126.20252400000001,5.696122741114906
1264,126.302526,5.955009845334612
1265,126.402528,6.226682914259261
1266,126.50253,6.0337029817252015
1267,126.60253200000001,6.3152130341034685
1268,126.702534,5.6801618202572906
1269,126.802536,5.795469208741427
1270,126.902538,5.894587446569158
1271,127.00254000000001,6.088522759687472
1272,127.102542,6.053178926963029
1273,127.202544,5.899290793515364
1274,127.302546,5.845987762554907
1275,127.40254800000001,5.8783257719027935
1276,127.50255,6.035306973169569
1277,127.602552,6.180551384849335
1278,127.702554,5.952363566591123
1279,127.802556,5.945560627198236
1280,127.902558,6.217098530757695
1281,128.00256,6.032328920763571
1282,128.102562,5.936993995522261
1283,128.202564,6.103243813179514
1284,128.302566,6.234940760514341
1285,128.402568,6.031291487531801
1286,128.50257000000002,5.904987110329845
1287,128.602572,5.429722795402352
1288,128.702574,5.818243993198004
1289,128.802576,6.035060984616553
1290,128.902578,5.884655428831971
1291,129.00258,6.13597677722605
1292,129.102582,6.228727810114652
1293,129.202584,6.139526873750972
1294,129.302586,6.347292188347456
1295,129.402588,6.239615758168369
1296,129.50259,6.198297429089741
1297,129.60259200000002,6.204720695827607
1298,129.702594,6.314673588941234
1299,129.802596,6.07372138456016
1300,129.902598,6.4000005358216985
1301,130.0026,5.655956207487903
1302,130.102602,5.661829137278383
1303,130.202604,5.680071161295489
1304,130.302606,5.522294422059848
1305,130.40260800000001,6.114107019505026
1306,130.50261,5.725876433926557
1307,130.60261200000002,5.912265297857538
1308,130.702614,5.899148843138373
1309,130.802616,6.235824996491906
1310,130.902618,6.310142841197771
1311,131.00262,6.611932979387419
1312,131.102622,6.477979285478693
1313,131.20262400000001,6.416539473837254
1314,131.30262599999998,5.8902618124822705
1315,131.402628,6.374879328704117
1316,131.50263,6.233838320933877
1317,131.602632,6.179869431873707
1318,131.702634,6.713285638658641
1319,131.802636,6.7225096980194845
1320,131.902638,6.736172087974409
1321,132.00264,6.050914160569152
1322,132.102642,6.110225419054421
1323,132.202644,5.950836401497899
1324,132.302646,6.31966668209628
1325,132.40264800000003,6.03528752283434
1326,132.50265,6.0844203108962835
1327,132.602652,6.023210436698115
1328,132.702654,5.956315949962872
1329,132.802656,5.509887619925748
1330,132.902658,5.434763315263134
1331,133.00266,5.12521531712698
1332,133.102662,5.491600458874549
1333,133.202664,5.623102696928537
1334,133.302666,5.384488079993348
1335,133.402668,5.053595270611911
1336,133.50267000000002,5.164674904850212
1337,133.60267199999998,5.080004219531732
1338,133.702674,5.27865563411184
1339,133.80267600000002,5.540655494056934
1340,133.902678,5.249993760043693
1341,134.00268,5.2406108333434265
1342,134.102682,4.772241073781508
1343,134.202684,4.867573101661729
1344,134.30268600000002,4.891969708664005
1345,134.40268799999998,5.161685273002683
1346,134.50269,4.920142202830994
1347,134.60269200000002,5.256953070052051
1348,134.70269399999998,5.013761674324556
1349,134.802696,5.087217346846842
1350,134.90269800000002,5.377827770483632
1351,135.0027,5.434208856170088
1352,135.102702,5.245366154917208
1353,135.202704,5.066960429444039
1354,135.302706,5.057247841727801
1355,135.40270800000002,5.312046159435436
1356,135.50270999999998,5.157969714884787
1357,135.602712,5.176384751032271
1358,135.70271400000001,5.004216690247558
1359,135.802716,5.337410679470987
1360,135.902718,5.308450419115398
1361,136.00272,5.780350245286817
1362,136.102722,5.844455021396572
1363,136.20272400000002,5.848297859368591
1364,136.302726,5.571380145707848
1365,136.402728,4.946136075083886
1366,136.50273,5.409297689605123
1367,136.602732,5.525069420599772
1368,136.702734,5.0968911116603035
1369,136.802736,5.1942103905063455
1370,136.902738,6.22513508156034
1371,137.00274,5.272767771488222
1372,137.102742,5.972179775073307
1373,137.202744,6.12108004321086
1374,137.302746,6.115012431609597
1375,137.402748,6.056813833134609
1376,137.50275,5.433431189207894
1377,137.602752,5.523346536013763
1378,137.70275400000003,5.8427543895439245
1379,137.802756,5.7421911360499935
1380,137.902758,5.946317489468687
1381,138.00276000000002,6.008752964242724
1382,138.102762,5.789714503126716
1383,138.202764,5.689650767600607
1384,138.302766,5.645132744029497
1385,138.402768,5.73720256894749
1386,138.50277,5.759012607317966
1387,138.602772,5.85808524088254
1388,138.702774,5.892782145157373
1389,138.80277600000002,5.834762843326087
1390,138.90277799999998,5.998059354125469
1391,139.00278,6.115163220754591
1392,139.10278200000002,5.817018679616529
1393,139.202784,5.697057306836432
1394,139.302786,5.543939912463604
1395,139.402788,5.786701435263229
1396,139.50279,6.2742689931706055
1397,139.60279200000002,6.2845330779871285
1398,139.70279399999998,6.044714750124103
1399,139.802796,5.980541861398022
1400,139.90279800000002,5.781730864504447
1401,140.0028,5.391805025495776
1402,140.102802,5.529438272444472
1403,140.20280400000001,5.539788602369107
1404,140.302806,5.349642906595604
1405,140.402808,5.071546607921525
1406,140.50281,5.822617199959431
1407,140.602812,5.379615824773792
1408,140.70281400000002,5.28618903316301
1409,140.80281599999998,5.26960528681177
1410,140.902818,5.525916759052935
1411,141.00282,5.195452377498881
1412,141.102822,5.400722000679307
1413,141.202824,5.744168385442967
1414,141.302826,5.624111989626324
1415,141.402828,5.906369194973844
1416,141.50283000000002,5.8197540415830495
1417,141.602832,5.696723435239904
1418,141.702834,6.551187055234707
1419,141.802836,6.262441371889473
1420,141.902838,5.833068196605024
1421,142.00284,5.980943030087244
1422,142.102842,6.281869990976207
1423,142.202844,5.810427905500839
1424,142.302846,5.71922830910511
1425,142.402848,5.908984959461963
1426,142.50285,6.148745289075271
1427,142.602852,6.307629797688801
1428,142.702854,6.155732167277301
1429,142.802856,6.179823241011352
1430,142.902858,5.99658143881239
1431,143.00286000000003,5.904974338811216
1432,143.102862,6.101104133038443
1433,143.202864,5.768432527220532
1434,143.30286600000002,6.2721258193093
1435,143.402868,6.0375714682341535
1436,143.50287,5.4769361881258
1437,143.602872,5.963537353156149
1438,143.702874,5.496745782497694
1439,143.802876,5.811136052930462
1440,143.902878,5.598443099676854
1441,144.00288,5.540245404408341
1442,144.10288200000002,5.901790571969408
1443,144.20288399999998,6.468945467359844
1444,144.302886,6.215398161522581
1445,144.40288800000002,6.531679305360401
1446,144.50289,6.589377779019378
1447,144.602892,6.645331744891596
1448,144.702894,7.133198093198292
1449,144.802896,6.447111598310333
1450,144.90289800000002,6.032054837051341
1451,145.00289999999998,6.2134525998422525
1452,145.102902,6.880118875717601
1453,145.20290400000002,6.645348817343771
1454,145.302906,6.108089483413956
1455,145.402908,5.858950367309541
1456,145.50291,5.822960243610074
1457,145.602912,5.747491437279763
1458,145.702914,5.532713847995519
1459,145.802916,5.404234118577268
1460,145.902918,5.797711674136242
1461,146.00292000000002,6.176534013998726
1462,146.10292199999998,5.672491563743424
1463,146.202924,5.994566303947091
1464,146.302926,5.82178101020663
1465,146.402928,5.214229309198839
1466,146.50293,5.6138618076192275
1467,146.602932,5.947995799701228
1468,146.702934,5.704348594309231
1469,146.80293600000002,5.877414783229603
1470,146.902938,5.543740039036196
1471,147.00294,5.4015020761916155
1472,147.102942,5.564649350803355
1473,147.202944,5.714779138445986
1474,147.302946,6.686656756286796
1475,147.402948,6.247821041518076
1476,147.50295,5.9369917193129
1477,147.602952,6.425297323464096
1478,147.702954,6.072568466006311
1479,147.802956,6.23606949187558
1480,147.902958,6.203316073039856
1481,148.00296,6.298757872081675
1482,148.102962,6.53469150295471
1483,148.202964,6.165131564567202
1484,148.30296600000003,6.046889475921101
1485,148.402968,5.767874830296736
1486,148.50297,6.131713995255339
1487,148.60297200000002,5.728747317768901
1488,148.702974,5.230140877152822
1489,148.802976,6.105574013699998
1490,148.902978,5.717702400831696
1491,149.00298,5.893319439426604
1492,149.102982,6.0005635673004045
1493,149.202984,5.917281771523861
1494,149.302986,5.573389076433623
1495,149.40298800000002,4.853164286273251
1496,149.50298999999998,4.864097118719388
1497,149.602992,5.486361778531347
1498,149.70299400000002,5.557055440016163
1499,149.802996,5.5285623597041225
1500,149.902998,5.359683405218233
1501,150.003,5.371692345628755
1502,150.103002,5.586345709971592
1503,150.20300400000002,5.924936225420245
1504,150.30300599999998,5.703080948888217
1505,150.403008,5.892653233577118
1506,150.50301000000002,5.581856490137824
1507,150.603012,5.493659879165308
1508,150.703014,5.491971040943921
1509,150.803016,5.3148332562663585
1510,150.903018,5.767865605751778
1511,151.00302,5.6560814311923915
1512,151.103022,5.92251847734329
1513,151.203024,5.671178586480282
1514,151.30302600000002,5.254535263591111
1515,151.40302799999998,5.750597093110129
1516,151.50303,5.659387010137815
1517,151.603032,5.8262220052331655
1518,151.703034,5.448644577326765
1519,151.803036,5.968438458545503
1520,151.903038,5.456169139784228
1521,152.00304,5.604395348370883
1522,152.10304200000002,5.822631207701658
1523,152.203044,5.436104194752061
1524,152.303046,5.667168672893699
1525,152.403048,5.276147825150811
1526,152.50305000000003,5.6288588423854415
1527,152.603052,5.523578827361692
1528,152.703054,5.484296548423252
1529,152.803056,5.911737032543651
1530,152.903058,5.977820285491087
1531,153.00306,5.395969868819708
1532,153.103062,5.499506614368967
1533,153.203064,5.661575595702097
1534,153.303066,5.6964968040616
1535,153.403068,5.57464299425449
1536,153.50307,5.473025368195653
1537,153.60307200000003,5.956602295059115
1538,153.703074,5.612246723653384
1539,153.803076,5.96044182799522
1540,153.90307800000002,5.875323484213495
1541,154.00308,5.520354957871062
1542,154.103082,5.7392024865228874
1543,154.203084,5.382255733373387
1544,154.303086,5.4235674875099384
1545,154.403088,5.071722322079682
1546,154.50309,5.1405600090891115
1547,154.603092,4.793788107515104
1548,154.70309400000002,4.968595835042914
1549,154.80309599999998,5.233729158033514
1550,154.903098,4.9968805368869855
1551,155.00310000000002,5.310144855902368
1552,155.103102,5.583017974944077
1553,155.203104,5.254035584403206
1554,155.303106,5.643562571249855
1555,155.403108,5.532718280881514
1556,155.50311000000002,5.59165062674023
1557,155.60311199999998,5.647743661961308
1558,155.703114,5.738579841221945
1559,155.80311600000002,5.657260917874816
1560,155.903118,5.769408382233462
1561,156.00312,5.5413001837383495
1562,156.103122,6.065010227102194
1563,156.203124,5.754287576902268
1564,156.303126,5.960548193133693
1565,156.403128,5.790305887107911
1566,156.50313,5.768824883156928
1567,156.60313200000002,5.846040729228032
1568,156.70313399999998,6.400148335134533
1569,156.803136,6.223999185910018
1570,156.903138,6.408908943283647
1571,157.00314,6.004939771608262
1572,157.103142,6.561875538580534
1573,157.203144,6.383144277284175
1574,157.303146,6.656413348731908
1575,157.40314800000002,5.501184478842428
1576,157.50315,5.328854416961121
1577,157.603152,5.196307707415685
1578,157.703154,5.310819549300105
1579,157.80315600000003,5.338979593019415
1580,157.903158,5.68455007226606
1581,158.00316,5.655057385797426
1582,158.103162,5.755287901167324
1583,158.203164,5.53563468118041
1584,158.303166,6.518042794091089
1585,158.403168,6.113547120742596
1586,158.50317,6.649373324953376
1587,158.603172,6.375276675221516
1588,158.703174,6.869867926930054
1589,158.803176,6.111218856479368
1590,158.90317800000003,6.079161410299461
1591,159.00318,6.661591218110493
1592,159.103182,6.439265972877647
1593,159.20318400000002,6.492008629323571
1594,159.303186,6.182897922582112
1595,159.403188,6.328833371669403
1596,159.50319,6.810579910099489
1597,159.603192,6.809020315782332
1598,159.70319400000002,7.105985536627552
1599,159.80319599999999,6.812795425703421
1600,159.903198,6.856001871039648
1601,160.00320000000002,6.8624309726234
1602,160.10320199999998,6.926708463351596
1603,160.203204,6.8360238812581455
1604,160.30320600000002,6.878661701117713
1605,160.403208,6.8755369512762305
1606,160.50321,6.755717800830222
1607,160.603212,6.856733949700038
1608,160.703214,6.48195701899598
1609,160.80321600000002,6.971720744706013
1610,160.90321799999998,6.866599053029447
1611,161.00322,6.795382029366558
1612,161.10322200000002,6.808294691382293
1613,161.203224,6.633923339169017
1614,161.303226,6.34157364159133
1615,161.403228,6.708156745177026
1616,161.50323,6.834383256228645
1617,161.603232,6.942521374110923
1618,161.703234,6.621157650593534
1619,161.803236,6.711875844711336
1620,161.90323800000002,6.658691018614006
1621,162.00323999999998,6.6390755975764915
1622,162.103242,6.697918674725937
1623,162.203244,6.823680063051616
1624,162.303246,6.857065443801027
1625,162.403248,6.536190091628815
1626,162.50325,6.406775855063537
1627,162.603252,6.499257517133348
1628,162.70325400000002,6.760151717752118
1629,162.803256,6.749429041108161
1630,162.903258,6.741675822475855
1631,163.00326,6.645490238768439
1632,163.10326200000003,6.844821044049284
1633,163.203264,6.7114640191607124
1634,163.303266,6.461225900231675
1635,163.403268,6.753403521616764
1636,163.50327,6.7154993282053415
1637,163.603272,6.700487211183168
1638,163.703274,6.74767948930195
1639,163.803276,6.813860840879761
1640,163.903278,6.763024381076541
1641,164.00328,6.839586845819998
1642,164.103282,6.564494444328957
1643,164.20328400000002,6.912825792197179
1644,164.30328599999999,6.717920893141984
1645,164.403288,6.822619346152024
1646,164.50329000000002,6.666242047820669
1647,164.603292,6.297496654770229
1648,164.703294,6.754215235754952
1649,164.803296,6.971660949125345
1650,164.903298,6.594785089711711
1651,165.00330000000002,6.493598028658591
1652,165.10330199999999,6.241474495991025
1653,165.203304,6.393656105118426
1654,165.30330600000002,6.14088821259384
1655,165.40330799999998,5.862550706787465
1656,165.50331,6.236501313833518
1657,165.60331200000002,6.049081467681261
1658,165.703314,5.842958591018594
1659,165.803316,6.172657548927982
1660,165.903318,6.383157828760113
1661,166.00332,6.145737331350441
1662,166.10332200000002,6.313099190310748
1663,166.20332399999998,6.242659509922508
1664,166.303326,6.404064167254542
1665,166.40332800000002,6.109622811017054
1666,166.50333,6.37648429086058
1667,166.603332,6.23594277140069
1668,166.703334,6.298103948909796
1669,166.803336,6.26658279432127
1670,166.90333800000002,6.33340899821564
1671,167.00334,6.11955190506325
1672,167.103342,5.942042784141866
1673,167.20334400000002,6.0125045382086055
1674,167.30334599999998,5.995917200131035
1675,167.403348,5.9773901222661125
1676,167.50335,6.477351347924303
1677,167.603352,6.162524222046335
1678,167.703354,6.091672303615668
1679,167.803356,6.083707854261601
1680,167.903358,6.627166875900086
1681,168.00336000000001,6.567049998634795
1682,168.103362,6.486376528914791
1683,168.203364,6.45718318485717
1684,168.303366,6.2262050482331635
1685,168.40336800000003,6.39551635084051
1686,168.50337,6.510366456705818
1687,168.603372,6.2782783257475385
1688,168.703374,6.481847727482303
1689,168.803376,6.38073088098183
1690,168.903378,6.286423246967847
1691,169.00338,6.43273025949553
1692,169.103382,6.678938773249
1693,169.203384,6.45494092969457
1694,169.303386,6.731319401349267
1695,169.403388,6.509311809041729
1696,169.50339000000002,6.445492239574917
1697,169.60339199999999,6.609059412691825
1698,169.703394,6.696639941248382
1699,169.80339600000002,6.898026329384172
1700,169.903398,6.489419515428789
1701,170.0034,6.648465058380272
1702,170.103402,6.522892020363889
1703,170.203404,6.492456970071131
1704,170.30340600000002,6.153280454317929
1705,170.40340799999998,6.291554676542517
1706,170.50341,6.136614259234571
1707,170.60341200000002,6.052111340410482
1708,170.70341399999998,6.225404502833564
1709,170.803416,6.347647328802259
1710,170.90341800000002,6.502143796988985
1711,171.00342,6.190182140782642
1712,171.103422,6.009828962518306
1713,171.203424,6.224682601275415
1714,171.303426,6.381736617373388
1715,171.40342800000002,6.3871315087009375
1716,171.50342999999998,5.932970920162742
1717,171.603432,6.243599395209525
1718,171.70343400000002,5.917658578899937
1719,171.803436,6.070867941061844
1720,171.903438,6.285241999035169
1721,172.00344,6.345646426910122
1722,172.103442,6.247383066583205
1723,172.20344400000002,6.149966826577864
1724,172.303446,6.27032958325745
1725,172.403448,6.19769274823906
1726,172.50345000000002,5.980697679160271
1727,172.603452,5.823557999177616
1728,172.703454,6.280129894896237
1729,172.803456,5.719182017036022
1730,172.903458,5.699176281222447
1731,173.00346,5.607326608257276
1732,173.103462,5.403439209381987
1733,173.203464,6.075812842714728
1734,173.30346600000001,6.372775114074943
1735,173.403468,6.051651601533516
1736,173.50347,5.779444988963117
1737,173.603472,6.049334514011145
1738,173.70347400000003,5.8344722603903465
1739,173.803476,5.583306913704523
1740,173.903478,6.1356903660861
1741,174.00348000000002,5.90465752236646
1742,174.103482,5.670674424420049
1743,174.203484,5.383830914182401
1744,174.303486,5.490176098738143
1745,174.403488,5.878678813369496
1746,174.50349,5.437946750616869
1747,174.603492,5.266597035201215
1748,174.703494,5.28114388158381
1749,174.80349600000002,5.613714703334527
1750,174.90349799999998,5.955379398575703
1751,175.0035,5.746416149943345
1752,175.10350200000002,5.432342504162683
1753,175.203504,5.732722656345044
1754,175.303506,5.8025959000007985
1755,175.403508,5.532418348344445
1756,175.50351,5.15823727992714
1757,175.60351200000002,5.499336673151982
1758,175.70351399999998,5.4223593377860455
1759,175.803516,5.299738793068501
1760,175.90351800000002,4.66379121535102
1761,176.00351999999998,5.012935515278599
1762,176.103522,4.524553561518069
1763,176.20352400000002,4.794215292788182
1764,176.303526,4.559878229065916
1765,176.403528,4.415463298849696
1766,176.50353,4.500026340406909
1767,176.603532,4.392774600074354
1768,176.70353400000002,4.827732745822393
1769,176.80353599999998,4.87946119719104
1770,176.903538,4.745794585466814
1771,177.00354000000002,5.165833495372512
1772,177.103542,5.396168840595408
1773,177.203544,5.470083769988203
1774,177.303546,5.488412478143275
1775,177.403548,5.5256681760906865
1776,177.50355000000002,5.288792516707084
1777,177.603552,5.567228940391761
1778,177.703554,5.1698366051164015
1779,177.80355600000001,4.78545615891369
1780,177.903558,4.851293326335995
1781,178.00356,5.083368403393825
1782,178.103562,4.896085203494065
1783,178.203564,5.502362186440416
1784,178.303566,5.400427242753686
1785,178.403568,5.516495506194758
1786,178.50357,5.572385723466086
1787,178.603572,5.648067090976255
1788,178.703574,5.350708308857657
1789,178.803576,5.189900840563367
1790,178.903578,4.8231984985702825
1791,179.00358000000003,5.178582481775077
1792,179.103582,4.7133943621376515
1793,179.203584,5.266381701784995
1794,179.30358600000002,5.172174530477771
1795,179.403588,5.422100113991841
1796,179.50359,4.877349156826056
1797,179.603592,5.321289451644082
1798,179.703594,5.865759563093219
1799,179.803596,5.239123872275795
1800,179.903598,5.066117972469418
1801,180.0036,5.10709345270282
1802,180.10360200000002,5.2368403812695465
1803,180.20360399999998,4.4807569942103
1804,180.303606,5.215894532749933
1805,180.40360800000002,4.992204328435247
1806,180.50361,5.271140126476909
1807,180.603612,5.904129906054846
1808,180.703614,5.565085709820188
1809,180.803616,5.821078393824907
1810,180.90361800000002,5.634042472934205
1811,181.00361999999998,5.24040880262614
1812,181.103622,5.526851626208141
1813,181.20362400000002,5.960248717525465
1814,181.30362599999998,5.686561763851838
1815,181.403628,5.686685885306363
1816,181.50363000000002,5.454781326360857
1817,181.603632,5.802398157915415
1818,181.703634,5.783747041248858
1819,181.803636,5.966571259895724
1820,181.903638,5.891010165901795
1821,182.00364000000002,5.87637243114426
1822,182.10364199999998,5.5253094429757885
1823,182.203644,5.319060500086336
1824,182.30364600000001,5.266732440364685
1825,182.403648,5.832326459530041
1826,182.50365,5.546660095241082
1827,182.603652,5.418924997497542
1828,182.703654,5.533733044220599
1829,182.80365600000002,5.287596004888808
1830,182.903658,5.88410918329038
1831,183.00366,5.9761147211114425
1832,183.103662,5.3862627209578156
1833,183.203664,6.149259614584934
1834,183.303666,6.177519377967883
1835,183.403668,5.968663004058878
1836,183.50367,6.412463887153593
1837,183.603672,6.030671437096996
1838,183.703674,6.417198289473644
1839,183.803676,5.923663299565366
1840,183.903678,6.141101204621535
1841,184.00368,6.122557245594376
1842,184.103682,6.514541124867526
1843,184.203684,5.860172473401664
1844,184.30368600000003,6.142721608134759
1845,184.403688,5.576588423447688
1846,184.50369,5.466416317114841
1847,184.60369200000002,5.726975863794085
1848,184.703694,5.555924158181235
1849,184.803696,5.871468945350361
1850,184.903698,5.620204810475988
1851,185.0037,5.348271292805531
1852,185.103702,6.396584800609297
1853,185.203704,5.92437292030631
1854,185.303706,6.468846917236186
1855,185.40370800000002,6.321279384348325
1856,185.50370999999998,6.152806955995396
1857,185.603712,6.431526135033132
1858,185.70371400000002,6.1519753899302705
1859,185.803716,6.328492981457525
1860,185.903718,6.4816082048819625
1861,186.00372,5.657783464063522
1862,186.103722,5.649762134312907
1863,186.20372400000002,5.88430325468345
1864,186.30372599999998,5.590044854992937
1865,186.403728,5.662704258076635
1866,186.50373000000002,5.966560633607431
1867,186.603732,5.898203382739673
1868,186.703734,6.081365474693015
1869,186.80373600000001,5.919163432136667
1870,186.903738,6.056359635889823
1871,187.00374,6.176086018379997
1872,187.103742,6.277962666788816
1873,187.203744,5.738217892342123
1874,187.30374600000002,5.8005640359527515
1875,187.40374799999998,5.994459965941189
1876,187.50375,5.753735285034207
1877,187.60375200000001,5.996054093002183
1878,187.703754,6.014554365831325
1879,187.803756,5.881922554762442
1880,187.903758,6.324061176135065
1881,188.00376,5.99463400427301
1882,188.10376200000002,6.119151992607112
1883,188.203764,6.086454376400396
1884,188.303766,5.8813158633028015
1885,188.403768,6.014072374206582
1886,188.50377,6.121780513058729
1887,188.603772,6.122961043495035
1888,188.703774,5.777597447733661
1889,188.803776,6.1679892749141425
1890,188.903778,5.9546111035309295
1891,189.00378,5.8207871087730725
1892,189.103782,5.777364650179691
1893,189.203784,5.742169895061666
1894,189.303786,6.020666235371989
1895,189.403788,5.9490508334203955
1896,189.50379,5.888306958496968
1897,189.60379200000003,5.821315217525045
1898,189.703794,5.5110107257566625
1899,189.803796,5.809881217486439
1900,189.90379800000002,6.179511113903292
1901,190.0038,5.952433968564196
1902,190.103802,6.2498326138323845
1903,190.203804,6.10297862039885
1904,190.303806,6.231704541395729
1905,190.403808,6.061962915469204
1906,190.50381,6.610378923145376
1907,190.603812,6.27698904441298
1908,190.70381400000002,6.389837112884583
1909,190.80381599999998,5.96969973844648
1910,190.903818,5.700631828616572
1911,191.00382000000002,5.6107263611965
1912,191.103822,5.442264233163644
1913,191.203824,5.825727870761717
1914,191.30382600000002,4.854193384367683
1915,191.403828,4.794517201870191
1916,191.50383000000002,5.085549286366549
1917,191.60383199999998,5.292840151048836
1918,191.703834,4.799996177479211
1919,191.80383600000002,4.875190816036932
1920,191.903838,4.637325910855995
1921,192.00384,4.741864565749793
1922,192.10384200000001,4.605236055772276
1923,192.203844,4.793265458824849
1924,192.303846,4.800583371500618
1925,192.403848,5.286637358696496
1926,192.50385,5.507949775991629
1927,192.60385200000002,5.776929634043297
1928,192.70385399999998,5.989393214205409
1929,192.803856,5.91228898433265
1930,192.903858,5.610555252315753
1931,193.00386,5.498350053671828
1932,193.103862,5.368284889206444
1933,193.203864,5.101311457507662
1934,193.303866,5.122925009808923
1935,193.40386800000002,5.775573331874115
1936,193.50387,6.1645451889983365
1937,193.603872,5.4911245515834395
1938,193.703874,6.221902898496908
1939,193.80387600000003,5.770953130182699
1940,193.903878,5.244666889544194
1941,194.00388,6.092654870191475
1942,194.103882,6.1139272633201225
1943,194.203884,5.205333979954169
1944,194.303886,5.503686661913071
1945,194.403888,5.246480877395101
1946,194.50389,5.0279037731851055
1947,194.603892,4.752528822180952
1948,194.703894,5.340174449299842
1949,194.803896,5.69140039236292
1950,194.90389800000003,5.1618366483870926
1951,195.0039,5.111960241461815
1952,195.103902,5.126619641132239
1953,195.20390400000002,5.24947316598672
1954,195.303906,5.43302805749386
1955,195.403908,4.945148945620932
1956,195.50391,5.342219616143997
1957,195.603912,6.091878044917186
1958,195.703914,4.928866448882036
1959,195.803916,5.687301241432816
1960,195.903918,6.1744126343877745
1961,196.00392000000002,6.033674136389213
1962,196.10392199999998,6.356500753260376
1963,196.203924,5.922565820288469
1964,196.30392600000002,5.789359839205877
1965,196.403928,5.827879171795383
1966,196.50393,5.11261943703569
1967,196.60393200000001,4.5714046441091
1968,196.703934,4.712435701956999
1969,196.80393600000002,4.7934725183535125
1970,196.90393799999998,4.837456191203908
1971,197.00394,5.274554104017599
1972,197.10394200000002,4.820798482371173
1973,197.203944,4.599269856648634
1974,197.303946,4.5551114600274
1975,197.403948,4.905909129288628
1976,197.50395,4.410711953114152
1977,197.603952,4.647489428622864
1978,197.703954,4.961491006505332
1979,197.803956,4.956863889848387
1980,197.90395800000002,4.581175089465221
1981,198.00395999999998,4.462512174469388
1982,198.103962,4.852195185499643
1983,198.203964,4.57551107794158
1984,198.303966,5.251008563326828
1985,198.403968,5.32443280266884
1986,198.50397,5.15310631411526
1987,198.603972,5.14474084977531
1988,198.70397400000002,5.044535642110716
1989,198.803976,5.3684754320532075
1990,198.903978,5.456804656557917
1991,199.00398,5.368720697740317
1992,199.10398200000003,5.240507132824129
1993,199.203984,5.629405001004038
1994,199.303986,5.241833173849459
1995,199.403988,5.370054828376616
1996,199.50399,5.7576228086514725
1997,199.603992,6.369318056775493
1998,199.703994,6.348398188500408
1999,199.803996,6.404048805563893
2000,199.903998,6.589831191701041
2001,200.004,6.6102463048062114
2002,200.104002,6.702179747296867
2003,200.20400400000003,6.6906036548608645
2004,200.304006,6.35637749574572
2005,200.404008,6.514597017174208
2006,200.50401000000002,6.476680883408838
2007,200.604012,6.591762155824538
2008,200.704014,6.683249320923897
2009,200.804016,6.70447144359217
2010,200.904018,6.512463386163274
2011,201.00402000000003,6.333928848805294
2012,201.104022,6.628263512018541
2013,201.204024,6.640339367426478
2014,201.30402600000002,6.59609856418263
2015,201.40402799999998,6.542516082240233
2016,201.50403,6.410259349934791
2017,201.60403200000002,6.2892697928636485
2018,201.704034,6.365526019595803
2019,201.804036,6.418372602304032
2020,201.904038,6.618442709249035
2021,202.00404,6.516339709368978
2022,202.10404200000002,6.729270668461731
2023,202.20404399999998,6.636719449061382
2024,202.304046,6.498161903661758
2025,202.40404800000002,6.492471126165596
2026,202.50405,6.647902492316458
2027,202.604052,6.7622651905293365
2028,202.704054,6.720773775784278
2029,202.804056,6.640092268223279
2030,202.904058,6.516611498290942
2031,203.00406,6.515831096398733
2032,203.104062,6.565599796848589
2033,203.20406400000002,6.357529353294037
2034,203.30406599999998,6.506317125093741
2035,203.404068,6.65215884679418
2036,203.50407,6.517269960175418
2037,203.604072,6.718532292319629
2038,203.704074,6.548095460976024
2039,203.804076,6.542620834259185
2040,203.904078,6.7783465808590755
2041,204.00408000000002,6.454158589272876
2042,204.104082,6.669546183146152
2043,204.204084,6.576146828455717
2044,204.304086,6.519040291256089
2045,204.40408800000003,6.621308311301193
2046,204.50409,6.6069406425325505
2047,204.604092,6.516678287724822
2048,204.704094,6.70263973257302
2049,204.804096,6.817052230407932
2050,204.904098,6.812046555125867
2051,205.0041,6.823266359060698
2052,205.104102,6.631007602175422
2053,205.204104,6.285326612903716
2054,205.304106,6.511300923456579
2055,205.404108,6.526466617971648
2056,205.50411000000003,6.421187562043756
2057,205.604112,6.549150826831818
2058,205.704114,6.591177721220874
2059,205.80411600000002,6.550845515447538
2060,205.904118,6.6663316688374215
2061,206.00412,6.416930070847661
2062,206.104122,6.560554636410807
2063,206.204124,6.652506161123403
2064,206.30412600000002,6.2785091299946325
2065,206.404128,5.601288923714813
2066,206.50413,5.404914514848178
2067,206.60413200000002,5.742937857966566
2068,206.70413399999998,5.812078310168489
2069,206.804136,5.556255437932199
2070,206.90413800000002,5.6279537457085205
2071,207.00414,5.820627273213773
2072,207.104142,6.442840634169182
2073,207.204144,5.907163034073932
2074,207.304146,5.879458138527712
2075,207.40414800000002,6.350354666451491
2076,207.50414999999998,6.457845822717975
2077,207.604152,6.3310784586219135
2078,207.70415400000002,6.240512713029687
2079,207.804156,6.35033385113324
2080,207.904158,6.32204486981169
2081,208.00416,6.453582079687417
2082,208.104162,6.458484947544248
2083,208.20416400000002,6.317204550459579
2084,208.304166,6.467353394530447
2085,208.404168,6.219880869283807
2086,208.50417000000002,6.291295524857837
2087,208.604172,6.2671341927384665
2088,208.704174,6.27161834140239
2089,208.804176,6.409255737965615
2090,208.904178,6.266140188169344
2091,209.00418,6.622329541518003
2092,209.104182,6.281187282310299
2093,209.204184,6.3574471628476985
2094,209.30418600000002,6.118530140727443
2095,209.404188,6.2982908229695935
2096,209.50419,5.810287088280537
2097,209.604192,4.8214371619940115
2098,209.70419400000003,5.083826468071317
2099,209.804196,5.220727917874457
2100,209.904198,5.22889737643662
2101,210.00420000000003,5.3855514256607675
2102,210.104202,5.459133564415263
2103,210.204204,5.121441457827325
2104,210.304206,5.022493058319369
2105,210.404208,5.357717143412976
2106,210.50421,4.918567390277229
2107,210.604212,5.456977190799553
2108,210.704214,5.066281901104282
2109,210.80421600000003,5.267140120721962
2110,210.904218,5.218905505917795
2111,211.00422,5.318710528694266
2112,211.10422200000002,4.865066274928409
2113,211.204224,5.228929946601617
2114,211.304226,5.288917986525789
2115,211.404228,5.342933715039546
2116,211.50423,5.427120700809697
2117,211.60423200000002,5.243576719484151
2118,211.70423399999999,5.468998278886502
2119,211.804236,5.683454402257516
2120,211.90423800000002,5.692522722600931
2121,212.00423999999998,5.580784707151652
2122,212.104242,5.435462002180874
2123,212.20424400000002,6.055596140376548
2124,212.304246,5.519660312405404
2125,212.404248,5.3105539027195245
2126,212.50425,5.243274066978221
2127,212.604252,5.191005950463317
2128,212.70425400000002,5.28032234198159
2129,212.80425599999998,5.813455848161267
2130,212.904258,5.899270013346431
2131,213.00426000000002,6.309989970026719
2132,213.104262,5.852403297367364
2133,213.204264,6.150316199947669
2134,213.304266,6.103929071116315
2135,213.404268,6.218070484237785
2136,213.50427000000002,6.286699992850929
2137,213.604272,6.038551589225525
2138,213.704274,5.812197229536677
2139,213.80427600000002,5.481013791350043
2140,213.904278,6.31949696773544
2141,214.00428,5.892700872006105
2142,214.104282,5.176134807851279
2143,214.204284,5.630181385521506
2144,214.304286,5.586189271383668
2145,214.404288,5.483313092525922
2146,214.50429,5.54846559246963
2147,214.60429200000002,5.914476485664901
2148,214.704294,5.446066091617495
2149,214.804296,5.324186088641731
2150,214.904298,5.28730544307023
2151,215.00430000000003,5.64724575889023
2152,215.104302,5.75051136653684
2153,215.204304,5.4807750821455885
2154,215.30430600000003,5.528715333627624
2155,215.404308,6.381563981761302
2156,215.50431,6.301900261000811
2157,215.604312,6.4379570587550905
2158,215.704314,6.673340601376875
2159,215.804316,6.724709987963671
2160,215.904318,6.155628443398697
2161,216.00432,6.181629702293708
2162,216.10432200000002,6.423819925636437
2163,216.20432399999999,6.7165740194132875
2164,216.304326,6.379294600049747
2165,216.40432800000002,6.800789173901793
2166,216.50433,6.463710719819312
2167,216.604332,6.334529992908659
2168,216.704334,6.247602268190102
2169,216.804336,6.4380604978281495
2170,216.90433800000002,6.371135402667898
2171,217.00433999999998,6.493870453202796
2172,217.104342,6.048255923377248
2173,217.20434400000002,6.332360713011811
2174,217.30434599999998,6.077043674995975
2175,217.404348,5.8018968801996635
2176,217.50435000000002,6.352960027511903
2177,217.604352,6.216558942560567
2178,217.704354,6.126181673923433
2179,217.804356,6.004867870136208
2180,217.904358,6.320742196712559
2181,218.00436000000002,6.329020107954576
2182,218.10436199999998,6.692087110582342
2183,218.204364,6.178418829157682
2184,218.30436600000002,6.492078407633433
2185,218.404368,6.394138045193125
2186,218.50437,6.397134240463349
2187,218.604372,6.416100208621857
2188,218.704374,6.458933232776856
2189,218.80437600000002,5.826217622357063
2190,218.904378,5.957533240942517
2191,219.00438,5.630668727661159
2192,219.10438200000002,5.246607105215537
2193,219.204384,5.771956426181787
2194,219.304386,6.198664018256567
2195,219.404388,5.811148318763028
2196,219.50439,5.683608939437003
2197,219.604392,5.791493322700486
2198,219.704394,5.577683542918746
2199,219.804396,5.880785373898588
2200,219.90439800000001,6.64141716012879
2201,220.0044,5.692953836645868
2202,220.104402,5.804934007861535
2203,220.204404,5.197694585340525
2204,220.30440600000003,5.306320616306632
2205,220.404408,5.687788586144424
2206,220.50441,6.129893684555908
2207,220.60441200000002,6.234788116291579
2208,220.704414,5.8629598036274055
2209,220.804416,6.260180676605681
2210,220.904418,6.150163852702497
2211,221.00442,6.368906409206076
2212,221.104422,6.177388797654046
2213,221.204424,6.22245643004576
2214,221.304426,6.463575934623856
2215,221.40442800000002,6.046310300547333
2216,221.50442999999999,6.428448232146515
2217,221.604432,6.105001252545099
2218,221.70443400000002,6.196871944374344
2219,221.804436,6.454287085376452
2220,221.904438,6.251934879211659
2221,222.00444,6.290014679341531
2222,222.104442,6.232008782595047
2223,222.20444400000002,6.397477703050868
2224,222.30444599999998,6.301581827252719
2225,222.404448,5.812583001526126
2226,222.50445000000002,5.820039643386301
2227,222.60445199999998,6.369047006808724
2228,222.704454,6.145074408089526
2229,222.80445600000002,5.9631216232732855
2230,222.904458,6.027370126133144
2231,223.00446,6.324778413962098
2232,223.104462,5.769463336008339
2233,223.204464,5.844270597814993
2234,223.30446600000002,5.823544273385937
2235,223.40446799999998,6.082098505917424
2236,223.50447,6.3020121061658445
2237,223.60447200000002,6.220253141831686
2238,223.704474,6.048989218786799
2239,223.804476,6.218766541587271
2240,223.904478,6.389751660612678
2241,224.00448,6.292594979862722
2242,224.10448200000002,6.099522629757335
2243,224.204484,5.700659877673988
2244,224.304486,6.176824581650505
2245,224.40448800000001,5.865359863797662
2246,224.50449,5.4483186855562815
2247,224.604492,5.991756817900232
2248,224.704494,5.861118649828613
2249,224.804496,6.131968443469196
2250,224.904498,5.863374827239187
2251,225.0045,5.8819862692208575
2252,225.104502,5.9107872000930906
2253,225.20450400000001,5.774923244708035
2254,225.304506,5.912842018895881
2255,225.404508,5.6943298002652005
2256,225.50451,6.160632569838247
2257,225.60451200000003,5.995710942243202
2258,225.704514,6.027797541800793
2259,225.804516,6.15408417183496
2260,225.90451800000002,5.994051294816038
2261,226.00452,6.005617570845375
2262,226.104522,6.001676608985214
2263,226.204524,6.264439868436701
2264,226.304526,5.7844748216485655
2265,226.404528,5.962287712547274
2266,226.50453,5.803898659759767
2267,226.604532,6.064517241577031
2268,226.70453400000002,6.2353363727054205
2269,226.80453599999998,6.200332000008775
2270,226.904538,6.109580374548085
2271,227.00454000000002,5.875122510931832
2272,227.104542,5.770599921127083
2273,227.204544,6.04182503659034
2274,227.30454600000002,6.146430595064966
2275,227.404548,6.3380099602021165
2276,227.50455000000002,6.735672889997115
2277,227.60455199999998,6.796327573061621
2278,227.704554,6.331177205341492
2279,227.80455600000002,6.36947029636519
2280,227.904558,6.153828634267201
2281,228.00456,6.0805877818092675
2282,228.10456200000002,5.681728304791187
2283,228.204564,5.890473250070373
2284,228.304566,6.04280360642216
2285,228.404568,5.766136466449325
2286,228.50457,6.150933723666441
2287,228.60457200000002,6.234421139659154
2288,228.70457399999998,6.028546247128585
2289,228.804576,6.528730347995115
2290,228.90457800000001,6.0591999044419245
2291,229.00458,5.920444211201598
2292,229.104582,5.970872970494933
2293,229.204584,5.85008543275729
2294,229.304586,5.8670134925656825
2295,229.40458800000002,5.921074890672844
2296,229.50459,5.843139954414126
2297,229.604592,6.086263559778453
2298,229.70459400000001,6.111110404306175
2299,229.804596,5.909561075716484
2300,229.904598,6.045088113575452
2301,230.0046,5.856780853589529
2302,230.104602,5.935200194698621
2303,230.204604,5.903252215621981
2304,230.304606,5.890962675394152
2305,230.404608,5.875329250576851
2306,230.50461,6.005498460527557
2307,230.604612,5.946871657139409
2308,230.704614,5.705400209311459
2309,230.804616,5.8359336474463985
2310,230.90461800000003,5.407107132713354
2311,231.00462,5.693557433223467
2312,231.104622,5.637446056359306
2313,231.20462400000002,5.391308043740915
2314,231.304626,5.058308329093077
2315,231.404628,5.2471592732317065
2316,231.50463,5.167739127835627
2317,231.604632,5.339275266432312
2318,231.704634,5.740633772747087
2319,231.804636,5.666624505354115
2320,231.904638,5.642572686663613
2321,232.00464000000002,5.514601231746547
2322,232.10464199999998,5.309382822441267
2323,232.204644,5.350224273856061
2324,232.30464600000002,5.637462672349154
2325,232.404648,5.176498767908376
2326,232.50465,5.393015574695517
2327,232.60465200000002,5.431445606777542
2328,232.704654,5.549807450001489
2329,232.80465600000002,5.181287508073259
2330,232.90465799999998,4.976531641663177
2331,233.00466,5.595679359468177
2332,233.10466200000002,5.5985903606626275
2333,233.204664,5.838784431713895
2334,233.304666,5.734802347995476
2335,233.40466800000002,5.674826597521851
2336,233.50467,5.469080230220255
2337,233.604672,5.584932245239009
2338,233.704674,5.440199939005664
2339,233.804676,5.765490926697069
2340,233.90467800000002,5.800048424732372
2341,234.00467999999998,5.695585887979089
2342,234.104682,6.1168641947713915
2343,234.20468400000001,5.304301987210037
2344,234.304686,5.5283950103676744
2345,234.404688,5.857239402666351
2346,234.50469,6.236633722652551
2347,234.604692,5.552424256365913
2348,234.70469400000002,5.456953278266008
2349,234.804696,5.581337219088922
2350,234.904698,5.761430300676742
2351,235.0047,5.204960620427454
2352,235.10470200000003,5.464399502338538
2353,235.204704,5.479674419220772
2354,235.304706,5.599121200493418
2355,235.404708,5.761499705443683
2356,235.50471,5.495087072455012
2357,235.604712,5.555366517048936
2358,235.704714,5.423234277062935
2359,235.804716,5.094279293163673
2360,235.904718,5.915431799260412
2361,236.00472,5.9568796171335165
2362,236.104722,5.612103031898554
2363,236.20472400000003,5.668293929469451
2364,236.304726,5.797910643137093
2365,236.404728,5.549738210046388
2366,236.50473000000002,5.498432077975353
2367,236.604732,5.636514905971722
2368,236.704734,5.389575718863435
2369,236.804736,5.764229071079895
2370,236.904738,5.385401434397649
2371,237.00474,5.580317024859186
2372,237.104742,5.582437520084447
2373,237.204744,5.812561772154694
2374,237.30474600000002,5.465819527863519
2375,237.40474799999998,5.32569629529269
2376,237.50475,5.746344184786164
2377,237.60475200000002,6.28579227726779
2378,237.704754,6.580282801753467
2379,237.804756,6.2107508987819795
2380,237.90475800000002,6.107881618857759
2381,238.00476,6.036628272490102
2382,238.10476200000002,5.857031764886149
2383,238.20476399999998,5.95467765126062
2384,238.304766,5.875650088120163
2385,238.40476800000002,5.895207227071087
2386,238.50477,5.841803808462333
2387,238.604772,6.0356927071295985
2388,238.70477400000001,5.909563252808153
2389,238.804776,6.135087890941624
2390,238.904778,5.806060584509766
2391,239.00478,5.983774264673643
2392,239.104782,5.814810078036375
2393,239.20478400000002,5.524490172086242
2394,239.30478599999998,6.166130402405187
2395,239.404788,6.192205911237673
2396,239.50479,6.0146421473190665
2397,239.604792,6.208886858578493
2398,239.704794,6.22507233135688
2399,239.804796,5.953912784093333
2400,239.904798,5.845324806840065
2401,240.00480000000002,5.6153212588099475
2402,240.104802,6.0263100945744466
2403,240.204804,6.373750240505044
2404,240.304806,6.285563945221293
2405,240.40480800000003,6.241946529507748
2406,240.50481,6.3257977633549185
2407,240.604812,6.230347757020866
2408,240.704814,6.27365084700398
2409,240.804816,5.496027210847354
2410,240.904818,6.06314809105136
2411,241.00482,6.082636870871817
2412,241.104822,5.873343360446977
2413,241.204824,6.010932830363784
2414,241.304826,6.065110080891193
2415,241.404828,5.926822611361851
2416,241.50483000000003,5.7547255048544415
2417,241.604832,6.0466667435318495
2418,241.704834,6.2873520788778405
2419,241.80483600000002,5.616587182428465
2420,241.904838,5.409298415756686
2421,242.00484,5.722867463408462
2422,242.104842,5.385430194687453
2423,242.204844,5.619932195584452
2424,242.30484600000003,6.136258343097028
2425,242.404848,6.145921911409431
2426,242.50485,6.299725002588835
2427,242.60485200000002,6.232287191266081
2428,242.70485399999998,6.206596215333091
2429,242.804856,5.985518009707633
2430,242.90485800000002,5.960861300704403
2431,243.00486,5.953168159593071
2432,243.104862,6.139342191921699
2433,243.20486400000001,6.2629765868951655
2434,243.304866,6.306221972559632
2435,243.40486800000002,6.520666958726534
2436,243.50486999999998,6.324626335826097
2437,243.604872,6.555320955324071
2438,243.70487400000002,6.768136901559337
2439,243.804876,6.65992923245964
2440,243.904878,6.670696440345922
2441,244.00488,6.395096708262201
2442,244.104882,5.723077008063589
2443,244.204884,6.21004228975819
2444,244.304886,6.311028281724774
2445,244.404888,5.7596162267223745
2446,244.50489000000002,5.943097152783286
2447,244.604892,6.282437803287413
2448,244.704894,6.277462265060367
2449,244.804896,6.121328913265744
2450,244.904898,6.014623195014174
2451,245.0049,5.911406256464553
2452,245.104902,5.439706924503046
2453,245.204904,5.281239363896351
2454,245.30490600000002,5.489062915684915
2455,245.404908,5.408260806389384
2456,245.50491,6.030991449158508
2457,245.604912,5.436129766062052
2458,245.70491400000003,5.395282520475086
2459,245.804916,5.620231177800847
2460,245.904918,5.563029591245488
2461,246.00492000000003,5.408539098922992
2462,246.104922,5.439504254417676
2463,246.204924,5.572158849797109
2464,246.304926,5.7002093264828355
2465,246.404928,5.910687643078566
2466,246.50493,5.672970756881378
2467,246.604932,5.802869636363389
2468,246.704934,6.182727540832454
2469,246.80493600000003,6.400620737462105
2470,246.904938,6.177285429616907
2471,247.00494,5.907664053734581
2472,247.10494200000002,5.902701551377904
2473,247.204944,5.857621461123704
2474,247.304946,5.920681493585352
2475,247.404948,6.158110321813441
2476,247.50495,5.901959225326125
2477,247.60495200000003,6.1734820871597345
2478,247.704954,5.767189026661768
2479,247.804956,5.737334261912854
2480,247.90495800000002,5.859919979573909
2481,248.00495999999998,5.614116331935741
2482,248.104962,5.678774439303297
2483,248.20496400000002,5.683352058338038
2484,248.304966,5.412002150086874
2485,248.404968,5.542354616623516
2486,248.50497000000001,4.962096174221031
2487,248.604972,5.437230149917348
2488,248.70497400000002,5.481219866227103
2489,248.80497599999998,5.423682221720562
2490,248.904978,6.210157030288234
2491,249.00498000000002,6.099560151234007
2492,249.104982,6.050569552309298
2493,249.204984,5.563686869947993
2494,249.304986,5.87122329273218
2495,249.404988,5.905387174632251
2496,249.50499,5.488010093211334
2497,249.604992,5.289904833224327
2498,249.704994,5.566369715669424
2499,249.80499600000002,5.268414368677581
2500,249.904998,5.537326120187741
2501,250.005,6.019224943527357
2502,250.105002,5.294227742556782
2503,250.205004,5.266927330485129
2504,250.305006,5.186945810212489
2505,250.405008,5.475765885283253
2506,250.50501,5.620337601807059
2507,250.60501200000002,6.378609957498369
2508,250.705014,6.40987405510239
2509,250.805016,6.3516632432299724
2510,250.905018,5.800957172995048
2511,251.00502000000003,6.037339890801458
2512,251.105022,5.898555960513698
2513,251.205024,5.93982641793541
2514,251.30502600000003,5.9733508916425775
2515,251.405028,5.707945356500682
2516,251.50503,6.085406582035347
2517,251.605032,5.588998202790963
2518,251.705034,5.433196748161865
2519,251.805036,5.561136451924018
2520,251.905038,5.756448581222035
2521,252.00504,5.6950908062983885
2522,252.10504200000003,5.6350375294836805
2523,252.205044,6.110190559285347
2524,252.305046,6.087463931747039
2525,252.40504800000002,6.154461836803033
2526,252.50505,5.542547684382194
2527,252.605052,5.845395384623281
2528,252.705054,5.958381936258663
2529,252.805056,6.422728188581981
2530,252.90505800000003,6.426179702034261
2531,253.00506,5.76319342790203
2532,253.105062,5.891684547712915
2533,253.20506400000002,5.709583704920712
2534,253.30506599999998,5.692410780379992
2535,253.405068,5.500501837473714
2536,253.50507000000002,6.1621707917823425
2537,253.605072,6.119104667869265
2538,253.705074,6.2572086448548285
2539,253.805076,6.223764854909537
2540,253.905078,6.309584085849356
2541,254.00508000000002,5.952538054756381
2542,254.10508199999998,6.243125579562629
2543,254.205084,6.525856719877566
2544,254.30508600000002,6.063014626566805
2545,254.405088,6.019407203346161
2546,254.50509,6.203580109785682
2547,254.605092,6.000900383565163
2548,254.705094,5.9446892473279505
2549,254.80509600000002,6.2552252118608465
2550,254.905098,6.042874078901279
2551,255.0051,5.857106241556717
2552,255.10510200000002,5.6683658068554665
2553,255.205104,5.791848566946543
2554,255.305106,5.855366408511015
2555,255.405108,6.1209403956485335
2556,255.50511,6.110559305497145
2557,255.605112,6.345358025883507
2558,255.705114,5.978623550947994
2559,255.805116,6.299865400718745
2560,255.90511800000002,6.401309026038393
2561,256.00512,6.62241584868966
2562,256.105122,6.682583649947821
2563,256.205124,6.650987867610517
2564,256.30512600000003,6.654360249173421
2565,256.405128,6.639909648083108
2566,256.50513,6.49331021140088
2567,256.605132,6.403225910171858
2568,256.705134,6.208663717627763
2569,256.805136,6.2316009643006725
2570,256.905138,6.173888121331914
2571,257.00514000000004,6.70706454844781
2572,257.105142,6.451102641109883
2573,257.205144,6.5545659134066545
2574,257.30514600000004,6.856077564044608
2575,257.405148,6.27669282742602
2576,257.50515,6.7818984025887366
2577,257.605152,6.594127660924644
2578,257.705154,6.749857425172253
2579,257.805156,6.781610090354119
2580,257.905158,6.82846656435393
2581,258.00516,6.905070341489319
2582,258.105162,6.568933882931878
2583,258.205164,6.408007247849127
2584,258.305166,6.645886500624828
2585,258.405168,6.380000516708336
2586,258.50517,6.139769241260485
2587,258.605172,6.349701640355298
2588,258.705174,6.159240694822196
2589,258.805176,6.242627513096585
2590,258.90517800000003,6.54465890807991
2591,259.00518,6.067807808665423
2592,259.105182,6.393293639040197
2593,259.20518400000003,6.7193024059090485
2594,259.305186,6.6726576231765655
2595,259.405188,6.382522590446526
2596,259.50519,5.726622767403078
2597,259.605192,5.976762677270009
2598,259.705194,5.9990973388823186
2599,259.805196,6.45789314045492
2600,259.905198,6.251062592360673
2601,260.0052,6.213404552395691
2602,260.105202,6.370793996613933
2603,260.205204,6.304412352824116
2604,260.305206,6.952399831682509
2605,260.405208,6.98446646587832
2606,260.50521,7.3287801304060745
2607,260.605212,7.250975544523097
2608,260.705214,7.228060136300214
2609,260.80521600000003,7.0051980179358075
2610,260.905218,7.06299867839529
2611,261.00522,6.935278718305134
2612,261.105222,6.5107979295058005
2613,261.20522400000004,6.326503148168503
2614,261.305226,5.779169808395586
2615,261.405228,5.7181797922498365
2616,261.50523,5.8604427934477314
2617,261.605232,6.5744761228862
2618,261.705234,5.969805881260997
2619,261.805236,6.000981641902246
2620,261.905238,6.127341682761371
2621,262.00524,6.4567672533402
2622,262.105242,6.812558901643539
2623,262.205244,6.50219645571144
2624,262.305246,6.757047216014199
2625,262.40524800000003,6.757555894422817
2626,262.50525,6.749343926358104
2627,262.60525199999995,6.581661210560655
2628,262.705254,6.713337773206426
2629,262.805256,6.746741353638896
2630,262.905258,6.857184665060501
2631,263.00526,6.55508564132688
2632,263.105262,6.6452778867978735
2633,263.205264,5.924238786228906
2634,263.305266,6.893737895813437
2635,263.405268,7.201127189606815
2636,263.50527,6.83098454431677
2637,263.605272,6.894856549823318
2638,263.70527400000003,6.898771871793915
2639,263.805276,6.634939163384273
2640,263.905278,6.83349584019165
2641,264.00528,6.732805738936492
2642,264.105282,6.865038206691971
2643,264.205284,7.0797022607669575
2644,264.305286,6.758300757138047
2645,264.405288,7.019518041062023
2646,264.50529,6.8599425564501795
2647,264.605292,7.26928319668465
2648,264.705294,7.167280339343502
2649,264.80529600000006,7.048486858657717
2650,264.905298,7.111496087255047
2651,265.0053,6.962800409679977
2652,265.10530200000005,7.021132775769953
2653,265.205304,7.127843812165226
2654,265.305306,7.05808794333074
2655,265.405308,7.102402371112386
2656,265.50531,6.99422912808439
2657,265.605312,7.0537041747025615
2658,265.705314,7.189880271449666
2659,265.805316,7.261460209964588
2660,265.905318,6.665931101748825
2661,266.00532,7.10147178605995
2662,266.105322,7.009014478534834
2663,266.205324,6.981599869588683
2664,266.305326,7.120509410329475
2665,266.405328,6.827445741942119
2666,266.50533,6.645791975627715
2667,266.605332,6.672863036677495
2668,266.70533400000005,7.051449883858291
2669,266.805336,6.9285260083718905
2670,266.905338,7.033884966438333
2671,267.00534000000005,7.2631177342937345
2672,267.105342,7.222241918126598
2673,267.20534399999997,6.964356679576444
2674,267.30534600000004,6.511402748792923
2675,267.405348,6.54402337533864
2676,267.50534999999996,7.012590435408454
2677,267.60535200000004,6.873630195990894
2678,267.705354,6.791586108215669
2679,267.805356,7.080998927993697
2680,267.90535800000004,7.1344320795513
2681,268.00536,6.771793914295178
2682,268.105362,7.04953490266157
2683,268.205364,6.547624421639978
2684,268.305366,6.730791500613441
2685,268.405368,7.153064146040113
2686,268.50536999999997,6.907852564199932
2687,268.60537200000005,7.143574771086474
2688,268.705374,7.009314290767167
2689,268.80537599999997,7.062216553401625
2690,268.90537800000004,7.273242911542022
2691,269.00538,7.136298928800055
2692,269.10538199999996,7.208397800311459
2693,269.20538400000004,7.100906104521072
2694,269.305386,6.982048329096685
2695,269.40538799999996,7.295599328935103
2696,269.50539000000003,7.105337355860491
2697,269.605392,7.247730317444918
2698,269.705394,7.2241018908544286
2699,269.80539600000003,7.19277983908224
2700,269.905398,7.0286800865179115
2701,270.0054,7.123579170411074
2702,270.105402,7.01509057959569
2703,270.205404,7.271920877144768
2704,270.305406,6.881895226492454
2705,270.405408,7.070799115896253
2706,270.50541000000004,7.147837081300416
2707,270.605412,7.040156308436863
2708,270.70541399999996,7.124318968414241
2709,270.80541600000004,7.244015546781724
2710,270.905418,7.114828007735662
2711,271.00541999999996,7.142561079273101
2712,271.10542200000003,7.066810742588236
2713,271.205424,7.065434365052543
2714,271.30542599999995,7.301233981077549
2715,271.40542800000003,7.051345227029126
2716,271.50543,7.0046428449378
2717,271.605432,7.034700370268706
2718,271.705434,6.935342021783508
2719,271.805436,6.764224470886049
2720,271.905438,7.149135719580295
2721,272.00544,7.269291711359775
2722,272.105442,6.815614872849737
2723,272.205444,6.622924980911874
2724,272.305446,7.139625783013421
2725,272.40544800000004,7.111057686931498
2726,272.50545,6.872916600501396
2727,272.605452,6.787758547258211
2728,272.70545400000003,6.795715961323584
2729,272.805456,6.924990322728849
2730,272.905458,6.688331868777345
2731,273.00546,7.1553406579472805
2732,273.105462,6.921524663445388
2733,273.205464,7.11711425039777
2734,273.305466,7.0676092523992695
2735,273.405468,6.980267780495664
2736,273.50547,7.141977396579235
2737,273.605472,7.05532317410493
2738,273.705474,6.978456864576228
2739,273.805476,7.089283509101042
2740,273.905478,7.011690613201973
2741,274.00548,7.1447738611807745
2742,274.105482,7.1173410718282595
2743,274.205484,7.058681973632301
2744,274.30548600000003,7.160217472594643
2745,274.405488,7.1046585516425225
2746,274.50549,7.190348865721218
2747,274.605492,7.243313826661768
2748,274.705494,7.368885233402406
2749,274.805496,7.226221954188916
2750,274.905498,7.193004573545032
2751,275.0055,7.371106222125986
2752,275.105502,7.466595563494621
2753,275.205504,7.133839032504631
2754,275.305506,7.334709244741958
2755,275.40550800000005,7.166748312501986
2756,275.50551,7.279644210776499
2757,275.605512,7.244653363272593
2758,275.70551400000005,7.093667838986751
2759,275.805516,6.993860151036039
2760,275.905518,7.1935718385070135
2761,276.00552000000005,7.226362852177758
2762,276.105522,7.277838767365545
2763,276.205524,7.253718020172277
2764,276.305526,7.349816759466791
2765,276.405528,7.3381007339624995
2766,276.50553,7.318240993357639
2767,276.605532,7.156428452993125
2768,276.705534,7.132970992940016
2769,276.805536,7.07288024537971
2770,276.905538,7.191607832969099
2771,277.00554,7.377093310786012
2772,277.105542,7.446446850124593
2773,277.205544,6.975580220167732
2774,277.30554600000005,7.221990696298454
2775,277.405548,7.102739563485409
2776,277.50554999999997,7.125620759637626
2777,277.60555200000005,7.07925178975488
2778,277.705554,7.196185044630691
2779,277.80555599999997,7.048895949434193
2780,277.90555800000004,7.243842929446001
2781,278.00556,7.203058196085743
2782,278.105562,7.278348277018118
2783,278.20556400000004,7.10181662359148
2784,278.305566,7.125348859069352
2785,278.405568,7.004371132635382
2786,278.50557000000003,7.064132218374153
2787,278.605572,7.044681139549111
2788,278.705574,7.088552066098388
2789,278.805576,7.198832499629563
2790,278.905578,7.0949623137491304
2791,279.00558,7.049151639712287
2792,279.10558199999997,6.763015484183135
2793,279.20558400000004,7.11764270276392
2794,279.305586,7.279902282410461
2795,279.40558799999997,7.216913162022548
2796,279.50559000000004,7.024303019366934
2797,279.605592,6.822505683067956
2798,279.70559399999996,6.635831846765183
2799,279.80559600000004,7.1427301561404315
2800,279.905598,6.958198827624183
2801,280.0056,6.95791524255663
2802,280.10560200000003,6.982639560993795
2803,280.205604,7.17089560170806
2804,280.305606,7.174472505710351
2805,280.40560800000003,7.174268154384419
2806,280.50561,7.139216450143994
2807,280.605612,7.119271019511814
2808,280.705614,7.115500763914058
2809,280.805616,6.917231372165478
2810,280.905618,7.149000128938928
2811,281.00562,7.0762496603233735
2812,281.10562200000004,7.131820422162509
2813,281.205624,7.113011369130645
2814,281.30562599999996,7.152718545181297
2815,281.40562800000004,7.280241932189059
2816,281.50563,7.159244063436004
2817,281.60563199999996,7.219375721718611
2818,281.70563400000003,7.2228950532891885
2819,281.805636,7.087989106582243
2820,281.90563799999995,7.1444623526733615
2821,282.00564,7.07687645283435
2822,282.105642,7.110785425252922
2823,282.205644,6.982485509742562
2824,282.305646,7.105811307518779
2825,282.405648,7.086496178121794
2826,282.50565,7.134449140110092
2827,282.605652,7.2993555822364105
2828,282.705654,7.242069206412434
2829,282.805656,7.329927715790089
2830,282.905658,7.199163030199025
2831,283.00566000000003,7.227034248351033
2832,283.105662,7.449244247032357
2833,283.205664,7.281219793492382
2834,283.30566600000003,7.21845131673518
2835,283.405668,7.2229636122458425
2836,283.50567,7.1256805118915025
2837,283.605672,7.1793487990083635
2838,283.705674,7.084861084146014
2839,283.805676,7.1046857535425705
2840,283.905678,6.9436597941842315
2841,284.00568,7.037728689151437
2842,284.105682,7.0284471871954715
2843,284.205684,7.154890054437481
2844,284.305686,7.128148099720002
2845,284.405688,7.193037133188486
2846,284.50569,7.257703272705564
2847,284.605692,6.927952028371959
2848,284.705694,7.114477653567741
2849,284.805696,7.076269748770722
2850,284.90569800000003,6.951694977116714
2851,285.0057,6.791985297892032
2852,285.105702,7.195912322575491
2853,285.205704,6.988799553591675
2854,285.305706,7.179994880984155
2855,285.405708,7.068991144158949
2856,285.50571,7.246705424565117
2857,285.605712,7.349978913672403
2858,285.705714,7.253654269126001
2859,285.805716,7.282902208670585
2860,285.905718,7.333181144721891
2861,286.00572000000005,7.160594896555238
2862,286.105722,7.084509287392145
2863,286.205724,7.145459296484299
2864,286.30572600000005,7.084499259971193
2865,286.405728,7.47447954985435
2866,286.50572999999997,7.186704207660616
2867,286.60573200000005,7.278758143568065
2868,286.705734,7.3133932515471125
2869,286.805736,7.197948623301062
2870,286.905738,7.237095162881323
2871,287.00574,7.427352838185642
2872,287.105742,7.4091347016199
2873,287.205744,7.209614997811592
2874,287.305746,7.380711911065534
2875,287.405748,7.287459620897527
2876,287.50575,7.412730186501807
2877,287.605752,7.295550742998788
2878,287.705754,7.29986098086068
2879,287.805756,7.439830194946567
2880,287.90575800000005,7.222192088292096
2881,288.00576,7.40256976847488
2882,288.10576199999997,7.32405769180278
2883,288.20576400000004,7.326742597664725
2884,288.305766,7.332147122824714
2885,288.40576799999997,7.174446671808242
2886,288.50577000000004,7.185402486383752
2887,288.605772,7.217051577663475
2888,288.705774,7.401997297423746
2889,288.80577600000004,7.3548827634621805
2890,288.905778,7.131785856446902
2891,289.00578,7.306707533505018
2892,289.10578200000003,7.1274229769391955
2893,289.205784,6.989500044075232
2894,289.305786,7.177816786154138
2895,289.405788,6.9429136258368755
2896,289.50579,7.212688980585527
2897,289.605792,7.211753505760099
2898,289.70579399999997,7.320121984415502
2899,289.80579600000004,7.29118080838219
2900,289.905798,7.376715200043611
2901,290.00579999999997,7.3197781453126725
2902,290.10580200000004,7.198964241175347
2903,290.205804,7.118083572070341
2904,290.30580599999996,7.188365206138532
2905,290.40580800000004,7.260728423670089
2906,290.50581,7.297926917648868
2907,290.605812,7.345278148340082
2908,290.70581400000003,7.1912777066143265
2909,290.805816,7.275108754025611
2910,290.905818,6.9531961736803165
2911,291.00582,7.108028870341425
2912,291.105822,7.011566780917778
2913,291.205824,6.851703051069469
2914,291.305826,7.006015036410711
2915,291.405828,6.840287102713217
2916,291.50583,6.994622786469667
2917,291.605832,7.159982921264745
2918,291.70583400000004,7.115505360413901
2919,291.805836,7.111768445702561
2920,291.905838,7.110526169430116
2921,292.00584000000003,6.976872127071516
2922,292.105842,7.1481955251927065
2923,292.20584399999996,7.057744037190049
2924,292.30584600000003,7.020847656219652
2925,292.405848,6.683502547085158
2926,292.50585,6.556410745123883
2927,292.605852,6.411099934310422
2928,292.705854,6.460993529678817
2929,292.805856,6.524554965921412
2930,292.905858,6.756833477502949
2931,293.00586,6.762421717291477
2932,293.105862,7.241663356334588
2933,293.205864,6.954834134361534
2934,293.305866,7.108114751581057
2935,293.405868,6.7137010331544404
2936,293.50587,6.802154347279017
2937,293.60587200000003,6.860452848796258
2938,293.705874,6.871399556470279
2939,293.805876,6.45041357636716
2940,293.90587800000003,6.648245869134366
2941,294.00588,6.973929312935664
2942,294.105882,7.004215974738215
2943,294.205884,7.053593245972564
2944,294.305886,6.471567557500968
2945,294.405888,7.140242127835119
2946,294.50589,7.04668100611416
2947,294.605892,6.540095018570488
2948,294.70589400000006,7.06610330761601
2949,294.805896,7.030365605446474
2950,294.905898,7.401511894637586
2951,295.0059,7.434604023396721
2952,295.105902,7.392398544626427
2953,295.205904,7.287981322339836
2954,295.305906,7.020558879339762
2955,295.405908,7.111598694755613
2956,295.50591000000003,7.114353843690599
2957,295.605912,7.100877375675466
2958,295.705914,7.025431467192435
2959,295.805916,7.297038073120704
2960,295.905918,7.335300637936356
2961,296.00592,7.374914124883626
2962,296.105922,7.291744924895255
2963,296.205924,7.380657959646081
2964,296.305926,7.242330886654271
2965,296.405928,7.275797389941046
2966,296.50593,7.411807304641216
2967,296.60593200000005,7.477365229505732
2968,296.705934,7.221569235491554
2969,296.805936,7.4097751637417435
2970,296.90593800000005,6.871410117732463
2971,297.00594,7.030511805485578
2972,297.10594199999997,7.262792459408404
2973,297.20594400000004,7.13549796338965
2974,297.305946,7.160484944140567
2975,297.405948,7.013312430896078
2976,297.50595,6.962529571233593
2977,297.605952,6.972550088230451
2978,297.705954,7.083356411846391
2979,297.805956,7.09156430604727
2980,297.905958,7.096047724405461
2981,298.00596,7.105726264649789
2982,298.105962,7.09078363832853
2983,298.205964,7.182669383322521
2984,298.305966,7.3658446886424676
2985,298.405968,7.252889969438726
2986,298.50597000000005,7.212934404843963
2987,298.605972,7.20507706719767
2988,298.70597399999997,7.312493132111605
2989,298.80597600000004,6.9136470544317055
2990,298.905978,6.900466257333056
2991,299.00597999999997,6.93689901714365
2992,299.10598200000004,7.0491764957739935
2993,299.205984,6.989789576776211
2994,299.305986,7.066598131071095
2995,299.40598800000004,6.8749044330404505
2996,299.50599,6.9888010438680075
2997,299.605992,7.1557027032465355
2998,299.70599400000003,6.999936648101533
2999,299.805996,6.838153296389298
3000,299.905998,6.963536664897548
3001,300.006,6.856363703622357
3002,300.106002,7.24826105875755
3003,300.206004,6.989009654930174
3004,300.30600599999997,7.084382530680549
3005,300.40600800000004,7.2262537977937304
3006,300.50601,7.1157276025087555
3007,300.60601199999996,7.146434364539861
3008,300.70601400000004,7.149650908104799
3009,300.806016,6.960030624989257
3010,300.90601799999996,6.914256437640623
3011,301.00602000000003,7.487147889074334
3012,301.106022,7.162892936292582
3013,301.206024,7.168516735277037
3014,301.30602600000003,7.338350285779857
3015,301.406028,7.0751054692424
3016,301.50603,7.304509802206485
3017,301.606032,7.30756400765174
3018,301.706034,7.145723798895835
3019,301.806036,7.297441725898134
3020,301.906038,7.321680609471466
3021,302.00604,7.125145227818364
3022,302.106042,7.208652840444201
3023,302.206044,7.309677048391761
3024,302.30604600000004,7.143076475003603
3025,302.406048,7.577116019891865
3026,302.50605,7.070836159285236
3027,302.60605200000003,7.360606262582161
3028,302.706054,7.281672733123243
3029,302.80605599999996,7.398051974531799
3030,302.90605800000003,7.213339090605708
3031,303.00606,7.00380566561397
3032,303.106062,7.1980713615461145
3033,303.206064,7.037644123403417
3034,303.306066,7.211856621912886
3035,303.406068,7.136050201211129
3036,303.50607,6.956071920024651
3037,303.606072,7.01309761857972
3038,303.706074,7.143211129368577
3039,303.806076,7.161500996354003
3040,303.906078,7.148363514541717
3041,304.00608,7.338055916214178
3042,304.106082,7.011907762443862
3043,304.20608400000003,7.311972453529974
3044,304.306086,7.126329720425691
3045,304.406088,7.362857472595575
3046,304.50609000000003,7.182828304917955
3047,304.606092,7.2012131500816485
3048,304.706094,7.1846427118595955
3049,304.806096,7.22340398168662
3050,304.906098,7.125871226142072
3051,305.00610000000006,7.105418899272604
3052,305.106102,7.099152880121376
3053,305.206104,7.060821168530385
3054,305.30610600000006,7.133585738611283
3055,305.406108,7.325857329765805
3056,305.50611,6.998862367531266
3057,305.606112,7.0594091907317535
3058,305.706114,7.217377473603674
3059,305.806116,6.668681315506083
3060,305.906118,6.834671737527828
3061,306.00612,6.972330776395898
3062,306.106122,6.99630018851469
3063,306.206124,6.848586226698328
3064,306.306126,6.705624268326851
3065,306.406128,6.7376365866004315
3066,306.50613,6.998957875054988
3067,306.606132,6.76780247465489
3068,306.706134,6.8960375166095815
3069,306.806136,6.988290700431412
3070,306.90613800000006,7.038248222665281
3071,307.00614,6.8399963803608115
3072,307.106142,6.739630738350942
3073,307.20614400000005,7.002696768879249
3074,307.306146,7.015394273969797
3075,307.406148,7.184810276794837
3076,307.50615000000005,7.117806521396493
3077,307.606152,7.1786817964312455
3078,307.70615399999997,7.120600744266328
3079,307.80615600000004,6.86692963934515
3080,307.906158,7.109832715544607
3081,308.00616,6.88255087487553
3082,308.106162,6.9308522783626785
3083,308.206164,7.11662950095528
3084,308.306166,7.066139561875128
3085,308.406168,7.2071954910736675
3086,308.50617,6.976019178628703
3087,308.606172,6.95879555233418
3088,308.706174,6.848187650987147
3089,308.806176,7.128552937025515
3090,308.906178,7.268569617049809
3091,309.00618,7.168965921572101
3092,309.10618200000005,7.297619041622695
3093,309.206184,7.149615685280723
3094,309.30618599999997,7.261868836353825
3095,309.40618800000004,7.217918980515121
3096,309.50619,7.118877524930426
3097,309.60619199999996,7.069559279922047
3098,309.70619400000004,7.284915215025296
3099,309.806196,7.194814683769641
3100,309.906198,7.256781816897509
3101,310.00620000000004,7.248028232409009
3102,310.106202,7.214230508000923
3103,310.206204,7.418088675617897
3104,310.30620600000003,7.361671833913266
3105,310.406208,7.056458391720764
3106,310.50621,7.1799426008376415
3107,310.606212,7.112872476763596
3108,310.706214,6.938890857412574
3109,310.806216,6.908304565650469
3110,310.90621799999997,7.062040180492513
3111,311.00622000000004,6.990633439718736
3112,311.106222,6.847205682465984
3113,311.20622399999996,7.055794702979965
3114,311.30622600000004,6.997350794359948
3115,311.406228,7.008587132540834
3116,311.50622999999996,7.091305158949876
3117,311.60623200000003,7.237059210652564
3118,311.706234,7.295164084059127
3119,311.806236,7.407333689259431
3120,311.90623800000003,7.243937949827856
3121,312.00624,7.198231440426615
3122,312.106242,6.8270508134031545
3123,312.206244,7.252492283089063
3124,312.306246,7.134106757730578
3125,312.406248,7.237346303093134
3126,312.50625,7.2567924427051675
3127,312.606252,7.130541177268723
3128,312.706254,7.178502582735942
3129,312.806256,7.049191146977411
3130,312.90625800000004,7.120719066626414
3131,313.00626,7.24105659746342
3132,313.106262,7.103707248422742
3133,313.20626400000003,7.180303253694444
3134,313.306266,7.187416607856459
3135,313.40626799999995,7.019657239678049
3136,313.50627000000003,7.157125668290735
3137,313.606272,7.0900146071370305
3138,313.706274,6.985158890830986
3139,313.806276,6.998110182514847
3140,313.906278,7.048179770407121
3141,314.00628,7.085958960327946
3142,314.106282,7.029106655990295
3143,314.206284,7.123636607168629
3144,314.306286,6.878401895545499
3145,314.406288,6.927914301731963
3146,314.50629,7.279672085042157
3147,314.606292,7.0215387132248175
3148,314.706294,7.034161942560443
3149,314.80629600000003,7.004304401805748
3150,314.906298,6.938385839140845
3151,315.0063,6.924293340676751
3152,315.106302,6.659202827834943
3153,315.206304,6.735783741154682
3154,315.306306,6.565360245426461
3155,315.406308,6.7128124622663
3156,315.50631,6.699965759782092
3157,315.60631200000006,6.976878470939772
3158,315.706314,6.886718994387177
3159,315.806316,7.1342374271193485
3160,315.90631800000006,7.1312073899611415
3161,316.00632,7.338480263533473
3162,316.106322,7.136697669393929
3163,316.206324,7.201970660188458
3164,316.306326,7.374702523341501
3165,316.406328,7.253070409658164
3166,316.50633,7.308827401175943
3167,316.606332,7.32795907141214
3168,316.706334,7.1483218700146125
3169,316.806336,7.1035268070875865
3170,316.906338,7.2249996389261675
3171,317.00634,7.055003050854191
3172,317.106342,7.168127784247462
3173,317.206344,7.175519135059864
3174,317.306346,7.157202402838604
3175,317.406348,7.319837812522591
3176,317.50635000000005,7.183924517697296
3177,317.606352,7.292619718872901
3178,317.706354,7.2205900955629705
3179,317.80635600000005,7.361023953535413
3180,317.906358,7.313343147918607
3181,318.00636,7.3760864187271595
3182,318.10636200000005,7.043790568175263
3183,318.206364,7.320551441212707
3184,318.30636599999997,7.214481702999299
3185,318.40636800000004,7.306679953029553
3186,318.50637,7.310446038242099
3187,318.606372,7.392667420650195
3188,318.706374,7.3106597990820275
3189,318.806376,7.360029352236307
3190,318.906378,7.554023980673389
3191,319.00638,7.327762748150911
3192,319.106382,7.261477061614781
3193,319.206384,7.4324100548535705
3194,319.306386,7.323321482326543
3195,319.40638800000005,7.3012553445920885
3196,319.50639,7.331791719579324
3197,319.60639199999997,7.3386655716773745
3198,319.70639400000005,7.215941373037203
3199,319.806396,6.920992397338701
3200,319.90639799999997,6.851806972360946
3201,320.00640000000004,6.66496497242247
3202,320.106402,6.424473590852463
3203,320.20640399999996,6.8943656764794135
3204,320.30640600000004,6.400061645845766
3205,320.406408,6.60235410269038
3206,320.50641,6.162422280720335
3207,320.60641200000003,6.1880299139544945
3208,320.706414,6.576681134472284
3209,320.806416,6.587553318419386
3210,320.90641800000003,6.726627993491231
3211,321.00642,6.792835451946007
3212,321.106422,6.758230063941705
3213,321.206424,6.623642745204418
3214,321.306426,6.465600862709899
3215,321.406428,5.916670878642878
3216,321.50642999999997,5.718569236642841
3217,321.60643200000004,5.995648634726712
3218,321.706434,6.308225852383665
3219,321.80643599999996,6.376317018062465
3220,321.90643800000004,6.458900756873072
3221,322.00644,6.543465973263857
3222,322.10644199999996,6.501373293801657
3223,322.20644400000003,6.321798082867736
3224,322.306446,6.197723825155276
3225,322.406448,6.344506568017673
3226,322.50645000000003,6.481264793835839
3227,322.606452,6.157904942815144
3228,322.706454,6.911775326201566
3229,322.806456,6.778385534016858
3230,322.906458,7.089150871479142
3231,323.00646,7.091395631902156
3232,323.106462,6.991206144461576
3233,323.206464,7.056375594026006
3234,323.306466,7.186628532957084
3235,323.406468,6.8748839232156245
3236,323.50647000000004,6.976821056068486
3237,323.606472,6.694500485266668
3238,323.706474,7.146626458404069
3239,323.80647600000003,6.981365162718416
3240,323.906478,7.054637014495642
3241,324.00647999999995,6.937542463714737
3242,324.106482,6.972869035198379
3243,324.206484,7.038093464275905
3244,324.306486,7.0386405719049545
3245,324.406488,6.721128819963515
3246,324.50649,7.150220312535065
3247,324.606492,7.320397758200885
3248,324.706494,7.2167847966699625
3249,324.806496,6.8930851328424
3250,324.906498,6.728396866349626
3251,325.0065,6.69988380669898
3252,325.106502,6.7513313427750425
3253,325.206504,6.6452927706708
3254,325.306506,6.851446625796437
3255,325.40650800000003,7.115886490049229
3256,325.50651,7.30179757007883
3257,325.606512,7.322684314367853
3258,325.706514,7.326733282549413
3259,325.806516,7.0794372255054006
3260,325.906518,7.2171448133812435
3261,326.00652,7.316138881988837
3262,326.106522,7.176668224234928
3263,326.20652400000006,7.596716898963887
3264,326.306526,7.387111332738134
3265,326.406528,7.25881430505235
3266,326.50653000000005,7.29117723766836
3267,326.606532,7.25391758885584
3268,326.706534,7.269491516582331
3269,326.806536,7.339609442529158
3270,326.906538,7.195116822845224
3271,327.00654,7.353006914069493
3272,327.106542,7.371174586309984
3273,327.206544,7.334426011577566
3274,327.306546,7.142111455037842
3275,327.406548,7.331445815574447
3276,327.50655,7.40647291975969
3277,327.606552,7.306937160328652
3278,327.706554,7.320231029417451
3279,327.806556,7.412228279175886
3280,327.906558,7.382031485117611
3281,328.00656,7.4539800646857906
3282,328.10656200000005,7.393756785566728
3283,328.206564,7.268762898678574
3284,328.306566,7.319257772568902
3285,328.40656800000005,7.161456699152468
3286,328.50657,7.345816050645209
3287,328.60657199999997,7.240752389355946
3288,328.70657400000005,7.106671789453876
3289,328.806576,7.263127841915892
3290,328.90657799999997,7.335210570419948
3291,329.00658000000004,6.561684403883472
3292,329.106582,6.949334269242044
3293,329.206584,7.177796388833121
3294,329.30658600000004,7.261515962882649
3295,329.406588,7.3017962738797815
3296,329.50659,7.306977557771066
3297,329.606592,7.503073355032705
3298,329.706594,7.394129283070632
3299,329.806596,7.498117828007154
3300,329.906598,7.25890190814796
3301,330.00660000000005,7.2073969236482585
3302,330.106602,7.069954058538627
3303,330.20660399999997,7.099208541081253
3304,330.30660600000004,6.670113581696153
3305,330.406608,6.622494156462632
3306,330.50660999999997,6.491181285190548
3307,330.60661200000004,6.1358331988301815
3308,330.706614,6.409161972985029
3309,330.80661599999996,6.876484087690742
3310,330.90661800000004,6.608217544534446
3311,331.00662,7.096180321253257
3312,331.106622,6.7080816958841245
3313,331.20662400000003,6.04206183223425
3314,331.306626,5.771683904686231
3315,331.406628,5.957415499447281
3316,331.50663000000003,5.990121205098932
3317,331.606632,6.105906471630261
3318,331.706634,5.74961092727766
3319,331.806636,5.6844059235917594
3320,331.90663800000004,5.682830263609094
3321,332.00664,5.922576106904735
3322,332.10664199999997,5.243958460801724
3323,332.20664400000004,5.556080490867635
3324,332.306646,4.742789417597596
3325,332.40664799999996,4.464402636686397
3326,332.50665000000004,5.390376973557543
3327,332.606652,4.507530409085609
3328,332.70665399999996,3.996970968962108
3329,332.80665600000003,5.3549232505840045
3330,332.906658,5.550740064739549
3331,333.00666,5.956055341883375
3332,333.10666200000003,5.989352035342669
3333,333.206664,5.964612426887859
3334,333.306666,5.858733571519637
3335,333.406668,5.766028925234341
3336,333.50667,5.887337234511276
3337,333.606672,5.629039052664674
3338,333.706674,5.455380413186115
3339,333.80667600000004,6.0941576116834755
3340,333.906678,6.0709921853660305
3341,334.00668,6.036082123386921
3342,334.10668200000003,7.154471804550897
3343,334.206684,6.832847501655523
3344,334.306686,7.1632384667322535
3345,334.40668800000003,6.6894264562519625
3346,334.50669,6.624857791641273
3347,334.60669199999995,6.713876383732234
3348,334.706694,6.684651107778531
3349,334.806696,6.954941545112248
3350,334.906698,7.305844426500561
3351,335.0067,6.611495612949365
3352,335.106702,6.810633246605425
3353,335.206704,6.7810523662570334
3354,335.306706,6.829665360450325
3355,335.406708,6.5971452593855275
3356,335.50671,6.916243000901172
3357,335.606712,6.76680796633211
3358,335.706714,6.513177951500365
3359,335.806716,6.593180772013339
3360,335.906718,6.64882661825547
3361,336.00672000000003,6.337043225253884
3362,336.106722,6.060719933948553
3363,336.206724,5.728267982511419
3364,336.306726,6.177199776647288
3365,336.406728,5.7065958166898545
3366,336.50673,6.570002004395078
3367,336.606732,6.613254688450184
3368,336.706734,6.127307367297769
3369,336.80673600000006,6.066489162086684
3370,336.906738,6.145712965019663
3371,337.00674,5.802259134443304
3372,337.10674200000005,5.786480926402912
3373,337.206744,6.21464235928525
3374,337.306746,6.514622963217164
3375,337.406748,6.5118554773912
3376,337.50675,6.009357785823356
3377,337.606752,6.241475263134291
3378,337.706754,6.110651291824349
3379,337.806756,5.486906218223704
3380,337.906758,6.202736038129135
3381,338.00676,6.358787950323761
3382,338.106762,6.478871849303653
3383,338.206764,6.2930156815006875
3384,338.306766,6.112027606209971
3385,338.406768,5.887541553615211
3386,338.50677,5.848180417182523
3387,338.606772,5.7679368860197915
3388,338.70677400000005,6.3007174794453595
3389,338.806776,6.037605588438978
3390,338.906778,5.826506809939326
3391,339.00678000000005,5.846282161925698
3392,339.106782,5.772466672455583
3393,339.20678399999997,5.813610061707152
3394,339.30678600000005,6.251152546000397
3395,339.406788,5.944076871167427
3396,339.50678999999997,5.921416759186499
3397,339.60679200000004,5.906302810139379
3398,339.706794,5.654873082122039
3399,339.806796,6.018126686567715
3400,339.90679800000004,6.059768102237712
3401,340.0068,5.858464990115133
3402,340.106802,6.044729076952423
3403,340.206804,5.940958907676088
3404,340.306806,6.2934008135361905
3405,340.406808,6.070968155843225
3406,340.50681,6.2877571106639625
3407,340.60681200000005,6.421949864641547
3408,340.706814,6.365614498976061
3409,340.80681599999997,6.61991420671184
3410,340.90681800000004,6.805411180118449
3411,341.00682,6.787505582531685
3412,341.10682199999997,6.876320664273252
3413,341.20682400000004,7.1018762744056145
3414,341.306826,7.161441413147256
3415,341.40682799999996,6.894497823320114
3416,341.50683000000004,6.4418382975444555
3417,341.606832,6.806861297953626
3418,341.706834,6.756430157696953
3419,341.80683600000003,6.742651618461901
3420,341.906838,6.6870894678202
3421,342.00684,7.070764180119959
3422,342.10684200000003,6.717851222906134
3423,342.206844,6.458536225506365
3424,342.306846,6.807975939212615
3425,342.406848,7.502486366008866
3426,342.50685000000004,7.237765448017366
3427,342.606852,7.490822489620929
3428,342.70685399999996,7.622572424849164
3429,342.80685600000004,7.581969877325559
3430,342.906858,7.367567925882071
3431,343.00685999999996,7.266657095921565
3432,343.10686200000004,6.727726207340639
3433,343.206864,7.304501976785849
3434,343.30686599999996,6.796885803193911
3435,343.40686800000003,6.585984676231911
3436,343.50687,7.151588836961787
3437,343.606872,6.534133579053745
3438,343.706874,6.045509041838053
3439,343.806876,5.87722478198584
3440,343.906878,5.658120772212508
3441,344.00688,5.651294344779182
3442,344.106882,5.745628451692121
3443,344.206884,5.592771587701906
3444,344.306886,4.9001352400385665
3445,344.40688800000004,5.079474497787754
3446,344.50689,5.511906199042902
3447,344.606892,5.214348950514303
3448,344.70689400000003,5.185481429338004
3449,344.806896,5.207307853481562
3450,344.906898,5.270795335403624
3451,345.00690000000003,5.681875861281378
3452,345.106902,5.186554790560221
3453,345.206904,5.369438163444233
3454,345.306906,5.178811058793626
3455,345.406908,5.100870359471852
3456,345.50691,6.083367117373676
3457,345.606912,5.302515384266591
3458,345.706914,5.178538948217806
3459,345.806916,5.251430965826158
3460,345.906918,5.435794842869311
3461,346.00692,5.548456450152661
3462,346.106922,5.130099190426452
3463,346.206924,5.254413864527207
3464,346.30692600000003,4.988774929981988
3465,346.406928,5.00583142165442
3466,346.50693,5.466108189060317
3467,346.60693200000003,5.3931765392647835
3468,346.706934,5.161274872571156
3469,346.806936,5.042743964955082
3470,346.906938,5.268925303335957
3471,347.00694,5.254431480186971
3472,347.106942,5.737323397268683
3473,347.206944,5.029186291818766
3474,347.306946,5.081585446681729
3475,347.40694800000006,5.346052663196552
3476,347.50695,5.093933452153646
3477,347.606952,4.751271914649068
3478,347.70695400000005,5.27946549321202
3479,347.806956,5.4448126590646595
3480,347.906958,5.1367961523117325
3481,348.00696000000005,5.496898370948592
3482,348.106962,5.2991069524752605
3483,348.206964,5.22580537713183
3484,348.306966,5.15631073586966
3485,348.406968,4.991189009261733
3486,348.50697,5.195393733504911
3487,348.606972,5.4382287152412365
3488,348.706974,5.45826245949039
3489,348.806976,5.479706363050602
3490,348.906978,5.152953247826208
3491,349.00698,4.917141310321843
3492,349.106982,5.537861182949226
3493,349.206984,5.176853598846842
3494,349.30698600000005,5.05965867230674
3495,349.406988,5.420332854150317
3496,349.50699,5.542171190815834
3497,349.60699200000005,5.506600000010658
3498,349.706994,6.221391188446798
3499,349.80699599999997,5.748712904423206
3500,349.90699800000004,5.240763728685757
3501,350.007,5.219617708743666
3502,350.10700199999997,5.385553074763114
3503,350.20700400000004,5.523336288679304
3504,350.307006,5.713121025967092
3505,350.407008,5.4219481022313065
3506,350.50701000000004,5.285330857483738
3507,350.607012,5.293929313887947
3508,350.707014,5.133324246513467
3509,350.807016,5.31714009609151
3510,350.907018,4.558125063235354
3511,351.00702,4.19634738440694
3512,351.107022,4.531639766244083
3513,351.20702400000005,4.0356823614207835
3514,351.307026,4.783226739891898
3515,351.40702799999997,4.757987297188583
3516,351.50703000000004,5.089336787807128
3517,351.607032,4.5899930789821575
3518,351.70703399999996,4.525968160051555
3519,351.80703600000004,4.393181275147623
3520,351.907038,4.398369656655014
3521,352.00703999999996,4.478030732808668
3522,352.10704200000004,4.460360803802899
3523,352.207044,4.72071505354968
3524,352.307046,4.615475143292811
3525,352.40704800000003,4.885015725397955
3526,352.50705,4.51362743670196
3527,352.607052,4.526603291092008
3528,352.707054,4.7602841912856215
3529,352.807056,4.83585349998825
3530,352.907058,4.587216219021367
3531,353.00706,4.22354262323514
3532,353.10706200000004,4.6822765324922635
3533,353.207064,4.557600057381248
3534,353.30706599999996,4.704769160870765
3535,353.40706800000004,4.702332224184724
3536,353.50707,4.577811483999149
3537,353.60707199999996,4.828351535916679
3538,353.70707400000003,4.8084747016218445
3539,353.807076,4.493544005936245
3540,353.90707799999996,4.581623241280806
3541,354.00708000000003,4.484002777311915
3542,354.107082,4.573415771068833
3543,354.207084,4.3573844690256465
3544,354.307086,4.591427521437187
3545,354.407088,4.657217652568274
3546,354.50709,4.41071277911545
3547,354.607092,4.604363178549067
3548,354.707094,4.495858038559514
3549,354.807096,4.4130023771152045
3550,354.907098,4.52614486590281
3551,355.00710000000004,4.434203480996143
3552,355.107102,3.9910724422730266
3553,355.207104,4.430706631702423
3554,355.30710600000003,4.641038396013378
3555,355.407108,4.28577783553812
3556,355.50711,4.198496145131525
3557,355.60711200000003,4.60323303261807
3558,355.707114,4.295036493278329
3559,355.807116,5.77682557295628
3560,355.907118,5.661477021317599
3561,356.00712,5.106333716657091
3562,356.107122,5.869135657314485
3563,356.207124,5.74276258028842
3564,356.307126,5.489429568814828
3565,356.407128,5.47423743927878
3566,356.50713,5.416446475088711
3567,356.607132,5.7958544759521855
3568,356.707134,5.281997846963699
3569,356.807136,5.355765255656584
3570,356.90713800000003,5.272950828567568
3571,357.00714,5.431446573712964
3572,357.107142,5.141122147345923
3573,357.207144,5.605524629832363
3574,357.307146,5.712508616634647
3575,357.407148,4.993352903978567
3576,357.50715,5.026806826958685
3577,357.607152,5.026455946548783
3578,357.707154,4.914117360152201
3579,357.807156,4.7362202355309115
3580,357.907158,4.99310450096629
3581,358.00716000000006,4.7589910349152875
3582,358.107162,5.195575719850745
3583,358.207164,5.148802712386731
3584,358.30716600000005,5.009177887289855
3585,358.407168,5.140040050138882
3586,358.50717,5.067475214804309
3587,358.60717200000005,5.154315740304028
3588,358.707174,5.276132022489201
3589,358.807176,4.815737100730578
3590,358.907178,5.285607431806919
3591,359.00718,5.4472568327838475
3592,359.107182,5.01585352569251
3593,359.207184,5.013729626343446
3594,359.307186,5.305772859140624
3595,359.407188,5.324992769471432
3596,359.50719,4.967447742488706
3597,359.607192,4.783465691037821
3598,359.707194,5.205492283902614
3599,359.807196,4.92675263093691
3600,359.90719800000005,5.224758361875999
3601,360.0072,5.733895168652997
3602,360.107202,5.317210056146758
3603,360.20720400000005,5.428245200996543
3604,360.307206,5.190961927079318
3605,360.40720799999997,5.11639134481395
3606,360.50721000000004,5.043328247962924
3607,360.607212,5.310417689486547
3608,360.707214,6.125566454462433
3609,360.80721600000004,5.524412358367516
3610,360.907218,5.0268528686839975
3611,361.00722,5.286214523612095
3612,361.10722200000004,4.586525324743163
3613,361.207224,4.920344779100841
3614,361.307226,4.648835320791026
3615,361.407228,4.605164559591565
3616,361.50723,5.536997159291555
3617,361.607232,5.801977041050871
3618,361.70723399999997,4.989109240988564
3619,361.80723600000005,4.769375601150076
3620,361.907238,4.957121138710783
3621,362.00723999999997,4.975701419931621
3622,362.10724200000004,4.8139664310815755
3623,362.207244,4.901921937290923
3624,362.30724599999996,5.124842573973948
3625,362.40724800000004,5.365880431109556
3626,362.50725,5.696338493152143
3627,362.60725199999996,5.358645848563849
3628,362.70725400000003,5.313878192973366
3629,362.807256,5.26209204610009
3630,362.907258,5.161010425973732
3631,363.00726000000003,5.182592562124296
3632,363.107262,5.218585719197662
3633,363.207264,4.896428330350314
3634,363.307266,5.381668915426053
3635,363.407268,5.2289209148413756
3636,363.50727,5.299798986586915
3637,363.607272,4.856702190418263
3638,363.70727400000004,4.762456992908334
3639,363.807276,4.809927127164783
3640,363.907278,4.742323963847431
3641,364.00728000000004,4.641430546740688
3642,364.107282,5.0920773560759
3643,364.20728399999996,4.60923095023318
3644,364.30728600000003,4.778691847116149
3645,364.407288,4.781367278928362
3646,364.50728999999995,4.9417468061508405
3647,364.60729200000003,4.645108141865771
3648,364.707294,4.862459785921418
3649,364.807296,4.6839220582738035
3650,364.907298,4.736332083512885
3651,365.0073,4.7939657180521555
3652,365.107302,4.924601077335967
3653,365.207304,5.100119187458062
3654,365.307306,5.03421643685876
3655,365.407308,4.8858298197786905
3656,365.50731,4.756133034109474
3657,365.60731200000004,4.657671747162663
3658,365.707314,4.860296876640175
3659,365.807316,4.764833011346129
3660,365.90731800000003,4.879481931224277
3661,366.00732,4.833013883773889
3662,366.107322,4.7564127148661255
3663,366.207324,4.584352152070433
3664,366.307326,4.745798084392166
3665,366.407328,4.783752016350559
3666,366.50733,4.821401480145116
3667,366.607332,4.815693736056217
3668,366.70733400000006,4.809621362373601
3669,366.807336,4.874993807078913
3670,366.907338,4.668877350863299
3671,367.00734,4.582133709675718
3672,367.107342,4.85885568927373
3673,367.207344,4.717407735882086
3674,367.307346,5.096425119235509
3675,367.407348,5.034734573993267
3676,367.50735000000003,5.013209571190303
3677,367.607352,5.045754542630392
3678,367.707354,4.995898739486138
3679,367.807356,4.752464740168783
3680,367.907358,4.938290544338089
3681,368.00736,4.881223761439978
3682,368.107362,4.908703330259011
3683,368.207364,5.1108973303432546
3684,368.307366,4.8212634856915315
3685,368.407368,4.8757000219909
3686,368.50737,4.382414446575281
3687,368.60737200000005,4.734356338773335
3688,368.707374,5.087801325551025
3689,368.807376,4.964721636616336
3690,368.90737800000005,5.136788100354217
3691,369.00738,5.307009510557776
3692,369.107382,4.745225143278844
3693,369.20738400000005,4.979680804791576
3694,369.307386,4.80527109313525
3695,369.407388,4.885734615063118
3696,369.50739,4.8822923932999895
3697,369.607392,5.165597880297953
3698,369.707394,5.138798427947387
3699,369.807396,5.159871763983549
3700,369.907398,4.641705937448668
3701,370.0074,4.776668835347926
3702,370.107402,4.913477065313987
3703,370.207404,5.627386291765078
3704,370.307406,5.246053819251582
3705,370.407408,5.1889022354009064
3706,370.50741000000005,5.267504971056399
3707,370.607412,5.333881976784854
3708,370.70741399999997,5.402148413734593
3709,370.80741600000005,5.146779388507816
3710,370.907418,5.377327850602644
3711,371.00741999999997,5.22183314430989
3712,371.10742200000004,5.138514770827295
3713,371.207424,5.0110284645636
3714,371.307426,5.176411358994212
3715,371.40742800000004,4.960893106930135
3716,371.50743,5.169535819145716
3717,371.607432,5.288543432962392
3718,371.70743400000003,5.249837943501585
3719,371.807436,5.197987025974633
3720,371.907438,5.254255552902447
3721,372.00744,5.262959816157265
3722,372.107442,5.162821394127544
3723,372.207444,5.364158062964501
3724,372.30744599999997,5.375776827080204
3725,372.40744800000004,5.393692718096423
3726,372.50745,4.783478115855454
3727,372.60745199999997,5.073515553607483
3728,372.70745400000004,4.982462570592632
3729,372.807456,4.8632312821120545
3730,372.90745799999996,5.077540889496794
3731,373.00746000000004,5.057886652564753
3732,373.107462,5.164020557291347
3733,373.207464,4.541254332625028
3734,373.30746600000003,4.565620924029957
3735,373.407468,5.198807265564783
3736,373.50747,4.588622217355104
3737,373.60747200000003,4.853131611639926
3738,373.707474,4.922209178686207
3739,373.807476,5.168237395297494
3740,373.907478,4.496157686435733
3741,374.00748,4.873759163620688
3742,374.107482,4.789939069468824
3743,374.207484,4.899659913119529
3744,374.30748600000004,4.8104315029177
3745,374.407488,4.719184030113383
3746,374.50749,4.974691831578611
3747,374.60749200000004,5.431225498568523
3748,374.707494,4.767951834365927
3749,374.80749599999996,4.538459928848355
3750,374.90749800000003,4.4845482895201005
3751,375.0075,4.403160256637923
3752,375.107502,4.549323400905555
3753,375.20750400000003,4.919990045509797
3754,375.307506,4.836080531480664
3755,375.407508,4.349269784712937
3756,375.50751,4.595683593099045
3757,375.607512,4.4867623402134456
3758,375.707514,4.7827976068829265
3759,375.807516,4.849750710873107
3760,375.907518,5.027165649672324
3761,376.00752,5.47582171030403
3762,376.107522,4.889507274717637
3763,376.20752400000003,5.308994863244499
3764,376.307526,5.077268534429475
3765,376.407528,5.263614797687705
3766,376.50753000000003,5.189704756203624
3767,376.607532,4.9511431535438515
3768,376.707534,5.195191623943015
3769,376.807536,4.905843413099911
3770,376.907538,4.897446357188909
3771,377.00754,4.806179937263378
3772,377.107542,4.750568719978297
3773,377.207544,4.948226347419282
3774,377.30754600000006,4.7778815511057005
3775,377.407548,4.948415959501311
3776,377.50755,5.1518146904504345
3777,377.607552,4.925197844233323
3778,377.707554,5.04155025507769
3779,377.807556,4.994848273236633
3780,377.907558,4.944596754397563
3781,378.00756,4.9824905099489625
3782,378.10756200000003,5.019892333038394
3783,378.207564,5.298789456703722
3784,378.307566,5.123069346576583
3785,378.407568,4.863161141074332
3786,378.50757,5.2266097837931245
3787,378.607572,5.0870083371830495
3788,378.707574,5.131388809514328
3789,378.807576,5.0929818078711415
3790,378.907578,5.060283184793146
3791,379.00758,5.199870039504005
3792,379.107582,5.0915611012028394
3793,379.20758400000005,4.845661805063333
3794,379.307586,5.0489179052579765
3795,379.407588,5.439230446958726
3796,379.50759000000005,5.263327537509427
3797,379.607592,4.989013087560529
3798,379.707594,4.975019272096532
3799,379.80759600000005,5.208870343907443
3800,379.907598,5.242334681811696
3801,380.0076,4.894819958284032
3802,380.107602,4.83401967183442
3803,380.207604,4.958721002959719
3804,380.307606,4.631672483070013
3805,380.407608,5.389318620990468
3806,380.50761,5.172268016669753
3807,380.607612,5.2010579826141115
3808,380.707614,5.287940351549779
3809,380.807616,5.271224792071166
3810,380.907618,5.539686743313984
3811,381.00762,5.40656044440635
3812,381.10762200000005,5.53719099486953
3813,381.207624,5.50335363242008
3814,381.30762599999997,5.201685292739376
3815,381.40762800000005,5.135150861659407
3816,381.50763,4.855672064662472
3817,381.60763199999997,5.077084289973522
3818,381.70763400000004,5.021757858498924
3819,381.807636,5.378747339379801
3820,381.907638,5.3725147034637954
3821,382.00764000000004,5.6296170772974214
3822,382.107642,5.0461886536383895
3823,382.207644,5.0730260990111145
3824,382.30764600000003,5.125491053292093
3825,382.407648,5.207442876350318
3826,382.50765,5.294187018432451
3827,382.60765200000003,5.597971132145713
3828,382.707654,5.207418952863396
3829,382.807656,5.32888006649549
3830,382.90765799999997,4.943810981390796
3831,383.00766000000004,5.336880386538739
3832,383.107662,5.29679116985089
3833,383.20766399999997,5.491929053946525
3834,383.30766600000004,4.974632358517667
3835,383.407668,5.2071014978211725
3836,383.50766999999996,5.1540896927190625
3837,383.60767200000004,5.162417549095774
3838,383.707674,5.062973935347347
3839,383.807676,5.115164960969249
3840,383.90767800000003,5.2842225440123345
3841,384.00768,4.9255516280851435
3842,384.107682,4.8010678668099525
3843,384.20768400000003,4.628007536836267
3844,384.307686,4.642686524690995
3845,384.407688,4.789885872067486
3846,384.50769,4.7137616757282546
3847,384.607692,5.118613841116034
3848,384.707694,5.219498191355714
3849,384.807696,5.175393504291231
3850,384.90769800000004,5.199510054591115
3851,385.0077,4.7846530163879875
3852,385.107702,5.087630469006161
3853,385.20770400000004,4.988795201757134
3854,385.307706,5.202833574820072
3855,385.40770799999996,4.796324169518446
3856,385.50771000000003,5.13720944374143
3857,385.607712,5.314197000540563
3858,385.707714,4.936450162014233
3859,385.807716,5.220765427488481
3860,385.907718,5.167103504502736
3861,386.00772,4.802562223385406
3862,386.107722,5.0554061852422425
3863,386.207724,5.020668204547489
3864,386.307726,5.241479356144498
3865,386.407728,5.274350111538829
3866,386.50773,5.383268129925268
3867,386.607732,5.0491957111870525
3868,386.707734,5.168275288511119
3869,386.80773600000003,5.18833631528468
3870,386.907738,4.901720813369418
3871,387.00774,4.666103413996546
3872,387.10774200000003,4.950998451545406
3873,387.207744,5.125900063853935
3874,387.307746,4.9069735705083115
3875,387.407748,4.919000672479055
3876,387.50775,4.829296300644348
3877,387.60775200000006,4.803170014252552
3878,387.707754,5.041008701253092
3879,387.807756,4.828159812679593
3880,387.90775800000006,4.996082779601367
3881,388.00776,5.105897400871048
3882,388.107762,4.929321455107626
3883,388.207764,4.906292611290411
3884,388.307766,5.050795182051184
3885,388.407768,5.230957538466998
3886,388.50777,5.16300302039289
3887,388.607772,5.135888934507403
3888,388.70777400000003,5.87255119246288
3889,388.807776,5.083227927167989
3890,388.907778,5.32483196844244
3891,389.00778,5.376216562926951
3892,389.107782,5.183409641118612
3893,389.207784,5.030821220103764
3894,389.307786,4.99327802801409
3895,389.407788,4.663689133543112
3896,389.50779,4.865652942997077
3897,389.607792,5.176329359291296
3898,389.707794,5.120767444071265
3899,389.80779600000005,5.117870433255665
3900,389.907798,5.149060848903588
3901,390.0078,4.886943042887124
3902,390.10780200000005,4.383431867994873
3903,390.207804,4.397531180932771
3904,390.30780599999997,4.652434589039197
3905,390.40780800000005,4.642371416061441
3906,390.50781,5.026382699217606
3907,390.607812,5.284732678849195
3908,390.707814,4.9621610269407075
3909,390.807816,5.202473750169532
3910,390.907818,5.053382037430506
3911,391.00782,4.954019181875739
3912,391.107822,4.975547193547738
3913,391.207824,4.881238329972061
3914,391.307826,4.664410670437863
3915,391.407828,4.846566184435216
3916,391.50783,5.262064867177946
3917,391.607832,5.3173590850598265
3918,391.70783400000005,5.206122149176015
3919,391.807836,4.893531539132904
3920,391.90783799999997,5.294718573352363
3921,392.00784000000004,5.121656446546074
3922,392.107842,5.053001172919863
3923,392.20784399999997,4.8950644494559725
3924,392.30784600000004,4.558716031093497
3925,392.407848,4.682652442070059
3926,392.50785,5.241020369484479
3927,392.60785200000004,5.091478235875009
3928,392.707854,5.097543445528618
3929,392.807856,4.957952290371208
3930,392.90785800000003,4.975849245641901
3931,393.00786,4.908529540711693
3932,393.107862,4.929078955432542
3933,393.20786400000003,4.841034897697929
3934,393.307866,4.879903380182006
3935,393.407868,4.851374040302645
3936,393.50786999999997,4.733589142316802
3937,393.60787200000004,5.045895836136449
3938,393.707874,5.02523641525906
3939,393.80787599999996,5.017997080292128
3940,393.90787800000004,4.946183288555922
3941,394.00788,4.787833434319753
3942,394.10788199999996,4.884205603306908
3943,394.20788400000004,4.963011797893814
3944,394.307886,4.868802766048548
3945,394.407888,5.033624975879837
3946,394.50789000000003,5.448734468696017
3947,394.607892,5.098111647749879
3948,394.707894,5.187503843238109
3949,394.807896,4.933092185299219
3950,394.907898,4.6711165402775405
3951,395.0079,4.968787329636852
3952,395.107902,5.1318277356323625
3953,395.207904,5.318202785705157
3954,395.307906,5.053867031948788
3955,395.407908,4.885933589375952
3956,395.50791000000004,5.088274320944416
3957,395.607912,4.776313194700694
3958,395.707914,4.867867101704799
3959,395.80791600000003,4.9344681222238025
3960,395.907918,5.0735093959883955
3961,396.00791999999996,4.94769457281562
3962,396.10792200000003,5.0606844932093695
3963,396.207924,4.93747763832725
3964,396.307926,4.742245152060862
3965,396.407928,4.802977788761984
3966,396.50793,4.943633533165244
3967,396.607932,4.776127130523816
3968,396.707934,4.388125576783941
3969,396.807936,4.743424079485814
3970,396.907938,5.162607226818969
3971,397.00794,4.9984588417006375
3972,397.107942,5.13022619726674
3973,397.207944,5.0616493235182745
3974,397.307946,5.12881079015368
3975,397.40794800000003,5.148031737493088
3976,397.50795,5.267340986078274
3977,397.607952,5.111919397248516
3978,397.70795400000003,4.957539519462401
3979,397.807956,5.500491825412988
3980,397.907958,5.17785463228748
3981,398.00796,5.125886337866468
3982,398.107962,5.426058355457102
3983,398.20796400000006,5.575596442290853
3984,398.307966,5.2757510052892105
3985,398.407968,5.85146202425796
3986,398.50797000000006,5.7981780197286135
3987,398.607972,5.4642237873643005
3988,398.707974,5.765080714346373
3989,398.807976,5.659456368124358
3990,398.907978,5.879237377871651
3991,399.00798,6.236679745302881
3992,399.107982,5.9466628813239915
3993,399.207984,6.201987716763416
3994,399.307986,6.121014065523608
3995,399.407988,6.030931667013737
3996,399.50799,6.076549537475392
3997,399.607992,6.1648356454818805
3998,399.707994,5.917286140793812
3999,399.807996,5.616133979803843
4000,399.907998,5.705750371444082
4001,400.000014,5.768792961110623
