Frame,Time (ns),RMSD
1,0.0,2.1526270583838944e-06
2,0.100002,2.475894675683191
3,0.200004,2.2976429989743457
4,0.30000600000000005,2.7454791776587437
5,0.400008,2.981494068093867
6,0.50001,3.8372545491375254
7,0.6000120000000001,3.904213780914614
8,0.700014,3.927531075344649
9,0.800016,3.8126644702401498
10,0.900018,4.281572112108419
11,1.00002,3.552061090853247
12,1.1000219999999998,3.7617584056182425
13,1.2000240000000002,3.500091119212294
14,1.3000260000000001,3.3998428928663516
15,1.400028,4.6214735374642055
16,1.50003,3.7988780772491575
17,1.600032,4.189670311992115
18,1.700034,3.7605501928593683
19,1.800036,3.8164555864675322
20,1.9000380000000001,4.75972832540079
21,2.00004,4.508545456636575
22,2.1000419999999997,4.028372706085088
23,2.2000439999999997,3.226675837245211
24,2.300046,4.494898036615748
25,2.4000480000000004,4.175177084063479
26,2.5000500000000003,4.1971688741811715
27,2.6000520000000003,4.741909890408912
28,2.700054,3.9638509334693834
29,2.800056,3.7503285396069406
30,2.900058,4.16349839920798
31,3.00006,3.937567485784614
32,3.100062,3.5678136655147776
33,3.200064,3.713503845886393
34,3.300066,3.222921851553488
35,3.400068,3.7455885342075117
36,3.50007,3.3921592842794386
37,3.600072,3.162705162901255
38,3.700074,4.1878660514235735
39,3.8000760000000002,3.9561004398794255
40,3.900078,3.4417217945303795
41,4.00008,4.098962408664117
42,4.1000820000000004,4.1998762297353
43,4.2000839999999995,4.360203539262516
44,4.300086,3.78014651520716
45,4.400087999999999,3.995286403502222
46,4.50009,4.261978504535065
47,4.600092,4.064020495043113
48,4.700094,4.185816433691831
49,4.800096000000001,4.15543962183675
50,4.900098,3.907897923705443
51,5.000100000000001,4.564415811479729
52,5.100102,3.840112121282574
53,5.2001040000000005,4.210644620011928
54,5.3001059999999995,3.816151605770216
55,5.400108,3.688389038658861
56,5.500109999999999,3.7234934830425774
57,5.600112,3.897062755989685
58,5.700114,4.011261135945876
59,5.800116,4.096316844345329
60,5.900118,4.359062731487952
61,6.00012,4.410632023620369
62,6.100122000000001,5.209189977292003
63,6.200124,4.37146552099961
64,6.300126000000001,5.163187290728648
65,6.400128,4.713146276422736
66,6.50013,4.364914870495299
67,6.600132,3.782108617630806
68,6.700134,3.6260700517407183
69,6.800136,3.846199407301599
70,6.900138,3.9474801639145483
71,7.00014,4.1741254902151255
72,7.100142,4.351989091982181
73,7.200144,3.732030346829521
74,7.300146,4.157782500148389
75,7.400148,4.3506179677136
76,7.5001500000000005,4.18720942580495
77,7.6001520000000005,3.361261628903051
78,7.700154,3.688046155103157
79,7.800156,4.0537274732372035
80,7.900158,4.199501626521752
81,8.00016,3.6901272005025256
82,8.100162000000001,4.170653135481487
83,8.200164000000001,3.9231332503032914
84,8.300166,4.243222735432401
85,8.400167999999999,3.7991742213634425
86,8.50017,4.138831830224431
87,8.600172,4.914159818961237
88,8.700174,4.509545293152716
89,8.800175999999999,3.728895288800393
90,8.900178,3.5245359538221916
91,9.00018,4.5910784521626935
92,9.100182,4.911884795805814
93,9.200184,3.9695486228222356
94,9.300186,4.374500843489679
95,9.400188,3.8861327001477424
96,9.50019,4.549174980727959
97,9.600192000000002,4.69445583111151
98,9.700194,3.928014557574156
99,9.800196,4.164704666895709
100,9.900198,4.453836730555936
101,10.000200000000001,4.517014417525135
102,10.100202,4.20732597599611
103,10.200204,3.8590519506324736
104,10.300206,4.143021491762019
105,10.400208000000001,4.057549696215942
106,10.500210000000001,4.485991911758859
107,10.600211999999999,4.253674908656148
108,10.700214,4.574786210391945
109,10.800216,4.441063968118189
110,10.900218,4.017006650409227
111,11.000219999999999,3.686718112903329
112,11.100222,3.3717997351495477
113,11.200224,3.1580939256692955
114,11.300226,2.661294073649633
115,11.400228,2.79079928257821
116,11.50023,3.012491541660158
117,11.600232,2.705997957137422
118,11.700234,3.0115711877369575
119,11.800236,3.557183845714895
120,11.900238,3.5362064857998576
121,12.00024,2.994930032820873
122,12.100242,3.558910458970693
123,12.200244000000001,4.150117679502079
124,12.300246000000001,4.113020152587507
125,12.400248,4.163908998535991
126,12.50025,3.8224947665207516
127,12.600252000000001,3.6521774505618776
128,12.700254000000001,4.384467821023925
129,12.800256,4.625445350011432
130,12.900258,3.806896465462143
131,13.00026,4.770959277743291
132,13.100262,5.111593858267391
133,13.200264,4.986092746044711
134,13.300265999999999,4.587774359884461
135,13.400268,4.547618598285882
136,13.50027,4.654552406331682
137,13.600272,4.650994218716542
138,13.700274,4.408229310929129
139,13.800276,4.7376223397220105
140,13.900278,4.566852314749531
141,14.00028,4.504419243941062
142,14.100282000000002,4.690081967101243
143,14.200284,4.341686337080508
144,14.300286,4.005444804486115
145,14.400288,4.569443937940585
146,14.500290000000001,5.565541556281335
147,14.600292,5.4401244655256145
148,14.700294,4.588878462156009
149,14.800296,4.971356830657141
150,14.900298000000001,5.122273766434308
151,15.000300000000001,5.078203512875384
152,15.100302,4.953882651723888
153,15.200304000000001,4.771062528754593
154,15.300306,4.594721760453337
155,15.400308,4.448845688388471
156,15.500309999999999,4.7374282314088205
157,15.600312,4.677709881829057
158,15.700314,4.7680812184513846
159,15.800316,4.909119789076566
160,15.900318,6.0112585264411535
161,16.00032,5.095016672665085
162,16.100322,5.376847640356833
163,16.200324000000002,4.7748134290444195
164,16.300326000000002,4.853167035624955
165,16.400328000000002,5.958575848714304
166,16.50033,4.834228907960792
167,16.600332,4.54648357616856
168,16.700333999999998,5.036602732101767
169,16.800335999999998,4.823160998610539
170,16.900338,5.14276557377475
171,17.00034,4.405785845933088
172,17.100342,4.519421832193837
173,17.200344,4.112025933484424
174,17.300346,3.944342590530339
175,17.400348,4.071781650870062
176,17.50035,4.327197728018122
177,17.600351999999997,3.9416518055181515
178,17.700354,4.438360316443603
179,17.800356,4.4517926045277605
180,17.900358,4.051392463171326
181,18.00036,3.9636064715690376
182,18.100362,4.30088656639586
183,18.200364,3.5692908884088097
184,18.300366,3.1816591250583413
185,18.400368,3.429711354909553
186,18.50037,3.45473047719106
187,18.600372,3.21844525007028
188,18.700374,2.931259508330548
189,18.800376,2.688929584692819
190,18.900378,2.8531678418948934
191,19.00038,3.102746055885407
192,19.100382,3.0466855954782512
193,19.200384000000003,2.8756607647132544
194,19.300386,3.186312910801732
195,19.400388,3.546408812346953
196,19.50039,3.209597785076638
197,19.600392,2.9258842911075487
198,19.700394,3.8169290340416593
199,19.800396,3.8039395264659315
200,19.900398000000003,3.2436927817320376
201,20.000400000000003,3.3969097160928587
202,20.100402000000003,2.9785795658079017
203,20.200404,3.3638735131084085
204,20.300406,2.843197430413962
205,20.400408,2.821657288323865
206,20.50041,2.9469040712800365
207,20.600412,3.3247229469761863
208,20.700414000000002,3.550745943625795
209,20.800416000000002,4.231615659293618
210,20.900418000000002,3.453407748099462
211,21.000420000000002,4.159271804623054
212,21.100422,3.4322851660287643
213,21.200423999999998,3.9296444991368693
214,21.300425999999998,4.356630067056632
215,21.400428,4.963696724073003
216,21.50043,4.778685514309891
217,21.600432,5.139054979801096
218,21.700434,4.362282349048208
219,21.800436,4.652289129731982
220,21.900438,5.474951330887286
221,22.000439999999998,5.034929635993283
222,22.100441999999997,4.550789703637286
223,22.200444,4.74384246310246
224,22.300446,4.921935879352252
225,22.400448,4.707224567889152
226,22.50045,4.088384186324496
227,22.600452,4.478656400010643
228,22.700454,3.9144388318875643
229,22.800456,4.398376692241026
230,22.900458,3.8882176468275635
231,23.00046,4.915211369634118
232,23.100462,6.109495695147534
233,23.200464,6.029431592597748
234,23.300466,5.864310392702945
235,23.400468,6.088445100464422
236,23.50047,5.156762023338055
237,23.600472,5.074301261912804
238,23.700474000000003,6.485660230868342
239,23.800476,6.5441066810000645
240,23.900478,5.146576070308154
241,24.00048,5.134681934302906
242,24.100482,4.95795195679122
243,24.200484,4.42253934784359
244,24.300486,4.910400990298637
245,24.400488000000003,6.003441555973641
246,24.500490000000003,6.192549370587403
247,24.600492000000003,6.619356316438127
248,24.700494,6.076763411162817
249,24.800496,6.234562410485305
250,24.900498,6.451259489630206
251,25.0005,6.644482748599647
252,25.100502,7.46715199970469
253,25.200504000000002,7.325264237308705
254,25.300506000000002,7.9751605309176625
255,25.400508000000002,8.079298257219387
256,25.500510000000002,8.75752273934103
257,25.600512,7.237781663082399
258,25.700514,6.636274402129594
259,25.800516,7.377535266694719
260,25.900518,6.569420047486348
261,26.00052,5.922744872478792
262,26.100522,6.141352737688628
263,26.200524,5.963521201276147
264,26.300526,5.1460821032438115
265,26.400528,4.60460750798676
266,26.500529999999998,4.556534886240608
267,26.600531999999998,4.206377118446162
268,26.700534,4.421695778205246
269,26.800536,3.684220013543729
270,26.900538,3.9218610558969917
271,27.00054,4.155395379701351
272,27.100542,4.216869222353249
273,27.200544,4.218217749268068
274,27.300546,4.927436004977553
275,27.400548,4.118758385904914
276,27.50055,4.207407321734074
277,27.600552,3.9960890078584765
278,27.700554,3.951615545832909
279,27.800556,4.273629606955213
280,27.900558,4.796572311631505
281,28.00056,4.656623811836825
282,28.100562,4.727072158161073
283,28.200564000000004,4.689660859623714
284,28.300566,4.085004406910502
285,28.400568,4.090311797890147
286,28.50057,3.7405001863535072
287,28.600572,4.073352967515075
288,28.700574,4.271715271006772
289,28.800576,4.246938624464482
290,28.900578000000003,4.77081645613066
291,29.000580000000003,4.8996893445486975
292,29.100582000000003,4.885384175280081
293,29.200584,4.340074001146697
294,29.300586,4.553129527511482
295,29.400588,4.90650144254686
296,29.50059,4.600749351248596
297,29.600592,4.44301895075871
298,29.700594000000002,4.798127130274136
299,29.800596000000002,4.550321473513578
300,29.900598000000002,4.491322310162685
301,30.000600000000002,4.292432918860842
302,30.100602,4.624726058675508
303,30.200604,4.12868016852656
304,30.300606,4.0045113357439295
305,30.400608000000002,3.8884516024829265
306,30.50061,3.68213759577436
307,30.600612,4.144914231366292
308,30.700614,4.312767451830249
309,30.800616,3.8215572961221955
310,30.900618,3.942241688346011
311,31.000619999999998,3.7427087375714483
312,31.100621999999998,3.512304787094874
313,31.200624,3.8928152112333265
314,31.300626,3.641232676555017
315,31.400628,3.4122404007818035
316,31.50063,3.9047750610560135
317,31.600632,3.6368057018660243
318,31.700634,4.168260810468235
319,31.800636,4.469359013200975
320,31.900638,3.6809452466956056
321,32.00064,3.7953969225758306
322,32.100642,4.339037113940393
323,32.200644,4.843392352978668
324,32.300646,4.7169875949092575
325,32.400648000000004,4.2792152181815455
326,32.50065,3.902131512572698
327,32.600652000000004,4.418262538540081
328,32.700654,4.501889919562247
329,32.800656000000004,4.114625595825053
330,32.900658,4.008456552570456
331,33.00066,3.6254522267118086
332,33.10066200000001,3.8403169378146216
333,33.200664,3.963688269594162
334,33.300666,3.9724104524893082
335,33.400667999999996,4.402430550494034
336,33.50067,4.27208750800343
337,33.600671999999996,3.75549550710211
338,33.700674,3.716124146105943
339,33.800676,3.621300803681344
340,33.900678,3.4282321644132
341,34.00068,3.803768903751167
342,34.100682,3.624273014113791
343,34.200684,4.086535909388776
344,34.300686,3.7855536458758796
345,34.400688,3.933059850286768
346,34.500690000000006,3.562024755098786
347,34.600692,3.7031218413908773
348,34.700694000000006,3.965339928692906
349,34.800696,5.777422871981617
350,34.900698000000006,5.4325277442598745
351,35.0007,4.615827519756619
352,35.100702,4.367087091086704
353,35.200703999999995,4.720905818034134
354,35.300706,4.319380798270406
355,35.400708,4.598545642745162
356,35.50071,4.080046265121152
357,35.600712,6.063550725011657
358,35.700714,6.0446765707991705
359,35.800716,5.037316262567768
360,35.900718,4.888383448353407
361,36.00072,5.3510961245178175
362,36.100722000000005,4.971677774513633
363,36.200724,4.554654914054183
364,36.300726000000004,4.852241415616229
365,36.400728,3.9247526170436635
366,36.500730000000004,4.404748828640933
367,36.600732,5.419281760893745
368,36.700734000000004,5.243496865327701
369,36.800736,4.9298974300467755
370,36.900738,4.965997596118128
371,37.00074,5.016112814971503
372,37.100742,4.6127859196225796
373,37.200744,4.865884721636239
374,37.300746,5.095952433933941
375,37.400748,5.301459755362921
376,37.50075,4.834833263369116
377,37.600752,5.690781863496115
378,37.700754,4.486727991926047
379,37.800756,4.504861276114435
380,37.900758,5.689709721968128
381,38.00076,5.5522240345903
382,38.100762,5.399528361582619
383,38.200764,5.953258893003225
384,38.300766,6.127411287771018
385,38.40076800000001,4.858313207030834
386,38.50077,5.759571248590568
387,38.600772,5.319892312535276
388,38.700773999999996,5.47398341097848
389,38.800776,5.322107988482254
390,38.900777999999995,4.5895642487616
391,39.00078,4.827460377120181
392,39.100782,5.1292181242994594
393,39.200784,5.092895694206053
394,39.300786,5.738052806609808
395,39.400788,5.109087368589833
396,39.50079,5.758274937503884
397,39.600792,5.512297316079607
398,39.700794,5.3810656368119725
399,39.800796000000005,4.720513139007544
400,39.900798,6.372720044835836
401,40.000800000000005,6.157880486922908
402,40.100802,5.854285004720823
403,40.200804000000005,6.202079492395231
404,40.300806,5.140119898964151
405,40.400808,5.480963430347245
406,40.500809999999994,5.677871839388238
407,40.600812,5.379150137678466
408,40.700814,4.976689702374292
409,40.800816,4.799061270029553
410,40.900818,4.851875390184312
411,41.00082,5.270956294957383
412,41.100822,5.750655700041072
413,41.200824,5.675066747461183
414,41.300826,5.288606109679886
415,41.400828000000004,4.8982492049691535
416,41.50083,5.471525463198407
417,41.600832000000004,5.51187316285683
418,41.700834,5.268653341483135
419,41.800836000000004,6.132951539430115
420,41.900838,6.156235680840417
421,42.000840000000004,5.507315806651266
422,42.10084200000001,4.9325432638424855
423,42.200844,5.983505911915937
424,42.300846,6.98567758201581
425,42.400847999999996,6.5281668675547175
426,42.50085,6.757468099414045
427,42.600851999999996,6.654462518275655
428,42.700854,6.272368894570417
429,42.800856,7.059171068385046
430,42.900858,6.577695069393208
431,43.00086,5.7410095202192455
432,43.100862,5.794181561094195
433,43.200864,6.618630811482076
434,43.300866,5.948302796086758
435,43.400868,6.018155816660611
436,43.500870000000006,5.589589741564769
437,43.600872,5.544316583217218
438,43.700874000000006,5.681817063518185
439,43.800876,4.593003244039966
440,43.900878000000006,5.083589261981759
441,44.000879999999995,4.742411671589022
442,44.100882,5.669796564505835
443,44.200883999999995,4.2079311940532955
444,44.300886,5.7290612312778775
445,44.400888,6.533250806623291
446,44.50089,5.735294171914951
447,44.600892,6.004655688231212
448,44.700894,6.041534873356619
449,44.800896,6.762363915695999
450,44.900898,5.221066449465343
451,45.0009,5.653971033098775
452,45.100902000000005,5.2644972534288605
453,45.200904,5.246883149523545
454,45.300906000000005,5.565325100889675
455,45.400908,5.728544152886459
456,45.500910000000005,6.0147230649080985
457,45.600912,4.88612999049569
458,45.700914000000004,5.1030988604358685
459,45.800916,5.629759146070521
460,45.900918,5.365688114421243
461,46.00092,5.188044151254348
462,46.100922,4.890644004183926
463,46.200924,4.816196270347136
464,46.300926,4.589521359574057
465,46.400928,4.951014470483063
466,46.50093,5.380515519932961
467,46.600932,5.335777297689106
468,46.700934000000004,5.680084136896843
469,46.800936,5.104232878892279
470,46.900938000000004,4.2712386025717075
471,47.00094,5.045855344412002
472,47.100942,5.3679323110685
473,47.200944,5.305876190501758
474,47.300946,4.778273229728579
475,47.40094800000001,5.950725694322239
476,47.50095,5.64730272373431
477,47.600952,5.962435017293702
478,47.700953999999996,4.764155251681798
479,47.800956,5.208942162099286
480,47.900957999999996,5.133079731894756
481,48.00096,4.970792575389973
482,48.100962,5.273562239477715
483,48.200964,5.471225798095441
484,48.300966,4.978472799813549
485,48.400968,4.985496208666798
486,48.50097,5.057986207860764
487,48.600972,4.836371560416799
488,48.700974,5.995188717971086
489,48.800976000000006,5.546845648343838
490,48.900978,5.709893157165224
491,49.000980000000006,5.104022436573214
492,49.100982,5.397299429572586
493,49.200984000000005,5.42866575880667
494,49.300986,4.945992072400347
495,49.400988,5.147051799082102
496,49.500989999999994,5.3588828396421855
497,49.600992,4.537541871787551
498,49.700994,4.770874458897529
499,49.800996,4.506219840150552
500,49.900998,4.546936845876677
501,50.001,3.987820279311411
502,50.101002,3.979732226862515
503,50.201004,4.382182782933095
504,50.301006,4.8445365295558585
505,50.401008000000004,3.8589890265441738
506,50.50101,3.672209677417775
507,50.601012000000004,3.399861519053133
508,50.701014,4.478108108726747
509,50.801016000000004,4.534221531118568
510,50.901018,3.7427672952687536
511,51.001020000000004,3.81941819997123
512,51.10102200000001,3.660171699119292
513,51.201024,3.409264102498415
514,51.301026,3.7347729816042254
515,51.401028,3.729563982666074
516,51.50103,4.14847006696944
517,51.601032,4.756296921291579
518,51.701034,4.548778575624944
519,51.801036,4.025297346215698
520,51.901038,3.8374653565937678
521,52.00104,4.437807615173928
522,52.101042,5.289630832603368
523,52.201044,5.983393241329897
524,52.301046,5.1478393897276735
525,52.401048,4.9108641492366605
526,52.501050000000006,5.554237895527647
527,52.601052,6.551581274610176
528,52.701054000000006,5.940577300685898
529,52.801056,5.726136530454228
530,52.901058000000006,5.971261075694544
531,53.001059999999995,5.620900668897841
532,53.101062,5.340526328572045
533,53.201063999999995,5.158202237770888
534,53.301066,4.974579997236167
535,53.401068,5.271413944136876
536,53.50107,5.751151865300128
537,53.601072,4.918454629964784
538,53.701074,5.655626814392567
539,53.801076,5.709129776347099
540,53.901078,5.666384393935565
541,54.00108,4.750053045211445
542,54.101082000000005,5.633371522113729
543,54.201084,5.818623655887185
544,54.301086000000005,5.533798145066638
545,54.401088,5.949616537826787
546,54.501090000000005,6.3963750731134965
547,54.601092,5.8530721423061225
548,54.701094000000005,4.689786432453527
549,54.801096,4.461135082075449
550,54.901098,4.777629147356451
551,55.0011,5.359114544230105
552,55.101102,5.6134796593157015
553,55.201104,4.417534899683349
554,55.301106,4.6283532503994405
555,55.401108,5.346390363564412
556,55.50111,5.128947693722595
557,55.601112,6.368132002227806
558,55.701114000000004,6.699233775285756
559,55.801116,5.914859426503059
560,55.901118000000004,5.711911976463946
561,56.00112,5.793540085093475
562,56.101122000000004,6.4147917440384745
563,56.201124,6.322307263216559
564,56.301126000000004,6.976332583021262
565,56.40112800000001,7.2305176267173135
566,56.50113,7.281754881934018
567,56.601132,7.104819650956595
568,56.701133999999996,6.343239185023068
569,56.801136,5.492893797229318
570,56.901137999999996,6.061163376633566
571,57.00114,5.391793433382696
572,57.101142,4.65305741185164
573,57.201144,4.9623919565896895
574,57.301146,4.638526776142403
575,57.401148,5.767909996964281
576,57.50115,5.01088533434955
577,57.601152,5.4061887711857874
578,57.701154,6.373943349750748
579,57.801156000000006,5.978198296581597
580,57.901158,5.39476127445365
581,58.001160000000006,6.041349721495815
582,58.101162,5.951748838447996
583,58.201164000000006,5.582624232181321
584,58.301166,5.916434430290833
585,58.401168,5.90609210678384
586,58.501169999999995,5.484118355861252
587,58.601172,5.885596641947546
588,58.701174,5.9478236212690545
589,58.801176,4.681547804604371
590,58.901178,5.630667405540154
591,59.00118,4.488784718290075
592,59.101182,4.937072941671433
593,59.201184,4.822929898215358
594,59.301186,4.5014260604908625
595,59.401188000000005,5.417854712409043
596,59.50119,5.369091781533841
597,59.601192000000005,5.111226124778147
598,59.701194,4.229287705937926
599,59.801196000000004,5.0449299765301925
600,59.901198,4.79856386571955
601,60.001200000000004,5.564737178884903
602,60.10120200000001,5.583146479641685
603,60.201204,6.327236343160619
604,60.301206,7.104558632078019
605,60.401208,6.22898043259938
606,60.50121,5.559083307682451
607,60.601212,4.70122994497327
608,60.701214,5.072316521070989
609,60.801216000000004,5.897209093705544
610,60.901218,5.471126089829792
611,61.00122,5.9667239975381205
612,61.101222,4.860403013876364
613,61.201224,4.506650774913479
614,61.301226,4.91581218858327
615,61.401228,4.864103916843308
616,61.50123000000001,5.457517848796141
617,61.601232,4.865461115730599
618,61.70123400000001,6.068417879010173
619,61.801236,5.552702826659143
620,61.901238000000006,5.515561868863857
621,62.001239999999996,5.732281052737378
622,62.101242,5.215086124580765
623,62.201243999999996,4.651249815928506
624,62.301246,4.9825364333285505
625,62.401248,5.27870103538412
626,62.50125,5.125387025650221
627,62.601252,5.413557062529119
628,62.701254,5.518985265459443
629,62.801256,5.442074178086506
630,62.901258,5.741564394755262
631,63.00126,5.587836762054257
632,63.101262000000006,5.770731776400242
633,63.201264,4.998184734679394
634,63.301266000000005,5.657758619262733
635,63.401268,5.9116816616396015
636,63.501270000000005,5.979781055379426
637,63.601272,6.524078401871905
638,63.701274000000005,6.5582571120917
639,63.801276,6.303539625880771
640,63.901278,5.383763456585336
641,64.00128,5.680842922387692
642,64.101282,5.531861839012205
643,64.201284,5.448662119098943
644,64.301286,5.849074352036903
645,64.401288,5.5803723078343594
646,64.50129,5.3851752133644295
647,64.601292,5.802328840824548
648,64.701294,6.48378536476028
649,64.80129600000001,5.723016473527288
650,64.901298,6.148773519506654
651,65.0013,6.588886858755179
652,65.101302,5.641863534615641
653,65.20130400000001,5.003335376440338
654,65.30130600000001,5.735377903826251
655,65.401308,5.694236122912967
656,65.50131,6.494632422446723
657,65.60131200000001,5.464028419775699
658,65.701314,4.415859088354467
659,65.801316,4.047598092822535
660,65.901318,3.9549924901159494
661,66.00132,5.575814314270432
662,66.101322,5.717923250150157
663,66.20132400000001,5.527898044805135
664,66.301326,5.870781254597315
665,66.401328,6.245804325289166
666,66.50133,5.667379380905838
667,66.601332,6.900788820195
668,66.701334,7.0541641248700495
669,66.80133599999999,7.407086420719285
670,66.90133800000001,6.809464142618203
671,67.00134,5.3801836271687495
672,67.101342,5.664182818714479
673,67.20134399999999,6.232039749434682
674,67.30134600000001,5.124318320819111
675,67.401348,5.298461019913135
676,67.50135,5.395164834185976
677,67.601352,5.587622110837903
678,67.70135400000001,6.700870662139348
679,67.801356,6.183471052052581
680,67.901358,5.433755353211116
681,68.00136,5.659092207155713
682,68.10136200000001,5.518704274783212
683,68.201364,5.243442057162569
684,68.301366,4.112207937080914
685,68.401368,4.651851093900867
686,68.50137,4.3766989592360215
687,68.601372,4.4286396031047275
688,68.701374,4.814310180331709
689,68.801376,4.455183232812341
690,68.901378,4.705965677134091
691,69.00138000000001,5.308297153645447
692,69.101382,3.8787024942303665
693,69.201384,4.289964798310753
694,69.301386,4.034249770268543
695,69.40138800000001,5.243630171081516
696,69.50139,5.021497390167139
697,69.601392,5.431948299381585
698,69.701394,5.080964693430484
699,69.80139600000001,5.416667021659541
700,69.901398,4.21297916712855
701,70.0014,3.5363153444595388
702,70.10140200000001,4.101047372337701
703,70.201404,4.6733994638335705
704,70.301406,4.318406017094227
705,70.40140799999999,4.106099696323017
706,70.50141,4.369051370824591
707,70.601412,4.639678028882422
708,70.701414,4.652458185314065
709,70.801416,3.6128367444672933
710,70.901418,3.7166911571072907
711,71.00142,4.25893239058838
712,71.101422,4.668909099619736
713,71.201424,4.410093758571444
714,71.301426,3.997399423824454
715,71.401428,4.1483248032428595
716,71.50143000000001,4.57850236352181
717,71.601432,4.296922390191254
718,71.701434,4.38992958700197
719,71.801436,4.416733942359501
720,71.901438,4.560428390717272
721,72.00144,4.940555576187972
722,72.10144199999999,4.309004595580673
723,72.20144400000001,4.002032486699408
724,72.301446,3.58089152083145
725,72.401448,3.786220065474106
726,72.50144999999999,4.038483728177427
727,72.60145200000001,4.297475810660167
728,72.701454,3.7606010542632684
729,72.801456,3.8355530556966553
730,72.901458,4.618920215365699
731,73.00146000000001,4.368849313675869
732,73.101462,4.344631541840384
733,73.201464,3.834164134114484
734,73.301466,3.7663384857662874
735,73.40146800000001,3.643775232859478
736,73.50147,4.4398709867194865
737,73.601472,3.8750085022178746
738,73.701474,4.015197003857175
739,73.801476,3.830564748774011
740,73.901478,3.9335443541190944
741,74.00148,3.8357866388065833
742,74.101482,3.833584109422224
743,74.201484,4.432454037609909
744,74.30148600000001,4.373656357950242
745,74.401488,4.444309633188702
746,74.50149,4.296126928754628
747,74.601492,4.413036474819146
748,74.70149400000001,4.732917820690216
749,74.801496,5.013966640862076
750,74.901498,4.75393388617692
751,75.0015,3.9163129534538568
752,75.10150200000001,3.947174507574578
753,75.201504,4.2571817874129
754,75.301506,4.35122827280764
755,75.401508,4.192648631666945
756,75.50151,3.683261934485825
757,75.601512,3.98511403363441
758,75.70151399999999,3.4807155222267556
759,75.801516,3.6622495460625064
760,75.901518,4.331238233214411
761,76.00152,3.647343160419677
762,76.101522,4.014173677577922
763,76.201524,4.3864034760337764
764,76.301526,4.251345165564586
765,76.401528,4.1900843873514955
766,76.50153,4.044211107949451
767,76.601532,4.209025944008591
768,76.701534,3.9457658911293025
769,76.80153600000001,3.7410882956068563
770,76.901538,4.082188924433828
771,77.00154,3.860968502831918
772,77.101542,4.822790414039744
773,77.201544,4.828430530550192
774,77.301546,4.086440057333305
775,77.40154799999999,4.484517685655157
776,77.50155000000001,4.719309221631103
777,77.601552,4.630779549066808
778,77.701554,4.723843806497723
779,77.80155599999999,4.721079051734863
780,77.90155800000001,4.351086320913378
781,78.00156,5.236348979083328
782,78.101562,4.577268814085194
783,78.201564,6.3354393936448234
784,78.30156600000001,5.057784654024617
785,78.401568,5.007342462565465
786,78.50157,4.425678399573164
787,78.601572,4.3789318390435845
788,78.70157400000001,4.520126217106751
789,78.801576,4.099810248692945
790,78.90157800000001,4.130455139123578
791,79.00158,5.018693427421555
792,79.101582,3.8971245267685637
793,79.201584,4.081576563247924
794,79.301586,4.120701578250645
795,79.401588,3.4593605114041166
796,79.50159,3.6639857342120825
797,79.60159200000001,3.794149312393418
798,79.701594,3.7458425351838427
799,79.801596,3.7945137442405024
800,79.90159799999999,3.5174073708879847
801,80.00160000000001,3.3177630869337382
802,80.101602,3.8575181192088444
803,80.201604,3.35422555902785
804,80.301606,3.766581575130151
805,80.40160800000001,3.4378687498514697
806,80.50161,3.6812406958152017
807,80.601612,3.5947416490050172
808,80.701614,3.7092385071100074
809,80.801616,4.441643180625818
810,80.901618,3.708972775401691
811,81.00161999999999,4.266901797140158
812,81.101622,4.108957959318638
813,81.201624,4.8396198963619
814,81.301626,5.7259725332802915
815,81.401628,4.727109156110883
816,81.50163,4.795134083699346
817,81.601632,4.836747272092722
818,81.701634,5.120710673236297
819,81.801636,5.457748772878542
820,81.901638,4.720904528279088
821,82.00164,5.146450110169744
822,82.10164200000001,4.553329185007222
823,82.201644,5.03484706323945
824,82.301646,4.690202724599956
825,82.401648,4.8040428640772035
826,82.50165000000001,4.376816020832684
827,82.601652,4.377072976069762
828,82.70165399999999,4.607581395907245
829,82.80165600000001,4.782958676302885
830,82.901658,4.741739667162433
831,83.00166,4.73719950996942
832,83.10166199999999,4.600841032736964
833,83.20166400000001,4.310124020870311
834,83.301666,4.506991616967743
835,83.401668,4.101676025736082
836,83.50167,4.345747435371245
837,83.60167200000001,4.39435132177577
838,83.701674,4.151400265713552
839,83.801676,4.427065405077725
840,83.901678,5.021986095246038
841,84.00168000000001,4.393672417287154
842,84.101682,4.7751843023252745
843,84.20168400000001,4.69423456279885
844,84.301686,3.959670596974591
845,84.401688,4.365866620857265
846,84.50169,4.482964713592067
847,84.601692,4.177267158856976
848,84.701694,4.332082220768421
849,84.80169599999999,4.626455659341389
850,84.90169800000001,4.582131381339034
851,85.0017,4.558772608898822
852,85.101702,4.432336898673532
853,85.20170399999999,4.428066988229343
854,85.30170600000001,4.486884883249216
855,85.401708,4.735721560400813
856,85.50171,4.219056824538359
857,85.601712,4.883312172360044
858,85.70171400000001,4.569961999841558
859,85.801716,4.431695097414239
860,85.901718,4.468919229960393
861,86.00172,4.492988513078907
862,86.10172200000001,4.869353239000176
863,86.201724,4.363100128454693
864,86.301726,4.513314577271569
865,86.401728,4.786080799970532
866,86.50173,4.657485637021152
867,86.601732,4.3432516076137695
868,86.701734,5.011332392012738
869,86.801736,4.248193226916212
870,86.901738,4.5168014650859325
871,87.00174000000001,4.085828647102202
872,87.101742,4.420338287771391
873,87.201744,4.893042788578401
874,87.301746,4.781429458629913
875,87.40174800000001,4.732457622547441
876,87.50175,4.727282495891004
877,87.601752,4.555344955372474
878,87.701754,3.9602216201612226
879,87.80175600000001,4.660492905044618
880,87.901758,4.693951285865099
881,88.00175999999999,4.398273775456283
882,88.10176200000001,4.819893448890099
883,88.201764,4.36046497519702
884,88.301766,4.439538870549233
885,88.40176799999999,4.106170604438969
886,88.50177000000001,4.203163004736564
887,88.601772,4.58199298674915
888,88.701774,4.527864594389548
889,88.801776,4.701251991917884
890,88.90177800000001,3.808791128939807
891,89.00178,4.349157307040052
892,89.101782,4.041486479048096
893,89.201784,4.510274897657592
894,89.301786,5.133345845741474
895,89.401788,4.766033556417379
896,89.50179000000001,4.541812061293909
897,89.601792,3.9640729270704482
898,89.701794,4.3696144851674
899,89.801796,4.280143684886792
900,89.901798,4.110797596281569
901,90.0018,4.659384194828075
902,90.10180199999999,4.344339892256836
903,90.20180400000001,4.177711054350028
904,90.301806,3.76335402155211
905,90.401808,4.177871516609644
906,90.50180999999999,5.10009335211416
907,90.60181200000001,4.502495366929728
908,90.701814,5.049519922527483
909,90.801816,4.874680443363692
910,90.901818,4.5348878858003445
911,91.00182000000001,4.912592529207094
912,91.101822,4.744507149785115
913,91.201824,4.223482051905714
914,91.301826,4.153375089247081
915,91.40182800000001,3.6873474479610646
916,91.50183,3.297533212982062
917,91.601832,3.545571089801804
918,91.701834,3.926803404907668
919,91.801836,3.8286761305119907
920,91.901838,3.9577548055351075
921,92.00184,3.9678632946744745
922,92.101842,3.6694134419270954
923,92.201844,4.310679780909981
924,92.30184600000001,4.252312751720318
925,92.401848,4.301993829859577
926,92.50185,4.0539486715656645
927,92.601852,3.8006929004396586
928,92.70185400000001,4.42346100858113
929,92.801856,4.085557928360994
930,92.901858,4.138649843524215
931,93.00186,4.186884898462552
932,93.10186200000001,4.602088312509662
933,93.201864,4.679523295553156
934,93.301866,4.616439213335692
935,93.40186800000001,4.642767606083181
936,93.50187,4.189679838430609
937,93.601872,4.425323145726
938,93.70187399999999,4.524618528157596
939,93.80187600000001,3.7237477766191547
940,93.901878,4.818925066032681
941,94.00188,4.983055926179562
942,94.101882,4.556705437362298
943,94.201884,4.39904649636581
944,94.301886,4.794084228700092
945,94.401888,3.6557125915271356
946,94.50189,3.349650925818217
947,94.601892,3.6006475644677
948,94.701894,3.655490281677148
949,94.80189600000001,3.898437431511569
950,94.901898,3.4688048554534183
951,95.0019,3.848108921215957
952,95.101902,3.7201293568842044
953,95.201904,3.3984755672412366
954,95.301906,3.7602092290185465
955,95.40190799999999,4.3643291839150615
956,95.50191000000001,3.8779286793649885
957,95.601912,4.369530562548918
958,95.701914,4.267104181797716
959,95.80191599999999,4.779153469036148
960,95.90191800000001,3.9465246099538507
961,96.00192,3.7097226678446416
962,96.101922,4.6887229370870065
963,96.201924,4.590222175869591
964,96.30192600000001,4.074496260689479
965,96.401928,4.129297557027103
966,96.50193,4.058812757790938
967,96.601932,4.2474696836843915
968,96.70193400000001,3.9995455814707226
969,96.801936,3.266160378491834
970,96.90193800000002,3.4024091861542427
971,97.00194,4.057417597197502
972,97.101942,3.8267382446424905
973,97.201944,3.307612605025162
974,97.301946,3.351944107120189
975,97.401948,3.290987642877653
976,97.50195,3.996528745401922
977,97.60195200000001,3.9483065979215324
978,97.701954,3.2605484063298884
979,97.801956,3.529954645057504
980,97.901958,3.9821673227672205
981,98.00196000000001,3.5367060714585206
982,98.101962,3.59724581628556
983,98.201964,3.8917759774961307
984,98.30196600000001,4.086249250744005
985,98.40196800000001,4.483451565947362
986,98.50197,4.286898876299881
987,98.601972,4.352665480175517
988,98.701974,3.7429363972529863
989,98.801976,4.3617357244087005
990,98.901978,4.2087129634304015
991,99.00197999999999,4.176848197784807
992,99.101982,4.248299404506456
993,99.201984,3.944790532950969
994,99.301986,4.595352885868849
995,99.401988,4.793641042794767
996,99.50199,4.347643088152983
997,99.601992,4.615039274173054
998,99.701994,4.095886402420827
999,99.801996,3.9188655568205926
1000,99.901998,4.247874929022774
1001,100.002,4.072807472378486
1002,100.10200200000001,3.6887631122111535
1003,100.202004,4.0041951693295115
1004,100.302006,4.719016432312401
1005,100.402008,4.027648600921244
1006,100.50201000000001,4.121782300243093
1007,100.602012,3.9369306781967603
1008,100.70201399999999,4.324929749869273
1009,100.80201600000001,4.280700546097134
1010,100.902018,4.050226993546058
1011,101.00202,4.091732258654287
1012,101.10202199999999,4.141512638664511
1013,101.20202400000001,4.3957742753854046
1014,101.302026,4.1509139012728165
1015,101.402028,3.34640040772997
1016,101.50203,3.9034307689530823
1017,101.60203200000001,3.84701246102531
1018,101.702034,4.552662923815362
1019,101.802036,4.553065877606835
1020,101.902038,4.7917430282181765
1021,102.00204000000001,5.209365317551946
1022,102.102042,5.3308983347022405
1023,102.20204400000001,4.746480881634937
1024,102.302046,6.028512086181771
1025,102.402048,4.825235048578458
1026,102.50205,4.87759902109153
1027,102.602052,6.470614973507982
1028,102.702054,4.620244243856045
1029,102.802056,5.166176969991574
1030,102.90205800000001,5.461195105024687
1031,103.00206,6.028773738794849
1032,103.102062,6.502899129301653
1033,103.202064,6.718208671665204
1034,103.30206600000001,5.924589715568296
1035,103.402068,6.014803948217518
1036,103.50207,7.626044711041775
1037,103.602072,6.316752456733173
1038,103.70207400000001,7.14207174665283
1039,103.802076,6.832149531821538
1040,103.902078,5.177375484638043
1041,104.00208,5.813510389261235
1042,104.10208200000001,5.685836484263425
1043,104.202084,5.705827992404955
1044,104.302086,5.6389912493281145
1045,104.402088,5.468850213989173
1046,104.50209,4.935005457551173
1047,104.602092,5.237509305517933
1048,104.702094,5.765986165623783
1049,104.802096,5.510375211751863
1050,104.902098,5.491532580203012
1051,105.00210000000001,5.316244040997445
1052,105.102102,5.295877186910595
1053,105.202104,5.4194191149006
1054,105.302106,5.090414373306836
1055,105.40210800000001,5.037052323066173
1056,105.50211,4.61611268634465
1057,105.602112,5.18708396514978
1058,105.702114,5.847355693728205
1059,105.80211600000001,7.20504841157323
1060,105.902118,5.080158525427869
1061,106.00211999999999,5.590045730238302
1062,106.10212200000001,5.942898137043292
1063,106.202124,4.723535842547864
1064,106.302126,4.708077224786247
1065,106.40212799999999,5.005563635489506
1066,106.50213000000001,4.944194872273052
1067,106.602132,4.609280479558934
1068,106.702134,5.138879101964384
1069,106.802136,4.837593375777038
1070,106.90213800000001,5.25362326273666
1071,107.00214,5.834550539178087
1072,107.102142,6.114746186120987
1073,107.202144,4.8434388832682025
1074,107.30214600000001,5.19702994291008
1075,107.402148,5.085221098112055
1076,107.50215000000001,5.052108937554299
1077,107.602152,6.0698479558661145
1078,107.702154,5.07929574145348
1079,107.802156,5.3763734218286485
1080,107.902158,5.781837406753493
1081,108.00216,6.463557836894322
1082,108.10216199999999,6.744084139893548
1083,108.20216400000001,5.602554607353756
1084,108.302166,5.560437675702175
1085,108.402168,5.534504066679824
1086,108.50216999999999,5.389920188209853
1087,108.60217200000001,5.399717221822261
1088,108.702174,4.862888235980961
1089,108.802176,5.23695633167736
1090,108.902178,6.127057456060176
1091,109.00218000000001,5.897618647669722
1092,109.102182,5.7892892245574785
1093,109.202184,5.075138889323101
1094,109.302186,5.628012902920971
1095,109.40218800000001,5.287540575020458
1096,109.50219,4.9625406071093145
1097,109.602192,5.383879578838942
1098,109.702194,4.823002941966825
1099,109.802196,5.037654308481087
1100,109.902198,4.650986635810726
1101,110.0022,3.4531692382033974
1102,110.102202,3.643560973534397
1103,110.202204,3.9932183641414007
1104,110.30220600000001,4.182003170964597
1105,110.402208,4.249692580784254
1106,110.50221,4.820423784313652
1107,110.602212,4.917371170889875
1108,110.70221400000001,4.507608772905724
1109,110.802216,4.426631011613106
1110,110.902218,4.997040523551852
1111,111.00222,6.0641772185342395
1112,111.10222200000001,5.965271417943392
1113,111.202224,5.780300904714997
1114,111.30222599999999,4.760101571662369
1115,111.40222800000001,5.075753387585737
1116,111.50223,6.424643635430899
1117,111.602232,6.268904824538948
1118,111.70223399999999,6.2302307608644325
1119,111.80223600000001,6.455659905677248
1120,111.902238,4.930327820116653
1121,112.00224,4.99039572358367
1122,112.102242,5.756742233362126
1123,112.20224400000001,6.440673439935409
1124,112.302246,6.620553909299116
1125,112.402248,6.384188716253856
1126,112.50225,7.3241872514329565
1127,112.60225200000001,6.765049879471257
1128,112.702254,5.824189224653785
1129,112.80225600000001,5.544793575614957
1130,112.902258,5.781809120229269
1131,113.00226,5.0974575436155245
1132,113.102262,5.906925626099415
1133,113.202264,4.81829554079092
1134,113.302266,5.126205442250893
1135,113.40226799999999,4.524946857639168
1136,113.50227000000001,4.788125178544741
1137,113.602272,4.809695957678413
1138,113.702274,4.102734771862585
1139,113.80227599999999,4.317503455733362
1140,113.90227800000001,5.266775409060148
1141,114.00228,4.2720471518722265
1142,114.102282,4.730547458131957
1143,114.202284,5.093600700537596
1144,114.30228600000001,4.635761017302141
1145,114.402288,5.311280268044754
1146,114.50229,4.572146507941036
1147,114.602292,3.628202572637788
1148,114.70229400000001,4.271791056099825
1149,114.802296,3.9318685964036924
1150,114.902298,4.294508744371701
1151,115.0023,4.026295850779716
1152,115.102302,3.6909699746141444
1153,115.202304,5.21231605334607
1154,115.302306,5.240473596925369
1155,115.402308,5.456002485986671
1156,115.50231,5.635714147370818
1157,115.60231200000001,5.837392989305401
1158,115.702314,5.401555959468564
1159,115.802316,5.368803313949521
1160,115.902318,4.900775815597713
1161,116.00232000000001,5.566292649200586
1162,116.102322,5.574640932246421
1163,116.202324,5.495780372804025
1164,116.30232600000001,4.872691958297471
1165,116.40232800000001,5.531793838418186
1166,116.50233,5.655758471055607
1167,116.602332,7.054876310133179
1168,116.70233400000001,6.535228971750802
1169,116.802336,7.002780013227996
1170,116.902338,7.967087706995782
1171,117.00233999999999,8.399154435383135
1172,117.10234200000001,7.790584368889301
1173,117.202344,7.733876316132298
1174,117.302346,6.046769669627025
1175,117.402348,5.976522104643563
1176,117.50235,5.208820061297201
1177,117.602352,4.45104851490188
1178,117.702354,5.447829266720795
1179,117.802356,5.025347231083211
1180,117.902358,5.367172423965657
1181,118.00236,5.4424486164567165
1182,118.10236200000001,5.092215461804328
1183,118.202364,5.430596696219225
1184,118.302366,5.008548160526583
1185,118.402368,5.420646859850866
1186,118.50237,5.20203364723765
1187,118.602372,5.271683571463579
1188,118.70237399999999,5.633200755290817
1189,118.80237600000001,5.822677673446259
1190,118.902378,6.076946736080645
1191,119.00238,6.155582084828892
1192,119.10238199999999,6.115560182982501
1193,119.20238400000001,5.415056638815928
1194,119.302386,4.8661607863777405
1195,119.402388,4.780354491792951
1196,119.50239,4.5716735834643165
1197,119.60239200000001,5.13207274126819
1198,119.702394,4.953460524999666
1199,119.802396,5.976190289616843
1200,119.902398,4.691145921823896
1201,120.00240000000001,5.0570166579106095
1202,120.102402,4.701362935686858
1203,120.20240400000002,5.4257792312263735
1204,120.302406,5.684097164546274
1205,120.402408,5.863500264821636
1206,120.50241,5.513541900295366
1207,120.602412,5.267173402044753
1208,120.702414,5.917487195484449
1209,120.802416,5.789178345556258
1210,120.90241800000001,6.103519943980911
1211,121.00242,6.133644890430479
1212,121.102422,5.911326469791563
1213,121.202424,5.8719572771095025
1214,121.30242600000001,5.44891739514197
1215,121.402428,5.760368534118923
1216,121.50243,6.014326856592975
1217,121.60243200000001,5.794165652070259
1218,121.70243400000001,6.447660532057854
1219,121.802436,6.681905821642643
1220,121.902438,5.527260803523703
1221,122.00244,6.02118871386623
1222,122.102442,6.537196705736257
1223,122.202444,5.687349645818298
1224,122.302446,5.741436777718728
1225,122.402448,5.048826374302086
1226,122.50245,6.37246699589975
1227,122.602452,6.446502877340162
1228,122.702454,7.9637258960743305
1229,122.802456,6.705013524744881
1230,122.902458,6.0622790995315725
1231,123.00246000000001,4.45947211964001
1232,123.102462,5.424997832311138
1233,123.202464,5.0615237986628
1234,123.302466,5.997631412771579
1235,123.40246800000001,6.414818315682181
1236,123.50247,6.799449619298616
1237,123.602472,6.260438497967581
1238,123.702474,7.598523581960487
1239,123.80247600000001,7.421826401103994
1240,123.902478,7.02362600609575
1241,124.00247999999999,7.530808909324658
1242,124.10248200000001,6.624553311243401
1243,124.202484,7.118240507793989
1244,124.302486,7.388966132880308
1245,124.40248799999999,7.032142124060744
1246,124.50249000000001,6.8666783676768395
1247,124.602492,7.273080707360232
1248,124.702494,6.508760563756749
1249,124.802496,5.487496551184
1250,124.90249800000001,6.1442285298826915
1251,125.0025,6.282062649284687
1252,125.102502,6.007368917282994
1253,125.202504,6.591093558349486
1254,125.30250600000001,6.507195829378169
1255,125.402508,6.948247416756824
1256,125.50251000000002,5.865501501521205
1257,125.602512,6.814289621849473
1258,125.702514,7.077047260907187
1259,125.802516,6.392535068825017
1260,125.902518,5.15060259112067
1261,126.00252,5.671466154389773
1262,126.102522,6.518693662397489
1263,126.20252400000001,6.754328406508184
1264,126.302526,6.889655551993268
1265,126.402528,6.450490331567375
1266,126.50253,6.331904999764173
1267,126.60253200000001,7.978475431316744
1268,126.702534,9.232230998175647
1269,126.802536,9.031709776092143
1270,126.902538,9.315652269372636
1271,127.00254000000001,8.964676891654054
1272,127.102542,7.2205997283684935
1273,127.202544,7.749031484681894
1274,127.302546,7.445099909852233
1275,127.40254800000001,8.278007361498375
1276,127.50255,6.746391509649351
1277,127.602552,7.865830500727108
1278,127.702554,8.138566671964405
1279,127.802556,6.999818868078009
1280,127.902558,6.54747096733809
1281,128.00256,6.066756617764809
1282,128.102562,6.407393499915918
1283,128.202564,7.513851109980064
1284,128.302566,7.914407472533578
1285,128.402568,6.596658072221192
1286,128.50257000000002,6.4805487596753
1287,128.602572,7.237308164942864
1288,128.702574,7.163491763164298
1289,128.802576,7.514397937301532
1290,128.902578,6.697634181689398
1291,129.00258,6.102372603441124
1292,129.102582,6.067924891857949
1293,129.202584,6.731815389876179
1294,129.302586,6.415765919040568
1295,129.402588,7.996378572123149
1296,129.50259,7.571196397965024
1297,129.60259200000002,5.915861312433142
1298,129.702594,7.5326561938662415
1299,129.802596,8.689749242065263
1300,129.902598,8.521766465785902
1301,130.0026,7.152757974610546
1302,130.102602,6.836362547453326
1303,130.202604,8.365635935669236
1304,130.302606,8.192501194634126
1305,130.40260800000001,7.401661993870895
1306,130.50261,7.2540611950316345
1307,130.60261200000002,7.129837211666797
1308,130.702614,7.513108746823824
1309,130.802616,7.253890108501383
1310,130.902618,8.152123219782677
1311,131.00262,7.786424573416293
1312,131.102622,8.59056204525813
1313,131.20262400000001,8.233452901687144
1314,131.30262599999998,8.728040146460641
1315,131.402628,7.081123859270333
1316,131.50263,7.04788452680643
1317,131.602632,9.358132265994707
1318,131.702634,8.457083171862534
1319,131.802636,7.897469626224499
1320,131.902638,7.919147221142587
1321,132.00264,7.210382547107874
1322,132.102642,6.992455399993052
1323,132.202644,6.845934742384133
1324,132.302646,6.755091557537604
1325,132.40264800000003,8.281618387594975
1326,132.50265,8.007697331287533
1327,132.602652,7.728015627542268
1328,132.702654,7.777855835288946
1329,132.802656,7.679282238938576
1330,132.902658,7.721111626006431
1331,133.00266,7.129603132253252
1332,133.102662,8.616464877259656
1333,133.202664,8.889537381841189
1334,133.302666,7.778693154238241
1335,133.402668,6.7381718918912386
1336,133.50267000000002,5.895015343935609
1337,133.60267199999998,6.136826471769348
1338,133.702674,7.978756566461406
1339,133.80267600000002,9.318288605567027
1340,133.902678,8.14646830714996
1341,134.00268,8.850130657098058
1342,134.102682,9.938633055291032
1343,134.202684,9.550834070737759
1344,134.30268600000002,10.203823925405619
1345,134.40268799999998,8.930969066365835
1346,134.50269,7.72650011807142
1347,134.60269200000002,7.751155564094286
1348,134.70269399999998,8.74041691777729
1349,134.802696,8.670778702137303
1350,134.90269800000002,8.220202035004245
1351,135.0027,8.711654116716703
1352,135.102702,8.047391305401035
1353,135.202704,8.2454676390036
1354,135.302706,8.928148652126099
1355,135.40270800000002,8.650527195514229
1356,135.50270999999998,8.093420809517104
1357,135.602712,8.063709719191339
1358,135.70271400000001,8.425997481413923
1359,135.802716,7.5929949313070315
1360,135.902718,8.47528540567221
1361,136.00272,8.453053295778048
1362,136.102722,8.956217181571807
1363,136.20272400000002,8.350704431843084
1364,136.302726,7.625899902783245
1365,136.402728,7.465340621234539
1366,136.50273,7.318923165413254
1367,136.602732,7.796747706757976
1368,136.702734,8.831491290069545
1369,136.802736,9.487199484715491
1370,136.902738,8.940839475954647
1371,137.00274,8.32739290138505
1372,137.102742,8.505916413443298
1373,137.202744,8.874897078043904
1374,137.302746,9.661094932491071
1375,137.402748,7.950851100324103
1376,137.50275,8.299062325836784
1377,137.602752,7.847011728927497
1378,137.70275400000003,6.162306405973394
1379,137.802756,6.759749497287548
1380,137.902758,7.545943288478768
1381,138.00276000000002,8.986688882232492
1382,138.102762,8.90289146828572
1383,138.202764,8.133309112571775
1384,138.302766,7.4488637307550185
1385,138.402768,7.630738143309674
1386,138.50277,8.469600420950881
1387,138.602772,8.317250589738642
1388,138.702774,7.583187795742776
1389,138.80277600000002,7.054028393415088
1390,138.90277799999998,6.449798270194526
1391,139.00278,6.394989066705077
1392,139.10278200000002,5.298497725327043
1393,139.202784,4.765365634199682
1394,139.302786,5.064817332937286
1395,139.402788,4.284901265330205
1396,139.50279,4.2302088249061915
1397,139.60279200000002,5.027848098863283
1398,139.70279399999998,4.664066529764375
1399,139.802796,5.175347308779551
1400,139.90279800000002,5.603375268357848
1401,140.0028,6.014112908121048
1402,140.102802,6.1582662825818115
1403,140.20280400000001,5.302559322565721
1404,140.302806,5.933441924944641
1405,140.402808,6.675513913425342
1406,140.50281,5.118776910516651
1407,140.602812,5.423883550354628
1408,140.70281400000002,4.466748739137013
1409,140.80281599999998,4.767159285187587
1410,140.902818,5.449121026768929
1411,141.00282,4.977416267045728
1412,141.102822,4.580350281192379
1413,141.202824,3.5898928593771307
1414,141.302826,3.9619012352328187
1415,141.402828,4.668672925252826
1416,141.50283000000002,5.21421591414322
1417,141.602832,5.292478314052124
1418,141.702834,4.468819326714119
1419,141.802836,4.912091250209103
1420,141.902838,6.178801804300071
1421,142.00284,4.66351615037637
1422,142.102842,4.753437711119968
1423,142.202844,4.989134068638847
1424,142.302846,4.763887564198632
1425,142.402848,4.928908131565976
1426,142.50285,5.062552138430467
1427,142.602852,4.428014218580833
1428,142.702854,5.142235171250238
1429,142.802856,5.66372905695032
1430,142.902858,4.896371299227548
1431,143.00286000000003,4.0586434307555015
1432,143.102862,3.2223165444103445
1433,143.202864,3.0486959107884535
1434,143.30286600000002,3.0419930707838763
1435,143.402868,3.1366347038510716
1436,143.50287,2.813170653097464
1437,143.602872,2.922111726525497
1438,143.702874,3.221217553728577
1439,143.802876,3.784534477860079
1440,143.902878,5.620901782479554
1441,144.00288,4.503437812211112
1442,144.10288200000002,4.368415582849826
1443,144.20288399999998,3.676202547139914
1444,144.302886,3.6633383105861914
1445,144.40288800000002,3.659068860152834
1446,144.50289,4.382853025476221
1447,144.602892,3.8969961012266734
1448,144.702894,3.3610605027402585
1449,144.802896,3.7472700928351546
1450,144.90289800000002,3.6461049676643205
1451,145.00289999999998,3.2368524594282118
1452,145.102902,3.827283654143731
1453,145.20290400000002,3.877903820580401
1454,145.302906,3.8311349429288377
1455,145.402908,3.2516254996347325
1456,145.50291,3.4703101397180736
1457,145.602912,2.850370923307769
1458,145.702914,3.0904652230833705
1459,145.802916,3.625122361716606
1460,145.902918,3.8948732990426222
1461,146.00292000000002,4.030998886807786
1462,146.10292199999998,3.5217823569316953
1463,146.202924,3.6537127568149836
1464,146.302926,2.7184153577197243
1465,146.402928,3.705642055945241
1466,146.50293,3.3141633236494177
1467,146.602932,4.058935848049613
1468,146.702934,3.941598451381905
1469,146.80293600000002,4.706520639922998
1470,146.902938,3.91383062630185
1471,147.00294,3.0970707998264686
1472,147.102942,3.3707943581503605
1473,147.202944,3.41960042250485
1474,147.302946,3.747899448966071
1475,147.402948,3.596990172606242
1476,147.50295,4.140751393845061
1477,147.602952,4.13012463010936
1478,147.702954,4.3231909924852125
1479,147.802956,4.41196875775233
1480,147.902958,3.872950486223626
1481,148.00296,4.185122565799406
1482,148.102962,3.811949133333896
1483,148.202964,4.005925206507124
1484,148.30296600000003,3.4240923891998545
1485,148.402968,3.6090397172232187
1486,148.50297,3.7673622958505075
1487,148.60297200000002,3.836378767972157
1488,148.702974,3.9163313320933333
1489,148.802976,3.531186899221012
1490,148.902978,3.3255755885548632
1491,149.00298,3.601157816783518
1492,149.102982,3.6114813019546737
1493,149.202984,3.2811259945353237
1494,149.302986,3.2668539645105086
1495,149.40298800000002,3.372872930326199
1496,149.50298999999998,4.134593616232915
1497,149.602992,3.121321730722764
1498,149.70299400000002,3.7449973330085404
1499,149.802996,3.882410772065602
1500,149.902998,3.80023627664217
1501,150.003,3.345832801790415
1502,150.103002,3.3499602504982176
1503,150.20300400000002,3.4307755243929807
1504,150.30300599999998,3.200973292902036
1505,150.403008,3.3408529111496588
1506,150.50301000000002,3.0599606482468538
1507,150.603012,3.4948291092111528
1508,150.703014,3.5852809052187147
1509,150.803016,3.3983056089798582
1510,150.903018,3.750766171792217
1511,151.00302,4.527112520009784
1512,151.103022,4.693429357541192
1513,151.203024,4.116518827219866
1514,151.30302600000002,4.471971806543301
1515,151.40302799999998,4.996064307614034
1516,151.50303,5.211304673626847
1517,151.603032,5.046580996385628
1518,151.703034,4.776273037523893
1519,151.803036,4.531807158048127
1520,151.903038,4.527695661309814
1521,152.00304,4.59355847535155
1522,152.10304200000002,4.627410147724692
1523,152.203044,4.680298389920003
1524,152.303046,4.644981299143624
1525,152.403048,4.533183167729532
1526,152.50305000000003,4.373660914307911
1527,152.603052,4.451975066280617
1528,152.703054,4.228654694619165
1529,152.803056,3.8789867111016196
1530,152.903058,3.932284836765883
1531,153.00306,3.8276455627296357
1532,153.103062,4.007576597280656
1533,153.203064,4.044426220575852
1534,153.303066,4.122298314447278
1535,153.403068,4.415453092859408
1536,153.50307,4.6493900938942785
1537,153.60307200000003,4.939715473795004
1538,153.703074,4.466845375281188
1539,153.803076,4.885139274690411
1540,153.90307800000002,4.589210370186156
1541,154.00308,4.7457050689841775
1542,154.103082,4.027963827873105
1543,154.203084,4.128384935633519
1544,154.303086,4.271439981327699
1545,154.403088,3.7597183077074954
1546,154.50309,4.200291612560118
1547,154.603092,4.272612488256416
1548,154.70309400000002,4.45704968911588
1549,154.80309599999998,4.117627285696596
1550,154.903098,3.758162270485819
1551,155.00310000000002,3.9167147451432975
1552,155.103102,3.5917093451508526
1553,155.203104,3.540747078382743
1554,155.303106,3.557594062229406
1555,155.403108,3.960838497973763
1556,155.50311000000002,4.080687383295729
1557,155.60311199999998,4.088596645652807
1558,155.703114,4.249826076740457
1559,155.80311600000002,4.364885350377958
1560,155.903118,4.328797521573137
1561,156.00312,4.3061696389873365
1562,156.103122,3.878144948575853
1563,156.203124,3.5606486459857742
1564,156.303126,4.043424338836317
1565,156.403128,3.946119589746353
1566,156.50313,3.894269135837124
1567,156.60313200000002,4.30162243256462
1568,156.70313399999998,3.931040601017752
1569,156.803136,3.8055245223350194
1570,156.903138,4.341015797999218
1571,157.00314,4.850171614539207
1572,157.103142,4.773751336111042
1573,157.203144,4.440090502064469
1574,157.303146,4.154922005396512
1575,157.40314800000002,3.9154857212504885
1576,157.50315,3.8442124224635776
1577,157.603152,4.470957726465019
1578,157.703154,3.8487924503230997
1579,157.80315600000003,4.150125747389826
1580,157.903158,3.942782043804718
1581,158.00316,3.5897520470391187
1582,158.103162,3.9881745376809006
1583,158.203164,4.305331130424991
1584,158.303166,3.603586239487146
1585,158.403168,3.980434825751737
1586,158.50317,4.541273384057696
1587,158.603172,4.5370972513228365
1588,158.703174,4.544635176536628
1589,158.803176,5.16507532320602
1590,158.90317800000003,5.13409444759334
1591,159.00318,4.514082945511038
1592,159.103182,4.058490271084646
1593,159.20318400000002,4.0527096587850435
1594,159.303186,4.07395442629485
1595,159.403188,3.8814957516179427
1596,159.50319,4.293868562462686
1597,159.603192,4.2307538207631215
1598,159.70319400000002,4.435645596191283
1599,159.80319599999999,4.042406993320648
1600,159.903198,4.398561330387251
1601,160.00320000000002,4.400461045006555
1602,160.10320199999998,4.8940735127246695
1603,160.203204,4.87067165462405
1604,160.30320600000002,4.937941209546674
1605,160.403208,4.992125234940836
1606,160.50321,4.866426905225971
1607,160.603212,4.729665444250877
1608,160.703214,4.646727313354051
1609,160.80321600000002,4.866179336895536
1610,160.90321799999998,5.057103704111174
1611,161.00322,4.687593936822259
1612,161.10322200000002,4.5860954996186525
1613,161.203224,4.7408689651331
1614,161.303226,4.319777066013455
1615,161.403228,4.0877983635045965
1616,161.50323,4.114039473119877
1617,161.603232,3.832163475730864
1618,161.703234,3.634020744332934
1619,161.803236,4.058947582719251
1620,161.90323800000002,3.507956363764623
1621,162.00323999999998,3.8127468816140686
1622,162.103242,4.074534122949693
1623,162.203244,4.319712543706474
1624,162.303246,3.970494043442656
1625,162.403248,3.137251186213864
1626,162.50325,3.3444688139083367
1627,162.603252,3.390034037282166
1628,162.70325400000002,4.0796272303036885
1629,162.803256,4.620084861922816
1630,162.903258,4.34345982312406
1631,163.00326,4.902712575698999
1632,163.10326200000003,5.2847848232851415
1633,163.203264,5.017427378756657
1634,163.303266,4.693098041874901
1635,163.403268,4.767155865598842
1636,163.50327,4.9458860855399305
1637,163.603272,5.54214965861563
1638,163.703274,5.336290839862541
1639,163.803276,5.065509990166936
1640,163.903278,4.280343079620206
1641,164.00328,4.703685498497109
1642,164.103282,4.317907549877311
1643,164.20328400000002,5.313755894803053
1644,164.30328599999999,5.225309222811014
1645,164.403288,5.4496189952233225
1646,164.50329000000002,4.278684233824266
1647,164.603292,4.523163213093483
1648,164.703294,4.881832654357448
1649,164.803296,4.38397006533362
1650,164.903298,5.304379036069738
1651,165.00330000000002,5.507256284857108
1652,165.10330199999999,5.045232089210366
1653,165.203304,5.618117220441884
1654,165.30330600000002,6.028204545809884
1655,165.40330799999998,6.287049510159581
1656,165.50331,5.233494279405003
1657,165.60331200000002,4.84396891623771
1658,165.703314,5.183507563407705
1659,165.803316,4.654902954142587
1660,165.903318,4.925070890260929
1661,166.00332,5.5114753660551985
1662,166.10332200000002,4.969524980503953
1663,166.20332399999998,4.446894596660057
1664,166.303326,4.0849661405724556
1665,166.40332800000002,3.9700389623019547
1666,166.50333,4.255791644909985
1667,166.603332,3.872748437869841
1668,166.703334,5.024051224694397
1669,166.803336,4.938809668229952
1670,166.90333800000002,4.509199104639814
1671,167.00334,4.859905716334523
1672,167.103342,4.456362504555063
1673,167.20334400000002,4.574594494330416
1674,167.30334599999998,4.591758584670477
1675,167.403348,4.400540820192857
1676,167.50335,4.4965842081315905
1677,167.603352,4.21130830351483
1678,167.703354,4.351649948302822
1679,167.803356,4.971046873011814
1680,167.903358,4.310584433247654
1681,168.00336000000001,5.001676915936267
1682,168.103362,4.171705218396687
1683,168.203364,4.609465414254135
1684,168.303366,4.089730082429076
1685,168.40336800000003,4.588005673802149
1686,168.50337,4.671662512322154
1687,168.603372,4.624951648513365
1688,168.703374,4.326742084669574
1689,168.803376,3.8998734522447966
1690,168.903378,4.116054334862996
1691,169.00338,4.490373319935574
1692,169.103382,3.5438605393678775
1693,169.203384,3.73549135023412
1694,169.303386,3.600172031002106
1695,169.403388,3.748888335242898
1696,169.50339000000002,3.7387404118192604
1697,169.60339199999999,4.025398077862737
1698,169.703394,3.9814282374233843
1699,169.80339600000002,3.50515113457036
1700,169.903398,4.464769702392305
1701,170.0034,3.96160666402875
1702,170.103402,3.1442649443761193
1703,170.203404,3.7291827001746762
1704,170.30340600000002,3.933774291783806
1705,170.40340799999998,3.776558123922323
1706,170.50341,4.2679977004592695
1707,170.60341200000002,4.121473525154337
1708,170.70341399999998,3.4941246096059677
1709,170.803416,3.780254388784545
1710,170.90341800000002,4.45089897828719
1711,171.00342,4.198768728743251
1712,171.103422,4.20439327839616
1713,171.203424,4.346448209467643
1714,171.303426,4.2653616390429
1715,171.40342800000002,3.5111644280074747
1716,171.50342999999998,4.682293493504392
1717,171.603432,4.056471401759424
1718,171.70343400000002,4.1599009638361135
1719,171.803436,4.460842802285106
1720,171.903438,3.750828912585757
1721,172.00344,3.9086863633634557
1722,172.103442,4.272035516883849
1723,172.20344400000002,4.712324758169017
1724,172.303446,4.455176664465997
1725,172.403448,4.265340692646011
1726,172.50345000000002,5.234213601344192
1727,172.603452,4.690706001630817
1728,172.703454,4.869051186959579
1729,172.803456,3.667476480703657
1730,172.903458,4.207204140610016
1731,173.00346,4.77109503909986
1732,173.103462,4.799629661126265
1733,173.203464,5.0739115155202
1734,173.30346600000001,5.526223937336508
1735,173.403468,4.771722599681237
1736,173.50347,5.018464912292421
1737,173.603472,4.556745941987824
1738,173.70347400000003,4.3796533993864095
1739,173.803476,4.881854207828764
1740,173.903478,4.241196626122698
1741,174.00348000000002,4.822988417829251
1742,174.103482,4.482667028393763
1743,174.203484,4.305556862377837
1744,174.303486,4.632643067322403
1745,174.403488,4.831607110648796
1746,174.50349,4.8904096922677125
1747,174.603492,4.563707731534175
1748,174.703494,5.012368042731023
1749,174.80349600000002,5.024899515388124
1750,174.90349799999998,4.404908786984448
1751,175.0035,4.959697743633942
1752,175.10350200000002,4.579942482007798
1753,175.203504,4.5550878171209614
1754,175.303506,5.170592799524656
1755,175.403508,5.589052565034435
1756,175.50351,5.3989391775359685
1757,175.60351200000002,5.800252049391394
1758,175.70351399999998,6.28560415823466
1759,175.803516,5.0742944996068475
1760,175.90351800000002,4.527834184149702
1761,176.00351999999998,4.416692349323979
1762,176.103522,4.923163474287165
1763,176.20352400000002,5.401045799283014
1764,176.303526,4.8673404452722835
1765,176.403528,5.104416635692093
1766,176.50353,5.235440061529496
1767,176.603532,5.709588090600368
1768,176.70353400000002,5.377546796659146
1769,176.80353599999998,5.308187664115359
1770,176.903538,4.802652688285295
1771,177.00354000000002,4.321186577290913
1772,177.103542,4.705539155346192
1773,177.203544,5.032605580986293
1774,177.303546,5.075985853770509
1775,177.403548,4.7663707437356395
1776,177.50355000000002,5.3646300920654095
1777,177.603552,5.488217875795836
1778,177.703554,5.44981010919941
1779,177.80355600000001,6.065424605585125
1780,177.903558,5.562766153233173
1781,178.00356,5.213603187107182
1782,178.103562,5.303374499872071
1783,178.203564,5.020568986077996
1784,178.303566,4.559182060228134
1785,178.403568,5.678762057677962
1786,178.50357,6.158995904547211
1787,178.603572,6.405058144718853
1788,178.703574,5.632415633957496
1789,178.803576,4.706009105794123
1790,178.903578,4.618276831554472
1791,179.00358000000003,5.492612999392605
1792,179.103582,5.298782938021501
1793,179.203584,4.670227973990919
1794,179.30358600000002,5.921282265940618
1795,179.403588,5.258051812860945
1796,179.50359,4.100546771361379
1797,179.603592,5.080823453923698
1798,179.703594,5.444205335752579
1799,179.803596,5.3456576124273845
1800,179.903598,5.221951600449818
1801,180.0036,5.102927519785955
1802,180.10360200000002,5.482169734841934
1803,180.20360399999998,5.420840614323336
1804,180.303606,5.306427529401039
1805,180.40360800000002,5.343827902090201
1806,180.50361,5.34767605200562
1807,180.603612,4.345465411732088
1808,180.703614,4.578351527018516
1809,180.803616,4.995032644772108
1810,180.90361800000002,5.410203113162755
1811,181.00361999999998,5.303478056027213
1812,181.103622,4.655571375830108
1813,181.20362400000002,4.579886826376565
1814,181.30362599999998,4.577626628006779
1815,181.403628,4.275017854655526
1816,181.50363000000002,4.673066232960357
1817,181.603632,4.317441976337931
1818,181.703634,4.8034039519205525
1819,181.803636,4.894554416592825
1820,181.903638,5.074667579200295
1821,182.00364000000002,4.60295282628488
1822,182.10364199999998,3.793375791095593
1823,182.203644,3.912988063295327
1824,182.30364600000001,3.928368751735579
1825,182.403648,4.243199874266502
1826,182.50365,4.8374441517719715
1827,182.603652,4.302570624129135
1828,182.703654,3.8800689274456603
1829,182.80365600000002,5.059202573301745
1830,182.903658,5.543946645387229
1831,183.00366,5.159620801752031
1832,183.103662,5.370848364099035
1833,183.203664,5.261971468406509
1834,183.303666,4.393378058713157
1835,183.403668,4.63784841876933
1836,183.50367,5.10325655954785
1837,183.603672,5.33255181833688
1838,183.703674,5.018914118633624
1839,183.803676,4.952083899633217
1840,183.903678,5.102273878143944
1841,184.00368,4.838240009268184
1842,184.103682,4.24764241636265
1843,184.203684,4.401357722749802
1844,184.30368600000003,4.956212020225985
1845,184.403688,4.917308269837769
1846,184.50369,5.471039294768939
1847,184.60369200000002,4.117953988623222
1848,184.703694,5.439442950377733
1849,184.803696,5.755960554649402
1850,184.903698,5.3079188686021705
1851,185.0037,5.333166289712842
1852,185.103702,5.201465323704714
1853,185.203704,5.527417153965722
1854,185.303706,4.692146486981918
1855,185.40370800000002,5.413831933077269
1856,185.50370999999998,5.492320569409527
1857,185.603712,3.915829324109396
1858,185.70371400000002,4.741406743212065
1859,185.803716,3.940466137684206
1860,185.903718,4.899408627687151
1861,186.00372,4.716923520897765
1862,186.103722,4.65078723516975
1863,186.20372400000002,4.6656319904058074
1864,186.30372599999998,4.486775112967364
1865,186.403728,4.595601328007136
1866,186.50373000000002,5.168554997187481
1867,186.603732,5.107083298693496
1868,186.703734,5.380373849923301
1869,186.80373600000001,4.644559680715031
1870,186.903738,4.761233280096958
1871,187.00374,4.752494968757165
1872,187.103742,4.3985150084993085
1873,187.203744,4.885864830525207
1874,187.30374600000002,4.645272775177434
1875,187.40374799999998,4.280465625958793
1876,187.50375,5.229541225203004
1877,187.60375200000001,4.419202838210739
1878,187.703754,4.195005789258576
1879,187.803756,4.714011945658542
1880,187.903758,4.41296074331995
1881,188.00376,4.364653181158598
1882,188.10376200000002,5.433792660374131
1883,188.203764,5.953312562406245
1884,188.303766,5.404315200383768
1885,188.403768,5.746685557584343
1886,188.50377,6.511258063055195
1887,188.603772,6.523541442456966
1888,188.703774,6.601204623968588
1889,188.803776,6.31124558829413
1890,188.903778,5.734956852551256
1891,189.00378,5.68981409877994
1892,189.103782,6.183897168955111
1893,189.203784,6.215422525792998
1894,189.303786,5.421280945422751
1895,189.403788,5.331181183712547
1896,189.50379,6.273084494338454
1897,189.60379200000003,5.98522703925213
1898,189.703794,5.4688711728748745
1899,189.803796,4.952024002536228
1900,189.90379800000002,4.89965130164731
1901,190.0038,4.883145551343473
1902,190.103802,4.4280060797101894
1903,190.203804,4.807618460539146
1904,190.303806,4.889332906216592
1905,190.403808,4.636848872763382
1906,190.50381,5.063931464675389
1907,190.603812,5.1807057433661114
1908,190.70381400000002,4.528779969942281
1909,190.80381599999998,4.799668419489817
1910,190.903818,4.974621441123804
1911,191.00382000000002,5.297286329879443
1912,191.103822,4.943347236178932
1913,191.203824,5.010466899555248
1914,191.30382600000002,5.305585583984358
1915,191.403828,5.35762671557943
1916,191.50383000000002,5.177118269490804
1917,191.60383199999998,5.807112757276179
1918,191.703834,5.242150376927654
1919,191.80383600000002,5.296729573213556
1920,191.903838,5.301947982760649
1921,192.00384,5.76391742155334
1922,192.10384200000001,5.840943424552016
1923,192.203844,5.899719414304219
1924,192.303846,5.98201298895725
1925,192.403848,5.827978610364028
1926,192.50385,6.408742211687061
1927,192.60385200000002,6.1345843459721765
1928,192.70385399999998,5.715839151132566
1929,192.803856,5.321872917307352
1930,192.903858,5.316750664564864
1931,193.00386,5.612964145005374
1932,193.103862,5.424173795551144
1933,193.203864,5.492207749380811
1934,193.303866,5.068435324773718
1935,193.40386800000002,5.120629122795694
1936,193.50387,5.234486968151957
1937,193.603872,5.517567141927579
1938,193.703874,5.621990938353709
1939,193.80387600000003,5.242348587005525
1940,193.903878,5.6986472648843165
1941,194.00388,5.797265201306998
1942,194.103882,4.812223467894479
1943,194.203884,4.918386661009989
1944,194.303886,4.883175456602222
1945,194.403888,5.1651340067900176
1946,194.50389,4.420901192176064
1947,194.603892,4.702544264764468
1948,194.703894,4.688598892784976
1949,194.803896,4.2167436413650075
1950,194.90389800000003,4.82076312309285
1951,195.0039,4.235695321454402
1952,195.103902,4.209659603107176
1953,195.20390400000002,4.693644760269281
1954,195.303906,3.9774030810198204
1955,195.403908,4.154007703072387
1956,195.50391,3.807554280650891
1957,195.603912,4.540884029825669
1958,195.703914,4.496259075777027
1959,195.803916,4.827435815358103
1960,195.903918,4.364832375655929
1961,196.00392000000002,4.471951088375135
1962,196.10392199999998,4.282719380533413
1963,196.203924,4.340214589105698
1964,196.30392600000002,3.97142359974399
1965,196.403928,4.063569257317269
1966,196.50393,4.198537726719488
1967,196.60393200000001,4.071857929026507
1968,196.703934,4.767539435006758
1969,196.80393600000002,4.651760343224256
1970,196.90393799999998,4.113602064673096
1971,197.00394,4.284291401932834
1972,197.10394200000002,3.7054684533659583
1973,197.203944,4.514902209281688
1974,197.303946,4.111471227089869
1975,197.403948,4.509735357506274
1976,197.50395,4.908173086851006
1977,197.603952,4.503817461183278
1978,197.703954,4.1070700595267775
1979,197.803956,4.61643644112878
1980,197.90395800000002,4.626906380875982
1981,198.00395999999998,5.080727400183568
1982,198.103962,4.342292194405767
1983,198.203964,4.779470284164301
1984,198.303966,4.707222887301695
1985,198.403968,4.515776738772328
1986,198.50397,4.144507171886207
1987,198.603972,3.9986411574688754
1988,198.70397400000002,4.769381750033065
1989,198.803976,4.827999054351675
1990,198.903978,4.774836470223416
1991,199.00398,5.312973640506498
1992,199.10398200000003,5.744622703113073
1993,199.203984,5.487679802435009
1994,199.303986,4.613907914055647
1995,199.403988,4.908406579395365
1996,199.50399,5.146592526071239
1997,199.603992,5.054415549020376
1998,199.703994,5.641000413252124
1999,199.803996,5.538377352138832
2000,199.903998,4.483557272253914
2001,200.004,4.926322589893128
2002,200.104002,4.166910882085626
2003,200.20400400000003,4.412458756899062
2004,200.304006,4.2145629303540035
2005,200.404008,4.704534474875852
2006,200.50401000000002,4.864014385955598
2007,200.604012,4.79923442038793
2008,200.704014,4.951735750727511
2009,200.804016,5.146652786830569
2010,200.904018,4.806274395549492
2011,201.00402000000003,4.578776674575018
2012,201.104022,4.348121535040444
2013,201.204024,4.797654809119878
2014,201.30402600000002,5.436270825591208
2015,201.40402799999998,4.737693276303762
2016,201.50403,4.779482457986396
2017,201.60403200000002,4.215643307424086
2018,201.704034,4.558527893343574
2019,201.804036,4.928158184394321
2020,201.904038,4.665548600040004
2021,202.00404,5.0418870022514035
2022,202.10404200000002,4.5763719025209415
2023,202.20404399999998,4.412302687099779
2024,202.304046,4.829470141994709
2025,202.40404800000002,4.759279971397836
2026,202.50405,4.854174212373648
2027,202.604052,4.859299530352361
2028,202.704054,4.794763411507308
2029,202.804056,4.749977156273873
2030,202.904058,4.1173592573631606
2031,203.00406,4.181787318448265
2032,203.104062,3.82689529956801
2033,203.20406400000002,4.168916985754239
2034,203.30406599999998,4.858442203477763
2035,203.404068,4.4036822897236805
2036,203.50407,4.504026535406349
2037,203.604072,3.841298092084467
2038,203.704074,3.8741430736559552
2039,203.804076,3.9943353212577786
2040,203.904078,4.146257053867314
2041,204.00408000000002,4.5502356254789955
2042,204.104082,3.8657157958625215
2043,204.204084,3.906096766224215
2044,204.304086,4.29192667890683
2045,204.40408800000003,4.180817273830592
2046,204.50409,3.935058646441445
2047,204.604092,3.965493752221527
2048,204.704094,4.222516590922395
2049,204.804096,4.1106959153173666
2050,204.904098,3.878243401820734
2051,205.0041,3.9331039085396684
2052,205.104102,4.233959838856013
2053,205.204104,4.6012394134363825
2054,205.304106,4.328324346685195
2055,205.404108,4.310924721109002
2056,205.50411000000003,4.2869240407209315
2057,205.604112,4.423808533011105
2058,205.704114,3.93360760207766
2059,205.80411600000002,4.669178921728674
2060,205.904118,4.305026095074411
2061,206.00412,4.381386684804297
2062,206.104122,4.466100020861365
2063,206.204124,4.545424233404623
2064,206.30412600000002,4.194222250312891
2065,206.404128,5.5619665758971015
2066,206.50413,4.912314109259978
2067,206.60413200000002,5.370584515346645
2068,206.70413399999998,5.045060105819905
2069,206.804136,4.505500192482178
2070,206.90413800000002,4.5109207781180585
2071,207.00414,5.021782290326394
2072,207.104142,5.316601085088397
2073,207.204144,5.024004951918975
2074,207.304146,4.576578823855378
2075,207.40414800000002,4.156455294401709
2076,207.50414999999998,4.214586229981722
2077,207.604152,4.569797798710176
2078,207.70415400000002,4.604037571578288
2079,207.804156,3.997401166201259
2080,207.904158,4.017473769860461
2081,208.00416,4.055282122100418
2082,208.104162,3.9707492605655563
2083,208.20416400000002,4.056734412395776
2084,208.304166,4.077225922394034
2085,208.404168,3.9760572442897764
2086,208.50417000000002,4.612626665247131
2087,208.604172,4.251333601224942
2088,208.704174,4.425337611309803
2089,208.804176,4.335275016389178
2090,208.904178,4.62267904151181
2091,209.00418,4.528801110144939
2092,209.104182,4.553686030095934
2093,209.204184,4.520844500633168
2094,209.30418600000002,3.8705775635394257
2095,209.404188,3.893243977984305
2096,209.50419,3.9001050790601712
2097,209.604192,3.9605862861124277
2098,209.70419400000003,4.375049906227595
2099,209.804196,4.350322461065064
2100,209.904198,3.698430829728845
2101,210.00420000000003,4.560020632281075
2102,210.104202,4.079997911317702
2103,210.204204,4.198562554702553
2104,210.304206,3.4446775877723392
2105,210.404208,4.0734615356861426
2106,210.50421,4.326041262964835
2107,210.604212,4.445531981297707
2108,210.704214,4.5576678497985545
2109,210.80421600000003,4.168030031151664
2110,210.904218,4.145052874261896
2111,211.00422,3.837305815958268
2112,211.10422200000002,3.9117613219514253
2113,211.204224,4.024971941251742
2114,211.304226,3.87643892617673
2115,211.404228,3.502621946414377
2116,211.50423,4.296383051657554
2117,211.60423200000002,4.193203565634783
2118,211.70423399999999,4.133680765192249
2119,211.804236,4.625731022671219
2120,211.90423800000002,4.085888513534515
2121,212.00423999999998,4.515501067698169
2122,212.104242,3.774919771913309
2123,212.20424400000002,3.8998449139115543
2124,212.304246,3.7691642966672494
2125,212.404248,3.6591656028712314
2126,212.50425,4.013861876836708
2127,212.604252,3.9971723149854728
2128,212.70425400000002,3.9806085542773815
2129,212.80425599999998,4.387092292946387
2130,212.904258,4.914468981776833
2131,213.00426000000002,4.420224243383202
2132,213.104262,4.055120143416784
2133,213.204264,4.015985105518746
2134,213.304266,3.6974134093219
2135,213.404268,4.123303362285245
2136,213.50427000000002,4.1752635896419745
2137,213.604272,3.9059088181619157
2138,213.704274,4.40677138595316
2139,213.80427600000002,4.289940218693094
2140,213.904278,4.506315500286703
2141,214.00428,4.606580427306591
2142,214.104282,5.144757538716422
2143,214.204284,4.50353405486233
2144,214.304286,4.592320892155902
2145,214.404288,4.063979093547006
2146,214.50429,4.040676652133608
2147,214.60429200000002,4.005963420981218
2148,214.704294,4.2445238550019155
2149,214.804296,4.813924217480458
2150,214.904298,4.353610902164659
2151,215.00430000000003,4.699392832335604
2152,215.104302,5.387120900724007
2153,215.204304,4.647051212449223
2154,215.30430600000003,4.996008791878179
2155,215.404308,5.3851897321042985
2156,215.50431,5.7963292614925805
2157,215.604312,5.819195256855478
2158,215.704314,4.811159701564832
2159,215.804316,5.229397691486712
2160,215.904318,4.4401982485929254
2161,216.00432,5.3725034127288795
2162,216.10432200000002,4.6644682890167575
2163,216.20432399999999,5.086185967969307
2164,216.304326,4.787726352038468
2165,216.40432800000002,5.112297795494401
2166,216.50433,5.637431244907775
2167,216.604332,5.135028955998862
2168,216.704334,5.393823503228163
2169,216.804336,6.561107235775371
2170,216.90433800000002,5.560356769395728
2171,217.00433999999998,5.055322535117225
2172,217.104342,5.640327790999325
2173,217.20434400000002,5.571307817699082
2174,217.30434599999998,5.646046483608455
2175,217.404348,5.9680270754662965
2176,217.50435000000002,5.747201802491322
2177,217.604352,5.910982093361496
2178,217.704354,5.766074092473057
2179,217.804356,5.93781008574256
2180,217.904358,5.7398138005815404
2181,218.00436000000002,6.534887420423615
2182,218.10436199999998,5.699181984703225
2183,218.204364,5.538225934431658
2184,218.30436600000002,5.743658482328734
2185,218.404368,5.623592418112917
2186,218.50437,5.4118341956066205
2187,218.604372,6.112659678676969
2188,218.704374,6.032134432373294
2189,218.80437600000002,5.1324875219290105
2190,218.904378,4.99944262754675
2191,219.00438,4.746734466900983
2192,219.10438200000002,4.216665038287493
2193,219.204384,5.56052594699648
2194,219.304386,5.293206934128929
2195,219.404388,5.607910524149845
2196,219.50439,5.3929735149176405
2197,219.604392,5.7950446506468385
2198,219.704394,5.786262408100363
2199,219.804396,6.716215410820278
2200,219.90439800000001,6.203184640394518
2201,220.0044,5.965394803692324
2202,220.104402,4.680684599673808
2203,220.204404,5.006083118868888
2204,220.30440600000003,5.289928162108012
2205,220.404408,5.661702738378056
2206,220.50441,5.587730962186021
2207,220.60441200000002,5.956912458725457
2208,220.704414,6.046987624800125
2209,220.804416,5.56907547562753
2210,220.904418,4.598640149019091
2211,221.00442,4.692730608157136
2212,221.104422,4.345788848405493
2213,221.204424,3.662256339698291
2214,221.304426,3.4029395950167585
2215,221.40442800000002,3.633592813592491
2216,221.50442999999999,3.868942357541246
2217,221.604432,4.071369594958831
2218,221.70443400000002,4.003489717950518
2219,221.804436,4.093164184589445
2220,221.904438,3.9501117553417613
2221,222.00444,4.286380591364692
2222,222.104442,4.279768855546766
2223,222.20444400000002,4.384294849234379
2224,222.30444599999998,3.8894770527228917
2225,222.404448,3.8559490241284187
2226,222.50445000000002,3.5495984470750135
2227,222.60445199999998,3.525151885836045
2228,222.704454,3.7690307388547426
2229,222.80445600000002,3.6367300076795437
2230,222.904458,4.365698810416824
2231,223.00446,4.907893837517422
2232,223.104462,4.938809872042126
2233,223.204464,4.560102520012856
2234,223.30446600000002,4.584979079291523
2235,223.40446799999998,4.297819994990304
2236,223.50447,3.993668494323774
2237,223.60447200000002,3.584953767887874
2238,223.704474,4.182882658528956
2239,223.804476,4.195966110979105
2240,223.904478,4.280647010507652
2241,224.00448,5.023681246712226
2242,224.10448200000002,4.253532855547027
2243,224.204484,4.681637151908334
2244,224.304486,4.218811379127469
2245,224.40448800000001,4.945380705513377
2246,224.50449,4.2703010519663245
2247,224.604492,4.442035825649242
2248,224.704494,4.318081972354236
2249,224.804496,3.7721143276760305
2250,224.904498,4.406235044754544
2251,225.0045,4.204555166676516
2252,225.104502,4.250664358261885
2253,225.20450400000001,4.191712702915303
2254,225.304506,4.236813184091676
2255,225.404508,4.372247518873029
2256,225.50451,4.188264340377147
2257,225.60451200000003,4.242015346495575
2258,225.704514,3.7168648421860606
2259,225.804516,4.131784246426491
2260,225.90451800000002,3.9345412451199597
2261,226.00452,4.119110407853722
2262,226.104522,4.748479860841822
2263,226.204524,5.008274051250884
2264,226.304526,4.514030686611731
2265,226.404528,4.782105982317634
2266,226.50453,4.39116471001049
2267,226.604532,4.21841210033263
2268,226.70453400000002,4.093739192593825
2269,226.80453599999998,4.335389814032115
2270,226.904538,4.714601106376764
2271,227.00454000000002,4.344123011162284
2272,227.104542,4.044750001097164
2273,227.204544,5.365579880289786
2274,227.30454600000002,4.70708394439382
2275,227.404548,4.42671348716071
2276,227.50455000000002,4.376112996092415
2277,227.60455199999998,4.415151437871276
2278,227.704554,3.9124243012122326
2279,227.80455600000002,4.000506243119959
2280,227.904558,4.055170004339865
2281,228.00456,3.7480653322987005
2282,228.10456200000002,3.6758060558361754
2283,228.204564,3.266082778894915
2284,228.304566,3.308641108852261
2285,228.404568,3.521888018420768
2286,228.50457,3.4543809497209987
2287,228.60457200000002,4.041839420395198
2288,228.70457399999998,4.6248235501874575
2289,228.804576,4.005014620393757
2290,228.90457800000001,3.7791077374356017
2291,229.00458,3.6586760308193997
2292,229.104582,3.889045071056478
2293,229.204584,3.9151892526791277
2294,229.304586,4.0401038442392405
2295,229.40458800000002,3.765764687140801
2296,229.50459,4.203115000407998
2297,229.604592,4.421920712729952
2298,229.70459400000001,4.4281394436617685
2299,229.804596,3.858565627180924
2300,229.904598,3.932916034279669
2301,230.0046,3.936016162299414
2302,230.104602,3.7765032237531404
2303,230.204604,4.085219153574893
2304,230.304606,4.230416462108326
2305,230.404608,4.053076851362822
2306,230.50461,3.9559867163413838
2307,230.604612,3.44582845129913
2308,230.704614,3.531641933358197
2309,230.804616,3.8531723643254643
2310,230.90461800000003,3.7811684128027863
2311,231.00462,3.497279182197746
2312,231.104622,3.5776112888307887
2313,231.20462400000002,3.704725978230332
2314,231.304626,3.766204490410208
2315,231.404628,4.15176792703369
2316,231.50463,3.956689414285399
2317,231.604632,4.450115299364458
2318,231.704634,3.930331213168286
2319,231.804636,4.145408201566055
2320,231.904638,3.8340543278533694
2321,232.00464000000002,4.1261718175706665
2322,232.10464199999998,4.298223430161487
2323,232.204644,4.126655049472674
2324,232.30464600000002,3.734634633281427
2325,232.404648,3.57485251767222
2326,232.50465,3.4607843474001414
2327,232.60465200000002,3.4607594816143816
2328,232.704654,3.528116693059715
2329,232.80465600000002,3.744473602589801
2330,232.90465799999998,3.360761031177469
2331,233.00466,3.544729595898201
2332,233.10466200000002,3.20611529039319
2333,233.204664,3.273371141233822
2334,233.304666,3.555943049672524
2335,233.40466800000002,3.3397369718849257
2336,233.50467,3.190094104463175
2337,233.604672,2.959187699869474
2338,233.704674,3.474279540809223
2339,233.804676,3.924094554120315
2340,233.90467800000002,4.369070754049954
2341,234.00467999999998,3.9454411409516843
2342,234.104682,4.050909123902555
2343,234.20468400000001,3.906969992799288
2344,234.304686,4.321639354717127
2345,234.404688,4.249126091902662
2346,234.50469,3.853265448597002
2347,234.604692,3.818720489397808
2348,234.70469400000002,4.095980992431578
2349,234.804696,4.235295621077465
2350,234.904698,3.6084236166990533
2351,235.0047,3.9357677812481384
2352,235.10470200000003,3.9553346583632782
2353,235.204704,4.060993206764287
2354,235.304706,3.588311898965772
2355,235.404708,4.006889404640895
2356,235.50471,4.018465529819805
2357,235.604712,4.081901325001071
2358,235.704714,4.139364369329379
2359,235.804716,4.096634374147213
2360,235.904718,3.7247772230562917
2361,236.00472,4.082228806501191
2362,236.104722,3.775819111621953
2363,236.20472400000003,3.6353260392009528
2364,236.304726,3.7560129337353514
2365,236.404728,4.019068366587832
2366,236.50473000000002,4.540857149636138
2367,236.604732,4.3838902532637
2368,236.704734,4.230632355108171
2369,236.804736,3.7182971220571575
2370,236.904738,3.912307368755626
2371,237.00474,3.794328093384313
2372,237.104742,4.203171007089564
2373,237.204744,4.404949933387551
2374,237.30474600000002,3.9636395084808553
2375,237.40474799999998,3.679956418017393
2376,237.50475,3.6415625950643284
2377,237.60475200000002,3.7475279370820416
2378,237.704754,4.232293209775024
2379,237.804756,4.0398409474401635
2380,237.90475800000002,3.595895268284679
2381,238.00476,3.8096584257398147
2382,238.10476200000002,3.8425344735472673
2383,238.20476399999998,3.819067190088815
2384,238.304766,4.256635269787694
2385,238.40476800000002,4.258916959772218
2386,238.50477,4.492985498156767
2387,238.604772,4.378067532917592
2388,238.70477400000001,4.362397311399351
2389,238.804776,4.8969919975061655
2390,238.904778,4.451861530114998
2391,239.00478,4.754337593294098
2392,239.104782,4.371352730659447
2393,239.20478400000002,4.488791664397401
2394,239.30478599999998,4.90445978353569
2395,239.404788,5.307841138060705
2396,239.50479,5.126407223632325
2397,239.604792,5.199748239414819
2398,239.704794,4.910406156482509
2399,239.804796,4.730912832095672
2400,239.904798,4.298878359609414
2401,240.00480000000002,4.94971598440705
2402,240.104802,4.2833422132932695
2403,240.204804,3.7254135820752774
2404,240.304806,4.169947610169313
2405,240.40480800000003,4.005642645745742
2406,240.50481,4.173370530618374
2407,240.604812,4.215280091362453
2408,240.704814,3.6551154440836764
2409,240.804816,4.288970569558444
2410,240.904818,3.92882474785557
2411,241.00482,3.4661540869398917
2412,241.104822,3.8365595553194516
2413,241.204824,3.501312121059932
2414,241.304826,3.981691404085628
2415,241.404828,3.7413125623868337
2416,241.50483000000003,3.842432942152249
2417,241.604832,4.143344671491564
2418,241.704834,4.070171015189748
2419,241.80483600000002,4.3375741750327945
2420,241.904838,3.9485187977123277
2421,242.00484,3.5941554571827594
2422,242.104842,3.659444664864649
2423,242.204844,3.939016982104022
2424,242.30484600000003,3.5113392097231215
2425,242.404848,3.906074745436429
2426,242.50485,3.92393558826903
2427,242.60485200000002,3.4352730069089237
2428,242.70485399999998,3.2779730348536615
2429,242.804856,3.2903050970409797
2430,242.90485800000002,3.5209907824090005
2431,243.00486,3.713202448938065
2432,243.104862,4.410927831676765
2433,243.20486400000001,4.015942799730362
2434,243.304866,3.5844936915188637
2435,243.40486800000002,3.4905943231539323
2436,243.50486999999998,4.230462891848025
2437,243.604872,4.276040020936708
2438,243.70487400000002,4.247345190808597
2439,243.804876,4.724715300405441
2440,243.904878,4.41057707285406
2441,244.00488,4.149805668234391
2442,244.104882,4.648995143242753
2443,244.204884,4.186882868948291
2444,244.304886,4.4350128931519786
2445,244.404888,4.384095540936779
2446,244.50489000000002,3.784543233074693
2447,244.604892,4.100221293301555
2448,244.704894,4.045340900672542
2449,244.804896,4.180766269012442
2450,244.904898,4.88115120669329
2451,245.0049,4.289231974065119
2452,245.104902,4.3482939193125025
2453,245.204904,4.596844648221895
2454,245.30490600000002,4.275699560527141
2455,245.404908,4.265629344076919
2456,245.50491,3.680755966527747
2457,245.604912,3.262523263436121
2458,245.70491400000003,3.7383308751515245
2459,245.804916,3.5645655456620067
2460,245.904918,3.431991288185125
2461,246.00492000000003,3.7766792850702195
2462,246.104922,3.59219337704404
2463,246.204924,3.4671993364140157
2464,246.304926,3.58642250685914
2465,246.404928,4.138528258195712
2466,246.50493,3.862577842893224
2467,246.604932,3.780162585178376
2468,246.704934,2.95358856140494
2469,246.80493600000003,3.280192238894529
2470,246.904938,3.849825811257582
2471,247.00494,3.9842767869807734
2472,247.10494200000002,3.6275483500044956
2473,247.204944,4.063851469566543
2474,247.304946,3.6550481024867043
2475,247.404948,3.5726003265145967
2476,247.50495,3.1579458836281136
2477,247.60495200000003,3.3981351596043443
2478,247.704954,3.4906589243304977
2479,247.804956,3.462031868913077
2480,247.90495800000002,4.15231252268708
2481,248.00495999999998,4.08510512161184
2482,248.104962,4.141133872437889
2483,248.20496400000002,4.418211045936606
2484,248.304966,4.8933825182866
2485,248.404968,4.9578863379195095
2486,248.50497000000001,4.566945261464577
2487,248.604972,4.804461348980384
2488,248.70497400000002,4.839902091609366
2489,248.80497599999998,4.460629715256627
2490,248.904978,3.969875511010298
2491,249.00498000000002,4.254269426946845
2492,249.104982,4.125541803802295
2493,249.204984,4.10925282495866
2494,249.304986,3.9515072196183576
2495,249.404988,3.9967035659819703
2496,249.50499,4.454419482968814
2497,249.604992,4.655565678716717
2498,249.704994,4.9441807785116065
2499,249.80499600000002,4.947747618370055
2500,249.904998,4.467984720011368
2501,250.005,3.9720432117489444
2502,250.105002,3.9768763179616102
2503,250.205004,3.8047102997913544
2504,250.305006,3.736823515821976
2505,250.405008,3.8865001801971006
2506,250.50501,4.459521417392655
2507,250.60501200000002,4.527174029431611
2508,250.705014,4.278945019483546
2509,250.805016,4.058059451176695
2510,250.905018,4.24153276546128
2511,251.00502000000003,4.207103232792095
2512,251.105022,3.9625823070185353
2513,251.205024,4.093004217922828
2514,251.30502600000003,4.101562001768447
2515,251.405028,4.359963916606837
2516,251.50503,4.686723818931001
2517,251.605032,4.264867725080726
2518,251.705034,4.149952559556543
2519,251.805036,4.011082140639903
2520,251.905038,5.083921534489801
2521,252.00504,5.4818122762293235
2522,252.10504200000003,4.594563127937317
2523,252.205044,4.765662935251251
2524,252.305046,4.620143068984958
2525,252.40504800000002,4.698961137630156
2526,252.50505,4.233549915969475
2527,252.605052,4.047016832724326
2528,252.705054,4.1464663643257245
2529,252.805056,4.009118603642329
2530,252.90505800000003,4.402430800649694
2531,253.00506,4.971481230900038
2532,253.105062,4.500906055221151
2533,253.20506400000002,4.7272906740056255
2534,253.30506599999998,4.691987585018402
2535,253.405068,4.201217654432475
2536,253.50507000000002,4.382592655752893
2537,253.605072,5.011664840203016
2538,253.705074,4.639117756246844
2539,253.805076,4.212679953634279
2540,253.905078,4.4453906146370255
2541,254.00508000000002,4.45198335800181
2542,254.10508199999998,4.065467326234884
2543,254.205084,4.580213368773448
2544,254.30508600000002,4.102927440260028
2545,254.405088,4.439575451223708
2546,254.50509,4.440285331667557
2547,254.605092,4.476651134056352
2548,254.705094,4.5254058658840535
2549,254.80509600000002,4.47868788791946
2550,254.905098,4.607581160532636
2551,255.0051,3.8079004184778245
2552,255.10510200000002,3.9197034820886834
2553,255.205104,3.5620166756515483
2554,255.305106,3.9377809680192675
2555,255.405108,3.848561179602301
2556,255.50511,3.764058436524535
2557,255.605112,3.686698307393856
2558,255.705114,3.8352088079297935
2559,255.805116,4.429313844110994
2560,255.90511800000002,4.213436809406542
2561,256.00512,4.136975519625581
2562,256.105122,3.9811236439516113
2563,256.205124,4.197816950874007
2564,256.30512600000003,3.4505245477701854
2565,256.405128,3.8937170124949887
2566,256.50513,3.616810250429363
2567,256.605132,4.20283224457376
2568,256.705134,3.54061914219963
2569,256.805136,3.954706996225945
2570,256.905138,4.280822137077193
2571,257.00514000000004,4.878386481464085
2572,257.105142,3.9137527570449677
2573,257.205144,4.014524422428834
2574,257.30514600000004,4.374349840980852
2575,257.405148,4.402239490069855
2576,257.50515,4.405798784875929
2577,257.605152,5.264602395107102
2578,257.705154,4.791964519227651
2579,257.805156,4.442490926686765
2580,257.905158,4.880891040823506
2581,258.00516,4.860338916152857
2582,258.105162,4.714643150722153
2583,258.205164,4.8519415994237205
2584,258.305166,4.774508312422107
2585,258.405168,4.490879217763979
2586,258.50517,3.8884871295345658
2587,258.605172,3.9338551953536194
2588,258.705174,3.7650112397622393
2589,258.805176,4.354487366908791
2590,258.90517800000003,4.487819830708304
2591,259.00518,4.233160279773692
2592,259.105182,4.602703605326006
2593,259.20518400000003,4.5461294995850405
2594,259.305186,4.895700555468463
2595,259.405188,4.780208608543972
2596,259.50519,5.073187742617965
2597,259.605192,3.8152396780772024
2598,259.705194,3.547032743452796
2599,259.805196,3.8159464980573414
2600,259.905198,4.422954624196966
2601,260.0052,4.4050804768348755
2602,260.105202,4.33910566826198
2603,260.205204,4.583249298787566
2604,260.305206,4.5389357132160395
2605,260.405208,4.659266818117978
2606,260.50521,4.9836798887570275
2607,260.605212,4.810541278674803
2608,260.705214,4.46306068915441
2609,260.80521600000003,4.285025503522109
2610,260.905218,4.069395368136881
2611,261.00522,4.199050137882006
2612,261.105222,4.482473032053825
2613,261.20522400000004,4.038986650771856
2614,261.305226,4.348091237940619
2615,261.405228,5.076360160771114
2616,261.50523,4.692288362556146
2617,261.605232,4.607937953456365
2618,261.705234,4.7136486326439035
2619,261.805236,5.148953273925193
2620,261.905238,4.975795298638573
2621,262.00524,4.190759718315642
2622,262.105242,4.385465165684348
2623,262.205244,4.56119921353172
2624,262.305246,4.555614482890924
2625,262.40524800000003,4.40077033020463
2626,262.50525,4.7771206125045635
2627,262.60525199999995,5.105143269882456
2628,262.705254,5.479525481202551
2629,262.805256,4.923216441155534
2630,262.905258,5.033495380988627
2631,263.00526,4.090953570908487
2632,263.105262,3.8307519790426894
2633,263.205264,4.527427969790166
2634,263.305266,6.014287170038815
2635,263.405268,5.759404894948536
2636,263.50527,4.836673143338674
2637,263.605272,4.324531299304057
2638,263.70527400000003,5.415612554693868
2639,263.805276,4.640139672450421
2640,263.905278,4.936804342842476
2641,264.00528,4.163830654656315
2642,264.105282,3.4846590781404894
2643,264.205284,4.022932391185747
2644,264.305286,3.824050546529693
2645,264.405288,3.738839195772136
2646,264.50529,3.208044230916827
2647,264.605292,4.2940776595640795
2648,264.705294,4.343474201322413
2649,264.80529600000006,4.1843103309314875
2650,264.905298,3.981959504505154
2651,265.0053,3.701592901941674
2652,265.10530200000005,3.6633675488311757
2653,265.205304,4.155749467953486
2654,265.305306,4.210799887275726
2655,265.405308,3.742682261780247
2656,265.50531,3.5913685683930057
2657,265.605312,3.526142716776839
2658,265.705314,3.7833682991558977
2659,265.805316,3.7390537500734626
2660,265.905318,3.8445425836203477
2661,266.00532,3.737474334430433
2662,266.105322,4.100017291982399
2663,266.205324,4.068651882430416
2664,266.305326,3.7689234886120193
2665,266.405328,3.6064439971054165
2666,266.50533,4.039903100894359
2667,266.605332,4.008545173195698
2668,266.70533400000005,3.8612095913968423
2669,266.805336,3.6007877995392716
2670,266.905338,3.4382654909978276
2671,267.00534000000005,3.7059229275805805
2672,267.105342,3.6860813828388626
2673,267.20534399999997,3.9167894500745155
2674,267.30534600000004,3.6910018115663794
2675,267.405348,3.77791761063596
2676,267.50534999999996,4.310337802271949
2677,267.60535200000004,4.094799130321989
2678,267.705354,4.238965758390634
2679,267.805356,3.968457153450543
2680,267.90535800000004,3.6461758660490915
2681,268.00536,3.7553103819997267
2682,268.105362,4.040836241896724
2683,268.205364,4.292331321349782
2684,268.305366,3.6761463460531374
2685,268.405368,3.8484013127324603
2686,268.50536999999997,3.6901280337600655
2687,268.60537200000005,4.04704940873591
2688,268.705374,3.9680227938759116
2689,268.80537599999997,4.599212887565929
2690,268.90537800000004,3.531473632624094
2691,269.00538,3.940017862683041
2692,269.10538199999996,3.7910053358399503
2693,269.20538400000004,3.6376249294017793
2694,269.305386,3.4884198742445407
2695,269.40538799999996,3.231444868886048
2696,269.50539000000003,3.1484415559198693
2697,269.605392,3.408280215776737
2698,269.705394,3.522903460078063
2699,269.80539600000003,3.146604225359623
2700,269.905398,3.2549122673426987
2701,270.0054,3.4490204919785397
2702,270.105402,3.5346449111876037
2703,270.205404,3.416294128456342
2704,270.305406,3.5718498644933487
2705,270.405408,3.6168071616355113
2706,270.50541000000004,3.7762205888172864
2707,270.605412,3.8325275592395496
2708,270.70541399999996,3.804329530378429
2709,270.80541600000004,3.0845864555457814
2710,270.905418,3.2824926647448676
2711,271.00541999999996,3.3334214725400444
2712,271.10542200000003,3.7184446714554213
2713,271.205424,3.860579889302183
2714,271.30542599999995,3.3726596044938617
2715,271.40542800000003,3.1366237663926855
2716,271.50543,3.4647062941338063
2717,271.605432,3.5652926712723048
2718,271.705434,3.3833393059811443
2719,271.805436,3.4584045717177125
2720,271.905438,4.020138502713934
2721,272.00544,3.6458637538649814
2722,272.105442,3.861722929436275
2723,272.205444,4.719697229686481
2724,272.305446,3.8565235643917655
2725,272.40544800000004,3.882676003110348
2726,272.50545,3.612701432036605
2727,272.605452,4.061577381948984
2728,272.70545400000003,3.9181319156526286
2729,272.805456,3.7160166210318133
2730,272.905458,3.6986780157174497
2731,273.00546,3.960075274556237
2732,273.105462,3.718191434285317
2733,273.205464,4.100955576062113
2734,273.305466,3.942995504293979
2735,273.405468,4.290081743954312
2736,273.50547,4.326181122437627
2737,273.605472,4.349602460751678
2738,273.705474,4.074909115655006
2739,273.805476,3.7017332355311465
2740,273.905478,3.9455408910631093
2741,274.00548,3.7507205745378585
2742,274.105482,3.6068254685234766
2743,274.205484,3.7079093320760474
2744,274.30548600000003,3.9019216081731463
2745,274.405488,3.947733315157612
2746,274.50549,3.9605518167896667
2747,274.605492,3.9972582141494306
2748,274.705494,4.417703779827684
2749,274.805496,4.269785887671132
2750,274.905498,3.623539242620967
2751,275.0055,3.837190215360713
2752,275.105502,3.52318470568637
2753,275.205504,3.6230732774736842
2754,275.305506,4.201673244597382
2755,275.40550800000005,4.942082348768882
2756,275.50551,4.039266158128763
2757,275.605512,3.6045637753869633
2758,275.70551400000005,3.7962320737525475
2759,275.805516,3.768402318974329
2760,275.905518,3.586841531441899
2761,276.00552000000005,3.9013554882974812
2762,276.105522,3.912573451479527
2763,276.205524,4.085609380456518
2764,276.305526,4.2639109058796105
2765,276.405528,3.802836560311373
2766,276.50553,3.7341088581517514
2767,276.605532,3.6020472800034824
2768,276.705534,3.9386629325219835
2769,276.805536,4.059779425973451
2770,276.905538,3.6502105076390112
2771,277.00554,3.562591797069167
2772,277.105542,3.861128047264086
2773,277.205544,3.8039775803250193
2774,277.30554600000005,3.6990545844931133
2775,277.405548,3.712037176507161
2776,277.50554999999997,3.8389482064377813
2777,277.60555200000005,3.9575355382397506
2778,277.705554,3.6368428386337395
2779,277.80555599999997,3.7391009784089295
2780,277.90555800000004,3.6475380164414126
2781,278.00556,3.6981697698614173
2782,278.105562,3.8620354025186674
2783,278.20556400000004,3.7309133583386265
2784,278.305566,4.190006046851589
2785,278.405568,3.5939097549614534
2786,278.50557000000003,3.8624166846580823
2787,278.605572,3.4712667844575007
2788,278.705574,3.698817458148973
2789,278.805576,4.066045853873304
2790,278.905578,3.8901386791266646
2791,279.00558,3.6601241641062807
2792,279.10558199999997,3.532000386628049
2793,279.20558400000004,3.759133842765805
2794,279.305586,4.063768491346111
2795,279.40558799999997,4.046498834804893
2796,279.50559000000004,3.852969711603434
2797,279.605592,3.9710028152702384
2798,279.70559399999996,4.2760333016218715
2799,279.80559600000004,3.6182449648819897
2800,279.905598,4.209082668272739
2801,280.0056,3.57127185973576
2802,280.10560200000003,3.8240639193446104
2803,280.205604,4.42224292212823
2804,280.305606,4.909546911509139
2805,280.40560800000003,4.4325949966248785
2806,280.50561,4.303733450350946
2807,280.605612,4.270315375503949
2808,280.705614,4.136286675396148
2809,280.805616,4.219960272571201
2810,280.905618,3.564659658059561
2811,281.00562,3.2401676015480803
2812,281.10562200000004,3.2147026864335033
2813,281.205624,3.967051473812082
2814,281.30562599999996,4.804060994851841
2815,281.40562800000004,4.634469419945048
2816,281.50563,4.371587434788504
2817,281.60563199999996,4.270644856393364
2818,281.70563400000003,4.376037688441443
2819,281.805636,3.9301823352426144
2820,281.90563799999995,3.96322777928965
2821,282.00564,4.125956667574283
2822,282.105642,4.115500455672379
2823,282.205644,3.8198832594824275
2824,282.305646,4.038629108474102
2825,282.405648,3.6354201843346945
2826,282.50565,3.775745768666258
2827,282.605652,3.8268114569900065
2828,282.705654,3.311942750463344
2829,282.805656,3.456282104439268
2830,282.905658,3.1549595207308774
2831,283.00566000000003,3.8248132965709827
2832,283.105662,4.1505293452169045
2833,283.205664,4.356787670281876
2834,283.30566600000003,3.964228544059074
2835,283.405668,3.6793215149259235
2836,283.50567,3.686810709252151
2837,283.605672,4.231982049339343
2838,283.705674,3.8358037520636556
2839,283.805676,4.19183008243916
2840,283.905678,4.043328246888173
2841,284.00568,4.170287738801086
2842,284.105682,4.08905222320601
2843,284.205684,4.186192450398037
2844,284.305686,3.981184702056109
2845,284.405688,4.07463640651719
2846,284.50569,4.301112759884352
2847,284.605692,4.115694868959849
2848,284.705694,4.7120910087575805
2849,284.805696,4.334627197273826
2850,284.90569800000003,4.185910967987113
2851,285.0057,3.5835117669504863
2852,285.105702,3.5552464206861756
2853,285.205704,3.9732921833141646
2854,285.305706,4.661549281424985
2855,285.405708,4.393013959892573
2856,285.50571,3.616095278559626
2857,285.605712,3.713288727509899
2858,285.705714,3.98113626929224
2859,285.805716,4.687150670582721
2860,285.905718,4.695946975368484
2861,286.00572000000005,3.4493539456759454
2862,286.105722,4.163403466027698
2863,286.205724,3.4121632641101725
2864,286.30572600000005,3.9171401457848205
2865,286.405728,4.013465537812743
2866,286.50572999999997,3.3578441227913576
2867,286.60573200000005,3.8443656060800127
2868,286.705734,3.3631657387949767
2869,286.805736,3.981284063996805
2870,286.905738,4.262179875901838
2871,287.00574,4.317033468308884
2872,287.105742,3.828915975977554
2873,287.205744,4.150546549139398
2874,287.305746,4.139676080499677
2875,287.405748,3.7744152144497267
2876,287.50575,4.054588427149675
2877,287.605752,3.773535532537052
2878,287.705754,4.285781537910718
2879,287.805756,4.291938493694913
2880,287.90575800000005,3.5961213824329246
2881,288.00576,3.3512880257766406
2882,288.10576199999997,4.134086904408494
2883,288.20576400000004,3.9233506849799773
2884,288.305766,4.080390585782424
2885,288.40576799999997,3.882584328584995
2886,288.50577000000004,3.5734601513205084
2887,288.605772,3.9131427634303417
2888,288.705774,4.149354292296689
2889,288.80577600000004,3.663760985334715
2890,288.905778,3.8982034018232
2891,289.00578,3.8339461595085402
2892,289.10578200000003,3.8401937234650387
2893,289.205784,3.6486840964862632
2894,289.305786,4.170482993644711
2895,289.405788,4.244477059755061
2896,289.50579,3.6783392977714144
2897,289.605792,3.921543349897102
2898,289.70579399999997,4.042063067372674
2899,289.80579600000004,4.547189938671691
2900,289.905798,4.833799961530085
2901,290.00579999999997,4.335694123756491
2902,290.10580200000004,4.419735539528652
2903,290.205804,4.252084217434771
2904,290.30580599999996,4.39633693119411
2905,290.40580800000004,4.513262898393346
2906,290.50581,3.6909032362001315
2907,290.605812,3.8955368667066894
2908,290.70581400000003,3.923864874622258
2909,290.805816,3.9823778815439344
2910,290.905818,4.276159312155421
2911,291.00582,4.459961651530969
2912,291.105822,4.403901419952159
2913,291.205824,4.315798606470126
2914,291.305826,3.8534379540465244
2915,291.405828,4.304797235795649
2916,291.50583,4.17778215166805
2917,291.605832,4.191072681519499
2918,291.70583400000004,3.8990709926848806
2919,291.805836,3.9411396041216884
2920,291.905838,4.594855407259674
2921,292.00584000000003,3.959806479852127
2922,292.105842,4.005532108871849
2923,292.20584399999996,4.140752165348175
2924,292.30584600000003,3.7849511632503865
2925,292.405848,3.900709399736382
2926,292.50585,4.113722533792622
2927,292.605852,4.1357311188201855
2928,292.705854,3.87391134531316
2929,292.805856,3.9981986694078726
2930,292.905858,4.117825513531935
2931,293.00586,4.324113969090071
2932,293.105862,4.095815257951119
2933,293.205864,4.445476591565994
2934,293.305866,4.842274575134988
2935,293.405868,4.773137477597801
2936,293.50587,4.601636491701476
2937,293.60587200000003,4.835046856158979
2938,293.705874,4.895702459715276
2939,293.805876,4.7803812574370586
2940,293.90587800000003,3.8449116080431205
2941,294.00588,4.719279972319713
2942,294.105882,4.790429634972849
2943,294.205884,4.460031710217498
2944,294.305886,4.496880220978507
2945,294.405888,4.350103516390366
2946,294.50589,4.089045936270694
2947,294.605892,3.8600799456370862
2948,294.70589400000006,4.102494129004532
2949,294.805896,4.585573476114605
2950,294.905898,4.919876736807989
2951,295.0059,4.215050090296021
2952,295.105902,4.527615337898714
2953,295.205904,4.70753473759678
2954,295.305906,4.9459104330637205
2955,295.405908,4.282524701072328
2956,295.50591000000003,4.315254035000627
2957,295.605912,4.785889146910126
2958,295.705914,4.396737602970457
2959,295.805916,4.169578397773738
2960,295.905918,4.253881162322968
2961,296.00592,4.4351550797066395
2962,296.105922,4.099384672852603
2963,296.205924,4.123474923279807
2964,296.305926,4.041725605571067
2965,296.405928,4.434959289137732
2966,296.50593,4.211039393953611
2967,296.60593200000005,4.462010179511547
2968,296.705934,4.692641474286876
2969,296.805936,4.546032676985046
2970,296.90593800000005,4.2554044408854095
2971,297.00594,4.282640883160679
2972,297.10594199999997,4.307541123154683
2973,297.20594400000004,3.9314488798253033
2974,297.305946,3.931424376524175
2975,297.405948,4.098648130473224
2976,297.50595,4.503182158163842
2977,297.605952,4.024714159911629
2978,297.705954,4.208485120692581
2979,297.805956,4.574114407010147
2980,297.905958,4.269033353225676
2981,298.00596,4.364493523598032
2982,298.105962,4.511445711257926
2983,298.205964,4.669135627247556
2984,298.305966,4.2600833263197675
2985,298.405968,4.5228607031787735
2986,298.50597000000005,4.739355430398609
2987,298.605972,4.679446821464547
2988,298.70597399999997,4.2327385872470185
2989,298.80597600000004,5.03234708022366
2990,298.905978,4.216180549859284
2991,299.00597999999997,3.9096646776885646
2992,299.10598200000004,3.9865766981765924
2993,299.205984,4.311536769972043
2994,299.305986,4.632154757259726
2995,299.40598800000004,4.27638084959656
2996,299.50599,3.7996370853489356
2997,299.605992,4.284413305467471
2998,299.70599400000003,4.255652869101655
2999,299.805996,4.330741407110934
3000,299.905998,4.1955775633797705
3001,300.006,3.781143196388356
3002,300.106002,3.8945906308964253
3003,300.206004,4.013540195016216
3004,300.30600599999997,4.119028829317523
3005,300.40600800000004,4.029707590730253
3006,300.50601,4.363506999629443
3007,300.60601199999996,3.874534016302451
3008,300.70601400000004,4.078523093869752
3009,300.806016,3.7169042764823885
3010,300.90601799999996,3.760423235806106
3011,301.00602000000003,3.3771955501402866
3012,301.106022,3.785088826128332
3013,301.206024,3.946116687844828
3014,301.30602600000003,3.801754551244777
3015,301.406028,3.78330543122858
3016,301.50603,3.7923623486323224
3017,301.606032,3.5915298216778786
3018,301.706034,3.92658423245377
3019,301.806036,4.090605982391452
3020,301.906038,3.6218354438561784
3021,302.00604,3.6595419271673255
3022,302.106042,3.9519122460924865
3023,302.206044,3.8748930780567945
3024,302.30604600000004,4.2995545387395175
3025,302.406048,4.059584688099186
3026,302.50605,4.683100517785877
3027,302.60605200000003,4.014606124247279
3028,302.706054,3.953743875144874
3029,302.80605599999996,4.272947963354317
3030,302.90605800000003,3.4056864428878293
3031,303.00606,4.19864296322639
3032,303.106062,4.1271346465378596
3033,303.206064,4.049815802661721
3034,303.306066,3.6531950290709294
3035,303.406068,3.1718946973479736
3036,303.50607,3.2786037626137174
3037,303.606072,3.5022367991932355
3038,303.706074,3.398909425812599
3039,303.806076,3.5245271906008844
3040,303.906078,3.5453003610884077
3041,304.00608,3.140223106037161
3042,304.106082,3.4762894444759644
3043,304.20608400000003,3.3399622044771804
3044,304.306086,3.0729337368271756
3045,304.406088,3.0154052010583245
3046,304.50609000000003,3.163872310698443
3047,304.606092,3.2269194286069913
3048,304.706094,3.5283315951072813
3049,304.806096,3.438897601666317
3050,304.906098,3.5721155916082252
3051,305.00610000000006,3.2694483669369774
3052,305.106102,3.8952336681230966
3053,305.206104,3.644752106669093
3054,305.30610600000006,3.45331245444924
3055,305.406108,3.7213953008168725
3056,305.50611,3.8525224214934317
3057,305.606112,3.5880117348124343
3058,305.706114,3.8271626099367784
3059,305.806116,3.426155358000441
3060,305.906118,3.8544286820614904
3061,306.00612,4.675136159862133
3062,306.106122,4.2950910742788295
3063,306.206124,4.020116194399062
3064,306.306126,4.051709926250395
3065,306.406128,4.44421389314965
3066,306.50613,3.8945092617017227
3067,306.606132,3.9939392210928033
3068,306.706134,3.7303888226000708
3069,306.806136,3.5229977755437405
3070,306.90613800000006,3.436262892674058
3071,307.00614,3.68201942869242
3072,307.106142,3.8176699983769353
3073,307.20614400000005,3.97112077859786
3074,307.306146,3.8412800007222665
3075,307.406148,3.400372453159323
3076,307.50615000000005,3.557698881480773
3077,307.606152,3.6775461705063295
3078,307.70615399999997,3.9646615875016398
3079,307.80615600000004,3.4731811123454372
3080,307.906158,3.6412531976203497
3081,308.00616,3.9863956242913106
3082,308.106162,3.5350882898060534
3083,308.206164,3.5631636127561017
3084,308.306166,3.6127499440082023
3085,308.406168,3.724762869407581
3086,308.50617,3.3857258940547372
3087,308.606172,2.9898422121898753
3088,308.706174,2.930072318891155
3089,308.806176,3.2700228046271875
3090,308.906178,3.960060835504293
3091,309.00618,3.1661325099001876
3092,309.10618200000005,3.5483651696044465
3093,309.206184,3.6765532955795903
3094,309.30618599999997,3.309990107557784
3095,309.40618800000004,3.3351770342041362
3096,309.50619,2.9496937189363344
3097,309.60619199999996,3.3224208544319915
3098,309.70619400000004,3.404894733851735
3099,309.806196,4.644260759407458
3100,309.906198,3.8123014894918192
3101,310.00620000000004,4.109492444437129
3102,310.106202,4.219018242421454
3103,310.206204,4.874786047185051
3104,310.30620600000003,4.771906381996086
3105,310.406208,4.110291033787208
3106,310.50621,4.472381787414256
3107,310.606212,4.245755719876649
3108,310.706214,3.99256743612519
3109,310.806216,5.933801087334944
3110,310.90621799999997,5.440663593855114
3111,311.00622000000004,5.0987019939015985
3112,311.106222,4.788025205095102
3113,311.20622399999996,4.103317724687077
3114,311.30622600000004,4.160698465722538
3115,311.406228,4.298670194156691
3116,311.50622999999996,4.842980278105468
3117,311.60623200000003,5.2649493230925515
3118,311.706234,5.174673644486149
3119,311.806236,5.202796508264535
3120,311.90623800000003,4.708141771049608
3121,312.00624,4.932647528885745
3122,312.106242,5.586305098514453
3123,312.206244,5.666092304563669
3124,312.306246,5.4038034815873
3125,312.406248,6.405735132651033
3126,312.50625,6.164793557343195
3127,312.606252,6.417322042768031
3128,312.706254,5.157228435988646
3129,312.806256,4.839293268301975
3130,312.90625800000004,4.8028107107260105
3131,313.00626,6.18207948243686
3132,313.106262,5.722373278221948
3133,313.20626400000003,5.594510646194797
3134,313.306266,5.201093816789332
3135,313.40626799999995,5.984770567537346
3136,313.50627000000003,5.804222942490167
3137,313.606272,5.707507785960179
3138,313.706274,5.555644323018005
3139,313.806276,5.718530339262823
3140,313.906278,6.172455867757389
3141,314.00628,6.48656315713248
3142,314.106282,5.527991421569753
3143,314.206284,5.489694693038341
3144,314.306286,5.965767490381031
3145,314.406288,4.685299635881768
3146,314.50629,5.299906596550731
3147,314.606292,4.922652503853997
3148,314.706294,4.761161750236761
3149,314.80629600000003,6.063795207378701
3150,314.906298,5.486493609912981
3151,315.0063,4.904886701988399
3152,315.106302,4.813443687828646
3153,315.206304,5.664094833082566
3154,315.306306,5.929051812176611
3155,315.406308,6.1507965086745955
3156,315.50631,6.721421115548803
3157,315.60631200000006,5.803858987146872
3158,315.706314,5.444822696229446
3159,315.806316,5.3193872853857425
3160,315.90631800000006,5.442007332378401
3161,316.00632,6.101140382935554
3162,316.106322,6.153124978777757
3163,316.206324,5.680580565851806
3164,316.306326,6.570784115948721
3165,316.406328,6.800213510527811
3166,316.50633,7.181639536271436
3167,316.606332,7.403647278403506
3168,316.706334,8.391987295853484
3169,316.806336,8.392922154836345
3170,316.906338,7.985431265660163
3171,317.00634,6.862078112037199
3172,317.106342,8.667801485114715
3173,317.206344,7.96874646604621
3174,317.306346,9.093721778853267
3175,317.406348,11.323634122129077
3176,317.50635000000005,10.563162884484045
3177,317.606352,9.806928305587974
3178,317.706354,8.772854858118462
3179,317.80635600000005,7.280825274493374
3180,317.906358,7.613887677855354
3181,318.00636,7.907093106638416
3182,318.10636200000005,7.512862537143647
3183,318.206364,7.022308523751956
3184,318.30636599999997,6.133273592688561
3185,318.40636800000004,6.639349364583969
3186,318.50637,6.512511145828259
3187,318.606372,6.915508340771997
3188,318.706374,5.146758752516114
3189,318.806376,4.876359395096497
3190,318.906378,5.39523412672548
3191,319.00638,5.111151937393915
3192,319.106382,4.678159111684073
3193,319.206384,4.403968292885392
3194,319.306386,3.645170124765116
3195,319.40638800000005,4.137959924013076
3196,319.50639,3.8134483641828725
3197,319.60639199999997,3.4534794550364802
3198,319.70639400000005,3.8834740074733727
3199,319.806396,4.043620847113674
3200,319.90639799999997,5.23968449120769
3201,320.00640000000004,5.18269399836058
3202,320.106402,6.976948191569339
3203,320.20640399999996,6.616497119708937
3204,320.30640600000004,6.216805024442021
3205,320.406408,6.209904623823024
3206,320.50641,5.991746550916586
3207,320.60641200000003,5.839418573631629
3208,320.706414,6.465972316356517
3209,320.806416,7.049708312870005
3210,320.90641800000003,6.090293970549482
3211,321.00642,6.851508894673965
3212,321.106422,5.720809947564768
3213,321.206424,6.660752174835447
3214,321.306426,7.109637465919089
3215,321.406428,7.230856171876069
3216,321.50642999999997,7.758151001781904
3217,321.60643200000004,7.670471469944925
3218,321.706434,7.942952459336974
3219,321.80643599999996,8.553970309399542
3220,321.90643800000004,8.24582861902519
3221,322.00644,7.899136233354954
3222,322.10644199999996,8.107913176419977
3223,322.20644400000003,7.9523203092332295
3224,322.306446,8.43428195642435
3225,322.406448,6.6437551141694495
3226,322.50645000000003,6.586321678707248
3227,322.606452,7.3618074316459134
3228,322.706454,8.62330968698155
3229,322.806456,7.195629619177331
3230,322.906458,6.378153221278553
3231,323.00646,7.059381235016659
3232,323.106462,7.702568778123588
3233,323.206464,7.075761692844379
3234,323.306466,7.835039464625496
3235,323.406468,7.302151851456354
3236,323.50647000000004,6.992200089332825
3237,323.606472,6.849590537786265
3238,323.706474,7.253974541868812
3239,323.80647600000003,7.561494288580013
3240,323.906478,8.327044268383265
3241,324.00647999999995,8.822336858187539
3242,324.106482,7.8446658811640635
3243,324.206484,7.01568051995655
3244,324.306486,6.444543528118177
3245,324.406488,6.384943799535564
3246,324.50649,6.954432091706828
3247,324.606492,7.512753348716086
3248,324.706494,7.06347026532757
3249,324.806496,5.9075099708624546
3250,324.906498,4.8349203351294
3251,325.0065,5.34646133644876
3252,325.106502,5.088709583688532
3253,325.206504,4.540690246329445
3254,325.306506,4.64145869036681
3255,325.40650800000003,5.281225637432517
3256,325.50651,6.929898965447472
3257,325.606512,6.656817204887634
3258,325.706514,5.784219438810386
3259,325.806516,5.782059275398033
3260,325.906518,6.559054146485137
3261,326.00652,6.872711909781851
3262,326.106522,7.10566086020069
3263,326.20652400000006,7.807437415441156
3264,326.306526,8.793275413921434
3265,326.406528,8.507585605300473
3266,326.50653000000005,7.982868493314084
3267,326.606532,8.735364099699447
3268,326.706534,8.121402749387329
3269,326.806536,7.272412136366242
3270,326.906538,5.761630878979672
3271,327.00654,5.399395741346173
3272,327.106542,4.952621520471114
3273,327.206544,5.602712867567635
3274,327.306546,5.339851707456449
3275,327.406548,5.693484141710779
3276,327.50655,5.997317452810011
3277,327.606552,6.682366724630442
3278,327.706554,7.053083099602068
3279,327.806556,6.7820827230326755
3280,327.906558,6.123328412378242
3281,328.00656,5.3994472533039035
3282,328.10656200000005,5.747044892470617
3283,328.206564,6.9848983018414454
3284,328.306566,6.660957391448858
3285,328.40656800000005,7.067408905897566
3286,328.50657,6.150360268501991
3287,328.60657199999997,6.906510116004894
3288,328.70657400000005,6.601651980768701
3289,328.806576,5.7893005061566605
3290,328.90657799999997,6.537349428861588
3291,329.00658000000004,5.554140189166466
3292,329.106582,5.200838406983987
3293,329.206584,6.160845082639323
3294,329.30658600000004,5.93037905144264
3295,329.406588,5.393687115589454
3296,329.50659,4.947323701913124
3297,329.606592,5.084198948736707
3298,329.706594,4.761410080983721
3299,329.806596,4.900136033289702
3300,329.906598,4.072278910430478
3301,330.00660000000005,4.309049517833931
3302,330.106602,4.486513285186311
3303,330.20660399999997,4.5009421638703735
3304,330.30660600000004,4.148209459526131
3305,330.406608,4.752930735370327
3306,330.50660999999997,4.480177442412018
3307,330.60661200000004,4.362157825554301
3308,330.706614,4.8751822047158795
3309,330.80661599999996,4.929792112107384
3310,330.90661800000004,5.120937871387232
3311,331.00662,5.352957165570468
3312,331.106622,5.2795889105428415
3313,331.20662400000003,5.072440642597707
3314,331.306626,5.089584275472338
3315,331.406628,5.45634653260921
3316,331.50663000000003,4.786667153569311
3317,331.606632,4.402991838645636
3318,331.706634,4.726036869297428
3319,331.806636,4.433495607869771
3320,331.90663800000004,4.574859646045927
3321,332.00664,4.792348686265626
3322,332.10664199999997,4.497508093971958
3323,332.20664400000004,4.006130656176743
3324,332.306646,4.69342497639542
3325,332.40664799999996,4.431870326791704
3326,332.50665000000004,4.341893851702424
3327,332.606652,4.059161223513313
3328,332.70665399999996,3.821475824259335
3329,332.80665600000003,4.126707398551337
3330,332.906658,4.350390601476247
3331,333.00666,4.612199161730674
3332,333.10666200000003,4.506942167600787
3333,333.206664,4.116760343376632
3334,333.306666,4.7040539662443654
3335,333.406668,4.61045919921803
3336,333.50667,6.2407478339786575
3337,333.606672,5.794539871496693
3338,333.706674,6.648857358312768
3339,333.80667600000004,6.478073610738902
3340,333.906678,5.551808393571946
3341,334.00668,5.5220346634967425
3342,334.10668200000003,5.1179706834292205
3343,334.206684,5.103283972333028
3344,334.306686,4.570193609010129
3345,334.40668800000003,4.371736599379727
3346,334.50669,5.060419703112157
3347,334.60669199999995,5.3362984862488485
3348,334.706694,4.530836460394947
3349,334.806696,4.750620154067781
3350,334.906698,4.812989374467282
3351,335.0067,3.84839601149225
3352,335.106702,3.898601293468792
3353,335.206704,4.09439811865427
3354,335.306706,3.647812601328669
3355,335.406708,3.9648993309655407
3356,335.50671,4.516199679986039
3357,335.606712,4.860095807181677
3358,335.706714,4.699972319420514
3359,335.806716,4.183739656457031
3360,335.906718,4.010707866709306
3361,336.00672000000003,4.424314893256673
3362,336.106722,3.929872543301229
3363,336.206724,4.2329977006794035
3364,336.306726,4.080203735322807
3365,336.406728,4.8590056234436325
3366,336.50673,4.997301076641222
3367,336.606732,5.304134653565025
3368,336.706734,4.845142258448223
3369,336.80673600000006,4.738131619447851
3370,336.906738,5.204883187905539
3371,337.00674,5.4601890191093325
3372,337.10674200000005,4.879158918524197
3373,337.206744,5.0546952954475985
3374,337.306746,4.695589227588523
3375,337.406748,5.1481886047827405
3376,337.50675,5.654978527483658
3377,337.606752,4.95140266120415
3378,337.706754,5.050420404767244
3379,337.806756,4.5202189266036825
3380,337.906758,4.928424171255967
3381,338.00676,4.241164293151975
3382,338.106762,4.633922596195297
3383,338.206764,4.133025323464382
3384,338.306766,4.790735010251698
3385,338.406768,5.004965668709444
3386,338.50677,4.5837337684609984
3387,338.606772,4.2553810442798286
3388,338.70677400000005,3.894259829253031
3389,338.806776,4.368826999309479
3390,338.906778,4.175799613737447
3391,339.00678000000005,4.55439494814853
3392,339.106782,4.178809952442949
3393,339.20678399999997,3.9750244188529624
3394,339.30678600000005,4.37731101873782
3395,339.406788,4.030571431987943
3396,339.50678999999997,3.86752850778221
3397,339.60679200000004,3.9897611865728995
3398,339.706794,3.843414747797602
3399,339.806796,3.8849542764401277
3400,339.90679800000004,4.2192759796713
3401,340.0068,4.5283061271707385
3402,340.106802,4.9635851167113865
3403,340.206804,4.394465207740979
3404,340.306806,3.7661093308740825
3405,340.406808,3.9364368016283127
3406,340.50681,4.914097664263193
3407,340.60681200000005,4.8342045734194
3408,340.706814,4.3995621715841775
3409,340.80681599999997,4.451865751826018
3410,340.90681800000004,4.236187790781569
3411,341.00682,4.9437052442372735
3412,341.10682199999997,4.27353870891869
3413,341.20682400000004,3.9919337765207232
3414,341.306826,3.8796649428897974
3415,341.40682799999996,3.499068181739886
3416,341.50683000000004,3.692773322108117
3417,341.606832,3.9451385370970247
3418,341.706834,4.142849832253493
3419,341.80683600000003,3.8038687433535
3420,341.906838,4.026933067112014
3421,342.00684,3.462391074272582
3422,342.10684200000003,3.7607858316520013
3423,342.206844,3.398928852527627
3424,342.306846,3.6660944175517307
3425,342.406848,3.745445652853751
3426,342.50685000000004,4.482831155591955
3427,342.606852,4.19920000481349
3428,342.70685399999996,4.219374042269818
3429,342.80685600000004,3.9772051164997486
3430,342.906858,3.9646713988316313
3431,343.00685999999996,3.762023234666852
3432,343.10686200000004,4.3689969746962545
3433,343.206864,3.6210941826479317
3434,343.30686599999996,4.0421318901991246
3435,343.40686800000003,3.9636889251550866
3436,343.50687,4.119563973746152
3437,343.606872,4.511673746169958
3438,343.706874,4.038876663416719
3439,343.806876,3.855692590070537
3440,343.906878,4.223153198432613
3441,344.00688,4.032161375237388
3442,344.106882,4.607957556148578
3443,344.206884,5.234640428684438
3444,344.306886,4.671246767026521
3445,344.40688800000004,4.457020415798068
3446,344.50689,4.6709124386517065
3447,344.606892,4.477218302848781
3448,344.70689400000003,3.720894066131161
3449,344.806896,4.76022640351464
3450,344.906898,4.520701591569443
3451,345.00690000000003,4.366414257119293
3452,345.106902,4.0128021348368925
3453,345.206904,3.716175627815732
3454,345.306906,3.9354863902096255
3455,345.406908,3.824153649874804
3456,345.50691,3.779387810067959
3457,345.606912,4.625867933076394
3458,345.706914,3.8851309209653815
3459,345.806916,3.7489551116495976
3460,345.906918,3.902889935270227
3461,346.00692,4.011359889744944
3462,346.106922,4.000486530427212
3463,346.206924,4.158665394621147
3464,346.30692600000003,4.272107530982616
3465,346.406928,4.436786905212767
3466,346.50693,3.9964337957106357
3467,346.60693200000003,4.050391447095782
3468,346.706934,4.6661792078027
3469,346.806936,4.59390041944498
3470,346.906938,4.022880289337351
3471,347.00694,4.0168196820683715
3472,347.106942,5.165117259776453
3473,347.206944,4.742802713469528
3474,347.306946,4.424458770485403
3475,347.40694800000006,4.782748602109537
3476,347.50695,4.535968362299148
3477,347.606952,4.717625404091067
3478,347.70695400000005,5.334611240787703
3479,347.806956,5.1908198109753725
3480,347.906958,5.471550650516416
3481,348.00696000000005,4.813531774737824
3482,348.106962,5.265040229661525
3483,348.206964,5.190677857467603
3484,348.306966,5.021744337992334
3485,348.406968,5.163367492700108
3486,348.50697,4.40054020381448
3487,348.606972,4.417040577937728
3488,348.706974,4.280521415245065
3489,348.806976,4.966741714122839
3490,348.906978,4.738486164793962
3491,349.00698,4.439111385590465
3492,349.106982,4.514080826033841
3493,349.206984,4.463459699527519
3494,349.30698600000005,4.264978550999167
3495,349.406988,4.078060633923282
3496,349.50699,3.960124145634301
3497,349.60699200000005,4.240426941136873
3498,349.706994,4.148594642590378
3499,349.80699599999997,4.443300243923884
3500,349.90699800000004,4.166585038228804
3501,350.007,4.790197763641285
3502,350.10700199999997,4.496354947708987
3503,350.20700400000004,4.0367997252920595
3504,350.307006,4.0267671896013155
3505,350.407008,4.012908504042823
3506,350.50701000000004,4.271970794579434
3507,350.607012,4.510655514869264
3508,350.707014,3.9493746451836493
3509,350.807016,4.469321062097304
3510,350.907018,4.690873487497768
3511,351.00702,4.633908729871296
3512,351.107022,4.43609013013637
3513,351.20702400000005,4.679365806411985
3514,351.307026,4.0206721152712035
3515,351.40702799999997,4.42205683463488
3516,351.50703000000004,4.167903867824277
3517,351.607032,4.585872616231154
3518,351.70703399999996,4.669073569686237
3519,351.80703600000004,4.901396780082006
3520,351.907038,5.309000852274156
3521,352.00703999999996,5.4894046923330775
3522,352.10704200000004,5.464946265170041
3523,352.207044,5.58651839732363
3524,352.307046,5.328610983992308
3525,352.40704800000003,5.131313774374921
3526,352.50705,5.299416574812593
3527,352.607052,5.400130932293571
3528,352.707054,5.473661014219807
3529,352.807056,5.340659206106722
3530,352.907058,5.252447339111617
3531,353.00706,4.787858463212712
3532,353.10706200000004,5.8629018452931785
3533,353.207064,5.4723597516768505
3534,353.30706599999996,5.145059125163017
3535,353.40706800000004,5.0284051381670585
3536,353.50707,4.921411367851435
3537,353.60707199999996,5.360935732450618
3538,353.70707400000003,5.028577413871074
3539,353.807076,5.048182104956778
3540,353.90707799999996,5.003157121361219
3541,354.00708000000003,4.500299465435386
3542,354.107082,4.7834292411022945
3543,354.207084,5.055218157848825
3544,354.307086,5.035894932015222
3545,354.407088,4.9339573126430905
3546,354.50709,4.330924498362735
3547,354.607092,4.638706893120108
3548,354.707094,4.881679559870574
3549,354.807096,4.987241705768976
3550,354.907098,4.45854758663684
3551,355.00710000000004,4.096883990811269
3552,355.107102,4.162706991807361
3553,355.207104,4.611358696766727
3554,355.30710600000003,4.669959810694778
3555,355.407108,4.579824431802511
3556,355.50711,5.363274360532634
3557,355.60711200000003,5.038584186713996
3558,355.707114,4.544373393365036
3559,355.807116,5.243434853972513
3560,355.907118,5.134678074315792
3561,356.00712,4.920525266650512
3562,356.107122,4.911985105837822
3563,356.207124,5.08840748134216
3564,356.307126,5.108547771271748
3565,356.407128,5.524363110660049
3566,356.50713,5.160479516254685
3567,356.607132,4.678703599282257
3568,356.707134,4.989665352609911
3569,356.807136,4.57948467946709
3570,356.90713800000003,4.447056688198844
3571,357.00714,4.279859422721076
3572,357.107142,4.790892370845887
3573,357.207144,4.780281762428356
3574,357.307146,4.277101432079347
3575,357.407148,4.183884950947964
3576,357.50715,4.410440370017065
3577,357.607152,5.0524346940742895
3578,357.707154,5.071326599501202
3579,357.807156,5.736795702538592
3580,357.907158,4.808474355988585
3581,358.00716000000006,5.313200930193377
3582,358.107162,4.866298095233809
3583,358.207164,5.004644665002502
3584,358.30716600000005,4.496812124945941
3585,358.407168,4.598421492152578
3586,358.50717,5.187194080256315
3587,358.60717200000005,5.072655745935257
3588,358.707174,4.863025550080002
3589,358.807176,5.362252548748331
3590,358.907178,4.668655535371401
3591,359.00718,4.23457482566435
3592,359.107182,4.3592844496606995
3593,359.207184,4.9184635011922975
3594,359.307186,4.303167848896829
3595,359.407188,4.864564749282203
3596,359.50719,5.025146293887401
3597,359.607192,5.224404489981425
3598,359.707194,5.2877681723329255
3599,359.807196,6.101801628604582
3600,359.90719800000005,6.111145065452421
3601,360.0072,5.698468847397237
3602,360.107202,4.930346655632419
3603,360.20720400000005,4.990791663919685
3604,360.307206,5.599051804759529
3605,360.40720799999997,4.870591139147167
3606,360.50721000000004,4.422124806437065
3607,360.607212,4.056619251296615
3608,360.707214,4.237438452962331
3609,360.80721600000004,4.112265634046888
3610,360.907218,4.579453450160544
3611,361.00722,4.613266012865849
3612,361.10722200000004,4.9432029748487425
3613,361.207224,5.090375249171451
3614,361.307226,5.698399486904731
3615,361.407228,5.6289863490230765
3616,361.50723,4.613602359908096
3617,361.607232,4.052461540257778
3618,361.70723399999997,4.882459271811808
3619,361.80723600000005,3.551909526766843
3620,361.907238,4.466776415875824
3621,362.00723999999997,4.671742728630932
3622,362.10724200000004,5.063692090674932
3623,362.207244,4.341626166225703
3624,362.30724599999996,5.101089685367507
3625,362.40724800000004,4.487529299090443
3626,362.50725,3.7237516727683824
3627,362.60725199999996,4.784746766451427
3628,362.70725400000003,4.924678286112585
3629,362.807256,5.364637569867431
3630,362.907258,4.846025115316621
3631,363.00726000000003,4.675782722413943
3632,363.107262,5.158570367139274
3633,363.207264,4.648888561557659
3634,363.307266,5.030127732327793
3635,363.407268,5.953456719964917
3636,363.50727,5.75137867493277
3637,363.607272,6.223534560679769
3638,363.70727400000004,6.439203922035039
3639,363.807276,6.5216073473216625
3640,363.907278,6.412179157261776
3641,364.00728000000004,6.209515233350032
3642,364.107282,5.898649999938112
3643,364.20728399999996,5.078358824463257
3644,364.30728600000003,6.018276788267716
3645,364.407288,5.481801685912998
3646,364.50728999999995,6.001126754244015
3647,364.60729200000003,5.798070662639285
3648,364.707294,5.277474824720351
3649,364.807296,5.362127901709635
3650,364.907298,5.618168791472698
3651,365.0073,5.583376008228887
3652,365.107302,6.3500242191285965
3653,365.207304,6.498215855965504
3654,365.307306,5.393144260915707
3655,365.407308,5.117922805652332
3656,365.50731,5.419922950420192
3657,365.60731200000004,5.308463040556925
3658,365.707314,5.412929104683789
3659,365.807316,5.615630490741069
3660,365.90731800000003,6.156150177291561
3661,366.00732,6.137258277162567
3662,366.107322,7.209632802584327
3663,366.207324,5.993230104469224
3664,366.307326,6.314577540236751
3665,366.407328,5.180164465147663
3666,366.50733,4.954173044250606
3667,366.607332,6.077882269045364
3668,366.70733400000006,6.741448168168154
3669,366.807336,6.245872354038056
3670,366.907338,6.058955641831643
3671,367.00734,5.938944562334457
3672,367.107342,5.004424599409145
3673,367.207344,4.845288828532135
3674,367.307346,4.603371957253059
3675,367.407348,5.640584209594215
3676,367.50735000000003,5.576392714144149
3677,367.607352,5.360815252604109
3678,367.707354,5.355997123696048
3679,367.807356,7.156199830840384
3680,367.907358,6.897128694653025
3681,368.00736,5.812595655665544
3682,368.107362,5.737000665976627
3683,368.207364,6.691838755563851
3684,368.307366,5.2506806055803095
3685,368.407368,5.014714045030787
3686,368.50737,6.280332821770786
3687,368.60737200000005,6.225576674164727
3688,368.707374,5.8910854675753335
3689,368.807376,6.055991194388192
3690,368.90737800000005,5.3107923011179805
3691,369.00738,5.1541784472000165
3692,369.107382,5.271254573264619
3693,369.20738400000005,4.940549202297917
3694,369.307386,5.043537343033246
3695,369.407388,6.398635540517234
3696,369.50739,6.109832731144884
3697,369.607392,5.886875037246194
3698,369.707394,6.362521563747157
3699,369.807396,7.275476073544875
3700,369.907398,7.371075688056211
3701,370.0074,7.289937504465622
3702,370.107402,7.539379070183977
3703,370.207404,7.584622401067099
3704,370.307406,6.125349108649705
3705,370.407408,5.572454518357939
3706,370.50741000000005,5.782673710801583
3707,370.607412,5.553928021217814
3708,370.70741399999997,5.519510358255126
3709,370.80741600000005,6.207130003469839
3710,370.907418,5.8230120740313085
3711,371.00741999999997,5.307359107842882
3712,371.10742200000004,6.138121749449445
3713,371.207424,6.087278088936747
3714,371.307426,5.89140258491951
3715,371.40742800000004,5.331646521640781
3716,371.50743,6.706889087590792
3717,371.607432,6.491376095570563
3718,371.70743400000003,5.572865187506009
3719,371.807436,6.396594188508911
3720,371.907438,6.829351120144528
3721,372.00744,8.490443523103535
3722,372.107442,9.675117996836656
3723,372.207444,8.707605357285455
3724,372.30744599999997,6.313041359301876
3725,372.40744800000004,6.0082151941685975
3726,372.50745,6.387716332448854
3727,372.60745199999997,5.495862784549423
3728,372.70745400000004,5.751464261996301
3729,372.807456,6.301138868711228
3730,372.90745799999996,5.060563638061308
3731,373.00746000000004,5.089671972595263
3732,373.107462,4.325894447747775
3733,373.207464,4.5219409849749646
3734,373.30746600000003,4.249636600646808
3735,373.407468,4.952777454166307
3736,373.50747,4.132946921584021
3737,373.60747200000003,4.40669093559543
3738,373.707474,4.483339153470172
3739,373.807476,5.096706508192624
3740,373.907478,5.344060599160612
3741,374.00748,4.7010360545884256
3742,374.107482,4.849125343511374
3743,374.207484,5.0505636760825885
3744,374.30748600000004,4.69670923259384
3745,374.407488,4.73033408498673
3746,374.50749,4.224550618998404
3747,374.60749200000004,4.268100188750269
3748,374.707494,4.022407793366345
3749,374.80749599999996,3.5652942785452724
3750,374.90749800000003,3.842591776141351
3751,375.0075,3.6694526698066197
3752,375.107502,4.012879711889894
3753,375.20750400000003,3.801688822346524
3754,375.307506,3.8608330174674017
3755,375.407508,4.196278136059817
3756,375.50751,4.281578992334361
3757,375.607512,3.8092508824916234
3758,375.707514,4.304750236545101
3759,375.807516,3.698697787115281
3760,375.907518,4.034864931017781
3761,376.00752,4.3546061156440095
3762,376.107522,4.029070027347104
3763,376.20752400000003,4.089943441153012
3764,376.307526,4.612453570600418
3765,376.407528,4.978279277824631
3766,376.50753000000003,4.710557225351681
3767,376.607532,4.688000827553455
3768,376.707534,4.524860870176666
3769,376.807536,4.184720998006206
3770,376.907538,5.185304468856282
3771,377.00754,5.8209349907149095
3772,377.107542,5.053118185231256
3773,377.207544,4.826325789308569
3774,377.30754600000006,4.710639342303931
3775,377.407548,5.130067572801544
3776,377.50755,5.329925273926286
3777,377.607552,5.72419127955525
3778,377.707554,6.2382819505973135
3779,377.807556,4.823787573577225
3780,377.907558,5.27869217111328
3781,378.00756,5.806290587286497
3782,378.10756200000003,5.3963116298253775
3783,378.207564,4.976741820869849
3784,378.307566,5.954571832821244
3785,378.407568,5.306697567064596
3786,378.50757,5.499789216925305
3787,378.607572,5.521157967996795
3788,378.707574,5.048288990056476
3789,378.807576,5.435305475678709
3790,378.907578,5.361268877783429
3791,379.00758,5.251125278666739
3792,379.107582,4.844658822498836
3793,379.20758400000005,4.351798365200397
3794,379.307586,5.047400083710907
3795,379.407588,4.966268324138296
3796,379.50759000000005,4.761109352580204
3797,379.607592,4.510462922046468
3798,379.707594,4.806355461289164
3799,379.80759600000005,3.924695867361668
3800,379.907598,4.254330092872884
3801,380.0076,4.264547863338041
3802,380.107602,4.944265863540463
3803,380.207604,4.695826339352404
3804,380.307606,4.808430976913562
3805,380.407608,4.652344324270444
3806,380.50761,4.606777356574724
3807,380.607612,5.099033918972873
3808,380.707614,4.643763429212275
3809,380.807616,5.133717973547859
3810,380.907618,4.063847425513718
3811,381.00762,4.0631664234390525
3812,381.10762200000005,4.323528513116895
3813,381.207624,4.644543371487331
3814,381.30762599999997,4.610467932151922
3815,381.40762800000005,4.404409598955961
3816,381.50763,4.42403498648112
3817,381.60763199999997,5.002058840333307
3818,381.70763400000004,5.239044255527999
3819,381.807636,5.5717199735585226
3820,381.907638,5.717443497765539
3821,382.00764000000004,5.707881313346621
3822,382.107642,5.05912289981658
3823,382.207644,4.389983478277984
3824,382.30764600000003,4.716536625221951
3825,382.407648,3.840440205322895
3826,382.50765,3.9068489748573705
3827,382.60765200000003,4.436627308516849
3828,382.707654,3.7600829819007964
3829,382.807656,3.8572982910703133
3830,382.90765799999997,3.7224113223942656
3831,383.00766000000004,3.7277974621918677
3832,383.107662,4.120253634398467
3833,383.20766399999997,3.7141098765772917
3834,383.30766600000004,4.44467875439743
3835,383.407668,4.217548226590316
3836,383.50766999999996,4.039133160859879
3837,383.60767200000004,4.449107022144101
3838,383.707674,4.1572365241996385
3839,383.807676,3.959746867057294
3840,383.90767800000003,4.489002754254313
3841,384.00768,4.80723831982673
3842,384.107682,5.490320484471699
3843,384.20768400000003,4.840277750434895
3844,384.307686,4.607622068671878
3845,384.407688,4.596210663091697
3846,384.50769,4.3765750022455325
3847,384.607692,4.453991542189995
3848,384.707694,4.5625685281920445
3849,384.807696,3.7056361790138923
3850,384.90769800000004,4.213645011973459
3851,385.0077,4.55834422454375
3852,385.107702,4.972311475924491
3853,385.20770400000004,5.0846682628395845
3854,385.307706,4.900948780023401
3855,385.40770799999996,4.783852076672498
3856,385.50771000000003,4.60007868321706
3857,385.607712,4.4758295533743375
3858,385.707714,4.817114234076571
3859,385.807716,5.159190706297745
3860,385.907718,4.89787943823641
3861,386.00772,5.209967367406418
3862,386.107722,5.634835416996491
3863,386.207724,5.531611479081833
3864,386.307726,4.743377310199966
3865,386.407728,5.9642967278745065
3866,386.50773,5.163045874609962
3867,386.607732,5.355506301621574
3868,386.707734,5.451013175831617
3869,386.80773600000003,5.605101095557642
3870,386.907738,5.839069307981395
3871,387.00774,6.186135625441026
3872,387.10774200000003,6.202173712719617
3873,387.207744,5.926547423979296
3874,387.307746,5.00360712550964
3875,387.407748,4.947586979374787
3876,387.50775,5.38292943751459
3877,387.60775200000006,4.541731915874226
3878,387.707754,4.13812342649184
3879,387.807756,4.772077515776451
3880,387.90775800000006,4.090465670497217
3881,388.00776,4.276320102228486
3882,388.107762,4.5112029839171965
3883,388.207764,4.864382366447065
3884,388.307766,4.833116438910426
3885,388.407768,4.487953781527979
3886,388.50777,5.0353726538236945
3887,388.607772,5.153709815018404
3888,388.70777400000003,4.593488719075378
3889,388.807776,4.866628629328496
3890,388.907778,4.177877552943309
3891,389.00778,4.707173901269778
3892,389.107782,5.331430862599279
3893,389.207784,4.738986277007955
3894,389.307786,4.997978008698289
3895,389.407788,4.591821410684334
3896,389.50779,4.383111840048038
3897,389.607792,4.290760374675003
3898,389.707794,4.15877465836682
3899,389.80779600000005,4.239181265027982
3900,389.907798,4.326612099306811
3901,390.0078,3.865280826822429
3902,390.10780200000005,4.619951178811892
3903,390.207804,4.838731029361474
3904,390.30780599999997,5.386774260523527
3905,390.40780800000005,4.780607883497931
3906,390.50781,5.051647670926404
3907,390.607812,4.951058914914035
3908,390.707814,4.650104747628087
3909,390.807816,4.546187806313255
3910,390.907818,4.650773700723951
3911,391.00782,5.393054386005396
3912,391.107822,5.316788467454706
3913,391.207824,5.372892924089756
3914,391.307826,5.276894108882141
3915,391.407828,4.670818801699721
3916,391.50783,6.119419126579395
3917,391.607832,5.997398564388743
3918,391.70783400000005,4.865883477805341
3919,391.807836,5.2147345490665025
3920,391.90783799999997,5.2541847899241985
3921,392.00784000000004,5.134484324925931
3922,392.107842,4.605102912067246
3923,392.20784399999997,5.251852956291363
3924,392.30784600000004,5.335672190467148
3925,392.407848,5.848592226220714
3926,392.50785,6.229997716096816
3927,392.60785200000004,5.401429760784685
3928,392.707854,4.511585039962189
3929,392.807856,5.690650076396598
3930,392.90785800000003,5.636008379707768
3931,393.00786,5.479148991572957
3932,393.107862,5.795589333138742
3933,393.20786400000003,5.760202760267114
3934,393.307866,4.840097244617027
3935,393.407868,5.2259980695708315
3936,393.50786999999997,5.8144081384496875
3937,393.60787200000004,5.107455093284222
3938,393.707874,4.9724518567631435
3939,393.80787599999996,5.049965479219556
3940,393.90787800000004,5.723362907581837
3941,394.00788,6.7164129349523
3942,394.10788199999996,6.033022419928491
3943,394.20788400000004,5.447084420871259
3944,394.307886,5.323074392883307
3945,394.407888,5.390560305699957
3946,394.50789000000003,4.733342156949477
3947,394.607892,5.318439403941769
3948,394.707894,5.0418310121344305
3949,394.807896,4.637268400699015
3950,394.907898,4.994747821596283
3951,395.0079,4.622093497953159
3952,395.107902,3.90017486729629
3953,395.207904,4.473219071446622
3954,395.307906,4.157573475374916
3955,395.407908,4.301506346029912
3956,395.50791000000004,4.742828923896784
3957,395.607912,4.404843563841985
3958,395.707914,4.644743636456431
3959,395.80791600000003,4.643046390518913
3960,395.907918,4.532257757394879
3961,396.00791999999996,5.11825313889698
3962,396.10792200000003,5.239047125562267
3963,396.207924,5.3511529561676845
3964,396.307926,5.344852649985345
3965,396.407928,5.166229607046151
3966,396.50793,4.646726494492043
3967,396.607932,5.264859669829334
3968,396.707934,4.778754701207822
3969,396.807936,4.415057055242502
3970,396.907938,4.23631554001647
3971,397.00794,4.681469303589487
3972,397.107942,4.132016198749084
3973,397.207944,4.367415705341386
3974,397.307946,4.402796794682478
3975,397.40794800000003,4.703433034561095
3976,397.50795,4.145532010131913
3977,397.607952,4.3683611065576935
3978,397.70795400000003,3.9519047673203413
3979,397.807956,4.717386765547094
3980,397.907958,4.0908586607181965
3981,398.00796,4.52263893090876
3982,398.107962,4.725844451948132
3983,398.20796400000006,5.4056533471487676
3984,398.307966,5.401048667692316
3985,398.407968,5.1188749844025505
3986,398.50797000000006,4.429514395565319
3987,398.607972,3.6388912967198777
3988,398.707974,5.189998690691193
3989,398.807976,5.186407127136927
3990,398.907978,5.074193322670025
3991,399.00798,5.410578643086132
3992,399.107982,6.1339448379910095
3993,399.207984,6.139688826347289
3994,399.307986,6.155180960997607
3995,399.407988,5.752690797634229
3996,399.50799,5.3238318816435095
3997,399.607992,4.507242621992252
3998,399.707994,4.487527941792835
3999,399.807996,4.325280326954334
4000,399.907998,4.1940507564647955
4001,400.000014,4.429609444768432
